bootstrap_id,Acc,MacroF1,E_F1,M_F1,L_F1,M_Precision,M_Recall,M_to_E,M_to_L
0,0.930921052631579,0.9252935526619738,0.96,0.9149797570850202,0.9009009009009009,0.8968253968253969,0.9338842975206612,0.0,0.0661157024793383
1,0.9210526315789473,0.8837913181999203,0.7555555555555555,0.9032258064516129,0.9925925925925926,0.8296296296296296,0.9911504424778761,0.0,0.008849557522123816
2,0.9210526315789473,0.8840909090909091,0.7272727272727273,0.925,1.0,0.8604651162790697,1.0,0.0,0.0
3,0.9638157894736842,0.9588245425309944,0.9152542372881356,0.9681159420289855,0.993103448275862,0.943502824858757,0.9940476190476191,0.0,0.005952380952380917
4,0.8585526315789473,0.8244659356901421,0.6355140186915887,0.858085808580858,0.9797979797979798,0.7647058823529411,0.9774436090225563,0.0,0.02255639097744344
5,0.9473684210526315,0.9445546737213405,0.9166666666666666,0.9259259259259259,0.9910714285714286,0.8695652173913043,0.9900990099009901,0.0,0.009900990099009804
6,0.8651315789473685,0.8642643509708278,0.8266666666666667,0.8681672025723473,0.8979591836734694,0.823170731707317,0.9183673469387755,0.0,0.08163265306122394
7,0.8914473684210527,0.8843518455319698,0.8027210884353742,0.8695652173913043,0.9807692307692307,0.7857142857142857,0.9734513274336283,0.0,0.02654867256637145
8,0.9407894736842105,0.9260138104205901,0.8888888888888888,0.9491525423728814,0.94,0.9545454545454546,0.9438202247191011,0.0,0.05617977528089856
9,0.9671052631578947,0.9578766387277025,0.9090909090909091,0.9645390070921985,1.0,0.9315068493150684,1.0,0.0,0.0
10,0.9144736842105263,0.8973235156615241,0.8387096774193549,0.875,0.9782608695652174,0.8053097345132744,0.9578947368421052,0.0,0.0421052631578943
11,0.9013157894736842,0.8661080697012068,0.7126436781609196,0.9171270718232044,0.9685534591194969,0.8601036269430051,0.9822485207100592,0.0,0.017751479289940725
12,0.9210526315789473,0.8485303868683095,0.631578947368421,0.927710843373494,0.9863013698630136,0.88,0.9808917197452229,0.0,0.019108280254776948
13,0.8980263157894737,0.8922283257520925,0.8085106382978723,0.8896797153024911,0.978494623655914,0.8169934640522876,0.9765625,0.0,0.02343749999999982
14,0.9375,0.9344497376277802,0.8732394366197183,0.936026936026936,0.9940828402366864,0.8853503184713376,0.9928571428571429,0.0,0.007142857142857092
15,0.8782894736842105,0.8558545278279938,0.7027027027027027,0.8895522388059701,0.9753086419753086,0.8142076502732241,0.9802631578947368,0.0,0.01973684210526303
16,0.9177631578947368,0.8644177937293006,0.6865671641791045,0.9266862170087976,0.98,0.8777777777777778,0.9813664596273292,0.0,0.018633540372670693
17,0.8552631578947368,0.870899470899471,0.7555555555555555,0.8571428571428571,1.0,0.75,1.0,0.0,0.0
18,0.7894736842105263,0.767125454833096,0.673469387755102,0.627906976744186,1.0,0.4576271186440678,1.0,0.0,0.0
19,0.9078947368421053,0.9111302182163188,0.8705882352941177,0.9096774193548387,0.953125,0.8597560975609756,0.9657534246575342,0.0,0.03424657534246552
20,0.9243421052631579,0.9249576849576849,0.8972972972972973,0.8977777777777778,0.9797979797979798,0.8347107438016529,0.9711538461538461,0.0,0.02884615384615357
21,0.7927631578947368,0.7938397946821948,0.6242038216560509,0.7820069204152249,0.9753086419753086,0.653179190751445,0.9741379310344828,0.0,0.02586206896551702
22,0.9276315789473685,0.9265155685068264,0.88,0.9225352112676056,0.9770114942528736,0.8733333333333333,0.9776119402985075,0.0,0.02238805970149237
23,0.9835526315789473,0.9816304418124479,0.9743589743589743,0.9781659388646288,0.9923664122137404,0.9655172413793104,0.9911504424778761,0.0,0.008849557522123816
24,0.875,0.8425961012167908,0.6666666666666666,0.8956043956043956,0.9655172413793104,0.8274111675126904,0.9760479041916168,0.0,0.02395209580838309
25,0.9078947368421053,0.9071263765730034,0.8609271523178808,0.9,0.96045197740113,0.8456375838926175,0.9618320610687023,0.0,0.03816793893129742
26,0.8980263157894737,0.8782466695315857,0.7692307692307693,0.9046153846153846,0.9608938547486033,0.8546511627906976,0.9607843137254902,0.0,0.03921568627450955
27,0.9243421052631579,0.9291698788274131,0.9107142857142857,0.8949771689497716,0.9818181818181818,0.8235294117647058,0.98,0.0,0.019999999999999803
28,0.8848684210526315,0.8558477985025362,0.7102803738317757,0.8754448398576512,0.9818181818181818,0.7935483870967742,0.9761904761904762,0.0,0.02380952380952362
29,0.944078947368421,0.9378740043291423,0.8907563025210085,0.9453376205787781,0.9775280898876404,0.9130434782608695,0.98,0.0,0.01999999999999987
30,0.9177631578947368,0.9242408589709153,0.8868778280542986,0.8858447488584474,1.0,0.7950819672131147,1.0,0.0,0.0
31,0.8980263157894737,0.8786586975918828,0.7567567567567568,0.9009584664536742,0.9782608695652174,0.834319526627219,0.9791666666666666,0.0,0.02083333333333319
32,0.9572368421052632,0.9482755324893789,0.9090909090909091,0.9651474530831099,0.9705882352941176,0.9473684210526315,0.9836065573770492,0.0,0.01639344262295073
33,0.8651315789473685,0.8404374843953727,0.672566371681416,0.8714733542319749,0.9772727272727273,0.7853107344632768,0.9788732394366197,0.0,0.021126760563380132
34,0.8947368421052632,0.8989526291377684,0.8292682926829268,0.9053254437869822,0.9622641509433962,0.8406593406593407,0.9807692307692307,0.0,0.019230769230769107
35,0.9407894736842105,0.9368725551101921,0.8985507246376812,0.9312977099236641,0.9807692307692307,0.8905109489051095,0.976,0.0,0.02399999999999981
36,0.9210526315789473,0.9220430107526881,0.9333333333333333,0.9166666666666666,0.9161290322580645,0.9041095890410958,0.9295774647887324,0.0,0.07042253521126711
37,0.8157894736842105,0.7967717717717718,0.6666666666666666,0.8486486486486486,0.875,0.7772277227722773,0.9345238095238095,0.0,0.06547619047619009
38,0.9276315789473685,0.920489844683393,0.8548387096774194,0.9388888888888889,0.967741935483871,0.898936170212766,0.9825581395348837,0.0,0.017441860465116178
39,0.9013157894736842,0.8951189995966115,0.7972972972972973,0.8880597014925373,1.0,0.7986577181208053,1.0,0.0,0.0
40,0.9342105263157895,0.915416689776567,0.8155339805825242,0.9358974358974359,0.9948186528497409,0.8848484848484849,0.9931972789115646,0.0,0.006802721088435328
41,0.944078947368421,0.937182410845845,0.8990825688073395,0.9407665505226481,0.9716981132075472,0.9183673469387755,0.9642857142857143,0.0,0.03571428571428546
42,0.8848684210526315,0.8526743031813045,0.7155963302752294,0.8582995951417004,0.9841269841269841,0.7737226277372263,0.9636363636363636,0.0,0.036363636363636036
43,0.9407894736842105,0.9433640122715753,0.957983193277311,0.9387755102040817,0.9333333333333333,0.9452054794520548,0.9324324324324325,0.0,0.06756756756756711
44,0.8782894736842105,0.8744314298508167,0.7549668874172185,0.8683274021352313,1.0,0.7672955974842768,1.0,0.0,0.0
45,0.9736842105263158,0.9778910408879827,1.0,0.9703703703703703,0.963302752293578,0.9849624060150376,0.9562043795620438,0.0,0.04379562043795589
46,0.8848684210526315,0.8862626914935601,0.8,0.8771929824561403,0.9815950920245399,0.7911392405063291,0.984251968503937,0.0,0.01574803149606287
47,0.743421052631579,0.7337849814227767,0.5584415584415584,0.6929133858267716,0.95,0.5534591194968553,0.9263157894736842,0.0,0.07368421052631502
48,0.7105263157894737,0.7137436689509374,0.546448087431694,0.6206896551724138,0.9740932642487047,0.46153846153846156,0.9473684210526315,0.0,0.05263157894736773
49,0.9276315789473685,0.9017985970967018,0.8275862068965517,0.9236111111111112,0.9541984732824428,0.910958904109589,0.9366197183098591,0.0,0.0633802816901404
50,0.9703947368421053,0.9667901220469993,0.9824561403508771,0.9785202863961814,0.9393939393939394,0.9855769230769231,0.9715639810426541,0.0,0.02843601895734584
51,0.9078947368421053,0.9138422873319997,0.8571428571428571,0.9072847682119205,0.9770992366412213,0.845679012345679,0.9785714285714285,0.0,0.021428571428571276
52,0.8881578947368421,0.8586094866796622,0.7017543859649122,0.8740740740740741,1.0,0.7763157894736842,1.0,0.0,0.0
53,0.9276315789473685,0.9259648821591773,0.8843537414965986,0.920863309352518,0.9726775956284153,0.8767123287671232,0.9696969696969697,0.0,0.030303030303030075
54,0.8914473684210527,0.8736848256639709,0.7433628318584071,0.9147286821705426,0.9629629629629629,0.855072463768116,0.9833333333333333,0.0,0.016666666666666576
55,0.8125,0.8148178320865197,0.7329842931937173,0.7420814479638009,0.9693877551020408,0.6074074074074074,0.9534883720930233,0.0,0.04651162790697621
56,0.881578947368421,0.8765838509316769,0.782608695652174,0.8971428571428571,0.95,0.8306878306878307,0.9751552795031055,0.0,0.024844720496894256
57,0.9144736842105263,0.9077466101634148,0.8571428571428571,0.8879310344827587,0.9781659388646288,0.824,0.9626168224299065,0.0,0.03738317757009311
58,0.9243421052631579,0.9216490658626446,0.8905109489051095,0.9292307692307692,0.9452054794520548,0.8988095238095238,0.9617834394904459,0.0,0.038216560509553896
59,0.9671052631578947,0.9672597170271588,0.96,0.965034965034965,0.9767441860465116,0.9517241379310345,0.9787234042553191,0.0,0.0212765957446807
60,0.9473684210526315,0.944533058028993,0.9037037037037037,0.9542857142857143,0.975609756097561,0.9277777777777778,0.9823529411764705,0.0,0.017647058823529307
61,0.8388157894736842,0.8295699955274424,0.75177304964539,0.8,0.9369369369369369,0.7205882352941176,0.8990825688073395,0.0,0.10091743119265963
62,0.9210526315789473,0.9190645402011305,0.907563025210084,0.9230769230769231,0.9265536723163842,0.9113924050632911,0.935064935064935,0.0,0.06493506493506451
63,0.9046052631578947,0.90353902218309,0.8361581920903954,0.8744588744588745,1.0,0.7769230769230769,1.0,0.0,0.0
64,0.8914473684210527,0.8895787724389477,0.8344370860927153,0.8764044943820225,0.9578947368421052,0.8125,0.9512195121951219,0.0,0.048780487804877655
65,0.881578947368421,0.8885448916408668,0.8235294117647058,0.8421052631578947,1.0,0.7272727272727273,1.0,0.0,0.0
66,0.9375,0.9248121955052647,0.8571428571428571,0.9372937293729373,0.98,0.8987341772151899,0.9793103448275862,0.0,0.02068965517241365
67,0.9177631578947368,0.898973407099049,0.8,0.9283667621776505,0.9685534591194969,0.8804347826086957,0.9818181818181818,0.0,0.018181818181818073
68,0.9013157894736842,0.8841983366670175,0.7457627118644068,0.906832298136646,1.0,0.8295454545454546,1.0,0.0,0.0
69,0.8552631578947368,0.8752034935679124,0.8181818181818182,0.8562091503267973,0.9512195121951219,0.7616279069767442,0.9776119402985075,0.0,0.02238805970149237
70,0.8585526315789473,0.7819431674520171,0.4935064935064935,0.8731563421828908,0.9791666666666666,0.7872340425531915,0.9801324503311258,0.0,0.01986754966887404
71,0.9111842105263158,0.8863834603525077,0.7676767676767676,0.9108910891089109,0.9805825242718447,0.8518518518518519,0.9787234042553191,0.0,0.0212765957446807
72,0.8980263157894737,0.9029640605255901,0.802547770700637,0.9063444108761329,1.0,0.8287292817679558,1.0,0.0,0.0
73,0.9342105263157895,0.937057174756266,0.9247311827956989,0.927536231884058,0.958904109589041,0.8951048951048951,0.9624060150375939,0.0,0.037593984962405735
74,0.8421052631578947,0.8004067796610169,0.5932203389830508,0.808,1.0,0.6778523489932886,1.0,0.0,0.0
75,0.8355263157894737,0.8356802611352552,0.7341772151898734,0.8188405797101449,0.9540229885057471,0.7197452229299363,0.9495798319327731,0.0,0.05042016806722647
76,0.9276315789473685,0.911552729199788,0.8235294117647058,0.9405405405405406,0.9705882352941176,0.9015544041450777,0.9830508474576272,0.0,0.016949152542372788
77,0.8552631578947368,0.867781773273764,0.7894736842105263,0.8428571428571429,0.9710144927536232,0.7375,0.9833333333333333,0.0,0.016666666666666528
78,0.868421052631579,0.8339160839160839,0.6153846153846154,0.8863636363636364,1.0,0.7959183673469388,1.0,0.0,0.0
79,0.9013157894736842,0.8899741340530815,0.7846153846153846,0.8958333333333334,0.9894736842105263,0.8164556962025317,0.9923076923076923,0.0,0.007692307692307634
80,0.7927631578947368,0.7949060186586675,0.6428571428571429,0.7586206896551724,0.9832402234636871,0.6226415094339622,0.9705882352941176,0.0,0.029411764705882065
81,0.9210526315789473,0.9249757727652465,0.8947368421052632,0.904,0.9761904761904762,0.8432835820895522,0.9741379310344828,0.0,0.02586206896551702
82,0.8881578947368421,0.8647865738140451,0.7572815533980582,0.9114583333333334,0.9256198347107438,0.8663366336633663,0.9615384615384616,0.0,0.03846153846153825
83,0.7763157894736842,0.7953878406708595,0.6,0.7861635220125787,1.0,0.6476683937823834,1.0,0.0,0.0
84,0.9703947368421053,0.9506366117441981,0.9943502824858758,0.9752066115702479,0.8823529411764706,0.9833333333333333,0.9672131147540983,0.0,0.03278688524590146
85,0.9243421052631579,0.9099318231112722,0.8468468468468469,0.9417721518987342,0.9411764705882353,0.9117647058823529,0.9738219895287958,0.0,0.026178010471204053
86,0.9868421052631579,0.9843514510181176,1.0,0.9894179894179894,0.9636363636363636,0.9946808510638298,0.9842105263157894,0.0,0.015789473684210444
87,0.875,0.8612784607452034,0.75,0.8901734104046243,0.9436619718309859,0.8279569892473119,0.9625,0.0,0.03749999999999977
88,0.9144736842105263,0.864406779661017,0.6666666666666666,0.9265536723163842,1.0,0.8631578947368421,1.0,0.0,0.0
89,0.7697368421052632,0.7835997166789849,0.593939393939394,0.78125,0.975609756097561,0.6476683937823834,0.984251968503937,0.0,0.01574803149606287
90,0.9013157894736842,0.8837117982898034,0.7652173913043478,0.9019607843137255,0.983957219251337,0.8313253012048193,0.9857142857142858,0.0,0.014285714285714185
91,0.9177631578947368,0.8574924444315702,0.65625,0.9406175771971497,0.975609756097561,0.9,0.9850746268656716,0.0,0.014925373134328285
92,0.9013157894736842,0.8942773017553994,0.8085106382978723,0.8897058823529411,0.9846153846153847,0.8175675675675675,0.9758064516129032,0.0,0.02419354838709658
93,0.9111842105263158,0.9155582054326378,0.9035532994923858,0.8957528957528957,0.9473684210526315,0.8467153284671532,0.9508196721311475,0.0,0.049180327868852056
94,0.8388157894736842,0.8274693646744463,0.6616541353383458,0.8463949843260188,0.9743589743589743,0.7458563535911602,0.9782608695652174,0.0,0.021739130434782452
95,0.9407894736842105,0.9258467023172905,0.8363636363636363,0.9411764705882353,1.0,0.8888888888888888,1.0,0.0,0.0
96,0.9506578947368421,0.9451631396595129,0.8837209302325582,0.9517684887459807,1.0,0.9079754601226994,1.0,0.0,0.0
97,0.9276315789473685,0.9076555830345897,0.8118811881188119,0.9251700680272109,0.9859154929577465,0.8717948717948718,0.9855072463768116,0.0,0.014492753623188302
98,0.9013157894736842,0.8367666434162598,0.6086956521739131,0.9197860962566845,0.9818181818181818,0.86,0.9885057471264368,0.0,0.011494252873563152
99,0.9407894736842105,0.9396009691815729,0.8994082840236687,0.9243697478991597,0.9950248756218906,0.8661417322834646,0.990990990990991,0.0,0.00900900900900893
100,0.9078947368421053,0.8959865287973269,0.8349514563106796,0.9066666666666666,0.9463414634146341,0.8717948717948718,0.9444444444444444,0.0,0.05555555555555517
101,0.8881578947368421,0.8819444444444443,0.7638888888888888,0.8819444444444444,1.0,0.7888198757763976,1.0,0.0,0.0
102,0.8092105263157895,0.7565432098765431,0.46296296296296297,0.8066666666666666,1.0,0.6759776536312849,1.0,0.0,0.0
103,0.8223684210526315,0.8124092170030185,0.6766917293233082,0.8353658536585366,0.9251700680272109,0.7527472527472527,0.9383561643835616,0.0,0.061643835616437936
104,0.930921052631579,0.9086633042490427,0.8131868131868132,0.9478908188585607,0.9649122807017544,0.9138755980861244,0.9845360824742269,0.0,0.015463917525773117
105,0.7894736842105263,0.7621053451768739,0.532258064516129,0.7866666666666666,0.967391304347826,0.6666666666666666,0.959349593495935,0.0,0.040650406504064714
106,0.9342105263157895,0.9160806808273844,0.8461538461538461,0.9173553719008265,0.9847328244274809,0.8671875,0.9736842105263158,0.0,0.02631578947368398
107,0.9506578947368421,0.9517229055190572,0.9397590361445783,0.9446494464944649,0.9707602339181286,0.920863309352518,0.9696969696969697,0.0,0.030303030303030075
108,0.9144736842105263,0.9072758630769681,0.7936507936507936,0.9281767955801105,1.0,0.865979381443299,1.0,0.0,0.0
109,0.9243421052631579,0.8925423406538185,0.7722772277227723,0.9053497942386831,1.0,0.8270676691729323,1.0,0.0,0.0
110,0.8947368421052632,0.8989037176192277,0.8383233532934131,0.8954248366013072,0.9629629629629629,0.8303030303030303,0.9716312056737588,0.0,0.028368794326240936
111,0.8157894736842105,0.7857786034031244,0.5517241379310345,0.8303030303030303,0.9753086419753086,0.7210526315789474,0.9785714285714285,0.0,0.021428571428571276
112,0.9407894736842105,0.8930835448076827,0.7575757575757576,0.9285714285714286,0.993103448275862,0.8796992481203008,0.9831932773109243,0.0,0.01680672268907549
113,0.9210526315789473,0.9164931495957341,0.8421052631578947,0.9325842696629213,0.9747899159663865,0.8829787234042553,0.9880952380952381,0.0,0.011904761904761835
114,0.9342105263157895,0.9147428983409197,0.8260869565217391,0.9401197604790419,0.978021978021978,0.9022988505747126,0.98125,0.0,0.018749999999999885
115,0.9473684210526315,0.9410905466481071,0.8907563025210085,0.950920245398773,0.9815950920245399,0.9171597633136095,0.9872611464968153,0.0,0.012738853503184632
116,0.9177631578947368,0.9046120908529472,0.832,0.8987854251012146,0.9830508474576272,0.8345864661654135,0.9736842105263158,0.0,0.02631578947368398
117,0.9046052631578947,0.9144917866107457,0.8512820512820513,0.8921933085501859,1.0,0.8053691275167785,1.0,0.0,0.0
118,0.8914473684210527,0.8911928651059086,0.7692307692307693,0.9043478260869565,1.0,0.8253968253968254,1.0,0.0,0.0
119,0.9144736842105263,0.9293147969244719,0.895397489539749,0.9022556390977443,0.9902912621359223,0.821917808219178,1.0,0.0,0.0
120,0.8453947368421053,0.8582412253501263,0.8040201005025126,0.8373702422145328,0.9333333333333333,0.7469135802469136,0.952755905511811,0.0,0.04724409448818861
121,0.875,0.8694052893005773,0.7076923076923077,0.900523560209424,1.0,0.819047619047619,1.0,0.0,0.0
122,0.9243421052631579,0.9128581577077907,0.8130081300813008,0.9255663430420712,1.0,0.8614457831325302,1.0,0.0,0.0
123,0.8421052631578947,0.8252327193503665,0.7555555555555555,0.8716577540106952,0.8484848484848485,0.8190954773869347,0.9314285714285714,0.0,0.06857142857142819
124,0.868421052631579,0.8519736842105262,0.6875,0.868421052631579,1.0,0.7674418604651163,1.0,0.0,0.0
125,0.9013157894736842,0.9007686245984119,0.8977777777777778,0.8404255319148937,0.9641025641025641,0.7596153846153846,0.9404761904761905,0.0,0.05952380952380882
126,0.8947368421052632,0.8844061847691612,0.8108108108108109,0.8596491228070176,0.9827586206896551,0.7716535433070866,0.9702970297029703,0.0,0.02970297029702941
127,0.9539473684210527,0.9516347525197082,0.9324324324324325,0.9401709401709402,0.9823008849557522,0.9090909090909091,0.9734513274336283,0.0,0.02654867256637145
128,0.8651315789473685,0.8622200822676888,0.7777777777777778,0.8340080971659919,0.9748743718592965,0.7357142857142858,0.9626168224299065,0.0,0.03738317757009311
129,0.9078947368421053,0.8838734567901234,0.78125,0.8703703703703703,1.0,0.7704918032786885,1.0,0.0,0.0
130,0.8618421052631579,0.7697071702244117,0.47619047619047616,0.895,0.9379310344827586,0.8364485981308412,0.9623655913978495,0.0,0.03763440860215034
131,0.8519736842105263,0.8502041725133894,0.7172413793103448,0.8632218844984803,0.9701492537313433,0.7717391304347826,0.9793103448275862,0.0,0.02068965517241365
132,0.8782894736842105,0.8807151359994938,0.9026548672566371,0.8489795918367347,0.8905109489051095,0.8,0.9043478260869565,0.0,0.09565217391304265
133,0.8914473684210527,0.8852252705763907,0.7591240875912408,0.896551724137931,1.0,0.8125,1.0,0.0,0.0
134,0.930921052631579,0.9332183467640748,0.9109947643979057,0.9106382978723404,0.978021978021978,0.856,0.9727272727272728,0.0,0.027272727272727025
135,0.9276315789473685,0.9182630906768837,0.8103448275862069,0.9444444444444444,1.0,0.8947368421052632,1.0,0.0,0.0
136,0.8552631578947368,0.8450097847358121,0.6857142857142857,0.8493150684931506,1.0,0.7380952380952381,1.0,0.0,0.0
137,0.8914473684210527,0.8990337073790018,0.9003436426116839,0.8290155440414507,0.967741935483871,0.7272727272727273,0.963855421686747,0.0,0.03614457831325258
138,0.9638157894736842,0.9427049422906185,0.8990825688073395,0.9290322580645162,1.0,0.8674698795180723,1.0,0.0,0.0
139,0.9276315789473685,0.9331837447020693,0.8571428571428571,0.9424083769633508,1.0,0.8910891089108911,1.0,0.0,0.0
140,0.868421052631579,0.8601398601398601,0.7727272727272727,0.8076923076923077,1.0,0.6774193548387096,1.0,0.0,0.0
141,0.9046052631578947,0.8964650616559013,0.7786259541984732,0.9107692307692308,1.0,0.8361581920903954,1.0,0.0,0.0
142,0.7993421052631579,0.7918221424058,0.6282051282051282,0.7626459143968871,0.9846153846153847,0.6282051282051282,0.9702970297029703,0.0,0.02970297029702941
143,0.8980263157894737,0.7886014471206263,0.4745762711864407,0.8912280701754386,1.0,0.8037974683544303,1.0,0.0,0.0
144,0.805921052631579,0.8092929292929293,0.6424242424242425,0.7854545454545454,1.0,0.6467065868263473,1.0,0.0,0.0
145,0.8848684210526315,0.8672401980648639,0.7706422018348624,0.9025069637883009,0.9285714285714286,0.8526315789473684,0.9585798816568047,0.0,0.04142011834319502
146,0.8782894736842105,0.8811377786466638,0.8220858895705522,0.8810289389067524,0.9402985074626866,0.8106508875739645,0.9647887323943662,0.0,0.035211267605633555
147,0.8947368421052632,0.8973774563518154,0.8284023668639053,0.8814814814814815,0.9822485207100592,0.7986577181208053,0.9834710743801653,0.0,0.016528925619834576
148,0.8947368421052632,0.8231637117200092,0.627906976744186,0.8415841584158416,1.0,0.7264957264957265,1.0,0.0,0.0
149,0.8355263157894737,0.8529353041386895,0.7537688442211056,0.8120300751879699,0.993006993006993,0.6835443037974683,1.0,0.0,0.0
150,0.8980263157894737,0.8858914123106262,0.8166666666666667,0.8803088803088803,0.9606986899563319,0.8201438848920863,0.95,0.0,0.049999999999999586
151,0.9407894736842105,0.9285974499089252,0.8524590163934426,0.9333333333333333,1.0,0.875,1.0,0.0,0.0
152,0.8848684210526315,0.8831857727648674,0.8292682926829268,0.8547717842323651,0.9655172413793104,0.7744360902255639,0.9537037037037037,0.0,0.04629629629629587
153,0.9901315789473685,0.9627624204426711,0.896551724137931,0.9917355371900827,1.0,0.9836065573770492,1.0,0.0,0.0
154,0.8486842105263158,0.8269276667004628,0.723404255319149,0.7850467289719626,0.9723320158102767,0.6774193548387096,0.9333333333333333,0.0,0.06666666666666593
155,0.9802631578947368,0.975482307865675,0.96,0.9779411764705882,0.9885057471264368,0.9708029197080292,0.9851851851851852,0.0,0.014814814814814706
156,0.8552631578947368,0.857828415211423,0.7435897435897436,0.8580645161290322,0.971830985915493,0.764367816091954,0.9779411764705882,0.0,0.022058823529411603
157,0.9013157894736842,0.8771471146682049,0.7478260869565218,0.8880597014925373,0.9955555555555555,0.8040540540540541,0.9916666666666667,0.0,0.008333333333333264
158,0.9506578947368421,0.9421282341877456,0.8672566371681416,0.9591280653950953,1.0,0.9214659685863874,1.0,0.0,0.0
159,0.8947368421052632,0.832810867293626,0.6363636363636364,0.8620689655172413,1.0,0.7575757575757576,1.0,0.0,0.0
160,0.930921052631579,0.8788140747243708,0.7096774193548387,0.9451697127937336,0.9815950920245399,0.905,0.9890710382513661,0.0,0.01092896174863382
161,0.8092105263157895,0.7327440371131236,0.47058823529411764,0.8644859813084113,0.8631578947368421,0.7939914163090128,0.9487179487179487,0.0,0.051282051282051024
162,0.9210526315789473,0.9272185923414109,0.8878504672897196,0.8938053097345132,1.0,0.808,1.0,0.0,0.0
163,0.9736842105263158,0.9800950683303625,1.0,0.9705882352941176,0.9696969696969697,0.9924812030075187,0.9496402877697842,0.0,0.050359712230215466
164,0.8289473684210527,0.7428880272835832,0.47619047619047616,0.8354430379746836,0.9170305676855895,0.7764705882352941,0.9041095890410958,0.0,0.09589041095890345
165,0.9144736842105263,0.8723644465959541,0.7352941176470589,0.9171974522292994,0.9646017699115044,0.8834355828220859,0.9536423841059603,0.0,0.04635761589403943
166,0.9375,0.9215329432863905,0.8672566371681416,0.9116279069767442,0.9857142857142858,0.8596491228070176,0.9702970297029703,0.0,0.02970297029702941
167,0.8881578947368421,0.8912147352309624,0.8791208791208791,0.8827586206896552,0.9117647058823529,0.8366013071895425,0.9343065693430657,0.0,0.06569343065693382
168,0.9177631578947368,0.9113791357693798,0.8571428571428571,0.9128919860627178,0.9641025641025641,0.8675496688741722,0.9632352941176471,0.0,0.03676470588235267
169,0.9342105263157895,0.9199346405228758,0.8333333333333334,0.9264705882352942,1.0,0.863013698630137,1.0,0.0,0.0
170,0.8585526315789473,0.8094230235482556,0.5977011494252874,0.8781869688385269,0.9523809523809523,0.8072916666666666,0.9627329192546584,0.0,0.03726708074534139
171,0.8782894736842105,0.8882702853425041,0.8472906403940886,0.8603773584905661,0.9571428571428572,0.7702702702702703,0.9743589743589743,0.0,0.02564102564102542
172,0.9638157894736842,0.960265285692691,0.9411764705882353,0.9519650655021834,0.9876543209876543,0.923728813559322,0.9819819819819819,0.0,0.01801801801801786
173,0.8223684210526315,0.7719446231645541,0.5617977528089888,0.8258064516129032,0.9282296650717703,0.7485380116959064,0.920863309352518,0.0,0.07913669064748145
174,0.8388157894736842,0.766602253889047,0.4943820224719101,0.8218181818181818,0.9836065573770492,0.710691823899371,0.9741379310344828,0.0,0.02586206896551702
175,0.8322368421052632,0.8329763664920984,0.7402597402597403,0.8305647840531561,0.9281045751633987,0.7485029940119761,0.9328358208955224,0.0,0.06716417910447711
176,0.9144736842105263,0.9179647172368336,0.8771929824561403,0.9121621621621622,0.9645390070921985,0.8544303797468354,0.9782608695652174,0.0,0.021739130434782452
177,0.9506578947368421,0.9497597552914222,0.9421487603305785,0.9425287356321839,0.9646017699115044,0.9318181818181818,0.9534883720930233,0.0,0.04651162790697638
178,0.8618421052631579,0.8158121621672102,0.6206896551724138,0.8764705882352941,0.9502762430939227,0.8054054054054054,0.9612903225806452,0.0,0.03870967741935459
179,0.881578947368421,0.8746647198187635,0.7669172932330827,0.8977272727272727,0.959349593495935,0.8315789473684211,0.9753086419753086,0.0,0.024691358024691207
180,0.881578947368421,0.8786924576398261,0.7777777777777778,0.8846153846153846,0.9736842105263158,0.8070175438596491,0.9787234042553191,0.0,0.0212765957446807
181,0.9473684210526315,0.9499743942211799,0.9036144578313253,0.9463087248322147,1.0,0.8980891719745223,1.0,0.0,0.0
182,0.8618421052631579,0.8240710648900444,0.5882352941176471,0.8839779005524862,1.0,0.7920792079207921,1.0,0.0,0.0
183,0.8618421052631579,0.8747190858847862,0.831858407079646,0.8189655172413793,0.9733333333333334,0.7089552238805971,0.9693877551020408,0.0,0.030612244897958874
184,0.9276315789473685,0.923205971371109,0.918918918918919,0.8690476190476191,0.981651376146789,0.7934782608695652,0.9605263157894737,0.0,0.0394736842105258
185,0.8914473684210527,0.8612643716991543,0.7070707070707071,0.8984615384615384,0.9782608695652174,0.8295454545454546,0.9798657718120806,0.0,0.02013422818791933
186,0.8092105263157895,0.8116054751256533,0.6666666666666666,0.8323699421965318,0.9357798165137615,0.7309644670050761,0.9664429530201343,0.0,0.03355704697986555
187,0.8388157894736842,0.8433849375810443,0.6973684210526315,0.8657534246575342,0.967032967032967,0.7707317073170732,0.9875,0.0,0.012499999999999923
188,0.8651315789473685,0.8664541792306194,0.7924528301886793,0.8783382789317508,0.9285714285714286,0.8087431693989071,0.961038961038961,0.0,0.03896103896103871
189,0.9407894736842105,0.9403653187526287,0.9019607843137255,0.949438202247191,0.9696969696969697,0.9184782608695652,0.9825581395348837,0.0,0.017441860465116178
190,0.8355263157894737,0.8480720947636943,0.8099173553719008,0.7596153846153846,0.9746835443037974,0.626984126984127,0.9634146341463414,0.0,0.03658536585365809
191,0.9375,0.9127185290894847,0.8095238095238095,0.9461756373937678,0.9824561403508771,0.912568306010929,0.9823529411764705,0.0,0.017647058823529307
192,0.8848684210526315,0.8141466723478814,0.5789473684210527,0.8754448398576512,0.9880478087649402,0.7935483870967742,0.9761904761904762,0.0,0.02380952380952362
193,0.9539473684210527,0.9432503770739066,0.8970588235294118,0.9326923076923077,1.0,0.8738738738738738,1.0,0.0,0.0
194,0.8289473684210527,0.8276982865218159,0.7027027027027027,0.8470588235294118,0.9333333333333333,0.7578947368421053,0.96,0.0,0.03999999999999974
195,0.8947368421052632,0.8998174448466846,0.8444444444444444,0.8796992481203008,0.9753086419753086,0.8013698630136986,0.975,0.0,0.024999999999999793
196,0.9276315789473685,0.9260730346970019,0.87248322147651,0.9230769230769231,0.9826589595375722,0.868421052631579,0.9850746268656716,0.0,0.014925373134328247
197,0.868421052631579,0.8700810128255149,0.7516778523489933,0.888268156424581,0.9702970297029703,0.8071065989847716,0.9875776397515528,0.0,0.012422360248447128
198,0.9375,0.9324208540491679,0.9,0.9436201780415431,0.9536423841059603,0.9244186046511628,0.9636363636363636,0.0,0.03636363636363615
199,0.9210526315789473,0.9091336266679421,0.8392857142857143,0.9172413793103448,0.970873786407767,0.875,0.9637681159420289,0.0,0.03623188405797075
200,0.9539473684210527,0.9425675675675675,0.875,0.9527027027027027,1.0,0.9096774193548387,1.0,0.0,0.0
201,0.9638157894736842,0.9647018956133252,0.9299363057324841,0.9641693811074918,1.0,0.9308176100628931,1.0,0.0,0.0
202,0.8585526315789473,0.8628262644175622,0.8187134502923976,0.8447653429602888,0.925,0.7748344370860927,0.9285714285714286,0.0,0.07142857142857087
203,0.8980263157894737,0.9024426952603748,0.850828729281768,0.8803088803088803,0.9761904761904762,0.8028169014084507,0.9743589743589743,0.0,0.02564102564102542
204,0.881578947368421,0.8842776374353422,0.8220858895705522,0.8895705521472392,0.9411764705882353,0.8285714285714286,0.9602649006622517,0.0,0.03973509933774808
205,0.9210526315789473,0.9124559044578802,0.8990825688073395,0.8823529411764706,0.9559322033898305,0.8653846153846154,0.9,0.0,0.099999999999999
206,0.9638157894736842,0.9602696416224377,0.9508196721311475,0.9693593314763231,0.9606299212598425,0.9613259668508287,0.9775280898876404,0.0,0.022471910112359425
207,0.9572368421052632,0.955012295202108,0.9879518072289156,0.9573770491803278,0.9197080291970803,0.9733333333333334,0.9419354838709677,0.0,0.058064516129031886
208,0.8914473684210527,0.8480878325936866,0.6881720430107527,0.8715953307392996,0.9844961240310077,0.7887323943661971,0.9739130434782609,0.0,0.026086956521738904
209,0.9605263157894737,0.8831761484636447,0.6842105263157895,0.9653179190751445,1.0,0.9329608938547486,1.0,0.0,0.0
210,0.8947368421052632,0.8976114945815655,0.8263473053892215,0.8848920863309353,0.9815950920245399,0.803921568627451,0.984,0.0,0.015999999999999872
211,0.8585526315789473,0.857018073147493,0.7647058823529411,0.8215767634854771,0.9847715736040609,0.7071428571428572,0.9801980198019802,0.0,0.019801980198019608
212,0.9407894736842105,0.9211956521739131,0.8125,0.9510869565217391,1.0,0.9067357512953368,1.0,0.0,0.0
213,0.868421052631579,0.8637396987780619,0.7391304347826086,0.8913043478260869,0.9607843137254902,0.8159203980099502,0.9820359281437125,0.0,0.017964071856287317
214,0.9506578947368421,0.9595749048589068,0.9282296650717703,0.9504950495049505,1.0,0.9056603773584906,1.0,0.0,0.0
215,0.930921052631579,0.9213829939757346,0.8759124087591241,0.9041095890410958,0.9841269841269841,0.8461538461538461,0.9705882352941176,0.0,0.029411764705882065
216,0.8388157894736842,0.8582473691650816,0.7722772277227723,0.8268551236749117,0.975609756097561,0.7177914110429447,0.975,0.0,0.024999999999999793
217,0.8026315789473685,0.8302656511704231,0.7281553398058253,0.8051948051948052,0.9574468085106383,0.6850828729281768,0.9763779527559056,0.0,0.023622047244094304
218,0.944078947368421,0.9270571068601804,0.8461538461538461,0.9395017793594306,0.9955156950672646,0.8859060402684564,1.0,0.0,0.0
219,0.9769736842105263,0.954001554001554,0.8923076923076924,0.9696969696969697,1.0,0.9411764705882353,1.0,0.0,0.0
220,0.8256578947368421,0.8327579750231684,0.7624309392265194,0.7953667953667953,0.9404761904761905,0.6959459459459459,0.9279279279279279,0.0,0.07207207207207143
221,0.8848684210526315,0.8752251775675886,0.7555555555555555,0.8813559322033898,0.9887640449438202,0.7975460122699386,0.9848484848484849,0.0,0.015151515151515037
222,0.7697368421052632,0.7890280153766014,0.6519337016574586,0.7904191616766467,0.9247311827956989,0.673469387755102,0.9565217391304348,0.0,0.043478260869564904
223,0.9506578947368421,0.9381359381359381,0.8571428571428571,0.9572649572649573,1.0,0.9180327868852459,1.0,0.0,0.0
224,0.8618421052631579,0.8643523734847935,0.8148148148148148,0.8561643835616438,0.922077922077922,0.7911392405063291,0.9328358208955224,0.0,0.06716417910447711
225,0.8486842105263158,0.8381162619573216,0.6666666666666666,0.847682119205298,1.0,0.735632183908046,1.0,0.0,0.0
226,0.9407894736842105,0.9445275645800274,0.9111111111111111,0.9361702127659575,0.9863013698630136,0.8918918918918919,0.9850746268656716,0.0,0.014925373134328247
227,0.8585526315789473,0.8383431810875561,0.7378640776699029,0.8724035608308606,0.9047619047619048,0.8258426966292135,0.9245283018867925,0.0,0.07547169811320707
228,0.9605263157894737,0.9638375808588574,0.9340659340659341,0.9574468085106383,1.0,0.9183673469387755,1.0,0.0,0.0
229,0.9111842105263158,0.928348183048001,0.8778280542986425,0.9072164948453608,1.0,0.8301886792452831,1.0,0.0,0.0
230,0.8848684210526315,0.8749606794589493,0.7727272727272727,0.8788927335640139,0.9732620320855615,0.7987421383647799,0.9769230769230769,0.0,0.0230769230769229
231,0.9078947368421053,0.8693892270281159,0.7160493827160493,0.9270833333333334,0.965034965034965,0.8811881188118812,0.978021978021978,0.0,0.02197802197802186
232,0.9210526315789473,0.9052846841028952,0.7894736842105263,0.9263803680981595,1.0,0.8628571428571429,1.0,0.0,0.0
233,0.9111842105263158,0.8965282505105514,0.7692307692307693,0.9203539823008849,1.0,0.8524590163934426,1.0,0.0,0.0
234,0.9572368421052632,0.9060516459688547,0.8,0.9707865168539326,0.9473684210526315,0.968609865470852,0.972972972972973,0.0,0.027027027027026907
235,0.8782894736842105,0.8750549604005826,0.8027210884353742,0.8654545454545455,0.956989247311828,0.7933333333333333,0.952,0.0,0.04799999999999962
236,0.9144736842105263,0.9051258691930654,0.8403361344537815,0.9261363636363636,0.948905109489051,0.8907103825136612,0.9644970414201184,0.0,0.03550295857988145
237,0.8618421052631579,0.8376268540202966,0.6557377049180327,0.8571428571428571,1.0,0.75,1.0,0.0,0.0
238,0.8585526315789473,0.858636019395513,0.7727272727272727,0.8185654008438819,0.9846153846153847,0.708029197080292,0.97,0.0,0.0299999999999997
239,0.9506578947368421,0.9456752397928868,0.9019607843137255,0.935064935064935,1.0,0.8780487804878049,1.0,0.0,0.0
240,0.9342105263157895,0.9242712719141749,0.9506172839506173,0.9421965317919075,0.88,0.9367816091954023,0.9476744186046512,0.0,0.052325581395348535
241,0.881578947368421,0.8359204123910006,0.6756756756756757,0.8909090909090909,0.9411764705882353,0.84,0.9483870967741935,0.0,0.05161290322580612
242,0.9144736842105263,0.9112117689501744,0.9172932330827067,0.8712871287128713,0.945054945054945,0.8543689320388349,0.8888888888888888,0.0,0.11111111111111
243,0.868421052631579,0.8400642318552767,0.6730769230769231,0.8918918918918919,0.9552238805970149,0.8208955223880597,0.9763313609467456,0.0,0.0236686390532543
244,0.8421052631578947,0.8544973544973544,0.7777777777777778,0.7857142857142857,1.0,0.6470588235294118,1.0,0.0,0.0
245,0.8223684210526315,0.8074217942638994,0.6710526315789473,0.7692307692307693,0.9819819819819819,0.6382978723404256,0.967741935483871,0.0,0.032258064516128684
246,0.8486842105263158,0.8226863152068632,0.656,0.8257575757575758,0.9863013698630136,0.7171052631578947,0.9732142857142857,0.0,0.02678571428571405
247,0.9638157894736842,0.9652111410601977,0.9371428571428572,0.9584905660377359,1.0,0.9202898550724637,1.0,0.0,0.0
248,0.8618421052631579,0.87258512104151,0.8021390374331551,0.852112676056338,0.9635036496350365,0.7610062893081762,0.968,0.0,0.031999999999999744
249,0.8486842105263158,0.8142551892551894,0.6153846153846154,0.8630952380952381,0.9642857142857143,0.7795698924731183,0.9666666666666667,0.0,0.03333333333333311
250,0.9375,0.9138360196481132,0.8192771084337349,0.9432835820895522,0.9789473684210527,0.9080459770114943,0.9813664596273292,0.0,0.018633540372670693
251,0.8651315789473685,0.8682211869055622,0.8127853881278538,0.7918781725888325,1.0,0.6554621848739496,1.0,0.0,0.0
252,0.9276315789473685,0.9244284431439054,0.87248322147651,0.916030534351145,0.9847715736040609,0.8571428571428571,0.9836065573770492,0.0,0.016393442622950685
253,0.9144736842105263,0.9190632452391649,0.9140271493212669,0.9051094890510949,0.9380530973451328,0.8611111111111112,0.9538461538461539,0.0,0.0461538461538458
254,0.8651315789473685,0.6618886742355752,0.15384615384615385,0.8610169491525423,0.9708029197080292,0.7791411042944786,0.9621212121212122,0.0,0.037878787878787595
255,0.9539473684210527,0.9493970041358217,0.8985507246376812,0.9496402877697842,1.0,0.9041095890410958,1.0,0.0,0.0
256,0.9572368421052632,0.959979346193555,0.957983193277311,0.9432314410480349,0.9787234042553191,0.907563025210084,0.9818181818181818,0.0,0.018181818181818018
257,0.993421052631579,0.9941358024691359,0.9907407407407407,0.9916666666666667,1.0,0.9834710743801653,1.0,0.0,0.0
258,0.9835526315789473,0.987325556657025,1.0,0.9856733524355301,0.976303317535545,0.9942196531791907,0.9772727272727273,0.0,0.0227272727272726
259,0.9177631578947368,0.9073884296265932,0.7899159663865546,0.9322493224932249,1.0,0.8730964467005076,1.0,0.0,0.0
260,0.8980263157894737,0.8784408065872596,0.7543859649122807,0.8963210702341137,0.9846153846153847,0.8271604938271605,0.9781021897810219,0.0,0.021897810218977944
261,0.8092105263157895,0.7832026255671577,0.6306306306306306,0.8027210884353742,0.916256157635468,0.7195121951219512,0.9076923076923077,0.0,0.0923076923076916
262,0.875,0.8292434614709495,0.5777777777777777,0.909952606635071,1.0,0.8347826086956521,1.0,0.0,0.0
263,0.9407894736842105,0.9189230032175341,0.8349514563106796,0.9256198347107438,0.9961977186311787,0.8615384615384616,1.0,0.0,0.0
264,0.9407894736842105,0.9137367863744862,0.8333333333333334,0.9403973509933775,0.967479674796748,0.9161290322580645,0.9659863945578231,0.0,0.03401360544217664
265,0.9177631578947368,0.9112212448956091,0.859504132231405,0.9196141479099679,0.9545454545454546,0.8827160493827161,0.959731543624161,0.0,0.04026845637583866
266,0.9276315789473685,0.8824124791617051,0.7352941176470589,0.9294871794871795,0.9824561403508771,0.8841463414634146,0.9797297297297297,0.0,0.020270270270270133
267,0.993421052631579,0.9915601541894907,0.9811320754716981,0.9935483870967742,1.0,0.9871794871794872,1.0,0.0,0.0
268,0.9013157894736842,0.8110731244064578,0.56,0.9074074074074074,0.9658119658119658,0.8596491228070176,0.9607843137254902,0.0,0.03921568627450955
269,0.8782894736842105,0.8768338672397714,0.8,0.8634686346863468,0.967032967032967,0.78,0.9669421487603306,0.0,0.03305785123966915
270,0.9506578947368421,0.9382324543614867,0.8817204301075269,0.954954954954955,0.978021978021978,0.9298245614035088,0.9814814814814815,0.0,0.018518518518518406
271,0.9473684210526315,0.9417533856879157,0.9213483146067416,0.9389312977099237,0.9649805447470817,0.924812030075188,0.9534883720930233,0.0,0.04651162790697638
272,0.9144736842105263,0.9079254658385093,0.848,0.9192546583850931,0.9565217391304348,0.8757396449704142,0.9673202614379085,0.0,0.03267973856209129
273,0.8881578947368421,0.8983101549473232,0.8672566371681416,0.8547008547008547,0.972972972972973,0.7633587786259542,0.970873786407767,0.0,0.02912621359223273
274,0.8914473684210527,0.863132916948855,0.68,0.9197080291970803,0.9896907216494846,0.8552036199095022,0.9947368421052631,0.0,0.005263157894736814
275,0.9342105263157895,0.9382913686198656,0.9175257731958762,0.9236641221374046,0.9736842105263158,0.8768115942028986,0.9758064516129032,0.0,0.02419354838709658
276,0.8486842105263158,0.8407792656357936,0.6764705882352942,0.8597560975609756,0.9861111111111112,0.7580645161290323,0.9929577464788732,0.0,0.007042253521126711
277,0.9835526315789473,0.9838066673561555,0.9866666666666667,0.9829351535836177,0.9818181818181818,0.9795918367346939,0.9863013698630136,0.0,0.013698630136986209
278,0.9046052631578947,0.9213698560841742,0.8481675392670157,0.9159420289855073,1.0,0.8449197860962567,1.0,0.0,0.0
279,0.9046052631578947,0.8959287613655859,0.78125,0.9134328358208955,0.993103448275862,0.8453038674033149,0.9935064935064936,0.0,0.0064935064935064514
280,0.8914473684210527,0.8792254660394733,0.8,0.8546255506607929,0.9830508474576272,0.7637795275590551,0.97,0.0,0.0299999999999997
281,0.9111842105263158,0.9102336133423262,0.8085106382978723,0.9221902017291066,1.0,0.8556149732620321,1.0,0.0,0.0
282,0.8881578947368421,0.8924391450273804,0.904,0.8468468468468469,0.9264705882352942,0.7833333333333333,0.9215686274509803,0.0,0.07843137254901884
283,0.8585526315789473,0.8726512827353163,0.8,0.8244897959183674,0.9934640522875817,0.7062937062937062,0.9901960784313726,0.0,0.009803921568627355
284,0.7993421052631579,0.8166931428204941,0.6853932584269663,0.8221574344023324,0.9425287356321839,0.7121212121212122,0.9724137931034482,0.0,0.027586206896551536
285,0.9013157894736842,0.8859432544645959,0.796875,0.8780487804878049,0.9829059829059829,0.8,0.972972972972973,0.0,0.027027027027026786
286,0.7796052631578947,0.779502442002442,0.6125,0.7545787545787546,0.9714285714285714,0.6204819277108434,0.9626168224299065,0.0,0.03738317757009311
287,0.9144736842105263,0.8851476222672977,0.7450980392156863,0.9103448275862069,1.0,0.8354430379746836,1.0,0.0,0.0
288,0.8980263157894737,0.9013381330714894,0.8433734939759037,0.89419795221843,0.9664429530201343,0.8291139240506329,0.9703703703703703,0.0,0.029629629629629412
289,0.9046052631578947,0.8759539444619543,0.7524752475247525,0.8921933085501859,0.9831932773109243,0.821917808219178,0.975609756097561,0.0,0.024390243902438827
290,0.875,0.8481920662930572,0.7169811320754716,0.8633093525179856,0.9642857142857143,0.7894736842105263,0.9523809523809523,0.0,0.04761904761904724
291,0.9473684210526315,0.9350757846998449,0.8596491228070176,0.9455782312925171,1.0,0.896774193548387,1.0,0.0,0.0
292,0.9243421052631579,0.9280697699590434,0.8950276243093923,0.9144981412639405,0.9746835443037974,0.8601398601398601,0.9761904761904762,0.0,0.02380952380952362
293,0.8848684210526315,0.8626381627692243,0.7155963302752294,0.8979591836734694,0.9743589743589743,0.8324324324324325,0.9746835443037974,0.0,0.02531645569620237
294,0.8980263157894737,0.8905060108280988,0.7971014492753623,0.8904593639575972,0.983957219251337,0.8129032258064516,0.984375,0.0,0.015624999999999879
295,0.9407894736842105,0.9342200530745647,0.8990825688073395,0.935251798561151,0.9683257918552036,0.9090909090909091,0.9629629629629629,0.0,0.037037037037036764
296,0.8552631578947368,0.8246743295019158,0.6206896551724138,0.8533333333333334,1.0,0.7441860465116279,1.0,0.0,0.0
297,0.8914473684210527,0.8965051627910618,0.8855721393034826,0.8808664259927798,0.9230769230769231,0.8243243243243243,0.9457364341085271,0.0,0.05426356589147245
298,0.8092105263157895,0.8044109236194261,0.6197183098591549,0.8220858895705522,0.9714285714285714,0.708994708994709,0.9781021897810219,0.0,0.021897810218977944
299,0.9572368421052632,0.9579644365851263,0.9661538461538461,0.9422222222222222,0.9655172413793104,0.905982905982906,0.9814814814814815,0.0,0.018518518518518347
300,0.881578947368421,0.7074557387057387,0.23809523809523808,0.90625,0.978021978021978,0.8405797101449275,0.9830508474576272,0.0,0.016949152542372788
301,0.944078947368421,0.9255104989802406,0.8767123287671232,0.9569620253164557,0.9428571428571428,0.945,0.9692307692307692,0.0,0.03076923076923061
302,0.930921052631579,0.9261511292217008,0.9090909090909091,0.9376854599406528,0.9316770186335404,0.9239766081871345,0.9518072289156626,0.0,0.04819277108433706
303,0.9671052631578947,0.9654737854737855,0.96,0.9675324675324676,0.9688888888888889,0.9675324675324676,0.9675324675324676,0.0,0.032467532467532256
304,0.8914473684210527,0.8757837577488442,0.7808219178082192,0.8506787330316742,0.995850622406639,0.746031746031746,0.9894736842105263,0.0,0.010526315789473575
305,0.9671052631578947,0.9720982142857143,1.0,0.9553571428571429,0.9609375,0.981651376146789,0.9304347826086956,0.0,0.06956521739130375
306,0.9605263157894737,0.8889782655569108,0.7027027027027027,0.9701492537313433,0.9940828402366864,0.9466019417475728,0.9948979591836735,0.0,0.005102040816326505
307,0.8355263157894737,0.7458698830409357,0.46875,0.8355263157894737,0.9333333333333333,0.774390243902439,0.9071428571428571,0.0,0.0928571428571422
308,0.993421052631579,0.9924235002122727,0.9830508474576272,0.9942196531791907,1.0,0.9885057471264368,1.0,0.0,0.0
309,0.9046052631578947,0.8554148793874821,0.684931506849315,0.9090909090909091,0.9722222222222222,0.8579881656804734,0.9666666666666667,0.0,0.03333333333333311
310,0.9375,0.8969740982812878,0.7654320987654321,0.9254901960784314,1.0,0.8613138686131386,1.0,0.0,0.0
311,0.9802631578947368,0.9782098243636704,0.9523809523809523,0.9822485207100592,1.0,0.9651162790697675,1.0,0.0,0.0
312,0.8388157894736842,0.8686306113655586,0.7802690582959642,0.8256227758007118,1.0,0.703030303030303,1.0,0.0,0.0
313,0.7927631578947368,0.8167239404352807,0.6666666666666666,0.7835051546391752,1.0,0.6440677966101694,1.0,0.0,0.0
314,0.9046052631578947,0.9047597327069127,0.8220858895705522,0.8921933085501859,1.0,0.8053691275167785,1.0,0.0,0.0
315,0.9013157894736842,0.9022682805815335,0.882051282051282,0.9090909090909091,0.9156626506024096,0.8620689655172413,0.9615384615384616,0.0,0.038461538461538214
316,0.8782894736842105,0.8457791150534693,0.7730061349693251,0.7643312101910829,1.0,0.6185567010309279,1.0,0.0,0.0
317,0.9210526315789473,0.9111111111111111,0.8,0.9333333333333333,1.0,0.875,1.0,0.0,0.0
318,0.9111842105263158,0.90795635066705,0.8441558441558441,0.8949416342412452,0.9847715736040609,0.8214285714285714,0.9829059829059829,0.0,0.01709401709401695
319,0.9013157894736842,0.8960849092428039,0.8831168831168831,0.9122807017543859,0.8928571428571429,0.8813559322033898,0.9454545454545454,0.0,0.05454545454545422
320,0.8881578947368421,0.8965302202599217,0.7951807228915663,0.8944099378881988,1.0,0.8089887640449438,1.0,0.0,0.0
321,0.9506578947368421,0.9447185477395532,0.9172932330827067,0.9327354260089686,0.9841269841269841,0.896551724137931,0.9719626168224299,0.0,0.028037383177569833
322,0.9375,0.9279305564177376,0.9,0.8950276243093923,0.9887640449438202,0.8350515463917526,0.9642857142857143,0.0,0.03571428571428529
323,0.8289473684210527,0.834416155506908,0.7100591715976331,0.8115942028985508,0.9815950920245399,0.691358024691358,0.9824561403508771,0.0,0.017543859649122653
324,0.8914473684210527,0.8687035775680322,0.7441860465116279,0.8619246861924686,1.0,0.7573529411764706,1.0,0.0,0.0
325,0.8980263157894737,0.8661190436812025,0.7010309278350515,0.9090909090909091,0.9882352941176471,0.842391304347826,0.9872611464968153,0.0,0.012738853503184632
326,0.9835526315789473,0.9829027110602963,0.9795918367346939,0.9823321554770318,0.986784140969163,0.9858156028368794,0.9788732394366197,0.0,0.021126760563380132
327,0.8355263157894737,0.8095430687374172,0.5964912280701754,0.8633879781420765,0.96875,0.7707317073170732,0.9813664596273292,0.0,0.018633540372670693
328,0.8322368421052632,0.8431145320103838,0.8266666666666667,0.8158844765342961,0.8867924528301887,0.7290322580645161,0.9262295081967213,0.0,0.07377049180327809
329,0.9111842105263158,0.9113280270029877,0.8343558282208589,0.8996282527881041,1.0,0.8175675675675675,1.0,0.0,0.0
330,0.9638157894736842,0.968593859685662,0.9876543209876543,0.9648562300319489,0.9532710280373832,0.9741935483870968,0.9556962025316456,0.0,0.04430379746835415
331,0.9835526315789473,0.9756973211819938,0.9411764705882353,0.9859154929577465,1.0,0.9722222222222222,1.0,0.0,0.0
332,0.8157894736842105,0.8402131312351081,0.7671232876712328,0.7985611510791367,0.954954954954955,0.6809815950920245,0.9652173913043478,0.0,0.034782608695651876
333,0.7894736842105263,0.8006607182457376,0.7029702970297029,0.7217391304347827,0.9772727272727273,0.5763888888888888,0.9651162790697675,0.0,0.034883720930232155
334,0.9638157894736842,0.9651598081666789,0.9545454545454546,0.9602888086642599,0.9806451612903225,0.9432624113475178,0.9779411764705882,0.0,0.022058823529411603
335,0.8355263157894737,0.825639189548964,0.6802721088435374,0.8120300751879699,0.9846153846153847,0.6967741935483871,0.972972972972973,0.0,0.027027027027026786
336,0.9407894736842105,0.9359553077893148,0.9130434782608695,0.9032258064516129,0.9915966386554622,0.8316831683168316,0.9882352941176471,0.0,0.011764705882352804
337,0.8980263157894737,0.8804117861113273,0.7716535433070866,0.8784313725490196,0.9911504424778761,0.7943262411347518,0.9824561403508771,0.0,0.017543859649122653
338,0.8585526315789473,0.8531448196078805,0.7796610169491526,0.7981220657276995,0.981651376146789,0.68,0.9659090909090909,0.0,0.03409090909090871
339,0.8914473684210527,0.8947308523955844,0.8,0.8910891089108911,0.993103448275862,0.8083832335329342,0.9926470588235294,0.0,0.007352941176470534
340,0.8717105263157895,0.8599368459427003,0.703125,0.8835820895522388,0.993103448275862,0.7956989247311828,0.9932885906040269,0.0,0.00671140939597311
341,0.9078947368421053,0.9068255074101473,0.8648648648648649,0.9119496855345912,0.9436619718309859,0.8682634730538922,0.9602649006622517,0.0,0.03973509933774808
342,0.9013157894736842,0.8855935814348284,0.7804878048780488,0.8905109489051095,0.985781990521327,0.8133333333333334,0.9838709677419355,0.0,0.016129032258064387
343,0.9605263157894737,0.9548451548451548,0.935064935064935,0.958041958041958,0.9714285714285714,0.9513888888888888,0.9647887323943662,0.0,0.035211267605633555
344,0.9243421052631579,0.9345176628453079,0.882051282051282,0.9215017064846417,1.0,0.8544303797468354,1.0,0.0,0.0
345,0.9046052631578947,0.8555171481813396,0.684931506849315,0.9096573208722741,0.9719626168224299,0.8588235294117647,0.9668874172185431,0.0,0.033112582781456734
346,0.8552631578947368,0.8303163073138858,0.6610169491525424,0.8503401360544217,0.9795918367346939,0.7530120481927711,0.9765625,0.0,0.02343749999999982
347,0.9375,0.9326990822286084,0.9440993788819876,0.9432835820895522,0.9107142857142857,0.9349112426035503,0.9518072289156626,0.0,0.04819277108433706
348,0.930921052631579,0.9195171026156942,0.8571428571428571,0.9014084507042254,1.0,0.8205128205128205,1.0,0.0,0.0
349,0.9473684210526315,0.9367090797803428,0.9024390243902439,0.9553072625698324,0.9523809523809523,0.9447513812154696,0.9661016949152542,0.0,0.033898305084745575
350,0.9210526315789473,0.890805966312861,0.7945205479452054,0.9375,0.9403973509933775,0.9090909090909091,0.967741935483871,0.0,0.03225806451612886
351,0.9506578947368421,0.9416324669402645,0.8837209302325582,0.9411764705882353,1.0,0.8888888888888888,1.0,0.0,0.0
352,0.7960526315789473,0.8177277905230409,0.6703910614525139,0.8143712574850299,0.968421052631579,0.6938775510204082,0.9855072463768116,0.0,0.014492753623188302
353,0.819078947368421,0.8168978012846937,0.6753246753246753,0.8042704626334519,0.9710982658959537,0.6890243902439024,0.9658119658119658,0.0,0.0341880341880339
354,0.8782894736842105,0.8723937605781987,0.7555555555555555,0.8933717579250721,0.9682539682539683,0.8201058201058201,0.9810126582278481,0.0,0.018987341772151778
355,0.8421052631578947,0.8456793519371741,0.8131868131868132,0.7983193277310925,0.925531914893617,0.7196969696969697,0.8962264150943396,0.0,0.1037735849056594
356,0.9703947368421053,0.9685187801759639,0.9411764705882353,0.9702970297029703,0.9940828402366864,0.9483870967741935,0.9932432432432432,0.0,0.006756756756756711
357,0.9703947368421053,0.8227079433975986,0.5,0.9717868338557993,0.9963369963369964,0.950920245398773,0.9935897435897436,0.0,0.006410256410256369
358,0.881578947368421,0.8781954887218045,0.7631578947368421,0.8714285714285714,1.0,0.7721518987341772,1.0,0.0,0.0
359,0.8486842105263158,0.8337725030922538,0.7107438016528925,0.8597560975609756,0.9308176100628931,0.7877094972067039,0.9463087248322147,0.0,0.05369127516778488
360,0.8322368421052632,0.8240700814742526,0.6330935251798561,0.8391167192429022,1.0,0.7228260869565217,1.0,0.0,0.0
361,0.8519736842105263,0.8584237540115863,0.8089887640449438,0.8432055749128919,0.9230769230769231,0.7658227848101266,0.937984496124031,0.0,0.06201550387596851
362,0.8388157894736842,0.8285222899916422,0.6865671641791045,0.8414239482200647,0.9575757575757575,0.7514450867052023,0.9558823529411765,0.0,0.044117647058823206
363,0.9111842105263158,0.9121029212958053,0.8743718592964824,0.8720379146919431,0.98989898989899,0.7796610169491526,0.989247311827957,0.0,0.010752688172042895
364,0.9078947368421053,0.907645317126383,0.9130434782608695,0.9066666666666666,0.9032258064516129,0.8774193548387097,0.9379310344827586,0.0,0.062068965517240955
365,0.9111842105263158,0.9135519733185102,0.8457142857142858,0.8949416342412452,1.0,0.8098591549295775,1.0,0.0,0.0
366,0.7894736842105263,0.702509206698,0.375,0.7480314960629921,0.9844961240310077,0.6089743589743589,0.9693877551020408,0.0,0.030612244897958874
367,0.9375,0.934322986954566,0.8840579710144928,0.9364548494983278,0.9824561403508771,0.8974358974358975,0.9790209790209791,0.0,0.020979020979020834
368,0.8848684210526315,0.9074059493252288,0.8616600790513834,0.8605577689243028,1.0,0.7552447552447552,1.0,0.0,0.0
369,0.9539473684210527,0.9547530793432433,0.9230769230769231,0.9575757575757575,0.9836065573770492,0.9294117647058824,0.9875,0.0,0.012499999999999923
370,0.8848684210526315,0.8682140113242388,0.8990825688073395,0.7586206896551724,0.9469387755102041,0.6790123456790124,0.859375,0.0,0.1406249999999978
371,0.9868421052631579,0.9907102521275749,1.0,0.9878787878787879,0.984251968503937,0.9939024390243902,0.9819277108433735,0.0,0.018072289156626398
372,0.944078947368421,0.9370068145767156,0.9051094890510949,0.9216589861751152,0.984251968503937,0.8771929824561403,0.970873786407767,0.0,0.02912621359223273
373,0.8651315789473685,0.8433082152321697,0.704,0.844106463878327,0.9818181818181818,0.74,0.9823008849557522,0.0,0.01769911504424763
374,0.8782894736842105,0.8927998301581651,0.8246445497630331,0.8537549407114624,1.0,0.7448275862068966,1.0,0.0,0.0
375,0.8552631578947368,0.8253101736972704,0.6451612903225806,0.8307692307692308,1.0,0.7105263157894737,1.0,0.0,0.0
376,0.8421052631578947,0.845615634629184,0.7169811320754716,0.84,0.9798657718120806,0.7325581395348837,0.984375,0.0,0.015624999999999879
377,0.9375,0.9179074920676987,0.8604651162790697,0.9530864197530864,0.9401709401709402,0.9368932038834952,0.9698492462311558,0.0,0.03015075376884407
378,0.9046052631578947,0.8959229449795488,0.7972027972027972,0.8905660377358491,1.0,0.8027210884353742,1.0,0.0,0.0
379,0.8388157894736842,0.8520400571789924,0.7980295566502463,0.8414239482200647,0.9166666666666666,0.7514450867052023,0.9558823529411765,0.0,0.044117647058823206
380,0.8388157894736842,0.8196100006607416,0.6870229007633588,0.807843137254902,0.963963963963964,0.7054794520547946,0.944954128440367,0.0,0.055045871559632524
381,0.9111842105263158,0.9134115035037813,0.8732394366197183,0.8669950738916257,1.0,0.7652173913043478,1.0,0.0,0.0
382,0.8519736842105263,0.8619388559776041,0.7912087912087912,0.8524590163934426,0.9421487603305785,0.7647058823529411,0.9629629629629629,0.0,0.037037037037036764
383,0.9342105263157895,0.9208477747803591,0.8888888888888888,0.8876404494382022,0.986013986013986,0.8229166666666666,0.9634146341463414,0.0,0.03658536585365809
384,0.9276315789473685,0.8823523087674031,0.7384615384615385,0.9308176100628931,0.9777777777777777,0.891566265060241,0.9736842105263158,0.0,0.02631578947368404
385,0.8947368421052632,0.8744588744588745,0.7142857142857143,0.9090909090909091,1.0,0.8333333333333334,1.0,0.0,0.0
386,0.9144736842105263,0.9092736369910283,0.8428571428571429,0.9057971014492754,0.9791666666666666,0.8445945945945946,0.9765625,0.0,0.02343749999999982
387,0.9572368421052632,0.9331308821252216,0.8571428571428571,0.96398891966759,0.9782608695652174,0.9456521739130435,0.9830508474576272,0.0,0.016949152542372788
388,0.8782894736842105,0.8817694434378062,0.8092485549132948,0.8593155893536122,0.9767441860465116,0.7687074829931972,0.9741379310344828,0.0,0.02586206896551702
389,0.8552631578947368,0.8768653612744973,0.7794871794871795,0.8616352201257862,0.9894736842105263,0.7569060773480663,1.0,0.0,0.0
390,0.944078947368421,0.9318985025759545,0.8521739130434782,0.9435215946843853,1.0,0.8930817610062893,1.0,0.0,0.0
391,0.8651315789473685,0.8872947472187015,0.8177777777777778,0.844106463878327,1.0,0.7302631578947368,1.0,0.0,0.0
392,0.9539473684210527,0.9368214836774675,0.8705882352941177,0.9655172413793104,0.9743589743589743,0.9423076923076923,0.98989898989899,0.0,0.01010101010101005
393,0.8782894736842105,0.8546648865153538,0.7102803738317757,0.9013333333333333,0.9523809523809523,0.8366336633663366,0.976878612716763,0.0,0.02312138728323686
394,0.9078947368421053,0.9091696425766319,0.8414634146341463,0.8978102189781022,0.9882352941176471,0.825503355704698,0.984,0.0,0.015999999999999872
395,0.8125,0.8311550811420636,0.6586826347305389,0.8347826086956521,1.0,0.7164179104477612,1.0,0.0,0.0
396,0.9769736842105263,0.9254857454548654,0.8,0.9814323607427056,0.9950248756218906,0.9685863874345549,0.9946236559139785,0.0,0.005376344086021476
397,0.8585526315789473,0.7559836115697426,0.37681159420289856,0.8911392405063291,1.0,0.8036529680365296,1.0,0.0,0.0
398,0.8322368421052632,0.8001658747645527,0.5925925925925926,0.8555240793201133,0.9523809523809523,0.766497461928934,0.967948717948718,0.0,0.03205128205128185
399,0.8256578947368421,0.8258326653254408,0.7368421052631579,0.7818930041152263,0.9587628865979382,0.6690140845070423,0.9405940594059405,0.0,0.05940594059405882
400,0.7960526315789473,0.8117922481558845,0.7428571428571429,0.743801652892562,0.9487179487179487,0.6122448979591837,0.9473684210526315,0.0,0.05263157894736787
401,0.9078947368421053,0.8824519706872648,0.7777777777777778,0.9251336898395722,0.9444444444444444,0.8871794871794871,0.9664804469273743,0.0,0.03351955307262551
402,0.8914473684210527,0.8658499404085479,0.6972477064220184,0.9003021148036254,1.0,0.8186813186813187,1.0,0.0,0.0
403,0.8980263157894737,0.801764480245493,0.509090909090909,0.9215189873417722,0.9746835443037974,0.8666666666666667,0.9837837837837838,0.0,0.01621621621621613
404,0.8980263157894737,0.9028513700183494,0.8165680473372781,0.89198606271777,1.0,0.8050314465408805,1.0,0.0,0.0
405,0.944078947368421,0.9407671073724964,0.9230769230769231,0.9282700421940928,0.970954356846473,0.9016393442622951,0.9565217391304348,0.0,0.04347826086956484
406,0.8947368421052632,0.8582025069233078,0.6813186813186813,0.9139784946236559,0.9793103448275862,0.85,0.9883720930232558,0.0,0.011627906976744118
407,0.9769736842105263,0.9815953125561666,1.0,0.9750889679715302,0.9696969696969697,0.9927536231884058,0.958041958041958,0.0,0.04195804195804167
408,0.9868421052631579,0.9868752313957794,0.9863013698630136,0.9833333333333333,0.990990990990991,0.9752066115702479,0.9915966386554622,0.0,0.008403361344537745
409,0.8848684210526315,0.8877198254991615,0.7848101265822784,0.8852459016393442,0.993103448275862,0.7988165680473372,0.9926470588235294,0.0,0.007352941176470534
410,0.819078947368421,0.7837971304637971,0.5765765765765766,0.8148148148148148,0.96,0.711764705882353,0.952755905511811,0.0,0.04724409448818861
411,0.9407894736842105,0.9150579150579151,0.7857142857142857,0.9594594594594594,1.0,0.922077922077922,1.0,0.0,0.0
412,0.9868421052631579,0.9887993757029081,1.0,0.9805825242718447,0.9858156028368794,0.9901960784313726,0.9711538461538461,0.0,0.02884615384615357
413,0.930921052631579,0.8887907361239255,0.7575757575757576,0.9501187648456056,0.9586776859504132,0.9216589861751152,0.9803921568627451,0.0,0.019607843137254808
414,0.8980263157894737,0.8960902117081396,0.8220858895705522,0.8764940239043825,0.9896907216494846,0.7913669064748201,0.9821428571428571,0.0,0.0178571428571427
415,0.8618421052631579,0.8140321141195607,0.6236559139784946,0.9027777777777778,0.9156626506024096,0.8405172413793104,0.975,0.0,0.024999999999999876
416,0.7631578947368421,0.7630113234253363,0.56,0.7707006369426752,0.9583333333333334,0.6402116402116402,0.968,0.0,0.031999999999999744
417,0.9671052631578947,0.9534421999199405,0.896551724137931,0.96875,0.9950248756218906,0.9451219512195121,0.9935897435897436,0.0,0.006410256410256369
418,0.8552631578947368,0.8604704367581256,0.8387096774193549,0.7659574468085106,0.9767441860465116,0.6428571428571429,0.9473684210526315,0.0,0.05263157894736773
419,0.805921052631579,0.7820768332143496,0.5737704918032787,0.8138801261829653,0.9585798816568047,0.7049180327868853,0.9626865671641791,0.0,0.03731343283582062
420,0.8388157894736842,0.8371840823453728,0.7354838709677419,0.8205128205128205,0.9555555555555556,0.7225806451612903,0.9491525423728814,0.0,0.05084745762711822
421,0.875,0.8278367153799678,0.6813186813186813,0.8333333333333334,0.9688581314878892,0.753968253968254,0.9313725490196079,0.0,0.06862745098039148
422,0.8585526315789473,0.8260689990281826,0.6285714285714286,0.8746355685131195,0.975,0.7894736842105263,0.9803921568627451,0.0,0.019607843137254773
423,0.881578947368421,0.878681831437737,0.7777777777777778,0.8582677165354331,1.0,0.7517241379310344,1.0,0.0,0.0
424,0.743421052631579,0.7575512405609492,0.6893203883495146,0.6666666666666666,0.9166666666666666,0.5379310344827586,0.8764044943820225,0.0,0.12359550561797615
425,0.9868421052631579,0.985562870309414,0.9795918367346939,0.9870967741935484,0.99,0.9807692307692307,0.9935064935064936,0.0,0.0064935064935064514
426,0.9013157894736842,0.8845418188141192,0.7962962962962963,0.8943661971830986,0.9629629629629629,0.8466666666666667,0.9477611940298507,0.0,0.05223880597014886
427,0.875,0.859439465073268,0.7121212121212122,0.8661971830985915,1.0,0.7639751552795031,1.0,0.0,0.0
428,0.881578947368421,0.8373071528751753,0.6086956521739131,0.9032258064516129,1.0,0.8235294117647058,1.0,0.0,0.0
429,0.8355263157894737,0.8208797557678942,0.6811594202898551,0.8106060606060606,0.970873786407767,0.6993464052287581,0.963963963963964,0.0,0.03603603603603572
430,0.8256578947368421,0.720943358784941,0.3835616438356164,0.8845315904139434,0.8947368421052632,0.812,0.9712918660287081,0.0,0.028708133971291728
431,0.9243421052631579,0.9018689933907931,0.7956989247311828,0.9337175792507204,0.9761904761904762,0.8901098901098901,0.9818181818181818,0.0,0.018181818181818073
432,0.8388157894736842,0.7924379464237473,0.5504587155963303,0.8268551236749117,1.0,0.7048192771084337,1.0,0.0,0.0
433,0.9407894736842105,0.9348323170731708,0.859375,0.9451219512195121,1.0,0.8959537572254336,1.0,0.0,0.0
434,0.9572368421052632,0.9605758647771162,0.9424083769633508,0.9547038327526133,0.9846153846153847,0.9256756756756757,0.9856115107913669,0.0,0.01438848920863299
435,0.868421052631579,0.8693563871453319,0.8342857142857143,0.8290598290598291,0.9447236180904522,0.751937984496124,0.9238095238095239,0.0,0.07619047619047546
436,0.8256578947368421,0.8408595645037504,0.6624203821656051,0.8601583113456465,1.0,0.7546296296296297,1.0,0.0,0.0
437,0.8980263157894737,0.8690136652165981,0.6990291262135923,0.9080118694362018,1.0,0.8315217391304348,1.0,0.0,0.0
438,0.8585526315789473,0.8114652560283147,0.625,0.8377358490566038,0.97165991902834,0.7449664429530202,0.9568965517241379,0.0,0.0431034482758617
439,0.9243421052631579,0.9311834105278788,0.9107981220657277,0.9144981412639405,0.9682539682539683,0.8601398601398601,0.9761904761904762,0.0,0.02380952380952362
440,0.9473684210526315,0.8671642454129458,0.6666666666666666,0.9512195121951219,0.9836065573770492,0.9230769230769231,0.9811320754716981,0.0,0.018867924528301768
441,0.9111842105263158,0.9020644745565284,0.8333333333333334,0.8860759493670886,0.986784140969163,0.813953488372093,0.9722222222222222,0.0,0.027777777777777523
442,0.9342105263157895,0.9312646640890915,0.8701298701298701,0.9236641221374046,1.0,0.8581560283687943,1.0,0.0,0.0
443,0.9276315789473685,0.9260504201680672,0.8705882352941177,0.907563025210084,1.0,0.8307692307692308,1.0,0.0,0.0
444,0.9473684210526315,0.946532634032634,0.9375,0.9384615384615385,0.9636363636363636,0.9242424242424242,0.953125,0.0,0.04687499999999964
445,0.9046052631578947,0.9049681833119231,0.9090909090909091,0.8449197860962567,0.9608938547486033,0.7745098039215687,0.9294117647058824,0.0,0.07058823529411683
446,0.944078947368421,0.9309124520640064,0.8771929824561403,0.927038626609442,0.9885057471264368,0.8780487804878049,0.9818181818181818,0.0,0.018181818181818018
447,0.8355263157894737,0.8420995071674392,0.6754966887417219,0.8611111111111112,0.9896907216494846,0.7598039215686274,0.9935897435897436,0.0,0.006410256410256369
448,0.8519736842105263,0.809196837286725,0.651685393258427,0.8314606741573034,0.9444444444444444,0.7602739726027398,0.9173553719008265,0.0,0.08264462809917288
449,0.9177631578947368,0.9049226391224833,0.8130081300813008,0.911660777385159,0.9900990099009901,0.8486842105263158,0.9847328244274809,0.0,0.015267175572518969
450,0.8355263157894737,0.8447774673327125,0.7311827956989247,0.8031496062992126,1.0,0.6710526315789473,1.0,0.0,0.0
451,0.8453947368421053,0.8341434448827246,0.8265682656826568,0.6758620689655173,1.0,0.5104166666666666,1.0,0.0,0.0
452,0.9111842105263158,0.914590213709899,0.8654970760233918,0.9039145907473309,0.9743589743589743,0.8410596026490066,0.9769230769230769,0.0,0.0230769230769229
453,0.8421052631578947,0.8180792248503846,0.6776859504132231,0.88,0.896551724137931,0.8110599078341014,0.9617486338797814,0.0,0.03825136612021837
454,0.9638157894736842,0.9574446089569489,0.9230769230769231,0.9652996845425867,0.983957219251337,0.9444444444444444,0.9870967741935484,0.0,0.01290322580645153
455,0.9342105263157895,0.88363443738151,0.7213114754098361,0.95,0.9795918367346939,0.9178743961352657,0.9844559585492227,0.0,0.015544041450777122
456,0.8651315789473685,0.850764323387088,0.7973856209150327,0.7939698492462312,0.9609375,0.6991150442477876,0.9186046511627907,0.0,0.08139534883720836
457,0.819078947368421,0.8029614193619713,0.6165413533834586,0.8148148148148148,0.9775280898876404,0.6994219653179191,0.9758064516129032,0.0,0.02419354838709658
458,0.9506578947368421,0.9471592120896117,0.916030534351145,0.945054945054945,0.9803921568627451,0.9148936170212766,0.9772727272727273,0.0,0.022727272727272554
459,0.8388157894736842,0.7968971729490022,0.640625,0.7609756097560976,0.9890909090909091,0.6290322580645161,0.9629629629629629,0.0,0.037037037037036584
460,0.8782894736842105,0.8612329739137405,0.7368421052631579,0.8560311284046692,0.9908256880733946,0.7586206896551724,0.9821428571428571,0.0,0.0178571428571427
461,0.819078947368421,0.8055278055278056,0.6363636363636364,0.8571428571428571,0.9230769230769231,0.7710280373831776,0.9649122807017544,0.0,0.03508771929824541
462,0.9013157894736842,0.8219018004714281,0.5714285714285714,0.9079754601226994,0.9863013698630136,0.8457142857142858,0.9801324503311258,0.0,0.01986754966887404
463,0.7993421052631579,0.8006169434740863,0.5850340136054422,0.8168168168168168,1.0,0.6903553299492385,1.0,0.0,0.0
464,0.9473684210526315,0.9455031057355039,0.918918918918919,0.937007874015748,0.9805825242718447,0.9015151515151515,0.9754098360655737,0.0,0.024590163934426028
465,0.8486842105263158,0.8344920634920635,0.688,0.8630952380952381,0.9523809523809523,0.7795698924731183,0.9666666666666667,0.0,0.03333333333333311
466,0.819078947368421,0.8115068019336068,0.6376811594202898,0.8318042813455657,0.965034965034965,0.723404255319149,0.9784172661870504,0.0,0.021582733812949485
467,0.8914473684210527,0.8823054206346811,0.7874015748031497,0.896551724137931,0.9629629629629629,0.8362573099415205,0.9662162162162162,0.0,0.03378378378378356
468,0.9177631578947368,0.9179116587155404,0.9090909090909091,0.9174917491749175,0.9271523178807947,0.896774193548387,0.9391891891891891,0.0,0.060810810810810405
469,0.9046052631578947,0.9005724568459574,0.8321167883211679,0.9118541033434651,0.9577464788732394,0.8571428571428571,0.974025974025974,0.0,0.025974025974025806
470,0.8881578947368421,0.8751251008878128,0.7796610169491526,0.9028571428571428,0.9428571428571428,0.8494623655913979,0.9634146341463414,0.0,0.03658536585365831
471,0.9111842105263158,0.9024295815708848,0.8266666666666667,0.8851063829787233,0.9955156950672646,0.7938931297709924,1.0,0.0,0.0
472,0.9506578947368421,0.912824664372934,0.8,0.9508196721311475,0.9876543209876543,0.9177215189873418,0.9863945578231292,0.0,0.013605442176870656
473,0.9177631578947368,0.8859521087755224,0.7692307692307693,0.9221183800623053,0.9665071770334929,0.8862275449101796,0.961038961038961,0.0,0.03896103896103871
474,0.8388157894736842,0.8510697726384002,0.8518518518518519,0.7782805429864253,0.9230769230769231,0.6666666666666666,0.9347826086956522,0.0,0.06521739130434712
475,0.8881578947368421,0.8792940382770897,0.7786259541984732,0.8881578947368421,0.9710982658959537,0.8181818181818182,0.9712230215827338,0.0,0.02877697841726598
476,0.881578947368421,0.8505926068502938,0.7157894736842105,0.8767123287671232,0.9592760180995475,0.810126582278481,0.9552238805970149,0.0,0.04477611940298474
477,0.8519736842105263,0.8422047502944964,0.7398843930635838,0.7867298578199052,1.0,0.6484375,1.0,0.0,0.0
478,0.9407894736842105,0.9197635713470537,0.845360824742268,0.925,0.988929889298893,0.8740157480314961,0.9823008849557522,0.0,0.01769911504424763
479,0.881578947368421,0.8336594851534046,0.65,0.8922155688622755,0.9587628865979382,0.8324022346368715,0.9612903225806452,0.0,0.03870967741935459
480,0.8157894736842105,0.801771571455323,0.5954198473282443,0.8303030303030303,0.9795918367346939,0.7210526315789474,0.9785714285714285,0.0,0.021428571428571276
481,0.9539473684210527,0.9288592127521155,0.8311688311688312,0.9613259668508287,0.9940828402366864,0.93048128342246,0.9942857142857143,0.0,0.005714285714285682
482,0.9276315789473685,0.9222679888126112,0.88,0.9043478260869565,0.9824561403508771,0.8455284552845529,0.9719626168224299,0.0,0.028037383177569833
483,0.6907894736842105,0.7108711149130311,0.47904191616766467,0.7202380952380952,0.9333333333333333,0.5789473684210527,0.952755905511811,0.0,0.04724409448818861
484,0.9111842105263158,0.9003136390607782,0.8085106382978723,0.8924302788844621,1.0,0.8057553956834532,1.0,0.0,0.0
485,0.868421052631579,0.8698292039679942,0.8048780487804879,0.8830409356725146,0.9215686274509803,0.8162162162162162,0.9617834394904459,0.0,0.038216560509553896
486,0.9868421052631579,0.9876175965561439,1.0,0.9888268156424581,0.974025974025974,0.9943820224719101,0.9833333333333333,0.0,0.016666666666666576
487,0.9013157894736842,0.9087023814767798,0.8807339449541285,0.8706896551724138,0.9746835443037974,0.7890625,0.9711538461538461,0.0,0.02884615384615357
488,0.9177631578947368,0.8954244189851085,0.8118811881188119,0.897119341563786,0.9772727272727273,0.8449612403100775,0.956140350877193,0.0,0.043859649122806633
489,0.9375,0.9383614885804107,0.9532710280373832,0.91324200913242,0.9485714285714286,0.8849557522123894,0.9433962264150944,0.0,0.05660377358490513
490,0.944078947368421,0.9410735126444411,0.9299363057324841,0.9178743961352657,0.9754098360655737,0.8796296296296297,0.9595959595959596,0.0,0.04040404040404
491,0.8519736842105263,0.8417448022829189,0.8161434977578476,0.7272727272727273,0.9818181818181818,0.5825242718446602,0.967741935483871,0.0,0.03225806451612851
492,0.875,0.8917301802122658,0.8118811881188119,0.8633093525179856,1.0,0.759493670886076,1.0,0.0,0.0
493,0.8782894736842105,0.858353252454186,0.7368421052631579,0.9048843187660668,0.9333333333333333,0.8502415458937198,0.967032967032967,0.0,0.03296703296703279
494,0.9736842105263158,0.9790494058786742,1.0,0.975609756097561,0.9615384615384616,0.9876543209876543,0.963855421686747,0.0,0.036144578313252795
495,0.9506578947368421,0.9459029888445047,0.948905109489051,0.9162011173184358,0.9726027397260274,0.9010989010989011,0.9318181818181818,0.0,0.06818181818181741
496,0.8782894736842105,0.8794202411726619,0.8152173913043478,0.8384279475982532,0.9846153846153847,0.7384615384615385,0.9696969696969697,0.0,0.03030303030303
497,0.9605263157894737,0.960630908388545,0.9473684210526315,0.9586206896551724,0.9759036144578314,0.9391891891891891,0.9788732394366197,0.0,0.021126760563380132
498,0.9243421052631579,0.9013543561754599,0.7628865979381443,0.9411764705882353,1.0,0.8888888888888888,1.0,0.0,0.0
499,0.875,0.8976402649397612,0.7865168539325843,0.9064039408866995,1.0,0.8288288288288288,1.0,0.0,0.0
500,0.9046052631578947,0.902050095400479,0.8198757763975155,0.8862745098039215,1.0,0.795774647887324,1.0,0.0,0.0
501,0.8618421052631579,0.8705650941464308,0.7897435897435897,0.8278688524590164,0.9940828402366864,0.7112676056338029,0.9901960784313726,0.0,0.009803921568627355
502,0.9539473684210527,0.9452257135021537,0.8807339449541285,0.9644670050761421,0.9904761904761905,0.9359605911330049,0.9947643979057592,0.0,0.00523560209424081
503,0.8782894736842105,0.8821162039421321,0.7924528301886793,0.8861538461538462,0.967741935483871,0.8089887640449438,0.9795918367346939,0.0,0.020408163265305986
504,0.9638157894736842,0.9604733994785318,0.9395973154362416,0.9502262443438914,0.9915966386554622,0.9130434782608695,0.9905660377358491,0.0,0.009433962264150855
505,0.8453947368421053,0.8394201177324073,0.7445255474452555,0.8469055374592834,0.926829268292683,0.7738095238095238,0.935251798561151,0.0,0.06474820143884846
506,0.944078947368421,0.9202930402930404,0.8131868131868132,0.9476923076923077,1.0,0.9005847953216374,1.0,0.0,0.0
507,0.9605263157894737,0.9549771157595585,0.935064935064935,0.9375,0.9923664122137404,0.8910891089108911,0.989010989010989,0.0,0.010989010989010868
508,0.8881578947368421,0.8755642639106024,0.7966101694915254,0.8768115942028986,0.9532710280373832,0.8175675675675675,0.9453125,0.0,0.05468749999999958
509,0.9177631578947368,0.8685392109948991,0.6933333333333334,0.9216300940438872,0.9906542056074766,0.8596491228070176,0.9932432432432432,0.0,0.006756756756756711
510,0.9276315789473685,0.934906657273688,0.8705882352941177,0.9341317365269461,1.0,0.8764044943820225,1.0,0.0,0.0
511,0.8125,0.8231103650455488,0.7549019607843137,0.7553648068669528,0.9590643274853801,0.6285714285714286,0.946236559139785,0.0,0.05376344086021448
512,0.8914473684210527,0.8854100520529601,0.782608695652174,0.8918032786885246,0.9818181818181818,0.8143712574850299,0.9855072463768116,0.0,0.014492753623188302
513,0.8980263157894737,0.8952949295660293,0.8074534161490683,0.8784313725490196,1.0,0.7832167832167832,1.0,0.0,0.0
514,0.9802631578947368,0.9765765765765765,0.95,0.9797297297297297,1.0,0.9602649006622517,1.0,0.0,0.0
515,0.7532894736842105,0.6339625631891073,0.16470588235294117,0.755700325732899,0.9814814814814815,0.6170212765957447,0.9747899159663865,0.0,0.025210084033613234
516,0.9144736842105263,0.9064850313753522,0.8467153284671532,0.8951612903225806,0.9775784753363229,0.8345864661654135,0.9652173913043478,0.0,0.034782608695651876
517,0.9802631578947368,0.976375046142488,0.9523809523809523,0.9767441860465116,1.0,0.9545454545454546,1.0,0.0,0.0
518,0.9506578947368421,0.9380337941628264,0.8817204301075269,0.9523809523809523,0.98,0.9259259259259259,0.9803921568627451,0.0,0.019607843137254773
519,0.9375,0.9273076608238617,0.8648648648648649,0.9381107491856677,0.9789473684210527,0.9,0.9795918367346939,0.0,0.020408163265305986
520,0.7828947368421053,0.7359368287192177,0.45714285714285713,0.8058823529411765,0.9447852760736196,0.6989795918367347,0.9513888888888888,0.0,0.04861111111111077
521,0.881578947368421,0.8901657322190486,0.8152173913043478,0.8686131386861314,0.9866666666666667,0.7727272727272727,0.9916666666666667,0.0,0.008333333333333264
522,0.8256578947368421,0.7924988380312737,0.5641025641025641,0.8239202657807309,0.9894736842105263,0.7045454545454546,0.992,0.0,0.007999999999999936
523,0.9506578947368421,0.9273248060487284,0.8571428571428571,0.9484536082474226,0.9763779527559056,0.9324324324324325,0.965034965034965,0.0,0.034965034965034725
524,0.9177631578947368,0.9060127072679375,0.8333333333333334,0.8888888888888888,0.99581589958159,0.8,1.0,0.0,0.0
525,0.8717105263157895,0.853513533680303,0.7,0.8785046728971962,0.9820359281437125,0.7921348314606742,0.986013986013986,0.0,0.013986013986013889
526,0.9375,0.9350922017526585,0.9117647058823529,0.9260700389105059,0.9674418604651163,0.8947368421052632,0.9596774193548387,0.0,0.04032258064516097
527,0.944078947368421,0.9330557483229239,0.9090909090909091,0.9567430025445293,0.9333333333333333,0.94,0.9740932642487047,0.0,0.025906735751295203
528,0.8125,0.8156794700822134,0.7182320441988951,0.8488063660477454,0.88,0.7547169811320755,0.9696969696969697,0.0,0.03030303030303012
529,0.881578947368421,0.8614125753660637,0.7676767676767676,0.8953488372093024,0.9212121212121213,0.8603351955307262,0.9333333333333333,0.0,0.06666666666666626
530,0.9342105263157895,0.9342780026990553,0.9,0.924812030075188,0.978021978021978,0.8785714285714286,0.9761904761904762,0.0,0.02380952380952362
531,0.8717105263157895,0.8839493473418609,0.826530612244898,0.8695652173913043,0.9557522123893806,0.7831325301204819,0.9774436090225563,0.0,0.02255639097744344
532,0.868421052631579,0.8702455257612787,0.867579908675799,0.801980198019802,0.9411764705882353,0.7168141592920354,0.9101123595505618,0.0,0.0898876404494372
533,0.8848684210526315,0.8931732182506176,0.7878787878787878,0.891640866873065,1.0,0.8044692737430168,1.0,0.0,0.0
534,0.9671052631578947,0.9653401392696223,0.9295774647887324,0.9664429530201343,1.0,0.935064935064935,1.0,0.0,0.0
535,0.8157894736842105,0.8161944649749527,0.6829268292682927,0.7878787878787878,0.9777777777777777,0.6624203821656051,0.9719626168224299,0.0,0.028037383177569833
536,0.8947368421052632,0.901810556515762,0.8744186046511628,0.8620689655172413,0.968944099378882,0.78125,0.9615384615384616,0.0,0.038461538461538096
537,0.944078947368421,0.9410241767221171,0.9172932330827067,0.932806324110672,0.972972972972973,0.9007633587786259,0.9672131147540983,0.0,0.03278688524590137
538,0.930921052631579,0.9166463695163866,0.8141592920353983,0.9357798165137615,1.0,0.8793103448275862,1.0,0.0,0.0
539,0.9375,0.941787999693621,0.9035532994923858,0.9218106995884774,1.0,0.8549618320610687,1.0,0.0,0.0
540,0.9407894736842105,0.9423361720699742,0.9392265193370166,0.9256198347107438,0.9621621621621622,0.896,0.9572649572649573,0.0,0.042735042735042375
541,0.9210526315789473,0.9065765437994102,0.8166666666666667,0.9124087591240876,0.9906542056074766,0.8445945945945946,0.9920634920634921,0.0,0.007936507936507874
542,0.9276315789473685,0.9167386564646839,0.8493150684931506,0.9009009009009009,1.0,0.819672131147541,1.0,0.0,0.0
543,0.9572368421052632,0.9411603224294117,0.8860759493670886,0.953405017921147,0.984,0.9300699300699301,0.9779411764705882,0.0,0.022058823529411603
544,0.9111842105263158,0.9193806830247687,0.8556149732620321,0.9025270758122743,1.0,0.8223684210526315,1.0,0.0,0.0
545,0.9243421052631579,0.9169297340412274,0.848,0.9260450160771704,0.9767441860465116,0.8780487804878049,0.9795918367346939,0.0,0.020408163265305986
546,0.8848684210526315,0.8723067615989576,0.7586206896551724,0.8582995951417004,1.0,0.75177304964539,1.0,0.0,0.0
547,0.9177631578947368,0.9188588568982903,0.8930817610062893,0.9134948096885813,0.95,0.8741721854304636,0.9565217391304348,0.0,0.043478260869564904
548,0.9111842105263158,0.8823196605374823,0.7326732673267327,0.9142857142857143,1.0,0.8421052631578947,1.0,0.0,0.0
549,0.930921052631579,0.9133369376098237,0.8118811881188119,0.9418282548476454,0.9863013698630136,0.8994708994708994,0.9883720930232558,0.0,0.011627906976744118
550,0.8947368421052632,0.8858307849133538,0.8,0.8666666666666667,0.9908256880733946,0.7761194029850746,0.9811320754716981,0.0,0.01886792452830171
551,0.8651315789473685,0.8693454746439371,0.775,0.8797653958944281,0.9532710280373832,0.8021390374331551,0.974025974025974,0.0,0.025974025974025806
552,0.8881578947368421,0.896969696969697,0.7875,0.9034090909090909,1.0,0.8238341968911918,1.0,0.0,0.0
553,0.9046052631578947,0.8949886542825275,0.8,0.9096573208722741,0.9753086419753086,0.8488372093023255,0.9798657718120806,0.0,0.02013422818791933
554,0.9342105263157895,0.9316006250880312,0.9383886255924171,0.935064935064935,0.9213483146067416,0.9113924050632911,0.96,0.0,0.03999999999999974
555,0.9013157894736842,0.9040349849198558,0.8817204301075269,0.9044585987261147,0.9259259259259259,0.8554216867469879,0.9594594594594594,0.0,0.040540540540540265
556,0.8848684210526315,0.880519754333796,0.8333333333333334,0.8128342245989305,0.9953917050691244,0.6909090909090909,0.987012987012987,0.0,0.01298701298701282
557,0.7993421052631579,0.821428785670152,0.6629834254143646,0.8013029315960912,1.0,0.6684782608695652,1.0,0.0,0.0
558,0.9210526315789473,0.9245886963278268,0.8863636363636364,0.9130434782608695,0.9743589743589743,0.8571428571428571,0.9767441860465116,0.0,0.02325581395348819
559,0.9407894736842105,0.9210327276533129,0.8349514563106796,0.9323308270676691,0.99581589958159,0.8732394366197183,1.0,0.0,0.0
560,0.868421052631579,0.8465997251192497,0.704,0.849624060150376,0.9861751152073732,0.7483443708609272,0.9826086956521739,0.0,0.017391304347825938
561,0.8651315789473685,0.8499398014042366,0.7555555555555555,0.8284518828451883,0.9658119658119658,0.7388059701492538,0.9428571428571428,0.0,0.0571428571428566
562,0.8618421052631579,0.8813008130081301,0.7439024390243902,0.9,1.0,0.8181818181818182,1.0,0.0,0.0
563,0.9144736842105263,0.9179292929292929,0.8522727272727273,0.9015151515151515,1.0,0.8206896551724138,1.0,0.0,0.0
564,0.819078947368421,0.8464095885479533,0.7547169811320755,0.8148148148148148,0.9696969696969697,0.6954022988505747,0.983739837398374,0.0,0.016260162601625886
565,0.9572368421052632,0.9403409601552016,0.8705882352941177,0.960960960960961,0.9894736842105263,0.9302325581395349,0.9937888198757764,0.0,0.006211180124223564
566,0.9736842105263158,0.9697389988652124,0.948051948051948,0.9611650485436893,1.0,0.9252336448598131,1.0,0.0,0.0
567,0.8421052631578947,0.8010364145658263,0.58,0.8588235294117647,0.9642857142857143,0.7724867724867724,0.9668874172185431,0.0,0.033112582781456734
568,0.8421052631578947,0.8442318419584689,0.7654320987654321,0.8260869565217391,0.9411764705882353,0.7402597402597403,0.9344262295081968,0.0,0.06557377049180274
569,0.8947368421052632,0.8949186128803963,0.7866666666666666,0.8980891719745223,1.0,0.815028901734104,1.0,0.0,0.0
570,0.8256578947368421,0.8430704604183905,0.7537688442211056,0.8044280442804428,0.9710144927536232,0.6855345911949685,0.9732142857142857,0.0,0.02678571428571405
571,0.9605263157894737,0.9547619047619048,0.9,0.9642857142857143,1.0,0.9310344827586207,1.0,0.0,0.0
572,0.8618421052631579,0.826941334320348,0.6138613861386139,0.895,0.9719626168224299,0.8211009174311926,0.9835164835164835,0.0,0.016483516483516394
573,0.930921052631579,0.9012190819646427,0.7835051546391752,0.9201520912547528,1.0,0.852112676056338,1.0,0.0,0.0
574,0.8125,0.8049307666328943,0.5957446808510638,0.819047619047619,1.0,0.6935483870967742,1.0,0.0,0.0
575,0.8421052631578947,0.845945945945946,0.7,0.8378378378378378,1.0,0.7209302325581395,1.0,0.0,0.0
576,0.8355263157894737,0.8290598290598291,0.7252747252747253,0.7619047619047619,1.0,0.6153846153846154,1.0,0.0,0.0
577,0.9276315789473685,0.9207829750988882,0.8396946564885496,0.9285714285714286,0.9940828402366864,0.8719512195121951,0.9930555555555556,0.0,0.006944444444444396
578,0.8223684210526315,0.8285639247820149,0.7,0.8383233532934131,0.9473684210526315,0.7407407407407407,0.9655172413793104,0.0,0.03448275862068942
579,0.868421052631579,0.8425837860493609,0.7058823529411765,0.8780487804878049,0.9438202247191011,0.8181818181818182,0.9473684210526315,0.0,0.05263157894736808
580,0.9078947368421053,0.8884752677205509,0.7924528301886793,0.9,0.972972972972973,0.84,0.9692307692307692,0.0,0.030769230769230535
581,0.8618421052631579,0.8653929606990323,0.8425531914893617,0.78125,0.9723756906077348,0.6637168141592921,0.9493670886075949,0.0,0.050632911392404424
582,0.8717105263157895,0.8784051427828251,0.8571428571428571,0.8326180257510729,0.9454545454545454,0.7578125,0.9238095238095239,0.0,0.07619047619047546
583,0.8980263157894737,0.8941352242274765,0.7919463087248322,0.8904593639575972,1.0,0.802547770700637,1.0,0.0,0.0
584,0.9769736842105263,0.9756147701245741,0.9629629629629629,0.9683257918552036,0.9955555555555555,0.9469026548672567,0.9907407407407407,0.0,0.009259259259259174
585,0.9013157894736842,0.8973785522170288,0.8029197080291971,0.918918918918919,0.9702970297029703,0.8585858585858586,0.9883720930232558,0.0,0.011627906976744118
586,0.9177631578947368,0.9184120339932552,0.874251497005988,0.9027237354085603,0.9782608695652174,0.8405797101449275,0.9747899159663865,0.0,0.025210084033613234
587,0.9407894736842105,0.9457563712882862,0.9010989010989011,0.9361702127659575,1.0,0.88,1.0,0.0,0.0
588,0.9506578947368421,0.9489181682090565,0.9621621621621622,0.9501661129568106,0.9344262295081968,0.9407894736842105,0.959731543624161,0.0,0.04026845637583866
589,0.8947368421052632,0.880224251498241,0.8354430379746836,0.8279569892473119,0.9772727272727273,0.7333333333333333,0.9506172839506173,0.0,0.04938271604938211
590,0.8914473684210527,0.8479543094496366,0.6666666666666666,0.897196261682243,0.98,0.8275862068965517,0.9795918367346939,0.0,0.020408163265305986
591,0.9375,0.9197132616487456,0.8,0.9591397849462365,1.0,0.9214876033057852,1.0,0.0,0.0
592,0.9605263157894737,0.9720876138786587,1.0,0.961038961038961,0.9552238805970149,0.9801324503311258,0.9426751592356688,0.0,0.057324840764330844
593,0.8914473684210527,0.9034920634920635,0.8571428571428571,0.8533333333333334,1.0,0.7441860465116279,1.0,0.0,0.0
594,0.881578947368421,0.8835152044231048,0.8,0.8758620689655172,0.9746835443037974,0.79375,0.9769230769230769,0.0,0.0230769230769229
595,0.9046052631578947,0.9043777498670816,0.8322147651006712,0.9107692307692308,0.9701492537313433,0.8505747126436781,0.9801324503311258,0.0,0.01986754966887404
596,0.9802631578947368,0.964671844068829,0.9090909090909091,0.9849246231155779,1.0,0.9702970297029703,1.0,0.0,0.0
597,0.8914473684210527,0.897336206282918,0.850828729281768,0.8817204301075269,0.9594594594594594,0.8092105263157895,0.968503937007874,0.0,0.03149606299212574
598,0.9342105263157895,0.9261562378546445,0.8387096774193549,0.9397590361445783,1.0,0.8863636363636364,1.0,0.0,0.0
599,0.930921052631579,0.9279361904790933,0.8992248062015504,0.924187725631769,0.9603960396039604,0.8951048951048951,0.9552238805970149,0.0,0.04477611940298474
600,0.8453947368421053,0.8276442501561734,0.6976744186046512,0.8226415094339623,0.9626168224299065,0.7266666666666667,0.9478260869565217,0.0,0.05217391304347781
601,0.8355263157894737,0.8073022312373226,0.5689655172413793,0.8529411764705882,1.0,0.7435897435897436,1.0,0.0,0.0
602,0.7894736842105263,0.7560799153400941,0.5263157894736842,0.7987421383647799,0.9431818181818182,0.6902173913043478,0.9477611940298507,0.0,0.05223880597014886
603,0.9144736842105263,0.9136161808406973,0.8953488372093024,0.8828828828828829,0.9626168224299065,0.8305084745762712,0.9423076923076923,0.0,0.05769230769230714
604,0.8519736842105263,0.8421755680957093,0.7338129496402878,0.8327137546468402,0.96,0.7417218543046358,0.9491525423728814,0.0,0.05084745762711822
605,0.8782894736842105,0.8912019873635114,0.8121827411167513,0.8614232209737828,1.0,0.756578947368421,1.0,0.0,0.0
606,0.868421052631579,0.8644490496231864,0.7924528301886793,0.8347107438016529,0.966183574879227,0.7481481481481481,0.9439252336448598,0.0,0.056074766355139666
607,0.9638157894736842,0.9644444444444445,0.9333333333333333,0.96,1.0,0.9230769230769231,1.0,0.0,0.0
608,0.8881578947368421,0.8963399834959468,0.8715596330275229,0.8888888888888888,0.9285714285714286,0.8192771084337349,0.9714285714285714,0.0,0.02857142857142837
609,0.9703947368421053,0.9578250606997797,0.9113924050632911,0.9714285714285714,0.9906542056074766,0.9503105590062112,0.9935064935064936,0.0,0.0064935064935064514
610,0.8486842105263158,0.846463267944927,0.7692307692307693,0.8217054263565892,0.9484536082474226,0.7361111111111112,0.9298245614035088,0.0,0.07017543859649061
611,0.7697368421052632,0.8031880286271958,0.6886792452830188,0.7586206896551724,0.9622641509433962,0.6214689265536724,0.9734513274336283,0.0,0.02654867256637145
612,0.9605263157894737,0.9503733343350129,0.8990825688073395,0.9565217391304348,0.9955156950672646,0.9166666666666666,1.0,0.0,0.0
613,0.8914473684210527,0.8508090851900886,0.72,0.8782287822878229,0.9541984732824428,0.8321678321678322,0.9296875,0.0,0.07031249999999946
614,0.8651315789473685,0.8508835022496225,0.7213114754098361,0.8831908831908832,0.9481481481481482,0.8157894736842105,0.9627329192546584,0.0,0.03726708074534139
615,0.8914473684210527,0.7781865249676408,0.47619047619047616,0.8583690987124464,1.0,0.7518796992481203,1.0,0.0,0.0
616,0.819078947368421,0.830719839654157,0.7011494252873564,0.8122866894197952,0.9787234042553191,0.6918604651162791,0.9834710743801653,0.0,0.016528925619834576
617,0.9605263157894737,0.9542125300774732,0.9043478260869565,0.9649122807017544,0.9933774834437086,0.9322033898305084,1.0,0.0,0.0
618,0.8289473684210527,0.8465480426243849,0.743455497382199,0.8194444444444444,0.9767441860465116,0.7023809523809523,0.9833333333333333,0.0,0.016666666666666528
619,0.9671052631578947,0.9207514198339887,0.8,0.9714285714285714,0.9908256880733946,0.9550561797752809,0.9883720930232558,0.0,0.011627906976744118
620,0.9342105263157895,0.930956743850297,0.8840579710144928,0.9310344827586207,0.9777777777777777,0.8881578947368421,0.9782608695652174,0.0,0.021739130434782452
621,0.9605263157894737,0.9559980513944709,0.9285714285714286,0.9478260869565217,0.9915966386554622,0.9083333333333333,0.990909090909091,0.0,0.009090909090909009
622,0.8980263157894737,0.899504448749686,0.8625,0.8912280701754386,0.9447852760736196,0.8355263157894737,0.9548872180451128,0.0,0.04511278195488688
623,0.9111842105263158,0.9035166633629649,0.8994708994708994,0.9221902017291066,0.8888888888888888,0.8839779005524862,0.963855421686747,0.0,0.036144578313252795
624,0.9210526315789473,0.9240224545102594,0.8809523809523809,0.926829268292683,0.9642857142857143,0.8786127167630058,0.9806451612903225,0.0,0.019354838709677295
625,0.930921052631579,0.9303346692383802,0.9172932330827067,0.9247311827956989,0.9489795918367347,0.8958333333333334,0.9555555555555556,0.0,0.04444444444444412
626,0.819078947368421,0.7351255130128068,0.4,0.8467966573816156,0.9585798816568047,0.7524752475247525,0.9681528662420382,0.0,0.03184713375796158
627,0.8519736842105263,0.8648807623145052,0.7133757961783439,0.8812664907651715,1.0,0.7877358490566038,1.0,0.0,0.0
628,0.9802631578947368,0.9767120109669936,0.96,0.9793103448275862,0.9908256880733946,0.9726027397260274,0.9861111111111112,0.0,0.013888888888888793
629,0.8256578947368421,0.8282214976529415,0.7329192546583851,0.8127208480565371,0.9390243902439024,0.71875,0.9349593495934959,0.0,0.06504065040650354
630,0.9111842105263158,0.8843765599643012,0.7764705882352941,0.9226361031518625,0.9540229885057471,0.8846153846153846,0.9640718562874252,0.0,0.035928143712574634
631,0.8881578947368421,0.8900026205450734,0.8679245283018868,0.8333333333333334,0.96875,0.7456140350877193,0.9444444444444444,0.0,0.05555555555555494
632,0.9177631578947368,0.9122992096643977,0.8428571428571429,0.9097472924187726,0.9842931937172775,0.8456375838926175,0.984375,0.0,0.015624999999999879
633,0.9243421052631579,0.9174561287768835,0.8391608391608392,0.9132075471698113,1.0,0.8402777777777778,1.0,0.0,0.0
634,0.8585526315789473,0.827304508155572,0.6126126126126126,0.8693009118541033,1.0,0.7688172043010753,1.0,0.0,0.0
635,0.9506578947368421,0.9501703163017031,0.8905109489051095,0.96,1.0,0.9230769230769231,1.0,0.0,0.0
636,0.8914473684210527,0.8664946567851972,0.819672131147541,0.8156424581005587,0.9641693811074918,0.7448979591836735,0.9012345679012346,0.0,0.09876543209876422
637,0.9605263157894737,0.9614046982309441,0.9640287769784173,0.9568345323741008,0.9633507853403142,0.9568345323741008,0.9568345323741008,0.0,0.04316546762589897
638,0.9868421052631579,0.9878787878787879,1.0,0.9886363636363636,0.975,0.9942857142857143,0.9830508474576272,0.0,0.016949152542372788
639,0.8980263157894737,0.8680781412402099,0.7368421052631579,0.8949152542372881,0.9724770642201835,0.8301886792452831,0.9705882352941176,0.0,0.029411764705882137
640,0.868421052631579,0.8580807193976642,0.7611940298507462,0.893048128342246,0.92,0.835,0.9597701149425287,0.0,0.040229885057471035
641,0.8388157894736842,0.8694560835830986,0.7537688442211056,0.8545994065281899,1.0,0.7461139896373057,1.0,0.0,0.0
642,0.7960526315789473,0.79661613554231,0.6363636363636364,0.7919463087248322,0.9615384615384616,0.6704545454545454,0.9672131147540983,0.0,0.03278688524590137
643,0.8881578947368421,0.8424853577794754,0.6363636363636364,0.9028571428571428,0.9882352941176471,0.8315789473684211,0.9875,0.0,0.012499999999999923
644,0.9177631578947368,0.9016476552598226,0.8173913043478261,0.9049429657794676,0.9826086956521739,0.8439716312056738,0.9754098360655737,0.0,0.024590163934426028
645,0.9342105263157895,0.9397769808560367,0.8914285714285715,0.9363057324840764,0.9915966386554622,0.8802395209580839,1.0,0.0,0.0
646,0.8552631578947368,0.8286990416001112,0.6875,0.8151260504201681,0.9834710743801653,0.7028985507246377,0.97,0.0,0.0299999999999997
647,0.8980263157894737,0.8947939006858193,0.7947019867549668,0.8896797153024911,1.0,0.8012820512820513,1.0,0.0,0.0
648,0.868421052631579,0.8878205128205128,0.7916666666666666,0.8717948717948718,1.0,0.7727272727272727,1.0,0.0,0.0
649,0.8914473684210527,0.8021745201347904,0.5454545454545454,0.8715953307392996,0.9894736842105263,0.7832167832167832,0.9824561403508771,0.0,0.017543859649122653
650,0.9276315789473685,0.9140654869762476,0.8495575221238938,0.9133858267716536,0.979253112033195,0.8656716417910447,0.9666666666666667,0.0,0.033333333333333055
651,0.875,0.8769786554073523,0.8553459119496856,0.8633093525179856,0.9122807017543859,0.8163265306122449,0.916030534351145,0.0,0.08396946564885432
652,0.9605263157894737,0.9615242323344432,0.9411764705882353,0.9433962264150944,1.0,0.8928571428571429,1.0,0.0,0.0
653,0.7927631578947368,0.809267793138761,0.6428571428571429,0.8152492668621701,0.9696969696969697,0.6984924623115578,0.9788732394366197,0.0,0.021126760563380132
654,0.819078947368421,0.7316958807303141,0.4383561643835616,0.8160535117056856,0.940677966101695,0.7305389221556886,0.9242424242424242,0.0,0.07575757575757519
655,0.9013157894736842,0.9003048401144705,0.8333333333333334,0.9202127659574468,0.9473684210526315,0.865,0.9829545454545454,0.0,0.01704545454545445
656,0.8421052631578947,0.8231443098849077,0.7049180327868853,0.8716577540106952,0.8928571428571429,0.806930693069307,0.9476744186046512,0.0,0.052325581395348535
657,0.9375,0.9418351422964548,0.9282296650717703,0.9243027888446215,0.972972972972973,0.8787878787878788,0.9747899159663865,0.0,0.025210084033613234
658,0.9046052631578947,0.8795357939742966,0.7254901960784313,0.9201101928374655,0.993006993006993,0.8520408163265306,1.0,0.0,0.0
659,0.9276315789473685,0.9347851335656214,0.9073170731707317,0.9214285714285714,0.975609756097561,0.8716216216216216,0.9772727272727273,0.0,0.022727272727272554
660,0.8914473684210527,0.8931415360904187,0.8235294117647058,0.8558951965065502,1.0,0.7480916030534351,1.0,0.0,0.0
661,0.9276315789473685,0.9359788359788359,0.8690476190476191,0.9388888888888889,1.0,0.8848167539267016,1.0,0.0,0.0
662,0.8157894736842105,0.784727215659419,0.5818181818181818,0.8418079096045198,0.9305555555555556,0.7563451776649747,0.9490445859872612,0.0,0.05095541401273853
663,0.875,0.8766391334203268,0.7848101265822784,0.8707482993197279,0.9743589743589743,0.7852760736196319,0.9770992366412213,0.0,0.022900763358778452
664,0.8651315789473685,0.8831304878047548,0.8340807174887892,0.8530465949820788,0.9622641509433962,0.7579617834394905,0.9754098360655737,0.0,0.024590163934426028
665,0.9210526315789473,0.9037794899048714,0.7924528301886793,0.9325842696629213,0.9863013698630136,0.8829787234042553,0.9880952380952381,0.0,0.011904761904761835
666,0.8322368421052632,0.7667073667073666,0.5333333333333333,0.8547008547008547,0.9120879120879121,0.8021390374331551,0.9146341463414634,0.0,0.08536585365853606
667,0.9144736842105263,0.9010564215482247,0.819672131147541,0.9015151515151515,0.9819819819819819,0.8380281690140845,0.9754098360655737,0.0,0.024590163934426028
668,0.930921052631579,0.9165312768208013,0.8661417322834646,0.9501187648456056,0.9333333333333333,0.9174311926605505,0.9852216748768473,0.0,0.014778325123152638
669,0.9605263157894737,0.9657894736842105,0.9894736842105263,0.9605263157894737,0.9473684210526315,0.9798657718120806,0.9419354838709677,0.0,0.058064516129031886
670,0.9177631578947368,0.9242408589709153,0.8868778280542986,0.8858447488584474,1.0,0.7950819672131147,1.0,0.0,0.0
671,0.7828947368421053,0.7984014717400768,0.6878306878306878,0.753731343283582,0.9536423841059603,0.6234567901234568,0.9528301886792453,0.0,0.047169811320754276
672,0.8717105263157895,0.867547321613012,0.7956989247311828,0.8115942028985508,0.9953488372093023,0.6829268292682927,1.0,0.0,0.0
673,0.8848684210526315,0.8778209806384719,0.8,0.8471615720524017,0.9863013698630136,0.751937984496124,0.97,0.0,0.0299999999999997
674,0.944078947368421,0.9503568104250698,0.9090909090909091,0.9419795221843004,1.0,0.8903225806451613,1.0,0.0,0.0
675,0.8947368421052632,0.8777777777777778,0.7333333333333333,0.9,1.0,0.8181818181818182,1.0,0.0,0.0
676,0.8125,0.8013568485672723,0.6982248520710059,0.7323943661971831,0.9734513274336283,0.5954198473282443,0.9512195121951219,0.0,0.048780487804877454
677,0.9078947368421053,0.8747242296598347,0.7872340425531915,0.8627450980392157,0.9741935483870968,0.8,0.9361702127659575,0.0,0.06382978723404188
678,0.9078947368421053,0.8648303097618166,0.7123287671232876,0.92,0.9621621621621622,0.875,0.9698795180722891,0.0,0.030120481927710663
679,0.8848684210526315,0.8750075585477676,0.784,0.8973607038123167,0.9436619718309859,0.8406593406593407,0.9622641509433962,0.0,0.037735849056603536
680,0.8585526315789473,0.8589387784913963,0.7712418300653595,0.8700906344410876,0.9354838709677419,0.7955801104972375,0.96,0.0,0.03999999999999974
681,0.8881578947368421,0.9051541898223819,0.8210526315789474,0.8944099378881988,1.0,0.8089887640449438,1.0,0.0,0.0
682,0.9375,0.9308779214722606,0.875,0.9328621908127208,0.9847715736040609,0.8859060402684564,0.9850746268656716,0.0,0.014925373134328247
683,0.868421052631579,0.8374299012218224,0.660377358490566,0.8734177215189873,0.978494623655914,0.7885714285714286,0.9787234042553191,0.0,0.0212765957446807
684,0.8980263157894737,0.8937073835963374,0.7862068965517242,0.8949152542372881,1.0,0.8098159509202454,1.0,0.0,0.0
685,0.8782894736842105,0.8205996969646142,0.5714285714285714,0.896358543417367,0.9940119760479041,0.8121827411167513,1.0,0.0,0.0
686,0.8552631578947368,0.8501111177056337,0.7590361445783133,0.8103448275862069,0.9809523809523809,0.6962962962962963,0.9690721649484536,0.0,0.030927835051546074
687,0.8453947368421053,0.8400548400548401,0.7272727272727273,0.8185328185328186,0.9743589743589743,0.7066666666666667,0.9724770642201835,0.0,0.027522935779816262
688,0.9111842105263158,0.9159065554089527,0.8715083798882681,0.9025270758122743,0.9736842105263158,0.8389261744966443,0.9765625,0.0,0.02343749999999982
689,0.8322368421052632,0.8400068602448809,0.7657142857142857,0.8349514563106796,0.9193548387096774,0.7413793103448276,0.9555555555555556,0.0,0.04444444444444412
690,0.930921052631579,0.9275387878839222,0.9115646258503401,0.9041095890410958,0.9669421487603306,0.868421052631579,0.9428571428571428,0.0,0.0571428571428566
691,0.8585526315789473,0.8490205088773729,0.7384615384615385,0.8652037617554859,0.9433962264150944,0.7885714285714286,0.9583333333333334,0.0,0.04166666666666638
692,0.7006578947368421,0.7323445072857658,0.5193370165745856,0.7147335423197492,0.9629629629629629,0.5643564356435643,0.9743589743589743,0.0,0.02564102564102542
693,0.8848684210526315,0.8444268350949158,0.6813186813186813,0.8780487804878049,0.9739130434782609,0.802547770700637,0.9692307692307692,0.0,0.030769230769230535
694,0.8782894736842105,0.8405135996349697,0.7070707070707071,0.8438818565400844,0.9705882352941176,0.7633587786259542,0.9433962264150944,0.0,0.05660377358490513
695,0.8519736842105263,0.869833174773988,0.7960199004975125,0.8589341692789969,0.9545454545454546,0.7653631284916201,0.9785714285714285,0.0,0.021428571428571276
696,0.9605263157894737,0.9499410785698968,0.9113924050632911,0.9640718562874252,0.9743589743589743,0.9470588235294117,0.9817073170731707,0.0,0.018292682926829156
697,0.8914473684210527,0.8863391285141023,0.8211920529801324,0.8663967611336032,0.9714285714285714,0.7925925925925926,0.9553571428571429,0.0,0.04464285714285675
698,0.9111842105263158,0.9033852245385218,0.8672566371681416,0.9208211143695014,0.922077922077922,0.8971428571428571,0.9457831325301205,0.0,0.05421686746987919
699,0.9144736842105263,0.9121849294484864,0.8990825688073395,0.9007633587786259,0.9367088607594937,0.8872180451127819,0.9147286821705426,0.0,0.08527131782945671
700,0.8782894736842105,0.8498496322330519,0.7412587412587412,0.8082901554404145,1.0,0.6782608695652174,1.0,0.0,0.0
701,0.9276315789473685,0.9094650205761318,0.7962962962962963,0.9320987654320988,1.0,0.8728323699421965,1.0,0.0,0.0
702,0.9868421052631579,0.9895603947475736,1.0,0.9836065573770492,0.9850746268656716,0.9917355371900827,0.975609756097561,0.0,0.024390243902438827
703,0.9078947368421053,0.8843304843304843,0.7307692307692307,0.9222222222222223,1.0,0.8556701030927835,1.0,0.0,0.0
704,0.9506578947368421,0.9446806339946168,0.8970588235294118,0.9416342412451362,0.9953488372093023,0.8897058823529411,1.0,0.0,0.0
705,0.8223684210526315,0.835307706423999,0.7111111111111111,0.8085106382978723,0.9863013698630136,0.6867469879518072,0.9827586206896551,0.0,0.017241379310344678
706,0.9078947368421053,0.879428341384863,0.7777777777777778,0.875,0.9855072463768116,0.7967479674796748,0.9702970297029703,0.0,0.02970297029702941
707,0.9013157894736842,0.888806757508628,0.8691099476439791,0.8170731707317073,0.9802371541501976,0.7204301075268817,0.9436619718309859,0.0,0.056338028169013295
708,0.8519736842105263,0.8532712798006457,0.7570621468926554,0.8132780082987552,0.9894736842105263,0.6901408450704225,0.98989898989899,0.0,0.01010101010101
709,0.930921052631579,0.916421654248229,0.8705882352941177,0.9427792915531336,0.9358974358974359,0.9301075268817204,0.9558011049723757,0.0,0.044198895027624065
710,0.9769736842105263,0.9813939439703994,1.0,0.978328173374613,0.9658536585365853,0.9937106918238994,0.9634146341463414,0.0,0.03658536585365831
711,1.0,1.0,1.0,1.0,1.0,1.0,1.0,0.0,0.0
712,0.8256578947368421,0.7957272566168272,0.5892857142857143,0.8408408408408409,0.9570552147239264,0.7486631016042781,0.958904109589041,0.0,0.041095890410958624
713,0.9078947368421053,0.8978331891759929,0.7967479674796748,0.9171597633136095,0.9795918367346939,0.856353591160221,0.9872611464968153,0.0,0.012738853503184632
714,0.9013157894736842,0.8860657264346727,0.8118811881188119,0.8979591836734694,0.9483568075117371,0.868421052631579,0.9295774647887324,0.0,0.07042253521126711
715,0.8651315789473685,0.8386960264841884,0.6728971962616822,0.8831908831908832,0.96,0.8115183246073299,0.96875,0.0,0.031249999999999806
716,0.9506578947368421,0.9319360562350854,0.8723404255319149,0.933920704845815,0.9895470383275261,0.8907563025210085,0.9814814814814815,0.0,0.018518518518518347
717,0.8980263157894737,0.8929553279918244,0.8029197080291971,0.9015873015873016,0.9743589743589743,0.8352941176470589,0.9793103448275862,0.0,0.02068965517241365
718,0.8914473684210527,0.8768441248167184,0.7758620689655172,0.8925081433224755,0.9621621621621622,0.8353658536585366,0.958041958041958,0.0,0.04195804195804167
719,0.9375,0.9094946578378703,0.8285714285714286,0.9243027888446215,0.975609756097561,0.8923076923076924,0.9586776859504132,0.0,0.04132231404958644
720,0.9177631578947368,0.9087088553868198,0.847457627118644,0.9134948096885813,0.9651741293532339,0.8627450980392157,0.9705882352941176,0.0,0.029411764705882137
721,0.9111842105263158,0.909602849497856,0.8413793103448276,0.9148264984227129,0.9726027397260274,0.8579881656804734,0.9797297297297297,0.0,0.020270270270270133
722,0.8848684210526315,0.8667926264630604,0.78,0.8955223880597015,0.9248554913294798,0.8571428571428571,0.9375,0.0,0.06249999999999961
723,0.8618421052631579,0.8401785038953181,0.7256637168141593,0.8888888888888888,0.905982905982906,0.8316831683168316,0.9545454545454546,0.0,0.0454545454545452
724,0.9572368421052632,0.9408864841230803,0.8631578947368421,0.9595015576323987,1.0,0.9221556886227545,1.0,0.0,0.0
725,0.9144736842105263,0.8654872130108359,0.704225352112676,0.9133333333333333,0.9789029535864979,0.8616352201257862,0.9716312056737588,0.0,0.028368794326240936
726,0.9473684210526315,0.942187833905872,0.8943089430894309,0.9526627218934911,0.9795918367346939,0.9252873563218391,0.9817073170731707,0.0,0.018292682926829156
727,0.9210526315789473,0.8959877540759894,0.7708333333333334,0.9457013574660633,0.9714285714285714,0.9008620689655172,0.9952380952380953,0.0,0.004761904761904739
728,0.8421052631578947,0.8402639369082321,0.7248322147651006,0.8666666666666667,0.9292929292929293,0.7839195979899497,0.968944099378882,0.0,0.03105590062111782
729,0.8519736842105263,0.8464460663349339,0.7647058823529411,0.8534201954397395,0.9212121212121213,0.7891566265060241,0.9290780141843972,0.0,0.07092198581560234
730,0.8388157894736842,0.8514423862262733,0.7262569832402235,0.8280701754385965,1.0,0.7065868263473054,1.0,0.0,0.0
731,0.9111842105263158,0.9117459868467576,0.8491620111731844,0.8860759493670886,1.0,0.7954545454545454,1.0,0.0,0.0
732,0.9078947368421053,0.9057740205000478,0.8493150684931506,0.9020979020979021,0.9659090909090909,0.8486842105263158,0.9626865671641791,0.0,0.03731343283582062
733,0.8453947368421053,0.8552747216440347,0.7777777777777778,0.8406779661016949,0.9473684210526315,0.7515151515151515,0.9538461538461539,0.0,0.0461538461538458
734,0.9375,0.9369465895541514,0.9166666666666666,0.9355932203389831,0.9585798816568047,0.9078947368421053,0.965034965034965,0.0,0.034965034965034725
735,0.8421052631578947,0.7705660650866131,0.4523809523809524,0.873015873015873,0.9863013698630136,0.7819905213270142,0.9880239520958084,0.0,0.011976047904191545
736,0.9243421052631579,0.934040963905003,0.8910891089108911,0.9192982456140351,0.9917355371900827,0.8562091503267973,0.9924242424242424,0.0,0.007575757575757519
737,0.881578947368421,0.8595762922808862,0.7090909090909091,0.8959537572254336,0.9736842105263158,0.824468085106383,0.9810126582278481,0.0,0.018987341772151778
738,0.8355263157894737,0.7738530819026176,0.5,0.8803827751196173,0.9411764705882353,0.8070175438596491,0.968421052631579,0.0,0.03157894736842089
739,0.875,0.8471293016747562,0.6984126984126984,0.8429752066115702,1.0,0.7285714285714285,1.0,0.0,0.0
740,0.9078947368421053,0.9014363732823453,0.8322147651006712,0.8861788617886179,0.9859154929577465,0.8074074074074075,0.9819819819819819,0.0,0.01801801801801786
741,0.8782894736842105,0.8709035487854369,0.746268656716418,0.8868501529051988,0.9795918367346939,0.8100558659217877,0.9797297297297297,0.0,0.020270270270270133
742,0.7993421052631579,0.8164767997605619,0.75,0.7312775330396476,0.9681528662420382,0.5971223021582733,0.9431818181818182,0.0,0.05681818181818118
743,0.8980263157894737,0.9041109980065318,0.875,0.8856088560885609,0.9517241379310345,0.821917808219178,0.96,0.0,0.03999999999999968
744,0.9407894736842105,0.9419576114677689,0.891566265060241,0.9343065693430657,1.0,0.8767123287671232,1.0,0.0,0.0
745,0.9703947368421053,0.9706568479030051,0.9664429530201343,0.967032967032967,0.978494623655914,0.9565217391304348,0.9777777777777777,0.0,0.02222222222222206
746,0.9539473684210527,0.9567719298245615,0.944,0.9263157894736842,1.0,0.8627450980392157,1.0,0.0,0.0
747,0.9375,0.9335213685695015,0.9219858156028369,0.9452449567723343,0.9333333333333333,0.9265536723163842,0.9647058823529412,0.0,0.035294117647058615
748,0.9605263157894737,0.9573867956816278,0.9172932330827067,0.9607843137254902,0.9940828402366864,0.930379746835443,0.9932432432432432,0.0,0.006756756756756711
749,0.9177631578947368,0.909655210012695,0.8031496062992126,0.9258160237388724,1.0,0.861878453038674,1.0,0.0,0.0
750,0.9144736842105263,0.9065159232549312,0.8656716417910447,0.9293478260869565,0.9245283018867925,0.8952879581151832,0.9661016949152542,0.0,0.033898305084745575
751,0.8585526315789473,0.8542660068975859,0.7692307692307693,0.8491228070175438,0.9444444444444444,0.7756410256410257,0.937984496124031,0.0,0.06201550387596851
752,0.8980263157894737,0.8087459125991235,0.56,0.9051987767584098,0.961038961038961,0.8604651162790697,0.9548387096774194,0.0,0.04516129032258036
753,0.9144736842105263,0.6859053989488771,0.15384615384615385,0.9192546583850931,0.9846153846153847,0.8654970760233918,0.9801324503311258,0.0,0.01986754966887404
754,0.8848684210526315,0.878045829602923,0.7552447552447552,0.8788927335640139,1.0,0.7839506172839507,1.0,0.0,0.0
755,0.8322368421052632,0.8124915694185061,0.6451612903225806,0.8305647840531561,0.9617486338797814,0.7352941176470589,0.9541984732824428,0.0,0.045801526717556905
756,0.930921052631579,0.9059934905136143,0.8235294117647058,0.9049773755656109,0.9894736842105263,0.8403361344537815,0.9803921568627451,0.0,0.01960784313725471
757,0.9111842105263158,0.8947118491422289,0.8288288288288288,0.8860759493670886,0.9692307692307692,0.8333333333333334,0.9459459459459459,0.0,0.05405405405405357
758,0.9473684210526315,0.9346039362032964,0.8688524590163934,0.9349593495934959,1.0,0.8778625954198473,1.0,0.0,0.0
759,0.9013157894736842,0.8955153337647342,0.8201438848920863,0.8928571428571429,0.9735449735449735,0.8278145695364238,0.9689922480620154,0.0,0.031007751937984256
760,0.9144736842105263,0.9121473245746502,0.890625,0.9155844155844156,0.9302325581395349,0.8924050632911392,0.94,0.0,0.0599999999999996
761,0.8618421052631579,0.8183210343469361,0.651685393258427,0.8489208633093526,0.9543568464730291,0.7763157894736842,0.9365079365079365,0.0,0.06349206349206299
762,0.9046052631578947,0.9010825548637887,0.8950276243093923,0.9123867069486404,0.8958333333333334,0.877906976744186,0.949685534591195,0.0,0.050314465408804715
763,0.9013157894736842,0.8638051047106775,0.7058823529411765,0.9147727272727273,0.9707602339181286,0.8563829787234043,0.9817073170731707,0.0,0.018292682926829156
764,0.8881578947368421,0.8844312866478455,0.8104575163398693,0.8682170542635659,0.9746192893401016,0.7832167832167832,0.9739130434782609,0.0,0.026086956521738904
765,0.8453947368421053,0.8384358263932835,0.6567164179104478,0.8668555240793201,0.9917355371900827,0.7688442211055276,0.9935064935064936,0.0,0.0064935064935064514
766,0.9078947368421053,0.9071580671580671,0.8378378378378378,0.92,0.9636363636363636,0.8655913978494624,0.9817073170731707,0.0,0.018292682926829156
767,0.9375,0.9148188834748253,0.8292682926829268,0.9506493506493506,0.9645390070921985,0.9242424242424242,0.9786096256684492,0.0,0.02139037433155069
768,0.805921052631579,0.7805047655069856,0.5546218487394958,0.8279883381924198,0.958904109589041,0.7244897959183674,0.9659863945578231,0.0,0.03401360544217664
769,0.8980263157894737,0.8661272416459139,0.7222222222222222,0.8803088803088803,0.995850622406639,0.7916666666666666,0.991304347826087,0.0,0.008695652173912969
770,0.8552631578947368,0.8686229229707491,0.782608695652174,0.8589743589743589,0.9642857142857143,0.7657142857142857,0.9781021897810219,0.0,0.021897810218977944
771,0.8848684210526315,0.874400009863296,0.7611940298507462,0.8780487804878049,0.983957219251337,0.7924528301886793,0.984375,0.0,0.015624999999999879
772,0.9967105263157895,0.9955186418037467,0.9896907216494846,0.9968652037617555,1.0,0.99375,1.0,0.0,0.0
773,0.9144736842105263,0.8902166741013345,0.819672131147541,0.8645833333333334,0.9863945578231292,0.7830188679245284,0.9651162790697675,0.0,0.034883720930232155
774,0.9342105263157895,0.9271564695864543,0.8661417322834646,0.9310344827586207,0.9842931937172775,0.8823529411764706,0.9854014598540146,0.0,0.014598540145985295
775,0.8486842105263158,0.7967996393959883,0.5490196078431373,0.8413793103448276,1.0,0.7261904761904762,1.0,0.0,0.0
776,0.9243421052631579,0.9133431592621276,0.8705882352941177,0.9260450160771704,0.9433962264150944,0.9113924050632911,0.9411764705882353,0.0,0.05882352941176432
777,0.9605263157894737,0.9527303828803434,0.972972972972973,0.9668508287292817,0.9183673469387755,0.9668508287292817,0.9668508287292817,0.0,0.03314917127071805
778,0.9078947368421053,0.9006085869471043,0.8085106382978723,0.8985507246376812,0.9947643979057592,0.8157894736842105,1.0,0.0,0.0
779,0.875,0.8850503444621092,0.8235294117647058,0.8716216216216216,0.96,0.7962962962962963,0.9626865671641791,0.0,0.03731343283582062
780,0.9046052631578947,0.8758728840920621,0.7070707070707071,0.9205479452054794,1.0,0.8527918781725888,1.0,0.0,0.0
781,0.7664473684210527,0.7774251062912674,0.5534591194968553,0.778816199376947,1.0,0.6377551020408163,1.0,0.0,0.0
782,0.8618421052631579,0.8513141972874566,0.7368421052631579,0.8264462809917356,0.9906542056074766,0.704225352112676,1.0,0.0,0.0
783,0.9868421052631579,0.9884637378483877,1.0,0.983739837398374,0.981651376146789,0.9918032786885246,0.9758064516129032,0.0,0.02419354838709658
784,0.7796052631578947,0.8061352550364712,0.6868686868686869,0.7774086378737541,0.9541284403669725,0.65,0.9669421487603306,0.0,0.03305785123966915
785,0.9144736842105263,0.9168440108195721,0.8941176470588236,0.9057971014492754,0.9506172839506173,0.8620689655172413,0.9541984732824428,0.0,0.045801526717556905
786,0.8980263157894737,0.8962073381270016,0.8658536585365854,0.8646288209606987,0.958139534883721,0.7983870967741935,0.9428571428571428,0.0,0.0571428571428566
787,0.8881578947368421,0.8821564735167154,0.7605633802816901,0.8859060402684564,1.0,0.7951807228915663,1.0,0.0,0.0
788,0.944078947368421,0.9452484953400834,0.8874172185430463,0.9483282674772037,1.0,0.9017341040462428,1.0,0.0,0.0
789,0.8651315789473685,0.8475557140484152,0.7924528301886793,0.7807486631016043,0.9694656488549618,0.6822429906542056,0.9125,0.0,0.08749999999999891
790,0.881578947368421,0.8335016835016834,0.65,0.8909090909090909,0.9595959595959596,0.8305084745762712,0.9607843137254902,0.0,0.03921568627450955
791,0.930921052631579,0.9243024093880874,0.8571428571428571,0.9341692789968652,0.9815950920245399,0.8869047619047619,0.9867549668874173,0.0,0.013245033112582695
792,0.8717105263157895,0.7979455875638162,0.5352112676056338,0.9027431421446384,0.9558823529411765,0.8418604651162791,0.9731182795698925,0.0,0.02688172043010738
793,0.9967105263157895,0.9975895005531236,1.0,0.9967845659163987,0.9959839357429718,1.0,0.9935897435897436,0.0,0.006410256410256369
794,0.9605263157894737,0.9596567299006323,0.96,0.9634146341463414,0.9555555555555556,0.9634146341463414,0.9634146341463414,0.0,0.03658536585365831
795,0.7960526315789473,0.7766703230953332,0.7522935779816514,0.6125,0.9652173913043478,0.4666666666666667,0.8909090909090909,0.0,0.1090909090909071
796,0.9243421052631579,0.9117494018408653,0.8288288288288288,0.9376693766937669,0.96875,0.8963730569948186,0.9829545454545454,0.0,0.01704545454545445
797,0.8717105263157895,0.8919745845552297,0.85,0.8581818181818182,0.967741935483871,0.7612903225806451,0.9833333333333333,0.0,0.016666666666666528
798,0.8782894736842105,0.8620122484689414,0.8031496062992126,0.9028871391076115,0.88,0.86,0.9502762430939227,0.0,0.049723756906077075
799,0.9671052631578947,0.9640327762753392,0.9473684210526315,0.9621212121212122,0.9826086956521739,0.9477611940298507,0.9769230769230769,0.0,0.0230769230769229
800,0.9177631578947368,0.9252841752555456,0.875,0.9077490774907749,0.993103448275862,0.8367346938775511,0.9919354838709677,0.0,0.008064516129032194
801,0.9243421052631579,0.9138867222160316,0.8990825688073395,0.882051282051282,0.9605263157894737,0.86,0.9052631578947369,0.0,0.09473684210526216
802,0.868421052631579,0.8028858222850713,0.5909090909090909,0.8319327731092437,0.9858156028368794,0.7279411764705882,0.9705882352941176,0.0,0.029411764705882065
803,0.9177631578947368,0.9068344974029311,0.8264462809917356,0.9146757679180887,0.979381443298969,0.8589743589743589,0.9781021897810219,0.0,0.021897810218977944
804,0.9375,0.9429810298102982,0.92,0.9333333333333333,0.975609756097561,0.8926174496644296,0.9779411764705882,0.0,0.022058823529411603
805,0.8881578947368421,0.7949514253862079,0.5,0.9065934065934066,0.9782608695652174,0.8418367346938775,0.9821428571428571,0.0,0.017857142857142752
806,0.9078947368421053,0.8749028749028748,0.7307692307692307,0.8939393939393939,1.0,0.8082191780821918,1.0,0.0,0.0
807,0.8355263157894737,0.8162702555778254,0.6887417218543046,0.7727272727272727,0.9873417721518988,0.6390977443609023,0.9770114942528736,0.0,0.022988505747126173
808,0.944078947368421,0.9348672714526374,0.8828828828828829,0.9407665505226481,0.9809523809523809,0.9060402684563759,0.9782608695652174,0.0,0.021739130434782452
809,0.8453947368421053,0.8577148577148578,0.7542857142857143,0.8588588588588588,0.96,0.7647058823529411,0.9794520547945206,0.0,0.020547945205479312
810,0.8453947368421053,0.8071379875980477,0.6078431372549019,0.8498402555910544,0.9637305699481865,0.764367816091954,0.9568345323741008,0.0,0.04316546762589897
811,0.8125,0.7697782841334679,0.5523809523809524,0.8041237113402062,0.9528301886792453,0.7005988023952096,0.9435483870967742,0.0,0.056451612903225354
812,0.8388157894736842,0.8286195286195287,0.6962962962962963,0.835016835016835,0.9545454545454546,0.7425149700598802,0.9538461538461539,0.0,0.0461538461538458
813,0.9473684210526315,0.9487654320987654,0.9333333333333333,0.95,0.9629629629629629,0.926829268292683,0.9743589743589743,0.0,0.025641025641025477
814,0.8914473684210527,0.865258528975343,0.7256637168141593,0.8791208791208791,0.990990990990991,0.7894736842105263,0.9917355371900827,0.0,0.008264462809917288
815,0.7960526315789473,0.7649196093341976,0.5084745762711864,0.8109756097560976,0.9753086419753086,0.6927083333333334,0.9779411764705882,0.0,0.022058823529411603
816,0.9638157894736842,0.9667622366817176,0.9299363057324841,0.9703504043126685,1.0,0.9424083769633508,1.0,0.0,0.0
817,0.8980263157894737,0.8527903469079939,0.6352941176470588,0.9230769230769231,1.0,0.8571428571428571,1.0,0.0,0.0
818,0.9210526315789473,0.917490330898152,0.8531468531468531,0.916083916083916,0.9832402234636871,0.8618421052631579,0.9776119402985075,0.0,0.02238805970149237
819,0.9375,0.9306808134394341,0.8689655172413793,0.9230769230769231,1.0,0.8571428571428571,1.0,0.0,0.0
820,0.8519736842105263,0.7908690131400608,0.5176470588235295,0.8872180451127819,0.967741935483871,0.8082191780821918,0.9833333333333333,0.0,0.016666666666666576
821,0.9078947368421053,0.6724567766811087,0.12903225806451613,0.8914728682170543,0.9968652037617555,0.8041958041958042,1.0,0.0,0.0
822,0.930921052631579,0.9323201050755231,0.8983957219251337,0.9090909090909091,0.9894736842105263,0.84,0.9905660377358491,0.0,0.009433962264150855
823,0.8519736842105263,0.8509257413367003,0.726027397260274,0.8717948717948718,0.954954954954955,0.7846153846153846,0.9807692307692307,0.0,0.019230769230769107
824,0.8980263157894737,0.8956854511418156,0.8493150684931506,0.8838951310861424,0.9538461538461539,0.8309859154929577,0.944,0.0,0.05599999999999956
825,0.9276315789473685,0.9287821873809134,0.9299363057324841,0.9230769230769231,0.9333333333333333,0.9041095890410958,0.9428571428571428,0.0,0.05714285714285674
826,0.9539473684210527,0.9460628019323671,0.9565217391304348,0.9066666666666666,0.975,0.8947368421052632,0.918918918918919,0.0,0.08108108108107999
827,0.8848684210526315,0.9036579518853823,0.8430493273542601,0.8679245283018868,1.0,0.7666666666666667,1.0,0.0,0.0
828,0.9078947368421053,0.8917966753674955,0.816,0.8793103448275862,0.9800796812749004,0.8031496062992126,0.9714285714285714,0.0,0.0285714285714283
829,0.8914473684210527,0.8883689978580489,0.7591240875912408,0.905982905982906,1.0,0.828125,1.0,0.0,0.0
830,0.9111842105263158,0.8202025923351327,0.5777777777777777,0.9158878504672897,0.9669421487603306,0.875,0.9607843137254902,0.0,0.03921568627450955
831,0.8914473684210527,0.8366719779239844,0.6410256410256411,0.9251700680272109,0.9438202247191011,0.8755364806866953,0.9807692307692307,0.0,0.019230769230769138
832,0.8322368421052632,0.8058009817045962,0.6222222222222222,0.7951807228915663,1.0,0.66,1.0,0.0,0.0
833,0.9078947368421053,0.9040883190883191,0.88,0.875,0.9572649572649573,0.8235294117647058,0.9333333333333333,0.0,0.06666666666666604
834,0.930921052631579,0.9220419503297915,0.8387096774193549,0.9333333333333333,0.9940828402366864,0.8802395209580839,0.9932432432432432,0.0,0.006756756756756711
835,0.9572368421052632,0.9551066217732883,0.9090909090909091,0.9562289562289562,1.0,0.9161290322580645,1.0,0.0,0.0
836,0.9375,0.937512329186896,0.9463414634146341,0.9328621908127208,0.9333333333333333,0.9103448275862069,0.9565217391304348,0.0,0.043478260869564904
837,0.9342105263157895,0.932994032221602,0.9012345679012346,0.9173553719008265,0.9803921568627451,0.8671875,0.9736842105263158,0.0,0.02631578947368398
838,0.8289473684210527,0.8464547828610117,0.7677725118483413,0.792,0.9795918367346939,0.6644295302013423,0.9801980198019802,0.0,0.019801980198019608
839,0.8947368421052632,0.8764923739543029,0.7878787878787878,0.8974358974358975,0.9441624365482234,0.8536585365853658,0.9459459459459459,0.0,0.05405405405405369
840,0.868421052631579,0.8651314660350805,0.7951807228915663,0.8290598290598291,0.9711538461538461,0.7293233082706767,0.9603960396039604,0.0,0.039603960396039216
841,0.8486842105263158,0.8603127369976645,0.7942583732057417,0.8050847457627118,0.9815950920245399,0.6834532374100719,0.979381443298969,0.0,0.020618556701030716
842,0.9375,0.9262611027316909,0.8376068376068376,0.9411764705882353,1.0,0.8888888888888888,1.0,0.0,0.0
843,0.8947368421052632,0.9010205637446574,0.8585365853658536,0.8620689655172413,0.9824561403508771,0.7751937984496124,0.970873786407767,0.0,0.02912621359223273
844,0.8881578947368421,0.8919445796819215,0.7974683544303798,0.89375,0.9846153846153847,0.8171428571428572,0.9862068965517241,0.0,0.013793103448275768
845,0.8651315789473685,0.8674928841229873,0.7848101265822784,0.8673139158576052,0.950354609929078,0.788235294117647,0.9640287769784173,0.0,0.035971223021582475
846,0.8848684210526315,0.8866225254437697,0.825,0.8788927335640139,0.9559748427672956,0.8141025641025641,0.9548872180451128,0.0,0.04511278195488688
847,0.7894736842105263,0.8086160171946547,0.6097560975609756,0.8160919540229885,1.0,0.6893203883495146,1.0,0.0,0.0
848,0.8782894736842105,0.862051940897703,0.7703703703703704,0.9095354523227384,0.90625,0.8532110091743119,0.9738219895287958,0.0,0.026178010471204053
849,0.9078947368421053,0.9126454417593658,0.8227848101265823,0.9151515151515152,1.0,0.8435754189944135,1.0,0.0,0.0
850,0.9736842105263158,0.9788346456692913,1.0,0.968503937007874,0.968,0.984,0.9534883720930233,0.0,0.04651162790697638
851,0.8651315789473685,0.8560598202058546,0.746268656716418,0.8610169491525423,0.9608938547486033,0.7791411042944786,0.9621212121212122,0.0,0.037878787878787595
852,1.0,1.0,1.0,1.0,1.0,1.0,1.0,0.0,0.0
853,0.9375,0.9413725025665324,0.9206349206349206,0.9333333333333333,0.9701492537313433,0.8926174496644296,0.9779411764705882,0.0,0.022058823529411603
854,0.9111842105263158,0.9153891105402628,0.8571428571428571,0.8949416342412452,0.9940828402366864,0.8156028368794326,0.9913793103448276,0.0,0.008620689655172339
855,0.8651315789473685,0.8150004518931068,0.6213592233009708,0.831275720164609,0.9923664122137404,0.7163120567375887,0.9901960784313726,0.0,0.009803921568627355
856,0.9243421052631579,0.9262394289106286,0.8866995073891626,0.892018779342723,1.0,0.8050847457627118,1.0,0.0,0.0
857,0.9111842105263158,0.8863777873253021,0.7619047619047619,0.9065743944636678,0.9906542056074766,0.8343949044585988,0.9924242424242424,0.0,0.007575757575757519
858,0.9736842105263158,0.9620262222363184,0.9213483146067416,0.968503937007874,0.9962264150943396,0.9461538461538461,0.9919354838709677,0.0,0.008064516129032194
859,0.9375,0.7949665978512132,0.4375,0.9533169533169533,0.9940828402366864,0.9150943396226415,0.9948717948717949,0.0,0.005128205128205102
860,0.9144736842105263,0.8222396293027362,0.56,0.9261363636363636,0.9805825242718447,0.8763440860215054,0.9819277108433735,0.0,0.018072289156626398
861,0.9144736842105263,0.9193911908197623,0.8777777777777778,0.9212121212121213,0.9591836734693877,0.8685714285714285,0.9806451612903225,0.0,0.019354838709677295
862,0.7796052631578947,0.7782916647044779,0.5882352941176471,0.7713310580204779,0.9753086419753086,0.6384180790960452,0.9741379310344828,0.0,0.02586206896551702
863,0.8157894736842105,0.8223603688758013,0.6666666666666666,0.838150289017341,0.9622641509433962,0.7323232323232324,0.9797297297297297,0.0,0.020270270270270133
864,0.8848684210526315,0.888377712924167,0.851063829787234,0.8523206751054853,0.9617486338797814,0.7709923664122137,0.9528301886792453,0.0,0.047169811320754276
865,0.8848684210526315,0.8795657196401138,0.782608695652174,0.9046321525885559,0.9514563106796117,0.8426395939086294,0.9764705882352941,0.0,0.023529411764705743
866,0.9013157894736842,0.8907971533450273,0.8169014084507042,0.8728813559322034,0.9826086956521739,0.7923076923076923,0.9716981132075472,0.0,0.028301886792452564
867,0.930921052631579,0.9298863278487857,0.8888888888888888,0.922509225092251,0.9782608695652174,0.8741258741258742,0.9765625,0.0,0.02343749999999982
868,0.9276315789473685,0.9269544393791381,0.8783783783783784,0.9337349397590361,0.96875,0.8908045977011494,0.9810126582278481,0.0,0.018987341772151778
869,0.9210526315789473,0.9317864131954151,0.8775510204081632,0.9178082191780822,1.0,0.8481012658227848,1.0,0.0,0.0
870,0.881578947368421,0.8853174603174603,0.8095238095238095,0.8714285714285714,0.975,0.7870967741935484,0.976,0.0,0.02399999999999981
871,0.9835526315789473,0.9849622194119801,0.9824561403508771,0.9806949806949807,0.9917355371900827,0.9694656488549618,0.9921875,0.0,0.007812499999999939
872,0.8256578947368421,0.8470603325307761,0.7699530516431925,0.8029739776951673,0.9682539682539683,0.6835443037974683,0.972972972972973,0.0,0.027027027027026786
873,0.8980263157894737,0.7965546492763199,0.509090909090909,0.8963210702341137,0.984251968503937,0.8271604938271605,0.9781021897810219,0.0,0.021897810218977944
874,0.9276315789473685,0.9074576066985935,0.8529411764705882,0.9408602150537635,0.9285714285714286,0.9358288770053476,0.9459459459459459,0.0,0.054054054054053766
875,0.9243421052631579,0.9115032788553141,0.8130081300813008,0.9215017064846417,1.0,0.8544303797468354,1.0,0.0,0.0
876,0.8651315789473685,0.8312263711503255,0.6666666666666666,0.844106463878327,0.9829059829059829,0.7449664429530202,0.9736842105263158,0.0,0.02631578947368398
877,0.875,0.8337024732373569,0.6904761904761905,0.8571428571428571,0.9534883720930233,0.7972027972027972,0.926829268292683,0.0,0.07317073170731649
878,0.9078947368421053,0.8926931624886704,0.7894736842105263,0.910828025477707,0.9777777777777777,0.8511904761904762,0.9794520547945206,0.0,0.020547945205479312
879,0.9078947368421053,0.9092410783855384,0.8494623655913979,0.8782608695652174,1.0,0.7829457364341085,1.0,0.0,0.0
880,0.9177631578947368,0.8973882158652594,0.8181818181818182,0.9122807017543859,0.9617021276595744,0.8783783783783784,0.948905109489051,0.0,0.05109489051094854
881,0.8914473684210527,0.845573396507853,0.6206896551724138,0.916030534351145,1.0,0.8450704225352113,1.0,0.0,0.0
882,0.9243421052631579,0.8983738542098164,0.7676767676767676,0.9274447949526814,1.0,0.8647058823529412,1.0,0.0,0.0
883,0.8421052631578947,0.8440633440633439,0.7435897435897436,0.8441558441558441,0.9444444444444444,0.7558139534883721,0.9558823529411765,0.0,0.044117647058823206
884,0.8585526315789473,0.853698299682816,0.704225352112676,0.8634920634920635,0.9933774834437086,0.7597765363128491,1.0,0.0,0.0
885,0.9769736842105263,0.9764736436062543,0.9536423841059603,0.9757785467128027,1.0,0.9527027027027027,1.0,0.0,0.0
886,0.8914473684210527,0.9077139959083329,0.8405797101449275,0.8825622775800712,1.0,0.7898089171974523,1.0,0.0,0.0
887,0.7993421052631579,0.8088076011070214,0.7407407407407407,0.7136150234741784,0.9720670391061452,0.5671641791044776,0.9620253164556962,0.0,0.03797468354430332
888,0.8092105263157895,0.8172760996290408,0.7058823529411765,0.8,0.9459459459459459,0.6904761904761905,0.9508196721311475,0.0,0.049180327868852056
889,0.8717105263157895,0.8732883983081982,0.7948717948717948,0.8792569659442725,0.9457364341085271,0.8068181818181818,0.9659863945578231,0.0,0.03401360544217664
890,0.9967105263157895,0.9972599953976485,1.0,0.9968051118210862,0.9949748743718593,0.9936305732484076,1.0,0.0,0.0
891,0.9342105263157895,0.9463785514205681,0.8979591836734694,0.9411764705882353,1.0,0.8888888888888888,1.0,0.0,0.0
892,0.9177631578947368,0.9238911180849745,0.8865979381443299,0.9049429657794676,0.9801324503311258,0.8380281690140845,0.9834710743801653,0.0,0.016528925619834576
893,0.7828947368421053,0.7549580832045911,0.556390977443609,0.7401574803149606,0.9683257918552036,0.6064516129032258,0.9494949494949495,0.0,0.05050505050505
894,0.9046052631578947,0.8984074801407974,0.8372093023255814,0.9010238907849829,0.956989247311828,0.8516129032258064,0.9565217391304348,0.0,0.043478260869564904
895,0.9407894736842105,0.9315070999853609,0.8888888888888888,0.9510869565217391,0.9545454545454546,0.9308510638297872,0.9722222222222222,0.0,0.027777777777777624
896,0.8421052631578947,0.8242512077294686,0.6666666666666666,0.8260869565217391,0.98,0.7169811320754716,0.9743589743589743,0.0,0.02564102564102542
897,0.9342105263157895,0.9021546830557906,0.8064516129032258,0.946524064171123,0.9534883720930233,0.9267015706806283,0.9672131147540983,0.0,0.03278688524590146
898,0.8519736842105263,0.8532712798006457,0.7570621468926554,0.8132780082987552,0.9894736842105263,0.6901408450704225,0.98989898989899,0.0,0.01010101010101
899,0.9046052631578947,0.8958037139855323,0.8264462809917356,0.9129129129129129,0.948051948051948,0.8685714285714285,0.9620253164556962,0.0,0.037974683544303556
900,0.9342105263157895,0.9365079365079364,0.9047619047619048,0.935064935064935,0.9696969696969697,0.8944099378881988,0.9795918367346939,0.0,0.020408163265305986
901,0.8914473684210527,0.8948053366974734,0.8764044943820225,0.8715953307392996,0.9364161849710982,0.8175182481751825,0.9333333333333333,0.0,0.06666666666666611
902,0.8585526315789473,0.8209133523135765,0.62,0.8716417910447761,0.9710982658959537,0.7849462365591398,0.9798657718120806,0.0,0.02013422818791933
903,0.8585526315789473,0.8824643063187197,0.8200836820083682,0.8273092369477911,1.0,0.7054794520547946,1.0,0.0,0.0
904,0.7664473684210527,0.7984021738090455,0.726530612244898,0.70042194092827,0.9682539682539683,0.5496688741721855,0.9651162790697675,0.0,0.034883720930232155
905,0.9276315789473685,0.9334734496104414,0.9134615384615384,0.9261744966442953,0.9607843137254902,0.8789808917197452,0.9787234042553191,0.0,0.0212765957446807
906,0.9769736842105263,0.9771567508652593,0.9795918367346939,0.9780564263322884,0.9738219895287958,0.9811320754716981,0.975,0.0,0.024999999999999845
907,0.9078947368421053,0.8857802683915096,0.7755102040816326,0.9234972677595629,0.9583333333333334,0.8802083333333334,0.9712643678160919,0.0,0.028735632183907883
908,0.9605263157894737,0.9461407141041008,0.8947368421052632,0.9627329192546584,0.9809523809523809,0.9451219512195121,0.9810126582278481,0.0,0.018987341772151778
909,0.8453947368421053,0.8569506982638185,0.7514450867052023,0.8571428571428571,0.9622641509433962,0.7621621621621621,0.9791666666666666,0.0,0.02083333333333319
910,0.9868421052631579,0.9890220174091141,1.0,0.978494623655914,0.9885714285714285,0.9891304347826086,0.9680851063829787,0.0,0.03191489361702094
911,0.9375,0.9387764821456265,0.896969696969697,0.9314079422382672,0.9879518072289156,0.8775510204081632,0.9923076923076923,0.0,0.007692307692307634
912,0.8519736842105263,0.8499347110908092,0.7222222222222222,0.8710601719197708,0.9565217391304348,0.7875647668393783,0.9743589743589743,0.0,0.025641025641025477
913,0.881578947368421,0.9012145748987854,0.8421052631578947,0.8615384615384616,1.0,0.7567567567567568,1.0,0.0,0.0
914,0.9703947368421053,0.9775741600769843,1.0,0.967741935483871,0.9649805447470817,0.9782608695652174,0.9574468085106383,0.0,0.0425531914893614
915,0.8881578947368421,0.8885672839333801,0.7974683544303798,0.8802816901408451,0.9879518072289156,0.7911392405063291,0.9920634920634921,0.0,0.007936507936507874
916,0.9572368421052632,0.9255179238772349,0.8115942028985508,0.9649595687331537,1.0,0.9322916666666666,1.0,0.0,0.0
917,0.9276315789473685,0.9153731858879629,0.8705882352941177,0.9197080291970803,0.9558232931726908,0.9064748201438849,0.9333333333333333,0.0,0.06666666666666618
918,0.7927631578947368,0.8274465955679666,0.7368421052631579,0.7758007117437722,0.9696969696969697,0.6449704142011834,0.9732142857142857,0.0,0.02678571428571405
919,0.9078947368421053,0.8992102846648301,0.8133333333333334,0.8842975206611571,1.0,0.7925925925925926,1.0,0.0,0.0
920,0.9013157894736842,0.8883656794441581,0.7899159663865546,0.9210526315789473,0.9541284403669725,0.8706467661691543,0.9776536312849162,0.0,0.022346368715083675
921,0.9243421052631579,0.9216907373150969,0.87248322147651,0.9132075471698113,0.979381443298969,0.8581560283687943,0.9758064516129032,0.0,0.02419354838709658
922,0.8421052631578947,0.8518245434374467,0.783410138248848,0.7777777777777778,0.9942857142857143,0.6363636363636364,1.0,0.0,0.0
923,0.881578947368421,0.8825116488016883,0.8837209302325582,0.8392857142857143,0.9245283018867925,0.7966101694915254,0.8867924528301887,0.0,0.11320754716981025
924,0.9013157894736842,0.8705488769736917,0.723404255319149,0.9107142857142857,0.9775280898876404,0.85,0.9807692307692307,0.0,0.019230769230769107
925,0.9539473684210527,0.9543565685118196,0.948051948051948,0.952054794520548,0.9629629629629629,0.9391891891891891,0.9652777777777778,0.0,0.03472222222222198
926,0.881578947368421,0.888578220997303,0.835820895522388,0.847457627118644,0.9824561403508771,0.7518796992481203,0.970873786407767,0.0,0.02912621359223273
927,0.9144736842105263,0.918634702553972,0.8865979381443299,0.8925619834710744,0.9767441860465116,0.8244274809160306,0.972972972972973,0.0,0.027027027027026786
928,0.9342105263157895,0.927411044432321,0.8888888888888888,0.9358974358974359,0.9574468085106383,0.9125,0.9605263157894737,0.0,0.03947368421052606
929,0.8552631578947368,0.8589791910080362,0.7857142857142857,0.8394160583941606,0.9518072289156626,0.7516339869281046,0.9504132231404959,0.0,0.049586776859503724
930,0.8881578947368421,0.8865051489485879,0.7843137254901961,0.8811188811188811,0.9940828402366864,0.7924528301886793,0.9921259842519685,0.0,0.007874015748031435
931,0.881578947368421,0.8824858757062147,0.8,0.847457627118644,1.0,0.7352941176470589,1.0,0.0,0.0
932,0.9342105263157895,0.9305006868356268,0.8970588235294118,0.9224806201550387,0.9719626168224299,0.8814814814814815,0.967479674796748,0.0,0.03252032520325177
933,0.9671052631578947,0.9452883067013501,0.8888888888888888,0.9759615384615384,0.9710144927536232,0.9666666666666667,0.9854368932038835,0.0,0.014563106796116434
934,0.9638157894736842,0.9636151013212784,0.9565217391304348,0.9531914893617022,0.9811320754716981,0.9333333333333333,0.9739130434782609,0.0,0.026086956521738904
935,0.8585526315789473,0.8621427241029113,0.8160919540229885,0.8643533123028391,0.905982905982906,0.8011695906432749,0.9383561643835616,0.0,0.061643835616437936
936,0.8486842105263158,0.8535714285714286,0.75,0.8357142857142857,0.975,0.73125,0.975,0.0,0.024999999999999793
937,0.9671052631578947,0.9639004896166101,0.9411764705882353,0.9657534246575342,0.9847715736040609,0.9463087248322147,0.986013986013986,0.0,0.013986013986013889
938,0.9572368421052632,0.9396484041645333,0.8602150537634409,0.9587301587301588,1.0,0.9207317073170732,1.0,0.0,0.0
939,0.8980263157894737,0.9004191902054135,0.8051948051948052,0.9263657957244655,0.9696969696969697,0.8666666666666667,0.9948979591836735,0.0,0.005102040816326505
940,0.9868421052631579,0.9871497853149229,1.0,0.981651376146789,0.9797979797979798,0.9907407407407407,0.9727272727272728,0.0,0.027272727272727025
941,0.8585526315789473,0.8576242106816326,0.7640449438202247,0.8138528138528138,0.9949748743718593,0.6861313868613139,1.0,0.0,0.0
942,0.8914473684210527,0.8846708208777175,0.8551724137931035,0.905982905982906,0.8928571428571429,0.8688524590163934,0.9464285714285714,0.0,0.053571428571428256
943,0.9144736842105263,0.9094430820627645,0.8433734939759037,0.8849557522123894,1.0,0.7936507936507936,1.0,0.0,0.0
944,0.875,0.8383212804265435,0.6526315789473685,0.8972972972972973,0.965034965034965,0.83,0.9764705882352941,0.0,0.023529411764705743
945,0.881578947368421,0.8782080434413712,0.8028169014084507,0.88,0.9518072289156626,0.8148148148148148,0.9565217391304348,0.0,0.043478260869564904
946,0.8618421052631579,0.838819839010012,0.7256637168141593,0.8372093023255814,0.9535864978902954,0.7605633802816901,0.9310344827586207,0.0,0.06896551724137871
947,0.8980263157894737,0.8743892828999211,0.7428571428571429,0.9015873015873016,0.9787234042553191,0.8352941176470589,0.9793103448275862,0.0,0.02068965517241365
948,0.9835526315789473,0.9827020129517976,0.9953488372093023,0.9794238683127572,0.9733333333333334,0.9834710743801653,0.9754098360655737,0.0,0.024590163934426028
949,0.881578947368421,0.8750911298017398,0.7611940298507462,0.893491124260355,0.9705882352941176,0.8206521739130435,0.9805194805194806,0.0,0.019480519480519355
950,0.9111842105263158,0.852218208761693,0.6779661016949152,0.9114754098360656,0.9672131147540983,0.86875,0.9586206896551724,0.0,0.0413793103448273
951,0.9046052631578947,0.8939321748543257,0.8135593220338984,0.9096573208722741,0.9585798816568047,0.8588235294117647,0.9668874172185431,0.0,0.033112582781456734
952,0.8618421052631579,0.8762131156155534,0.8076923076923077,0.8346456692913385,0.9863013698630136,0.726027397260274,0.9814814814814815,0.0,0.018518518518518347
953,0.8848684210526315,0.8727382069970017,0.82,0.8942598187311178,0.903954802259887,0.8705882352941177,0.9192546583850931,0.0,0.08074534161490633
954,0.9671052631578947,0.9679044486757832,0.976,0.9541284403669725,0.9735849056603774,0.9541284403669725,0.9541284403669725,0.0,0.0458715596330271
955,0.9736842105263158,0.978359173126615,1.0,0.9767441860465116,0.9583333333333334,0.9882352941176471,0.9655172413793104,0.0,0.03448275862068946
956,0.9243421052631579,0.9243266233803883,0.872093023255814,0.9061224489795918,0.9947643979057592,0.8283582089552238,1.0,0.0,0.0
957,0.9407894736842105,0.9371428571428572,0.8714285714285714,0.94,1.0,0.8867924528301887,1.0,0.0,0.0
958,0.9375,0.9294870259297138,0.8869565217391304,0.9476584022038568,0.9538461538461539,0.9247311827956989,0.9717514124293786,0.0,0.02824858757062131
959,0.8421052631578947,0.819362153463536,0.6451612903225806,0.8333333333333334,0.9795918367346939,0.7272727272727273,0.975609756097561,0.0,0.024390243902438827
960,0.9342105263157895,0.9275299411806391,0.875,0.927007299270073,0.9805825242718447,0.8819444444444444,0.9769230769230769,0.0,0.0230769230769229
961,0.8552631578947368,0.8305329331262331,0.6607142857142857,0.8674698795180723,0.9634146341463414,0.7868852459016393,0.9664429530201343,0.0,0.03355704697986555
962,0.9473684210526315,0.9472702938853444,0.9411764705882353,0.9455782312925171,0.9550561797752809,0.9328859060402684,0.9586206896551724,0.0,0.0413793103448273
963,0.8947368421052632,0.8571428571428571,0.7142857142857143,0.8571428571428571,1.0,0.75,1.0,0.0,0.0
964,0.8914473684210527,0.8686987353482128,0.7339449541284404,0.8932038834951457,0.9789473684210527,0.8214285714285714,0.9787234042553191,0.0,0.0212765957446807
965,0.8453947368421053,0.8052313952050101,0.5858585858585859,0.8759894459102903,0.9538461538461539,0.7942583732057417,0.9764705882352941,0.0,0.023529411764705743
966,0.9111842105263158,0.8964286262654712,0.8413793103448276,0.8629441624365483,0.9849624060150376,0.7798165137614679,0.9659090909090909,0.0,0.03409090909090871
967,0.9736842105263158,0.9611632191980024,0.948905109489051,0.9375,0.9970845481049563,0.8823529411764706,1.0,0.0,0.0
968,0.9177631578947368,0.9128628324512175,0.8656716417910447,0.9070631970260223,0.9658536585365853,0.8591549295774648,0.9606299212598425,0.0,0.039370078740157174
969,0.9078947368421053,0.902153758379689,0.8771929824561403,0.8292682926829268,1.0,0.7083333333333334,1.0,0.0,0.0
970,0.9078947368421053,0.6815772599248383,0.14814814814814814,0.9171597633136095,0.9794238683127572,0.8611111111111112,0.9810126582278481,0.0,0.018987341772151778
971,0.9210526315789473,0.9119627538655061,0.8776978417266187,0.9368421052631579,0.9213483146067416,0.9081632653061225,0.967391304347826,0.0,0.03260869565217374
972,0.9177631578947368,0.9149460601800019,0.8743718592964824,0.8704663212435233,1.0,0.7706422018348624,1.0,0.0,0.0
973,0.9736842105263158,0.9793498902962922,1.0,0.9776536312849162,0.9603960396039604,0.9887005649717514,0.9668508287292817,0.0,0.03314917127071805
974,0.8157894736842105,0.8154993678887484,0.7142857142857143,0.7522123893805309,0.98,0.6115107913669064,0.9770114942528736,0.0,0.022988505747126173
975,0.7467105263157895,0.7685464343489506,0.6270270270270271,0.7441860465116279,0.9344262295081968,0.6120218579234973,0.9491525423728814,0.0,0.05084745762711822
976,0.8980263157894737,0.8784282360226011,0.7256637168141593,0.9096209912536443,1.0,0.8342245989304813,1.0,0.0,0.0
977,0.9276315789473685,0.8925438596491229,0.75,0.9276315789473685,1.0,0.8650306748466258,1.0,0.0,0.0
978,0.8585526315789473,0.849260188854822,0.7636363636363637,0.8018433179723502,0.9823008849557522,0.6850393700787402,0.9666666666666667,0.0,0.033333333333332965
979,0.9210526315789473,0.9155758498224252,0.8356164383561644,0.9111111111111111,1.0,0.8367346938775511,1.0,0.0,0.0
980,0.9144736842105263,0.8985383851284233,0.7758620689655172,0.9197530864197531,1.0,0.8514285714285714,1.0,0.0,0.0
981,0.9342105263157895,0.9371846359798167,0.8717948717948718,0.9397590361445783,1.0,0.8863636363636364,1.0,0.0,0.0
982,0.8519736842105263,0.8258573657931928,0.7049180327868853,0.8085106382978723,0.9641434262948207,0.7142857142857143,0.9313725490196079,0.0,0.06862745098039148
983,0.9605263157894737,0.9063938476667879,0.7555555555555555,0.9695431472081218,0.9940828402366864,0.9455445544554455,0.9947916666666666,0.0,0.005208333333333306
984,0.9276315789473685,0.9280869923727066,0.9090909090909091,0.9251700680272109,0.95,0.9006622516556292,0.951048951048951,0.0,0.04895104895104861
985,0.9210526315789473,0.9086598477508246,0.8347826086956521,0.9148936170212766,0.976303317535545,0.86,0.9772727272727273,0.0,0.022727272727272554
986,0.881578947368421,0.8678975891902402,0.8148148148148148,0.8125,0.9763779527559056,0.7090909090909091,0.9512195121951219,0.0,0.048780487804877454
987,0.930921052631579,0.8946248716436171,0.7945205479452054,0.9090909090909091,0.9802631578947368,0.860655737704918,0.963302752293578,0.0,0.03669724770642168
988,0.868421052631579,0.8709720231459362,0.7692307692307693,0.8913043478260869,0.9523809523809523,0.8159203980099502,0.9820359281437125,0.0,0.017964071856287317
989,0.8914473684210527,0.8812272560132882,0.7874015748031497,0.8888888888888888,0.967391304347826,0.8198757763975155,0.9705882352941176,0.0,0.029411764705882137
990,0.9342105263157895,0.8873181800633985,0.7384615384615385,0.9367088607594937,0.986784140969163,0.896969696969697,0.9801324503311258,0.0,0.01986754966887404
991,0.9473684210526315,0.9485827290705341,0.926829268292683,0.9459459459459459,0.972972972972973,0.9150326797385621,0.9790209790209791,0.0,0.020979020979020834
992,0.9243421052631579,0.9003455656850344,0.7916666666666666,0.9235880398671097,0.985781990521327,0.86875,0.9858156028368794,0.0,0.014184397163120468
993,0.8519736842105263,0.8359723199624677,0.75,0.7783251231527094,0.9795918367346939,0.6638655462184874,0.9404761904761905,0.0,0.05952380952380882
994,0.9407894736842105,0.9448532918254685,0.9090909090909091,0.9467455621301775,0.9787234042553191,0.903954802259887,0.9937888198757764,0.0,0.006211180124223564
995,0.9144736842105263,0.9227429951017946,0.8433734939759037,0.9248554913294798,1.0,0.8602150537634409,1.0,0.0,0.0
996,0.9078947368421053,0.8801882755669662,0.7543859649122807,0.8861788617886179,1.0,0.7956204379562044,1.0,0.0,0.0
997,0.8914473684210527,0.8940053514021185,0.8631578947368421,0.8558951965065502,0.9629629629629629,0.7777777777777778,0.9514563106796117,0.0,0.048543689320387884
998,0.8881578947368421,0.8967385145395617,0.7792207792207793,0.9109947643979057,1.0,0.8365384615384616,1.0,0.0,0.0
999,0.993421052631579,0.992066383323214,0.9836065573770492,0.9925925925925926,1.0,0.9852941176470589,1.0,0.0,0.0
1000,0.875,0.8596502956039238,0.7445255474452555,0.848,0.9864253393665159,0.7464788732394366,0.9814814814814815,0.0,0.018518518518518347
1001,0.9868421052631579,0.9850969613681478,1.0,0.9661016949152542,0.9891891891891892,0.9827586206896551,0.95,0.0,0.04999999999999916
1002,0.868421052631579,0.8815073815073816,0.7727272727272727,0.8717948717948718,1.0,0.7727272727272727,1.0,0.0,0.0
1003,0.8092105263157895,0.8108777663245684,0.7192118226600985,0.7184466019417476,0.9949748743718593,0.5606060606060606,1.0,0.0,0.0
1004,0.9605263157894737,0.951503677776901,0.9213483146067416,0.9516129032258065,0.981549815498155,0.9365079365079365,0.9672131147540983,0.0,0.03278688524590137
1005,0.756578947368421,0.7193941874681765,0.5932203389830508,0.6605504587155964,0.9044117647058824,0.5669291338582677,0.7912087912087912,0.0,0.2087912087912065
1006,0.930921052631579,0.9348306633609131,0.907103825136612,0.932475884244373,0.9649122807017544,0.8895705521472392,0.9797297297297297,0.0,0.020270270270270133
1007,0.8026315789473685,0.8122781294323569,0.7685589519650655,0.7087378640776699,0.9595375722543352,0.5703125,0.9358974358974359,0.0,0.06410256410256329
1008,0.8453947368421053,0.8543906782497047,0.7807486631016043,0.8199233716475096,0.9625,0.7133333333333334,0.963963963963964,0.0,0.03603603603603572
1009,0.8552631578947368,0.854339713494643,0.717948717948718,0.8450704225352113,1.0,0.7317073170731707,1.0,0.0,0.0
1010,0.9375,0.9343983863881586,0.8636363636363636,0.9498680738786279,0.9896907216494846,0.9090909090909091,0.994475138121547,0.0,0.005524861878453008
1011,0.9539473684210527,0.9440164632649979,0.8990825688073395,0.9453125,0.9876543209876543,0.9166666666666666,0.9758064516129032,0.0,0.02419354838709658
1012,0.944078947368421,0.9467523651178601,0.9289617486338798,0.9372693726937269,0.974025974025974,0.900709219858156,0.9769230769230769,0.0,0.0230769230769229
1013,0.7796052631578947,0.7484438081540336,0.49586776859504134,0.7831715210355987,0.9662921348314607,0.6612021857923497,0.9603174603174603,0.0,0.03968253968253937
1014,0.8157894736842105,0.7945462903786428,0.6451612903225806,0.7956204379562044,0.9428571428571428,0.6987179487179487,0.923728813559322,0.0,0.07627118644067732
1015,0.8421052631578947,0.8419340463458109,0.725,0.8235294117647058,0.9772727272727273,0.7133757961783439,0.9739130434782609,0.0,0.026086956521738904
1016,0.9243421052631579,0.9106839370210693,0.9122807017543859,0.8321167883211679,0.9876543209876543,0.7402597402597403,0.95,0.0,0.04999999999999916
1017,0.9671052631578947,0.9654049654049653,0.9358974358974359,0.9603174603174603,1.0,0.9236641221374046,1.0,0.0,0.0
1018,0.9210526315789473,0.9008643325928251,0.7959183673469388,0.9337016574585635,0.972972972972973,0.8894736842105263,0.9825581395348837,0.0,0.017441860465116178
1019,0.9375,0.9295014783323712,0.875,0.9272030651340997,0.9863013698630136,0.8768115942028986,0.983739837398374,0.0,0.016260162601625886
1020,0.9111842105263158,0.8558664508781394,0.72,0.8656716417910447,0.9819277108433735,0.7981651376146789,0.9456521739130435,0.0,0.05434782608695594
1021,0.8914473684210527,0.8171482526167108,0.5671641791044776,0.9048991354466859,0.979381443298969,0.839572192513369,0.98125,0.0,0.018749999999999885
1022,0.8486842105263158,0.8042381786668091,0.848780487804878,0.8700564971751412,0.6938775510204082,0.8191489361702128,0.927710843373494,0.0,0.07228915662650559
1023,0.9144736842105263,0.9147241505297772,0.9142857142857143,0.8907563025210085,0.9391304347826087,0.8688524590163934,0.9137931034482759,0.0,0.0862068965517234
1024,0.993421052631579,0.9944671378244614,1.0,0.9937106918238994,0.9896907216494846,1.0,0.9875,0.0,0.012499999999999923
1025,0.9638157894736842,0.8905722624032483,0.7027027027027027,0.9690140845070423,1.0,0.9398907103825137,1.0,0.0,0.0
1026,0.9572368421052632,0.9587096774193548,0.9161290322580645,0.96,1.0,0.9230769230769231,1.0,0.0,0.0
1027,0.7302631578947368,0.732705719273892,0.6127167630057804,0.6639344262295082,0.9214659685863874,0.5364238410596026,0.8709677419354839,0.0,0.12903225806451474
1028,0.9210526315789473,0.9218581665324487,0.8860759493670886,0.916083916083916,0.9634146341463414,0.8733333333333333,0.9632352941176471,0.0,0.03676470588235267
1029,0.7993421052631579,0.7939565077197375,0.6206896551724138,0.7986798679867987,0.9625,0.6797752808988764,0.968,0.0,0.031999999999999744
1030,0.8453947368421053,0.8248480029556097,0.6115702479338843,0.8629737609329446,1.0,0.7589743589743589,1.0,0.0,0.0
1031,0.8322368421052632,0.8106904028368,0.639344262295082,0.8305647840531561,0.9621621621621622,0.7309941520467836,0.9615384615384616,0.0,0.038461538461538165
1032,0.9868421052631579,0.9805321219987021,0.9565217391304348,0.9850746268656716,1.0,0.9705882352941176,1.0,0.0,0.0
1033,0.9013157894736842,0.9115695181344742,0.8737864077669902,0.8979591836734694,0.9629629629629629,0.8301886792452831,0.9777777777777777,0.0,0.02222222222222206
1034,0.8848684210526315,0.8819632640770853,0.7407407407407407,0.9051490514905149,1.0,0.8267326732673267,1.0,0.0,0.0
1035,0.881578947368421,0.8677884615384616,0.71875,0.8846153846153846,1.0,0.7931034482758621,1.0,0.0,0.0
1036,0.9210526315789473,0.911768711881351,0.8264462809917356,0.9289940828402367,0.9798657718120806,0.8770949720670391,0.9874213836477987,0.0,0.012578616352201179
1037,0.9473684210526315,0.9477509250301887,0.9508196721311475,0.9259259259259259,0.9665071770334929,0.8928571428571429,0.9615384615384616,0.0,0.038461538461538096
1038,0.8782894736842105,0.870845745685375,0.819672131147541,0.8102564102564103,0.9826086956521739,0.6991150442477876,0.9634146341463414,0.0,0.03658536585365809
1039,0.9013157894736842,0.8988095238095237,0.8214285714285714,0.875,1.0,0.7777777777777778,1.0,0.0,0.0
1040,0.8486842105263158,0.8746868999694332,0.7887323943661971,0.8456375838926175,0.9896907216494846,0.7368421052631579,0.9921259842519685,0.0,0.007874015748031435
1041,0.8914473684210527,0.8955053460208099,0.8756756756756757,0.8865979381443299,0.9242424242424242,0.8376623376623377,0.9416058394160584,0.0,0.05839416058394118
1042,0.944078947368421,0.9302389826453998,0.8431372549019608,0.9558441558441558,0.9917355371900827,0.92,0.9945945945945946,0.0,0.005405405405405376
1043,0.8848684210526315,0.8793178057782868,0.845360824742268,0.8148148148148148,0.9777777777777777,0.7064220183486238,0.9625,0.0,0.037499999999999534
1044,0.8618421052631579,0.826074226568308,0.746268656716418,0.7586206896551724,0.9733333333333334,0.6470588235294118,0.9166666666666666,0.0,0.08333333333333218
1045,0.9210526315789473,0.9267930178610285,0.8947368421052632,0.9154929577464789,0.9701492537313433,0.8609271523178808,0.9774436090225563,0.0,0.02255639097744344
1046,0.9506578947368421,0.9440798715759953,0.9253731343283582,0.9606299212598425,0.946236559139785,0.9432989690721649,0.9786096256684492,0.0,0.02139037433155069
1047,0.8947368421052632,0.8550757394954444,0.6739130434782609,0.901840490797546,0.9894736842105263,0.8258426966292135,0.9932432432432432,0.0,0.006756756756756711
1048,0.9835526315789473,0.9868099028776052,1.0,0.9779735682819384,0.9824561403508771,0.9910714285714286,0.9652173913043478,0.0,0.034782608695651876
1049,0.8519736842105263,0.6701436853143553,0.16326530612244897,0.8648648648648649,0.9823008849557522,0.7741935483870968,0.9795918367346939,0.0,0.020408163265305986
1050,0.9210526315789473,0.9190804597701149,0.84,0.9172413793103448,1.0,0.8471337579617835,1.0,0.0,0.0
1051,0.875,0.8713464993029172,0.7605633802816901,0.8805031446540881,0.972972972972973,0.8,0.9790209790209791,0.0,0.020979020979020834
1052,0.8355263157894737,0.8473925894509765,0.8186046511627907,0.8015873015873016,0.9219858156028369,0.7062937062937062,0.926605504587156,0.0,0.07339449541284336
1053,0.8256578947368421,0.8575933201576608,0.7475728155339806,0.8389057750759878,0.9863013698630136,0.7263157894736842,0.9928057553956835,0.0,0.007194244604316495
1054,0.8092105263157895,0.8489491139188997,0.7751937984496124,0.7716535433070866,1.0,0.6282051282051282,1.0,0.0,0.0
1055,0.9177631578947368,0.9141316904120137,0.8571428571428571,0.9056603773584906,0.9795918367346939,0.8450704225352113,0.975609756097561,0.0,0.024390243902438827
1056,0.9967105263157895,0.9965712059224625,1.0,0.993103448275862,0.9966101694915255,0.9863013698630136,1.0,0.0,0.0
1057,0.9769736842105263,0.9740011606624703,1.0,0.9754385964912281,0.9465648854961832,0.9858156028368794,0.9652777777777778,0.0,0.03472222222222198
1058,0.9605263157894737,0.9120194482134781,0.8,0.9701492537313433,0.9659090909090909,0.9653465346534653,0.975,0.0,0.024999999999999876
1059,0.944078947368421,0.94419451345524,0.8930817610062893,0.9395017793594306,1.0,0.8859060402684564,1.0,0.0,0.0
1060,0.8848684210526315,0.9040637832457996,0.8571428571428571,0.8763250883392226,0.9787234042553191,0.7848101265822784,0.992,0.0,0.007999999999999936
1061,0.8782894736842105,0.8829615884026382,0.8272251308900523,0.8438818565400844,0.9777777777777777,0.746268656716418,0.970873786407767,0.0,0.02912621359223273
1062,0.8717105263157895,0.8581427633903781,0.7741935483870968,0.8169014084507042,0.9833333333333333,0.7073170731707317,0.9666666666666667,0.0,0.033333333333332965
1063,0.9177631578947368,0.898484069804344,0.8235294117647058,0.9373433583959899,0.9345794392523364,0.9033816425120773,0.9739583333333334,0.0,0.026041666666666533
1064,0.9177631578947368,0.905548138662598,0.8031496062992126,0.9134948096885813,1.0,0.8407643312101911,1.0,0.0,0.0
1065,0.8388157894736842,0.8615123527856662,0.7906976744186046,0.8382838283828383,0.9555555555555556,0.7341040462427746,0.9769230769230769,0.0,0.0230769230769229
1066,0.944078947368421,0.9428884474143638,0.9380530973451328,0.9306122448979591,0.96,0.9193548387096774,0.9421487603305785,0.0,0.05785123966942101
1067,0.9506578947368421,0.9572800338786757,0.9306930693069307,0.9514563106796117,0.9896907216494846,0.9130434782608695,0.9932432432432432,0.0,0.006756756756756711
1068,0.9177631578947368,0.908220416138906,0.8181818181818182,0.911660777385159,0.9948186528497409,0.8431372549019608,0.9923076923076923,0.0,0.007692307692307634
1069,0.9638157894736842,0.9472485085314409,0.8918918918918919,0.9621993127147767,0.9876543209876543,0.9459459459459459,0.9790209790209791,0.0,0.020979020979020834
1070,0.9671052631578947,0.9681338481338481,0.9714285714285714,0.96,0.972972972972973,0.9448818897637795,0.975609756097561,0.0,0.024390243902438827
1071,0.8355263157894737,0.795478577168718,0.5765765765765766,0.823943661971831,0.9859154929577465,0.7090909090909091,0.9831932773109243,0.0,0.01680672268907549
1072,0.8881578947368421,0.8837032289733747,0.8413793103448276,0.859504132231405,0.9502262443438914,0.8,0.9285714285714286,0.0,0.0714285714285708
1073,0.8914473684210527,0.8931283345509287,0.8333333333333334,0.8619246861924686,0.9841269841269841,0.7686567164179104,0.9809523809523809,0.0,0.019047619047618865
1074,0.9375,0.9330237225047352,0.8776978417266187,0.931899641577061,0.9894736842105263,0.8783783783783784,0.9923664122137404,0.0,0.0076335877862594844
1075,0.8782894736842105,0.8281208563776502,0.6206896551724138,0.8832807570977917,0.9803921568627451,0.8045977011494253,0.9790209790209791,0.0,0.020979020979020834
1076,0.9407894736842105,0.9445835447514491,0.8957055214723927,0.9485714285714286,0.9894736842105263,0.9021739130434783,1.0,0.0,0.0
1077,0.8947368421052632,0.8709834129949385,0.8053691275167785,0.8181818181818182,0.9893992932862191,0.7058823529411765,0.972972972972973,0.0,0.027027027027026664
1078,0.8322368421052632,0.785230838746982,0.5510204081632653,0.8421052631578947,0.9625668449197861,0.7472527472527473,0.9645390070921985,0.0,0.03546099290780117
1079,0.9078947368421053,0.8992075987151859,0.8387096774193549,0.8962962962962963,0.9626168224299065,0.8402777777777778,0.9603174603174603,0.0,0.03968253968253937
1080,0.9572368421052632,0.9558851120410478,0.9182389937106918,0.9494163424124513,1.0,0.9037037037037037,1.0,0.0,0.0
1081,0.9243421052631579,0.9330411433286665,0.9176470588235294,0.8968609865470852,0.9846153846153847,0.8264462809917356,0.9803921568627451,0.0,0.01960784313725471
1082,0.944078947368421,0.9407012489285602,0.9007633587786259,0.946031746031746,0.9753086419753086,0.9141104294478528,0.9802631578947368,0.0,0.01973684210526303
1083,0.8289473684210527,0.8153409090909092,0.59375,0.8522727272727273,1.0,0.7425742574257426,1.0,0.0,0.0
1084,0.9177631578947368,0.8959934032804592,0.8547008547008547,0.8587570621468926,0.9745222929936306,0.8,0.926829268292683,0.0,0.07317073170731618
1085,0.8388157894736842,0.7571141389323207,0.4,0.8796068796068796,0.9917355371900827,0.788546255506608,0.9944444444444445,0.0,0.0055555555555555245
1086,0.9539473684210527,0.956985304847795,0.9787234042553191,0.9375,0.9547325102880658,0.9459459459459459,0.9292035398230089,0.0,0.07079646017699052
1087,0.8717105263157895,0.8243271879635516,0.5934065934065934,0.8925619834710744,0.987012987012987,0.8140703517587939,0.9878048780487805,0.0,0.012195121951219438
1088,0.9243421052631579,0.918732818934869,0.8450704225352113,0.9163636363636364,0.9947643979057592,0.8456375838926175,1.0,0.0,0.0
1089,0.9407894736842105,0.9488398098965614,0.9081632653061225,0.9383561643835616,1.0,0.8838709677419355,1.0,0.0,0.0
1090,0.8848684210526315,0.8836744919129051,0.8375,0.8582995951417004,0.9552238805970149,0.7910447761194029,0.9380530973451328,0.0,0.061946902654866715
1091,0.9605263157894737,0.9508290451686677,0.9090909090909091,0.9433962264150944,1.0,0.8928571428571429,1.0,0.0,0.0
1092,0.9144736842105263,0.888247881638391,0.7755102040816326,0.9064748201438849,0.9827586206896551,0.8456375838926175,0.9767441860465116,0.0,0.02325581395348819
1093,0.9111842105263158,0.9160964191193227,0.8979591836734694,0.9045936395759717,0.9457364341085271,0.8590604026845637,0.9552238805970149,0.0,0.04477611940298474
1094,0.8881578947368421,0.8784038568557043,0.7903225806451613,0.8930817610062893,0.9518072289156626,0.8352941176470589,0.9594594594594594,0.0,0.040540540540540265
1095,0.8947368421052632,0.8697329279853552,0.7777777777777778,0.9223300970873787,0.9090909090909091,0.8796296296296297,0.9693877551020408,0.0,0.030612244897959027
1096,0.9243421052631579,0.914495492425416,0.863905325443787,0.8795811518324608,1.0,0.7850467289719626,1.0,0.0,0.0
1097,0.9638157894736842,0.9610791685095091,0.9172932330827067,0.9659442724458205,1.0,0.9341317365269461,1.0,0.0,0.0
1098,0.9473684210526315,0.9365310665857113,0.8688524590163934,0.9407407407407408,1.0,0.8881118881118881,1.0,0.0,0.0
1099,0.9802631578947368,0.9790599024196718,0.9682539682539683,0.9794520547945206,0.9894736842105263,0.9662162162162162,0.9930555555555556,0.0,0.006944444444444396
1100,0.9243421052631579,0.8912664055521198,0.7676767676767676,0.9061224489795918,1.0,0.8283582089552238,1.0,0.0,0.0
1101,0.9473684210526315,0.9425810904071774,0.8857142857142857,0.9420289855072463,1.0,0.8904109589041096,1.0,0.0,0.0
1102,0.8453947368421053,0.8113251199709994,0.7532467532467533,0.7116564417177914,0.9690721649484536,0.5918367346938775,0.8923076923076924,0.0,0.10769230769230605
1103,0.9671052631578947,0.9553227294935128,0.9230769230769231,0.9704142011834319,0.9724770642201835,0.9647058823529412,0.9761904761904762,0.0,0.02380952380952367
1104,0.8289473684210527,0.8502965775693049,0.7851239669421488,0.7657657657657657,1.0,0.6204379562043796,1.0,0.0,0.0
1105,0.8947368421052632,0.8793957510408883,0.7586206896551724,0.9058823529411765,0.9736842105263158,0.8415300546448088,0.9808917197452229,0.0,0.019108280254776948
1106,0.7796052631578947,0.7480587583870758,0.5426356589147286,0.7372549019607844,0.9642857142857143,0.6064516129032258,0.94,0.0,0.0599999999999994
1107,0.9243421052631579,0.905839346976892,0.8118811881188119,0.9260450160771704,0.9795918367346939,0.8780487804878049,0.9795918367346939,0.0,0.020408163265305986
1108,0.944078947368421,0.7986250661025913,0.45161290322580644,0.9442622950819672,1.0,0.8944099378881988,1.0,0.0,0.0
1109,0.9243421052631579,0.8485047083971361,0.6071428571428571,0.9466357308584686,0.9917355371900827,0.9026548672566371,0.9951219512195122,0.0,0.0048780487804877815
1110,0.9473684210526315,0.9376233877158272,0.8837209302325582,0.9333333333333333,0.99581589958159,0.875,1.0,0.0,0.0
1111,0.9177631578947368,0.8963106281473628,0.78,0.9271137026239067,0.9818181818181818,0.8736263736263736,0.9875776397515528,0.0,0.012422360248447128
1112,0.8980263157894737,0.8967577845556832,0.8493150684931506,0.8990228013029316,0.9419354838709677,0.8571428571428571,0.9452054794520548,0.0,0.054794520547944835
1113,0.8355263157894737,0.824562367245294,0.6666666666666666,0.8475609756097561,0.9594594594594594,0.7554347826086957,0.9652777777777778,0.0,0.03472222222222198
1114,0.8881578947368421,0.8793642522146952,0.7857142857142857,0.8721804511278195,0.9801980198019802,0.7891156462585034,0.9747899159663865,0.0,0.025210084033613234
1115,0.8717105263157895,0.875686156936157,0.8229166666666666,0.8311688311688312,0.972972972972973,0.7272727272727273,0.9696969696969697,0.0,0.03030303030303
1116,0.8947368421052632,0.8908877131099353,0.7714285714285715,0.9012345679012346,1.0,0.8202247191011236,1.0,0.0,0.0
1117,0.819078947368421,0.8403463029619416,0.8153846153846154,0.7698744769874477,0.9357798165137615,0.647887323943662,0.9484536082474226,0.0,0.05154639175257679
1118,0.9605263157894737,0.9252078493838631,0.819672131147541,0.96,0.9959514170040485,0.9230769230769231,1.0,0.0,0.0
1119,0.9572368421052632,0.9237821749599916,0.8115942028985508,0.9597523219814241,1.0,0.9226190476190477,1.0,0.0,0.0
1120,0.8782894736842105,0.8816001139932516,0.8222222222222222,0.8502024291497976,0.9723756906077348,0.7608695652173914,0.963302752293578,0.0,0.03669724770642168
1121,0.8388157894736842,0.8201196409524467,0.628099173553719,0.8635097493036211,0.96875,0.7711442786069652,0.9810126582278481,0.0,0.018987341772151778
1122,0.9177631578947368,0.9281596907445735,0.861878453038674,0.9226006191950464,1.0,0.8563218390804598,1.0,0.0,0.0
1123,0.8486842105263158,0.806411149825784,0.5714285714285714,0.8878048780487805,0.96,0.8088888888888889,0.9837837837837838,0.0,0.01621621621621613
1124,0.9638157894736842,0.9469415751880206,0.8888888888888888,0.9661538461538461,0.985781990521327,0.9457831325301205,0.9874213836477987,0.0,0.012578616352201179
1125,0.8585526315789473,0.8108967853827346,0.5869565217391305,0.8746355685131195,0.9710982658959537,0.7936507936507936,0.974025974025974,0.0,0.025974025974025806
1126,0.9177631578947368,0.9224516735301895,0.8852459016393442,0.9084249084249084,0.9736842105263158,0.8493150684931506,0.9763779527559056,0.0,0.023622047244094304
1127,0.944078947368421,0.9131139125172538,0.8055555555555556,0.9594272076372315,0.9743589743589743,0.9305555555555556,0.9901477832512315,0.0,0.009852216748768424
1128,0.8585526315789473,0.8667955664073315,0.7602339181286549,0.8542372881355932,0.9859154929577465,0.75,0.9921259842519685,0.0,0.007874015748031435
1129,0.9769736842105263,0.8563872415451194,0.5882352941176471,0.9809264305177112,1.0,0.9625668449197861,1.0,0.0,0.0
1130,0.9769736842105263,0.9754126089553957,1.0,0.9805013927576601,0.9457364341085271,0.9887640449438202,0.9723756906077348,0.0,0.027624309392265043
1131,0.8486842105263158,0.8413397725502415,0.72,0.8244274809160306,0.9795918367346939,0.7152317880794702,0.972972972972973,0.0,0.027027027027026786
1132,0.9177631578947368,0.905548138662598,0.8031496062992126,0.9134948096885813,1.0,0.8407643312101911,1.0,0.0,0.0
1133,0.9802631578947368,0.9809345149180896,0.9863013698630136,0.9734513274336283,0.9830508474576272,0.9734513274336283,0.9734513274336283,0.0,0.02654867256637145
1134,0.9506578947368421,0.9415309284545964,0.9,0.9466192170818505,0.9779735682819384,0.9236111111111112,0.9708029197080292,0.0,0.02919708029197059
1135,0.944078947368421,0.9412545117549508,0.9333333333333333,0.9492537313432836,0.9411764705882353,0.9408284023668639,0.9578313253012049,0.0,0.04216867469879493
1136,0.7697368421052632,0.7842752134308429,0.6740331491712708,0.7602739726027398,0.9185185185185185,0.6453488372093024,0.925,0.0,0.07499999999999937
1137,0.9605263157894737,0.949451966473243,0.8909090909090909,0.9574468085106383,1.0,0.9183673469387755,1.0,0.0,0.0
1138,0.8552631578947368,0.8755639097744362,0.8214285714285714,0.8552631578947368,0.95,0.7602339181286549,0.9774436090225563,0.0,0.02255639097744344
1139,0.9046052631578947,0.8532740640508615,0.7105263157894737,0.8722466960352423,0.9770491803278688,0.8114754098360656,0.9428571428571428,0.0,0.0571428571428566
1140,0.8453947368421053,0.8041590166282537,0.7044025157232704,0.7080745341614907,1.0,0.5480769230769231,1.0,0.0,0.0
1141,0.8980263157894737,0.8531952281235237,0.6835443037974683,0.9063444108761329,0.9696969696969697,0.8426966292134831,0.9803921568627451,0.0,0.019607843137254773
1142,0.7894736842105263,0.8110585856552279,0.7468879668049793,0.7064220183486238,0.9798657718120806,0.5539568345323741,0.9746835443037974,0.0,0.025316455696202212
1143,0.9177631578947368,0.9117088367145354,0.8617886178861789,0.9221183800623053,0.9512195121951219,0.8862275449101796,0.961038961038961,0.0,0.03896103896103871
1144,0.9769736842105263,0.976206565175609,0.9714285714285714,0.9699570815450643,0.9872340425531915,0.9576271186440678,0.9826086956521739,0.0,0.017391304347825938
1145,0.8585526315789473,0.8585891635749943,0.802547770700637,0.8377358490566038,0.9354838709677419,0.7655172413793103,0.925,0.0,0.07499999999999937
1146,0.8782894736842105,0.8845893170091191,0.8268156424581006,0.8664259927797834,0.9605263157894737,0.7843137254901961,0.967741935483871,0.0,0.032258064516128775
1147,0.8717105263157895,0.8322528614411118,0.6213592233009708,0.8753993610223643,1.0,0.7784090909090909,1.0,0.0,0.0
1148,0.9013157894736842,0.8564119611602449,0.7027027027027027,0.9013157894736842,0.9652173913043478,0.8509316770186336,0.958041958041958,0.0,0.04195804195804167
1149,0.8322368421052632,0.8402072470572731,0.8170212765957446,0.751219512195122,0.9523809523809523,0.6311475409836066,0.927710843373494,0.0,0.07228915662650516
1150,0.9375,0.935670310340495,0.8571428571428571,0.9498680738786279,1.0,0.9045226130653267,1.0,0.0,0.0
1151,0.8914473684210527,0.8712412505665101,0.7567567567567568,0.8858131487889274,0.9711538461538461,0.8152866242038217,0.9696969696969697,0.0,0.030303030303030075
1152,0.944078947368421,0.9361808394066459,0.8787878787878788,0.9343629343629344,0.9953917050691244,0.8832116788321168,0.9918032786885246,0.0,0.008196721311475343
1153,0.9572368421052632,0.9450467398515839,0.9090909090909091,0.9432314410480349,0.9828178694158075,0.9152542372881356,0.972972972972973,0.0,0.027027027027026786
1154,0.9868421052631579,0.9737617135207497,0.9333333333333333,0.9879518072289156,1.0,0.9761904761904762,1.0,0.0,0.0
1155,0.9046052631578947,0.9048469408570896,0.8554913294797688,0.8796680497925311,0.979381443298969,0.803030303030303,0.9724770642201835,0.0,0.027522935779816262
1156,0.9276315789473685,0.9298215945025431,0.9359605911330049,0.9147286821705426,0.9387755102040817,0.8872180451127819,0.944,0.0,0.05599999999999956
1157,0.9177631578947368,0.9255625186319829,0.9098712446351931,0.897119341563786,0.9696969696969697,0.8320610687022901,0.9732142857142857,0.0,0.02678571428571405
1158,0.8157894736842105,0.8218345867006723,0.718562874251497,0.834319526627219,0.912621359223301,0.7421052631578947,0.9527027027027027,0.0,0.04729729729729698
1159,0.9375,0.9188819091374526,0.8351648351648352,0.943952802359882,0.9775280898876404,0.9090909090909091,0.9815950920245399,0.0,0.01840490797546001
1160,0.9111842105263158,0.9052564385016467,0.8666666666666667,0.898876404494382,0.9502262443438914,0.8633093525179856,0.9375,0.0,0.062499999999999514
1161,0.9671052631578947,0.9658119658119658,0.9358974358974359,0.9615384615384616,1.0,0.9259259259259259,1.0,0.0,0.0
1162,0.8618421052631579,0.8503135601932764,0.704225352112676,0.8467153284671532,1.0,0.7341772151898734,1.0,0.0,0.0
1163,0.9375,0.9155767726548897,0.8181818181818182,0.9501312335958005,0.9784172661870504,0.9141414141414141,0.9890710382513661,0.0,0.01092896174863382
1164,0.9144736842105263,0.8650511356426849,0.7027027027027027,0.9084507042253521,0.984,0.8486842105263158,0.9772727272727273,0.0,0.022727272727272554
1165,0.9407894736842105,0.9382588413752985,0.9161290322580645,0.9491525423728814,0.9494949494949495,0.9230769230769231,0.9767441860465116,0.0,0.023255813953488236
1166,0.9375,0.9237412339904796,0.8461538461538461,0.9511568123393316,0.9739130434782609,0.9158415841584159,0.9893048128342246,0.0,0.010695187165775345
1167,0.9210526315789473,0.9239478005358223,0.8620689655172413,0.9097744360902256,1.0,0.8344827586206897,1.0,0.0,0.0
1168,0.9210526315789473,0.9208384249497188,0.8874172185430463,0.922077922077922,0.9530201342281879,0.8819875776397516,0.9659863945578231,0.0,0.03401360544217664
1169,0.9342105263157895,0.9057901136220704,0.819672131147541,0.9411764705882353,0.9565217391304348,0.9195402298850575,0.963855421686747,0.0,0.036144578313252795
1170,0.9111842105263158,0.859441149365226,0.696969696969697,0.9339853300733496,0.9473684210526315,0.8967136150234741,0.9744897959183674,0.0,0.025510204081632525
1171,0.8848684210526315,0.8486423974228853,0.6813186813186813,0.9051490514905149,0.9594594594594594,0.8434343434343434,0.9766081871345029,0.0,0.02339181286549694
1172,0.8651315789473685,0.8784118622573408,0.7960199004975125,0.8392156862745098,1.0,0.722972972972973,1.0,0.0,0.0
1173,0.9243421052631579,0.8342256181021189,0.5660377358490566,0.9366391184573003,1.0,0.8808290155440415,1.0,0.0,0.0
1174,0.8125,0.8133676444438942,0.6394557823129252,0.8357348703170029,0.9649122807017544,0.7286432160804021,0.9797297297297297,0.0,0.020270270270270133
1175,0.8618421052631579,0.8545059165414749,0.725925925925926,0.8870967741935484,0.9504950495049505,0.8168316831683168,0.9705882352941176,0.0,0.029411764705882183
1176,0.9638157894736842,0.9709817863307313,0.9614035087719298,0.9515418502202643,1.0,0.907563025210084,1.0,0.0,0.0
1177,0.9375,0.682981202817044,0.11764705882352941,0.9509043927648578,0.9803921568627451,0.92,0.983957219251337,0.0,0.016042780748663017
1178,0.9210526315789473,0.8871316978772109,0.7560975609756098,0.9245283018867925,0.9807692307692307,0.875,0.98,0.0,0.01999999999999987
1179,0.9638157894736842,0.9522361910173545,0.9230769230769231,0.9695290858725761,0.9641025641025641,0.9722222222222222,0.9668508287292817,0.0,0.03314917127071805
1180,0.8486842105263158,0.7811410524588819,0.46511627906976744,0.8783068783068783,1.0,0.7830188679245284,1.0,0.0,0.0
1181,0.9013157894736842,0.8673339032993116,0.7191011235955056,0.9096385542168675,0.9732620320855615,0.8531073446327684,0.9741935483870968,0.0,0.02580645161290306
1182,1.0,1.0,1.0,1.0,1.0,1.0,1.0,0.0,0.0
1183,0.8585526315789473,0.7847359753364976,0.4935064935064935,0.8877284595300261,0.972972972972973,0.8095238095238095,0.9826589595375722,0.0,0.017341040462427647
1184,0.9506578947368421,0.9371613606489051,0.8648648648648649,0.9466192170818505,1.0,0.8986486486486487,1.0,0.0,0.0
1185,0.9506578947368421,0.9513279513279512,0.918918918918919,0.935064935064935,1.0,0.8780487804878049,1.0,0.0,0.0
1186,0.8486842105263158,0.8557838636572336,0.7865168539325843,0.8321167883211679,0.9487179487179487,0.7402597402597403,0.95,0.0,0.049999999999999586
1187,0.9572368421052632,0.9605291847864823,0.9795918367346939,0.9589905362776026,0.9430051813471503,0.9681528662420382,0.95,0.0,0.04999999999999969
1188,0.9506578947368421,0.9398662023001177,0.8598130841121495,0.9597855227882037,1.0,0.9226804123711341,1.0,0.0,0.0
1189,0.875,0.841714879939497,0.66,0.8895348837209303,0.975609756097561,0.8138297872340425,0.9807692307692307,0.0,0.019230769230769107
1190,0.881578947368421,0.875,0.75,0.875,1.0,0.7777777777777778,1.0,0.0,0.0
1191,0.9407894736842105,0.9382679284406503,0.8840579710144928,0.9444444444444444,0.9863013698630136,0.9053254437869822,0.9870967741935484,0.0,0.01290322580645153
1192,0.9210526315789473,0.9110344166426997,0.8032786885245902,0.9298245614035088,1.0,0.8688524590163934,1.0,0.0,0.0
1193,0.9572368421052632,0.9493964632747902,0.9142857142857143,0.9505703422053232,0.9833333333333333,0.9259259259259259,0.9765625,0.0,0.02343749999999982
1194,0.8256578947368421,0.8322356655689989,0.7380952380952381,0.8215488215488216,0.9370629370629371,0.7305389221556886,0.9384615384615385,0.0,0.06153846153846107
1195,0.9407894736842105,0.9484203739522888,0.9090909090909091,0.9361702127659575,1.0,0.88,1.0,0.0,0.0
1196,0.9375,0.8852935642409326,0.7555555555555555,0.9266409266409267,0.9736842105263158,0.9022556390977443,0.9523809523809523,0.0,0.04761904761904724
1197,0.9473684210526315,0.6305213720944058,0.0,0.9365079365079365,0.9550561797752809,0.9672131147540983,0.9076923076923077,0.0,0.0923076923076916
1198,0.8717105263157895,0.8695375702831788,0.848780487804878,0.7979274611398963,0.9619047619047619,0.7,0.927710843373494,0.0,0.07228915662650516
1199,0.8289473684210527,0.8165467785033003,0.6521739130434783,0.8194444444444444,0.978021978021978,0.7065868263473054,0.9752066115702479,0.0,0.024793388429751862
1200,0.9046052631578947,0.8805798905056746,0.7755102040816326,0.896797153024911,0.9694323144104804,0.84,0.9618320610687023,0.0,0.03816793893129742
1201,0.8717105263157895,0.8760334436167865,0.7790697674418605,0.8550185873605948,0.9940119760479041,0.7467532467532467,1.0,0.0,0.0
1202,0.9177631578947368,0.915050339708949,0.8571428571428571,0.9097472924187726,0.9782608695652174,0.8513513513513513,0.9767441860465116,0.0,0.02325581395348819
1203,0.9210526315789473,0.9161693144765661,0.8780487804878049,0.8878504672897196,0.9826086956521739,0.8189655172413793,0.9693877551020408,0.0,0.030612244897958874
1204,0.8618421052631579,0.8599254231607173,0.7564102564102564,0.8455882352941176,0.9777777777777777,0.7467532467532467,0.9745762711864406,0.0,0.02542372881355911
1205,0.9407894736842105,0.9477657620893695,0.896551724137931,0.9467455621301775,1.0,0.898876404494382,1.0,0.0,0.0
1206,0.9243421052631579,0.9241070059880961,0.9315068493150684,0.882051282051282,0.9587628865979382,0.8349514563106796,0.9347826086956522,0.0,0.06521739130434712
1207,0.8453947368421053,0.8481724899575633,0.7817258883248731,0.783410138248848,0.979381443298969,0.6589147286821705,0.9659090909090909,0.0,0.03409090909090871
1208,0.9342105263157895,0.9377378069872017,0.8979591836734694,0.9152542372881356,1.0,0.84375,1.0,0.0,0.0
1209,0.9835526315789473,0.9835124373136068,0.9894736842105263,0.9857549857549858,0.9753086419753086,0.9885714285714285,0.9829545454545454,0.0,0.01704545454545445
1210,0.9210526315789473,0.8988845044259376,0.8314606741573034,0.896551724137931,0.9686411149825784,0.8524590163934426,0.9454545454545454,0.0,0.05454545454545405
1211,0.9407894736842105,0.8486894757903162,0.6190476190476191,0.9338235294117647,0.9931972789115646,0.8819444444444444,0.9921875,0.0,0.007812499999999939
1212,0.7993421052631579,0.7913981607115935,0.5671641791044776,0.8373333333333334,0.9696969696969697,0.7302325581395349,0.98125,0.0,0.018749999999999885
1213,0.9572368421052632,0.9456986867345433,0.8888888888888888,0.9482071713147411,1.0,0.9015151515151515,1.0,0.0,0.0
1214,0.8618421052631579,0.8647042957042957,0.7840909090909091,0.832,0.978021978021978,0.7272727272727273,0.9719626168224299,0.0,0.028037383177569833
1215,0.9276315789473685,0.9229892733751045,0.87248322147651,0.9105691056910569,0.9859154929577465,0.8484848484848485,0.9824561403508771,0.0,0.017543859649122653
1216,0.8947368421052632,0.8887874175545408,0.821917808219178,0.873015873015873,0.9714285714285714,0.8029197080291971,0.9565217391304348,0.0,0.04347826086956484
1217,0.9078947368421053,0.8955710955710955,0.7846153846153846,0.9020979020979021,1.0,0.821656050955414,1.0,0.0,0.0
1218,0.9638157894736842,0.9295620718848611,0.819672131147541,0.9690140845070423,1.0,0.9398907103825137,1.0,0.0,0.0
1219,0.8881578947368421,0.8905514430405912,0.8865979381443299,0.8482142857142857,0.9368421052631579,0.7851239669421488,0.9223300970873787,0.0,0.0776699029126206
1220,0.9967105263157895,0.9967293321269395,0.993103448275862,0.9970845481049563,1.0,0.9941860465116279,1.0,0.0,0.0
1221,0.8421052631578947,0.8424801319538161,0.7368421052631579,0.8461538461538461,0.9444444444444444,0.7586206896551724,0.9565217391304348,0.0,0.043478260869564904
1222,0.9046052631578947,0.9151511705116007,0.8737864077669902,0.8960573476702509,0.975609756097561,0.8278145695364238,0.9765625,0.0,0.02343749999999982
1223,0.8421052631578947,0.8196338715132777,0.656934306569343,0.8064516129032258,0.9955156950672646,0.6756756756756757,1.0,0.0,0.0
1224,0.9868421052631579,0.9898984101475062,1.0,0.9847328244274809,0.9849624060150376,0.9923076923076923,0.9772727272727273,0.0,0.022727272727272554
1225,0.8223684210526315,0.7763712547182199,0.5346534653465347,0.8322981366459627,0.9621621621621622,0.7362637362637363,0.9571428571428572,0.0,0.04285714285714255
1226,0.944078947368421,0.9368013424551439,0.8661417322834646,0.9442622950819672,1.0,0.8944099378881988,1.0,0.0,0.0
1227,0.9506578947368421,0.9423846673769347,0.9770491803278688,0.9056603773584906,0.9444444444444444,0.8888888888888888,0.9230769230769231,0.0,0.07692307692307594
1228,0.9572368421052632,0.9608994678127168,0.9289617486338798,0.9537366548042705,1.0,0.9115646258503401,1.0,0.0,0.0
1229,0.9177631578947368,0.9139354004629148,0.8705882352941177,0.8847926267281107,0.9864253393665159,0.8067226890756303,0.9795918367346939,0.0,0.020408163265305916
1230,0.9407894736842105,0.883617963314358,0.7096774193548387,0.9411764705882353,1.0,0.8888888888888888,1.0,0.0,0.0
1231,0.8980263157894737,0.9096964560379194,0.848780487804878,0.8803088803088803,1.0,0.7862068965517242,1.0,0.0,0.0
1232,0.8651315789473685,0.8733707805978167,0.8464730290456431,0.7980295566502463,0.975609756097561,0.680672268907563,0.9642857142857143,0.0,0.03571428571428529
1233,0.9473684210526315,0.9416869394397485,0.9213483146067416,0.9384615384615385,0.9652509652509652,0.9312977099236641,0.9457364341085271,0.0,0.05426356589147245
1234,0.8848684210526315,0.8510600572456243,0.6391752577319587,0.914004914004914,1.0,0.8416289592760181,1.0,0.0,0.0
1235,0.9342105263157895,0.9393883893883895,0.9238095238095239,0.9300699300699301,0.9642857142857143,0.8866666666666667,0.9779411764705882,0.0,0.022058823529411603
1236,0.8980263157894737,0.8843429921478703,0.8292682926829268,0.8622222222222222,0.9615384615384616,0.8016528925619835,0.9326923076923077,0.0,0.06730769230769167
1237,0.8486842105263158,0.8387953461482874,0.7058823529411765,0.8445945945945946,0.9659090909090909,0.7485029940119761,0.9689922480620154,0.0,0.031007751937984256
1238,0.8651315789473685,0.8837080702927937,0.8059701492537313,0.8851540616246498,0.96,0.8020304568527918,0.9875,0.0,0.012499999999999923
1239,0.9078947368421053,0.9119980600195549,0.8764044943820225,0.8985507246376812,0.961038961038961,0.8378378378378378,0.96875,0.0,0.031249999999999757
1240,0.8289473684210527,0.8333637081586781,0.7419354838709677,0.7796610169491526,0.978494623655914,0.6524822695035462,0.968421052631579,0.0,0.03157894736842072
1241,0.9375,0.9374356309919517,0.9090909090909091,0.940809968847352,0.9624060150375939,0.9096385542168675,0.9741935483870968,0.0,0.02580645161290306
1242,0.9572368421052632,0.9560521245247245,0.9397590361445783,0.9422222222222222,0.9861751152073732,0.905982905982906,0.9814814814814815,0.0,0.018518518518518347
1243,0.9605263157894737,0.9567099567099566,0.9090909090909091,0.961038961038961,1.0,0.925,1.0,0.0,0.0
1244,0.8223684210526315,0.8381001523416384,0.7549019607843137,0.7857142857142857,0.9736842105263158,0.66,0.9705882352941176,0.0,0.029411764705882065
1245,0.8717105263157895,0.8546129060696807,0.7258064516129032,0.8631578947368421,0.9748743718592965,0.7784810126582279,0.968503937007874,0.0,0.03149606299212574
1246,0.8618421052631579,0.8760974672354817,0.8266666666666667,0.8220338983050848,0.9795918367346939,0.7132352941176471,0.97,0.0,0.0299999999999997
1247,0.8782894736842105,0.8522716653614064,0.7027027027027027,0.8737201365187713,0.9803921568627451,0.7901234567901234,0.9770992366412213,0.0,0.022900763358778452
1248,0.8618421052631579,0.8644134386735113,0.7904191616766467,0.8432835820895522,0.9595375722543352,0.7533333333333333,0.9576271186440678,0.0,0.04237288135593185
1249,0.8947368421052632,0.8776849889899871,0.7746478873239436,0.8584070796460177,1.0,0.751937984496124,1.0,0.0,0.0
1250,0.8848684210526315,0.8792092775395234,0.7770700636942676,0.8605577689243028,1.0,0.7552447552447552,1.0,0.0,0.0
1251,0.9572368421052632,0.9456617575025308,0.8849557522123894,0.9520295202952029,1.0,0.9084507042253521,1.0,0.0,0.0
1252,0.8125,0.7492968266555242,0.43478260869565216,0.8496042216358839,0.9635036496350365,0.7523364485981309,0.9757575757575757,0.0,0.024242424242424097
1253,0.881578947368421,0.8062953995157386,0.5714285714285714,0.847457627118644,1.0,0.7352941176470589,1.0,0.0,0.0
1254,0.9375,0.9181597918099967,0.8118811881188119,0.9425981873111783,1.0,0.8914285714285715,1.0,0.0,0.0
1255,0.7960526315789473,0.7976810502846847,0.6751592356687898,0.7862068965517242,0.9316770186335404,0.6826347305389222,0.926829268292683,0.0,0.07317073170731649
1256,0.8157894736842105,0.8207657975099836,0.6976744186046512,0.7878787878787878,0.9767441860465116,0.6624203821656051,0.9719626168224299,0.0,0.028037383177569833
1257,0.9210526315789473,0.6936507936507937,0.2,0.9047619047619048,0.9761904761904762,0.8636363636363636,0.95,0.0,0.049999999999999586
1258,0.8223684210526315,0.8359575258309436,0.7474747474747475,0.7857142857142857,0.9746835443037974,0.66,0.9705882352941176,0.0,0.029411764705882065
1259,0.9078947368421053,0.9058315640481247,0.8333333333333334,0.910828025477707,0.9733333333333334,0.8511904761904762,0.9794520547945206,0.0,0.020547945205479312
1260,0.9013157894736842,0.9102653361182022,0.8387096774193549,0.8920863309352518,1.0,0.8051948051948052,1.0,0.0,0.0
1261,0.9342105263157895,0.8665768200034965,0.7027027027027027,0.927536231884058,0.9694915254237289,0.9014084507042254,0.9552238805970149,0.0,0.04477611940298474
1262,0.8585526315789473,0.8682878164359646,0.8,0.823045267489712,0.9818181818181818,0.704225352112676,0.9900990099009901,0.0,0.009900990099009804
1263,0.9276315789473685,0.9313869877848046,0.8865979381443299,0.907563025210084,1.0,0.8307692307692308,1.0,0.0,0.0
1264,0.930921052631579,0.9297805642633229,0.8551724137931035,0.9341692789968652,1.0,0.8764705882352941,1.0,0.0,0.0
1265,0.8486842105263158,0.7380111759219741,0.4225352112676056,0.8083333333333333,0.9831649831649831,0.697841726618705,0.9603960396039604,0.0,0.039603960396039216
1266,0.9111842105263158,0.9039135930472275,0.8120300751879699,0.9114754098360656,0.9882352941176471,0.8475609756097561,0.9858156028368794,0.0,0.014184397163120468
1267,0.8651315789473685,0.8396973396973397,0.7350427350427351,0.8225108225108225,0.9615384615384616,0.7364341085271318,0.9313725490196079,0.0,0.06862745098039148
1268,0.7828947368421053,0.7961914123447545,0.8163265306122449,0.6972477064220184,0.875,0.5714285714285714,0.8941176470588236,0.0,0.10588235294117523
1269,0.9210526315789473,0.9229781771501925,0.8421052631578947,0.926829268292683,1.0,0.8636363636363636,1.0,0.0,0.0
1270,0.8388157894736842,0.8376474469734276,0.7486033519553073,0.7841409691629956,0.9801980198019802,0.6592592592592592,0.967391304347826,0.0,0.03260869565217356
1271,0.9736842105263158,0.9698948533480908,0.9384615384615385,0.9712230215827338,1.0,0.9440559440559441,1.0,0.0,0.0
1272,0.819078947368421,0.815238344254027,0.7116564417177914,0.7736625514403292,0.9603960396039604,0.6573426573426573,0.94,0.0,0.0599999999999994
1273,0.881578947368421,0.877511961722488,0.7272727272727273,0.9052631578947369,1.0,0.8269230769230769,1.0,0.0,0.0
1274,0.9835526315789473,0.9839576040698734,0.9767441860465116,0.9808429118773946,0.9942857142857143,0.9624060150375939,1.0,0.0,0.0
1275,0.805921052631579,0.7657288549945056,0.5436893203883495,0.8249258160237388,0.9285714285714286,0.7393617021276596,0.9328859060402684,0.0,0.0671140939597311
1276,0.9210526315789473,0.9085944919278252,0.8461538461538461,0.9166666666666666,0.9629629629629629,0.88,0.9565217391304348,0.0,0.043478260869564904
1277,0.8717105263157895,0.8791611500605715,0.8405797101449275,0.8326180257510729,0.9642857142857143,0.7404580152671756,0.9509803921568627,0.0,0.049019607843136775
1278,0.9243421052631579,0.9350271014671869,0.8899521531100478,0.915129151291513,1.0,0.8435374149659864,1.0,0.0,0.0
1279,0.9177631578947368,0.8898438554225963,0.7755102040816326,0.9063670411985019,0.9876543209876543,0.8461538461538461,0.9758064516129032,0.0,0.02419354838709658
1280,0.8453947368421053,0.7535230608146382,0.4411764705882353,0.8797953964194374,0.9395973154362416,0.8075117370892019,0.9662921348314607,0.0,0.03370786516853914
1281,0.9342105263157895,0.9333271398488789,0.9239130434782609,0.9038461538461539,0.9722222222222222,0.8545454545454545,0.9591836734693877,0.0,0.04081632653061183
1282,0.8585526315789473,0.8736382725593074,0.7361963190184049,0.8847184986595175,1.0,0.7932692307692307,1.0,0.0,0.0
1283,0.8651315789473685,0.8704408637576719,0.7730061349693251,0.8681672025723473,0.9701492537313433,0.7803468208092486,0.9782608695652174,0.0,0.021739130434782452
1284,0.9078947368421053,0.9084670867754433,0.8571428571428571,0.889763779527559,0.978494623655914,0.8188405797101449,0.9741379310344828,0.0,0.02586206896551702
1285,0.9013157894736842,0.9012459157055809,0.8311688311688312,0.8972602739726028,0.9753086419753086,0.8291139240506329,0.9776119402985075,0.0,0.02238805970149237
1286,0.8881578947368421,0.8311800172265288,0.6046511627906976,0.8888888888888888,1.0,0.8,1.0,0.0,0.0
1287,0.8980263157894737,0.9009238550029733,0.863905325443787,0.8976897689768977,0.9411764705882353,0.84472049689441,0.9577464788732394,0.0,0.042253521126760264
1288,0.8125,0.8375527287708592,0.7027027027027027,0.8385269121813032,0.9714285714285714,0.7254901960784313,0.9932885906040269,0.0,0.00671140939597311
1289,0.9407894736842105,0.9488398098965614,0.9081632653061225,0.9383561643835616,1.0,0.8838709677419355,1.0,0.0,0.0
1290,0.8486842105263158,0.8579414019096144,0.7602339181286549,0.8630952380952381,0.9504950495049505,0.7712765957446809,0.9797297297297297,0.0,0.020270270270270133
1291,0.944078947368421,0.9216778568104766,0.8571428571428571,0.9446254071661238,0.963265306122449,0.9354838709677419,0.9539473684210527,0.0,0.04605263157894707
1292,0.7927631578947368,0.7809461288899081,0.6974358974358974,0.6631016042780749,0.9823008849557522,0.5081967213114754,0.9538461538461539,0.0,0.04615384615384545
1293,0.9901315789473685,0.9903206291591046,0.9824561403508771,0.9885057471264368,1.0,0.9772727272727273,1.0,0.0,0.0
1294,0.9375,0.9405829383151137,0.9162011173184358,0.9372937293729373,0.9682539682539683,0.8987341772151899,0.9793103448275862,0.0,0.02068965517241365
1295,0.8980263157894737,0.8901470335831569,0.8266666666666667,0.8658008658008658,0.9779735682819384,0.78125,0.970873786407767,0.0,0.02912621359223273
1296,0.8914473684210527,0.8886072693546606,0.8169014084507042,0.897196261682243,0.9517241379310345,0.8421052631578947,0.96,0.0,0.03999999999999974
1297,0.7763157894736842,0.7108757876835671,0.35051546391752575,0.8191489361702128,0.9629629629629629,0.7031963470319634,0.9808917197452229,0.0,0.019108280254776948
1298,0.9835526315789473,0.9823600344530578,0.96,0.9870801033591732,1.0,0.9744897959183674,1.0,0.0,0.0
1299,0.9473684210526315,0.9157524965556636,0.819672131147541,0.9490445859872612,0.9785407725321889,0.9254658385093167,0.9738562091503268,0.0,0.026143790849673033
1300,0.8092105263157895,0.8004254254254254,0.5972222222222222,0.8040540540540541,1.0,0.672316384180791,1.0,0.0,0.0
1301,0.881578947368421,0.8694409306247984,0.75,0.8807947019867549,0.9775280898876404,0.8012048192771084,0.9779411764705882,0.0,0.022058823529411603
1302,0.944078947368421,0.9418436190979179,0.9333333333333333,0.9453376205787781,0.9468599033816425,0.9483870967741935,0.9423076923076923,0.0,0.05769230769230733
1303,0.8223684210526315,0.7712391214256114,0.5263157894736842,0.7874015748031497,1.0,0.6493506493506493,1.0,0.0,0.0
1304,0.9111842105263158,0.9069627077136464,0.851063829787234,0.9243697478991597,0.9454545454545454,0.8823529411764706,0.9705882352941176,0.0,0.029411764705882183
1305,0.8651315789473685,0.8770270871111207,0.7959183673469388,0.8416988416988417,0.9934640522875817,0.7315436241610739,0.990909090909091,0.0,0.009090909090909009
1306,0.9506578947368421,0.9328756674294431,0.8421052631578947,0.9565217391304348,1.0,0.9166666666666666,1.0,0.0,0.0
1307,0.8125,0.8347887973298528,0.7717842323651453,0.7466666666666667,0.9859154929577465,0.5957446808510638,1.0,0.0,0.0
1308,0.8421052631578947,0.8575600266760609,0.7731958762886598,0.8297872340425532,0.9696969696969697,0.7222222222222222,0.975,0.0,0.024999999999999793
1309,0.9605263157894737,0.9654322414212878,0.9483568075117371,0.9562043795620438,0.9917355371900827,0.9225352112676056,0.9924242424242424,0.0,0.007575757575757519
1310,0.8552631578947368,0.8564128145817175,0.7210884353741497,0.8784530386740331,0.9696969696969697,0.795,0.9814814814814815,0.0,0.018518518518518406
1311,0.9177631578947368,0.9163281861821287,0.914572864321608,0.8717948717948718,0.9626168224299065,0.8173076923076923,0.9340659340659341,0.0,0.06593406593406521
1312,0.8223684210526315,0.768334771354616,0.5714285714285714,0.7786885245901639,0.9548872180451128,0.6785714285714286,0.9134615384615384,0.0,0.08653846153846072
1313,0.8421052631578947,0.8256786356084495,0.7066666666666667,0.7876106194690266,0.9827586206896551,0.664179104477612,0.967391304347826,0.0,0.03260869565217356
1314,0.7960526315789473,0.7684678642555843,0.5619834710743802,0.7905405405405406,0.9528795811518325,0.6802325581395349,0.9435483870967742,0.0,0.056451612903225354
1315,0.9539473684210527,0.9499616882337132,0.9387755102040817,0.9593023255813954,0.9518072289156626,0.953757225433526,0.9649122807017544,0.0,0.03508771929824541
1316,0.9638157894736842,0.9655851589553247,0.9392265193370166,0.9575289575289575,1.0,0.9185185185185185,1.0,0.0,0.0
1317,0.9703947368421053,0.9711531793911656,0.9565217391304348,0.9569377990430622,1.0,0.9174311926605505,1.0,0.0,0.0
1318,0.9638157894736842,0.9665520456583581,1.0,0.9688385269121813,0.9308176100628931,0.9827586206896551,0.9553072625698324,0.0,0.04469273743016735
1319,0.9111842105263158,0.9071291027812767,0.8571428571428571,0.9096989966555183,0.9545454545454546,0.8662420382165605,0.9577464788732394,0.0,0.042253521126760264
1320,0.9342105263157895,0.9251067789897657,0.8547008547008547,0.9390243902439024,0.9815950920245399,0.8953488372093024,0.9871794871794872,0.0,0.012820512820512739
1321,0.819078947368421,0.6582788063464425,0.18867924528301888,0.8493150684931506,0.9368421052631579,0.7673267326732673,0.950920245398773,0.0,0.0490797546012267
1322,0.8651315789473685,0.8440346119487137,0.7164179104477612,0.8284518828451883,0.9872340425531915,0.717391304347826,0.9801980198019802,0.0,0.019801980198019608
1323,0.8881578947368421,0.8511932459707698,0.6813186813186813,0.9011627906976745,0.9710982658959537,0.8378378378378378,0.9748427672955975,0.0,0.025157232704402357
1324,0.930921052631579,0.9217596861383811,0.85,0.9320388349514563,0.9832402234636871,0.8888888888888888,0.9795918367346939,0.0,0.020408163265305986
1325,0.8980263157894737,0.9017143950419886,0.8074534161490683,0.8976897689768977,1.0,0.8143712574850299,1.0,0.0,0.0
1326,0.9342105263157895,0.9301843685245205,0.9393939393939394,0.8850574712643678,0.9661016949152542,0.8461538461538461,0.927710843373494,0.0,0.07228915662650516
1327,0.9473684210526315,0.9397944103182664,0.8983050847457628,0.9581151832460733,0.9629629629629629,0.9336734693877551,0.9838709677419355,0.0,0.01612903225806443
1328,0.9111842105263158,0.8802923094768588,0.7567567567567568,0.8841201716738197,1.0,0.7923076923076923,1.0,0.0,0.0
1329,0.8421052631578947,0.8448136506511,0.7176470588235294,0.816793893129771,1.0,0.6903225806451613,1.0,0.0,0.0
1330,0.9342105263157895,0.9275299411806391,0.875,0.927007299270073,0.9805825242718447,0.8819444444444444,0.9769230769230769,0.0,0.0230769230769229
1331,0.743421052631579,0.7807627104203436,0.6926406926406926,0.738255033557047,0.9113924050632911,0.6043956043956044,0.9482758620689655,0.0,0.05172413793103404
1332,0.8717105263157895,0.8564445375985358,0.78125,0.8326180257510729,0.9554655870445344,0.7578125,0.9238095238095239,0.0,0.07619047619047546
1333,0.930921052631579,0.9272975379930477,0.9,0.9257950530035336,0.9560975609756097,0.903448275862069,0.9492753623188406,0.0,0.050724637681159056
1334,0.8947368421052632,0.8676816963344477,0.7741935483870968,0.8431372549019608,0.9857142857142858,0.7478260869565218,0.9662921348314607,0.0,0.03370786516853895
1335,0.9046052631578947,0.8879226049660532,0.7924528301886793,0.9113149847094801,0.96,0.8662790697674418,0.9612903225806452,0.0,0.03870967741935459
1336,0.8717105263157895,0.8560085897544574,0.723404255319149,0.8446215139442231,1.0,0.7310344827586207,1.0,0.0,0.0
1337,0.9605263157894737,0.960377358490566,0.9811320754716981,0.9454545454545454,0.9545454545454546,0.9454545454545454,0.9454545454545454,0.0,0.05454545454545405
1338,0.8848684210526315,0.8969660171845965,0.8087431693989071,0.8821548821548821,1.0,0.7891566265060241,1.0,0.0,0.0
1339,0.8519736842105263,0.8757583110895414,0.7692307692307693,0.8580441640378549,1.0,0.7513812154696132,1.0,0.0,0.0
1340,0.9177631578947368,0.9215916389093883,0.8950276243093923,0.9097472924187726,0.96,0.8571428571428571,0.9692307692307692,0.0,0.030769230769230535
1341,0.8881578947368421,0.8656198354939586,0.7524752475247525,0.8896103896103896,0.9547738693467337,0.8303030303030303,0.958041958041958,0.0,0.04195804195804167
1342,0.9868421052631579,0.9861536715469299,1.0,0.9887640449438202,0.9696969696969697,0.9943502824858758,0.9832402234636871,0.0,0.016759776536312755
1343,0.944078947368421,0.9526170472597899,0.9894736842105263,0.9431438127090301,0.9252336448598131,0.9657534246575342,0.9215686274509803,0.0,0.0784313725490191
1344,0.8486842105263158,0.8452411714039622,0.7361111111111112,0.8662790697674418,0.9333333333333333,0.7883597883597884,0.9612903225806452,0.0,0.03870967741935459
1345,0.9375,0.9063562585154908,0.7764705882352941,0.9425981873111783,1.0,0.8914285714285715,1.0,0.0,0.0
1346,0.9835526315789473,0.9811135090620574,0.9696969696969697,0.9828178694158075,0.9908256880733946,0.9794520547945206,0.9862068965517241,0.0,0.013793103448275768
1347,0.9276315789473685,0.8904761904761904,0.75,0.9214285714285714,1.0,0.8543046357615894,1.0,0.0,0.0
1348,0.9111842105263158,0.908242008495766,0.8285714285714286,0.9174311926605505,0.9787234042553191,0.8571428571428571,0.9868421052631579,0.0,0.01315789473684202
1349,0.8914473684210527,0.880671874279341,0.8571428571428571,0.8390243902439024,0.9458483754512635,0.7889908256880734,0.8958333333333334,0.0,0.10416666666666559
1350,0.8453947368421053,0.8574523386404574,0.7428571428571429,0.8448844884488449,0.9846153846153847,0.7398843930635838,0.9846153846153847,0.0,0.015384615384615268
1351,0.868421052631579,0.8848808916911087,0.8118811881188119,0.8591549295774648,0.9836065573770492,0.7625,0.9838709677419355,0.0,0.016129032258064387
1352,0.8486842105263158,0.7763022260729612,0.5287356321839081,0.8188976377952756,0.9812734082397003,0.7074829931972789,0.9719626168224299,0.0,0.028037383177569833
1353,0.8980263157894737,0.8880959430153306,0.765625,0.9051987767584098,0.9934640522875817,0.8314606741573034,0.9932885906040269,0.0,0.00671140939597311
1354,0.8388157894736842,0.8121213482809493,0.5585585585585585,0.8778054862842892,1.0,0.7822222222222223,1.0,0.0,0.0
1355,0.881578947368421,0.8923465096719934,0.7804878048780488,0.896551724137931,1.0,0.8125,1.0,0.0,0.0
1356,0.8848684210526315,0.8877475496321926,0.7924528301886793,0.8844884488448845,0.9863013698630136,0.8023952095808383,0.9852941176470589,0.0,0.014705882352941069
1357,0.9506578947368421,0.9346917583493958,0.8705882352941177,0.9591280653950953,0.9743589743589743,0.9361702127659575,0.9832402234636871,0.0,0.016759776536312755
1358,0.944078947368421,0.941592222417178,0.9172932330827067,0.9363295880149812,0.9711538461538461,0.9124087591240876,0.9615384615384616,0.0,0.038461538461538165
1359,0.9638157894736842,0.944017187919627,0.8888888888888888,0.9701897018970189,0.972972972972973,0.9572192513368984,0.9835164835164835,0.0,0.016483516483516394
1360,0.9407894736842105,0.9444240312532995,0.9090909090909091,0.9485714285714286,0.975609756097561,0.9120879120879121,0.9880952380952381,0.0,0.011904761904761835
1361,0.9144736842105263,0.9064385369532428,0.84375,0.9044117647058824,0.9711538461538461,0.8482758620689655,0.968503937007874,0.0,0.03149606299212574
1362,0.9243421052631579,0.9272298203271655,0.9380530973451328,0.9163636363636364,0.9272727272727272,0.9197080291970803,0.9130434782608695,0.0,0.08695652173912981
1363,0.8782894736842105,0.8843201976819893,0.864321608040201,0.8719723183391004,0.9166666666666666,0.8076923076923077,0.9473684210526315,0.0,0.05263157894736803
1364,0.9276315789473685,0.9297022512708787,0.8705882352941177,0.9185185185185185,1.0,0.8493150684931506,1.0,0.0,0.0
1365,0.8125,0.8215659658964518,0.7782805429864253,0.7323943661971831,0.9540229885057471,0.6046511627906976,0.9285714285714286,0.0,0.07142857142857058
1366,0.8486842105263158,0.841349424496121,0.6766917293233082,0.8776595744680851,0.9696969696969697,0.7932692307692307,0.9821428571428571,0.0,0.017857142857142752
1367,0.9835526315789473,0.9837582039526626,0.9693251533742331,0.9819494584837545,1.0,0.9645390070921985,1.0,0.0,0.0
1368,0.9407894736842105,0.9359590898245157,0.8661417322834646,0.95,0.9917355371900827,0.9095744680851063,0.9941860465116279,0.0,0.005813953488372059
1369,0.9835526315789473,0.978801489195384,0.9640287769784173,0.9723756906077348,1.0,0.946236559139785,1.0,0.0,0.0
1370,0.8322368421052632,0.7801909595333317,0.5052631578947369,0.8647214854111406,0.9705882352941176,0.7725118483412322,0.9819277108433735,0.0,0.018072289156626398
1371,0.9276315789473685,0.9202898550724639,0.8804347826086957,0.8804347826086957,1.0,0.7864077669902912,1.0,0.0,0.0
1372,0.9210526315789473,0.9103514132925898,0.8714285714285714,0.8823529411764706,0.9772727272727273,0.8108108108108109,0.967741935483871,0.0,0.032258064516128684
1373,0.8486842105263158,0.8003809403809404,0.58,0.8391608391608392,0.9819819819819819,0.7361963190184049,0.975609756097561,0.0,0.024390243902438827
1374,0.8388157894736842,0.8140128832794452,0.5964912280701754,0.8778054862842892,0.967741935483871,0.7892376681614349,0.9887640449438202,0.0,0.011235955056179713
1375,0.8947368421052632,0.8972656909506425,0.8457142857142858,0.8740157480314961,0.9720670391061452,0.7928571428571428,0.9736842105263158,0.0,0.02631578947368398
1376,0.9473684210526315,0.9384615384615383,0.8666666666666667,0.9487179487179487,1.0,0.9024390243902439,1.0,0.0,0.0
1377,0.9078947368421053,0.9219309196837288,0.8444444444444444,0.9213483146067416,1.0,0.8541666666666666,1.0,0.0,0.0
1378,0.9046052631578947,0.8879584860446105,0.7933884297520661,0.888030888030888,0.9824561403508771,0.8156028368794326,0.9745762711864406,0.0,0.02542372881355911
1379,0.9177631578947368,0.89955177436557,0.8222222222222222,0.9221183800623053,0.9543147208121827,0.891566265060241,0.9548387096774194,0.0,0.04516129032258036
1380,0.8618421052631579,0.8611929543687787,0.7674418604651163,0.8264462809917356,0.9896907216494846,0.7142857142857143,0.9803921568627451,0.0,0.01960784313725471
1381,0.7763157894736842,0.7485496701182975,0.47058823529411764,0.8201058201058201,0.954954954954955,0.7077625570776256,0.9748427672955975,0.0,0.025157232704402357
1382,0.9703947368421053,0.9739983188568226,0.958139534883721,0.963855421686747,1.0,0.9302325581395349,1.0,0.0,0.0
1383,0.9539473684210527,0.9514515724622107,0.9242424242424242,0.9513888888888888,0.9787234042553191,0.9256756756756757,0.9785714285714285,0.0,0.021428571428571276
1384,0.9078947368421053,0.8996216051266402,0.84,0.8761061946902655,0.9827586206896551,0.7983870967741935,0.9705882352941176,0.0,0.029411764705882065
1385,0.944078947368421,0.9400373329801398,0.9090909090909091,0.933852140077821,0.9771689497716894,0.8955223880597015,0.975609756097561,0.0,0.024390243902438827
1386,0.9901315789473685,0.9909974726511336,1.0,0.9905362776025236,0.9824561403508771,1.0,0.98125,0.0,0.018749999999999885
1387,0.8453947368421053,0.7928955809572845,0.5510204081632653,0.8417508417508418,0.9859154929577465,0.7309941520467836,0.9920634920634921,0.0,0.007936507936507874
1388,0.8980263157894737,0.9093281716210099,0.8732394366197183,0.8904593639575972,0.9642857142857143,0.8181818181818182,0.9767441860465116,0.0,0.02325581395348819
1389,0.8552631578947368,0.86411788718539,0.7865168539325843,0.8493150684931506,0.9565217391304348,0.7560975609756098,0.96875,0.0,0.031249999999999757
1390,0.9671052631578947,0.9698550331933342,0.9836065573770492,0.9590163934426229,0.9669421487603306,0.9590163934426229,0.9590163934426229,0.0,0.04098360655737671
1391,0.8552631578947368,0.8530845599389051,0.7906976744186046,0.8070175438596491,0.9615384615384616,0.7076923076923077,0.9387755102040817,0.0,0.06122448979591775
1392,0.9078947368421053,0.903510833907938,0.8604651162790697,0.8679245283018868,0.9821428571428571,0.7863247863247863,0.968421052631579,0.0,0.03157894736842072
1393,0.875,0.8694394213381554,0.7285714285714285,0.879746835443038,1.0,0.7853107344632768,1.0,0.0,0.0
1394,0.9243421052631579,0.8913712464036317,0.775,0.9198606271777003,0.979253112033195,0.8741721854304636,0.9705882352941176,0.0,0.029411764705882137
1395,0.9473684210526315,0.9330669330669331,0.905982905982906,0.9090909090909091,0.9841269841269841,0.8602150537634409,0.963855421686747,0.0,0.03614457831325258
1396,0.8914473684210527,0.9001749045368368,0.8187134502923976,0.9095890410958904,0.9722222222222222,0.8383838383838383,0.9940119760479041,0.0,0.005988023952095772
1397,0.9703947368421053,0.9665635793172039,0.9473684210526315,0.9649805447470817,0.9873417721518988,0.9465648854961832,0.9841269841269841,0.0,0.015873015873015747
1398,1.0,1.0,1.0,1.0,1.0,1.0,1.0,0.0,0.0
1399,0.8026315789473685,0.8278117715617715,0.7454545454545455,0.7692307692307693,0.96875,0.6369426751592356,0.970873786407767,0.0,0.02912621359223273
1400,0.881578947368421,0.8893743688924411,0.8558558558558559,0.8363636363636363,0.9759036144578314,0.736,0.968421052631579,0.0,0.03157894736842072
1401,0.9276315789473685,0.9252236610234058,0.8920863309352518,0.9191176470588235,0.9644670050761421,0.8802816901408451,0.9615384615384616,0.0,0.038461538461538165
1402,0.9407894736842105,0.9305237367952145,0.875,0.9536082474226805,0.9629629629629629,0.925,0.9840425531914894,0.0,0.015957446808510554
1403,0.9539473684210527,0.945551292310428,0.9230769230769231,0.9570552147239264,0.9565217391304348,0.9570552147239264,0.9570552147239264,0.0,0.04294478527607336
1404,0.9177631578947368,0.9104602691553391,0.8817204301075269,0.9056603773584906,0.944,0.8888888888888888,0.9230769230769231,0.0,0.07692307692307633
1405,0.9638157894736842,0.9635827898985795,0.9571428571428572,0.9575289575289575,0.9760765550239234,0.9465648854961832,0.96875,0.0,0.031249999999999757
1406,0.881578947368421,0.8829068869122274,0.8775510204081632,0.8317757009345794,0.9393939393939394,0.7672413793103449,0.9081632653061225,0.0,0.09183673469387661
1407,0.8552631578947368,0.8613834586466166,0.8315789473684211,0.824,0.9285714285714286,0.7463768115942029,0.9196428571428571,0.0,0.08035714285714214
1408,0.8980263157894737,0.8739256728916517,0.7586206896551724,0.8755020080321285,0.9876543209876543,0.7956204379562044,0.9732142857142857,0.0,0.02678571428571405
1409,0.8256578947368421,0.8414988731145936,0.7860262008733624,0.7644444444444445,0.974025974025974,0.6323529411764706,0.9662921348314607,0.0,0.03370786516853895
1410,0.8717105263157895,0.8839442039442039,0.7936507936507936,0.8581818181818182,1.0,0.7515923566878981,1.0,0.0,0.0
1411,0.9769736842105263,0.9764866292476294,0.9659863945578231,0.9737827715355806,0.9896907216494846,0.9629629629629629,0.9848484848484849,0.0,0.015151515151515037
1412,0.8552631578947368,0.8545041204887752,0.6811594202898551,0.8823529411764706,1.0,0.7894736842105263,1.0,0.0,0.0
1413,0.7664473684210527,0.7993222687756449,0.6565656565656566,0.7717041800643086,0.9696969696969697,0.6382978723404256,0.975609756097561,0.0,0.024390243902438827
1414,0.9144736842105263,0.9141188095791676,0.8985507246376812,0.9044117647058824,0.9393939393939394,0.8785714285714286,0.9318181818181818,0.0,0.06818181818181766
1415,0.9210526315789473,0.9208876669785084,0.8974358974358975,0.9240506329113924,0.9411764705882353,0.8902439024390244,0.9605263157894737,0.0,0.03947368421052606
1416,0.8585526315789473,0.837767967162547,0.6610169491525424,0.8716417910447761,0.9806451612903225,0.7849462365591398,0.9798657718120806,0.0,0.02013422818791933
1417,0.8322368421052632,0.8166947586489642,0.6356589147286822,0.8391167192429022,0.9753086419753086,0.7348066298342542,0.9779411764705882,0.0,0.022058823529411603
1418,0.9342105263157895,0.8937379235882267,0.7796610169491526,0.927007299270073,0.9745454545454545,0.8943661971830986,0.9621212121212122,0.0,0.037878787878787595
1419,0.8421052631578947,0.8247987117552334,0.6521739130434783,0.8222222222222222,1.0,0.6981132075471698,1.0,0.0,0.0
1420,0.868421052631579,0.8610914354779773,0.746268656716418,0.8870056497175142,0.95,0.8177083333333334,0.9691358024691358,0.0,0.03086419753086401
1421,0.9703947368421053,0.966104626026805,0.9333333333333333,0.9649805447470817,1.0,0.9323308270676691,1.0,0.0,0.0
1422,0.9210526315789473,0.906196681407654,0.8367346938775511,0.930635838150289,0.9512195121951219,0.8994413407821229,0.9640718562874252,0.0,0.035928143712574634
1423,0.8092105263157895,0.7829045869062202,0.532258064516129,0.8164556962025317,1.0,0.6898395721925134,1.0,0.0,0.0
1424,0.9111842105263158,0.9172776837751457,0.8629441624365483,0.8888888888888888,1.0,0.8,1.0,0.0,0.0
1425,0.875,0.8646399508674958,0.7076923076923077,0.8862275449101796,1.0,0.7956989247311828,1.0,0.0,0.0
1426,0.8388157894736842,0.8275078147200908,0.6666666666666666,0.8746803069053708,0.9411764705882353,0.7916666666666666,0.9771428571428571,0.0,0.02285714285714273
1427,0.881578947368421,0.89640768588137,0.8596491228070176,0.8646616541353384,0.9649122807017544,0.777027027027027,0.9745762711864406,0.0,0.02542372881355911
1428,0.9210526315789473,0.929963875239264,0.8729281767955801,0.9272727272727272,0.9896907216494846,0.8693181818181818,0.9935064935064936,0.0,0.0064935064935064514
1429,0.9144736842105263,0.9129779673063254,0.9066666666666666,0.8571428571428571,0.9751243781094527,0.78,0.9512195121951219,0.0,0.048780487804877454
1430,0.9539473684210527,0.9626292959626293,0.9351851851851852,0.9527027027027027,1.0,0.9096774193548387,1.0,0.0,0.0
1431,0.8651315789473685,0.8307994176846636,0.7027027027027027,0.9039812646370023,0.8857142857142857,0.8464912280701754,0.9698492462311558,0.0,0.03015075376884407
1432,0.9144736842105263,0.8998441646378197,0.8444444444444444,0.9248554913294798,0.9302325581395349,0.903954802259887,0.9467455621301775,0.0,0.053254437869822174
1433,0.9210526315789473,0.9173071350556138,0.8676470588235294,0.9172413793103448,0.967032967032967,0.875,0.9637681159420289,0.0,0.03623188405797075
1434,0.8223684210526315,0.8442817817817817,0.7777777777777778,0.8175675675675675,0.9375,0.7076023391812866,0.968,0.0,0.031999999999999744
1435,0.8881578947368421,0.8932883888018482,0.8235294117647058,0.903954802259887,0.9523809523809523,0.837696335078534,0.9815950920245399,0.0,0.01840490797546001
1436,0.8914473684210527,0.8491455808528979,0.717948717948718,0.918918918918919,0.9105691056910569,0.8862559241706162,0.9540816326530612,0.0,0.04591836734693854
1437,0.875,0.8741258001680617,0.8725490196078431,0.8080808080808081,0.941747572815534,0.7339449541284404,0.898876404494382,0.0,0.10112359550561685
1438,0.9013157894736842,0.9007934614233827,0.8363636363636363,0.8818897637795275,0.9841269841269841,0.8,0.9824561403508771,0.0,0.017543859649122653
1439,0.8289473684210527,0.8436090225563909,0.8045112781954887,0.7263157894736842,1.0,0.5702479338842975,1.0,0.0,0.0
1440,0.9046052631578947,0.859420556470393,0.704225352112676,0.9205479452054794,0.9534883720930233,0.8795811518324608,0.9655172413793104,0.0,0.03448275862068946
1441,0.8947368421052632,0.8586593756004771,0.7368421052631579,0.864406779661017,0.9747292418772563,0.7906976744186046,0.9532710280373832,0.0,0.04672897196261639
1442,0.8618421052631579,0.8613764180394283,0.7549668874172185,0.8618421052631579,0.9673202614379085,0.7751479289940828,0.9703703703703703,0.0,0.029629629629629412
1443,0.8388157894736842,0.7658865128622132,0.4810126582278481,0.8642659279778393,0.9523809523809523,0.7839195979899497,0.9629629629629629,0.0,0.03703703703703681
1444,0.8289473684210527,0.849377122259928,0.7551020408163265,0.844311377245509,0.9487179487179487,0.7421052631578947,0.9791666666666666,0.0,0.02083333333333319
1445,0.9144736842105263,0.9133960281220556,0.8493150684931506,0.9226190476190477,0.9682539682539683,0.8707865168539326,0.9810126582278481,0.0,0.018987341772151778
1446,0.7960526315789473,0.8180025226464854,0.6352941176470588,0.8187134502923976,1.0,0.693069306930693,1.0,0.0,0.0
1447,0.8355263157894737,0.8043721529015647,0.6181818181818182,0.8366013071895425,0.9583333333333334,0.7441860465116279,0.9552238805970149,0.0,0.04477611940298474
1448,0.8717105263157895,0.8674470844789157,0.7777777777777778,0.8641114982578397,0.96045197740113,0.7848101265822784,0.9612403100775194,0.0,0.03875968992248032
1449,0.9769736842105263,0.9746891279833486,0.9516129032258065,0.9793510324483776,0.993103448275862,0.9651162790697675,0.9940119760479041,0.0,0.005988023952095772
1450,0.9013157894736842,0.8863806413406948,0.8059701492537313,0.8695652173913043,0.9836065573770492,0.7874015748031497,0.970873786407767,0.0,0.02912621359223273
1451,0.9177631578947368,0.917056741687028,0.9104477611940298,0.9185667752442996,0.9221556886227545,0.8980891719745223,0.94,0.0,0.0599999999999996
1452,0.9473684210526315,0.9501527113467412,0.9523809523809523,0.9279279279279279,0.9701492537313433,0.8879310344827587,0.9716981132075472,0.0,0.028301886792452564
1453,0.9177631578947368,0.8983047665974495,0.8181818181818182,0.9206349206349206,0.9560975609756097,0.8895705521472392,0.9539473684210527,0.0,0.04605263157894707
1454,0.9769736842105263,0.9633719364395367,0.9113924050632911,0.9787234042553191,1.0,0.9583333333333334,1.0,0.0,0.0
1455,0.9802631578947368,0.9815554637155408,0.9915966386554622,0.9803921568627451,0.9726775956284153,0.9868421052631579,0.974025974025974,0.0,0.025974025974025806
1456,0.9572368421052632,0.9570516346947294,0.9852216748768473,0.934010152284264,0.9519230769230769,0.9484536082474226,0.92,0.0,0.07999999999999921
1457,0.9736842105263158,0.9678230266465562,1.0,0.9803921568627451,0.9230769230769231,0.9900990099009901,0.970873786407767,0.0,0.02912621359223287
1458,0.875,0.8718773946360153,0.7466666666666667,0.8689655172413793,1.0,0.7682926829268293,1.0,0.0,0.0
1459,0.875,0.8812368843420361,0.8047337278106509,0.8848484848484849,0.9541284403669725,0.8111111111111111,0.9733333333333334,0.0,0.02666666666666649
1460,0.9638157894736842,0.9605860136772653,0.948905109489051,0.9483568075117371,0.9844961240310077,0.926605504587156,0.9711538461538461,0.0,0.02884615384615357
1461,0.8947368421052632,0.8845598845598847,0.7575757575757576,0.8961038961038961,1.0,0.8117647058823529,1.0,0.0,0.0
1462,0.9769736842105263,0.9747383982239296,0.9826589595375722,0.9785932721712538,0.9629629629629629,0.975609756097561,0.9815950920245399,0.0,0.01840490797546001
1463,0.9078947368421053,0.911524024024024,0.8958333333333334,0.9054054054054054,0.9333333333333333,0.864516129032258,0.950354609929078,0.0,0.049645390070921634
1464,0.8552631578947368,0.8005263972345129,0.5869565217391305,0.8394160583941606,0.9752066115702479,0.7467532467532467,0.9583333333333334,0.0,0.041666666666666324
1465,0.805921052631579,0.744316521464991,0.4666666666666667,0.8401084010840109,0.9261744966442953,0.7560975609756098,0.9451219512195121,0.0,0.05487804878048747
1466,0.9243421052631579,0.9047122128264936,0.9506172839506173,0.935933147632312,0.8275862068965517,0.9385474860335196,0.9333333333333333,0.0,0.0666666666666663
1467,0.9506578947368421,0.9464364800202807,0.9299363057324841,0.9253731343283582,0.984,0.8857142857142857,0.96875,0.0,0.031249999999999677
1468,0.8782894736842105,0.8459650858052167,0.6732673267326733,0.8868501529051988,0.9777777777777777,0.8100558659217877,0.9797297297297297,0.0,0.020270270270270133
1469,0.8322368421052632,0.830863071811378,0.7044025157232704,0.8104089219330854,0.9777777777777777,0.6942675159235668,0.9732142857142857,0.0,0.02678571428571405
1470,0.9835526315789473,0.9824724937657847,0.9640287769784173,0.9833887043189369,1.0,0.9673202614379085,1.0,0.0,0.0
1471,0.881578947368421,0.8713189623675556,0.8,0.8487394957983193,0.9652173913043478,0.7709923664122137,0.9439252336448598,0.0,0.056074766355139666
1472,0.9375,0.9388620249508529,0.9047619047619048,0.929368029739777,0.9824561403508771,0.8865248226950354,0.9765625,0.0,0.02343749999999982
1473,0.7828947368421053,0.8124091436104784,0.753968253968254,0.7155172413793104,0.967741935483871,0.5684931506849316,0.9651162790697675,0.0,0.034883720930232155
1474,0.9802631578947368,0.9814325730292116,0.9647058823529412,0.9795918367346939,1.0,0.96,1.0,0.0,0.0
1475,0.9539473684210527,0.9548291785700309,0.9565217391304348,0.9306930693069307,0.9772727272727273,0.8952380952380953,0.9690721649484536,0.0,0.030927835051546074
1476,0.9342105263157895,0.9375475389203535,0.9139784946236559,0.9236641221374046,0.975,0.8768115942028986,0.9758064516129032,0.0,0.02419354838709658
1477,0.9177631578947368,0.8762616238857325,0.7323943661971831,0.9329758713136729,0.9634146341463414,0.8923076923076924,0.9775280898876404,0.0,0.022471910112359425
1478,0.8388157894736842,0.8723783071609158,0.8063241106719368,0.8108108108108109,1.0,0.6818181818181818,1.0,0.0,0.0
1479,0.8848684210526315,0.8354190069825255,0.7090909090909091,0.8066298342541437,0.9905362776025236,0.6822429906542056,0.9864864864864865,0.0,0.013513513513513332
1480,0.9506578947368421,0.9522534911454147,0.9483568075117371,0.9308755760368663,0.9775280898876404,0.8938053097345132,0.9711538461538461,0.0,0.02884615384615357
1481,0.9111842105263158,0.9097765742730736,0.9482758620689655,0.8778280542986425,0.9032258064516129,0.8660714285714286,0.8899082568807339,0.0,0.11009174311926505
1482,0.9539473684210527,0.952129942090572,0.9305555555555556,0.9448818897637795,0.9809523809523809,0.9090909090909091,0.9836065573770492,0.0,0.016393442622950685
1483,0.944078947368421,0.9451472096611635,0.9473684210526315,0.9395017793594306,0.9485714285714286,0.9295774647887324,0.9496402877697842,0.0,0.050359712230215466
1484,0.9210526315789473,0.9046338965693804,0.8333333333333334,0.9047619047619048,0.9758064516129032,0.8571428571428571,0.957983193277311,0.0,0.042016806722688725
1485,0.9473684210526315,0.9364631520421774,0.8672566371681416,0.9473684210526315,0.9947643979057592,0.9,1.0,0.0,0.0
1486,0.9144736842105263,0.8888512838592163,0.819672131147541,0.8602150537634409,0.9866666666666667,0.7766990291262136,0.963855421686747,0.0,0.03614457831325258
1487,0.9539473684210527,0.9462592350438964,0.8990825688073395,0.9606741573033708,0.9790209790209791,0.9344262295081968,0.9884393063583815,0.0,0.01156069364161843
1488,0.9177631578947368,0.9171656130576092,0.84,0.9180327868852459,0.9934640522875817,0.8536585365853658,0.9929078014184397,0.0,0.007092198581560234
1489,0.8782894736842105,0.8945229499742134,0.8571428571428571,0.8664259927797834,0.96,0.7792207792207793,0.975609756097561,0.0,0.024390243902438827
1490,0.9342105263157895,0.9355729888309948,0.9139784946236559,0.9137931034482759,0.9789473684210527,0.8617886178861789,0.9724770642201835,0.0,0.027522935779816262
1491,0.8881578947368421,0.8938310465429109,0.8571428571428571,0.83,0.9943502824858758,0.7155172413793104,0.9880952380952381,0.0,0.011904761904761764
1492,0.881578947368421,0.8890220660645597,0.8297872340425532,0.8625954198473282,0.9746835443037974,0.773972602739726,0.9741379310344828,0.0,0.02586206896551702
1493,0.9605263157894737,0.9606308737239558,0.9732620320855615,0.9405940594059405,0.9680365296803652,0.9313725490196079,0.95,0.0,0.0499999999999995
1494,0.9736842105263158,0.9724571676425938,0.9655172413793104,0.9748427672955975,0.9770114942528736,0.96875,0.9810126582278481,0.0,0.018987341772151778
1495,0.9144736842105263,0.867998580816368,0.704225352112676,0.9312169312169312,0.9685534591194969,0.8888888888888888,0.9777777777777777,0.0,0.022222222222222098
1496,0.9046052631578947,0.8925360564269923,0.7478260869565218,0.9297820823244553,1.0,0.8687782805429864,1.0,0.0,0.0
1497,0.8848684210526315,0.8793261230582715,0.8029197080291971,0.8985507246376812,0.9365079365079365,0.8378378378378378,0.96875,0.0,0.031249999999999806
1498,0.9144736842105263,0.9091247672253259,0.8,0.9273743016759777,1.0,0.8645833333333334,1.0,0.0,0.0
1499,0.9835526315789473,0.9813668088250648,1.0,0.9854227405247813,0.9586776859504132,0.9941176470588236,0.976878612716763,0.0,0.02312138728323686
1500,0.9210526315789473,0.9112249253094324,0.8181818181818182,0.9154929577464789,1.0,0.8441558441558441,1.0,0.0,0.0
1501,0.9703947368421053,0.966571009110487,0.9523809523809523,0.9719626168224299,0.9753694581280788,0.968944099378882,0.975,0.0,0.024999999999999845
1502,0.9835526315789473,0.9848039920016284,0.9896907216494846,0.9825783972125436,0.9821428571428571,0.986013986013986,0.9791666666666666,0.0,0.02083333333333319
1503,0.8157894736842105,0.7548309178743962,0.4166666666666667,0.8478260869565217,1.0,0.7358490566037735,1.0,0.0,0.0
1504,0.9473684210526315,0.9420636224144795,0.8837209302325582,0.9483870967741935,0.9940828402366864,0.9074074074074074,0.9932432432432432,0.0,0.006756756756756711
1505,0.9013157894736842,0.9072326546474025,0.8457142857142858,0.8972602739726028,0.9787234042553191,0.8238993710691824,0.9849624060150376,0.0,0.015037593984962294
1506,0.8092105263157895,0.8357630142022631,0.7378640776699029,0.8129032258064516,0.9565217391304348,0.6961325966850829,0.9767441860465116,0.0,0.02325581395348819
1507,0.9013157894736842,0.9047596041321765,0.8301886792452831,0.9137931034482759,0.9702970297029703,0.8502673796791443,0.9875776397515528,0.0,0.012422360248447128
1508,0.9144736842105263,0.914528430554434,0.896551724137931,0.9071428571428571,0.9398907103825137,0.8819444444444444,0.9338235294117647,0.0,0.06617647058823481
1509,0.8125,0.8142833881986479,0.6301369863013698,0.8527131782945736,0.96,0.7534246575342466,0.9821428571428571,0.0,0.017857142857142752
1510,0.9539473684210527,0.9537058565191557,0.8985507246376812,0.9625668449197861,1.0,0.9278350515463918,1.0,0.0,0.0
1511,0.8881578947368421,0.8847402505516649,0.8027210884353742,0.8794326241134752,0.9720670391061452,0.8051948051948052,0.96875,0.0,0.031249999999999757
1512,0.9407894736842105,0.9422268907563026,0.8928571428571429,0.9338235294117647,1.0,0.8758620689655172,1.0,0.0,0.0
1513,0.8552631578947368,0.8399227827894716,0.6986301369863014,0.8211382113821138,1.0,0.696551724137931,1.0,0.0,0.0
1514,0.8618421052631579,0.8618763865242739,0.7692307692307693,0.852112676056338,0.9642857142857143,0.7658227848101266,0.9603174603174603,0.0,0.03968253968253937
1515,0.9144736842105263,0.8290143022343122,0.5957446808510638,0.9353233830845771,0.9559748427672956,0.8995215311004785,0.9740932642487047,0.0,0.025906735751295203
1516,0.9572368421052632,0.9502416477330398,0.9158878504672897,0.9523809523809523,0.9824561403508771,0.9285714285714286,0.9774436090225563,0.0,0.02255639097744344
1517,0.9407894736842105,0.9095414938468701,0.819672131147541,0.9347826086956522,0.974169741697417,0.9084507042253521,0.9626865671641791,0.0,0.03731343283582062
1518,0.8552631578947368,0.8599537037037037,0.6944444444444444,0.8854166666666666,1.0,0.794392523364486,1.0,0.0,0.0
1519,0.930921052631579,0.9481419745736925,0.9074889867841409,0.9369369369369369,1.0,0.8813559322033898,1.0,0.0,0.0
1520,0.8585526315789473,0.8723159711645853,0.7657142857142857,0.8716417910447761,0.9795918367346939,0.7807486631016043,0.9864864864864865,0.0,0.013513513513513422
1521,0.9276315789473685,0.9145707468698013,0.8541666666666666,0.9320987654320988,0.9574468085106383,0.9096385542168675,0.9556962025316456,0.0,0.04430379746835415
1522,0.9078947368421053,0.9155153745979714,0.8704663212435233,0.8970588235294118,0.9790209790209791,0.8243243243243243,0.9838709677419355,0.0,0.016129032258064387
1523,0.9572368421052632,0.9586636341554972,0.9273743016759777,0.9486166007905138,1.0,0.9022556390977443,1.0,0.0,0.0
1524,0.8848684210526315,0.8994587700664591,0.8658008658008658,0.8813559322033898,0.9512195121951219,0.8024691358024691,0.9774436090225563,0.0,0.02255639097744344
1525,0.9736842105263158,0.9764270943691802,0.9915966386554622,0.971830985915493,0.9658536585365853,0.9857142857142858,0.9583333333333334,0.0,0.04166666666666638
1526,0.9736842105263158,0.975415346201863,1.0,0.9775280898876404,0.9487179487179487,0.9886363636363636,0.9666666666666667,0.0,0.03333333333333315
1527,0.8980263157894737,0.9019948758724269,0.8363636363636363,0.9096209912536443,0.96,0.8478260869565217,0.9811320754716981,0.0,0.018867924528301768
1528,0.8388157894736842,0.8360517792683723,0.7398843930635838,0.7878787878787878,0.9803921568627451,0.6642335766423357,0.9680851063829787,0.0,0.03191489361702094
1529,0.9177631578947368,0.8937401320136603,0.7789473684210526,0.9240121580547113,0.9782608695652174,0.8735632183908046,0.9806451612903225,0.0,0.019354838709677295
1530,0.9078947368421053,0.9079509467017047,0.8865979381443299,0.8666666666666667,0.9705882352941176,0.7913043478260869,0.9578947368421052,0.0,0.0421052631578943
1531,0.9144736842105263,0.9000229003458977,0.8035714285714286,0.9197530864197531,0.9767441860465116,0.8662790697674418,0.9802631578947368,0.0,0.01973684210526303
1532,0.8453947368421053,0.846297468711961,0.7114093959731543,0.8739946380697051,0.9534883720930233,0.7874396135265701,0.9819277108433735,0.0,0.018072289156626398
1533,0.9144736842105263,0.9130258594510113,0.9032258064516129,0.8725490196078431,0.963302752293578,0.8165137614678899,0.9368421052631579,0.0,0.06315789473684144
1534,0.9046052631578947,0.9058843471644084,0.907103825136612,0.8699551569506726,0.9405940594059405,0.8290598290598291,0.9150943396226415,0.0,0.0849056603773577
1535,0.8914473684210527,0.8536906004717163,0.7027027027027027,0.8583690987124464,1.0,0.7518796992481203,1.0,0.0,0.0
1536,0.8289473684210527,0.8123723319380982,0.6928104575163399,0.7657657657657657,0.9785407725321889,0.6343283582089553,0.9659090909090909,0.0,0.03409090909090871
1537,0.8453947368421053,0.8379658515411631,0.7441860465116279,0.783410138248848,0.9863013698630136,0.6538461538461539,0.9770114942528736,0.0,0.022988505747126173
1538,0.9046052631578947,0.9173885708245008,0.8397790055248618,0.9123867069486404,1.0,0.8388888888888889,1.0,0.0,0.0
1539,0.930921052631579,0.9097789257125956,0.8131868131868132,0.9424657534246575,0.9736842105263158,0.9052631578947369,0.9828571428571429,0.0,0.017142857142857047
1540,0.868421052631579,0.8737373737373737,0.7727272727272727,0.8484848484848485,1.0,0.7368421052631579,1.0,0.0,0.0
1541,0.9078947368421053,0.907986122404727,0.88,0.9020979020979021,0.9418604651162791,0.8657718120805369,0.9416058394160584,0.0,0.05839416058394118
1542,0.9210526315789473,0.8890684209513916,0.7692307692307693,0.9302325581395349,0.967741935483871,0.8888888888888888,0.975609756097561,0.0,0.024390243902438876
1543,0.8717105263157895,0.8574241631147337,0.6976744186046512,0.8745980707395499,1.0,0.7771428571428571,1.0,0.0,0.0
1544,0.8717105263157895,0.8236328739125879,0.6206896551724138,0.8814589665653495,0.96875,0.8100558659217877,0.9666666666666667,0.0,0.03333333333333311
1545,0.9473684210526315,0.9419427579072813,0.8780487804878049,0.9560439560439561,0.9917355371900827,0.9206349206349206,0.9942857142857143,0.0,0.005714285714285682
1546,0.9703947368421053,0.9705147448471414,0.9664429530201343,0.9694915254237289,0.975609756097561,0.959731543624161,0.9794520547945206,0.0,0.020547945205479312
1547,0.868421052631579,0.8523579092749903,0.7226890756302521,0.8895027624309392,0.9448818897637795,0.8256410256410256,0.9640718562874252,0.0,0.035928143712574634
1548,0.8289473684210527,0.8179413769597819,0.6666666666666666,0.8404907975460123,0.9466666666666667,0.7486338797814208,0.958041958041958,0.0,0.04195804195804167
1549,0.9638157894736842,0.9677986334815029,0.9392265193370166,0.9641693811074918,1.0,0.9308176100628931,1.0,0.0,0.0
1550,0.9111842105263158,0.9139020013005292,0.896551724137931,0.9003690036900369,0.9447852760736196,0.8591549295774648,0.9457364341085271,0.0,0.05426356589147245
1551,0.8388157894736842,0.7989496532855016,0.58,0.8672086720867209,0.9496402877697842,0.7843137254901961,0.9696969696969697,0.0,0.03030303030303012
1552,0.9210526315789473,0.9198537107905668,0.8734177215189873,0.9069767441860465,0.9791666666666666,0.8478260869565217,0.975,0.0,0.024999999999999793
1553,0.9243421052631579,0.9074805164926811,0.82,0.9313432835820895,0.9710982658959537,0.896551724137931,0.968944099378882,0.0,0.03105590062111782
1554,0.9276315789473685,0.9233749155915699,0.9026548672566371,0.8674698795180723,1.0,0.7659574468085106,1.0,0.0,0.0
1555,0.9407894736842105,0.9284802043422733,0.896551724137931,0.8888888888888888,1.0,0.8,1.0,0.0,0.0
1556,0.8881578947368421,0.8607569523978861,0.7737226277372263,0.8191489361702128,0.9893992932862191,0.7064220183486238,0.9746835443037974,0.0,0.025316455696202212
1557,0.9046052631578947,0.8636564321713913,0.7160493827160493,0.9003436426116839,0.9745762711864406,0.8397435897435898,0.9703703703703703,0.0,0.029629629629629412
1558,0.8881578947368421,0.8737367699308916,0.7787610619469026,0.8963414634146342,0.9461077844311377,0.8448275862068966,0.9545454545454546,0.0,0.045454545454545164
1559,0.8486842105263158,0.8568774960527538,0.6891891891891891,0.8814432989690721,1.0,0.7880184331797235,1.0,0.0,0.0
1560,0.9375,0.9336749264295771,0.8759124087591241,0.9368770764119602,0.9882352941176471,0.8924050632911392,0.986013986013986,0.0,0.013986013986013889
1561,0.8322368421052632,0.8377736840584259,0.7317073170731707,0.8305647840531561,0.951048951048951,0.7309941520467836,0.9615384615384616,0.0,0.038461538461538165
1562,0.8914473684210527,0.9169378583604525,0.8619246861924686,0.8888888888888888,1.0,0.8,1.0,0.0,0.0
1563,0.8585526315789473,0.8368895211000474,0.6766917293233082,0.833976833976834,1.0,0.7152317880794702,1.0,0.0,0.0
1564,0.8914473684210527,0.8700383437225542,0.7936507936507936,0.8421052631578947,0.9743589743589743,0.7586206896551724,0.946236559139785,0.0,0.05376344086021448
1565,0.8388157894736842,0.8326362194781148,0.7817258883248731,0.743455497382199,0.9727272727272728,0.6120689655172413,0.9466666666666667,0.0,0.05333333333333263
1566,0.8618421052631579,0.845920303605313,0.6612903225806451,0.8764705882352941,1.0,0.7801047120418848,1.0,0.0,0.0
1567,0.8881578947368421,0.8971652235494315,0.845771144278607,0.8650793650793651,0.9806451612903225,0.7785714285714286,0.9732142857142857,0.0,0.02678571428571405
1568,0.9276315789473685,0.9044614947428246,0.8235294117647058,0.9043478260869565,0.9855072463768116,0.8524590163934426,0.9629629629629629,0.0,0.037037037037036695
1569,0.7993421052631579,0.7173909619855913,0.3595505617977528,0.8134556574923547,0.9791666666666666,0.6963350785340314,0.9779411764705882,0.0,0.022058823529411603
1570,0.9046052631578947,0.889259904503807,0.7967479674796748,0.8888888888888888,0.9821428571428571,0.8169014084507042,0.9747899159663865,0.0,0.025210084033613234
1571,0.8125,0.8004002477980984,0.6715328467153284,0.7896678966789668,0.94,0.6903225806451613,0.9224137931034483,0.0,0.07758620689655106
1572,0.9111842105263158,0.9067963354773002,0.8413793103448276,0.8996282527881041,0.979381443298969,0.8344827586206897,0.9758064516129032,0.0,0.02419354838709658
1573,0.8486842105263158,0.8375881215297274,0.7153284671532847,0.8333333333333334,0.9641025641025641,0.7371794871794872,0.9583333333333334,0.0,0.041666666666666324
1574,0.944078947368421,0.9239362787749884,0.8571428571428571,0.9216589861751152,0.993006993006993,0.8620689655172413,0.9900990099009901,0.0,0.009900990099009804
1575,0.8651315789473685,0.8579199466866592,0.7284768211920529,0.8452830188679246,1.0,0.7320261437908496,1.0,0.0,0.0
1576,0.8486842105263158,0.8534878863826232,0.6973684210526315,0.8630952380952381,1.0,0.7591623036649214,1.0,0.0,0.0
1577,0.7894736842105263,0.7883530439694363,0.6490066225165563,0.785234899328859,0.9308176100628931,0.6802325581395349,0.9285714285714286,0.0,0.07142857142857087
1578,0.8980263157894737,0.8858383697505037,0.7916666666666666,0.8702928870292888,0.9955555555555555,0.7761194029850746,0.9904761904761905,0.0,0.009523809523809433
1579,0.8157894736842105,0.8400668316516046,0.7336683417085427,0.8145695364238411,0.9719626168224299,0.6988636363636364,0.9761904761904762,0.0,0.02380952380952362
1580,0.881578947368421,0.8903044015186956,0.8527918781725888,0.8732394366197183,0.9448818897637795,0.8,0.9612403100775194,0.0,0.03875968992248032
1581,0.7828947368421053,0.7525786420373629,0.5391304347826087,0.79375,0.9248554913294798,0.6902173913043478,0.9338235294117647,0.0,0.06617647058823481
1582,0.9177631578947368,0.9208346119521679,0.9245283018867925,0.9027237354085603,0.935251798561151,0.8656716417910447,0.943089430894309,0.0,0.056910569105690596
1583,0.8848684210526315,0.8823682180312717,0.7682119205298014,0.8788927335640139,1.0,0.7839506172839507,1.0,0.0,0.0
1584,0.8453947368421053,0.8389115912275557,0.72,0.8226415094339623,0.9740932642487047,0.7171052631578947,0.9646017699115044,0.0,0.03539823008849526
1585,0.7763157894736842,0.8065586549559098,0.7312775330396476,0.7605633802816901,0.9278350515463918,0.6352941176470588,0.9473684210526315,0.0,0.05263157894736796
1586,0.8947368421052632,0.8754554087887421,0.7454545454545455,0.9179487179487179,0.9629629629629629,0.8605769230769231,0.9835164835164835,0.0,0.016483516483516394
1587,0.7763157894736842,0.7481691408007197,0.48,0.782051282051282,0.9824561403508771,0.6524064171122995,0.976,0.0,0.02399999999999981
1588,0.8026315789473685,0.8218956661579613,0.7704918032786885,0.7222222222222222,0.972972972972973,0.5735294117647058,0.975,0.0,0.02499999999999969
1589,0.9111842105263158,0.9115515496112511,0.8863636363636364,0.8831168831168831,0.9651741293532339,0.8225806451612904,0.9532710280373832,0.0,0.04672897196261639
1590,0.8881578947368421,0.8631928670431743,0.76,0.8702290076335878,0.959349593495935,0.8085106382978723,0.9421487603305785,0.0,0.05785123966942101
1591,0.9342105263157895,0.8922751776525361,0.7575757575757576,0.9371069182389937,0.9821428571428571,0.8975903614457831,0.9802631578947368,0.0,0.01973684210526303
1592,0.881578947368421,0.8624244323191151,0.7563025210084033,0.8615384615384616,0.9694323144104804,0.7887323943661971,0.9491525423728814,0.0,0.05084745762711822
1593,0.9539473684210527,0.9553383766324927,0.9392265193370166,0.9435483870967742,0.9832402234636871,0.9140625,0.975,0.0,0.024999999999999793
1594,0.8848684210526315,0.857574735987345,0.7226890756302521,0.8582995951417004,0.9917355371900827,0.762589928057554,0.9814814814814815,0.0,0.018518518518518347
1595,0.8486842105263158,0.818453157012479,0.6964285714285714,0.8050847457627118,0.9538461538461539,0.7196969696969697,0.9134615384615384,0.0,0.08653846153846072
1596,0.9835526315789473,0.9860518026901728,1.0,0.982078853046595,0.9760765550239234,0.9856115107913669,0.9785714285714285,0.0,0.021428571428571276
1597,0.8881578947368421,0.8806302521008403,0.7857142857142857,0.915,0.9411764705882353,0.8551401869158879,0.9838709677419355,0.0,0.01612903225806443
1598,0.9375,0.9427691088146575,0.9183673469387755,0.936026936026936,0.9739130434782609,0.8910256410256411,0.9858156028368794,0.0,0.014184397163120468
1599,0.9144736842105263,0.8894913703075696,0.7906976744186046,0.9144736842105263,0.963302752293578,0.8742138364779874,0.9586206896551724,0.0,0.0413793103448273
1600,0.9375,0.9375180015509028,0.9019607843137255,0.9355932203389831,0.975,0.8961038961038961,0.9787234042553191,0.0,0.0212765957446807
1601,0.875,0.8377832377832378,0.7027027027027027,0.8288288288288288,0.9818181818181818,0.7244094488188977,0.968421052631579,0.0,0.03157894736842072
1602,0.8223684210526315,0.7599410774410774,0.56,0.7545454545454545,0.9652777777777778,0.6434108527131783,0.9120879120879121,0.0,0.08791208791208695
1603,0.9210526315789473,0.9204483987092682,0.8648648648648649,0.9254658385093167,0.9710144927536232,0.8764705882352941,0.9802631578947368,0.0,0.01973684210526303
1604,0.9243421052631579,0.9231667603812204,0.874251497005988,0.9053497942386831,0.98989898989899,0.8333333333333334,0.990990990990991,0.0,0.00900900900900893
1605,0.9078947368421053,0.8917418225871584,0.8421052631578947,0.8478260869565217,0.9852941176470589,0.7572815533980582,0.9629629629629629,0.0,0.037037037037036584
1606,0.9276315789473685,0.9293884220354808,0.8690476190476191,0.9191176470588235,1.0,0.8503401360544217,1.0,0.0,0.0
1607,0.9177631578947368,0.9068041536172248,0.8396946564885496,0.8979591836734694,0.9827586206896551,0.8333333333333334,0.9734513274336283,0.0,0.02654867256637145
1608,0.9407894736842105,0.9436263736263736,0.9285714285714286,0.9423076923076923,0.96,0.9074074074074074,0.98,0.0,0.01999999999999987
1609,0.868421052631579,0.8762780307586562,0.8058252427184466,0.8230088495575221,1.0,0.6992481203007519,1.0,0.0,0.0
1610,0.8947368421052632,0.8693348823151612,0.7254901960784313,0.9075144508670521,0.975,0.8440860215053764,0.98125,0.0,0.018749999999999885
1611,0.9013157894736842,0.8546365914786967,0.6428571428571429,0.9210526315789473,1.0,0.8536585365853658,1.0,0.0,0.0
1612,0.8980263157894737,0.8649746084267657,0.7415730337078652,0.8856088560885609,0.967741935483871,0.8275862068965517,0.9523809523809523,0.0,0.04761904761904724
1613,0.9407894736842105,0.9453131138524397,0.898876404494382,0.9370629370629371,1.0,0.881578947368421,1.0,0.0,0.0
1614,0.8782894736842105,0.6882333250735772,0.819672131147541,0.9116945107398569,0.3333333333333333,0.8488888888888889,0.9845360824742269,0.0,0.015463917525773117
1615,0.9210526315789473,0.926396788223486,0.8775510204081632,0.9016393442622951,1.0,0.8208955223880597,1.0,0.0,0.0
1616,0.8585526315789473,0.859817405274088,0.7624309392265194,0.8170212765957446,1.0,0.6906474820143885,1.0,0.0,0.0
1617,0.9078947368421053,0.920868564062134,0.8943089430894309,0.8852459016393442,0.9830508474576272,0.8,0.9908256880733946,0.0,0.00917431192660542
1618,0.9046052631578947,0.8765662758072624,0.7741935483870968,0.8862745098039215,0.9692307692307692,0.8308823529411765,0.9495798319327731,0.0,0.05042016806722647
1619,0.868421052631579,0.8624818470110549,0.7101449275362319,0.8773006134969326,1.0,0.7814207650273224,1.0,0.0,0.0
1620,0.8782894736842105,0.6555826220850851,0.15384615384615385,0.9149425287356322,0.8979591836734694,0.8883928571428571,0.943127962085308,0.0,0.05687203791469168
1621,0.8914473684210527,0.8976305473435892,0.8387096774193549,0.8725868725868726,0.9815950920245399,0.7847222222222222,0.9826086956521739,0.0,0.017391304347825938
1622,0.9473684210526315,0.9339954664493959,0.8648648648648649,0.9416058394160584,0.9955156950672646,0.8896551724137931,1.0,0.0,0.0
1623,0.8651315789473685,0.858399373303456,0.7555555555555555,0.8722741433021807,0.9473684210526315,0.8,0.958904109589041,0.0,0.041095890410958624
1624,0.9046052631578947,0.9014313708807055,0.8721804511278195,0.8871595330739299,0.944954128440367,0.8444444444444444,0.9344262295081968,0.0,0.06557377049180274
1625,0.8453947368421053,0.8609880255532785,0.7817258883248731,0.8315412186379928,0.9696969696969697,0.725,0.9747899159663865,0.0,0.025210084033613234
1626,0.8651315789473685,0.8505275950924963,0.704,0.8722741433021807,0.9753086419753086,0.7865168539325843,0.9790209790209791,0.0,0.020979020979020834
1627,0.8421052631578947,0.8143745315537254,0.6115702479338843,0.8367346938775511,0.9948186528497409,0.7235294117647059,0.9919354838709677,0.0,0.008064516129032194
1628,0.7927631578947368,0.6793332326020294,0.2631578947368421,0.8096676737160121,0.9651741293532339,0.7015706806282722,0.9571428571428572,0.0,0.04285714285714255
1629,0.9013157894736842,0.8529100529100528,0.6666666666666666,0.9142857142857143,0.9777777777777777,0.8556149732620321,0.9815950920245399,0.0,0.01840490797546001
1630,0.9144736842105263,0.9072758630769681,0.7936507936507936,0.9281767955801105,1.0,0.865979381443299,1.0,0.0,0.0
1631,0.8980263157894737,0.8911402685959935,0.7751937984496124,0.9186351706036745,0.9795918367346939,0.8578431372549019,0.9887005649717514,0.0,0.011299435028248523
1632,0.8026315789473685,0.8038772647476334,0.7215189873417721,0.781021897810219,0.9090909090909091,0.6903225806451613,0.8991596638655462,0.0,0.10084033613445294
1633,0.9539473684210527,0.9503353973168215,0.8970588235294118,0.9539473684210527,1.0,0.9119496855345912,1.0,0.0,0.0
1634,0.8947368421052632,0.8919062419062419,0.8727272727272727,0.8222222222222222,0.9807692307692307,0.7184466019417476,0.961038961038961,0.0,0.03896103896103846
1635,0.9407894736842105,0.9186200796107916,0.8235294117647058,0.9323308270676691,1.0,0.8732394366197183,1.0,0.0,0.0
1636,0.9177631578947368,0.9197456760481971,0.8496732026143791,0.9299719887955182,0.9795918367346939,0.8783068783068783,0.9880952380952381,0.0,0.011904761904761835
1637,0.7993421052631579,0.7764157008766112,0.5365853658536586,0.8200589970501475,0.9726027397260274,0.7055837563451777,0.9788732394366197,0.0,0.021126760563380132
1638,0.8585526315789473,0.861553426214639,0.7083333333333334,0.8900255754475703,0.9863013698630136,0.8055555555555556,0.9942857142857143,0.0,0.005714285714285682
1639,0.8355263157894737,0.8274523337071867,0.6268656716417911,0.8554913294797688,1.0,0.7474747474747475,1.0,0.0,0.0
1640,0.8453947368421053,0.8301517948238666,0.6299212598425197,0.8605341246290801,1.0,0.7552083333333334,1.0,0.0,0.0
1641,0.8717105263157895,0.7791305916305916,0.47619047619047616,0.8987012987012987,0.9625,0.8317307692307693,0.9774011299435028,0.0,0.022598870056497047
1642,0.8125,0.7828621908127209,0.56,0.7985865724381626,0.99,0.6686390532544378,0.9912280701754386,0.0,0.008771929824561327
1643,0.9177631578947368,0.8438719750195159,0.5901639344262295,0.9414519906323185,1.0,0.8893805309734514,1.0,0.0,0.0
1644,0.9473684210526315,0.9443001443001443,0.9090909090909091,0.9523809523809523,0.9714285714285714,0.9248554913294798,0.9815950920245399,0.0,0.01840490797546001
1645,0.8355263157894737,0.8501084196877077,0.7961165048543689,0.8148148148148148,0.9393939393939394,0.7142857142857143,0.9482758620689655,0.0,0.05172413793103404
1646,0.9276315789473685,0.9231055722675835,0.8307692307692308,0.9385474860335196,1.0,0.8842105263157894,1.0,0.0,0.0
1647,0.8914473684210527,0.8424235646785151,0.6506024096385542,0.8958990536277602,0.9807692307692307,0.8255813953488372,0.9793103448275862,0.0,0.02068965517241365
1648,0.8618421052631579,0.8455882352941176,0.6911764705882353,0.8455882352941176,1.0,0.732484076433121,1.0,0.0,0.0
1649,0.9407894736842105,0.9217004979279194,0.8444444444444444,0.9383561643835616,0.9823008849557522,0.9013157894736842,0.9785714285714285,0.0,0.021428571428571276
1650,0.9177631578947368,0.9081091582426669,0.8448275862068966,0.9146757679180887,0.964824120603015,0.8701298701298701,0.9640287769784173,0.0,0.035971223021582475
1651,0.8914473684210527,0.9021316669729003,0.8679245283018868,0.8791208791208791,0.959349593495935,0.8053691275167785,0.967741935483871,0.0,0.032258064516128775
1652,0.9572368421052632,0.9539993876342495,0.90625,0.9660574412532638,0.9896907216494846,0.9390862944162437,0.9946236559139785,0.0,0.005376344086021476
1653,0.8618421052631579,0.8590752802629021,0.7914438502673797,0.8,0.985781990521327,0.6774193548387096,0.9767441860465116,0.0,0.023255813953488105
1654,0.8980263157894737,0.8719184374571981,0.8669950738916257,0.7633587786259542,0.9854014598540146,0.6410256410256411,0.9433962264150944,0.0,0.05660377358490459
1655,0.868421052631579,0.8698952418006928,0.802547770700637,0.8709677419354839,0.9361702127659575,0.7988165680473372,0.9574468085106383,0.0,0.0425531914893614
1656,0.9144736842105263,0.9025839793281655,0.7833333333333333,0.9244186046511628,1.0,0.8594594594594595,1.0,0.0,0.0
1657,0.9638157894736842,0.9452409398645957,0.8888888888888888,0.9629629629629629,0.9838709677419355,0.9470198675496688,0.9794520547945206,0.0,0.020547945205479312
1658,0.8717105263157895,0.8724194001666653,0.7974683544303798,0.8612099644128114,0.9585798816568047,0.7806451612903226,0.9603174603174603,0.0,0.03968253968253937
1659,0.9276315789473685,0.9282936014598647,0.8627450980392157,0.9290322580645162,0.993103448275862,0.8727272727272727,0.993103448275862,0.0,0.006896551724137884
1660,0.8947368421052632,0.8898332268436991,0.8426966292134831,0.8446601941747572,0.9821428571428571,0.75,0.9666666666666667,0.0,0.033333333333332965
1661,0.9572368421052632,0.9100291288411361,0.782608695652174,0.9602446483180428,0.9872340425531915,0.9345238095238095,0.9874213836477987,0.0,0.012578616352201179
1662,0.8651315789473685,0.8753581189822137,0.8229166666666666,0.8600682593856656,0.943089430894309,0.7777777777777778,0.9618320610687023,0.0,0.03816793893129742
1663,0.9638157894736842,0.9541978988387784,0.9195402298850575,0.9588014981273408,0.984251968503937,0.9411764705882353,0.9770992366412213,0.0,0.022900763358778452
1664,0.9638157894736842,0.942705730941025,0.8705882352941177,0.9575289575289575,1.0,0.9185185185185185,1.0,0.0,0.0
1665,0.9111842105263158,0.9120752984389348,0.8606060606060606,0.9256198347107438,0.95,0.875,0.9824561403508771,0.0,0.017543859649122705
1666,0.9210526315789473,0.8973556890223557,0.7916666666666666,0.918918918918919,0.9814814814814815,0.8662420382165605,0.9784172661870504,0.0,0.021582733812949485
1667,0.8421052631578947,0.8291231054164436,0.6766917293233082,0.8389261744966443,0.9717514124293786,0.7396449704142012,0.9689922480620154,0.0,0.031007751937984256
1668,0.8256578947368421,0.7887811634349031,0.631578947368421,0.853185595567867,0.881578947368421,0.7979274611398963,0.9166666666666666,0.0,0.08333333333333284
1669,0.8914473684210527,0.875474606783018,0.7850467289719626,0.9009009009009009,0.9404761904761905,0.8522727272727273,0.9554140127388535,0.0,0.044585987261146216
1670,0.8782894736842105,0.8688029642003811,0.7913669064748201,0.8514056224899599,0.9636363636363636,0.7794117647058824,0.9380530973451328,0.0,0.061946902654866715
1671,0.9769736842105263,0.9794783487165358,0.9915966386554622,0.9714285714285714,0.9754098360655737,0.9754098360655737,0.967479674796748,0.0,0.03252032520325177
1672,0.9605263157894737,0.9506190690401217,0.9230769230769231,0.9605263157894737,0.9682539682539683,0.9605263157894737,0.9605263157894737,0.0,0.03947368421052606
1673,0.9506578947368421,0.951190155755886,0.9161290322580645,0.9511400651465798,0.9863013698630136,0.9182389937106918,0.9864864864864865,0.0,0.013513513513513422
1674,0.944078947368421,0.927727159314801,0.8705882352941177,0.9358490566037736,0.9767441860465116,0.9051094890510949,0.96875,0.0,0.031249999999999757
1675,0.8651315789473685,0.8619573437429544,0.7375886524822695,0.888283378746594,0.96,0.8109452736318408,0.9819277108433735,0.0,0.018072289156626398
1676,0.8125,0.8172361086520112,0.6900584795321637,0.7849056603773585,0.9767441860465116,0.6624203821656051,0.9629629629629629,0.0,0.037037037037036695
1677,0.805921052631579,0.8217671596511188,0.7301587301587301,0.7986348122866894,0.9365079365079365,0.6882352941176471,0.9512195121951219,0.0,0.048780487804877655
1678,0.8980263157894737,0.888114182687826,0.7906976744186046,0.8956228956228957,0.978021978021978,0.8260869565217391,0.9779411764705882,0.0,0.022058823529411603
1679,0.9013157894736842,0.8771673132987002,0.75,0.8905109489051095,0.990990990990991,0.8079470198675497,0.991869918699187,0.0,0.008130081300812943
1680,0.9013157894736842,0.9060966535374481,0.8775510204081632,0.8760330578512396,0.9647058823529412,0.8091603053435115,0.954954954954955,0.0,0.04504504504504464
1681,0.7828947368421053,0.8018274531497757,0.6594594594594595,0.7676056338028169,0.9784172661870504,0.630057803468208,0.9819819819819819,0.0,0.01801801801801786
1682,0.8486842105263158,0.7885718224427901,0.5333333333333333,0.8516129032258064,0.9807692307692307,0.7542857142857143,0.9777777777777777,0.0,0.02222222222222206
1683,0.868421052631579,0.8174378829152599,0.5909090909090909,0.884393063583815,0.9770114942528736,0.8052631578947368,0.9807692307692307,0.0,0.019230769230769107
1684,0.8223684210526315,0.8400009712509712,0.7395833333333334,0.8111888111888111,0.9692307692307692,0.6946107784431138,0.9747899159663865,0.0,0.025210084033613234
1685,0.9572368421052632,0.9572751344626913,0.9565217391304348,0.9456066945606695,0.9696969696969697,0.9338842975206612,0.9576271186440678,0.0,0.04237288135593185
1686,0.9473684210526315,0.9141207767906788,0.819672131147541,0.9407407407407408,0.9819494584837545,0.9071428571428571,0.9769230769230769,0.0,0.0230769230769229
1687,0.805921052631579,0.8190409867323103,0.6706586826347305,0.8249258160237388,0.9615384615384616,0.7128205128205128,0.9788732394366197,0.0,0.021126760563380132
1688,0.944078947368421,0.9365095260656703,0.8990825688073395,0.952112676056338,0.9583333333333334,0.9337016574585635,0.9712643678160919,0.0,0.028735632183907883
1689,0.881578947368421,0.8689523248016638,0.7669172932330827,0.8636363636363636,0.976303317535545,0.7755102040816326,0.9743589743589743,0.0,0.02564102564102542
1690,0.8914473684210527,0.8945149436371739,0.8810572687224669,0.835820895522388,0.9666666666666667,0.7433628318584071,0.9545454545454546,0.0,0.04545454545454494
1691,0.9407894736842105,0.9170430535647927,0.8405797101449275,0.9505494505494505,0.96,0.9301075268817204,0.9719101123595506,0.0,0.02808988764044928
1692,0.9539473684210527,0.9215049294967329,0.819672131147541,0.9602272727272727,0.9846153846153847,0.9337016574585635,0.9883040935672515,0.0,0.01169590643274847
1693,0.8453947368421053,0.8423011513723307,0.7114093959731543,0.8395904436860068,0.9759036144578314,0.7365269461077845,0.9761904761904762,0.0,0.02380952380952362
1694,0.9375,0.9409291644585762,0.8972972972972973,0.9254901960784314,1.0,0.8613138686131386,1.0,0.0,0.0
1695,0.9802631578947368,0.9852488002020713,1.0,0.9837837837837838,0.9719626168224299,0.994535519125683,0.9732620320855615,0.0,0.02673796791443836
1696,0.9177631578947368,0.8918101177122434,0.7755102040816326,0.9134948096885813,0.9864253393665159,0.8516129032258064,0.9850746268656716,0.0,0.014925373134328247
1697,0.8585526315789473,0.8632249246730656,0.7074829931972789,0.8821917808219178,1.0,0.7892156862745098,1.0,0.0,0.0
1698,0.868421052631579,0.8733201990746431,0.8108108108108109,0.8373983739837398,0.9717514124293786,0.7410071942446043,0.9626168224299065,0.0,0.03738317757009311
1699,0.8421052631578947,0.8478817823030115,0.7590361445783133,0.8481012658227848,0.9365079365079365,0.7613636363636364,0.9571428571428572,0.0,0.04285714285714255
1700,0.8486842105263158,0.804294876004115,0.58,0.8535031847133758,0.979381443298969,0.7570621468926554,0.9781021897810219,0.0,0.021897810218977944
1701,0.9276315789473685,0.8986363769441272,0.819672131147541,0.9421052631578948,0.9341317365269461,0.927461139896373,0.9572192513368984,0.0,0.04278074866310138
1702,0.9342105263157895,0.8672110286320255,0.68,0.9390243902439024,0.9826086956521739,0.9005847953216374,0.9808917197452229,0.0,0.019108280254776948
1703,0.9276315789473685,0.9184363822048581,0.8727272727272727,0.8865979381443299,0.9959839357429718,0.8037383177570093,0.9885057471264368,0.0,0.011494252873563086
1704,0.8848684210526315,0.8969467554478038,0.8390243902439024,0.8659003831417624,0.9859154929577465,0.7687074829931972,0.9912280701754386,0.0,0.008771929824561327
1705,0.9177631578947368,0.9274348209195044,0.8587570621468926,0.9235474006116208,1.0,0.8579545454545454,1.0,0.0,0.0
1706,0.8782894736842105,0.84336295764165,0.7777777777777778,0.7810650887573964,0.9712460063897763,0.6804123711340206,0.9166666666666666,0.0,0.08333333333333218
1707,0.8881578947368421,0.8717505046759774,0.7586206896551724,0.8888888888888888,0.967741935483871,0.8242424242424242,0.9645390070921985,0.0,0.03546099290780117
1708,0.9013157894736842,0.9075917546505782,0.8627450980392157,0.8717948717948718,0.9882352941176471,0.7846153846153846,0.9807692307692307,0.0,0.019230769230769048
1709,0.9703947368421053,0.9663374838986689,0.9647058823529412,0.9343065693430657,1.0,0.8767123287671232,1.0,0.0,0.0
1710,0.930921052631579,0.920498065262354,0.8592592592592593,0.9106382978723404,0.9915966386554622,0.84251968503937,0.9907407407407407,0.0,0.009259259259259174
1711,0.881578947368421,0.886039886039886,0.7692307692307693,0.8888888888888888,1.0,0.8,1.0,0.0,0.0
1712,0.9407894736842105,0.9439105008899059,0.927536231884058,0.9217391304347826,0.9824561403508771,0.8760330578512396,0.9724770642201835,0.0,0.027522935779816262
1713,0.8848684210526315,0.8618588403034195,0.7378640776699029,0.9025069637883009,0.9452054794520548,0.8526315789473684,0.9585798816568047,0.0,0.04142011834319502
1714,0.9144736842105263,0.9120365676969152,0.8493150684931506,0.9293478260869565,0.9574468085106383,0.8814432989690721,0.9827586206896551,0.0,0.01724137931034473
1715,0.8388157894736842,0.8465870760962364,0.7630057803468208,0.8338983050847457,0.9428571428571428,0.7409638554216867,0.9534883720930233,0.0,0.04651162790697638
1716,0.9276315789473685,0.91268603827073,0.8705882352941177,0.8674698795180723,1.0,0.7659574468085106,1.0,0.0,0.0
1717,0.9506578947368421,0.9498869793781841,0.9535864978902954,0.9171270718232044,0.9789473684210527,0.8736842105263158,0.9651162790697675,0.0,0.034883720930232155
1718,0.7927631578947368,0.809055402864169,0.7096774193548387,0.7174887892376681,1.0,0.5594405594405595,1.0,0.0,0.0
1719,0.9638157894736842,0.9622367948812413,0.948905109489051,0.9558232931726908,0.9819819819819819,0.937007874015748,0.9754098360655737,0.0,0.024590163934426028
1720,0.8256578947368421,0.8127403981274041,0.6131386861313869,0.8250825082508251,1.0,0.702247191011236,1.0,0.0,0.0
1721,0.9342105263157895,0.934312128909598,0.9213483146067416,0.9107142857142857,0.970873786407767,0.8717948717948718,0.9532710280373832,0.0,0.04672897196261639
1722,1.0,1.0,1.0,1.0,1.0,1.0,1.0,0.0,0.0
1723,0.9342105263157895,0.9118831041654777,0.8405797101449275,0.9315068493150684,0.9635627530364372,0.912751677852349,0.951048951048951,0.0,0.04895104895104861
1724,0.8914473684210527,0.8955137104779632,0.8539325842696629,0.8745247148288974,0.9580838323353293,0.8041958041958042,0.9583333333333334,0.0,0.041666666666666324
1725,0.8881578947368421,0.8803021270225623,0.8468468468468469,0.8617886178861789,0.9322709163346613,0.8346456692913385,0.8907563025210085,0.0,0.10924369747899068
1726,0.8651315789473685,0.8471050188556885,0.7368421052631579,0.8581314878892734,0.9463414634146341,0.7848101265822784,0.9465648854961832,0.0,0.05343511450381639
1727,0.9572368421052632,0.9515154328150383,0.96,0.9161290322580645,0.9784172661870504,0.8987341772151899,0.9342105263157895,0.0,0.06578947368420966
1728,0.9046052631578947,0.8859425375315922,0.7706422018348624,0.9096573208722741,0.9775280898876404,0.8488372093023255,0.9798657718120806,0.0,0.02013422818791933
1729,0.8848684210526315,0.8807781542728979,0.8949771689497716,0.8837209302325582,0.8636363636363636,0.8417721518987342,0.9300699300699301,0.0,0.06993006993006945
1730,0.8552631578947368,0.870443699868007,0.7755102040816326,0.835820895522388,1.0,0.717948717948718,1.0,0.0,0.0
1731,0.8585526315789473,0.8620990189694527,0.7341772151898734,0.8590163934426229,0.993103448275862,0.7572254335260116,0.9924242424242424,0.0,0.007575757575757519
1732,0.9276315789473685,0.9228678219503909,0.8717948717948718,0.905982905982906,0.9908256880733946,0.8412698412698413,0.9814814814814815,0.0,0.018518518518518347
1733,0.9342105263157895,0.9170673868651603,0.8771929824561403,0.8936170212765957,0.9803921568627451,0.84,0.9545454545454546,0.0,0.04545454545454494
1734,0.9078947368421053,0.9080537862703468,0.8133333333333334,0.910828025477707,1.0,0.8362573099415205,1.0,0.0,0.0
1735,0.9210526315789473,0.9209770409527267,0.8994708994708994,0.8878504672897196,0.975609756097561,0.8260869565217391,0.9595959595959596,0.0,0.04040404040404
1736,0.944078947368421,0.9325601796095574,0.8888888888888888,0.9276595744680851,0.9811320754716981,0.8934426229508197,0.9646017699115044,0.0,0.03539823008849526
1737,0.8322368421052632,0.8487237021268434,0.7329842931937173,0.8131868131868132,1.0,0.6851851851851852,1.0,0.0,0.0
1738,0.9375,0.8976430976430976,0.7532467532467533,0.9396825396825397,1.0,0.8862275449101796,1.0,0.0,0.0
1739,0.9177631578947368,0.9174357130788874,0.8654970760233918,0.897119341563786,0.9896907216494846,0.8257575757575758,0.9819819819819819,0.0,0.01801801801801786
1740,0.8717105263157895,0.8575273541605606,0.7633587786259542,0.8446215139442231,0.9646017699115044,0.762589928057554,0.9464285714285714,0.0,0.0535714285714281
1741,0.9736842105263158,0.9655031411471692,1.0,0.9781420765027322,0.9183673469387755,0.988950276243094,0.9675675675675676,0.0,0.03243243243243226
1742,0.9144736842105263,0.915959595959596,0.8266666666666667,0.9212121212121213,1.0,0.8539325842696629,1.0,0.0,0.0
1743,0.930921052631579,0.9310927208241851,0.9032258064516129,0.8900523560209425,1.0,0.8018867924528302,1.0,0.0,0.0
1744,0.7631578947368421,0.7874951456310679,0.6504854368932039,0.712,1.0,0.5527950310559007,1.0,0.0,0.0
1745,0.9046052631578947,0.8889541523902759,0.8,0.8888888888888888,0.9779735682819384,0.8169014084507042,0.9747899159663865,0.0,0.025210084033613234
1746,0.8914473684210527,0.8905902873970101,0.8027210884353742,0.8984615384615384,0.9705882352941176,0.8295454545454546,0.9798657718120806,0.0,0.02013422818791933
1747,0.8980263157894737,0.8955904539154164,0.8808290155440415,0.8426395939086294,0.963302752293578,0.7614678899082569,0.9431818181818182,0.0,0.05681818181818118
1748,0.8947368421052632,0.8770827908268667,0.7692307692307693,0.8857142857142857,0.976303317535545,0.8104575163398693,0.9763779527559056,0.0,0.023622047244094304
1749,0.875,0.875747897298987,0.8050314465408805,0.8901734104046243,0.9320388349514563,0.8324324324324325,0.9565217391304348,0.0,0.043478260869564946
1750,0.8519736842105263,0.8333685513327497,0.7133757961783439,0.7867298578199052,1.0,0.6484375,1.0,0.0,0.0
1751,0.9243421052631579,0.9200005428412369,0.8990825688073395,0.9105058365758755,0.9504132231404959,0.8931297709923665,0.9285714285714286,0.0,0.07142857142857087
1752,0.9375,0.9209977285713612,0.8484848484848485,0.931899641577061,0.9826086956521739,0.8904109589041096,0.9774436090225563,0.0,0.02255639097744344
1753,0.8881578947368421,0.8954220174692615,0.8585858585858586,0.8661417322834646,0.9615384615384616,0.7913669064748201,0.9565217391304348,0.0,0.04347826086956484
1754,0.8947368421052632,0.8946643923751384,0.7974683544303798,0.8865248226950354,1.0,0.7961783439490446,1.0,0.0,0.0
1755,0.930921052631579,0.9212848614452464,0.8953488372093024,0.88,0.9885057471264368,0.8020833333333334,0.9746835443037974,0.0,0.025316455696202212
1756,0.9835526315789473,0.9823159965266962,0.9859154929577465,0.9854227405247813,0.975609756097561,0.9883040935672515,0.9825581395348837,0.0,0.017441860465116178
1757,0.9111842105263158,0.8988181629691064,0.7692307692307693,0.9272237196765498,1.0,0.864321608040201,1.0,0.0,0.0
1758,0.9572368421052632,0.9542081098334695,0.9253731343283582,0.9520295202952029,0.9852216748768473,0.9280575539568345,0.9772727272727273,0.0,0.022727272727272554
1759,0.7105263157894737,0.7764950357885015,0.639344262295082,0.6901408450704225,1.0,0.5268817204301075,1.0,0.0,0.0
1760,0.881578947368421,0.8723476268582884,0.7741935483870968,0.847457627118644,0.9953917050691244,0.7407407407407407,0.9900990099009901,0.0,0.009900990099009804
1761,0.9243421052631579,0.8893258660930435,0.7755102040816326,0.8959276018099548,0.9965397923875432,0.8181818181818182,0.99,0.0,0.009999999999999901
1762,0.8980263157894737,0.8623505775147531,0.75,0.8472906403940886,0.9897610921501706,0.7413793103448276,0.9885057471264368,0.0,0.011494252873563086
1763,0.9605263157894737,0.9506403607957008,0.8990825688073395,0.9574468085106383,0.9953917050691244,0.9246575342465754,0.9926470588235294,0.0,0.007352941176470534
1764,0.944078947368421,0.9238916334002149,0.8409090909090909,0.9449838187702265,0.985781990521327,0.906832298136646,0.9864864864864865,0.0,0.013513513513513422
1765,0.9506578947368421,0.9376190797967371,0.9489795918367347,0.958217270194986,0.9056603773584906,0.9398907103825137,0.9772727272727273,0.0,0.0227272727272726
1766,0.9967105263157895,0.9972279522038322,1.0,0.9968652037617555,0.9948186528497409,1.0,0.99375,0.0,0.006249999999999961
1767,0.8651315789473685,0.8409508666283253,0.7544910179640718,0.768361581920904,1.0,0.6238532110091743,1.0,0.0,0.0
1768,0.9144736842105263,0.8415238095238095,0.6285714285714286,0.896,1.0,0.8115942028985508,1.0,0.0,0.0
1769,0.881578947368421,0.8880696906448736,0.8521739130434782,0.8235294117647058,0.9885057471264368,0.7058823529411765,0.9882352941176471,0.0,0.011764705882352804
1770,0.9342105263157895,0.9282409302634345,0.8656716417910447,0.9295774647887324,0.9894736842105263,0.8741721854304636,0.9924812030075187,0.0,0.007518796992481147
1771,0.9078947368421053,0.898239552282209,0.8264462809917356,0.9209039548022598,0.9473684210526315,0.8763440860215054,0.9702380952380952,0.0,0.029761904761904587
1772,0.8947368421052632,0.8916768736700988,0.8169014084507042,0.8961038961038961,0.9620253164556962,0.8313253012048193,0.971830985915493,0.0,0.028169014084506845
1773,0.9276315789473685,0.9327734079297593,0.88268156424581,0.9225352112676056,0.993103448275862,0.8618421052631579,0.9924242424242424,0.0,0.007575757575757519
1774,0.9703947368421053,0.9694087009888822,0.9808429118773946,0.9596412556053812,0.967741935483871,0.9469026548672567,0.9727272727272728,0.0,0.027272727272727025
1775,0.8125,0.8062350119904077,0.6187050359712231,0.8298507462686567,0.9701492537313433,0.7202072538860104,0.9788732394366197,0.0,0.021126760563380132
1776,0.9276315789473685,0.9207326723455754,0.8548387096774194,0.9333333333333333,0.974025974025974,0.8901734104046243,0.9808917197452229,0.0,0.019108280254776948
1777,0.8618421052631579,0.8532514691243055,0.7516778523489933,0.832,0.9760765550239234,0.7272727272727273,0.9719626168224299,0.0,0.028037383177569833
1778,0.9046052631578947,0.8934699855415967,0.8095238095238095,0.9258312020460358,0.945054945054945,0.8743961352657005,0.9836956521739131,0.0,0.01630434782608687
1779,0.881578947368421,0.8345442220497069,0.627906976744186,0.9134615384615384,0.9622641509433962,0.852017937219731,0.9844559585492227,0.0,0.015544041450777122
1780,0.944078947368421,0.9437104347165682,0.9299363057324841,0.9300411522633745,0.9711538461538461,0.8968253968253969,0.9658119658119658,0.0,0.0341880341880339
1781,0.9671052631578947,0.9332177486675657,0.8275862068965517,0.9720670391061452,1.0,0.9456521739130435,1.0,0.0,0.0
1782,0.9046052631578947,0.9062612227891921,0.8949771689497716,0.8557213930348259,0.9680851063829787,0.7818181818181819,0.945054945054945,0.0,0.05494505494505435
1783,0.9144736842105263,0.9115277777777777,0.87,0.8645833333333334,1.0,0.7614678899082569,1.0,0.0,0.0
1784,0.8980263157894737,0.8638770872866172,0.7289719626168224,0.8702928870292888,0.9923664122137404,0.7761194029850746,0.9904761904761905,0.0,0.009523809523809433
1785,0.930921052631579,0.9162010885056376,0.8604651162790697,0.9257950530035336,0.9623430962343096,0.903448275862069,0.9492753623188406,0.0,0.050724637681159056
1786,0.9375,0.9239197128830298,0.8705882352941177,0.9389067524115756,0.9622641509433962,0.9240506329113924,0.954248366013072,0.0,0.04575163398692781
1787,0.7927631578947368,0.7985249145529772,0.5882352941176471,0.8073394495412844,1.0,0.676923076923077,1.0,0.0,0.0
1788,0.8289473684210527,0.8136349878934626,0.6190476190476191,0.8531073446327684,0.96875,0.755,0.9805194805194806,0.0,0.019480519480519355
1789,0.9046052631578947,0.9028109257879419,0.88,0.8786610878661087,0.9497716894977168,0.8267716535433071,0.9375,0.0,0.062499999999999445
1790,0.944078947368421,0.9450189653193246,0.958139534883721,0.9251101321585903,0.9518072289156626,0.9051724137931034,0.9459459459459459,0.0,0.05405405405405357
1791,0.8289473684210527,0.8337656971754678,0.7486631016042781,0.7796610169491526,0.972972972972973,0.6524822695035462,0.968421052631579,0.0,0.03157894736842072
1792,0.9342105263157895,0.905009687872294,0.819672131147541,0.9295774647887324,0.9657794676806084,0.9103448275862069,0.9496402877697842,0.0,0.050359712230215466
1793,0.8355263157894737,0.8557736934929917,0.7870370370370371,0.8120300751879699,0.9682539682539683,0.6967741935483871,0.972972972972973,0.0,0.027027027027026786
1794,0.9473684210526315,0.9428803849138427,0.9007633587786259,0.9432624113475178,0.9846153846153847,0.910958904109589,0.9779411764705882,0.0,0.022058823529411603
1795,0.9111842105263158,0.8276956214867992,0.5882352941176471,0.9264305177111717,0.968421052631579,0.8854166666666666,0.9714285714285714,0.0,0.028571428571428407
1796,0.8848684210526315,0.7602325385457916,0.4,0.9156626506024096,0.965034965034965,0.8597285067873304,0.979381443298969,0.0,0.020618556701030823
1797,0.8980263157894737,0.9042183771193271,0.8691099476439791,0.8830188679245283,0.9605263157894737,0.8125,0.9669421487603306,0.0,0.03305785123966915
1798,0.9276315789473685,0.8852580748321075,0.7796610169491526,0.9481132075471698,0.928,0.9305555555555556,0.9663461538461539,0.0,0.03365384615384599
1799,0.9868421052631579,0.9867815793572504,0.9902912621359223,0.9882352941176471,0.9818181818181818,0.9882352941176471,0.9882352941176471,0.0,0.011764705882352872
1800,0.9013157894736842,0.8956578790904325,0.8783068783068783,0.8387096774193549,0.9699570815450643,0.7572815533980582,0.9397590361445783,0.0,0.060240963855420965
1801,0.8651315789473685,0.8778262006757999,0.7916666666666666,0.8487084870848709,0.993103448275862,0.7419354838709677,0.9913793103448276,0.0,0.008620689655172339
1802,0.8782894736842105,0.8555945365236318,0.7027027027027027,0.9095354523227384,0.9545454545454546,0.8454545454545455,0.9841269841269841,0.0,0.01587301587301579
1803,0.7730263157894737,0.7334761014256701,0.5,0.8099173553719008,0.8905109489051095,0.7170731707317073,0.930379746835443,0.0,0.06962025316455653
1804,0.930921052631579,0.86089485848489,0.6545454545454545,0.9373134328358209,0.9908256880733946,0.8920454545454546,0.9874213836477987,0.0,0.012578616352201179
1805,0.8256578947368421,0.797552415117952,0.6181818181818182,0.8436578171091446,0.9308176100628931,0.7606382978723404,0.9470198675496688,0.0,0.05298013245033078
1806,0.930921052631579,0.9433189688223657,0.8934010152284264,0.9365558912386707,1.0,0.8806818181818182,1.0,0.0,0.0
1807,0.9375,0.9296327639030211,0.8780487804878049,0.929368029739777,0.9814814814814815,0.8865248226950354,0.9765625,0.0,0.02343749999999982
1808,0.8355263157894737,0.8546111773500634,0.7766990291262136,0.8538011695906432,0.9333333333333333,0.7564766839378239,0.9798657718120806,0.0,0.02013422818791933
1809,0.9703947368421053,0.9677124012160966,0.9565217391304348,0.9712460063897763,0.9753694581280788,0.9681528662420382,0.9743589743589743,0.0,0.025641025641025477
1810,0.868421052631579,0.8787212787212787,0.8,0.8571428571428571,0.9790209790209791,0.759493670886076,0.9836065573770492,0.0,0.016393442622950685
1811,0.9210526315789473,0.9200482467476524,0.8356164383561644,0.9245283018867925,1.0,0.8596491228070176,1.0,0.0,0.0
1812,0.8092105263157895,0.8087783797729617,0.7105263157894737,0.81875,0.8970588235294118,0.7359550561797753,0.9225352112676056,0.0,0.07746478873239382
1813,0.930921052631579,0.8685990338164252,0.6666666666666666,0.9391304347826087,1.0,0.8852459016393442,1.0,0.0,0.0
1814,0.993421052631579,0.9950237670825907,1.0,0.9926470588235294,0.9924242424242424,0.9926470588235294,0.9926470588235294,0.0,0.007352941176470534
1815,0.8947368421052632,0.889039724045844,0.8121212121212121,0.8596491228070176,0.9953488372093023,0.7538461538461538,1.0,0.0,0.0
1816,0.944078947368421,0.9327637804185162,0.8990825688073395,0.92018779342723,0.9790209790209791,0.875,0.9702970297029703,0.0,0.02970297029702941
1817,0.8585526315789473,0.8447029748706578,0.734375,0.8436363636363636,0.9560975609756097,0.7581699346405228,0.9508196721311475,0.0,0.049180327868852056
1818,0.9671052631578947,0.975011655011655,1.0,0.965034965034965,0.96,0.971830985915493,0.9583333333333334,0.0,0.04166666666666638
1819,0.9375,0.9383734180771627,0.906832298136646,0.9323843416370107,0.9759036144578314,0.891156462585034,0.9776119402985075,0.0,0.02238805970149237
1820,0.8782894736842105,0.8504766674676262,0.6896551724137931,0.8664259927797834,0.9953488372093023,0.7643312101910829,1.0,0.0,0.0
1821,0.8947368421052632,0.8942400464981111,0.84,0.896774193548387,0.9459459459459459,0.8424242424242424,0.9586206896551724,0.0,0.0413793103448273
1822,0.9111842105263158,0.8980005443544167,0.819672131147541,0.896551724137931,0.9777777777777777,0.8357142857142857,0.9669421487603306,0.0,0.03305785123966915
1823,0.9046052631578947,0.9031542809453358,0.8551724137931035,0.9042904290429042,0.95,0.85625,0.958041958041958,0.0,0.04195804195804167
1824,0.9572368421052632,0.930056208187033,0.847457627118644,0.9623188405797102,0.9803921568627451,0.9431818181818182,0.9822485207100592,0.0,0.017751479289940725
1825,0.9013157894736842,0.8913578220498756,0.819672131147541,0.8936170212765957,0.9607843137254902,0.84,0.9545454545454546,0.0,0.04545454545454511
1826,0.8947368421052632,0.8718120318120318,0.8324324324324325,0.7866666666666666,0.9963369963369964,0.6555555555555556,0.9833333333333333,0.0,0.01666666666666639
1827,0.8947368421052632,0.8953844163928197,0.8104575163398693,0.8961038961038961,0.9795918367346939,0.8263473053892215,0.9787234042553191,0.0,0.0212765957446807
1828,0.875,0.8589287355416388,0.7350427350427351,0.8869047619047619,0.9548387096774194,0.8186813186813187,0.9675324675324676,0.0,0.032467532467532256
1829,0.9046052631578947,0.9113777879855051,0.875,0.9067524115755627,0.9523809523809523,0.8493975903614458,0.9724137931034482,0.0,0.027586206896551536
1830,0.9572368421052632,0.9529513833857526,0.9922480620155039,0.9633802816901409,0.9032258064516129,0.9771428571428571,0.95,0.0,0.049999999999999725
1831,0.8322368421052632,0.7699772691223735,0.5555555555555556,0.7649769585253456,0.9893992932862191,0.6287878787878788,0.9764705882352941,0.0,0.023529411764705608
1832,1.0,1.0,1.0,1.0,1.0,1.0,1.0,0.0,0.0
1833,0.8881578947368421,0.882465211976826,0.8181818181818182,0.8835616438356164,0.9456521739130435,0.832258064516129,0.9416058394160584,0.0,0.05839416058394118
1834,0.8980263157894737,0.8721183031527859,0.7727272727272727,0.8472906403940886,0.9963369963369964,0.7413793103448276,0.9885057471264368,0.0,0.011494252873563086
1835,0.9967105263157895,0.9969655704167989,1.0,0.9968847352024922,0.9940119760479041,0.9937888198757764,1.0,0.0,0.0
1836,0.9868421052631579,0.9898412698412699,1.0,0.9885714285714285,0.9809523809523809,0.9942528735632183,0.9829545454545454,0.0,0.01704545454545445
1837,0.8947368421052632,0.9045525902668761,0.8367346938775511,0.8769230769230769,1.0,0.7808219178082192,1.0,0.0,0.0
1838,0.8881578947368421,0.85224171539961,0.6736842105263158,0.9005847953216374,0.9824561403508771,0.8324324324324325,0.9808917197452229,0.0,0.019108280254776948
1839,0.9276315789473685,0.9204415729943621,0.8771929824561403,0.9341317365269461,0.95,0.9069767441860465,0.9629629629629629,0.0,0.03703703703703681
1840,0.9177631578947368,0.9184960201089233,0.864516129032258,0.9266862170087976,0.9642857142857143,0.8777777777777778,0.9813664596273292,0.0,0.018633540372670693
1841,0.8618421052631579,0.861747014992369,0.7341772151898734,0.851063829787234,1.0,0.7407407407407407,1.0,0.0,0.0
1842,0.9703947368421053,0.9679899453615524,0.9541284403669725,0.9690721649484536,0.9807692307692307,0.9591836734693877,0.9791666666666666,0.0,0.02083333333333319
1843,0.9473684210526315,0.9444622764314627,0.9104477611940298,0.9444444444444444,0.978494623655914,0.912751677852349,0.9784172661870504,0.0,0.021582733812949485
1844,0.8914473684210527,0.8606078606078605,0.7027027027027027,0.8791208791208791,1.0,0.7843137254901961,1.0,0.0,0.0
1845,0.8618421052631579,0.8612553342816501,0.7631578947368421,0.8581081081081081,0.9625,0.7696969696969697,0.9694656488549618,0.0,0.030534351145037938
1846,0.8585526315789473,0.7696194824961949,0.4266666666666667,0.8821917808219178,1.0,0.7892156862745098,1.0,0.0,0.0
1847,0.875,0.8280199015324873,0.6136363636363636,0.8967391304347826,0.9736842105263158,0.825,0.9821428571428571,0.0,0.017857142857142752
1848,0.9572368421052632,0.9337674321883002,0.8433734939759037,0.9579288025889967,1.0,0.9192546583850931,1.0,0.0,0.0
1849,0.9046052631578947,0.912131480465872,0.8712871287128713,0.8844621513944223,0.9806451612903225,0.8102189781021898,0.9736842105263158,0.0,0.02631578947368398
1850,0.8782894736842105,0.8752651754368094,0.775,0.8560311284046692,0.9947643979057592,0.7482993197278912,1.0,0.0,0.0
1851,0.8881578947368421,0.880105353002287,0.8130081300813008,0.8874172185430463,0.9398907103825137,0.8427672955974843,0.9370629370629371,0.0,0.0629370629370625
1852,0.9177631578947368,0.911965811965812,0.8428571428571429,0.9084249084249084,0.9846153846153847,0.8435374149659864,0.9841269841269841,0.0,0.015873015873015747
1853,0.9703947368421053,0.9676426207754453,0.9565217391304348,0.9717868338557993,0.9746192893401016,0.96875,0.9748427672955975,0.0,0.025157232704402357
1854,0.9144736842105263,0.8295875015173261,0.6153846153846154,0.9315789473684211,0.9417989417989417,0.9076923076923077,0.9567567567567568,0.0,0.04324324324324301
1855,0.9046052631578947,0.8856885590252136,0.8305084745762712,0.9276807980049875,0.898876404494382,0.8985507246376812,0.9587628865979382,0.0,0.04123711340206165
1856,0.756578947368421,0.7863098876640984,0.6568627450980392,0.7338129496402878,0.9682539682539683,0.5895953757225434,0.9714285714285714,0.0,0.0285714285714283
1857,0.9144736842105263,0.8961718095086025,0.8292682926829268,0.9230769230769231,0.9361702127659575,0.896551724137931,0.9512195121951219,0.0,0.04878048780487775
1858,0.8881578947368421,0.8677563678523925,0.7777777777777778,0.8661417322834646,0.959349593495935,0.8088235294117647,0.9322033898305084,0.0,0.06779661016949096
1859,0.9506578947368421,0.944433057775956,0.8739495798319328,0.959349593495935,1.0,0.921875,1.0,0.0,0.0
1860,0.9638157894736842,0.9492215675177825,0.8817204301075269,0.9659442724458205,1.0,0.9341317365269461,1.0,0.0,0.0
1861,0.7796052631578947,0.8320966874722399,0.726530612244898,0.7697594501718213,1.0,0.6256983240223464,1.0,0.0,0.0
1862,0.9046052631578947,0.8834415365646414,0.7835051546391752,0.9187675070028011,0.948051948051948,0.8770053475935828,0.9647058823529412,0.0,0.035294117647058615
1863,0.9078947368421053,0.8850108417110191,0.76,0.9213483146067416,0.9736842105263158,0.8677248677248677,0.9820359281437125,0.0,0.017964071856287317
1864,0.9276315789473685,0.886476358890152,0.7428571428571429,0.9395604395604396,0.9770114942528736,0.9,0.9827586206896551,0.0,0.01724137931034473
1865,0.875,0.8747614130604836,0.8333333333333334,0.8805031446540881,0.9104477611940298,0.8284023668639053,0.9395973154362416,0.0,0.06040268456375798
1866,0.944078947368421,0.9336792699544411,0.8785046728971962,0.9415807560137457,0.9809523809523809,0.9072847682119205,0.9785714285714285,0.0,0.021428571428571276
1867,0.9013157894736842,0.9007936507936507,0.875,0.9107142857142857,0.9166666666666666,0.864406779661017,0.9622641509433962,0.0,0.037735849056603536
1868,0.8651315789473685,0.8140666282353077,0.6206896551724138,0.8551236749116607,0.9663865546218487,0.7756410256410257,0.952755905511811,0.0,0.04724409448818861
1869,0.9111842105263158,0.9117815093611273,0.8789808917197452,0.9018181818181819,0.9545454545454546,0.8611111111111112,0.9465648854961832,0.0,0.05343511450381639
1870,0.9375,0.9274849785407726,0.88,0.9184549356223176,0.984,0.8699186991869918,0.9727272727272728,0.0,0.027272727272727025
1871,0.8782894736842105,0.862914862914863,0.7226890756302521,0.896358543417367,0.9696969696969697,0.8247422680412371,0.9815950920245399,0.0,0.01840490797546001
1872,0.9572368421052632,0.960447567004944,0.9289617486338798,0.9523809523809523,1.0,0.9090909090909091,1.0,0.0,0.0
1873,0.8881578947368421,0.8239998836228216,0.7368421052631579,0.746268656716418,0.9888888888888889,0.6172839506172839,0.9433962264150944,0.0,0.05660377358490459
1874,0.8289473684210527,0.7988982403698124,0.5641025641025641,0.8385093167701864,0.9940828402366864,0.7258064516129032,0.9926470588235294,0.0,0.007352941176470534
1875,0.8914473684210527,0.9028536733454766,0.819672131147541,0.8888888888888888,1.0,0.8,1.0,0.0,0.0
1876,0.944078947368421,0.9480807969314826,0.9285714285714286,0.9216589861751152,0.9940119760479041,0.8547008547008547,1.0,0.0,0.0
1877,0.8881578947368421,0.8917856954029323,0.8402366863905325,0.8802816901408451,0.9548387096774194,0.8116883116883117,0.9615384615384616,0.0,0.038461538461538165
1878,0.9572368421052632,0.9591702336012705,0.960352422907489,0.9494163424124513,0.967741935483871,0.9312977099236641,0.9682539682539683,0.0,0.031746031746031494
1879,0.8486842105263158,0.7985822650966851,0.5567010309278351,0.8544303797468354,0.9846153846153847,0.7584269662921348,0.9782608695652174,0.0,0.021739130434782452
1880,0.930921052631579,0.9211658461141088,0.8521739130434782,0.9345794392523364,0.9767441860465116,0.8928571428571429,0.9803921568627451,0.0,0.019607843137254773
1881,0.9407894736842105,0.9231207015469504,0.8705882352941177,0.9547738693467337,0.944,0.9359605911330049,0.9743589743589743,0.0,0.025641025641025512
1882,0.875,0.8809578024523148,0.7852760736196319,0.8819875776397516,0.975609756097561,0.8022598870056498,0.9793103448275862,0.0,0.02068965517241365
1883,0.9506578947368421,0.9514817948046542,0.95,0.9392712550607287,0.9651741293532339,0.9206349206349206,0.9586776859504132,0.0,0.04132231404958644
1884,0.9605263157894737,0.9603747660550185,0.9536423841059603,0.961038961038961,0.9664429530201343,0.9548387096774194,0.9673202614379085,0.0,0.03267973856209129
1885,0.8322368421052632,0.7541778975741241,0.4,0.862533692722372,1.0,0.7582938388625592,1.0,0.0,0.0
1886,0.9177631578947368,0.9251193173902368,0.8865979381443299,0.911660777385159,0.9770992366412213,0.8543046357615894,0.9772727272727273,0.0,0.022727272727272554
1887,0.9967105263157895,0.9960151667632379,0.9917355371900827,0.996309963099631,1.0,0.9926470588235294,1.0,0.0,0.0
1888,0.9375,0.8580765639589168,0.6274509803921569,0.9467787114845938,1.0,0.898936170212766,1.0,0.0,0.0
1889,0.8881578947368421,0.8605212355212354,0.6964285714285714,0.8851351351351351,1.0,0.793939393939394,1.0,0.0,0.0
1890,0.9046052631578947,0.8911799741593752,0.8611111111111112,0.8449197860962567,0.9675090252707581,0.7821782178217822,0.9186046511627907,0.0,0.08139534883720836
1891,0.9078947368421053,0.923078655227544,0.8761061946902655,0.8931297709923665,1.0,0.8068965517241379,1.0,0.0,0.0
1892,0.8223684210526315,0.8284387471530955,0.8214285714285714,0.7452830188679245,0.9186046511627907,0.6528925619834711,0.8681318681318682,0.0,0.13186813186813043
1893,0.8914473684210527,0.895756717764382,0.8220858895705522,0.8990825688073395,0.9661016949152542,0.8305084745762712,0.98,0.0,0.01999999999999987
1894,0.8947368421052632,0.9016613848074523,0.7948717948717948,0.9101123595505618,1.0,0.8350515463917526,1.0,0.0,0.0
1895,0.881578947368421,0.875610244097639,0.8,0.8676470588235294,0.9591836734693877,0.7972972972972973,0.9516129032258065,0.0,0.04838709677419316
1896,0.9046052631578947,0.9053011107562369,0.8516129032258064,0.9042904290429042,0.96,0.85625,0.958041958041958,0.0,0.04195804195804167
1897,0.9342105263157895,0.8904684855803993,0.7586206896551724,0.9421965317919075,0.9705882352941176,0.9106145251396648,0.9760479041916168,0.0,0.02395209580838309
1898,0.9276315789473685,0.9313686331974494,0.914572864321608,0.9098360655737705,0.9696969696969697,0.8604651162790697,0.9652173913043478,0.0,0.034782608695651876
1899,0.9342105263157895,0.8756153559574775,0.6885245901639344,0.943502824858757,0.9948186528497409,0.8978494623655914,0.9940476190476191,0.0,0.005952380952380917
1900,0.9046052631578947,0.9270059967410037,0.8786610878661087,0.9023569023569024,1.0,0.8220858895705522,1.0,0.0,0.0
1901,0.9046052631578947,0.9078890771762295,0.8343558282208589,0.903010033444816,0.9863013698630136,0.8333333333333334,0.9854014598540146,0.0,0.014598540145985295
1902,0.9736842105263158,0.9713804713804715,1.0,0.9444444444444444,0.9696969696969697,0.9714285714285714,0.918918918918919,0.0,0.08108108108107999
1903,0.9013157894736842,0.8821632708272383,0.7878787878787878,0.9112426035502958,0.9473684210526315,0.8651685393258427,0.9625,0.0,0.03749999999999977
1904,0.8980263157894737,0.8510075277580601,0.6933333333333334,0.9242053789731052,0.9354838709677419,0.883177570093458,0.9692307692307692,0.0,0.03076923076923061
1905,0.8947368421052632,0.8907558174422512,0.8201438848920863,0.8940397350993378,0.9580838323353293,0.8333333333333334,0.9642857142857143,0.0,0.03571428571428546
1906,0.7960526315789473,0.7642195767195767,0.5694444444444444,0.7232142857142857,1.0,0.5664335664335665,1.0,0.0,0.0
1907,0.9177631578947368,0.8860727114830458,0.7755102040816326,0.8936170212765957,0.9890909090909091,0.8267716535433071,0.9722222222222222,0.0,0.027777777777777523
1908,0.9506578947368421,0.9533102727951087,0.9458128078817734,0.9397590361445783,0.9743589743589743,0.9069767441860465,0.975,0.0,0.024999999999999793
1909,0.8914473684210527,0.8859918606367855,0.8387096774193549,0.8910891089108911,0.9281767955801105,0.8544303797468354,0.9310344827586207,0.0,0.06896551724137884
1910,0.9375,0.9339887537211952,0.8714285714285714,0.9364548494983278,0.9940828402366864,0.8860759493670886,0.9929078014184397,0.0,0.007092198581560234
1911,0.8421052631578947,0.7872627918529558,0.56,0.8181818181818182,0.9836065573770492,0.7058823529411765,0.972972972972973,0.0,0.027027027027026786
1912,0.9210526315789473,0.8916826136395152,0.7764705882352941,0.9405940594059405,0.957983193277311,0.9047619047619048,0.979381443298969,0.0,0.020618556701030823
1913,0.9243421052631579,0.9151421571655035,0.8571428571428571,0.9105058365758755,0.9777777777777777,0.8540145985401459,0.975,0.0,0.024999999999999793
1914,0.9671052631578947,0.9680959815620237,0.9880952380952381,0.9489795918367347,0.9672131147540983,0.9587628865979382,0.9393939393939394,0.0,0.06060606060606
1915,0.9638157894736842,0.9585830378714192,0.9299363057324841,0.9458128078817734,1.0,0.897196261682243,1.0,0.0,0.0
1916,0.875,0.8542180465844588,0.7076923076923077,0.8549618320610687,1.0,0.7466666666666667,1.0,0.0,0.0
1917,0.9703947368421053,0.9730914247043279,0.967741935483871,0.9585253456221198,0.993006993006993,0.9203539823008849,1.0,0.0,0.0
1918,0.9802631578947368,0.981740627104692,1.0,0.9813664596273292,0.963855421686747,0.9937106918238994,0.9693251533742331,0.0,0.030674846625766684
1919,0.9572368421052632,0.9523557562972765,0.9285714285714286,0.9494163424124513,0.9790794979079498,0.9312977099236641,0.9682539682539683,0.0,0.031746031746031494
1920,0.9736842105263158,0.9717846626858809,0.9530201342281879,0.9669421487603306,0.9953917050691244,0.9435483870967742,0.9915254237288136,0.0,0.00847457627118637
1921,0.9407894736842105,0.9292885202968136,0.8448275862068966,0.9430379746835443,1.0,0.8922155688622755,1.0,0.0,0.0
1922,0.805921052631579,0.8106017707466983,0.6832298136645962,0.8319088319088319,0.9166666666666666,0.7336683417085427,0.9605263157894737,0.0,0.03947368421052606
1923,0.868421052631579,0.8525659820403618,0.7226890756302521,0.8876404494382022,0.9473684210526315,0.8229166666666666,0.9634146341463414,0.0,0.03658536585365831
1924,0.9111842105263158,0.9054355711470209,0.8705882352941177,0.8669950738916257,0.9787234042553191,0.7857142857142857,0.967032967032967,0.0,0.03296703296703261
1925,0.8881578947368421,0.8903797591297592,0.8076923076923077,0.89375,0.9696969696969697,0.8218390804597702,0.9794520547945206,0.0,0.020547945205479312
1926,0.8947368421052632,0.8244631185807657,0.5882352941176471,0.9047619047619048,0.9803921568627451,0.8397790055248618,0.9806451612903225,0.0,0.019354838709677295
1927,0.9638157894736842,0.9532564110130729,0.8932038834951457,0.9665653495440729,1.0,0.9352941176470588,1.0,0.0,0.0
1928,0.8453947368421053,0.7796973857077484,0.4888888888888889,0.8553846153846154,0.9948186528497409,0.7513513513513513,0.9928571428571429,0.0,0.007142857142857092
1929,0.9210526315789473,0.9254991329570893,0.9035532994923858,0.904,0.968944099378882,0.8432835820895522,0.9741379310344828,0.0,0.02586206896551702
1930,0.9243421052631579,0.9233297406172117,0.8950276243093923,0.8940092165898618,0.9809523809523809,0.8290598290598291,0.97,0.0,0.0299999999999997
1931,0.930921052631579,0.8952855268078842,0.7868852459016393,0.9337539432176656,0.9652173913043478,0.9024390243902439,0.9673202614379085,0.0,0.03267973856209129
1932,0.9802631578947368,0.9793722770516582,0.9565217391304348,0.9815950920245399,1.0,0.963855421686747,1.0,0.0,0.0
1933,0.9210526315789473,0.9143391330891331,0.84375,0.9230769230769231,0.9761904761904762,0.8727272727272727,0.9795918367346939,0.0,0.020408163265305986
1934,0.8947368421052632,0.852822392096939,0.7323943661971831,0.9195979899497487,0.9064748201438849,0.8926829268292683,0.9481865284974094,0.0,0.05181347150259041
1935,1.0,1.0,1.0,1.0,1.0,1.0,1.0,0.0,0.0
1936,0.9078947368421053,0.900134513037739,0.8387096774193549,0.9020979020979021,0.9595959595959596,0.8543046357615894,0.9555555555555556,0.0,0.04444444444444412
1937,0.8421052631578947,0.8083623693379791,0.5714285714285714,0.8536585365853658,1.0,0.7446808510638298,1.0,0.0,0.0
1938,0.9539473684210527,0.9281524926686218,0.8409090909090909,0.9435483870967742,1.0,0.8931297709923665,1.0,0.0,0.0
1939,0.8782894736842105,0.7867438740352733,0.5135135135135135,0.8502024291497976,0.9965156794425087,0.7394366197183099,1.0,0.0,0.0
1940,0.7861842105263158,0.7933533811396406,0.5454545454545454,0.8346055979643766,1.0,0.7161572052401747,1.0,0.0,0.0
1941,0.8980263157894737,0.8803734462131022,0.7368421052631579,0.9111747851002865,0.993103448275862,0.8412698412698413,0.99375,0.0,0.006249999999999961
1942,0.8026315789473685,0.810908084163898,0.6904761904761905,0.8255813953488372,0.9166666666666666,0.7244897959183674,0.9594594594594594,0.0,0.040540540540540265
1943,0.7828947368421053,0.7857306665356201,0.6555555555555556,0.7226890756302521,0.9789473684210527,0.5771812080536913,0.9662921348314607,0.0,0.03370786516853895
1944,0.9506578947368421,0.9463313660435634,0.9421487603305785,0.9246231155778895,0.9722222222222222,0.9019607843137255,0.9484536082474226,0.0,0.05154639175257679
1945,0.9243421052631579,0.9204117225987352,0.8905109489051095,0.9061224489795918,0.9646017699115044,0.8671875,0.9487179487179487,0.0,0.05128205128205084
1946,0.9276315789473685,0.9133085441221779,0.8411214953271028,0.9214285714285714,0.9773755656108597,0.8775510204081632,0.9699248120300752,0.0,0.03007518796992459
1947,0.819078947368421,0.7968913411951387,0.5299145299145299,0.8607594936708861,1.0,0.7555555555555555,1.0,0.0,0.0
1948,0.9111842105263158,0.9021714963314311,0.7938931297709924,0.912621359223301,1.0,0.8392857142857143,1.0,0.0,0.0
1949,0.9769736842105263,0.9658731670158066,0.9213483146067416,0.976271186440678,1.0,0.9536423841059603,1.0,0.0,0.0
1950,0.9013157894736842,0.7973856209150326,0.5588235294117647,0.8333333333333334,1.0,0.7142857142857143,1.0,0.0,0.0
1951,0.8980263157894737,0.9053494645788319,0.8717948717948718,0.8502415458937198,0.9940119760479041,0.7394957983193278,1.0,0.0,0.0
1952,0.8421052631578947,0.8482665805340224,0.7555555555555555,0.8125,0.9767441860465116,0.697986577181208,0.9719626168224299,0.0,0.028037383177569833
1953,0.9111842105263158,0.9170490435611703,0.8439306358381503,0.9072164948453608,1.0,0.8301886792452831,1.0,0.0,0.0
1954,0.9177631578947368,0.8745132234965839,0.7352941176470589,0.9180327868852459,0.9702127659574468,0.8805031446540881,0.958904109589041,0.0,0.041095890410958624
1955,0.9013157894736842,0.8534363270457136,0.6896551724137931,0.8818897637795275,0.9887640449438202,0.8057553956834532,0.9739130434782609,0.0,0.026086956521738904
1956,0.9671052631578947,0.9647147264803607,0.9699570815450643,0.9382716049382716,0.9859154929577465,0.9047619047619048,0.9743589743589743,0.0,0.025641025641025314
1957,0.944078947368421,0.9349917015986723,0.8907563025210085,0.9306122448979591,0.9836065573770492,0.890625,0.9743589743589743,0.0,0.02564102564102542
1958,0.8618421052631579,0.8738624998126029,0.8217821782178217,0.8432835820895522,0.9565217391304348,0.7533333333333333,0.9576271186440678,0.0,0.04237288135593185
1959,0.9605263157894737,0.9687423687423687,0.9523809523809523,0.9538461538461539,1.0,0.9117647058823529,1.0,0.0,0.0
1960,0.8322368421052632,0.80980941739578,0.6356589147286822,0.8131868131868132,0.9805825242718447,0.6981132075471698,0.9736842105263158,0.0,0.02631578947368398
1961,0.9243421052631579,0.9247255779098845,0.8764044943820225,0.9029535864978903,0.9948186528497409,0.8294573643410853,0.9907407407407407,0.0,0.009259259259259174
1962,0.805921052631579,0.7681576688159882,0.5904761904761905,0.8451443569553806,0.8688524590163934,0.7740384615384616,0.930635838150289,0.0,0.06936416184971059
1963,0.9506578947368421,0.9420337825368268,0.905982905982906,0.9356223175965666,0.9844961240310077,0.9008264462809917,0.9732142857142857,0.0,0.02678571428571405
1964,0.9736842105263158,0.9725022104332449,0.9655172413793104,0.9692307692307692,0.9827586206896551,0.9618320610687023,0.9767441860465116,0.0,0.02325581395348819
1965,0.9539473684210527,0.9316777158090428,0.8837209302325582,0.9230769230769231,0.9882352941176471,0.8842105263157894,0.9655172413793104,0.0,0.03448275862068926
1966,0.8848684210526315,0.8742499390963555,0.7692307692307693,0.8805460750853242,0.972972972972973,0.80625,0.9699248120300752,0.0,0.03007518796992459
1967,0.8914473684210527,0.8936598362983444,0.8393782383419689,0.852017937219731,0.9895833333333334,0.7480314960629921,0.9895833333333334,0.0,0.010416666666666559
1968,0.8486842105263158,0.856818867847116,0.7865168539325843,0.8402777777777778,0.9436619718309859,0.7515527950310559,0.952755905511811,0.0,0.04724409448818861
1969,0.7796052631578947,0.7600925021070212,0.5793103448275863,0.728744939271255,0.9722222222222222,0.5921052631578947,0.9473684210526315,0.0,0.05263157894736787
1970,0.881578947368421,0.8474927476170743,0.6842105263157895,0.8582677165354331,1.0,0.7517241379310344,1.0,0.0,0.0
1971,0.993421052631579,0.9927400221077084,0.9896907216494846,0.9937106918238994,0.9948186528497409,0.9937106918238994,0.9937106918238994,0.0,0.006289308176100589
1972,0.9243421052631579,0.8930889458388136,0.819672131147541,0.9429280397022333,0.9166666666666666,0.9313725490196079,0.9547738693467337,0.0,0.045226130653266104
1973,0.7861842105263158,0.8092280453982582,0.6555555555555556,0.8024316109422492,0.9696969696969697,0.6804123711340206,0.9777777777777777,0.0,0.02222222222222206
1974,0.8552631578947368,0.8735632183908045,0.8103448275862069,0.8103448275862069,1.0,0.6811594202898551,1.0,0.0,0.0
1975,0.8717105263157895,0.8725229826353421,0.7636363636363637,0.8539325842696629,1.0,0.7450980392156863,1.0,0.0,0.0
1976,0.9078947368421053,0.8982785099467838,0.819672131147541,0.9084967320261438,0.9666666666666667,0.8580246913580247,0.9652777777777778,0.0,0.03472222222222198
1977,0.9473684210526315,0.93088667974932,0.845360824742268,0.9532163742690059,0.9940828402366864,0.9157303370786517,0.9939024390243902,0.0,0.006097560975609719
1978,0.8585526315789473,0.8191013954989111,0.6122448979591837,0.8753623188405797,0.9696969696969697,0.7947368421052632,0.9741935483870968,0.0,0.02580645161290306
1979,0.8651315789473685,0.8744175902070639,0.8376068376068376,0.8038277511961722,0.9818181818181818,0.6829268292682927,0.9767441860465116,0.0,0.023255813953488105
1980,0.8486842105263158,0.8070108343637755,0.5945945945945946,0.8308823529411765,0.9955555555555555,0.7151898734177216,0.9912280701754386,0.0,0.008771929824561327
1981,0.8388157894736842,0.8287846939357063,0.6818181818181818,0.8579710144927536,0.9465648854961832,0.7708333333333334,0.9673202614379085,0.0,0.03267973856209129
1982,0.9144736842105263,0.9064095500459137,0.8266666666666667,0.8925619834710744,1.0,0.8059701492537313,1.0,0.0,0.0
1983,0.9276315789473685,0.9231530258255171,0.9,0.9392265193370166,0.9302325581395349,0.9090909090909091,0.9714285714285714,0.0,0.028571428571428407
1984,0.9111842105263158,0.895642057919638,0.819047619047619,0.9039145907473309,0.963963963963964,0.8581081081081081,0.9548872180451128,0.0,0.04511278195488688
1985,0.819078947368421,0.8284312011452751,0.6987951807228916,0.8264984227129337,0.96,0.7197802197802198,0.9703703703703703,0.0,0.029629629629629412
1986,0.9506578947368421,0.9514899374260105,0.96,0.9315068493150684,0.9629629629629629,0.9107142857142857,0.9532710280373832,0.0,0.04672897196261639
1987,0.9868421052631579,0.9876977199861603,0.9921259842519685,0.9851851851851852,0.985781990521327,0.9851851851851852,0.9851851851851852,0.0,0.014814814814814706
1988,0.9046052631578947,0.8220417371686407,0.6133333333333333,0.8527918781725888,1.0,0.7433628318584071,1.0,0.0,0.0
1989,0.9473684210526315,0.9491228070175438,0.9,0.9473684210526315,1.0,0.9,1.0,0.0,0.0
1990,0.9144736842105263,0.9003109718463657,0.7899159663865546,0.9166666666666666,0.9943502824858758,0.8511904761904762,0.9930555555555556,0.0,0.006944444444444396
1991,0.9572368421052632,0.9589832580702412,0.9171974522292994,0.9597523219814241,1.0,0.9226190476190477,1.0,0.0,0.0
1992,1.0,1.0,1.0,1.0,1.0,1.0,1.0,0.0,0.0
1993,0.9078947368421053,0.9048525972645454,0.875,0.8978102189781022,0.941747572815534,0.8661971830985915,0.9318181818181818,0.0,0.06818181818181766
1994,0.9210526315789473,0.9204232015374211,0.87248322147651,0.9263803680981595,0.9624060150375939,0.8830409356725146,0.9741935483870968,0.0,0.02580645161290306
1995,0.9243421052631579,0.9264273380507246,0.9385474860335196,0.9045643153526971,0.9361702127659575,0.8861788617886179,0.923728813559322,0.0,0.07627118644067732
1996,0.9736842105263158,0.9544220952048518,0.8923076923076924,0.975609756097561,0.9953488372093023,0.9523809523809523,1.0,0.0,0.0
1997,0.8125,0.7952804511911108,0.6369426751592356,0.748898678414097,1.0,0.5985915492957746,1.0,0.0,0.0
1998,0.9210526315789473,0.9051014345131992,0.8235294117647058,0.922077922077922,0.9696969696969697,0.8765432098765432,0.9726027397260274,0.0,0.027397260273972417
1999,0.8157894736842105,0.8292961513281609,0.7475728155339806,0.7647058823529411,0.975609756097561,0.6319444444444444,0.9680851063829787,0.0,0.03191489361702094
2000,0.9342105263157895,0.9340564248458986,0.8947368421052632,0.9324324324324325,0.975,0.8903225806451613,0.9787234042553191,0.0,0.0212765957446807
2001,0.9473684210526315,0.9409296214174262,0.926829268292683,0.9111111111111111,0.9848484848484849,0.8631578947368421,0.9647058823529412,0.0,0.035294117647058414
2002,0.9144736842105263,0.918194037026411,0.8910891089108911,0.8859649122807017,0.9775280898876404,0.8145161290322581,0.9711538461538461,0.0,0.02884615384615357
2003,0.868421052631579,0.873743986509944,0.8680851063829788,0.8076923076923077,0.9454545454545454,0.7241379310344828,0.9130434782608695,0.0,0.08695652173912949
2004,0.819078947368421,0.8180610817341125,0.697986577181208,0.8286604361370716,0.927536231884058,0.7430167597765364,0.9366197183098591,0.0,0.0633802816901404
2005,0.875,0.8514327905491698,0.7222222222222222,0.9010416666666666,0.9310344827586207,0.8439024390243902,0.9664804469273743,0.0,0.03351955307262551
2006,0.8026315789473685,0.7863981780599514,0.5954198473282443,0.8051948051948052,0.9585798816568047,0.6966292134831461,0.9538461538461539,0.0,0.0461538461538458
2007,0.8914473684210527,0.8899550296996369,0.8023952095808383,0.8674698795180723,1.0,0.7659574468085106,1.0,0.0,0.0
2008,0.8980263157894737,0.8038049086911654,0.5490196078431373,0.9290617848970252,0.9333333333333333,0.8903508771929824,0.9712918660287081,0.0,0.028708133971291728
2009,0.9605263157894737,0.9551387620626279,0.9367088607594937,0.9631901840490797,0.9655172413793104,0.9631901840490797,0.9631901840490797,0.0,0.03680981595092002
2010,0.8519736842105263,0.864386968208457,0.8061224489795918,0.8524590163934426,0.9345794392523364,0.7692307692307693,0.9558823529411765,0.0,0.044117647058823206
2011,0.9342105263157895,0.9304551661286796,0.8874172185430463,0.9180327868852459,0.9859154929577465,0.8549618320610687,0.9911504424778761,0.0,0.008849557522123816
2012,0.9210526315789473,0.9004815961472308,0.8,0.9210526315789473,0.9803921568627451,0.8695652173913043,0.9790209790209791,0.0,0.020979020979020834
2013,0.9144736842105263,0.9009501406761681,0.8493150684931506,0.8686868686868687,0.9848484848484849,0.7889908256880734,0.9662921348314607,0.0,0.03370786516853895
2014,0.9506578947368421,0.9515872327725986,0.9392265193370166,0.9532710280373832,0.9622641509433962,0.9272727272727272,0.9807692307692307,0.0,0.019230769230769107
2015,0.9638157894736842,0.956828240814803,0.9172932330827067,0.9531914893617022,1.0,0.9105691056910569,1.0,0.0,0.0
2016,0.8026315789473685,0.8238617909093593,0.7511737089201878,0.8113207547169812,0.9090909090909091,0.7010869565217391,0.9626865671641791,0.0,0.03731343283582062
2017,0.9638157894736842,0.9655678924445642,0.9299363057324841,0.9667673716012085,1.0,0.935672514619883,1.0,0.0,0.0
2018,0.8355263157894737,0.833542758929474,0.7074829931972789,0.8407643312101911,0.9523809523809523,0.7457627118644068,0.9635036496350365,0.0,0.03649635036496324
2019,0.9078947368421053,0.9007199899390054,0.8387096774193549,0.9078947368421053,0.9555555555555556,0.8625,0.9583333333333334,0.0,0.04166666666666638
2020,0.8618421052631579,0.8293359748236124,0.6548672566371682,0.8467153284671532,0.9864253393665159,0.7435897435897436,0.9830508474576272,0.0,0.01694915254237274
2021,0.8157894736842105,0.81711927284329,0.7169811320754716,0.8352941176470589,0.8990825688073395,0.7473684210526316,0.9466666666666667,0.0,0.05333333333333298
2022,0.8914473684210527,0.8943445583971402,0.8865979381443299,0.8558951965065502,0.9405405405405406,0.7967479674796748,0.9245283018867925,0.0,0.07547169811320684
2023,0.9177631578947368,0.9078969508577096,0.8120300751879699,0.911660777385159,1.0,0.8376623376623377,1.0,0.0,0.0
2024,0.8717105263157895,0.7975447455977697,0.5352112676056338,0.8907563025210085,0.9666666666666667,0.8238341968911918,0.9695121951219512,0.0,0.030487804878048596
2025,0.9177631578947368,0.871789583677061,0.7368421052631579,0.9216300940438872,0.9568965517241379,0.8855421686746988,0.9607843137254902,0.0,0.03921568627450955
2026,0.9078947368421053,0.9067080067080067,0.8571428571428571,0.9054054054054054,0.9575757575757575,0.8535031847133758,0.9640287769784173,0.0,0.035971223021582475
2027,0.8980263157894737,0.8728807654720857,0.7407407407407407,0.89198606271777,0.9859154929577465,0.810126582278481,0.9922480620155039,0.0,0.007751937984496064
2028,0.8256578947368421,0.823826009356858,0.7351351351351352,0.7557603686635944,0.9805825242718447,0.6212121212121212,0.9647058823529412,0.0,0.035294117647058414
2029,0.9375,0.9269540636042403,0.848,0.9328621908127208,1.0,0.8741721854304636,1.0,0.0,0.0
2030,0.8092105263157895,0.750377437877438,0.4375,0.8406593406593407,0.972972972972973,0.7391304347826086,0.9745222929936306,0.0,0.025477707006369265
2031,0.9342105263157895,0.937332976677239,0.907103825136612,0.9230769230769231,0.9818181818181818,0.8695652173913043,0.9836065573770492,0.0,0.016393442622950685
2032,0.9506578947368421,0.9388030598470077,0.8672566371681416,0.9491525423728814,1.0,0.9032258064516129,1.0,0.0,0.0
2033,0.881578947368421,0.8921173623276338,0.8290155440414507,0.8686131386861314,0.9787234042553191,0.7777777777777778,0.9834710743801653,0.0,0.016528925619834576
2034,0.9703947368421053,0.9719561291044325,0.9621621621621622,0.9700996677740864,0.9836065573770492,0.954248366013072,0.9864864864864865,0.0,0.013513513513513422
2035,0.8782894736842105,0.8822191635921062,0.7924528301886793,0.8875379939209727,0.9666666666666667,0.8111111111111111,0.9798657718120806,0.0,0.02013422818791933
2036,0.9769736842105263,0.977479477040699,0.9787234042553191,0.9727626459143969,0.9809523809523809,0.9689922480620154,0.9765625,0.0,0.02343749999999982
2037,0.9046052631578947,0.9119738957070028,0.8625592417061612,0.8733624454148472,1.0,0.7751937984496124,1.0,0.0,0.0
2038,0.9407894736842105,0.9240347748428158,0.8604651162790697,0.9370629370629371,0.9745762711864406,0.9054054054054054,0.9710144927536232,0.0,0.028985507246376604
2039,0.8421052631578947,0.6736369783022926,0.14545454545454545,0.8823529411764706,0.993103448275862,0.7929515418502202,0.994475138121547,0.0,0.005524861878453008
2040,0.8848684210526315,0.7452666358302605,0.37037037037037035,0.8689138576779026,0.9965156794425087,0.7682119205298014,1.0,0.0,0.0
2041,0.8980263157894737,0.8979561658983805,0.7769784172661871,0.9168900804289544,1.0,0.8465346534653465,1.0,0.0,0.0
2042,0.8453947368421053,0.8586481300459795,0.7741935483870968,0.8417508417508418,0.96,0.7440476190476191,0.9689922480620154,0.0,0.031007751937984256
2043,0.7532894736842105,0.7659143239256022,0.6338797814207651,0.7126436781609196,0.9512195121951219,0.5740740740740741,0.9393939393939394,0.0,0.06060606060606
2044,0.8980263157894737,0.8840139860139861,0.784,0.8872727272727273,0.9807692307692307,0.8133333333333334,0.976,0.0,0.02399999999999981
2045,0.930921052631579,0.930323028619992,0.89171974522293,0.9207547169811321,0.978494623655914,0.8714285714285714,0.976,0.0,0.02399999999999981
2046,0.8651315789473685,0.8669773066057895,0.7581699346405228,0.8730650154798761,0.9696969696969697,0.7877094972067039,0.9791666666666666,0.0,0.02083333333333319
2047,0.9375,0.9247654894235731,0.8543689320388349,0.9449275362318841,0.975,0.9106145251396648,0.9819277108433735,0.0,0.018072289156626398
2048,0.9736842105263158,0.9754655960744953,1.0,0.9672131147540983,0.9591836734693877,0.9752066115702479,0.959349593495935,0.0,0.040650406504064714
2049,0.8453947368421053,0.8466966730056441,0.8076923076923077,0.8406779661016949,0.89171974522293,0.779874213836478,0.9117647058823529,0.0,0.08823529411764641
2050,0.8881578947368421,0.8875387121001156,0.8051948051948052,0.91005291005291,0.9473684210526315,0.8472906403940886,0.9828571428571429,0.0,0.017142857142857047
2051,0.9375,0.9426648296449383,0.9285714285714286,0.919831223628692,0.9795918367346939,0.872,0.9732142857142857,0.0,0.02678571428571405
2052,0.8585526315789473,0.8464119405788626,0.723404255319149,0.8352490421455939,0.9805825242718447,0.7315436241610739,0.9732142857142857,0.0,0.02678571428571405
2053,0.9243421052631579,0.9155144893847823,0.8472222222222222,0.9037656903765691,0.9955555555555555,0.8307692307692308,0.9908256880733946,0.0,0.00917431192660542
2054,0.9210526315789473,0.9028174483386677,0.7961165048543689,0.9322033898305084,0.9801324503311258,0.8823529411764706,0.9880239520958084,0.0,0.011976047904191545
2055,0.9407894736842105,0.946534269530655,0.9859154929577465,0.9203539823008849,0.9333333333333333,0.9454545454545454,0.896551724137931,0.0,0.10344827586206808
2056,0.8552631578947368,0.8574672112141895,0.7435897435897436,0.8562091503267973,0.9726027397260274,0.7616279069767442,0.9776119402985075,0.0,0.02238805970149237
2057,0.9506578947368421,0.9414413152118071,0.8888888888888888,0.9508196721311475,0.9846153846153847,0.9235668789808917,0.9797297297297297,0.0,0.020270270270270133
2058,0.9572368421052632,0.959933586192019,0.9463414634146341,0.9604863221884499,0.972972972972973,0.9349112426035503,0.9875,0.0,0.012499999999999923
2059,0.9375,0.9155296972996269,0.8118811881188119,0.9347079037800687,1.0,0.8774193548387097,1.0,0.0,0.0
2060,0.8782894736842105,0.8751028502711028,0.7338129496402878,0.8914956011730205,1.0,0.8042328042328042,1.0,0.0,0.0
2061,0.9407894736842105,0.9369458128078817,0.896551724137931,0.9142857142857143,1.0,0.8421052631578947,1.0,0.0,0.0
2062,0.9177631578947368,0.9014819312329938,0.819672131147541,0.897119341563786,0.9876543209876543,0.8320610687022901,0.9732142857142857,0.0,0.02678571428571405
2063,0.9671052631578947,0.9651399068605359,0.9743589743589743,0.9645390070921985,0.9565217391304348,0.951048951048951,0.9784172661870504,0.0,0.021582733812949485
2064,0.8388157894736842,0.8296030161898426,0.7065868263473054,0.7822222222222223,1.0,0.6423357664233577,1.0,0.0,0.0
2065,0.7631578947368421,0.773948468803573,0.6206896551724138,0.7391304347826086,0.9620253164556962,0.6035502958579881,0.9532710280373832,0.0,0.04672897196261639
2066,0.9375,0.9054687176085244,0.7865168539325843,0.9298892988929889,1.0,0.8689655172413793,1.0,0.0,0.0
2067,0.8157894736842105,0.8243098904147592,0.7303370786516854,0.7925925925925926,0.95,0.6815286624203821,0.9469026548672567,0.0,0.0530973451327429
2068,0.9671052631578947,0.9683700662615516,0.964824120603015,0.9576271186440678,0.9826589595375722,0.9338842975206612,0.9826086956521739,0.0,0.017391304347825938
2069,0.9375,0.9331126664078013,0.8636363636363636,0.9425981873111783,0.993103448275862,0.896551724137931,0.9936305732484076,0.0,0.006369426751592316
2070,0.9177631578947368,0.9146280968955244,0.8489208633093526,0.9216300940438872,0.9733333333333334,0.8698224852071006,0.98,0.0,0.01999999999999987
2071,0.9046052631578947,0.8931009760521226,0.7936507936507936,0.9016949152542373,0.983957219251337,0.83125,0.9851851851851852,0.0,0.014814814814814706
2072,0.8881578947368421,0.8924192665571976,0.8571428571428571,0.853448275862069,0.9666666666666667,0.7674418604651163,0.9611650485436893,0.0,0.0388349514563103
2073,0.8980263157894737,0.8858983206809293,0.8074534161490683,0.8502415458937198,1.0,0.7394957983193278,1.0,0.0,0.0
2074,0.9868421052631579,0.985526510116674,0.972972972972973,0.9836065573770492,1.0,0.967741935483871,1.0,0.0,0.0
2075,0.875,0.863804402745354,0.746268656716418,0.8661971830985915,0.9789473684210527,0.7784810126582279,0.9761904761904762,0.0,0.02380952380952362
2076,0.868421052631579,0.8679826365584878,0.8026315789473685,0.8601398601398601,0.9411764705882353,0.7884615384615384,0.9461538461538461,0.0,0.05384615384615343
2077,0.8618421052631579,0.8813808844367955,0.8527131782945736,0.8306451612903226,0.9607843137254902,0.7253521126760564,0.9716981132075472,0.0,0.028301886792452564
2078,0.9736842105263158,0.9800950683303625,1.0,0.9705882352941176,0.9696969696969697,0.9850746268656716,0.9565217391304348,0.0,0.043478260869564904
2079,0.9013157894736842,0.8912553928387489,0.8053691275167785,0.8728813559322034,0.9955156950672646,0.7744360902255639,1.0,0.0,0.0
2080,0.9078947368421053,0.8557165861513688,0.6888888888888889,0.8782608695652174,1.0,0.7829457364341085,1.0,0.0,0.0
2081,0.8421052631578947,0.8526527599288971,0.7668393782383419,0.8095238095238095,0.9815950920245399,0.6891891891891891,0.9807692307692307,0.0,0.019230769230769048
2082,0.8453947368421053,0.8107342616999937,0.5794392523364486,0.8660968660968661,0.9866666666666667,0.7676767676767676,0.9934640522875817,0.0,0.006535947712418258
2083,0.881578947368421,0.8791121511895897,0.8571428571428571,0.8941176470588236,0.8860759493670886,0.8397790055248618,0.9559748427672956,0.0,0.04402515723270413
2084,0.7598684210526315,0.8184054318718702,0.7286245353159851,0.7265917602996255,1.0,0.5705882352941176,1.0,0.0,0.0
2085,0.9605263157894737,0.9515618451275235,0.8990825688073395,0.9607843137254902,0.9948186528497409,0.930379746835443,0.9932432432432432,0.0,0.006756756756756711
2086,0.9572368421052632,0.9581279163434644,0.9411764705882353,0.9383886255924171,0.9948186528497409,0.8918918918918919,0.99,0.0,0.009999999999999901
2087,0.8618421052631579,0.8535246888188065,0.7555555555555555,0.8531468531468531,0.9518716577540107,0.7721518987341772,0.953125,0.0,0.04687499999999964
2088,0.9342105263157895,0.7790299823633157,0.4,0.9470899470899471,0.99,0.9040404040404041,0.9944444444444445,0.0,0.0055555555555555245
2089,0.9210526315789473,0.9094594141545288,0.8723404255319149,0.9329608938547486,0.9230769230769231,0.9175824175824175,0.9488636363636364,0.0,0.05113636363636335
2090,0.875,0.8527244154225485,0.7307692307692307,0.8862275449101796,0.9411764705882353,0.8314606741573034,0.9487179487179487,0.0,0.051282051282050954
2091,0.8947368421052632,0.903216562791031,0.851063829787234,0.9030303030303031,0.9555555555555556,0.8370786516853933,0.9802631578947368,0.0,0.01973684210526303
2092,0.9638157894736842,0.9672110150496319,1.0,0.968299711815562,0.9333333333333333,0.9824561403508771,0.9545454545454546,0.0,0.0454545454545452
2093,0.7598684210526315,0.7336313959264779,0.4918032786885246,0.8,0.9090909090909091,0.6919431279620853,0.948051948051948,0.0,0.05194805194805161
2094,0.9703947368421053,0.9618079698079698,0.935064935064935,0.976,0.9743589743589743,0.9682539682539683,0.9838709677419355,0.0,0.01612903225806443
2095,0.8848684210526315,0.8703886755287641,0.7692307692307693,0.8844884488448845,0.9574468085106383,0.8220858895705522,0.9571428571428572,0.0,0.04285714285714255
2096,0.868421052631579,0.8798166729201212,0.8378378378378378,0.8275862068965517,0.974025974025974,0.7218045112781954,0.9696969696969697,0.0,0.03030303030303
2097,0.9046052631578947,0.8922886715910475,0.819672131147541,0.888030888030888,0.9691629955947136,0.8273381294964028,0.9583333333333334,0.0,0.041666666666666324
2098,0.9342105263157895,0.9246719112542688,0.8548387096774194,0.9290780141843972,0.9900990099009901,0.8791946308724832,0.9849624060150376,0.0,0.015037593984962294
2099,0.8289473684210527,0.8087241399893665,0.6259541984732825,0.8156028368794326,0.9846153846153847,0.696969696969697,0.9829059829059829,0.0,0.01709401709401695
2100,0.8486842105263158,0.8260582010582009,0.6666666666666666,0.875,0.9365079365079365,0.8009950248756219,0.9640718562874252,0.0,0.035928143712574634
2101,0.9473684210526315,0.9417016806722689,0.9107142857142857,0.9411764705882353,0.9732142857142857,0.920863309352518,0.9624060150375939,0.0,0.037593984962405735
2102,0.8585526315789473,0.842810224189633,0.7114093959731543,0.8170212765957446,1.0,0.6906474820143885,1.0,0.0,0.0
2103,0.8881578947368421,0.8757979540588235,0.7863247863247863,0.896969696969697,0.9440993788819876,0.8505747126436781,0.9487179487179487,0.0,0.051282051282050954
2104,0.9276315789473685,0.8869271295741884,0.7532467532467533,0.9191176470588235,0.9884169884169884,0.8620689655172413,0.984251968503937,0.0,0.01574803149606287
2105,0.8651315789473685,0.839436750089671,0.6666666666666666,0.8619528619528619,0.9896907216494846,0.7664670658682635,0.9846153846153847,0.0,0.015384615384615268
2106,0.8519736842105263,0.8464731494920175,0.7692307692307693,0.8301886792452831,0.94,0.7534246575342466,0.9243697478991597,0.0,0.0756302521008397
2107,0.9802631578947368,0.9740227301111527,0.9411764705882353,0.9808917197452229,1.0,0.9625,1.0,0.0,0.0
2108,0.8980263157894737,0.8869297176216387,0.8165680473372781,0.8442211055276382,1.0,0.7304347826086957,1.0,0.0,0.0
2109,0.9144736842105263,0.9135000801667469,0.9037037037037037,0.9155844155844156,0.9212121212121213,0.8867924528301887,0.9463087248322147,0.0,0.05369127516778488
2110,0.8388157894736842,0.8267833985165897,0.6976744186046512,0.8595988538681948,0.9230769230769231,0.78125,0.9554140127388535,0.0,0.044585987261146216
2111,0.9013157894736842,0.8907971533450273,0.8169014084507042,0.8728813559322034,0.9826086956521739,0.7923076923076923,0.9716981132075472,0.0,0.028301886792452564
2112,0.8125,0.7679735552075977,0.5555555555555556,0.8652482269503546,0.8831168831168831,0.7854077253218884,0.9631578947368421,0.0,0.036842105263157704
2113,0.9013157894736842,0.8529176658673062,0.6666666666666666,0.8920863309352518,1.0,0.8051948051948052,1.0,0.0,0.0
2114,0.8914473684210527,0.8932690175205145,0.874251497005988,0.8888888888888888,0.9166666666666666,0.8461538461538461,0.9361702127659575,0.0,0.0638297872340421
2115,0.9013157894736842,0.9175842734580829,0.8672566371681416,0.8854961832061069,1.0,0.7945205479452054,1.0,0.0,0.0
2116,0.9078947368421053,0.9136834142672688,0.9041095890410958,0.8978102189781022,0.9391304347826087,0.8482758620689655,0.9534883720930233,0.0,0.04651162790697638
2117,0.944078947368421,0.9507444124649114,0.9333333333333333,0.9358490566037736,0.9830508474576272,0.8857142857142857,0.992,0.0,0.007999999999999936
2118,0.9671052631578947,0.9594009326833755,0.9285714285714286,0.9572649572649573,0.9923664122137404,0.9256198347107438,0.9911504424778761,0.0,0.008849557522123816
2119,0.9177631578947368,0.9160964292866636,0.8571428571428571,0.9303621169916435,0.9607843137254902,0.8835978835978836,0.9823529411764705,0.0,0.017647058823529307
2120,0.9407894736842105,0.8475073313782991,0.5909090909090909,0.9516129032258065,1.0,0.9076923076923077,1.0,0.0,0.0
2121,0.8881578947368421,0.8874443240640423,0.782051282051282,0.8802816901408451,1.0,0.7861635220125787,1.0,0.0,0.0
2122,0.9111842105263158,0.921428206046345,0.8439306358381503,0.9203539823008849,1.0,0.8524590163934426,1.0,0.0,0.0
2123,0.8914473684210527,0.8181486334992011,0.5588235294117647,0.916030534351145,0.9795918367346939,0.8571428571428571,0.9836065573770492,0.0,0.01639344262295073
2124,0.8421052631578947,0.8435282034564867,0.6713286713286714,0.8695652173913043,0.9896907216494846,0.7729468599033816,0.9937888198757764,0.0,0.006211180124223564
2125,0.8421052631578947,0.8500186239643895,0.7514450867052023,0.8321678321678322,0.9664429530201343,0.7345679012345679,0.9596774193548387,0.0,0.04032258064516097
2126,0.8651315789473685,0.821874660584338,0.5858585858585859,0.8797653958944281,1.0,0.7853403141361257,1.0,0.0,0.0
2127,0.9605263157894737,0.9597488046813673,0.9481481481481482,0.96,0.9710982658959537,0.9473684210526315,0.972972972972973,0.0,0.027027027027026845
2128,0.8453947368421053,0.8404247788191356,0.7455621301775148,0.7947598253275109,0.9809523809523809,0.674074074074074,0.9680851063829787,0.0,0.03191489361702094
2129,0.9703947368421053,0.97128721327294,0.9732620320855615,0.963855421686747,0.9767441860465116,0.9523809523809523,0.975609756097561,0.0,0.024390243902438827
2130,0.8552631578947368,0.8647454433763512,0.7469879518072289,0.8641975308641975,0.9830508474576272,0.7650273224043715,0.9929078014184397,0.0,0.007092198581560234
2131,0.9177631578947368,0.9229800960008422,0.8651685393258427,0.910394265232975,0.9933774834437086,0.8355263157894737,1.0,0.0,0.0
2132,0.9111842105263158,0.902141052331121,0.8596491228070176,0.9226361031518625,0.9241379310344827,0.8944444444444445,0.9526627218934911,0.0,0.0473372781065086
2133,0.9013157894736842,0.8474961414638172,0.676923076923077,0.9214659685863874,0.9440993788819876,0.8844221105527639,0.9617486338797814,0.0,0.03825136612021837
2134,0.9736842105263158,0.9585365853658536,0.9,0.975609756097561,1.0,0.9523809523809523,1.0,0.0,0.0
2135,0.9210526315789473,0.8951118986506148,0.7872340425531915,0.9154929577464789,0.9826086956521739,0.8609271523178808,0.9774436090225563,0.0,0.02255639097744344
2136,0.8947368421052632,0.8731307907778496,0.7538461538461538,0.865546218487395,1.0,0.762962962962963,1.0,0.0,0.0
2137,0.875,0.8694581435922629,0.8461538461538461,0.8926553672316384,0.8695652173913043,0.8272251308900523,0.9693251533742331,0.0,0.030674846625766684
2138,0.8947368421052632,0.8868388379469793,0.8493150684931506,0.8518518518518519,0.959349593495935,0.7931034482758621,0.92,0.0,0.07999999999999921
2139,0.8782894736842105,0.8717917953660842,0.819672131147541,0.8710801393728222,0.9246231155778895,0.8278145695364238,0.9191176470588235,0.0,0.08088235294117588
2140,0.9177631578947368,0.9028808890134007,0.7933884297520661,0.9152542372881356,1.0,0.84375,1.0,0.0,0.0
2141,0.9868421052631579,0.9874513050099365,0.9896907216494846,0.9846153846153847,0.9880478087649402,0.9922480620155039,0.9770992366412213,0.0,0.022900763358778452
2142,0.8157894736842105,0.831871620443049,0.7551020408163265,0.8205128205128205,0.92,0.7191011235955056,0.9552238805970149,0.0,0.04477611940298474
2143,0.868421052631579,0.870244394053918,0.8163265306122449,0.8148148148148148,0.9795918367346939,0.704,0.967032967032967,0.0,0.03296703296703261
2144,0.9210526315789473,0.918297362362415,0.9142857142857143,0.8878504672897196,0.952755905511811,0.8636363636363636,0.9134615384615384,0.0,0.08653846153846072
2145,0.9046052631578947,0.8955922865013775,0.8,0.9201101928374655,0.9666666666666667,0.8652849740932642,0.9823529411764705,0.0,0.017647058823529307
2146,0.8421052631578947,0.7896243291592128,0.6,0.8153846153846154,0.9534883720930233,0.7310344827586207,0.9217391304347826,0.0,0.07826086956521672
2147,0.8355263157894737,0.851170665398776,0.7755102040816326,0.8263888888888888,0.9516129032258065,0.7212121212121212,0.967479674796748,0.0,0.03252032520325177
2148,0.8980263157894737,0.912090662090662,0.8571428571428571,0.9069069069069069,0.9722222222222222,0.8342541436464088,0.993421052631579,0.0,0.00657894736842101
2149,0.9276315789473685,0.9151234567901234,0.8472222222222222,0.8981481481481481,1.0,0.8151260504201681,1.0,0.0,0.0
2150,0.8881578947368421,0.8726472516153198,0.711864406779661,0.9060773480662984,1.0,0.8282828282828283,1.0,0.0,0.0
2151,0.8552631578947368,0.8776775134445356,0.7924528301886793,0.8405797101449275,1.0,0.725,1.0,0.0,0.0
2152,0.8914473684210527,0.8648353271304091,0.7027027027027027,0.8918032786885246,1.0,0.8047337278106509,1.0,0.0,0.0
2153,0.7631578947368421,0.7712601706870088,0.6600985221674877,0.6697247706422018,0.983957219251337,0.5104895104895105,0.9733333333333334,0.0,0.026666666666666314
2154,0.9407894736842105,0.9285974499089252,0.8524590163934426,0.9333333333333333,1.0,0.875,1.0,0.0,0.0
2155,0.8585526315789473,0.8264618121088548,0.6728971962616822,0.8953771289537713,0.9111111111111111,0.832579185520362,0.968421052631579,0.0,0.03157894736842089
2156,0.875,0.8842404960417382,0.8108108108108109,0.8623188405797102,0.9795918367346939,0.7677419354838709,0.9834710743801653,0.0,0.016528925619834576
2157,0.9638157894736842,0.8889573612700649,0.7027027027027027,0.9641693811074918,1.0,0.9308176100628931,1.0,0.0,0.0
2158,0.8519736842105263,0.8357028706717964,0.7096774193548387,0.88,0.9174311926605505,0.8088235294117647,0.9649122807017544,0.0,0.03508771929824541
2159,0.9078947368421053,0.8109531669073654,0.56,0.8931297709923665,0.9797297297297297,0.8357142857142857,0.9590163934426229,0.0,0.04098360655737671
2160,0.944078947368421,0.936479978473394,0.9051094890510949,0.9569620253164557,0.9473684210526315,0.9310344827586207,0.984375,0.0,0.015624999999999918
2161,0.8322368421052632,0.835988524108115,0.7151515151515152,0.8172043010752689,0.975609756097561,0.6993865030674846,0.9827586206896551,0.0,0.017241379310344678
2162,0.8782894736842105,0.8376748792831492,0.7737226277372263,0.7581699346405228,0.9811320754716981,0.6373626373626373,0.9354838709677419,0.0,0.06451612903225702
2163,0.9210526315789473,0.9031491384432561,0.803921568627451,0.9358288770053476,0.9696969696969697,0.8928571428571429,0.9831460674157303,0.0,0.01685393258426957
2164,0.9375,0.8629086564570435,0.6666666666666666,0.9442815249266863,0.9777777777777777,0.9096045197740112,0.9817073170731707,0.0,0.018292682926829156
2165,0.9243421052631579,0.9338084339665942,0.9045643153526971,0.8968609865470852,1.0,0.8130081300813008,1.0,0.0,0.0
2166,0.9046052631578947,0.883675960905289,0.7835051546391752,0.9169054441260746,0.9506172839506173,0.8743169398907104,0.963855421686747,0.0,0.036144578313252795
2167,0.8322368421052632,0.8402772998065172,0.7222222222222222,0.8045977011494253,0.9940119760479041,0.6730769230769231,1.0,0.0,0.0
2168,0.8782894736842105,0.8668030199732343,0.7441860465116279,0.8794788273615635,0.9767441860465116,0.7988165680473372,0.9782608695652174,0.0,0.021739130434782452
2169,0.9013157894736842,0.888215203960244,0.8405797101449275,0.8543689320388349,0.9696969696969697,0.7857142857142857,0.9361702127659575,0.0,0.06382978723404188
2170,0.8355263157894737,0.8376557791575413,0.6967741935483871,0.8366013071895425,0.9795918367346939,0.7314285714285714,0.9770992366412213,0.0,0.022900763358778452
2171,0.9703947368421053,0.9623703079856359,0.9565217391304348,0.9782082324455206,0.9523809523809523,0.9805825242718447,0.9758454106280193,0.0,0.02415458937198056
2172,0.9572368421052632,0.8384771502554411,0.5714285714285714,0.9699769053117783,0.974025974025974,0.9545454545454546,0.9859154929577465,0.0,0.014084507042253456
2173,0.9539473684210527,0.9472323646628898,0.9417989417989417,0.9113924050632911,0.9885057471264368,0.8571428571428571,0.972972972972973,0.0,0.027027027027026664
2174,0.881578947368421,0.8790766075344824,0.819672131147541,0.8317757009345794,0.985781990521327,0.7235772357723578,0.978021978021978,0.0,0.021978021978021737
2175,0.930921052631579,0.9149715961150816,0.8037383177570093,0.9411764705882353,1.0,0.8888888888888888,1.0,0.0,0.0
2176,0.8322368421052632,0.8113909147121355,0.6440677966101694,0.8521739130434782,0.9379310344827586,0.7696335078534031,0.9545454545454546,0.0,0.045454545454545164
2177,0.9177631578947368,0.9115435647943387,0.8120300751879699,0.9226006191950464,1.0,0.8563218390804598,1.0,0.0,0.0
2178,0.9407894736842105,0.9312621380290554,0.8596491228070176,0.9545454545454546,0.9795918367346939,0.9219512195121952,0.9895287958115183,0.0,0.01047120418848162
2179,0.8585526315789473,0.8708625519173188,0.8078817733990148,0.8313725490196079,0.9733333333333334,0.726027397260274,0.9724770642201835,0.0,0.027522935779816262
2180,0.9638157894736842,0.9722306225757675,0.9463414634146341,0.9703504043126685,1.0,0.9424083769633508,1.0,0.0,0.0
2181,0.8585526315789473,0.874159345874885,0.8571428571428571,0.7981220657276995,0.9672131147540983,0.68,0.9659090909090909,0.0,0.03409090909090871
2182,0.9539473684210527,0.9510398203946591,0.945054945054945,0.9247311827956989,0.9833333333333333,0.8865979381443299,0.9662921348314607,0.0,0.03370786516853895
2183,0.9210526315789473,0.9233115468409586,0.8588235294117647,0.9111111111111111,1.0,0.8367346938775511,1.0,0.0,0.0
2184,0.9539473684210527,0.9481481481481482,0.9222222222222223,0.9222222222222223,1.0,0.8556701030927835,1.0,0.0,0.0
2185,0.9276315789473685,0.936739297488907,0.9026548672566371,0.907563025210084,1.0,0.8307692307692308,1.0,0.0,0.0
2186,0.881578947368421,0.8721759359014261,0.8148148148148148,0.8269230769230769,0.9747899159663865,0.7350427350427351,0.945054945054945,0.0,0.05494505494505435
2187,0.9078947368421053,0.8969546020604552,0.9008264462809917,0.8082191780821918,0.9818181818181818,0.7023809523809523,0.9516129032258065,0.0,0.04838709677419277
2188,0.819078947368421,0.8297934297934297,0.6909090909090909,0.8348348348348348,0.9636363636363636,0.7277486910994765,0.9788732394366197,0.0,0.021126760563380132
2189,0.8421052631578947,0.8331477909040231,0.7299270072992701,0.8651685393258427,0.9043478260869565,0.7979274611398963,0.9447852760736196,0.0,0.05521472392638003
2190,0.8848684210526315,0.899003090853685,0.8387096774193549,0.8582995951417004,1.0,0.75177304964539,1.0,0.0,0.0
2191,0.9342105263157895,0.9423745653253851,0.9180327868852459,0.9090909090909091,1.0,0.8333333333333334,1.0,0.0,0.0
2192,0.8947368421052632,0.8573136804818088,0.7058823529411765,0.9012345679012346,0.964824120603015,0.8439306358381503,0.9668874172185431,0.0,0.033112582781456734
2193,0.9638157894736842,0.9466195854007489,0.8923076923076924,0.9695290858725761,0.978021978021978,0.9562841530054644,0.9831460674157303,0.0,0.01685393258426957
2194,0.8618421052631579,0.8766779339047922,0.8161434977578476,0.8205128205128205,0.9933774834437086,0.6956521739130435,1.0,0.0,0.0
2195,0.8289473684210527,0.8343326117537299,0.7349397590361446,0.8206896551724138,0.9473684210526315,0.7212121212121212,0.952,0.0,0.04799999999999962
2196,0.9671052631578947,0.9712933683195407,0.9438202247191011,0.9700598802395209,1.0,0.9418604651162791,1.0,0.0,0.0
2197,0.944078947368421,0.937372239545828,0.8990825688073395,0.9483282674772037,0.9647058823529412,0.9285714285714286,0.968944099378882,0.0,0.03105590062111782
2198,0.930921052631579,0.8640719815861059,0.6440677966101694,0.9481481481481482,1.0,0.9014084507042254,1.0,0.0,0.0
2199,0.9539473684210527,0.9469135802469136,0.9074074074074074,0.96,0.9733333333333334,0.9385474860335196,0.9824561403508771,0.0,0.017543859649122705
2200,0.8388157894736842,0.8316729513799781,0.7058823529411765,0.8093385214007782,0.9797979797979798,0.6933333333333334,0.9719626168224299,0.0,0.028037383177569833
2201,0.9276315789473685,0.9091308152036897,0.8210526315789474,0.9349112426035503,0.9714285714285714,0.8926553672316384,0.9813664596273292,0.0,0.018633540372670693
2202,0.8782894736842105,0.8783445958421033,0.8104575163398693,0.8745762711864407,0.95,0.80625,0.9555555555555556,0.0,0.04444444444444412
2203,0.9473684210526315,0.8954936795457947,0.7555555555555555,0.9558011049723757,0.9751243781094527,0.9301075268817204,0.9829545454545454,0.0,0.01704545454545445
2204,0.881578947368421,0.862711845320541,0.7478260869565218,0.8741258741258742,0.966183574879227,0.8064516129032258,0.9541984732824428,0.0,0.045801526717556905
2205,0.9375,0.9394732251875109,0.9523809523809523,0.9224489795918367,0.9435897435897436,0.9112903225806451,0.9338842975206612,0.0,0.0661157024793383
2206,0.8914473684210527,0.8453119143239626,0.6506024096385542,0.912,0.9733333333333334,0.8507462686567164,0.9827586206896551,0.0,0.01724137931034473
2207,0.881578947368421,0.8795538204127161,0.84,0.8895705521472392,0.9090909090909091,0.8430232558139535,0.9415584415584416,0.0,0.058441558441558066
2208,0.9638157894736842,0.9660923974653849,0.9940828402366864,0.9488372093023256,0.9553571428571429,0.9622641509433962,0.9357798165137615,0.0,0.06422018348623795
2209,0.8848684210526315,0.8743202209220238,0.7862068965517242,0.8547717842323651,0.9819819819819819,0.762962962962963,0.9716981132075472,0.0,0.028301886792452564
2210,0.868421052631579,0.8470108391999106,0.7017543859649122,0.8726114649681529,0.9666666666666667,0.7965116279069767,0.9647887323943662,0.0,0.035211267605633555
2211,0.9210526315789473,0.9212418300653594,0.9313725490196079,0.8823529411764706,0.95,0.8490566037735849,0.9183673469387755,0.0,0.08163265306122366
2212,0.8421052631578947,0.8133724768911526,0.6451612903225806,0.8125,0.9824561403508771,0.697986577181208,0.9719626168224299,0.0,0.028037383177569833
2213,0.9342105263157895,0.9395873622581697,0.9021739130434783,0.9319727891156463,0.9846153846153847,0.8838709677419355,0.9856115107913669,0.0,0.01438848920863299
2214,0.9407894736842105,0.9265088938930361,0.8735632183908046,0.9505494505494505,0.9554140127388535,0.9301075268817204,0.9719101123595506,0.0,0.02808988764044928
2215,0.9539473684210527,0.9561663377936344,0.9417989417989417,0.9448818897637795,0.9818181818181818,0.9090909090909091,0.9836065573770492,0.0,0.016393442622950685
2216,0.868421052631579,0.878747795414462,0.8214285714285714,0.8148148148148148,1.0,0.6875,1.0,0.0,0.0
2217,0.9539473684210527,0.9371661436478833,0.8705882352941177,0.9551282051282052,0.985781990521327,0.9254658385093167,0.9867549668874173,0.0,0.013245033112582695
2218,0.8519736842105263,0.8547196104962472,0.7236842105263158,0.8648648648648649,0.975609756097561,0.7741935483870968,0.9795918367346939,0.0,0.020408163265305986
2219,0.9802631578947368,0.979962257201528,0.975609756097561,0.9734513274336283,0.9908256880733946,0.9649122807017544,0.9821428571428571,0.0,0.0178571428571427
2220,0.8914473684210527,0.8842736631700469,0.8440366972477065,0.8938906752411575,0.9148936170212766,0.8742138364779874,0.9144736842105263,0.0,0.08552631578947313
2221,0.9177631578947368,0.9061657251496579,0.8032786885245902,0.9211356466876972,0.9940828402366864,0.8588235294117647,0.9931972789115646,0.0,0.006802721088435328
2222,0.8782894736842105,0.8684238641475485,0.78125,0.8701754385964913,0.9538461538461539,0.8051948051948052,0.9465648854961832,0.0,0.05343511450381639
2223,0.9111842105263158,0.9096150007691595,0.8553459119496856,0.8941176470588236,0.979381443298969,0.8260869565217391,0.9743589743589743,0.0,0.02564102564102542
2224,0.9342105263157895,0.9279031842760278,0.8360655737704918,0.9476439790575916,1.0,0.900497512437811,1.0,0.0,0.0
2225,0.9375,0.9274786093705271,0.87248322147651,0.909952606635071,1.0,0.8347826086956521,1.0,0.0,0.0
2226,0.9342105263157895,0.9298478588759919,0.8823529411764706,0.9456521739130435,0.9615384615384616,0.9109947643979057,0.9830508474576272,0.0,0.016949152542372788
2227,0.9407894736842105,0.9331468893768698,0.8780487804878049,0.9361702127659575,0.9852216748768473,0.8979591836734694,0.9777777777777777,0.0,0.02222222222222206
2228,0.9375,0.93177631137529,0.8990825688073395,0.9347079037800687,0.9615384615384616,0.912751677852349,0.9577464788732394,0.0,0.042253521126760264
2229,0.8618421052631579,0.8759831996945399,0.7835051546391752,0.8444444444444444,1.0,0.7307692307692307,1.0,0.0,0.0
2230,0.9144736842105263,0.9151565249377551,0.9172932330827067,0.8522727272727273,0.9759036144578314,0.7653061224489796,0.9615384615384616,0.0,0.03846153846153797
2231,0.9078947368421053,0.8957363182427122,0.8403361344537815,0.9251336898395722,0.9217391304347826,0.8917525773195877,0.9611111111111111,0.0,0.038888888888888674
2232,0.9342105263157895,0.9008421032230555,0.7692307692307693,0.9537037037037037,0.9795918367346939,0.9196428571428571,0.9903846153846154,0.0,0.009615384615384569
2233,0.7927631578947368,0.7817341150674485,0.562962962962963,0.8108108108108109,0.9714285714285714,0.6887755102040817,0.9854014598540146,0.0,0.014598540145985295
2234,0.9243421052631579,0.912779717015011,0.8705882352941177,0.9157509157509157,0.952,0.8992805755395683,0.9328358208955224,0.0,0.06716417910447711
2235,0.9638157894736842,0.9693853690808196,1.0,0.9602888086642599,0.9478672985781991,0.9779411764705882,0.9432624113475178,0.0,0.05673758865248187
2236,0.8585526315789473,0.8558974639791814,0.8668941979522184,0.7261146496815286,0.9746835443037974,0.5876288659793815,0.95,0.0,0.04999999999999916
2237,0.8552631578947368,0.8486385935382202,0.7669172932330827,0.8607594936708861,0.9182389937106918,0.8,0.9315068493150684,0.0,0.06849315068493105
2238,0.9835526315789473,0.9818836104317464,1.0,0.9618320610687023,0.9838187702265372,0.984375,0.9402985074626866,0.0,0.059701492537312544
2239,0.9276315789473685,0.9310077763105493,0.9139784946236559,0.9185185185185185,0.9605263157894737,0.8794326241134752,0.9612403100775194,0.0,0.03875968992248032
2240,0.8881578947368421,0.8931165311653118,0.7926829268292683,0.8866666666666667,1.0,0.7964071856287425,1.0,0.0,0.0
2241,0.9473684210526315,0.9292967626933472,0.8705882352941177,0.9354838709677419,0.9818181818181818,0.90625,0.9666666666666667,0.0,0.033333333333333055
2242,0.8980263157894737,0.8972744101776361,0.8387096774193549,0.8864468864468864,0.9666666666666667,0.8231292517006803,0.9603174603174603,0.0,0.03968253968253937
2243,0.8881578947368421,0.8687581148892866,0.711864406779661,0.8944099378881988,1.0,0.8089887640449438,1.0,0.0,0.0
2244,0.9473684210526315,0.9482923364126998,0.9544072948328267,0.8987341772151899,0.9917355371900827,0.8255813953488372,0.9861111111111112,0.0,0.013888888888888697
2245,0.9473684210526315,0.9344405019209256,0.8571428571428571,0.9520958083832335,0.9940828402366864,0.9137931034482759,0.99375,0.0,0.006249999999999961
2246,0.9736842105263158,0.9746755302310858,1.0,0.9753086419753086,0.9487179487179487,0.9937106918238994,0.9575757575757575,0.0,0.04242424242424217
2247,0.8322368421052632,0.8400940623162846,0.7301587301587301,0.7901234567901234,1.0,0.6530612244897959,1.0,0.0,0.0
2248,0.9210526315789473,0.9121580257943895,0.8611111111111112,0.8918918918918919,0.9834710743801653,0.825,0.9705882352941176,0.0,0.029411764705882065
2249,0.9473684210526315,0.9499477336393252,0.9463414634146341,0.937984496124031,0.9655172413793104,0.9097744360902256,0.968,0.0,0.031999999999999744
2250,0.9342105263157895,0.9083943230284693,0.8048780487804879,0.9459459459459459,0.9743589743589743,0.9114583333333334,0.9831460674157303,0.0,0.01685393258426957
2251,0.8651315789473685,0.8353315860845981,0.6875,0.8225108225108225,0.9959839357429718,0.7037037037037037,0.9895833333333334,0.0,0.010416666666666559
2252,0.9407894736842105,0.9207366058243251,0.8771929824561403,0.9590909090909091,0.9259259259259259,0.9336283185840708,0.985981308411215,0.0,0.014018691588784982
2253,0.9210526315789473,0.9085385534417793,0.8387096774193549,0.904,0.9829059829059829,0.8432835820895522,0.9741379310344828,0.0,0.02586206896551702
2254,0.8388157894736842,0.8597031775632588,0.8226415094339623,0.772093023255814,0.984375,0.6335877862595419,0.9880952380952381,0.0,0.011904761904761764
2255,0.9276315789473685,0.9032139802028597,0.7755102040816326,0.9341317365269461,1.0,0.8764044943820225,1.0,0.0,0.0
2256,0.9638157894736842,0.9612721849536587,0.9559748427672956,0.9435897435897436,0.984251968503937,0.92,0.968421052631579,0.0,0.03157894736842072
2257,0.8848684210526315,0.8625249582665052,0.7445255474452555,0.8430493273542601,1.0,0.7286821705426356,1.0,0.0,0.0
2258,0.9407894736842105,0.9324515233928069,0.8828828828828829,0.9395973154362416,0.9748743718592965,0.9090909090909091,0.9722222222222222,0.0,0.027777777777777585
2259,0.9276315789473685,0.9340277777777777,0.8854166666666666,0.9166666666666666,1.0,0.8461538461538461,1.0,0.0,0.0
2260,0.8388157894736842,0.8118431674324212,0.6017699115044248,0.8627450980392157,0.9710144927536232,0.77,0.9808917197452229,0.0,0.019108280254776948
2261,0.9901315789473685,0.982446776967325,0.961038961038961,0.9863013698630136,1.0,0.972972972972973,1.0,0.0,0.0
2262,0.9144736842105263,0.9145176076121845,0.8516129032258064,0.9103448275862069,0.9815950920245399,0.8461538461538461,0.9850746268656716,0.0,0.014925373134328247
2263,0.8914473684210527,0.8998638237543605,0.8023952095808383,0.897196261682243,1.0,0.8135593220338984,1.0,0.0,0.0
2264,0.9868421052631579,0.9869132211928052,0.9863013698630136,0.9864864864864865,0.9879518072289156,0.9798657718120806,0.9931972789115646,0.0,0.006802721088435328
2265,0.944078947368421,0.9400057671287075,0.9037037037037037,0.935361216730038,0.9809523809523809,0.8978102189781022,0.9761904761904762,0.0,0.02380952380952362
2266,0.8585526315789473,0.8366106203096798,0.6446280991735537,0.8652037617554859,1.0,0.7624309392265194,1.0,0.0,0.0
2267,0.9407894736842105,0.9327001633986928,0.8970588235294118,0.9166666666666666,0.984375,0.868421052631579,0.9705882352941176,0.0,0.029411764705882065
2268,0.9078947368421053,0.8964542082189141,0.8,0.9054054054054054,0.983957219251337,0.8375,0.9852941176470589,0.0,0.014705882352941069
2269,0.881578947368421,0.8860460019081509,0.8709677419354839,0.8705035971223022,0.9166666666666666,0.8231292517006803,0.9236641221374046,0.0,0.07633587786259484
2270,0.8388157894736842,0.8057423380077843,0.5964912280701754,0.8361204013377926,0.9846153846153847,0.7309941520467836,0.9765625,0.0,0.02343749999999982
2271,0.8125,0.8058592229715225,0.5882352941176471,0.8376068376068376,0.9917355371900827,0.7241379310344828,0.9932432432432432,0.0,0.006756756756756711
2272,0.9605263157894737,0.9622659105555753,0.9392265193370166,0.9534883720930233,0.9940828402366864,0.917910447761194,0.9919354838709677,0.0,0.008064516129032194
2273,0.9046052631578947,0.8905979089424734,0.8073394495412844,0.9144542772861357,0.95,0.8707865168539326,0.9627329192546584,0.0,0.03726708074534139
2274,0.9276315789473685,0.9372560020571803,0.8865979381443299,0.9251700680272109,1.0,0.8607594936708861,1.0,0.0,0.0
2275,0.9539473684210527,0.945455091935108,0.967741935483871,0.9629629629629629,0.9056603773584906,0.9680851063829787,0.9578947368421052,0.0,0.042105263157894514
2276,0.930921052631579,0.9193853974722496,0.8596491228070176,0.9201520912547528,0.9783549783549783,0.8705035971223022,0.9758064516129032,0.0,0.02419354838709658
2277,0.8914473684210527,0.8278939005011612,0.5925925925925926,0.8910891089108911,1.0,0.8035714285714286,1.0,0.0,0.0
2278,0.9835526315789473,0.9777419959739556,0.972972972972973,0.9882903981264637,0.9719626168224299,0.9906103286384976,0.985981308411215,0.0,0.014018691588784982
2279,0.8947368421052632,0.8941798941798943,0.7777777777777778,0.9047619047619048,1.0,0.8260869565217391,1.0,0.0,0.0
2280,0.8947368421052632,0.8923297084026164,0.8449197860962567,0.8461538461538461,0.9859154929577465,0.7457627118644068,0.9777777777777777,0.0,0.022222222222221977
2281,0.9111842105263158,0.8996656125828149,0.8235294117647058,0.9045936395759717,0.970873786407767,0.847682119205298,0.9696969696969697,0.0,0.030303030303030075
2282,0.8552631578947368,0.8666301769750046,0.7586206896551724,0.8571428571428571,0.9841269841269841,0.7542857142857143,0.9924812030075187,0.0,0.007518796992481147
2283,0.868421052631579,0.8230141171721329,0.6352941176470588,0.8876404494382022,0.9461077844311377,0.8272251308900523,0.9575757575757575,0.0,0.04242424242424217
2284,0.9375,0.9389883364595636,0.9045226130653267,0.9124423963133641,1.0,0.8389830508474576,1.0,0.0,0.0
2285,0.8552631578947368,0.8406795621532464,0.704,0.8589743589743589,0.9590643274853801,0.7745664739884393,0.9640287769784173,0.0,0.035971223021582475
2286,0.9046052631578947,0.8300912605676932,0.5901639344262295,0.9290953545232273,0.9710144927536232,0.8796296296296297,0.9844559585492227,0.0,0.015544041450777122
2287,0.9243421052631579,0.9024636040096317,0.7755102040816326,0.9396325459317585,0.9922480620155039,0.8905472636815921,0.9944444444444445,0.0,0.0055555555555555245
2288,0.9506578947368421,0.9492586353900223,0.8905109489051095,0.9572649572649573,1.0,0.9180327868852459,1.0,0.0,0.0
2289,0.9078947368421053,0.8953523950601684,0.8468468468468469,0.8813559322033898,0.9578544061302682,0.8387096774193549,0.9285714285714286,0.0,0.0714285714285708
2290,0.9769736842105263,0.9717882239767248,0.963855421686747,0.9822784810126582,0.9692307692307692,0.9797979797979798,0.9847715736040609,0.0,0.015228426395939009
2291,0.8289473684210527,0.7867176081297149,0.5656565656565656,0.8497109826589595,0.9447852760736196,0.7696335078534031,0.9483870967741935,0.0,0.05161290322580612
2292,0.8881578947368421,0.8660567748381865,0.7524752475247525,0.9022988505747126,0.9433962264150944,0.8532608695652174,0.9573170731707317,0.0,0.04268292682926803
2293,0.9078947368421053,0.8992421681316204,0.8958333333333334,0.9195402298850575,0.8823529411764706,0.8791208791208791,0.963855421686747,0.0,0.036144578313252795
2294,0.9506578947368421,0.9487650087596443,0.9295774647887324,0.9397590361445783,0.9769585253456221,0.9140625,0.9669421487603306,0.0,0.03305785123966915
2295,0.7763157894736842,0.7709868875086267,0.5072463768115942,0.8057142857142857,1.0,0.6746411483253588,1.0,0.0,0.0
2296,0.930921052631579,0.9192730748494723,0.8807339449541285,0.9448818897637795,0.9322033898305084,0.9230769230769231,0.967741935483871,0.0,0.03225806451612886
2297,0.8980263157894737,0.8549444967355416,0.7027027027027027,0.9069069069069069,0.9552238805970149,0.8628571428571429,0.9556962025316456,0.0,0.04430379746835415
2298,0.881578947368421,0.8830994114428347,0.7922077922077922,0.8860759493670886,0.9710144927536232,0.8092485549132948,0.9790209790209791,0.0,0.020979020979020834
2299,0.9506578947368421,0.9479615808505898,0.9172932330827067,0.9480968858131488,0.978494623655914,0.9194630872483222,0.9785714285714285,0.0,0.021428571428571276
2300,0.9013157894736842,0.8900212367409535,0.8031496062992126,0.8913043478260869,0.975609756097561,0.825503355704698,0.968503937007874,0.0,0.03149606299212574
2301,0.7730263157894737,0.7819203382287494,0.6857142857142857,0.7850467289719626,0.875,0.6847826086956522,0.9197080291970803,0.0,0.08029197080291912
2302,0.9013157894736842,0.9102653361182022,0.8387096774193549,0.8920863309352518,1.0,0.8051948051948052,1.0,0.0,0.0
2303,0.8519736842105263,0.8233737438167408,0.6774193548387096,0.8132780082987552,0.9794238683127572,0.6950354609929078,0.98,0.0,0.019999999999999803
2304,0.9506578947368421,0.9500835573396293,0.9367088607594937,0.9372384937238494,0.976303317535545,0.9105691056910569,0.9655172413793104,0.0,0.034482758620689356
2305,0.8519736842105263,0.8640863139761548,0.7485380116959064,0.8837209302325582,0.96,0.7990654205607477,0.9884393063583815,0.0,0.01156069364161843
2306,0.9342105263157895,0.9283393693306401,0.8905109489051095,0.9159663865546218,0.9785407725321889,0.8650793650793651,0.9732142857142857,0.0,0.02678571428571405
2307,0.9539473684210527,0.9514068155672156,0.9299363057324841,0.9375,0.986784140969163,0.9051724137931034,0.9722222222222222,0.0,0.027777777777777523
2308,0.9078947368421053,0.8996815445091307,0.8413793103448276,0.8793103448275862,0.9783549783549783,0.8095238095238095,0.9622641509433962,0.0,0.03773584905660342
2309,0.8980263157894737,0.8901470335831569,0.8266666666666667,0.8658008658008658,0.9779735682819384,0.78125,0.970873786407767,0.0,0.02912621359223273
2310,0.8618421052631579,0.8723135577974288,0.8064516129032258,0.8581081081081081,0.9523809523809523,0.774390243902439,0.9621212121212122,0.0,0.037878787878787595
2311,0.9473684210526315,0.9304431046033113,0.8604651162790697,0.9555555555555556,0.9753086419753086,0.9297297297297298,0.9828571428571429,0.0,0.017142857142857047
2312,0.9539473684210527,0.9531444865361758,0.9550561797752809,0.9306930693069307,0.9736842105263158,0.912621359223301,0.9494949494949495,0.0,0.05050505050505
2313,0.9769736842105263,0.9744695572128039,0.967741935483871,0.98005698005698,0.975609756097561,0.9772727272727273,0.9828571428571429,0.0,0.017142857142857047
2314,0.9243421052631579,0.9196108550947261,0.8571428571428571,0.9175627240143369,0.9841269841269841,0.8590604026845637,0.9846153846153847,0.0,0.015384615384615268
2315,0.881578947368421,0.8948876307385861,0.8290155440414507,0.8853503184713376,0.9702970297029703,0.8034682080924855,0.9858156028368794,0.0,0.014184397163120468
2316,0.9407894736842105,0.9327731092436974,0.8571428571428571,0.9411764705882353,1.0,0.8888888888888888,1.0,0.0,0.0
2317,0.8388157894736842,0.8222664613968962,0.7577639751552795,0.7487179487179487,0.9603174603174603,0.6347826086956522,0.9125,0.0,0.08749999999999891
2318,0.8717105263157895,0.8009691541905738,0.5806451612903226,0.8882521489971347,0.934010152284264,0.8469945355191257,0.9337349397590361,0.0,0.06626506024096346
2319,0.9243421052631579,0.9280055932931797,0.8535031847133758,0.9305135951661632,1.0,0.8700564971751412,1.0,0.0,0.0
2320,0.8618421052631579,0.851888341543514,0.7555555555555555,0.8444444444444444,0.9556650246305419,0.7651006711409396,0.9421487603305785,0.0,0.05785123966942101
2321,0.9671052631578947,0.9688252510544243,0.9811320754716981,0.9683544303797469,0.956989247311828,0.9745222929936306,0.9622641509433962,0.0,0.037735849056603536
2322,0.9638157894736842,0.9643964606295808,0.9629629629629629,0.9551020408163265,0.9751243781094527,0.9435483870967742,0.9669421487603306,0.0,0.03305785123966915
2323,0.9572368421052632,0.7295663785227352,0.23529411764705882,0.953405017921147,1.0,0.910958904109589,1.0,0.0,0.0
2324,0.9111842105263158,0.9117492067317348,0.8808290155440415,0.8744186046511628,0.98,0.7966101694915254,0.9690721649484536,0.0,0.030927835051546074
2325,0.9342105263157895,0.9237209302325581,0.92,0.8666666666666667,0.9844961240310077,0.7926829268292683,0.9558823529411765,0.0,0.04411764705882289
2326,0.9210526315789473,0.7841691491521147,0.4444444444444444,0.9235668789808917,0.9844961240310077,0.8734939759036144,0.9797297297297297,0.0,0.020270270270270133
2327,0.9638157894736842,0.9449192054672032,0.8705882352941177,0.9641693811074918,1.0,0.9308176100628931,1.0,0.0,0.0
2328,0.9046052631578947,0.8678568973475139,0.6813186813186813,0.9222520107238605,1.0,0.8557213930348259,1.0,0.0,0.0
2329,0.9144736842105263,0.8832853889488194,0.75,0.9368932038834952,0.9629629629629629,0.8935185185185185,0.9846938775510204,0.0,0.015306122448979513
2330,0.9210526315789473,0.8293650793650794,0.5714285714285714,0.9166666666666666,1.0,0.8461538461538461,1.0,0.0,0.0
2331,0.9144736842105263,0.9069425519029505,0.8596491228070176,0.9097222222222222,0.9514563106796117,0.8791946308724832,0.9424460431654677,0.0,0.05755395683453196
2332,0.9078947368421053,0.8971351300073921,0.7868852459016393,0.9186046511627907,0.9859154929577465,0.8540540540540541,0.9937106918238994,0.0,0.006289308176100589
2333,0.9572368421052632,0.9245010678227734,0.819672131147541,0.9658792650918635,0.9879518072289156,0.9387755102040817,0.9945945945945946,0.0,0.005405405405405376
2334,0.9703947368421053,0.9568215892053974,0.896551724137931,0.9739130434782609,1.0,0.9491525423728814,1.0,0.0,0.0
2335,0.7960526315789473,0.7365987754592028,0.41509433962264153,0.7947019867549668,1.0,0.6593406593406593,1.0,0.0,0.0
2336,0.9506578947368421,0.9479169209420671,0.9448818897637795,0.9560117302052786,0.9428571428571428,0.9476744186046512,0.9644970414201184,0.0,0.03550295857988145
2337,0.9638157894736842,0.9618542850969282,0.9448818897637795,0.9602888086642599,0.9803921568627451,0.9432624113475178,0.9779411764705882,0.0,0.022058823529411603
2338,0.9375,0.9358705962864035,0.9172932330827067,0.9385113268608414,0.9518072289156626,0.9177215189873418,0.9602649006622517,0.0,0.03973509933774808
2339,0.9407894736842105,0.9288288461292263,0.8888888888888888,0.9318181818181818,0.9657794676806084,0.917910447761194,0.9461538461538461,0.0,0.05384615384615343
2340,0.8881578947368421,0.8594235514389515,0.6796116504854369,0.9055555555555556,0.993103448275862,0.8316326530612245,0.9939024390243902,0.0,0.006097560975609719
2341,0.8125,0.8339579998116583,0.7219512195121951,0.7799227799227799,1.0,0.6392405063291139,1.0,0.0,0.0
2342,0.9868421052631579,0.9868330490468923,1.0,0.9858156028368794,0.9746835443037974,0.9928571428571429,0.9788732394366197,0.0,0.021126760563380132
2343,0.9144736842105263,0.9029761904761905,0.8333333333333334,0.8839285714285714,0.9916666666666667,0.7983870967741935,0.99,0.0,0.009999999999999901
2344,0.9177631578947368,0.9068819645506762,0.8711656441717791,0.8648648648648649,0.9846153846153847,0.7843137254901961,0.963855421686747,0.0,0.03614457831325258
2345,0.868421052631579,0.859725788963077,0.8194444444444444,0.8870056497175142,0.8727272727272727,0.8440860215053764,0.9345238095238095,0.0,0.06547619047619009
2346,0.8421052631578947,0.8128327530717968,0.6666666666666666,0.7837837837837838,0.9880478087649402,0.6590909090909091,0.9666666666666667,0.0,0.033333333333332965
2347,0.9013157894736842,0.8581792539275231,0.7045454545454546,0.8854961832061069,0.9844961240310077,0.8111888111888111,0.9747899159663865,0.0,0.025210084033613234
2348,0.9342105263157895,0.9118003080059087,0.8444444444444444,0.911504424778761,0.9794520547945206,0.865546218487395,0.9626168224299065,0.0,0.03738317757009311
2349,0.9506578947368421,0.91886607291952,0.819672131147541,0.958904109589041,0.978021978021978,0.9358288770053476,0.9831460674157303,0.0,0.01685393258426957
2350,0.9506578947368421,0.9518328972049185,0.9246231155778895,0.9308755760368663,1.0,0.8706896551724138,1.0,0.0,0.0
2351,0.9144736842105263,0.8972224319590444,0.7924528301886793,0.9248554913294798,0.9743589743589743,0.8743169398907104,0.9815950920245399,0.0,0.01840490797546001
2352,0.9539473684210527,0.9530441988307157,0.9305555555555556,0.951048951048951,0.9775280898876404,0.9251700680272109,0.9784172661870504,0.0,0.021582733812949485
2353,0.9111842105263158,0.8825212402875607,0.8,0.8851063829787233,0.962457337883959,0.8455284552845529,0.9285714285714286,0.0,0.0714285714285708
2354,0.9111842105263158,0.9271882283884131,0.9029850746268657,0.8888888888888888,0.9896907216494846,0.8059701492537313,0.9908256880733946,0.0,0.00917431192660542
2355,0.9111842105263158,0.9003798646574929,0.7874015748031497,0.9137380191693291,1.0,0.8411764705882353,1.0,0.0,0.0
2356,0.9342105263157895,0.8982489749277408,0.7777777777777778,0.9342105263157895,0.9827586206896551,0.8930817610062893,0.9793103448275862,0.0,0.02068965517241365
2357,0.9046052631578947,0.8883539851773447,0.8636363636363636,0.8198757763975155,0.981549815498155,0.717391304347826,0.9565217391304348,0.0,0.04347826086956459
2358,0.9605263157894737,0.9618272856788979,0.9696969696969697,0.9482758620689655,0.9675090252707581,0.9482758620689655,0.9482758620689655,0.0,0.05172413793103404
2359,0.9802631578947368,0.9768685865607415,0.96,0.9811320754716981,0.9894736842105263,0.968944099378882,0.9936305732484076,0.0,0.006369426751592316
2360,0.9375,0.9373399295056917,0.9295774647887324,0.9243027888446215,0.958139534883721,0.8992248062015504,0.9508196721311475,0.0,0.049180327868852056
2361,0.8289473684210527,0.8459960557471984,0.7150837988826816,0.8311688311688312,0.9917355371900827,0.7150837988826816,0.9922480620155039,0.0,0.007751937984496064
2362,0.9276315789473685,0.9073238728219867,0.848,0.8842105263157894,0.9897610921501706,0.8076923076923077,0.9767441860465116,0.0,0.023255813953488105
2363,0.7861842105263158,0.8013685399268923,0.6590909090909091,0.782608695652174,0.9624060150375939,0.6573033707865169,0.9669421487603306,0.0,0.03305785123966915
2364,0.9276315789473685,0.9325297959176928,0.8837209302325582,0.9308176100628931,0.9830508474576272,0.8757396449704142,0.9932885906040269,0.0,0.00671140939597311
2365,0.875,0.8726531485487437,0.7612903225806451,0.8623188405797102,0.9943502824858758,0.7628205128205128,0.9916666666666667,0.0,0.008333333333333264
2366,0.9342105263157895,0.8430888596105989,0.5909090909090909,0.9516908212560387,0.9866666666666667,0.9120370370370371,0.9949494949494949,0.0,0.005050505050505025
2367,0.8618421052631579,0.8678253682041183,0.7757575757575758,0.8670886075949367,0.9606299212598425,0.7784090909090909,0.9785714285714285,0.0,0.021428571428571276
2368,0.9210526315789473,0.8901492537313432,0.76,0.9104477611940298,1.0,0.8356164383561644,1.0,0.0,0.0
2369,0.9276315789473685,0.9233793517406962,0.8714285714285714,0.9191176470588235,0.9795918367346939,0.8680555555555556,0.9765625,0.0,0.02343749999999982
2370,0.9046052631578947,0.8947845804988662,0.8027210884353742,0.8816326530612245,1.0,0.7883211678832117,1.0,0.0,0.0
2371,0.8881578947368421,0.8524046327217644,0.7368421052631579,0.8521739130434782,0.9681978798586572,0.7777777777777778,0.9423076923076923,0.0,0.05769230769230714
2372,0.9671052631578947,0.963510224837456,0.9824561403508771,0.968944099378882,0.9391304347826087,0.975,0.9629629629629629,0.0,0.03703703703703681
2373,0.8881578947368421,0.8829365079365079,0.8088235294117647,0.8988095238095238,0.9411764705882353,0.8435754189944135,0.9617834394904459,0.0,0.038216560509553896
2374,0.8421052631578947,0.8328665582629841,0.6896551724137931,0.8248175182481752,0.9841269841269841,0.710691823899371,0.9826086956521739,0.0,0.017391304347825938
2375,0.9802631578947368,0.9838536739198992,1.0,0.9801324503311258,0.9714285714285714,0.9932885906040269,0.9673202614379085,0.0,0.03267973856209129
2376,0.9506578947368421,0.9455989263939992,0.9172932330827067,0.9361702127659575,0.9833333333333333,0.9016393442622951,0.9734513274336283,0.0,0.02654867256637145
2377,0.8947368421052632,0.8849704027116921,0.8264462809917356,0.8769230769230769,0.9515418502202643,0.8260869565217391,0.9344262295081968,0.0,0.06557377049180274
2378,0.8256578947368421,0.8372551469909338,0.7807017543859649,0.7488151658767772,0.9822485207100592,0.6076923076923076,0.9753086419753086,0.0,0.024691358024691055
2379,0.9769736842105263,0.9521869969906921,0.8727272727272727,0.9838337182448037,1.0,0.9681818181818181,1.0,0.0,0.0
2380,0.881578947368421,0.8945454545454545,0.82,0.8636363636363636,1.0,0.76,1.0,0.0,0.0
2381,0.9276315789473685,0.8915706312966587,0.8493150684931506,0.8253968253968254,1.0,0.7027027027027027,1.0,0.0,0.0
2382,0.8947368421052632,0.9020581647792042,0.8098159509202454,0.9058823529411765,0.9904761904761905,0.8324324324324325,0.9935483870967742,0.0,0.006451612903225765
2383,0.8453947368421053,0.8508182149786762,0.8181818181818182,0.7729468599033816,0.9613259668508287,0.6557377049180327,0.9411764705882353,0.0,0.05882352941176402
2384,0.8881578947368421,0.887114592626086,0.8670520231213873,0.8454545454545455,0.9488372093023256,0.775,0.93,0.0,0.0699999999999993
2385,0.9144736842105263,0.9064327485380117,0.8333333333333334,0.8859649122807017,1.0,0.7952755905511811,1.0,0.0,0.0
2386,0.9375,0.9356866632954856,0.9019607843137255,0.924901185770751,0.9801980198019802,0.8796992481203008,0.975,0.0,0.024999999999999793
2387,0.8717105263157895,0.8210680843592236,0.6582278481012658,0.8494208494208494,0.9555555555555556,0.7857142857142857,0.9243697478991597,0.0,0.0756302521008397
2388,0.9013157894736842,0.8984326776410928,0.8169014084507042,0.9050632911392406,0.9733333333333334,0.8411764705882353,0.9794520547945206,0.0,0.020547945205479312
2389,0.9605263157894737,0.9551071600407464,0.905982905982906,0.967741935483871,0.9915966386554622,0.9375,1.0,0.0,0.0
2390,0.9144736842105263,0.8851476222672977,0.7450980392156863,0.9103448275862069,1.0,0.8354430379746836,1.0,0.0,0.0
2391,0.9013157894736842,0.911928193912885,0.8951612903225806,0.8728813559322034,0.967741935483871,0.7923076923076923,0.9716981132075472,0.0,0.028301886792452564
2392,0.875,0.8512390716101126,0.7169811320754716,0.879746835443038,0.956989247311828,0.8128654970760234,0.9586206896551724,0.0,0.0413793103448273
2393,0.9276315789473685,0.9236650199952953,0.8923076923076924,0.9153846153846154,0.963302752293578,0.8814814814814815,0.952,0.0,0.04799999999999962
2394,0.8980263157894737,0.8151188285998897,0.576271186440678,0.89198606271777,0.9770992366412213,0.8258064516129032,0.9696969696969697,0.0,0.030303030303030075
2395,0.8322368421052632,0.8594075112579856,0.8097165991902834,0.8197879858657244,0.9487179487179487,0.7073170731707317,0.9747899159663865,0.0,0.025210084033613234
2396,0.8223684210526315,0.8289142816124828,0.7485380116959064,0.8291139240506329,0.9090909090909091,0.7443181818181818,0.9357142857142857,0.0,0.06428571428571384
2397,0.9835526315789473,0.9784631031078939,0.9504950495049505,0.9848942598187311,1.0,0.9702380952380952,1.0,0.0,0.0
2398,0.8914473684210527,0.8381459504449457,0.6265060240963856,0.8978328173374613,0.9900990099009901,0.8238636363636364,0.9863945578231292,0.0,0.013605442176870656
2399,0.805921052631579,0.8027664450693237,0.6099290780141844,0.834733893557423,0.9636363636363636,0.7268292682926829,0.9802631578947368,0.0,0.01973684210526303
2400,0.8519736842105263,0.8411142866465436,0.6717557251908397,0.8656716417910447,0.9859154929577465,0.7671957671957672,0.9931506849315068,0.0,0.006849315068493104
2401,0.9868421052631579,0.9871366728509585,0.9818181818181818,0.9795918367346939,1.0,0.96,1.0,0.0,0.0
2402,0.9111842105263158,0.8964799627216008,0.819672131147541,0.8906882591093117,0.9790794979079498,0.8270676691729323,0.9649122807017544,0.0,0.03508771929824531
2403,0.9506578947368421,0.9481563271036956,0.9333333333333333,0.9282296650717703,0.9829059829059829,0.8899082568807339,0.97,0.0,0.0299999999999997
2404,0.8585526315789473,0.8029570775142435,0.5869565217391305,0.8424908424908425,0.9794238683127572,0.7419354838709677,0.9745762711864406,0.0,0.02542372881355911
2405,0.868421052631579,0.870898218642985,0.8292682926829268,0.8540145985401459,0.9294117647058824,0.7905405405405406,0.9285714285714286,0.0,0.07142857142857087
2406,0.8421052631578947,0.8389791730582186,0.7027027027027027,0.8389261744966443,0.9753086419753086,0.7352941176470589,0.9765625,0.0,0.02343749999999982
2407,0.8980263157894737,0.8990769057764284,0.8333333333333334,0.8970099667774086,0.9668874172185431,0.8282208588957055,0.9782608695652174,0.0,0.021739130434782452
2408,0.9572368421052632,0.9547357183250446,0.9242424242424242,0.9579288025889967,0.9820359281437125,0.9308176100628931,0.9866666666666667,0.0,0.013333333333333246
2409,0.9111842105263158,0.8958750808663897,0.8130081300813008,0.891566265060241,0.9830508474576272,0.8222222222222222,0.9736842105263158,0.0,0.02631578947368398
2410,0.944078947368421,0.94419451345524,0.8930817610062893,0.9395017793594306,1.0,0.8859060402684564,1.0,0.0,0.0
2411,0.9638157894736842,0.9467530131318583,0.8990825688073395,0.9411764705882353,1.0,0.8888888888888888,1.0,0.0,0.0
2412,0.8552631578947368,0.815177201331536,0.6865671641791045,0.7659574468085106,0.993006993006993,0.6260869565217392,0.9863013698630136,0.0,0.013698630136986115
2413,1.0,1.0,1.0,1.0,1.0,1.0,1.0,0.0,0.0
2414,0.9605263157894737,0.9458861148690199,1.0,0.9653179190751445,0.8723404255319149,0.9823529411764705,0.9488636363636364,0.0,0.05113636363636335
2415,0.8421052631578947,0.8506618271237315,0.7528089887640449,0.8248175182481752,0.9743589743589743,0.7151898734177216,0.9741379310344828,0.0,0.02586206896551702
2416,0.8453947368421053,0.8515478609375323,0.7692307692307693,0.8417508417508418,0.9436619718309859,0.7530120481927711,0.9541984732824428,0.0,0.045801526717556905
2417,0.8421052631578947,0.8647983783677405,0.8163265306122449,0.8032786885245902,0.9747899159663865,0.6805555555555556,0.98,0.0,0.019999999999999803
2418,0.8848684210526315,0.8849129190592605,0.7948717948717948,0.8780487804878049,0.9818181818181818,0.7924528301886793,0.984375,0.0,0.015624999999999879
2419,0.8651315789473685,0.8636086581953052,0.8469387755102041,0.7960199004975125,0.9478672985781991,0.7142857142857143,0.898876404494382,0.0,0.10112359550561685
2420,0.9177631578947368,0.9164756438158536,0.8705882352941177,0.8936170212765957,0.9852216748768473,0.8267716535433071,0.9722222222222222,0.0,0.027777777777777523
2421,0.7269736842105263,0.767624112637281,0.6291079812206573,0.710801393728223,0.9629629629629629,0.5604395604395604,0.9714285714285714,0.0,0.0285714285714283
2422,0.8256578947368421,0.8168550573723898,0.6119402985074627,0.8463768115942029,0.9922480620155039,0.7373737373737373,0.9931972789115646,0.0,0.006802721088435328
2423,0.8914473684210527,0.9039293507207532,0.8666666666666667,0.852017937219731,0.993103448275862,0.7480314960629921,0.9895833333333334,0.0,0.010416666666666559
2424,0.9243421052631579,0.8902101180582193,0.7676767676767676,0.9029535864978903,1.0,0.823076923076923,1.0,0.0,0.0
2425,0.9243421052631579,0.8988433648435542,0.7755102040816326,0.9260450160771704,0.9949748743718593,0.8622754491017964,1.0,0.0,0.0
2426,0.881578947368421,0.8439527593497119,0.6818181818181818,0.896551724137931,0.9534883720930233,0.8387096774193549,0.9629629629629629,0.0,0.03703703703703681
2427,0.8289473684210527,0.8257825782578259,0.6060606060606061,0.8712871287128713,1.0,0.7719298245614035,1.0,0.0,0.0
2428,0.9013157894736842,0.8796507725079152,0.7755102040816326,0.9038461538461539,0.9595959595959596,0.8545454545454545,0.9591836734693877,0.0,0.04081632653061197
2429,0.9276315789473685,0.8935148421251654,0.7317073170731707,0.9488372093023256,1.0,0.9026548672566371,1.0,0.0,0.0
2430,0.9407894736842105,0.9440559440559441,0.9090909090909091,0.9230769230769231,1.0,0.8571428571428571,1.0,0.0,0.0
2431,0.9901315789473685,0.9915754833401892,1.0,0.9907692307692307,0.983957219251337,0.9938271604938271,0.9877300613496932,0.0,0.012269938650306674
2432,0.8256578947368421,0.8137085858452976,0.6370370370370371,0.8284789644012945,0.975609756097561,0.7191011235955056,0.9770992366412213,0.0,0.022900763358778452
2433,0.9539473684210527,0.9491833030852995,0.9078947368421053,0.9396551724137931,1.0,0.8861788617886179,1.0,0.0,0.0
2434,0.944078947368421,0.9341403254227029,0.9007633587786259,0.916256157635468,0.9854014598540146,0.8691588785046729,0.96875,0.0,0.031249999999999677
2435,0.8782894736842105,0.8747671735049014,0.8260869565217391,0.821256038647343,0.9769585253456221,0.7203389830508474,0.9550561797752809,0.0,0.0449438202247186
2436,0.9144736842105263,0.9016206377811664,0.8955223880597015,0.8289473684210527,0.9803921568627451,0.7411764705882353,0.9402985074626866,0.0,0.059701492537312544
2437,0.9473684210526315,0.9230806965906303,0.8222222222222222,0.9470198675496688,1.0,0.89937106918239,1.0,0.0,0.0
2438,0.9111842105263158,0.7908331331418276,0.4864864864864865,0.9319899244332494,0.9540229885057471,0.8980582524271845,0.9685863874345549,0.0,0.031413612565444865
2439,0.9111842105263158,0.8565682105505115,0.6493506493506493,0.9203539823008849,1.0,0.8524590163934426,1.0,0.0,0.0
2440,0.9078947368421053,0.9090761090761091,0.8571428571428571,0.8923076923076924,0.9777777777777777,0.8226950354609929,0.9747899159663865,0.0,0.025210084033613234
2441,0.9078947368421053,0.8910760667903525,0.7636363636363637,0.93,0.9795918367346939,0.8773584905660378,0.9893617021276596,0.0,0.01063829787234037
2442,0.881578947368421,0.8758266186689782,0.8165680473372781,0.8333333333333334,0.9775784753363229,0.7317073170731707,0.967741935483871,0.0,0.032258064516128684
2443,0.8355263157894737,0.8235536334737933,0.7065868263473054,0.7685185185185185,0.9955555555555555,0.6287878787878788,0.9880952380952381,0.0,0.011904761904761764
2444,0.9078947368421053,0.890909090909091,0.8,0.8727272727272727,1.0,0.7741935483870968,1.0,0.0,0.0
2445,0.8980263157894737,0.9076270835396665,0.8907563025210085,0.8702928870292888,0.9618320610687023,0.7938931297709924,0.9629629629629629,0.0,0.037037037037036695
2446,0.9407894736842105,0.9363842908146706,0.8860759493670886,0.9230769230769231,1.0,0.8571428571428571,1.0,0.0,0.0
2447,0.881578947368421,0.8750513053055213,0.7724137931034483,0.8686131386861314,0.9841269841269841,0.7777777777777778,0.9834710743801653,0.0,0.016528925619834576
2448,0.9375,0.9081792920140147,0.7956989247311828,0.9288389513108615,1.0,0.8671328671328671,1.0,0.0,0.0
2449,0.8486842105263158,0.8135025559668606,0.6290322580645161,0.8114754098360656,1.0,0.6827586206896552,1.0,0.0,0.0
2450,0.9210526315789473,0.9191577736720733,0.8571428571428571,0.905511811023622,0.9948186528497409,0.8333333333333334,0.9913793103448276,0.0,0.008620689655172339
2451,0.8947368421052632,0.8007810316850889,0.5263157894736842,0.896774193548387,0.979253112033195,0.8323353293413174,0.972027972027972,0.0,0.027972027972027778
2452,0.9506578947368421,0.9476705379789081,0.933920704845815,0.9090909090909091,1.0,0.8333333333333334,1.0,0.0,0.0
2453,0.9342105263157895,0.9359091185225684,0.9247311827956989,0.9152542372881356,0.967741935483871,0.8709677419354839,0.9642857142857143,0.0,0.0357142857142854
2454,0.875,0.8507202095154954,0.6724137931034483,0.879746835443038,1.0,0.7853107344632768,1.0,0.0,0.0
2455,0.8717105263157895,0.8513264604810997,0.688,0.865979381443299,1.0,0.7636363636363637,1.0,0.0,0.0
2456,0.9243421052631579,0.8733516771979944,0.7027027027027027,0.9215017064846417,0.995850622406639,0.8598726114649682,0.9926470588235294,0.0,0.007352941176470534
2457,0.9342105263157895,0.9292595076632635,0.8740740740740741,0.9295774647887324,0.9841269841269841,0.88,0.9850746268656716,0.0,0.014925373134328247
2458,0.9342105263157895,0.9357489265746146,0.898989898989899,0.908256880733945,1.0,0.8319327731092437,1.0,0.0,0.0
2459,0.7960526315789473,0.8155136474690009,0.7886178861788617,0.7372881355932204,0.9206349206349206,0.6170212765957447,0.9157894736842105,0.0,0.0842105263157886
2460,0.9177631578947368,0.909655210012695,0.8031496062992126,0.9258160237388724,1.0,0.861878453038674,1.0,0.0,0.0
2461,0.8092105263157895,0.8242263220602265,0.7065217391304348,0.7943262411347518,0.971830985915493,0.6706586826347305,0.9739130434782609,0.0,0.026086956521738904
2462,0.930921052631579,0.9323384777664206,0.9278350515463918,0.905829596412556,0.9633507853403142,0.8632478632478633,0.9528301886792453,0.0,0.047169811320754276
2463,0.9901315789473685,0.9751937984496125,0.9333333333333333,0.9922480620155039,1.0,0.9846153846153847,1.0,0.0,0.0
2464,0.9111842105263158,0.919972815248325,0.8762886597938144,0.9158878504672897,0.967741935483871,0.8546511627906976,0.9865771812080537,0.0,0.01342281879194622
2465,0.875,0.8259306983109087,0.6352941176470588,0.8741721854304636,0.9683257918552036,0.8,0.9635036496350365,0.0,0.03649635036496324
2466,0.8782894736842105,0.8935629335049001,0.8705882352941177,0.8451882845188284,0.9649122807017544,0.7481481481481481,0.9711538461538461,0.0,0.02884615384615357
2467,0.8980263157894737,0.9100407338031101,0.8324324324324325,0.8976897689768977,1.0,0.8143712574850299,1.0,0.0,0.0
2468,0.8947368421052632,0.8833724025101946,0.8493150684931506,0.9144385026737968,0.8863636363636364,0.8769230769230769,0.9553072625698324,0.0,0.04469273743016735
2469,0.8421052631578947,0.8740699747893993,0.7948717948717948,0.8273381294964028,1.0,0.7055214723926381,1.0,0.0,0.0
2470,0.930921052631579,0.9280300049833451,0.88268156424581,0.9014084507042254,1.0,0.8205128205128205,1.0,0.0,0.0
2471,0.8717105263157895,0.8744093191589511,0.8074534161490683,0.8745980707395499,0.9411764705882353,0.8047337278106509,0.9577464788732394,0.0,0.042253521126760264
2472,0.9210526315789473,0.9219331189728157,0.9044585987261147,0.9172413793103448,0.9440993788819876,0.8866666666666667,0.95,0.0,0.04999999999999964
2473,0.875,0.8706975552036629,0.782608695652174,0.8442622950819673,0.9852216748768473,0.7463768115942029,0.9716981132075472,0.0,0.028301886792452564
2474,0.8618421052631579,0.8632280203107299,0.8023952095808383,0.8359375,0.9513513513513514,0.7535211267605634,0.9385964912280702,0.0,0.06140350877192929
2475,0.8980263157894737,0.9074822692835115,0.8653846153846154,0.8774703557312253,0.9795918367346939,0.7985611510791367,0.9736842105263158,0.0,0.02631578947368398
2476,0.875,0.8768887026951543,0.7532467532467533,0.8774193548387097,1.0,0.7816091954022989,1.0,0.0,0.0
2477,0.8717105263157895,0.8566853642041612,0.7555555555555555,0.8408163265306122,0.9736842105263158,0.7463768115942029,0.9626168224299065,0.0,0.03738317757009311
2478,0.9539473684210527,0.9186803738011524,0.819672131147541,0.946969696969697,0.9893992932862191,0.9124087591240876,0.984251968503937,0.0,0.01574803149606287
2479,0.875,0.8535209613260776,0.7478260869565218,0.8503937007874016,0.9623430962343096,0.7769784172661871,0.9391304347826087,0.0,0.06086956521739078
2480,0.8848684210526315,0.8991085018482279,0.8571428571428571,0.8401826484018264,1.0,0.7244094488188977,1.0,0.0,0.0
2481,0.8980263157894737,0.9001607927921181,0.8911917098445595,0.8970099667774086,0.9122807017543859,0.8544303797468354,0.9440559440559441,0.0,0.055944055944055555
2482,0.8223684210526315,0.8373718563662697,0.7262569832402235,0.8363636363636363,0.9494949494949495,0.7340425531914894,0.971830985915493,0.0,0.028169014084506845
2483,0.8355263157894737,0.8188119333755007,0.6451612903225806,0.8529411764705882,0.9583333333333334,0.7552083333333334,0.9797297297297297,0.0,0.020270270270270133
2484,0.8552631578947368,0.8321623731459796,0.6666666666666666,0.8571428571428571,0.9726775956284153,0.7630057803468208,0.9777777777777777,0.0,0.02222222222222206
2485,0.8881578947368421,0.8791041767456863,0.7692307692307693,0.8930817610062893,0.975,0.8208092485549133,0.9793103448275862,0.0,0.02068965517241365
2486,0.9144736842105263,0.9159061124014979,0.9172932330827067,0.9015151515151515,0.9289099526066351,0.8947368421052632,0.9083969465648855,0.0,0.09160305343511381
2487,0.9572368421052632,0.9412724356229498,0.8888888888888888,0.9383886255924171,0.9965397923875432,0.8918918918918919,0.99,0.0,0.009999999999999901
2488,0.8848684210526315,0.8676649167410417,0.7862068965517242,0.8325358851674641,0.984251968503937,0.7310924369747899,0.9666666666666667,0.0,0.033333333333332965
2489,0.8782894736842105,0.805863843177276,0.5671641791044776,0.8888888888888888,0.9615384615384616,0.8268156424581006,0.961038961038961,0.0,0.03896103896103871
2490,0.8519736842105263,0.853126618432741,0.7162162162162162,0.8688046647230321,0.9743589743589743,0.7760416666666666,0.9867549668874173,0.0,0.013245033112582695
2491,0.9375,0.9334454034529419,0.905982905982906,0.939297124600639,0.9550561797752809,0.91875,0.9607843137254902,0.0,0.03921568627450955
2492,0.7730263157894737,0.7688398210716665,0.48120300751879697,0.8253164556962025,1.0,0.7025862068965517,1.0,0.0,0.0
2493,0.9375,0.9340116673450006,0.8994708994708994,0.9025641025641026,1.0,0.822429906542056,1.0,0.0,0.0
2494,0.9473684210526315,0.938145340552864,0.896551724137931,0.9338842975206612,0.984,0.8968253968253969,0.9741379310344828,0.0,0.02586206896551702
2495,0.8289473684210527,0.7541568976203951,0.42857142857142855,0.8602150537634409,0.9736842105263158,0.7655502392344498,0.9815950920245399,0.0,0.01840490797546001
2496,0.9407894736842105,0.9327335781313749,0.8771929824561403,0.9476744186046512,0.9733333333333334,0.9157303370786517,0.9819277108433735,0.0,0.018072289156626398
2497,0.819078947368421,0.7539329981726294,0.4946236559139785,0.8752834467120182,0.8918918918918919,0.7975206611570248,0.9698492462311558,0.0,0.03015075376884407
2498,0.8421052631578947,0.7926267281105991,0.5714285714285714,0.8064516129032258,1.0,0.6756756756756757,1.0,0.0,0.0
2499,0.9078947368421053,0.9004550004550005,0.8181818181818182,0.9054054054054054,0.9777777777777777,0.8427672955974843,0.9781021897810219,0.0,0.021897810218977944
2500,0.9210526315789473,0.9180888208542507,0.8591549295774648,0.9183673469387755,0.9767441860465116,0.8653846153846154,0.9782608695652174,0.0,0.021739130434782452
2501,0.875,0.8745101959216314,0.8292682926829268,0.8442622950819673,0.95,0.7744360902255639,0.9279279279279279,0.0,0.07207207207207143
2502,0.8618421052631579,0.8678517068928028,0.7738095238095238,0.8571428571428571,0.9726027397260274,0.7636363636363637,0.9767441860465116,0.0,0.02325581395348819
2503,0.9144736842105263,0.8470481759955444,0.6666666666666666,0.9022556390977443,0.9722222222222222,0.8571428571428571,0.9523809523809523,0.0,0.04761904761904724
2504,0.9671052631578947,0.9676263093469384,0.9565217391304348,0.9645390070921985,0.9818181818181818,0.9444444444444444,0.9855072463768116,0.0,0.014492753623188302
2505,0.9111842105263158,0.8895596501581134,0.7964601769911505,0.8879668049792531,0.984251968503937,0.816793893129771,0.9727272727272728,0.0,0.027272727272727025
2506,0.9210526315789473,0.8287932080048513,0.56,0.9381443298969072,0.9882352941176471,0.8921568627450981,0.9891304347826086,0.0,0.010869565217391245
2507,0.9144736842105263,0.9173543518126676,0.8705882352941177,0.9064748201438849,0.975,0.8456375838926175,0.9767441860465116,0.0,0.02325581395348819
2508,0.9276315789473685,0.9250349427352713,0.8905109489051095,0.920863309352518,0.9637305699481865,0.8827586206896552,0.9624060150375939,0.0,0.037593984962405735
2509,0.9835526315789473,0.9836799371360804,0.9836065573770492,0.9828178694158075,0.9846153846153847,0.9794520547945206,0.9862068965517241,0.0,0.013793103448275768
2510,0.9243421052631579,0.8916002623055065,0.7755102040816326,0.9029535864978903,0.9963369963369964,0.8294573643410853,0.9907407407407407,0.0,0.009259259259259174
2511,0.8782894736842105,0.8671136743355853,0.7638888888888888,0.8514056224899599,0.986046511627907,0.75177304964539,0.9814814814814815,0.0,0.018518518518518347
2512,0.8717105263157895,0.884652284421787,0.7909604519774012,0.884272997032641,0.9787234042553191,0.7967914438502673,0.9933333333333333,0.0,0.006666666666666623
2513,0.9671052631578947,0.9698605488079172,0.9358974358974359,0.9736842105263158,1.0,0.9487179487179487,1.0,0.0,0.0
2514,0.9078947368421053,0.9098428886013578,0.8837209302325582,0.889763779527559,0.9560439560439561,0.837037037037037,0.9495798319327731,0.0,0.05042016806722647
2515,0.8519736842105263,0.834700005503378,0.6611570247933884,0.8854961832061069,0.9574468085106383,0.8055555555555556,0.9830508474576272,0.0,0.016949152542372788
2516,0.881578947368421,0.8742289584639402,0.8091603053435115,0.8666666666666667,0.9468599033816425,0.8013698630136986,0.9435483870967742,0.0,0.056451612903225354
2517,0.9506578947368421,0.9482206336185008,0.9285714285714286,0.9595687331536388,0.9565217391304348,0.9319371727748691,0.9888888888888889,0.0,0.011111111111111049
2518,0.9177631578947368,0.8956831813087431,0.7956989247311828,0.9226006191950464,0.96875,0.8764705882352941,0.9738562091503268,0.0,0.026143790849673033
2519,0.930921052631579,0.9162999032689351,0.8672566371681416,0.9032258064516129,0.9784172661870504,0.8521739130434782,0.9607843137254902,0.0,0.03921568627450942
2520,0.8486842105263158,0.8552300290957279,0.7719298245614035,0.8413793103448276,0.9523809523809523,0.7484662576687117,0.9606299212598425,0.0,0.039370078740157174
2521,0.805921052631579,0.8267637671196427,0.7954545454545454,0.7230046948356808,0.9618320610687023,0.5789473684210527,0.9625,0.0,0.037499999999999534
2522,0.9671052631578947,0.9332177486675657,0.8275862068965517,0.9720670391061452,1.0,0.9456521739130435,1.0,0.0,0.0
2523,0.9539473684210527,0.888121733077725,0.717948717948718,0.966824644549763,0.9795918367346939,0.9488372093023256,0.9855072463768116,0.0,0.014492753623188337
2524,0.8980263157894737,0.9017954323873791,0.8677248677248677,0.8713692946058091,0.9662921348314607,0.7954545454545454,0.963302752293578,0.0,0.03669724770642168
2525,0.8651315789473685,0.8756797332003625,0.8405797101449275,0.8452830188679246,0.9411764705882353,0.7671232876712328,0.9411764705882353,0.0,0.05882352941176421
2526,0.8092105263157895,0.7860307964993907,0.6101694915254238,0.8361581920903954,0.9117647058823529,0.751269035532995,0.9426751592356688,0.0,0.057324840764330844
2527,0.875,0.8446801985955498,0.6730769230769231,0.8834355828220859,0.9775280898876404,0.8044692737430168,0.9795918367346939,0.0,0.020408163265305986
2528,0.9078947368421053,0.9013493281785965,0.8181818181818182,0.9102564102564102,0.975609756097561,0.8502994011976048,0.9793103448275862,0.0,0.02068965517241365
2529,0.8651315789473685,0.8655395126037639,0.7763157894736842,0.8706624605678234,0.9496402877697842,0.7931034482758621,0.965034965034965,0.0,0.034965034965034725
2530,0.8947368421052632,0.881051296435912,0.8402366863905325,0.8222222222222222,0.9806949806949807,0.7254901960784313,0.9487179487179487,0.0,0.05128205128205063
2531,0.930921052631579,0.9286897409685803,0.89171974522293,0.9135802469135802,0.9807692307692307,0.8604651162790697,0.9736842105263158,0.0,0.02631578947368398
2532,0.8223684210526315,0.816830693681155,0.8205128205128205,0.6582278481012658,0.9717514124293786,0.5098039215686274,0.9285714285714286,0.0,0.07142857142857015
2533,0.9177631578947368,0.8592921261884036,0.7083333333333334,0.9370277078085643,0.9325153374233128,0.9207920792079208,0.9538461538461539,0.0,0.04615384615384592
2534,0.9638157894736842,0.9608911185741436,0.9421487603305785,0.967551622418879,0.972972972972973,0.9534883720930233,0.9820359281437125,0.0,0.017964071856287317
2535,0.9177631578947368,0.8887067752326727,0.8285714285714286,0.8407643312101911,0.9967845659163987,0.7252747252747253,1.0,0.0,0.0
2536,0.9736842105263158,0.9698239291753418,0.9504950495049505,0.9746835443037974,0.9842931937172775,0.9625,0.9871794871794872,0.0,0.012820512820512739
2537,0.8125,0.8001008280992883,0.6583850931677019,0.7510917030567685,0.9908256880733946,0.6099290780141844,0.9772727272727273,0.0,0.02272727272727247
2538,0.9078947368421053,0.8947144493536247,0.8,0.9047619047619048,0.979381443298969,0.8417721518987342,0.9779411764705882,0.0,0.022058823529411603
2539,0.805921052631579,0.7614867890729959,0.509090909090909,0.8,0.9753694581280788,0.6781609195402298,0.9752066115702479,0.0,0.024793388429751862
2540,0.7960526315789473,0.7935397935397935,0.5974025974025974,0.7832167832167832,1.0,0.6436781609195402,1.0,0.0,0.0
2541,0.8980263157894737,0.8567445609831887,0.7105263157894737,0.9177718832891246,0.9419354838709677,0.8781725888324873,0.9611111111111111,0.0,0.038888888888888674
2542,0.9407894736842105,0.9225955521324734,0.8085106382978723,0.9592760180995475,1.0,0.9217391304347826,1.0,0.0,0.0
2543,0.8519736842105263,0.8294724626888472,0.6776859504132231,0.8398576512455516,0.970873786407767,0.7421383647798742,0.9672131147540983,0.0,0.03278688524590137
2544,0.8947368421052632,0.9009273587469564,0.8478260869565217,0.8805970149253731,0.9743589743589743,0.8027210884353742,0.9752066115702479,0.0,0.024793388429751862
2545,0.9177631578947368,0.9017668823493173,0.8037383177570093,0.9262536873156342,0.9753086419753086,0.8770949720670391,0.98125,0.0,0.018749999999999885
2546,0.9046052631578947,0.9065043260245363,0.8705882352941177,0.888030888030888,0.9608938547486033,0.8273381294964028,0.9583333333333334,0.0,0.041666666666666324
2547,0.9342105263157895,0.9326871647797516,0.9064748201438849,0.935064935064935,0.9565217391304348,0.9113924050632911,0.96,0.0,0.03999999999999974
2548,0.8388157894736842,0.8359370598414423,0.703030303030303,0.8047808764940239,1.0,0.6733333333333333,1.0,0.0,0.0
2549,0.9013157894736842,0.8977929128665513,0.8211920529801324,0.8880597014925373,0.9841269841269841,0.8095238095238095,0.9834710743801653,0.0,0.016528925619834576
2550,0.9473684210526315,0.9436119436119436,0.965034965034965,0.9047619047619048,0.961038961038961,0.8636363636363636,0.95,0.0,0.04999999999999938
2551,0.819078947368421,0.7503810665708898,0.5436893203883495,0.7342995169082126,0.9731543624161074,0.608,0.926829268292683,0.0,0.07317073170731618
2552,0.930921052631579,0.9302609501106067,0.9172932330827067,0.922509225092251,0.9509803921568627,0.9057971014492754,0.9398496240601504,0.0,0.06015037593984918
2553,0.9901315789473685,0.9913080943371485,1.0,0.9881422924901185,0.985781990521327,0.9920634920634921,0.984251968503937,0.0,0.01574803149606287
2554,0.9375,0.9409968295003841,0.935064935064935,0.91324200913242,0.9746835443037974,0.8620689655172413,0.970873786407767,0.0,0.02912621359223273
2555,0.9046052631578947,0.9040867457515772,0.8538011695906432,0.8786610878661087,0.9797979797979798,0.8015267175572519,0.9722222222222222,0.0,0.027777777777777523
2556,1.0,1.0,1.0,1.0,1.0,1.0,1.0,0.0,0.0
2557,0.9177631578947368,0.8977707805062581,0.819672131147541,0.8847926267281107,0.9888475836431226,0.8067226890756303,0.9795918367346939,0.0,0.020408163265305916
2558,0.9013157894736842,0.8969921261799341,0.8157894736842105,0.8854961832061069,0.9896907216494846,0.8055555555555556,0.9830508474576272,0.0,0.01694915254237274
2559,0.930921052631579,0.9186077042019907,0.8521739130434782,0.9213483146067416,0.9823008849557522,0.8723404255319149,0.9761904761904762,0.0,0.02380952380952362
2560,0.8881578947368421,0.8793177655677655,0.78125,0.9028571428571428,0.9538461538461539,0.8449197860962567,0.9693251533742331,0.0,0.030674846625766684
2561,0.8914473684210527,0.8743418116912093,0.7555555555555555,0.8674698795180723,1.0,0.7659574468085106,1.0,0.0,0.0
2562,0.9046052631578947,0.909285207838736,0.896551724137931,0.861244019138756,0.9700598802395209,0.7758620689655172,0.967741935483871,0.0,0.032258064516128684
2563,0.875,0.8547492081568541,0.7317073170731707,0.8549618320610687,0.9775784753363229,0.7671232876712328,0.9655172413793104,0.0,0.034482758620689356
2564,0.9243421052631579,0.9255765699556354,0.8717948717948718,0.9265175718849841,0.9784172661870504,0.8734939759036144,0.9863945578231292,0.0,0.013605442176870656
2565,0.8552631578947368,0.8474106286464306,0.7619047619047619,0.8225806451612904,0.9577464788732394,0.7285714285714285,0.9444444444444444,0.0,0.055555555555555046
2566,0.8947368421052632,0.8676323676323676,0.7857142857142857,0.8241758241758241,0.993006993006993,0.7075471698113207,0.9868421052631579,0.0,0.013157894736841933
2567,0.8947368421052632,0.8124859139057922,0.5294117647058824,0.9080459770114943,1.0,0.8315789473684211,1.0,0.0,0.0
2568,0.8585526315789473,0.8459033039131453,0.7612903225806451,0.8018433179723502,0.9745762711864406,0.696,0.9456521739130435,0.0,0.05434782608695594
2569,0.9111842105263158,0.9115651512774404,0.9361702127659575,0.8682926829268293,0.9302325581395349,0.8476190476190476,0.89,0.0,0.1099999999999989
2570,0.7730263157894737,0.7905585794407997,0.6986899563318777,0.6729857819905213,1.0,0.5071428571428571,1.0,0.0,0.0
2571,0.944078947368421,0.9405126763966981,0.9152542372881356,0.9407665505226481,0.9655172413793104,0.9183673469387755,0.9642857142857143,0.0,0.03571428571428546
2572,0.9671052631578947,0.9634048205008008,0.9565217391304348,0.9714285714285714,0.9622641509433962,0.9770114942528736,0.9659090909090909,0.0,0.0340909090909089
2573,0.9835526315789473,0.9848051513913417,0.993006993006993,0.979757085020243,0.981651376146789,0.983739837398374,0.9758064516129032,0.0,0.02419354838709658
2574,0.868421052631579,0.8818887616138475,0.7938144329896907,0.8518518518518519,1.0,0.7419354838709677,1.0,0.0,0.0
2575,0.9243421052631579,0.916412525463722,0.8682170542635659,0.9068825910931174,0.9741379310344828,0.8615384615384616,0.9572649572649573,0.0,0.042735042735042375
2576,0.9013157894736842,0.9032289097619423,0.847457627118644,0.9210526315789473,0.9411764705882353,0.8663366336633663,0.9831460674157303,0.0,0.01685393258426957
2577,0.944078947368421,0.9392484288829036,0.9203539823008849,0.9507246376811594,0.9466666666666667,0.9371428571428572,0.9647058823529412,0.0,0.035294117647058615
2578,0.8552631578947368,0.8056855425276478,0.5934065934065934,0.8571428571428571,0.9665071770334929,0.7764705882352941,0.9565217391304348,0.0,0.043478260869564904
2579,0.881578947368421,0.8319075240355828,0.6341463414634146,0.893491124260355,0.9680851063829787,0.8296703296703297,0.967948717948718,0.0,0.03205128205128185
2580,0.9177631578947368,0.9152520882397043,0.8758169934640523,0.8987854251012146,0.9711538461538461,0.8409090909090909,0.9652173913043478,0.0,0.034782608695651876
2581,0.9078947368421053,0.8924043457723193,0.7931034482758621,0.9041095890410958,0.98,0.8407643312101911,0.9777777777777777,0.0,0.02222222222222206
2582,0.9243421052631579,0.9126794434914568,0.8307692307692308,0.9118773946360154,0.9953917050691244,0.8439716312056738,0.9916666666666667,0.0,0.008333333333333264
2583,0.8618421052631579,0.7714458503342391,0.5352112676056338,0.8073394495412844,0.9717868338557993,0.7096774193548387,0.9361702127659575,0.0,0.06382978723404188
2584,0.7960526315789473,0.7735003187303541,0.5522388059701493,0.7785714285714286,0.9896907216494846,0.6449704142011834,0.9819819819819819,0.0,0.01801801801801786
2585,0.9473684210526315,0.9258148614193948,0.8314606741573034,0.9512195121951219,0.9947643979057592,0.9069767441860465,1.0,0.0,0.0
2586,0.9013157894736842,0.8573087771694045,0.6938775510204082,0.8780487804878049,1.0,0.782608695652174,1.0,0.0,0.0
2587,0.8322368421052632,0.7929810422902754,0.594059405940594,0.8682170542635659,0.9166666666666666,0.7924528301886793,0.96,0.0,0.03999999999999977
2588,0.8651315789473685,0.8436881636881637,0.7132867132867133,0.8177777777777778,1.0,0.6917293233082706,1.0,0.0,0.0
2589,0.8914473684210527,0.8816188030728097,0.78125,0.8925081433224755,0.9710982658959537,0.8253012048192772,0.9716312056737588,0.0,0.028368794326240936
2590,0.8453947368421053,0.8469215329318956,0.8,0.745945945945946,0.9948186528497409,0.6,0.9857142857142858,0.0,0.014285714285714082
2591,0.9736842105263158,0.9680555555555556,1.0,0.9666666666666667,0.9375,0.9830508474576272,0.9508196721311475,0.0,0.049180327868852056
2592,0.9210526315789473,0.9025602605212422,0.780952380952381,0.947136563876652,0.9795918367346939,0.9033613445378151,0.9953703703703703,0.0,0.0046296296296296086
2593,0.9111842105263158,0.9090033921137234,0.8652482269503546,0.9072164948453608,0.9545454545454546,0.8627450980392157,0.9565217391304348,0.0,0.043478260869564904
2594,0.805921052631579,0.7154696066460772,0.35294117647058826,0.8126984126984127,0.9807692307692307,0.6956521739130435,0.9770992366412213,0.0,0.022900763358778452
2595,0.8618421052631579,0.8309529450100798,0.6415094339622641,0.8757396449704142,0.975609756097561,0.7914438502673797,0.9801324503311258,0.0,0.01986754966887404
2596,0.8947368421052632,0.8909723040351443,0.851063829787234,0.873015873015873,0.9488372093023256,0.8208955223880597,0.9322033898305084,0.0,0.06779661016949096
2597,0.8519736842105263,0.8451827652574373,0.7417218543046358,0.8235294117647058,0.9702970297029703,0.7241379310344828,0.9545454545454546,0.0,0.045454545454545046
2598,0.8980263157894737,0.845757216409733,0.6428571428571429,0.8990228013029316,0.9953917050691244,0.8214285714285714,0.9928057553956835,0.0,0.007194244604316495
2599,0.9276315789473685,0.9259012301658048,0.8873239436619719,0.930379746835443,0.96,0.8963414634146342,0.9671052631578947,0.0,0.032894736842105046
2600,0.8355263157894737,0.8596152075853816,0.7549019607843137,0.823943661971831,1.0,0.7005988023952096,1.0,0.0,0.0
2601,0.8914473684210527,0.8015542978116695,0.5490196078431373,0.9151670951156813,0.9404761904761905,0.8768472906403941,0.956989247311828,0.0,0.04301075268817181
2602,0.9407894736842105,0.9356880058866813,0.8888888888888888,0.9403973509933775,0.9777777777777777,0.9044585987261147,0.9793103448275862,0.0,0.02068965517241365
2603,0.9638157894736842,0.9655977031535145,0.9752066115702479,0.9535864978902954,0.968,0.9658119658119658,0.9416666666666667,0.0,0.05833333333333285
2604,1.0,1.0,1.0,1.0,1.0,1.0,1.0,0.0,0.0
2605,0.9375,0.9198465301075562,0.8118811881188119,0.9476584022038568,1.0,0.900523560209424,1.0,0.0,0.0
2606,0.8092105263157895,0.8276726113552167,0.784,0.7264150943396226,0.9726027397260274,0.5833333333333334,0.9625,0.0,0.037499999999999534
2607,0.8947368421052632,0.8582833577308716,0.6888888888888889,0.9116022099447514,0.9743589743589743,0.8505154639175257,0.9821428571428571,0.0,0.017857142857142752
2608,0.9638157894736842,0.9414938300214356,0.875,0.9738717339667459,0.975609756097561,0.9624413145539906,0.9855769230769231,0.0,0.014423076923076854
2609,0.9013157894736842,0.869528122643722,0.7252747252747253,0.9112426035502958,0.9720670391061452,0.8555555555555555,0.9746835443037974,0.0,0.02531645569620237
2610,0.9375,0.9250014887408655,0.8288288288288288,0.9461756373937678,1.0,0.8978494623655914,1.0,0.0,0.0
2611,0.9506578947368421,0.9501980758347481,0.9032258064516129,0.9473684210526315,1.0,0.9,1.0,0.0,0.0
2612,0.9572368421052632,0.9386727530518381,0.8641975308641975,0.9635854341736695,0.9882352941176471,0.9398907103825137,0.9885057471264368,0.0,0.011494252873563152
2613,0.9473684210526315,0.9353448275862069,0.875,0.9310344827586207,1.0,0.8709677419354839,1.0,0.0,0.0
2614,0.8355263157894737,0.8558020926441978,0.784688995215311,0.8376623376623377,0.945054945054945,0.7371428571428571,0.9699248120300752,0.0,0.03007518796992459
2615,0.9375,0.9491288978396728,0.926829268292683,0.9342560553633218,0.9863013698630136,0.8823529411764706,0.9926470588235294,0.0,0.007352941176470534
2616,0.9473684210526315,0.9460694477935858,0.8951048951048951,0.95,0.993103448275862,0.9101796407185628,0.9934640522875817,0.0,0.006535947712418258
2617,0.9210526315789473,0.8808929394549679,0.7368421052631579,0.9245283018867925,0.9813084112149533,0.875,0.98,0.0,0.01999999999999987
2618,0.930921052631579,0.9346007748685355,0.9139784946236559,0.9257950530035336,0.9640287769784173,0.8851351351351351,0.9703703703703703,0.0,0.029629629629629412
2619,0.9111842105263158,0.9073403892113349,0.8551724137931035,0.896551724137931,0.9702970297029703,0.841726618705036,0.9590163934426229,0.0,0.04098360655737671
2620,0.8980263157894737,0.8939816876617042,0.8275862068965517,0.8856088560885609,0.96875,0.821917808219178,0.96,0.0,0.03999999999999968
2621,0.9703947368421053,0.9521289401638384,0.8923076923076924,0.9761273209549072,0.9879518072289156,0.9583333333333334,0.9945945945945946,0.0,0.005405405405405376
2622,0.9407894736842105,0.937054457556819,0.8970588235294118,0.9343065693430657,0.9797979797979798,0.8951048951048951,0.9770992366412213,0.0,0.022900763358778452
2623,0.8914473684210527,0.9037348117676736,0.8469387755102041,0.8945686900958466,0.9696969696969697,0.8235294117647058,0.9790209790209791,0.0,0.020979020979020834
2624,0.9210526315789473,0.8310886671004852,0.5660377358490566,0.9322033898305084,0.9950248756218906,0.8776595744680851,0.9939759036144579,0.0,0.0060240963855421326
2625,0.9342105263157895,0.831527629866288,0.5777777777777777,0.92,0.9968051118210862,0.8582089552238806,0.9913793103448276,0.0,0.008620689655172339
2626,0.8881578947368421,0.8239854828090123,0.5945945945945946,0.896969696969697,0.9803921568627451,0.8268156424581006,0.9801324503311258,0.0,0.01986754966887404
2627,0.8881578947368421,0.8310754339021216,0.611764705882353,0.8859060402684564,0.9955555555555555,0.8,0.9924812030075187,0.0,0.007518796992481147
2628,0.9638157894736842,0.9606619385342791,0.9219858156028369,0.96,1.0,0.9230769230769231,1.0,0.0,0.0
2629,0.930921052631579,0.9162451591272648,0.8349514563106796,0.9373134328358209,0.9764705882352941,0.8971428571428571,0.98125,0.0,0.018749999999999885
2630,0.875,0.8847516864657362,0.8442211055276382,0.8698630136986302,0.9401709401709402,0.79375,0.9621212121212122,0.0,0.037878787878787595
2631,0.7598684210526315,0.7492216854535695,0.45925925925925926,0.7884057971014493,1.0,0.6507177033492823,1.0,0.0,0.0
2632,0.9407894736842105,0.9380137843285431,0.8759124087591241,0.9451219512195121,0.993006993006993,0.8959537572254336,1.0,0.0,0.0
2633,0.9177631578947368,0.9085140137493389,0.8571428571428571,0.8847926267281107,0.9836065573770492,0.8135593220338984,0.9696969696969697,0.0,0.03030303030303
2634,0.9572368421052632,0.9442678814202731,0.896551724137931,0.9523809523809523,0.9838709677419355,0.9285714285714286,0.9774436090225563,0.0,0.02255639097744344
2635,0.9046052631578947,0.9032671378180854,0.8717948717948718,0.9123867069486404,0.9256198347107438,0.867816091954023,0.9617834394904459,0.0,0.038216560509553896
2636,0.9473684210526315,0.9471343245647477,0.9069767441860465,0.9344262295081968,1.0,0.8769230769230769,1.0,0.0,0.0
2637,0.8717105263157895,0.864003743549023,0.7647058823529411,0.865979381443299,0.9613259668508287,0.7875,0.9618320610687023,0.0,0.03816793893129742
2638,0.9473684210526315,0.9507246376811594,0.9478260869565217,0.9333333333333333,0.9710144927536232,0.896,0.9739130434782609,0.0,0.026086956521738904
2639,0.9078947368421053,0.8987384470080281,0.819672131147541,0.9135802469135802,0.9629629629629629,0.8604651162790697,0.9736842105263158,0.0,0.02631578947368404
2640,0.9078947368421053,0.9007549192467094,0.8503937007874016,0.9195402298850575,0.9323308270676691,0.8839779005524862,0.9580838323353293,0.0,0.041916167664670406
2641,0.875,0.8752525252525253,0.7840909090909091,0.8416666666666667,1.0,0.7266187050359713,1.0,0.0,0.0
2642,0.9407894736842105,0.9401671595731003,0.961038961038961,0.9108910891089109,0.9485714285714286,0.8932038834951457,0.9292929292929293,0.0,0.07070707070707
2643,0.8914473684210527,0.8970983003881003,0.8478260869565217,0.8745247148288974,0.968944099378882,0.7986111111111112,0.9663865546218487,0.0,0.03361344537815098
2644,0.9177631578947368,0.9072794226724957,0.8235294117647058,0.9221183800623053,0.9761904761904762,0.8705882352941177,0.9801324503311258,0.0,0.01986754966887404
2645,0.881578947368421,0.8492530345471522,0.6666666666666666,0.8928571428571429,0.9882352941176471,0.8152173913043478,0.9868421052631579,0.0,0.01315789473684202
2646,0.9539473684210527,0.9530901851145847,0.9398907103825137,0.9333333333333333,0.986046511627907,0.8909090909090909,0.98,0.0,0.019999999999999803
2647,1.0,1.0,1.0,1.0,1.0,1.0,1.0,0.0,0.0
2648,0.9605263157894737,0.9482479199137724,0.9213483146067416,0.9710144927536232,0.9523809523809523,0.9617224880382775,0.9804878048780488,0.0,0.019512195121951126
2649,0.8355263157894737,0.8204071127278807,0.7007299270072993,0.8015873015873016,0.958904109589041,0.696551724137931,0.9439252336448598,0.0,0.056074766355139666
2650,0.8914473684210527,0.895627639193144,0.8785046728971962,0.847926267281106,0.96045197740113,0.7666666666666667,0.9484536082474226,0.0,0.05154639175257679
2651,0.9407894736842105,0.920609183844478,0.8705882352941177,0.9134615384615384,0.9777777777777777,0.8796296296296297,0.95,0.0,0.0499999999999995
2652,0.9868421052631579,0.9863247863247864,1.0,0.9846153846153847,0.9743589743589743,0.9922480620155039,0.9770992366412213,0.0,0.022900763358778452
2653,0.8552631578947368,0.838624832394744,0.7272727272727273,0.824,0.9646017699115044,0.7304964539007093,0.944954128440367,0.0,0.055045871559632524
2654,0.8914473684210527,0.8784465948645054,0.7611940298507462,0.8791208791208791,0.9950248756218906,0.7894736842105263,0.9917355371900827,0.0,0.008264462809917288
2655,0.9243421052631579,0.9069868207257628,0.8413793103448276,0.8795811518324608,1.0,0.7850467289719626,1.0,0.0,0.0
2656,0.8848684210526315,0.8655154899406305,0.7368421052631579,0.8867313915857605,0.972972972972973,0.8106508875739645,0.9785714285714285,0.0,0.021428571428571276
2657,0.9407894736842105,0.9384146825661049,0.9147286821705426,0.9419354838709677,0.9585798816568047,0.9240506329113924,0.9605263157894737,0.0,0.03947368421052606
2658,0.9473684210526315,0.9267799943202939,0.8433734939759037,0.9585492227979274,0.9784172661870504,0.9296482412060302,0.9893048128342246,0.0,0.010695187165775345
2659,0.7763157894736842,0.7671171599885791,0.5428571428571428,0.7848101265822784,0.9736842105263158,0.656084656084656,0.9763779527559056,0.0,0.023622047244094304
2660,0.9210526315789473,0.919047619047619,0.8571428571428571,0.9,1.0,0.8181818181818182,1.0,0.0,0.0
2661,0.9671052631578947,0.9633409131212639,0.9508196721311475,0.9541284403669725,0.9850746268656716,0.9369369369369369,0.9719626168224299,0.0,0.028037383177569833
2662,0.8585526315789473,0.8612623512805001,0.7485380116959064,0.8352490421455939,1.0,0.7171052631578947,1.0,0.0,0.0
2663,0.9144736842105263,0.8896602591529161,0.7755102040816326,0.9121621621621622,0.9813084112149533,0.8490566037735849,0.9854014598540146,0.0,0.014598540145985295
2664,0.8782894736842105,0.8525611702398015,0.6942148760330579,0.8634686346863468,1.0,0.7597402597402597,1.0,0.0,0.0
2665,0.9375,0.9370797246427868,0.9219858156028369,0.9347079037800687,0.9545454545454546,0.912751677852349,0.9577464788732394,0.0,0.042253521126760264
2666,0.9177631578947368,0.8998507390822862,0.782608695652174,0.9169435215946844,1.0,0.8466257668711656,1.0,0.0,0.0
2667,0.9144736842105263,0.8871241335188088,0.7755102040816326,0.9022556390977443,0.9836065573770492,0.8391608391608392,0.975609756097561,0.0,0.024390243902438827
2668,0.868421052631579,0.8462224349875841,0.7464788732394366,0.8076923076923077,0.9844961240310077,0.6942148760330579,0.9655172413793104,0.0,0.03448275862068926
2669,0.9144736842105263,0.9081106422878574,0.8354430379746836,0.8888888888888888,1.0,0.8,1.0,0.0,0.0
2670,0.9177631578947368,0.888630767490625,0.7252747252747253,0.9406175771971497,1.0,0.8878923766816144,1.0,0.0,0.0
2671,0.868421052631579,0.8561507936507936,0.6875,0.8809523809523809,1.0,0.7872340425531915,1.0,0.0,0.0
2672,0.8585526315789473,0.8535005888346366,0.7851851851851852,0.8617363344051447,0.9135802469135802,0.8072289156626506,0.9241379310344827,0.0,0.07586206896551673
2673,0.8881578947368421,0.8822576174395627,0.7737226277372263,0.8924050632911392,0.9806451612903225,0.8197674418604651,0.9791666666666666,0.0,0.02083333333333319
2674,0.8618421052631579,0.8583754208754208,0.7777777777777778,0.8541666666666666,0.9431818181818182,0.7834394904458599,0.9389312977099237,0.0,0.061068702290075876
2675,0.9177631578947368,0.9030291170963954,0.8073394495412844,0.9287749287749287,0.972972972972973,0.8858695652173914,0.9760479041916168,0.0,0.02395209580838309
2676,0.8717105263157895,0.8435485055445399,0.7333333333333333,0.8235294117647058,0.9737827715355806,0.7222222222222222,0.9578947368421052,0.0,0.0421052631578943
2677,0.9342105263157895,0.936771090836126,0.9245283018867925,0.908256880733945,0.9775280898876404,0.853448275862069,0.9705882352941176,0.0,0.029411764705882065
2678,0.8848684210526315,0.8864976799310759,0.7926829268292683,0.8727272727272727,0.9940828402366864,0.7792207792207793,0.9917355371900827,0.0,0.008264462809917288
2679,0.9078947368421053,0.8792577177394486,0.819672131147541,0.8372093023255814,0.9808917197452229,0.75,0.9473684210526315,0.0,0.05263157894736773
2680,0.9243421052631579,0.9145438941895098,0.8516129032258064,0.892018779342723,1.0,0.8050847457627118,1.0,0.0,0.0
2681,0.9638157894736842,0.9540904621908717,0.9459459459459459,0.9732360097323601,0.943089430894309,0.975609756097561,0.970873786407767,0.0,0.02912621359223287
2682,0.9375,0.9195167547357387,0.8256880733944955,0.9328621908127208,1.0,0.8741721854304636,1.0,0.0,0.0
2683,0.8585526315789473,0.8445911034397175,0.6825396825396826,0.8716417910447761,0.9795918367346939,0.7849462365591398,0.9798657718120806,0.0,0.02013422818791933
2684,0.7960526315789473,0.819058719058719,0.7307692307692307,0.8121212121212121,0.9142857142857143,0.7015706806282722,0.9640287769784173,0.0,0.035971223021582475
2685,0.930921052631579,0.9303346692383802,0.9172932330827067,0.9247311827956989,0.9489795918367347,0.9020979020979021,0.9485294117647058,0.0,0.05147058823529374
2686,0.9144736842105263,0.8884210394989646,0.75,0.9289617486338798,0.9863013698630136,0.8762886597938144,0.9883720930232558,0.0,0.011627906976744118
2687,0.9638157894736842,0.9435294117647058,0.8705882352941177,0.96,1.0,0.9230769230769231,1.0,0.0,0.0
2688,0.9407894736842105,0.9408914728682171,0.9204545454545454,0.9476744186046512,0.9545454545454546,0.9157303370786517,0.9819277108433735,0.0,0.018072289156626398
2689,0.8157894736842105,0.8271670931962173,0.7570093457943925,0.7477477477477478,0.9767441860465116,0.6102941176470589,0.9651162790697675,0.0,0.034883720930232155
2690,0.8914473684210527,0.8845842575788129,0.8160919540229885,0.8421052631578947,0.9955555555555555,0.7333333333333333,0.9887640449438202,0.0,0.01123595505617965
2691,0.9572368421052632,0.9382323410795318,0.8732394366197183,0.9629629629629629,0.978494623655914,0.9441340782122905,0.9825581395348837,0.0,0.017441860465116178
2692,0.9013157894736842,0.8593893559896474,0.6896551724137931,0.9025974025974026,0.9859154929577465,0.8323353293413174,0.9858156028368794,0.0,0.014184397163120468
2693,0.8552631578947368,0.8496562202197705,0.7544910179640718,0.808695652173913,0.985781990521327,0.6888888888888889,0.9789473684210527,0.0,0.02105263157894715
2694,0.9868421052631579,0.9849303849303849,0.972972972972973,0.9818181818181818,1.0,0.9642857142857143,1.0,0.0,0.0
2695,0.9013157894736842,0.8761725064718374,0.7764705882352941,0.9096385542168675,0.9424083769633508,0.8728323699421965,0.949685534591195,0.0,0.050314465408804715
2696,0.9671052631578947,0.9668195358336203,0.9621621621621622,0.9523809523809523,0.9859154929577465,0.9259259259259259,0.9803921568627451,0.0,0.01960784313725471
2697,0.930921052631579,0.9170290205172802,0.8396946564885496,0.9113924050632911,1.0,0.8372093023255814,1.0,0.0,0.0
2698,0.9407894736842105,0.9093338760005426,0.8131868131868132,0.9181818181818182,0.9966329966329966,0.8559322033898306,0.9901960784313726,0.0,0.009803921568627355
2699,0.8585526315789473,0.8398306878306879,0.656,0.8634920634920635,1.0,0.7597765363128491,1.0,0.0,0.0
2700,0.9111842105263158,0.9191703413702305,0.8730964467005076,0.8981132075471698,0.9863013698630136,0.8263888888888888,0.9834710743801653,0.0,0.016528925619834576
2701,0.9407894736842105,0.9512659432705121,0.912621359223301,0.9411764705882353,1.0,0.8888888888888888,1.0,0.0,0.0
2702,0.8848684210526315,0.8758867809227522,0.7913669064748201,0.8648648648648649,0.9714285714285714,0.7887323943661971,0.9572649572649573,0.0,0.042735042735042375
2703,0.9868421052631579,0.9897840724402136,1.0,0.9863013698630136,0.9830508474576272,0.993103448275862,0.9795918367346939,0.0,0.020408163265305986
2704,0.8651315789473685,0.8423530148313257,0.7096774193548387,0.8392156862745098,0.9781659388646288,0.7430555555555556,0.963963963963964,0.0,0.03603603603603572
2705,0.9111842105263158,0.8781356087714469,0.8,0.8439306358381503,0.9904761904761905,0.7448979591836735,0.9733333333333334,0.0,0.026666666666666314
2706,0.9177631578947368,0.8972877109450024,0.7924528301886793,0.9134948096885813,0.9859154929577465,0.8516129032258064,0.9850746268656716,0.0,0.014925373134328247
2707,0.8782894736842105,0.8770945099105757,0.8243243243243243,0.8817891373801917,0.9251700680272109,0.8263473053892215,0.9452054794520548,0.0,0.054794520547944835
2708,0.8388157894736842,0.7615315608723646,0.47368421052631576,0.8611898016997167,0.9497206703910615,0.7835051546391752,0.9559748427672956,0.0,0.04402515723270413
2709,0.9605263157894737,0.9593984962406016,0.9210526315789473,0.9571428571428572,1.0,0.9178082191780822,1.0,0.0,0.0
2710,0.8914473684210527,0.8734694794545169,0.7027027027027027,0.9177057356608479,1.0,0.847926267281106,1.0,0.0,0.0
2711,0.8421052631578947,0.8383476577733365,0.7284768211920529,0.8248175182481752,0.9617486338797814,0.7290322580645161,0.9495798319327731,0.0,0.05042016806722647
2712,0.9375,0.9048604458069872,0.7764705882352941,0.9381107491856677,1.0,0.8834355828220859,1.0,0.0,0.0
2713,0.9210526315789473,0.9245738376950127,0.8914285714285715,0.9210526315789473,0.9612403100775194,0.8695652173913043,0.9790209790209791,0.0,0.020979020979020834
2714,0.8289473684210527,0.7872449990097049,0.5294117647058824,0.8686868686868687,0.9636363636363636,0.7782805429864253,0.9828571428571429,0.0,0.017142857142857047
2715,0.9473684210526315,0.9469702388094814,0.9479768786127167,0.948051948051948,0.9448818897637795,0.9358974358974359,0.9605263157894737,0.0,0.03947368421052606
2716,0.9375,0.9328166660342556,0.9044585987261147,0.9107981220657277,0.9831932773109243,0.8584070796460177,0.97,0.0,0.0299999999999997
2717,0.8947368421052632,0.9012943884674893,0.8909090909090909,0.8677685950413223,0.9452054794520548,0.8015267175572519,0.9459459459459459,0.0,0.05405405405405357
2718,0.8980263157894737,0.8949266956730145,0.8489208633093526,0.9034267912772586,0.9324324324324325,0.8630952380952381,0.9477124183006536,0.0,0.05228758169934607
2719,0.8486842105263158,0.8056898280627095,0.56,0.8700564971751412,0.987012987012987,0.7777777777777778,0.9871794871794872,0.0,0.012820512820512739
2720,0.9111842105263158,0.8129870129870129,0.509090909090909,0.9298701298701298,1.0,0.8689320388349514,1.0,0.0,0.0
2721,0.8651315789473685,0.8626892675475671,0.7368421052631579,0.8571428571428571,0.9940828402366864,0.754601226993865,0.9919354838709677,0.0,0.008064516129032194
2722,0.9276315789473685,0.9041365497862673,0.8148148148148148,0.9371428571428572,0.96045197740113,0.9060773480662984,0.9704142011834319,0.0,0.029585798816567872
2723,0.8848684210526315,0.8001016508488824,0.5352112676056338,0.8727272727272727,0.9923664122137404,0.7792207792207793,0.9917355371900827,0.0,0.008264462809917288
2724,0.930921052631579,0.9150565709312445,0.8,0.9451697127937336,1.0,0.8960396039603961,1.0,0.0,0.0
2725,0.9342105263157895,0.9071827583377199,0.8169014084507042,0.9354838709677419,0.9691629955947136,0.90625,0.9666666666666667,0.0,0.03333333333333311
2726,0.9506578947368421,0.9314604502889021,0.8571428571428571,0.9372384937238494,1.0,0.8818897637795275,1.0,0.0,0.0
2727,0.9375,0.868641778309675,0.7027027027027027,0.9298892988929889,0.9733333333333334,0.9064748201438849,0.9545454545454546,0.0,0.04545454545454511
2728,0.8914473684210527,0.8650268412531599,0.6972477064220184,0.8978328173374613,1.0,0.8146067415730337,1.0,0.0,0.0
2729,0.8585526315789473,0.8664842766074359,0.782608695652174,0.8352490421455939,0.9815950920245399,0.7266666666666667,0.9819819819819819,0.0,0.01801801801801786
2730,0.868421052631579,0.8341811171907277,0.6935483870967742,0.8165137614678899,0.9924812030075187,0.7007874015748031,0.978021978021978,0.0,0.021978021978021737
2731,0.9605263157894737,0.9686562595653506,1.0,0.9555555555555556,0.9504132231404959,0.9772727272727273,0.9347826086956522,0.0,0.06521739130434735
2732,0.8388157894736842,0.7969793892737161,0.5544554455445545,0.8635097493036211,0.972972972972973,0.775,0.9748427672955975,0.0,0.025157232704402357
2733,0.8651315789473685,0.8513060697566791,0.7727272727272727,0.7853403141361257,0.995850622406639,0.6521739130434783,0.9868421052631579,0.0,0.013157894736841933
2734,0.9177631578947368,0.9141465837272738,0.8531468531468531,0.9110320284697508,0.9782608695652174,0.8533333333333334,0.9770992366412213,0.0,0.022900763358778452
2735,0.7368421052631579,0.7528762498376834,0.5529411764705883,0.7350993377483444,0.9705882352941176,0.5904255319148937,0.9736842105263158,0.0,0.02631578947368398
2736,0.8453947368421053,0.8344918451301431,0.723404255319149,0.8185328185328186,0.9615384615384616,0.7210884353741497,0.9464285714285714,0.0,0.0535714285714281
2737,0.8782894736842105,0.8679476649576436,0.7769784172661871,0.8549019607843137,0.9719626168224299,0.7730496453900709,0.956140350877193,0.0,0.043859649122806633
2738,0.868421052631579,0.8738126346182207,0.8047337278106509,0.8709677419354839,0.9457364341085271,0.7941176470588235,0.9642857142857143,0.0,0.03571428571428546
2739,0.930921052631579,0.9282379920208589,0.9007633587786259,0.9333333333333333,0.9506172839506173,0.9074074074074074,0.9607843137254902,0.0,0.03921568627450955
2740,0.9605263157894737,0.9596613789963931,0.95,0.9640718562874252,0.9649122807017544,0.9470588235294117,0.9817073170731707,0.0,0.018292682926829156
2741,0.8125,0.793423346234526,0.6951871657754011,0.6850828729281768,1.0,0.5210084033613446,1.0,0.0,0.0
2742,0.9835526315789473,0.986248757822362,1.0,0.9841269841269841,0.9746192893401016,0.9935897435897436,0.9748427672955975,0.0,0.025157232704402357
2743,0.9473684210526315,0.9463466470486058,0.9411764705882353,0.9473684210526315,0.9504950495049505,0.9473684210526315,0.9473684210526315,0.0,0.05263157894736808
2744,0.868421052631579,0.859915091381502,0.8085106382978723,0.8260869565217391,0.9451476793248945,0.753968253968254,0.9134615384615384,0.0,0.08653846153846072
2745,0.9473684210526315,0.9431397784338961,0.9215686274509803,0.9459459459459459,0.9619047619047619,0.9333333333333333,0.958904109589041,0.0,0.041095890410958624
2746,0.8453947368421053,0.8144799429205644,0.6386554621848739,0.8226415094339623,0.9821428571428571,0.7124183006535948,0.9732142857142857,0.0,0.02678571428571405
2747,0.8453947368421053,0.8631018974661586,0.7731958762886598,0.8417508417508418,0.9743589743589743,0.7352941176470589,0.984251968503937,0.0,0.01574803149606287
2748,0.930921052631579,0.9329169711868536,0.896551724137931,0.9195402298850575,0.9826589595375722,0.8571428571428571,0.9917355371900827,0.0,0.008264462809917288
2749,0.9539473684210527,0.9548854948812737,0.9565217391304348,0.946969696969697,0.9611650485436893,0.9398496240601504,0.9541984732824428,0.0,0.045801526717556905
2750,0.8585526315789473,0.8508419630815878,0.7518796992481203,0.8700906344410876,0.9305555555555556,0.8044692737430168,0.9473684210526315,0.0,0.05263157894736808
2751,0.868421052631579,0.8438647244920402,0.8421052631578947,0.7058823529411765,0.9836065573770492,0.5647058823529412,0.9411764705882353,0.0,0.05882352941176355
2752,0.9177631578947368,0.9005929582659516,0.8,0.9340369393139841,0.967741935483871,0.8894472361809045,0.9833333333333333,0.0,0.016666666666666576
2753,0.8914473684210527,0.8844179187597146,0.7913669064748201,0.8833922261484098,0.978494623655914,0.8064516129032258,0.9765625,0.0,0.02343749999999982
2754,0.8947368421052632,0.8492753623188406,0.6956521739130435,0.8666666666666667,0.9855072463768116,0.7878787878787878,0.9629629629629629,0.0,0.037037037037036695
2755,0.9835526315789473,0.9765250701580289,1.0,0.9857549857549858,0.9438202247191011,0.9942528735632183,0.9774011299435028,0.0,0.022598870056497047
2756,0.9835526315789473,0.9841946935553221,0.9863013698630136,0.9809885931558935,0.9852941176470589,0.9847328244274809,0.9772727272727273,0.0,0.022727272727272554
2757,0.9835526315789473,0.9799701478164572,0.9565217391304348,0.9833887043189369,1.0,0.9673202614379085,1.0,0.0,0.0
2758,0.8914473684210527,0.905170791782837,0.8176795580110497,0.8978328173374613,1.0,0.8146067415730337,1.0,0.0,0.0
2759,0.8092105263157895,0.7978049721413177,0.647887323943662,0.7867647058823529,0.9587628865979382,0.6729559748427673,0.9469026548672567,0.0,0.0530973451327429
2760,0.8782894736842105,0.8736918661644063,0.7972027972027972,0.8664259927797834,0.9574468085106383,0.7947019867549668,0.9523809523809523,0.0,0.04761904761904724
2761,0.8782894736842105,0.8684753947776267,0.7769784172661871,0.9053708439897699,0.9230769230769231,0.84688995215311,0.9725274725274725,0.0,0.027472527472527323
2762,0.9342105263157895,0.8655202821869489,0.6428571428571429,0.9537037037037037,1.0,0.911504424778761,1.0,0.0,0.0
2763,0.7894736842105263,0.7886853886853887,0.7692307692307693,0.6190476190476191,0.9777777777777777,0.46017699115044247,0.9454545454545454,0.0,0.05454545454545355
2764,0.881578947368421,0.8972807791908716,0.839622641509434,0.8686131386861314,0.9836065573770492,0.7777777777777778,0.9834710743801653,0.0,0.016528925619834576
2765,0.9276315789473685,0.8291309610235261,0.5531914893617021,0.9392265193370166,0.9949748743718593,0.8854166666666666,1.0,0.0,0.0
2766,0.930921052631579,0.9308817518056295,0.8805031446540881,0.9236363636363636,0.9885057471264368,0.8639455782312925,0.9921875,0.0,0.007812499999999939
2767,0.8914473684210527,0.8478977135626454,0.7027027027027027,0.9138381201044387,0.9271523178807947,0.8793969849246231,0.9510869565217391,0.0,0.04891304347826061
2768,0.8519736842105263,0.8641235382542999,0.7513812154696132,0.8409893992932862,1.0,0.725609756097561,1.0,0.0,0.0
2769,0.8519736842105263,0.8389882427348975,0.6917293233082706,0.847457627118644,0.9777777777777777,0.7485029940119761,0.9765625,0.0,0.02343749999999982
2770,0.9078947368421053,0.9047731445056386,0.8516129032258064,0.8870967741935484,0.975609756097561,0.8148148148148148,0.9734513274336283,0.0,0.02654867256637145
2771,0.8914473684210527,0.8489720610329529,0.7027027027027027,0.9100817438692098,0.9341317365269461,0.8697916666666666,0.9542857142857143,0.0,0.04571428571428546
2772,0.8486842105263158,0.8335781983694869,0.6666666666666666,0.8866995073891626,0.9473684210526315,0.8071748878923767,0.9836065573770492,0.0,0.01639344262295073
2773,0.8519736842105263,0.8242937018153157,0.6666666666666666,0.8703170028818443,0.9358974358974359,0.8031914893617021,0.949685534591195,0.0,0.050314465408804715
2774,0.9177631578947368,0.9271647584900596,0.8888888888888888,0.8995983935742972,0.993006993006993,0.8175182481751825,1.0,0.0,0.0
2775,0.868421052631579,0.8125286334114857,0.5714285714285714,0.8924731182795699,0.9736842105263158,0.8177339901477833,0.9822485207100592,0.0,0.017751479289940725
2776,0.9407894736842105,0.930668079761344,0.875,0.9533678756476683,0.9636363636363636,0.9246231155778895,0.983957219251337,0.0,0.016042780748663017
2777,0.9013157894736842,0.8996110468096052,0.8299319727891157,0.9147727272727273,0.9541284403669725,0.8609625668449198,0.9757575757575757,0.0,0.024242424242424097
2778,0.8947368421052632,0.9070780399274048,0.8315789473684211,0.8896551724137931,1.0,0.8012422360248447,1.0,0.0,0.0
2779,0.9144736842105263,0.9117646208687145,0.8493150684931506,0.9084507042253521,0.9775280898876404,0.8486842105263158,0.9772727272727273,0.0,0.022727272727272554
2780,0.8848684210526315,0.8863074276686378,0.7852760736196319,0.8736462093862816,1.0,0.7756410256410257,1.0,0.0,0.0
2781,0.8618421052631579,0.76923778380052,0.4411764705882353,0.8955223880597015,0.9710144927536232,0.821917808219178,0.9836065573770492,0.0,0.01639344262295073
2782,0.8782894736842105,0.87756137985499,0.7924528301886793,0.862453531598513,0.9777777777777777,0.7733333333333333,0.9747899159663865,0.0,0.025210084033613234
2783,0.9375,0.923861328275947,0.8672566371681416,0.919831223628692,0.9844961240310077,0.872,0.9732142857142857,0.0,0.02678571428571405
2784,0.9638157894736842,0.9465341066003866,0.8705882352941177,0.9690140845070423,1.0,0.9398907103825137,1.0,0.0,0.0
2785,0.9144736842105263,0.9173849924083003,0.8901734104046243,0.9071428571428571,0.9548387096774194,0.8581081081081081,0.9621212121212122,0.0,0.037878787878787595
2786,0.9671052631578947,0.9675161432311875,0.9655172413793104,0.9664429530201343,0.9705882352941176,0.9536423841059603,0.9795918367346939,0.0,0.020408163265305986
2787,0.9769736842105263,0.9766060849066386,0.9803921568627451,0.9651741293532339,0.984251968503937,0.9603960396039604,0.97,0.0,0.0299999999999997
2788,0.9473684210526315,0.8780283386121125,0.7027027027027027,0.9532163742690059,0.9781659388646288,0.9261363636363636,0.9819277108433735,0.0,0.018072289156626398
2789,0.868421052631579,0.8811627609168907,0.7894736842105263,0.8540145985401459,1.0,0.7452229299363057,1.0,0.0,0.0
2790,0.9243421052631579,0.903298270636477,0.8,0.9352112676056338,0.9746835443037974,0.8924731182795699,0.9822485207100592,0.0,0.017751479289940725
2791,0.8157894736842105,0.7780474635938021,0.5321100917431193,0.8323353293413174,0.9696969696969697,0.7239583333333334,0.9788732394366197,0.0,0.021126760563380132
2792,0.8585526315789473,0.865292809042809,0.7636363636363637,0.8634920634920635,0.96875,0.7727272727272727,0.9784172661870504,0.0,0.021582733812949485
2793,0.9473684210526315,0.9445612417025281,0.9102564102564102,0.9327731092436975,0.9906542056074766,0.8809523809523809,0.9910714285714286,0.0,0.00892857142857135
2794,0.9144736842105263,0.8887347419449309,0.7722772277227723,0.9071428571428571,0.986784140969163,0.8466666666666667,0.9769230769230769,0.0,0.0230769230769229
2795,0.9177631578947368,0.9049392400315884,0.8888888888888888,0.9340369393139841,0.8918918918918919,0.9365079365079365,0.9315789473684211,0.0,0.06842105263157859
2796,0.875,0.8321733145049192,0.651685393258427,0.8789808917197452,0.9658536585365853,0.8070175438596491,0.965034965034965,0.0,0.034965034965034725
2797,0.9473684210526315,0.9412320611967774,0.905982905982906,0.9553072625698324,0.9624060150375939,0.9293478260869565,0.9827586206896551,0.0,0.01724137931034473
2798,0.881578947368421,0.8835465894586095,0.8072289156626506,0.8666666666666667,0.9767441860465116,0.78,0.975,0.0,0.024999999999999793
2799,0.8552631578947368,0.8578465521656661,0.7577639751552795,0.8472222222222222,0.9685534591194969,0.7484662576687117,0.976,0.0,0.02399999999999981
2800,0.7697368421052632,0.7925566560013922,0.7255813953488373,0.7445255474452555,0.907563025210084,0.6219512195121951,0.9272727272727272,0.0,0.07272727272727207
2801,0.8618421052631579,0.8545839957604664,0.8108108108108109,0.7529411764705882,1.0,0.6037735849056604,1.0,0.0,0.0
2802,0.9473684210526315,0.9420919197629204,0.9090909090909091,0.9344262295081968,0.9827586206896551,0.8976377952755905,0.9743589743589743,0.0,0.02564102564102542
2803,0.9177631578947368,0.922272258868967,0.8700564971751412,0.9097472924187726,0.987012987012987,0.8456375838926175,0.984375,0.0,0.015624999999999879
2804,0.8947368421052632,0.8981661091357921,0.8363636363636363,0.8926174496644296,0.9655172413793104,0.8209876543209876,0.9779411764705882,0.0,0.022058823529411603
2805,0.8585526315789473,0.8535169558298596,0.7532467532467533,0.8326848249027238,0.9746192893401016,0.7278911564625851,0.9727272727272728,0.0,0.027272727272727025
2806,0.9276315789473685,0.9111840378811453,0.8155339805825242,0.9424083769633508,0.975609756097561,0.9045226130653267,0.9836065573770492,0.0,0.01639344262295073
2807,0.9572368421052632,0.941574020521389,0.8923076923076924,0.9587301587301588,0.9736842105263158,0.94375,0.9741935483870968,0.0,0.02580645161290306
2808,0.8914473684210527,0.8471734892787524,0.6526315789473685,0.8888888888888888,1.0,0.8,1.0,0.0,0.0
2809,0.8980263157894737,0.8871784104588337,0.8333333333333334,0.8734693877551021,0.9547325102880658,0.8294573643410853,0.9224137931034483,0.0,0.07758620689655106
2810,1.0,1.0,1.0,1.0,1.0,1.0,1.0,0.0,0.0
2811,0.8881578947368421,0.8598566308243728,0.7166666666666667,0.8629032258064516,1.0,0.7588652482269503,1.0,0.0,0.0
2812,0.944078947368421,0.9413556846708427,0.9139784946236559,0.914572864321608,0.9955156950672646,0.8425925925925926,1.0,0.0,0.0
2813,0.9375,0.9410524132799014,0.918918918918919,0.909952606635071,0.9942857142857143,0.8347826086956521,1.0,0.0,0.0
2814,0.9078947368421053,0.852508829618804,0.6571428571428571,0.9239130434782609,0.9764705882352941,0.8717948717948718,0.9826589595375722,0.0,0.017341040462427647
2815,0.8651315789473685,0.827485937962567,0.6285714285714286,0.8637873754152824,0.9900990099009901,0.7692307692307693,0.9848484848484849,0.0,0.015151515151515037
2816,0.8421052631578947,0.8365537032506593,0.6901408450704225,0.8451612903225807,0.9743589743589743,0.7443181818181818,0.9776119402985075,0.0,0.02238805970149237
2817,0.8651315789473685,0.8553902824768272,0.8,0.8038277511961722,0.9623430962343096,0.7058823529411765,0.9333333333333333,0.0,0.06666666666666593
2818,0.9177631578947368,0.9182713761027014,0.891566265060241,0.9230769230769231,0.9401709401709402,0.8875739644970414,0.9615384615384616,0.0,0.038461538461538214
2819,0.8848684210526315,0.8383086384357248,0.6511627906976745,0.887459807073955,0.976303317535545,0.8117647058823529,0.9787234042553191,0.0,0.0212765957446807
2820,0.9375,0.8999255914344948,0.7733333333333333,0.9347079037800687,0.9917355371900827,0.8888888888888888,0.9855072463768116,0.0,0.014492753623188302
2821,0.9506578947368421,0.9327231331257276,0.8705882352941177,0.9429657794676806,0.9846153846153847,0.9117647058823529,0.9763779527559056,0.0,0.023622047244094304
2822,0.9375,0.8894737674080396,0.7323943661971831,0.936026936026936,1.0,0.879746835443038,1.0,0.0,0.0
2823,0.8914473684210527,0.8846212280046064,0.8104575163398693,0.8619246861924686,0.9814814814814815,0.7744360902255639,0.9716981132075472,0.0,0.028301886792452564
2824,0.9078947368421053,0.9065518201634353,0.8571428571428571,0.903448275862069,0.9590643274853801,0.8506493506493507,0.9632352941176471,0.0,0.03676470588235267
2825,0.9572368421052632,0.9543258673693457,0.9192546583850931,0.9437229437229437,1.0,0.8934426229508197,1.0,0.0,0.0
2826,0.9342105263157895,0.9262620862188103,0.8846153846153846,0.9337748344370861,0.9603960396039604,0.9096774193548387,0.9591836734693877,0.0,0.04081632653061197
2827,0.9013157894736842,0.8645833333333334,0.6875,0.90625,1.0,0.8285714285714286,1.0,0.0,0.0
2828,0.8519736842105263,0.8314912407935663,0.7027027027027027,0.8615384615384616,0.9302325581395349,0.7954545454545454,0.9395973154362416,0.0,0.06040268456375798
2829,0.868421052631579,0.7944838242269614,0.5205479452054794,0.900497512437811,0.9624060150375939,0.8341013824884793,0.9783783783783784,0.0,0.021621621621621505
2830,0.8388157894736842,0.8007359966122852,0.6153846153846154,0.8796068796068796,0.9072164948453608,0.8063063063063063,0.9675675675675676,0.0,0.03243243243243226
2831,0.8914473684210527,0.904058346961409,0.8405797101449275,0.8715953307392996,1.0,0.7724137931034483,1.0,0.0,0.0
2832,0.9703947368421053,0.976388705343377,1.0,0.9726443768996961,0.9565217391304348,0.9876543209876543,0.9580838323353293,0.0,0.041916167664670406
2833,0.9473684210526315,0.9394155679971105,0.9026548672566371,0.936,0.9795918367346939,0.9069767441860465,0.9669421487603306,0.0,0.03305785123966915
2834,0.756578947368421,0.7668530017329704,0.6666666666666666,0.672566371681416,0.9613259668508287,0.5241379310344828,0.9382716049382716,0.0,0.061728395061727635
2835,0.868421052631579,0.8617322425659005,0.7647058823529411,0.8675496688741722,0.9529411764705882,0.793939393939394,0.9562043795620438,0.0,0.04379562043795589
2836,0.9407894736842105,0.9244505494505494,0.8269230769230769,0.9464285714285714,1.0,0.8983050847457628,1.0,0.0,0.0
2837,0.8848684210526315,0.8947917364133836,0.8272251308900523,0.8708487084870848,0.9863013698630136,0.7814569536423841,0.9833333333333333,0.0,0.016666666666666528
2838,0.9473684210526315,0.9562724014336917,0.9354838709677419,0.9333333333333333,1.0,0.875,1.0,0.0,0.0
2839,0.9671052631578947,0.9520661869102162,0.967741935483871,0.9770642201834863,0.9113924050632911,0.9815668202764977,0.9726027397260274,0.0,0.02739726027397248
2840,0.9506578947368421,0.9433799183475443,0.9056603773584906,0.9477351916376306,0.9767441860465116,0.918918918918919,0.9784172661870504,0.0,0.021582733812949485
2841,0.881578947368421,0.8548370951596759,0.8324324324324325,0.75,0.982078853046595,0.627906976744186,0.9310344827586207,0.0,0.06896551724137812
2842,0.8421052631578947,0.8445372666753688,0.8085106382978723,0.852760736196319,0.8723404255319149,0.7808988764044944,0.9391891891891891,0.0,0.060810810810810405
2843,0.9342105263157895,0.9332196162046907,0.9142857142857143,0.9253731343283582,0.96,0.8985507246376812,0.9538461538461539,0.0,0.0461538461538458
2844,0.8223684210526315,0.8108410106130032,0.7516778523489933,0.8491620111731844,0.8316831683168316,0.7958115183246073,0.9101796407185628,0.0,0.08982035928143658
2845,0.7828947368421053,0.7795525986510818,0.5714285714285714,0.7870967741935484,0.9801324503311258,0.6559139784946236,0.9838709677419355,0.0,0.016129032258064387
2846,0.9342105263157895,0.920401923555565,0.8468468468468469,0.9280575539568345,0.9863013698630136,0.8835616438356164,0.9772727272727273,0.0,0.022727272727272554
2847,0.8322368421052632,0.8283462940538886,0.6993006993006993,0.8513119533527697,0.9344262295081968,0.7643979057591623,0.9605263157894737,0.0,0.03947368421052606
2848,0.8782894736842105,0.8281034650425155,0.611764705882353,0.8969359331476323,0.975609756097561,0.8256410256410256,0.9817073170731707,0.0,0.018292682926829156
2849,0.8092105263157895,0.8534007352941176,0.7734375,0.7867647058823529,1.0,0.6484848484848484,1.0,0.0,0.0
2850,0.9539473684210527,0.9478777699320887,0.9497206703910615,0.9125,0.9814126394052045,0.8690476190476191,0.9605263157894737,0.0,0.0394736842105258
2851,0.930921052631579,0.9245456810608488,0.8869565217391304,0.9373134328358209,0.9493670886075949,0.9127906976744186,0.9631901840490797,0.0,0.03680981595092002
2852,0.8388157894736842,0.830639292666509,0.75,0.8136882129277566,0.9282296650717703,0.7379310344827587,0.9067796610169492,0.0,0.09322033898305006
2853,0.9144736842105263,0.8960790479713898,0.7924528301886793,0.935,0.9607843137254902,0.8904761904761904,0.9842105263157894,0.0,0.015789473684210444
2854,0.9572368421052632,0.9331323125245387,0.8533333333333334,0.9540636042402827,0.992,0.9246575342465754,0.9854014598540146,0.0,0.014598540145985295
2855,0.8157894736842105,0.7813813813813814,0.5333333333333333,0.8108108108108109,1.0,0.6818181818181818,1.0,0.0,0.0
2856,0.9046052631578947,0.8944108499765772,0.8396946564885496,0.8765957446808511,0.9669421487603306,0.8174603174603174,0.944954128440367,0.0,0.055045871559632524
2857,0.9177631578947368,0.9077035757558941,0.8292682926829268,0.9146757679180887,0.9791666666666666,0.8589743589743589,0.9781021897810219,0.0,0.021897810218977944
2858,0.9243421052631579,0.9204748926111156,0.8654970760233918,0.8959276018099548,1.0,0.8114754098360656,1.0,0.0,0.0
2859,0.8585526315789473,0.8094182825484765,0.5473684210526316,0.8808864265927978,1.0,0.7871287128712872,1.0,0.0,0.0
2860,0.9013157894736842,0.8838591281319501,0.8059701492537313,0.8611111111111112,0.9844961240310077,0.775,0.96875,0.0,0.031249999999999677
2861,0.9506578947368421,0.9332934069884127,0.8787878787878788,0.956268221574344,0.964824120603015,0.9425287356321839,0.9704142011834319,0.0,0.029585798816567872
2862,0.9276315789473685,0.9208507010231148,0.8793103448275862,0.9345238095238095,0.9487179487179487,0.9075144508670521,0.9631901840490797,0.0,0.03680981595092002
2863,0.8914473684210527,0.850357324955489,0.7105263157894737,0.8858131487889274,0.9547325102880658,0.8366013071895425,0.9411764705882353,0.0,0.058823529411764275
2864,0.8453947368421053,0.8333707743391169,0.7821229050279329,0.7513227513227513,0.9666666666666667,0.6339285714285714,0.922077922077922,0.0,0.07792207792207692
2865,0.8421052631578947,0.7873626373626373,0.5833333333333334,0.8095238095238095,0.9692307692307692,0.7083333333333334,0.9444444444444444,0.0,0.055555555555555046
2866,0.9342105263157895,0.9301815793043863,0.8947368421052632,0.9470899470899471,0.9487179487179487,0.9132653061224489,0.9835164835164835,0.0,0.016483516483516394
2867,0.9276315789473685,0.9283291943710111,0.8493150684931506,0.935672514619883,1.0,0.8791208791208791,1.0,0.0,0.0
2868,0.9210526315789473,0.9207954496196815,0.8609271523178808,0.9344262295081968,0.967032967032967,0.8860103626943006,0.9884393063583815,0.0,0.01156069364161843
2869,0.8947368421052632,0.8976425037165235,0.8313253012048193,0.9116022099447514,0.95,0.8505154639175257,0.9821428571428571,0.0,0.017857142857142752
2870,0.8914473684210527,0.8757955241709755,0.8131868131868132,0.8808664259927798,0.9333333333333333,0.8531468531468531,0.9104477611940298,0.0,0.08955223880596948
2871,0.7335526315789473,0.7090909090909091,0.4,0.7272727272727273,1.0,0.5714285714285714,1.0,0.0,0.0
2872,0.9769736842105263,0.9674594794705543,0.9411764705882353,0.9785932721712538,0.9826086956521739,0.975609756097561,0.9815950920245399,0.0,0.01840490797546001
2873,0.9868421052631579,0.9865546218487395,1.0,0.9882352941176471,0.9714285714285714,0.9940828402366864,0.9824561403508771,0.0,0.017543859649122705
2874,0.8980263157894737,0.8033018038133127,0.5882352941176471,0.8502415458937198,0.9714285714285714,0.7857142857142857,0.9263157894736842,0.0,0.07368421052631502
2875,0.9539473684210527,0.9510576844240264,0.9007633587786259,0.9606741573033708,0.9917355371900827,0.9293478260869565,0.9941860465116279,0.0,0.005813953488372059
2876,0.9703947368421053,0.9688734753160523,0.9629629629629629,0.963265306122449,0.9803921568627451,0.959349593495935,0.9672131147540983,0.0,0.03278688524590137
2877,0.8881578947368421,0.8804358841377994,0.8148148148148148,0.8440366972477065,0.9824561403508771,0.7479674796747967,0.968421052631579,0.0,0.03157894736842072
2878,0.8980263157894737,0.8979230826833708,0.9237668161434978,0.8793774319066148,0.890625,0.8432835820895522,0.9186991869918699,0.0,0.08130081300812943
2879,0.9276315789473685,0.9303491389478652,0.8928571428571429,0.9299363057324841,0.9682539682539683,0.8848484848484849,0.9798657718120806,0.0,0.02013422818791933
2880,0.8848684210526315,0.8668396326981765,0.743801652892562,0.8763250883392226,0.9803921568627451,0.7948717948717948,0.9763779527559056,0.0,0.023622047244094304
2881,0.9605263157894737,0.9526631163803144,0.9245283018867925,0.9482758620689655,0.9851851851851852,0.9243697478991597,0.9734513274336283,0.0,0.02654867256637145
2882,0.9144736842105263,0.905081075572879,0.819672131147541,0.9212121212121213,0.9743589743589743,0.8685714285714285,0.9806451612903225,0.0,0.019354838709677295
2883,0.8980263157894737,0.8989701980586017,0.8363636363636363,0.8830188679245283,0.9775280898876404,0.8068965517241379,0.975,0.0,0.024999999999999793
2884,0.8256578947368421,0.7752774596492675,0.5656565656565656,0.8014981273408239,0.9586776859504132,0.6993464052287581,0.9385964912280702,0.0,0.06140350877192929
2885,0.9703947368421053,0.9703253268470661,0.9370629370629371,0.9739130434782609,1.0,0.9491525423728814,1.0,0.0,0.0
2886,0.9342105263157895,0.9227370450253639,0.8672566371681416,0.921875,0.9790794979079498,0.8805970149253731,0.9672131147540983,0.0,0.03278688524590137
2887,0.8914473684210527,0.8899102284149597,0.8,0.888135593220339,0.9815950920245399,0.808641975308642,0.9849624060150376,0.0,0.015037593984962294
2888,0.9407894736842105,0.9406948270584633,0.9166666666666666,0.9256198347107438,0.9797979797979798,0.8818897637795275,0.9739130434782609,0.0,0.026086956521738904
2889,0.8782894736842105,0.8832677854133717,0.8323699421965318,0.8745762711864407,0.9428571428571428,0.80625,0.9555555555555556,0.0,0.04444444444444412
2890,0.9046052631578947,0.9057157358643559,0.8407643312101911,0.9023569023569024,0.974025974025974,0.8375,0.9781021897810219,0.0,0.021897810218977944
2891,0.9144736842105263,0.8923093450883358,0.855072463768116,0.8414634146341463,0.9803921568627451,0.7582417582417582,0.9452054794520548,0.0,0.05479452054794446
2892,0.930921052631579,0.9269704805668981,0.8461538461538461,0.947103274559194,0.9876543209876543,0.9038461538461539,0.9947089947089947,0.0,0.005291005291005263
2893,0.8848684210526315,0.8353694134226344,0.6578947368421053,0.9086161879895561,0.9395973154362416,0.8613861386138614,0.9613259668508287,0.0,0.03867403314917106
2894,0.8980263157894737,0.8986092959351227,0.7862068965517242,0.9096209912536443,1.0,0.8342245989304813,1.0,0.0,0.0
2895,0.881578947368421,0.8669984418761473,0.7703703703703704,0.8524590163934426,0.9781659388646288,0.7591240875912408,0.9719626168224299,0.0,0.028037383177569833
2896,0.8157894736842105,0.8134796238244514,0.6818181818181818,0.7586206896551724,1.0,0.6111111111111112,1.0,0.0,0.0
2897,0.9473684210526315,0.9486461251167134,0.9047619047619048,0.9411764705882353,1.0,0.8888888888888888,1.0,0.0,0.0
2898,0.8881578947368421,0.8978569726301124,0.9028213166144201,0.8210526315789474,0.9696969696969697,0.7155963302752294,0.9629629629629629,0.0,0.037037037037036584
2899,0.8256578947368421,0.8292401465337639,0.7253886010362695,0.7623318385650224,1.0,0.6159420289855072,1.0,0.0,0.0
2900,0.8881578947368421,0.8647682222490541,0.7722772277227723,0.9114583333333334,0.9105691056910569,0.875,0.9510869565217391,0.0,0.04891304347826061
2901,0.8421052631578947,0.7490196078431373,0.5294117647058824,0.7176470588235294,1.0,0.5596330275229358,1.0,0.0,0.0
2902,0.9276315789473685,0.8843766200745605,0.7575757575757576,0.9172932330827067,0.9782608695652174,0.8714285714285714,0.9682539682539683,0.0,0.031746031746031494
2903,0.9473684210526315,0.9469960583465141,0.9090909090909091,0.9436619718309859,0.9882352941176471,0.9054054054054054,0.9852941176470589,0.0,0.014705882352941069
2904,0.9901315789473685,0.9860727086533538,0.967741935483871,0.9904761904761905,1.0,0.9811320754716981,1.0,0.0,0.0
2905,0.9638157894736842,0.9617321726479914,0.9219858156028369,0.9632107023411371,1.0,0.9290322580645162,1.0,0.0,0.0
2906,0.9078947368421053,0.8848339060710195,0.76,0.9278350515463918,0.9666666666666667,0.8780487804878049,0.9836065573770492,0.0,0.01639344262295073
2907,0.9901315789473685,0.9880914407230197,0.9818181818181818,0.9824561403508771,1.0,0.9655172413793104,1.0,0.0,0.0
2908,0.9342105263157895,0.9379835899741485,0.9028571428571428,0.9354838709677419,0.975609756097561,0.8950617283950617,0.9797297297297297,0.0,0.020270270270270133
2909,0.8125,0.8193647980782482,0.6900584795321637,0.7927272727272727,0.9753086419753086,0.6687116564417178,0.9732142857142857,0.0,0.02678571428571405
2910,0.9703947368421053,0.9772672651445536,1.0,0.9700996677740864,0.9617021276595744,0.9864864864864865,0.954248366013072,0.0,0.04575163398692781
2911,0.8519736842105263,0.8118760141918094,0.5631067961165048,0.8725212464589235,1.0,0.7738693467336684,1.0,0.0,0.0
2912,0.8914473684210527,0.885218209421173,0.7480916030534351,0.907563025210084,1.0,0.8307692307692308,1.0,0.0,0.0
2913,0.9506578947368421,0.9336028942328155,0.918918918918919,0.8818897637795275,1.0,0.7887323943661971,1.0,0.0,0.0
2914,0.9013157894736842,0.8781491110870377,0.7450980392156863,0.9171270718232044,0.9722222222222222,0.8601036269430051,0.9822485207100592,0.0,0.017751479289940725
2915,0.7993421052631579,0.8035755450376438,0.6,0.8189910979228486,0.9917355371900827,0.696969696969697,0.9928057553956835,0.0,0.007194244604316495
2916,0.9177631578947368,0.8912053091809119,0.8031496062992126,0.8704663212435233,1.0,0.7706422018348624,1.0,0.0,0.0
2917,0.881578947368421,0.8700745505557178,0.837696335078534,0.7931034482758621,0.9794238683127572,0.6764705882352942,0.9583333333333334,0.0,0.04166666666666609
2918,0.8947368421052632,0.876001001001001,0.7916666666666666,0.8918918918918919,0.9444444444444444,0.8516129032258064,0.9361702127659575,0.0,0.0638297872340421
2919,0.9144736842105263,0.914252417357023,0.864516129032258,0.9071428571428571,0.9710982658959537,0.8466666666666667,0.9769230769230769,0.0,0.0230769230769229
2920,0.9177631578947368,0.8946617291193592,0.7755102040816326,0.9258160237388724,0.9826589595375722,0.8715083798882681,0.9873417721518988,0.0,0.012658227848101186
2921,0.875,0.8839803866279218,0.819672131147541,0.8698630136986302,0.9624060150375939,0.79375,0.9621212121212122,0.0,0.037878787878787595
2922,0.8947368421052632,0.859903381642512,0.6666666666666666,0.9130434782608695,1.0,0.84,1.0,0.0,0.0
2923,0.9407894736842105,0.8935362522809838,0.746268656716418,0.9383561643835616,0.9959839357429718,0.8896103896103896,0.9927536231884058,0.0,0.007246376811594151
2924,0.8947368421052632,0.9067295859866763,0.8404255319148937,0.89937106918239,0.9803921568627451,0.8218390804597702,0.9930555555555556,0.0,0.006944444444444396
2925,0.9046052631578947,0.8616577221228384,0.6813186813186813,0.9036544850498339,1.0,0.8242424242424242,1.0,0.0,0.0
2926,0.8980263157894737,0.9000572063318882,0.8301886792452831,0.8970099667774086,0.972972972972973,0.8282208588957055,0.9782608695652174,0.0,0.021739130434782452
2927,0.8848684210526315,0.8251926939390684,0.6133333333333333,0.890282131661442,0.9719626168224299,0.8208092485549133,0.9726027397260274,0.0,0.027397260273972417
2928,0.8322368421052632,0.8217551801046775,0.6307692307692307,0.862533692722372,0.9719626168224299,0.7692307692307693,0.9815950920245399,0.0,0.01840490797546001
2929,0.9144736842105263,0.9057817886346226,0.8031496062992126,0.9207317073170732,0.9934640522875817,0.8579545454545454,0.993421052631579,0.0,0.00657894736842101
2930,0.9013157894736842,0.8786468335340517,0.7619047619047619,0.8979591836734694,0.9760765550239234,0.8301886792452831,0.9777777777777777,0.0,0.02222222222222206
2931,0.9210526315789473,0.92046783625731,0.8666666666666667,0.8947368421052632,1.0,0.8095238095238095,1.0,0.0,0.0
2932,0.75,0.7420708379612488,0.4864864864864865,0.7397260273972602,1.0,0.5869565217391305,1.0,0.0,0.0
2933,0.9342105263157895,0.9424068959372773,0.9217391304347826,0.921875,0.9836065573770492,0.8676470588235294,0.9833333333333333,0.0,0.016666666666666528
2934,0.9046052631578947,0.8824715326616467,0.7747747747747747,0.8897338403041825,0.9829059829059829,0.8181818181818182,0.975,0.0,0.024999999999999793
2935,0.9572368421052632,0.938102222022455,0.8990825688073395,0.9212121212121213,0.9940119760479041,0.8636363636363636,0.987012987012987,0.0,0.01298701298701282
2936,0.9210526315789473,0.8949275362318841,0.75,0.9347826086956522,1.0,0.8775510204081632,1.0,0.0,0.0
2937,0.8914473684210527,0.8821256038647342,0.8,0.9043478260869565,0.9420289855072463,0.8571428571428571,0.9570552147239264,0.0,0.04294478527607336
2938,0.9177631578947368,0.9246860349080229,0.8554913294797688,0.9185667752442996,1.0,0.8493975903614458,1.0,0.0,0.0
2939,0.881578947368421,0.8773658398602494,0.8387096774193549,0.8758620689655172,0.9175257731958762,0.8410596026490066,0.9136690647482014,0.0,0.08633093525179794
2940,0.9210526315789473,0.889625709146257,0.7916666666666666,0.8909090909090909,0.9863013698630136,0.8235294117647058,0.9702970297029703,0.0,0.02970297029702941
2941,0.881578947368421,0.8631067188351488,0.7755102040816326,0.8831168831168831,0.9306930693069307,0.8395061728395061,0.9315068493150684,0.0,0.06849315068493105
2942,0.930921052631579,0.8610601907621757,0.6666666666666666,0.9329073482428115,0.9836065573770492,0.8902439024390244,0.9798657718120806,0.0,0.02013422818791933
2943,0.9473684210526315,0.9507274078793672,0.9069767441860465,0.9452054794520548,1.0,0.8961038961038961,1.0,0.0,0.0
2944,0.8618421052631579,0.8707153982340549,0.8229166666666666,0.8432835820895522,0.9459459459459459,0.7583892617449665,0.9495798319327731,0.0,0.05042016806722647
2945,0.8519736842105263,0.864799271918293,0.7586206896551724,0.8680351906158358,0.967741935483871,0.774869109947644,0.9866666666666667,0.0,0.013333333333333246
2946,0.7796052631578947,0.7639741296270813,0.6035502958579881,0.6883720930232559,1.0,0.524822695035461,1.0,0.0,0.0
2947,0.8421052631578947,0.8542189728770916,0.7889908256880734,0.7857142857142857,0.9879518072289156,0.6518518518518519,0.9887640449438202,0.0,0.01123595505617965
2948,0.8881578947368421,0.8798369937610443,0.7848101265822784,0.8547008547008547,1.0,0.746268656716418,1.0,0.0,0.0
2949,0.9375,0.9315898875793094,0.8990825688073395,0.9323843416370107,0.963302752293578,0.9097222222222222,0.9562043795620438,0.0,0.04379562043795589
2950,0.9506578947368421,0.9402275014485681,0.8760330578512396,0.9446494464944649,1.0,0.8951048951048951,1.0,0.0,0.0
2951,0.9506578947368421,0.9505422114117766,0.8951048951048951,0.9565217391304348,1.0,0.9166666666666666,1.0,0.0,0.0
2952,0.9572368421052632,0.9568733153638814,0.9182389937106918,0.9523809523809523,1.0,0.9090909090909091,1.0,0.0,0.0
2953,0.8914473684210527,0.9031082509404441,0.84375,0.8978328173374613,0.967741935483871,0.8238636363636364,0.9863945578231292,0.0,0.013605442176870656
2954,0.9144736842105263,0.9004271615849168,0.7903225806451613,0.910958904109589,1.0,0.8364779874213837,1.0,0.0,0.0
2955,0.9342105263157895,0.917850183924881,0.8602150537634409,0.9484536082474226,0.9448818897637795,0.9246231155778895,0.9735449735449735,0.0,0.026455026455026315
2956,0.8782894736842105,0.855063866559321,0.7169811320754716,0.8933717579250721,0.9548387096774194,0.8333333333333334,0.9627329192546584,0.0,0.03726708074534139
2957,0.9111842105263158,0.9001131016230007,0.8289473684210527,0.8755760368663594,0.99581589958159,0.7786885245901639,1.0,0.0,0.0
2958,0.9342105263157895,0.9325396825396824,0.8809523809523809,0.9166666666666666,1.0,0.8461538461538461,1.0,0.0,0.0
2959,0.9243421052631579,0.9229414796152086,0.90625,0.9220338983050848,0.9405405405405406,0.9006622516556292,0.9444444444444444,0.0,0.05555555555555517
2960,0.9506578947368421,0.9322797775826749,0.8705882352941177,0.9411764705882353,0.9850746268656716,0.916030534351145,0.967741935483871,0.0,0.032258064516128775
2961,0.8486842105263158,0.8603446200754233,0.7961165048543689,0.8099173553719008,0.975,0.6950354609929078,0.9702970297029703,0.0,0.02970297029702941
2962,0.8421052631578947,0.8600990964733314,0.7446808510638298,0.8356164383561644,1.0,0.7176470588235294,1.0,0.0,0.0
2963,0.9539473684210527,0.94375,0.875,0.95625,1.0,0.9161676646706587,1.0,0.0,0.0
2964,0.9375,0.8917730825787477,0.7397260273972602,0.9355932203389831,1.0,0.8789808917197452,1.0,0.0,0.0
2965,0.9638157894736842,0.9265573770491803,0.819672131147541,0.96,1.0,0.9230769230769231,1.0,0.0,0.0
2966,0.9375,0.9314848250031903,0.8990825688073395,0.9314079422382672,0.963963963963964,0.9084507042253521,0.9555555555555556,0.0,0.04444444444444412
2967,0.9572368421052632,0.9513467116203694,0.9154929577464789,0.9427312775330396,0.99581589958159,0.8916666666666667,1.0,0.0,0.0
2968,0.9144736842105263,0.882844549183905,0.7368421052631579,0.9166666666666666,0.9950248756218906,0.8511904761904762,0.9930555555555556,0.0,0.006944444444444396
2969,0.8717105263157895,0.8863910316689729,0.7978723404255319,0.8695652173913043,0.9917355371900827,0.7738095238095238,0.9923664122137404,0.0,0.0076335877862594844
2970,0.9111842105263158,0.9151418336217261,0.8700564971751412,0.9003690036900369,0.975,0.8356164383561644,0.976,0.0,0.02399999999999981
2971,0.9638157894736842,0.9640061708428682,0.9625668449197861,0.9639344262295082,0.9655172413793104,0.9423076923076923,0.9865771812080537,0.0,0.01342281879194622
2972,0.7697368421052632,0.637305208077835,0.14814814814814814,0.7682119205298014,0.9955555555555555,0.6270270270270271,0.9914529914529915,0.0,0.008547008547008475
2973,0.9111842105263158,0.8855292829919952,0.8307692307692308,0.8421052631578947,0.9837133550488599,0.75,0.96,0.0,0.03999999999999947
2974,0.9342105263157895,0.9330777254039299,0.9380530973451328,0.9390243902439024,0.9221556886227545,0.9390243902439024,0.9390243902439024,0.0,0.06097560975609719
2975,0.944078947368421,0.9402796219636023,0.9161290322580645,0.9216589861751152,0.9830508474576272,0.8771929824561403,0.970873786407767,0.0,0.02912621359223273
2976,0.8782894736842105,0.8799102177734724,0.8125,0.8701754385964913,0.9570552147239264,0.7948717948717948,0.9612403100775194,0.0,0.03875968992248032
2977,0.8223684210526315,0.8112290008841733,0.6758620689655173,0.7923076923076923,0.9655172413793104,0.6821192052980133,0.944954128440367,0.0,0.055045871559632524
2978,0.8585526315789473,0.8651131400954202,0.7607361963190185,0.8685015290519877,0.9661016949152542,0.7802197802197802,0.9793103448275862,0.0,0.02068965517241365
2979,0.881578947368421,0.8731646366886975,0.8527131782945736,0.896551724137931,0.8702290076335878,0.8715083798882681,0.9230769230769231,0.0,0.07692307692307647
2980,0.944078947368421,0.9378586178111682,0.8740740740740741,0.9395017793594306,1.0,0.8859060402684564,1.0,0.0,0.0
2981,0.9144736842105263,0.9071354161499311,0.8705882352941177,0.8673469387755102,0.9834710743801653,0.7870370370370371,0.9659090909090909,0.0,0.03409090909090871
2982,0.9210526315789473,0.8962524669540016,0.7766990291262136,0.9166666666666666,0.9953917050691244,0.8516129032258064,0.9924812030075187,0.0,0.007518796992481147
2983,0.8355263157894737,0.8262229444936131,0.7284768211920529,0.7916666666666666,0.9585253456221198,0.6834532374100719,0.9405940594059405,0.0,0.05940594059405882
2984,0.9276315789473685,0.9205239968528717,0.848,0.9329268292682927,0.9806451612903225,0.8895348837209303,0.9807692307692307,0.0,0.019230769230769107
2985,0.8651315789473685,0.8971754600457694,0.8110599078341014,0.880466472303207,1.0,0.7864583333333334,1.0,0.0,0.0
2986,0.9046052631578947,0.9131530124011328,0.8708133971291866,0.8816326530612245,0.987012987012987,0.8,0.9818181818181818,0.0,0.018181818181818018
2987,0.944078947368421,0.9402822380740362,0.918918918918919,0.9463722397476341,0.9555555555555556,0.9375,0.9554140127388535,0.0,0.044585987261146216
2988,0.9078947368421053,0.9249299719887955,0.8571428571428571,0.9176470588235294,1.0,0.8478260869565217,1.0,0.0,0.0
2989,0.9407894736842105,0.8285418285418286,0.5555555555555556,0.9370629370629371,0.993006993006993,0.8874172185430463,0.9925925925925926,0.0,0.007407407407407353
2990,0.9046052631578947,0.8762153246363772,0.76,0.8888888888888888,0.979757085020243,0.8226950354609929,0.9666666666666667,0.0,0.033333333333333055
2991,0.8322368421052632,0.8474232503210155,0.8141592920353983,0.796812749003984,0.9312977099236641,0.6993006993006993,0.9259259259259259,0.0,0.07407407407407339
2992,0.9539473684210527,0.9488469956373643,0.9152542372881356,0.9507042253521126,0.9805825242718447,0.9246575342465754,0.9782608695652174,0.0,0.021739130434782452
2993,0.9835526315789473,0.9835556603855998,0.9904761904761905,0.9855072463768116,0.9746835443037974,0.9883720930232558,0.9826589595375722,0.0,0.017341040462427647
2994,0.8355263157894737,0.8298777246145668,0.6212121212121212,0.868421052631579,1.0,0.7674418604651163,1.0,0.0,0.0
2995,0.8947368421052632,0.8870694250975942,0.7846153846153846,0.9047619047619048,0.971830985915493,0.8397790055248618,0.9806451612903225,0.0,0.019354838709677295
2996,0.8125,0.8321148421584161,0.7841409691629956,0.7747035573122529,0.9375,0.6577181208053692,0.9423076923076923,0.0,0.05769230769230714
2997,0.8256578947368421,0.8266920434549522,0.7044025157232704,0.8113879003558719,0.9642857142857143,0.7037037037037037,0.957983193277311,0.0,0.042016806722688725
2998,0.9243421052631579,0.932001699957501,0.8729281767955801,0.9230769230769231,1.0,0.8571428571428571,1.0,0.0,0.0
2999,0.875,0.8282914565627514,0.6206896551724138,0.8972972972972973,0.9668874172185431,0.83,0.9764705882352941,0.0,0.023529411764705743
3000,0.9638157894736842,0.891226318666952,0.7027027027027027,0.9709762532981531,1.0,0.9435897435897436,1.0,0.0,0.0
3001,0.9407894736842105,0.9162610855037953,0.8505747126436781,0.9142857142857143,0.9839228295819936,0.8727272727272727,0.96,0.0,0.039999999999999605
3002,0.8980263157894737,0.8590370006011915,0.6736842105263158,0.9034267912772586,1.0,0.8238636363636364,1.0,0.0,0.0
3003,0.9144736842105263,0.9138419859738095,0.87248322147651,0.910958904109589,0.9580838323353293,0.8636363636363636,0.9637681159420289,0.0,0.03623188405797075
3004,0.9243421052631579,0.8875048452955877,0.7435897435897436,0.9373297002724795,0.9815950920245399,0.8911917098445595,0.9885057471264368,0.0,0.011494252873563152
3005,0.8322368421052632,0.7788621800249708,0.5252525252525253,0.8305647840531561,0.9807692307692307,0.7225433526011561,0.9765625,0.0,0.02343749999999982
3006,0.8947368421052632,0.8870634920634921,0.9107142857142857,0.8933333333333333,0.8571428571428571,0.8535031847133758,0.9370629370629371,0.0,0.0629370629370625
3007,0.8881578947368421,0.8697233775665149,0.7592592592592593,0.896969696969697,0.9529411764705882,0.8409090909090909,0.961038961038961,0.0,0.03896103896103871
3008,0.8157894736842105,0.8254684009985547,0.7796610169491526,0.72,0.9767441860465116,0.576,0.96,0.0,0.03999999999999947
3009,0.9276315789473685,0.9196825396825398,0.89,0.8690476190476191,1.0,0.7684210526315789,1.0,0.0,0.0
3010,0.9868421052631579,0.9877547450362986,1.0,0.9902912621359223,0.972972972972973,1.0,0.9807692307692307,0.0,0.019230769230769138
3011,0.9243421052631579,0.9215693915369007,0.8771929824561403,0.8968609865470852,0.9906542056074766,0.819672131147541,0.9900990099009901,0.0,0.009900990099009804
3012,0.8157894736842105,0.8266713449029716,0.7142857142857143,0.7910447761194029,0.9746835443037974,0.6666666666666666,0.9724770642201835,0.0,0.027522935779816262
3013,0.9605263157894737,0.8885917746021373,0.7027027027027027,0.9682539682539683,0.9948186528497409,0.9432989690721649,0.9945652173913043,0.0,0.0054347826086956225
3014,0.8388157894736842,0.7618126108692147,0.46153846153846156,0.8679245283018868,0.9559748427672956,0.7892156862745098,0.9640718562874252,0.0,0.035928143712574634
3015,0.881578947368421,0.8708496519693661,0.7575757575757576,0.8767123287671232,0.9782608695652174,0.7950310559006211,0.9770992366412213,0.0,0.022900763358778452
3016,0.805921052631579,0.8216724148167338,0.609271523178808,0.8557457212713936,1.0,0.7478632478632479,1.0,0.0,0.0
3017,0.8256578947368421,0.8357928810036089,0.7351351351351352,0.7969348659003831,0.9753086419753086,0.6753246753246753,0.9719626168224299,0.0,0.028037383177569833
3018,0.9276315789473685,0.9015141540487163,0.7755102040816326,0.9290322580645162,1.0,0.8674698795180723,1.0,0.0,0.0
3019,0.9736842105263158,0.9657894736842105,0.9473684210526315,0.95,1.0,0.9047619047619048,1.0,0.0,0.0
3020,0.930921052631579,0.8873662389906126,0.7619047619047619,0.9219330855018587,0.9782608695652174,0.8794326241134752,0.96875,0.0,0.031249999999999757
3021,0.8223684210526315,0.8268673614538277,0.7448979591836735,0.7567567567567568,0.9789473684210527,0.6222222222222222,0.9655172413793104,0.0,0.03448275862068926
3022,0.881578947368421,0.8924290692762602,0.8584905660377359,0.8656716417910447,0.953125,0.7891156462585034,0.9586776859504132,0.0,0.04132231404958644
3023,0.9375,0.9185721992419605,0.896551724137931,0.8875739644970414,0.9715909090909091,0.8522727272727273,0.9259259259259259,0.0,0.07407407407407317
3024,0.8453947368421053,0.8497586154944615,0.6887417218543046,0.8605341246290801,1.0,0.7552083333333334,1.0,0.0,0.0
3025,0.9572368421052632,0.952319233872632,0.935064935064935,0.9579288025889967,0.963963963963964,0.9548387096774194,0.961038961038961,0.0,0.03896103896103871
3026,0.881578947368421,0.8852681061270018,0.7662337662337663,0.8895705521472392,1.0,0.8011049723756906,1.0,0.0,0.0
3027,0.9638157894736842,0.9575206614123123,0.9894736842105263,0.9641693811074918,0.918918918918919,0.9736842105263158,0.9548387096774194,0.0,0.04516129032258036
3028,0.8289473684210527,0.8406546669704564,0.7578947368421053,0.803030303030303,0.961038961038961,0.6883116883116883,0.9636363636363636,0.0,0.036363636363636036
3029,0.9013157894736842,0.8800572860723236,0.7755102040816326,0.9122807017543859,0.9523809523809523,0.8666666666666667,0.9629629629629629,0.0,0.03703703703703681
3030,0.881578947368421,0.8882539682539683,0.76,0.9047619047619048,1.0,0.8260869565217391,1.0,0.0,0.0
3031,0.8881578947368421,0.8444678613013731,0.6835443037974683,0.89171974522293,0.958139534883721,0.8383233532934131,0.9523809523809523,0.0,0.0476190476190473
3032,0.9276315789473685,0.9243925359108606,0.8307692307692308,0.9424083769633508,1.0,0.8910891089108911,1.0,0.0,0.0
3033,0.8717105263157895,0.8580662504883501,0.7784431137724551,0.8040201005025126,0.9917355371900827,0.6837606837606838,0.975609756097561,0.0,0.024390243902438727
3034,0.875,0.8584503099840161,0.711864406779661,0.900523560209424,0.9629629629629629,0.8309178743961353,0.9828571428571429,0.0,0.017142857142857047
3035,0.9605263157894737,0.9441264815059145,0.8705882352941177,0.9695431472081218,0.9922480620155039,0.9455445544554455,0.9947916666666666,0.0,0.005208333333333306
3036,0.930921052631579,0.9403277462187624,0.8979591836734694,0.9333333333333333,0.9896907216494846,0.8802395209580839,0.9932432432432432,0.0,0.006756756756756711
3037,0.9375,0.9347548968487175,0.8941176470588236,0.9147982062780269,0.9953488372093023,0.8429752066115702,1.0,0.0,0.0
3038,0.8881578947368421,0.8823587452585321,0.8027210884353742,0.8692307692307693,0.9751243781094527,0.7847222222222222,0.9741379310344828,0.0,0.02586206896551702
3039,0.9078947368421053,0.9135438596491228,0.8526315789473684,0.888,1.0,0.7985611510791367,1.0,0.0,0.0
3040,0.9013157894736842,0.8954742045103491,0.8307692307692308,0.9038461538461539,0.9518072289156626,0.8545454545454545,0.9591836734693877,0.0,0.04081632653061197
3041,0.8717105263157895,0.8498648776242961,0.7226890756302521,0.8539325842696629,0.972972972972973,0.7702702702702703,0.957983193277311,0.0,0.042016806722688725
3042,0.8881578947368421,0.8903684405674922,0.8387096774193549,0.853448275862069,0.9789473684210527,0.7615384615384615,0.9705882352941176,0.0,0.029411764705882065
3043,0.9276315789473685,0.9232983131288215,0.8951048951048951,0.9378531073446328,0.9369369369369369,0.907103825136612,0.9707602339181286,0.0,0.029239766081871173
3044,0.8717105263157895,0.8219849046547475,0.6046511627906976,0.8931506849315068,0.9681528662420382,0.8232323232323232,0.9760479041916168,0.0,0.02395209580838309
3045,0.9276315789473685,0.8759575902433046,0.7027027027027027,0.9251700680272109,1.0,0.8607594936708861,1.0,0.0,0.0
3046,0.8322368421052632,0.8375506846095081,0.7176470588235294,0.8131868131868132,0.9818181818181818,0.69375,0.9823008849557522,0.0,0.01769911504424763
3047,0.8388157894736842,0.7857905031140252,0.6071428571428571,0.7677725118483413,0.9824561403508771,0.6428571428571429,0.9529411764705882,0.0,0.047058823529411216
3048,0.9375,0.9239054615282886,0.8705882352941177,0.9385113268608414,0.9626168224299065,0.9235668789808917,0.9539473684210527,0.0,0.04605263157894707
3049,0.9407894736842105,0.9393595723505278,0.8930817610062893,0.9302325581395349,0.9947643979057592,0.8695652173913043,1.0,0.0,0.0
3050,0.9276315789473685,0.9200048969598041,0.832,0.9349112426035503,0.993103448275862,0.88268156424581,0.9937106918238994,0.0,0.006289308176100589
3051,0.9506578947368421,0.9385786342880315,0.896551724137931,0.9420849420849421,0.9770992366412213,0.9172932330827067,0.9682539682539683,0.0,0.031746031746031494
3052,0.7993421052631579,0.8036693383485529,0.6666666666666666,0.7889273356401384,0.9554140127388535,0.6705882352941176,0.957983193277311,0.0,0.042016806722688725
3053,0.9111842105263158,0.9165681255353862,0.8603351955307262,0.9025270758122743,0.9868421052631579,0.8278145695364238,0.9920634920634921,0.0,0.007936507936507874
3054,0.8980263157894737,0.8994110994110994,0.8324324324324325,0.8658008658008658,1.0,0.7633587786259542,1.0,0.0,0.0
3055,0.930921052631579,0.8931970907382935,0.7796610169491526,0.9373134328358209,0.9626168224299065,0.9127906976744186,0.9631901840490797,0.0,0.03680981595092002
3056,0.875,0.8846250425604358,0.8089887640449438,0.88125,0.9636363636363636,0.8011363636363636,0.9791666666666666,0.0,0.02083333333333319
3057,0.9407894736842105,0.6423745173745173,0.0,0.9464285714285714,0.9806949806949807,0.9137931034482759,0.9814814814814815,0.0,0.018518518518518406
3058,0.8388157894736842,0.7975425066582459,0.5742574257425742,0.8528528528528528,0.9655172413793104,0.7675675675675676,0.9594594594594594,0.0,0.040540540540540265
3059,0.9013157894736842,0.881605855128619,0.7368421052631579,0.9079754601226994,1.0,0.8314606741573034,1.0,0.0,0.0
3060,0.9144736842105263,0.9204194880352577,0.8923076923076924,0.9044117647058824,0.9645390070921985,0.8482758620689655,0.968503937007874,0.0,0.03149606299212574
3061,0.9506578947368421,0.9454295448616041,0.9122807017543859,0.9546827794561934,0.9693251533742331,0.9349112426035503,0.9753086419753086,0.0,0.024691358024691207
3062,0.9111842105263158,0.9021452881815719,0.8376068376068376,0.9158878504672897,0.9529411764705882,0.875,0.9607843137254902,0.0,0.03921568627450955
3063,0.8519736842105263,0.8360682525072356,0.7543859649122807,0.8710601719197708,0.8827586206896552,0.8260869565217391,0.9212121212121213,0.0,0.07878787878787831
3064,0.9769736842105263,0.9788595730624716,0.9565217391304348,0.98005698005698,1.0,0.9608938547486033,1.0,0.0,0.0
3065,0.9276315789473685,0.894941975483362,0.7792207792207793,0.9276315789473685,0.9779735682819384,0.8867924528301887,0.9724137931034482,0.0,0.027586206896551536
3066,0.9506578947368421,0.9115761159603237,0.78125,0.9591280653950953,0.9943502824858758,0.9263157894736842,0.9943502824858758,0.0,0.005649717514124262
3067,0.9572368421052632,0.9398639455782313,0.8705882352941177,0.9694117647058823,0.9795918367346939,0.9493087557603687,0.9903846153846154,0.0,0.009615384615384569
3068,0.9111842105263158,0.8447400231508176,0.6666666666666666,0.9096989966555183,0.9578544061302682,0.8774193548387097,0.9444444444444444,0.0,0.05555555555555517
3069,0.9210526315789473,0.9185968294127687,0.8888888888888888,0.8991596638655462,0.967741935483871,0.8492063492063492,0.9553571428571429,0.0,0.04464285714285675
3070,0.9144736842105263,0.9078282828282829,0.8484848484848485,0.9044117647058824,0.9705882352941176,0.8541666666666666,0.9609375,0.0,0.039062499999999695
3071,0.8486842105263158,0.8524608724608725,0.7272727272727273,0.8685714285714285,0.9615384615384616,0.7794871794871795,0.9806451612903225,0.0,0.019354838709677295
3072,0.868421052631579,0.8431457153960489,0.6724137931034483,0.8675496688741722,0.9894736842105263,0.7705882352941177,0.9924242424242424,0.0,0.007575757575757519
3073,0.9605263157894737,0.9622856428321621,0.9885057471264368,0.9433962264150944,0.954954954954955,0.9523809523809523,0.9345794392523364,0.0,0.06542056074766295
3074,0.9013157894736842,0.8623001469838317,0.7352941176470589,0.9056603773584906,0.9459459459459459,0.8727272727272727,0.9411764705882353,0.0,0.05882352941176432
3075,0.9506578947368421,0.9466256366394424,0.9245283018867925,0.9494949494949495,0.9658536585365853,0.9337748344370861,0.9657534246575342,0.0,0.03424657534246552
3076,0.8651315789473685,0.88543328670191,0.8433734939759037,0.8298755186721992,0.9830508474576272,0.7142857142857143,0.9900990099009901,0.0,0.009900990099009804
3077,0.8486842105263158,0.8344579985775998,0.6976744186046512,0.8435374149659864,0.9621621621621622,0.7515151515151515,0.9612403100775194,0.0,0.03875968992248032
3078,0.9506578947368421,0.9474449454799722,0.9172932330827067,0.9446494464944649,0.9803921568627451,0.9142857142857143,0.9770992366412213,0.0,0.022900763358778452
3079,0.9473684210526315,0.9463937621832358,0.8947368421052632,0.9444444444444444,1.0,0.8947368421052632,1.0,0.0,0.0
3080,0.9342105263157895,0.9357851478651585,0.9390243902439024,0.9264705882352942,0.9418604651162791,0.9064748201438849,0.9473684210526315,0.0,0.05263157894736803
3081,0.9210526315789473,0.9076390548783188,0.8571428571428571,0.9263803680981595,0.9393939393939394,0.9096385542168675,0.94375,0.0,0.05624999999999965
3082,0.9276315789473685,0.9301144576551059,0.8734177215189873,0.9382022471910112,0.9787234042553191,0.8882978723404256,0.9940476190476191,0.0,0.005952380952380917
3083,0.993421052631579,0.9936122963295656,1.0,0.994535519125683,0.9863013698630136,1.0,0.9891304347826086,0.0,0.010869565217391245
3084,0.7697368421052632,0.8242161878525515,0.7107438016528925,0.7619047619047619,1.0,0.6153846153846154,1.0,0.0,0.0
3085,0.8914473684210527,0.8924420553704162,0.8220858895705522,0.8782287822878229,0.9770114942528736,0.7986577181208053,0.9754098360655737,0.0,0.024590163934426028
3086,0.9046052631578947,0.8979294124925193,0.8251748251748252,0.888030888030888,0.9805825242718447,0.8156028368794326,0.9745762711864406,0.0,0.02542372881355911
3087,0.8651315789473685,0.8549768512585865,0.7131782945736435,0.8825214899713467,0.9692307692307692,0.8020833333333334,0.9808917197452229,0.0,0.019108280254776948
3088,0.8552631578947368,0.8532144998446846,0.7581699346405228,0.8405797101449275,0.9608938547486033,0.7532467532467533,0.9508196721311475,0.0,0.049180327868852056
3089,0.868421052631579,0.8332144632475308,0.6666666666666666,0.8742138364779874,0.9587628865979382,0.8034682080924855,0.9586206896551724,0.0,0.0413793103448273
3090,0.9177631578947368,0.9071470023659658,0.8091603053435115,0.9122807017543859,1.0,0.8387096774193549,1.0,0.0,0.0
3091,0.8848684210526315,0.8997570643140262,0.7878787878787878,0.9113924050632911,1.0,0.8372093023255814,1.0,0.0,0.0
3092,0.9671052631578947,0.9673864147548358,0.9342105263157895,0.967948717948718,1.0,0.937888198757764,1.0,0.0,0.0
3093,0.8980263157894737,0.9090518826376597,0.8732394366197183,0.898360655737705,0.9555555555555556,0.8303030303030303,0.9785714285714285,0.0,0.021428571428571276
3094,0.9703947368421053,0.9686483594673686,0.96,0.9700996677740864,0.9758454106280193,0.9668874172185431,0.9733333333333334,0.0,0.02666666666666649
3095,0.868421052631579,0.843517455457754,0.7014925373134329,0.8290598290598291,1.0,0.708029197080292,1.0,0.0,0.0
3096,0.9243421052631579,0.9362429006881392,0.8808290155440415,0.9278996865203761,1.0,0.8654970760233918,1.0,0.0,0.0
3097,0.9506578947368421,0.9426906125730364,0.897196261682243,0.9523809523809523,0.978494623655914,0.9259259259259259,0.9803921568627451,0.0,0.019607843137254773
3098,0.9144736842105263,0.9134080531340806,0.8493150684931506,0.9212121212121213,0.9696969696969697,0.8685714285714285,0.9806451612903225,0.0,0.019354838709677295
3099,0.8486842105263158,0.8047063363048492,0.6324786324786325,0.7927927927927928,0.9888475836431226,0.6666666666666666,0.9777777777777777,0.0,0.022222222222221977
3100,0.8980263157894737,0.9031394028920179,0.864321608040201,0.8680851063829788,0.9770114942528736,0.7846153846153846,0.9714285714285714,0.0,0.0285714285714283
3101,0.8717105263157895,0.892306310910962,0.8604651162790697,0.8494208494208494,0.967032967032967,0.7482993197278912,0.9821428571428571,0.0,0.0178571428571427
3102,0.8585526315789473,0.7899322735726568,0.5,0.8958837772397095,0.9739130434782609,0.8185840707964602,0.9893048128342246,0.0,0.010695187165775345
3103,0.8947368421052632,0.9013042195861359,0.8275862068965517,0.8904109589041096,0.9859154929577465,0.8074534161490683,0.9923664122137404,0.0,0.0076335877862594844
3104,0.993421052631579,0.9936092955700798,1.0,0.9925925925925926,0.9882352941176471,1.0,0.9852941176470589,0.0,0.014705882352941069
3105,0.9375,0.9342627604047106,0.8905109489051095,0.9461756373937678,0.9661016949152542,0.912568306010929,0.9823529411764705,0.0,0.017647058823529307
3106,0.9144736842105263,0.913781512605042,0.8705882352941177,0.8907563025210085,0.98,0.8217054263565892,0.9724770642201835,0.0,0.027522935779816262
3107,0.8947368421052632,0.8952245010392407,0.8148148148148148,0.8823529411764706,0.9885057471264368,0.7947019867549668,0.9917355371900827,0.0,0.008264462809917288
3108,0.9473684210526315,0.9485140478771052,0.9333333333333333,0.9440559440559441,0.9681528662420382,0.9183673469387755,0.9712230215827338,0.0,0.02877697841726598
3109,0.9013157894736842,0.8964300506150726,0.8571428571428571,0.8717948717948718,0.960352422907489,0.8095238095238095,0.9444444444444444,0.0,0.055555555555555046
3110,0.9835526315789473,0.9809090427555388,0.9655172413793104,0.9818181818181818,0.9953917050691244,0.9712230215827338,0.9926470588235294,0.0,0.007352941176470534
3111,0.8486842105263158,0.8596380471380471,0.7386363636363636,0.8402777777777778,1.0,0.7245508982035929,1.0,0.0,0.0
3112,0.8980263157894737,0.8496888487403392,0.65,0.9234567901234568,0.975609756097561,0.8697674418604651,0.9842105263157894,0.0,0.015789473684210444
3113,0.9210526315789473,0.9285323888622958,0.8910891089108911,0.9083969465648855,0.9861111111111112,0.8380281690140845,0.9916666666666667,0.0,0.008333333333333264
3114,0.8782894736842105,0.8789218419415775,0.7843137254901961,0.8794788273615635,0.972972972972973,0.7988165680473372,0.9782608695652174,0.0,0.021739130434782452
3115,0.9046052631578947,0.86445534631007,0.72,0.9183098591549296,0.9550561797752809,0.8763440860215054,0.9644970414201184,0.0,0.03550295857988145
3116,0.930921052631579,0.9227434067402007,0.8571428571428571,0.9263157894736842,0.9847715736040609,0.8741721854304636,0.9850746268656716,0.0,0.014925373134328247
3117,0.9769736842105263,0.9776035324284456,0.9629629629629629,0.9767441860465116,0.993103448275862,0.9607843137254902,0.9932432432432432,0.0,0.006756756756756711
3118,0.8782894736842105,0.8549639346755122,0.7169811320754716,0.8908554572271387,0.9570552147239264,0.8296703296703297,0.9617834394904459,0.0,0.038216560509553896
3119,0.9342105263157895,0.8986639312258425,0.8292682926829268,0.9516908212560387,0.9150326797385621,0.9516908212560387,0.9516908212560387,0.0,0.04830917874396112
3120,0.8848684210526315,0.8637696577822412,0.7755102040816326,0.9030470914127424,0.912751677852349,0.8716577540106952,0.9367816091954023,0.0,0.06321839080459735
3121,0.9407894736842105,0.8362712634722763,0.5882352941176471,0.9338235294117647,0.9867549668874173,0.8943661971830986,0.9769230769230769,0.0,0.0230769230769229
3122,0.8519736842105263,0.8495465909777563,0.704225352112676,0.8688046647230321,0.975609756097561,0.7801047120418848,0.9802631578947368,0.0,0.01973684210526303
3123,0.9835526315789473,0.98423795256439,0.9693251533742331,0.9833887043189369,1.0,0.9673202614379085,1.0,0.0,0.0
3124,0.8914473684210527,0.8967036773336926,0.7898089171974523,0.9003021148036254,1.0,0.8186813186813187,1.0,0.0,0.0
3125,0.8322368421052632,0.834226509467667,0.6666666666666666,0.8360128617363344,1.0,0.7182320441988951,1.0,0.0,0.0
3126,0.8914473684210527,0.897094699489909,0.8023952095808383,0.8888888888888888,1.0,0.8,1.0,0.0,0.0
3127,0.9210526315789473,0.9146249731356114,0.8484848484848485,0.9166666666666666,0.9787234042553191,0.8571428571428571,0.9850746268656716,0.0,0.014925373134328247
3128,0.8980263157894737,0.8746244891137548,0.7378640776699029,0.9126760563380282,0.9733333333333334,0.8526315789473684,0.9818181818181818,0.0,0.018181818181818073
3129,0.9835526315789473,0.6555368838804866,0.0,0.9853372434017595,0.9812734082397003,0.9940828402366864,0.9767441860465116,0.0,0.023255813953488236
3130,0.8453947368421053,0.8281879194630872,0.6845637583892618,0.8,1.0,0.6666666666666666,1.0,0.0,0.0
3131,0.8618421052631579,0.8500970967416701,0.7301587301587301,0.8764705882352941,0.9436619718309859,0.8054054054054054,0.9612903225806452,0.0,0.03870967741935459
3132,0.8092105263157895,0.7262395708843217,0.3902439024390244,0.8599033816425121,0.9285714285714286,0.7739130434782608,0.967391304347826,0.0,0.03260869565217374
3133,0.9013157894736842,0.8814455131839848,0.7956989247311828,0.8993288590604027,0.9493087557603687,0.864516129032258,0.9370629370629371,0.0,0.0629370629370625
3134,0.9407894736842105,0.9495665878644601,1.0,0.9042553191489362,0.9444444444444444,0.9444444444444444,0.8673469387755102,0.0,0.13265306122448844
3135,0.9605263157894737,0.9477388439652591,0.9,0.9622641509433962,0.9809523809523809,0.9444444444444444,0.9807692307692307,0.0,0.019230769230769107
3136,0.9210526315789473,0.8076923076923078,0.5,0.9230769230769231,1.0,0.8571428571428571,1.0,0.0,0.0
3137,0.9177631578947368,0.9238259482161921,0.8888888888888888,0.9128919860627178,0.9696969696969697,0.8562091503267973,0.9776119402985075,0.0,0.02238805970149237
3138,0.9046052631578947,0.8701751275655761,0.8031496062992126,0.8198757763975155,0.9875,0.717391304347826,0.9565217391304348,0.0,0.04347826086956459
3139,0.9671052631578947,0.962882242294007,0.945054945054945,0.9662162162162162,0.9773755656108597,0.959731543624161,0.9727891156462585,0.0,0.02721088435374131
3140,0.868421052631579,0.8603723404255318,0.6875,0.8936170212765957,1.0,0.8076923076923077,1.0,0.0,0.0
3141,0.881578947368421,0.8907646474677259,0.8301886792452831,0.8421052631578947,1.0,0.7272727272727273,1.0,0.0,0.0
3142,0.8157894736842105,0.8397147147147148,0.7083333333333334,0.8108108108108109,1.0,0.6818181818181818,1.0,0.0,0.0
3143,0.9572368421052632,0.9492680617044789,0.8990825688073395,0.9604863221884499,0.9882352941176471,0.9349112426035503,0.9875,0.0,0.012499999999999923
3144,0.9144736842105263,0.8907397007250989,0.8551724137931035,0.8333333333333334,0.9837133550488599,0.7471264367816092,0.9420289855072463,0.0,0.057971014492752784
3145,0.9210526315789473,0.9194536457694352,0.8848484848484849,0.8974358974358975,0.9760765550239234,0.84,0.963302752293578,0.0,0.03669724770642168
3146,0.7927631578947368,0.8050314832967187,0.6888888888888889,0.7725631768953068,0.9536423841059603,0.6484848484848484,0.9553571428571429,0.0,0.04464285714285675
3147,0.868421052631579,0.8583856108469329,0.7619047619047619,0.8765432098765432,0.9367088607594937,0.8160919540229885,0.9466666666666667,0.0,0.05333333333333298
3148,0.8881578947368421,0.863123190700453,0.7184466019417476,0.9090909090909091,0.9618320610687023,0.85,0.9770114942528736,0.0,0.022988505747126305
3149,0.8552631578947368,0.874960411439805,0.8646864686468647,0.7924528301886793,0.967741935483871,0.6666666666666666,0.9767441860465116,0.0,0.023255813953488105
3150,0.9506578947368421,0.9534991862357591,0.9197860962566845,0.9407114624505929,1.0,0.8880597014925373,1.0,0.0,0.0
3151,0.9013157894736842,0.8490400726500646,0.6666666666666666,0.8972602739726028,0.9831932773109243,0.8291139240506329,0.9776119402985075,0.0,0.02238805970149237
3152,0.8914473684210527,0.8676884957870289,0.75,0.8745247148288974,0.9785407725321889,0.7931034482758621,0.9745762711864406,0.0,0.02542372881355911
3153,0.9473684210526315,0.9491175672006517,0.9333333333333333,0.937007874015748,0.9770114942528736,0.9015151515151515,0.9754098360655737,0.0,0.024590163934426028
3154,0.8782894736842105,0.844821502384337,0.6542056074766355,0.8802588996763754,1.0,0.7861271676300579,1.0,0.0,0.0
3155,0.8980263157894737,0.8497917207451082,0.651685393258427,0.8976897689768977,1.0,0.8143712574850299,1.0,0.0,0.0
3156,0.993421052631579,0.9909297052154195,0.9795918367346939,0.9931972789115646,1.0,0.9864864864864865,1.0,0.0,0.0
3157,0.8947368421052632,0.9025956340112208,0.851063829787234,0.8848920863309353,0.971830985915493,0.8092105263157895,0.9761904761904762,0.0,0.02380952380952362
3158,0.9013157894736842,0.9005082391630662,0.8354430379746836,0.8880597014925373,0.978021978021978,0.815068493150685,0.9754098360655737,0.0,0.024590163934426028
3159,0.944078947368421,0.9425097413266984,0.9142857142857143,0.9411764705882353,0.9720670391061452,0.912751677852349,0.9714285714285714,0.0,0.02857142857142837
3160,0.9013157894736842,0.8935466597402403,0.8292682926829268,0.9079754601226994,0.9433962264150944,0.8654970760233918,0.9548387096774194,0.0,0.04516129032258036
3161,0.8256578947368421,0.737111003587187,0.38961038961038963,0.8664987405541562,0.9552238805970149,0.7818181818181819,0.9717514124293786,0.0,0.02824858757062131
3162,0.9539473684210527,0.9510671823520985,0.8923076923076924,0.9608938547486033,1.0,0.9247311827956989,1.0,0.0,0.0
3163,0.9967105263157895,0.9968033747977545,0.9933774834437086,0.9970326409495549,1.0,0.9940828402366864,1.0,0.0,0.0
3164,0.8651315789473685,0.8255958051797307,0.6972477064220184,0.8075117370892019,0.972027972027972,0.7107438016528925,0.9347826086956522,0.0,0.06521739130434712
3165,0.881578947368421,0.8412791975632623,0.6595744680851063,0.8838709677419355,0.9803921568627451,0.8058823529411765,0.9785714285714285,0.0,0.021428571428571276
3166,0.9078947368421053,0.9149214051570608,0.8837209302325582,0.9176470588235294,0.9433962264150944,0.8571428571428571,0.9873417721518988,0.0,0.012658227848101186
3167,0.7894736842105263,0.8030707364188076,0.7431192660550459,0.7142857142857143,0.9518072289156626,0.5797101449275363,0.9302325581395349,0.0,0.06976744186046431
3168,0.9111842105263158,0.9075890846591483,0.8535031847133758,0.9298701298701298,0.9393939393939394,0.8817733990147784,0.9835164835164835,0.0,0.016483516483516394
3169,0.9177631578947368,0.9186103269587843,0.8717948717948718,0.9216300940438872,0.9624060150375939,0.875,0.9735099337748344,0.0,0.02649006622516539
3170,0.8947368421052632,0.8921487946147275,0.8082191780821918,0.8926174496644296,0.975609756097561,0.8209876543209876,0.9779411764705882,0.0,0.022058823529411603
3171,0.9868421052631579,0.9895807895807897,1.0,0.9846153846153847,0.9841269841269841,0.9922480620155039,0.9770992366412213,0.0,0.022900763358778452
3172,0.9111842105263158,0.8614410419288469,0.6756756756756757,0.926829268292683,0.9818181818181818,0.8724489795918368,0.9884393063583815,0.0,0.01156069364161843
3173,0.9210526315789473,0.9143337110124948,0.8764044943820225,0.875,0.9915966386554622,0.7850467289719626,0.9882352941176471,0.0,0.011764705882352804
3174,0.9407894736842105,0.8912167606768735,0.7352941176470589,0.9383561643835616,1.0,0.8838709677419355,1.0,0.0,0.0
3175,0.9013157894736842,0.9064935064935065,0.8051948051948052,0.9142857142857143,1.0,0.8421052631578947,1.0,0.0,0.0
3176,0.930921052631579,0.9309070386108532,0.9230769230769231,0.8900523560209425,0.9795918367346939,0.8252427184466019,0.9659090909090909,0.0,0.03409090909090871
3177,0.8914473684210527,0.8905053954860588,0.8427672955974843,0.8695652173913043,0.9591836734693877,0.8029197080291971,0.9482758620689655,0.0,0.05172413793103404
3178,0.819078947368421,0.8317974097441777,0.7301587301587301,0.7908745247148289,0.9743589743589743,0.6666666666666666,0.9719626168224299,0.0,0.028037383177569833
3179,0.8519736842105263,0.8449833951955593,0.7482993197278912,0.8262548262548263,0.9603960396039604,0.7328767123287672,0.9469026548672567,0.0,0.0530973451327429
3180,0.9736842105263158,0.9715685016144823,0.9811320754716981,0.9727891156462585,0.9607843137254902,0.9662162162162162,0.9794520547945206,0.0,0.020547945205479312
3181,0.944078947368421,0.9202930402930404,0.8131868131868132,0.9476923076923077,1.0,0.9005847953216374,1.0,0.0,0.0
3182,0.9078947368421053,0.9190447461035696,0.8868778280542986,0.9102564102564102,0.96,0.8502994011976048,0.9793103448275862,0.0,0.02068965517241365
3183,0.9407894736842105,0.9272629310344828,0.859375,0.9224137931034483,1.0,0.856,1.0,0.0,0.0
3184,0.8914473684210527,0.8846212280046064,0.8104575163398693,0.8619246861924686,0.9814814814814815,0.7744360902255639,0.9716981132075472,0.0,0.028301886792452564
3185,0.944078947368421,0.9413308153202199,0.9256198347107438,0.9322709163346613,0.9661016949152542,0.9140625,0.9512195121951219,0.0,0.048780487804877655
3186,0.9506578947368421,0.9476051891255516,0.9172932330827067,0.9567723342939481,0.96875,0.9325842696629213,0.9822485207100592,0.0,0.017751479289940725
3187,0.7993421052631579,0.7936179726110802,0.624113475177305,0.828169014084507,0.9285714285714286,0.7277227722772277,0.9607843137254902,0.0,0.03921568627450955
3188,0.8486842105263158,0.8258856848327328,0.7027027027027027,0.7830188679245284,0.9919354838709677,0.6484375,0.9880952380952381,0.0,0.011904761904761764
3189,0.9243421052631579,0.9240784080976647,0.8705882352941177,0.9068825910931174,0.9947643979057592,0.8296296296296296,1.0,0.0,0.0
3190,0.8782894736842105,0.8806031076613264,0.8255813953488372,0.8549019607843137,0.9613259668508287,0.7730496453900709,0.956140350877193,0.0,0.043859649122806633
3191,0.9375,0.9339277001552451,0.8862275449101796,0.9155555555555556,1.0,0.8442622950819673,1.0,0.0,0.0
3192,0.8782894736842105,0.7690908514030778,0.49122807017543857,0.8412017167381974,0.9748427672955975,0.7596899224806202,0.9423076923076923,0.0,0.05769230769230714
3193,0.8486842105263158,0.808587800738744,0.6415094339622641,0.816,0.9682539682539683,0.7183098591549296,0.9444444444444444,0.0,0.055555555555555046
3194,0.9210526315789473,0.918029618539424,0.8990825688073395,0.9178082191780822,0.9371980676328503,0.9115646258503401,0.9241379310344827,0.0,0.07586206896551673
3195,0.9210526315789473,0.8932729840335444,0.819672131147541,0.9361702127659575,0.9239766081871345,0.9263157894736842,0.946236559139785,0.0,0.05376344086021476
3196,0.8519736842105263,0.8522221672516758,0.7607361963190185,0.8288973384030418,0.967032967032967,0.7315436241610739,0.956140350877193,0.0,0.043859649122806633
3197,0.8322368421052632,0.7719356195294331,0.5301204819277109,0.8538681948424068,0.9318181818181818,0.7801047120418848,0.9430379746835443,0.0,0.05696202531645534
3198,0.8585526315789473,0.8604734604734605,0.7675675675675676,0.8138528138528138,1.0,0.6861313868613139,1.0,0.0,0.0
3199,0.8717105263157895,0.8493799595691397,0.7022900763358778,0.8458498023715415,1.0,0.7328767123287672,1.0,0.0,0.0
3200,0.8519736842105263,0.8554923841749446,0.8054298642533937,0.7715736040609137,0.9894736842105263,0.6333333333333333,0.987012987012987,0.0,0.01298701298701282
3201,0.8421052631578947,0.8233422743434596,0.6722689075630253,0.8536585365853658,0.9440993788819876,0.7692307692307693,0.958904109589041,0.0,0.041095890410958624
3202,0.8782894736842105,0.7976340472314707,0.5454545454545454,0.8762541806020067,0.9711934156378601,0.808641975308642,0.9562043795620438,0.0,0.04379562043795589
3203,0.9605263157894737,0.9536861148801448,0.8909090909090909,0.9701492537313433,1.0,0.9420289855072463,1.0,0.0,0.0
3204,0.8618421052631579,0.8652952952952954,0.7777777777777778,0.8581081081081081,0.96,0.774390243902439,0.9621212121212122,0.0,0.037878787878787595
3205,0.9342105263157895,0.9165238167967414,0.8316831683168316,0.9319727891156463,0.9859154929577465,0.8838709677419355,0.9856115107913669,0.0,0.01438848920863299
3206,0.875,0.8768271778089449,0.7956989247311828,0.8347826086956521,1.0,0.7164179104477612,1.0,0.0,0.0
3207,0.9111842105263158,0.8753620293618297,0.7096774193548387,0.9164086687306502,1.0,0.8457142857142858,1.0,0.0,0.0
3208,0.9473684210526315,0.9419603965058511,0.9090909090909091,0.9338842975206612,0.9829059829059829,0.8968253968253969,0.9741379310344828,0.0,0.02586206896551702
3209,0.9375,0.9353006276458252,0.8707482993197279,0.9351535836177475,1.0,0.8782051282051282,1.0,0.0,0.0
3210,0.8092105263157895,0.8050239897939374,0.6785714285714286,0.7563025210084033,0.9801980198019802,0.6206896551724138,0.967741935483871,0.0,0.032258064516128684
3211,0.7532894736842105,0.724748593426118,0.464,0.755700325732899,0.9545454545454546,0.6270270270270271,0.9508196721311475,0.0,0.049180327868852056
3212,0.8585526315789473,0.8619502932259046,0.7657142857142857,0.8313725490196079,0.9887640449438202,0.7210884353741497,0.9814814814814815,0.0,0.018518518518518347
3213,0.9111842105263158,0.9245171752911691,0.8571428571428571,0.9164086687306502,1.0,0.8457142857142858,1.0,0.0,0.0
3214,0.9144736842105263,0.9045366014150836,0.8292682926829268,0.9097222222222222,0.9746192893401016,0.8618421052631579,0.9632352941176471,0.0,0.03676470588235267
3215,0.9835526315789473,0.9869789679814858,1.0,0.980544747081712,0.9803921568627451,0.9921259842519685,0.9692307692307692,0.0,0.030769230769230535
3216,0.8947368421052632,0.8497602459686652,0.6835443037974683,0.92,0.9457364341085271,0.8761904761904762,0.968421052631579,0.0,0.03157894736842089
3217,0.8585526315789473,0.8740569851128858,0.8266666666666667,0.8244897959183674,0.9710144927536232,0.7163120567375887,0.9711538461538461,0.0,0.02884615384615357
3218,0.7960526315789473,0.8080727466202328,0.5974025974025974,0.8268156424581006,1.0,0.7047619047619048,1.0,0.0,0.0
3219,0.8881578947368421,0.877626567135611,0.8641975308641975,0.7733333333333333,0.9953488372093023,0.6304347826086957,1.0,0.0,0.0
3220,0.9342105263157895,0.9309656928367063,0.8823529411764706,0.934640522875817,0.9759036144578314,0.89375,0.9794520547945206,0.0,0.020547945205479312
3221,0.8585526315789473,0.8671301563224203,0.8,0.8532423208191127,0.9481481481481482,0.7668711656441718,0.9615384615384616,0.0,0.038461538461538165
3222,0.8585526315789473,0.8095137582005106,0.5977011494252874,0.8802228412256268,0.9506172839506173,0.8102564102564103,0.9634146341463414,0.0,0.03658536585365831
3223,0.8717105263157895,0.8702881348042638,0.7792207792207793,0.8602150537634409,0.9714285714285714,0.7692307692307693,0.975609756097561,0.0,0.024390243902438827
3224,0.881578947368421,0.8761125466551823,0.7407407407407407,0.8953488372093024,0.9922480620155039,0.8148148148148148,0.9935483870967742,0.0,0.006451612903225765
3225,0.8092105263157895,0.7805384351994521,0.5423728813559322,0.8242424242424242,0.975,0.7120418848167539,0.9784172661870504,0.0,0.021582733812949485
3226,0.9407894736842105,0.9203590527119939,0.8409090909090909,0.9558823529411765,0.9642857142857143,0.9285714285714286,0.9848484848484849,0.0,0.015151515151515076
3227,0.8717105263157895,0.8565248676671463,0.7164179104477612,0.8581818181818182,0.9949748743718593,0.7515923566878981,1.0,0.0,0.0
3228,0.9177631578947368,0.9071467951136002,0.8251748251748252,0.8962655601659751,1.0,0.8120300751879699,1.0,0.0,0.0
3229,0.8618421052631579,0.842248746632411,0.6890756302521008,0.8662420382165605,0.9714285714285714,0.7771428571428571,0.9784172661870504,0.0,0.021582733812949485
3230,0.7368421052631579,0.763958265701849,0.6899563318777293,0.6666666666666666,0.935251798561151,0.5228758169934641,0.9195402298850575,0.0,0.08045977011494161
3231,0.9046052631578947,0.8854831253165765,0.7586206896551724,0.903010033444816,0.9948186528497409,0.8282208588957055,0.9926470588235294,0.0,0.007352941176470534
3232,0.9605263157894737,0.9421889370647746,0.8604651162790697,0.9661016949152542,1.0,0.9344262295081968,1.0,0.0,0.0
3233,0.9342105263157895,0.9393889302146183,0.908256880733945,0.9099099099099099,1.0,0.8347107438016529,1.0,0.0,0.0
3234,0.9473684210526315,0.9543680014961312,0.9175257731958762,0.9455782312925171,1.0,0.896774193548387,1.0,0.0,0.0
3235,0.8519736842105263,0.8429648642562321,0.7114093959731543,0.8275862068965517,0.98989898989899,0.7105263157894737,0.9908256880733946,0.0,0.00917431192660542
3236,0.7993421052631579,0.777450592265407,0.6013986013986014,0.7489711934156379,0.9819819819819819,0.610738255033557,0.9680851063829787,0.0,0.03191489361702094
3237,0.9736842105263158,0.9664224664224664,0.9230769230769231,0.9761904761904762,1.0,0.9534883720930233,1.0,0.0,0.0
3238,0.9276315789473685,0.929428456864378,0.8910891089108911,0.897196261682243,1.0,0.8135593220338984,1.0,0.0,0.0
3239,0.8453947368421053,0.842419660401632,0.7368421052631579,0.8290909090909091,0.9613259668508287,0.7307692307692307,0.957983193277311,0.0,0.042016806722688725
3240,0.7894736842105263,0.7960704607046072,0.65,0.8048780487804879,0.9333333333333333,0.6947368421052632,0.9565217391304348,0.0,0.043478260869564904
3241,0.875,0.9004339638090558,0.8389830508474576,0.8623188405797102,1.0,0.7579617834394905,1.0,0.0,0.0
3242,0.881578947368421,0.7456625351705352,0.3902439024390244,0.898876404494382,0.9478672985781991,0.8556149732620321,0.9467455621301775,0.0,0.053254437869822174
3243,0.8914473684210527,0.8410692744914389,0.6428571428571429,0.8945686900958466,0.985781990521327,0.8187134502923976,0.9859154929577465,0.0,0.014084507042253423
3244,0.9243421052631579,0.9205967943471031,0.8854961832061069,0.915129151291513,0.9611650485436893,0.8794326241134752,0.9538461538461539,0.0,0.0461538461538458
3245,0.8848684210526315,0.8901171027307039,0.8275862068965517,0.8754448398576512,0.9673202614379085,0.7987012987012987,0.968503937007874,0.0,0.03149606299212574
3246,0.9769736842105263,0.9759396266948944,0.9719626168224299,0.978328173374613,0.9775280898876404,0.9753086419753086,0.9813664596273292,0.0,0.018633540372670693
3247,0.9703947368421053,0.7182637182637183,0.18181818181818182,0.972972972972973,1.0,0.9473684210526315,1.0,0.0,0.0
3248,0.944078947368421,0.9456923307433805,0.9497206703910615,0.9333333333333333,0.9540229885057471,0.9153846153846154,0.952,0.0,0.04799999999999962
3249,0.8848684210526315,0.9027901947393473,0.8365384615384616,0.8813559322033898,0.9904761904761905,0.7926829268292683,0.9923664122137404,0.0,0.0076335877862594844
3250,0.9473684210526315,0.9297624348342332,0.875,0.949685534591195,0.9646017699115044,0.937888198757764,0.9617834394904459,0.0,0.038216560509553896
3251,0.9144736842105263,0.8992143540908607,0.8456375838926175,0.8631578947368421,0.9888475836431226,0.7735849056603774,0.9761904761904762,0.0,0.023809523809523527
3252,0.9177631578947368,0.9002198475558002,0.8372093023255814,0.8780487804878049,0.9854014598540146,0.8035714285714286,0.967741935483871,0.0,0.032258064516128684
3253,0.9013157894736842,0.8925491970900801,0.819672131147541,0.9079754601226994,0.95,0.8604651162790697,0.961038961038961,0.0,0.03896103896103871
3254,0.8388157894736842,0.8567038247702065,0.7628865979381443,0.8316151202749141,0.975609756097561,0.7202380952380952,0.983739837398374,0.0,0.016260162601625886
3255,0.9473684210526315,0.9409177285548173,0.8983050847457628,0.9440559440559441,0.9803921568627451,0.9121621621621622,0.9782608695652174,0.0,0.021739130434782452
3256,0.9506578947368421,0.9574341813032486,0.9894736842105263,0.9514563106796117,0.9313725490196079,0.9735099337748344,0.930379746835443,0.0,0.06962025316455653
3257,0.9078947368421053,0.8744957418198117,0.6956521739130435,0.9278350515463918,1.0,0.8653846153846154,1.0,0.0,0.0
3258,0.8947368421052632,0.9158968324016867,0.8446601941747572,0.9030303030303031,1.0,0.8232044198895028,1.0,0.0,0.0
3259,0.8388157894736842,0.8022426907863801,0.6019417475728155,0.8492307692307692,0.9555555555555556,0.7624309392265194,0.9583333333333334,0.0,0.04166666666666638
3260,0.8486842105263158,0.7836331164689373,0.6666666666666666,0.7051282051282052,0.9791044776119403,0.5729166666666666,0.9166666666666666,0.0,0.08333333333333194
3261,0.9375,0.9343144594428239,0.8776978417266187,0.9372937293729373,0.9879518072289156,0.8875,0.993006993006993,0.0,0.006993006993006944
3262,0.8453947368421053,0.8052982001754602,0.651685393258427,0.8303249097472925,0.9338842975206612,0.7718120805369127,0.8984375,0.0,0.10156249999999921
3263,0.9703947368421053,0.9617489847265287,0.993103448275862,0.9754768392370572,0.9166666666666666,0.9835164835164835,0.9675675675675676,0.0,0.03243243243243226
3264,0.9375,0.9380069103473359,0.9333333333333333,0.9191489361702128,0.9615384615384616,0.9,0.9391304347826087,0.0,0.06086956521739078
3265,0.8782894736842105,0.8600959763750461,0.8,0.827906976744186,0.9523809523809523,0.7542372881355932,0.9175257731958762,0.0,0.08247422680412286
3266,0.9572368421052632,0.9494021225212329,0.8990825688073395,0.9655172413793104,0.9836065573770492,0.9430051813471503,0.9891304347826086,0.0,0.010869565217391245
3267,0.9243421052631579,0.9258071593656475,0.8705882352941177,0.9125475285171103,0.9942857142857143,0.8391608391608392,1.0,0.0,0.0
3268,0.9407894736842105,0.9394291796872946,0.9299363057324841,0.918918918918919,0.9694323144104804,0.8869565217391304,0.9532710280373832,0.0,0.04672897196261639
3269,0.9835526315789473,0.9843985498390974,0.9795918367346939,0.9795918367346939,0.9940119760479041,0.96,1.0,0.0,0.0
3270,0.9342105263157895,0.9232991212115977,0.8448275862068966,0.9363057324840764,0.9887640449438202,0.8909090909090909,0.9865771812080537,0.0,0.01342281879194622
3271,0.9243421052631579,0.901362649873697,0.8444444444444444,0.9337175792507204,0.9259259259259259,0.9418604651162791,0.9257142857142857,0.0,0.07428571428571386
3272,0.8453947368421053,0.823193330362448,0.7700534759358288,0.7151515151515152,0.984375,0.5728155339805825,0.9516129032258065,0.0,0.04838709677419277
3273,0.944078947368421,0.9365276290414194,0.8923076923076924,0.9300411522633745,0.9872340425531915,0.8828125,0.9826086956521739,0.0,0.017391304347825938
3274,0.8388157894736842,0.8211524090462143,0.608,0.855457227138643,1.0,0.7474226804123711,1.0,0.0,0.0
3275,0.8914473684210527,0.8918685945715866,0.8662420382165605,0.8705882352941177,0.9387755102040817,0.8222222222222222,0.925,0.0,0.07499999999999937
3276,0.9111842105263158,0.8975840102857812,0.8169014084507042,0.88,0.995850622406639,0.792,0.99,0.0,0.009999999999999901
3277,0.8914473684210527,0.893916564648272,0.8902439024390244,0.8725868725868726,0.918918918918919,0.837037037037037,0.9112903225806451,0.0,0.08870967741935412
3278,0.9473684210526315,0.9281183932346723,0.8604651162790697,0.9393939393939394,0.9844961240310077,0.9051094890510949,0.9763779527559056,0.0,0.023622047244094304
3279,0.9078947368421053,0.8709880548946091,0.8,0.9323671497584541,0.8805970149253731,0.9234449760765551,0.9414634146341463,0.0,0.05853658536585338
3280,0.9144736842105263,0.9296063625018508,0.8737864077669902,0.9150326797385621,1.0,0.8433734939759037,1.0,0.0,0.0
3281,0.8980263157894737,0.876525061231081,0.7522935779816514,0.8976897689768977,0.9795918367346939,0.8292682926829268,0.9784172661870504,0.0,0.021582733812949485
3282,0.9506578947368421,0.9281640531969567,0.8571428571428571,0.9618320610687023,0.9655172413793104,0.945,0.9792746113989638,0.0,0.020725388601036163
3283,0.7532894736842105,0.7966706891140857,0.6262626262626263,0.7774480712166172,0.9863013698630136,0.6390243902439025,0.9924242424242424,0.0,0.007575757575757519
3284,0.9407894736842105,0.9325748620961387,0.8958333333333334,0.9444444444444444,0.9574468085106383,0.9272727272727272,0.9622641509433962,0.0,0.037735849056603536
3285,0.9506578947368421,0.9497966942013533,0.9565217391304348,0.9532710280373832,0.9395973154362416,0.9503105590062112,0.95625,0.0,0.04374999999999973
3286,0.9046052631578947,0.9053848565525847,0.89171974522293,0.9023569023569024,0.922077922077922,0.8701298701298701,0.9370629370629371,0.0,0.0629370629370625
3287,0.8355263157894737,0.8255448418504351,0.7058823529411765,0.823943661971831,0.9468085106382979,0.7358490566037735,0.936,0.0,0.06399999999999949
3288,0.9539473684210527,0.9337121212121212,0.8409090909090909,0.9602272727272727,1.0,0.9234972677595629,1.0,0.0,0.0
3289,0.9407894736842105,0.9109088136876125,0.819672131147541,0.9444444444444444,0.968609865470852,0.9272727272727272,0.9622641509433962,0.0,0.037735849056603536
3290,0.9243421052631579,0.9363313532735824,0.8962264150943396,0.9230769230769231,0.9896907216494846,0.8625,0.9928057553956835,0.0,0.007194244604316495
3291,0.8914473684210527,0.8880533309987988,0.8284023668639053,0.8546255506607929,0.9811320754716981,0.7637795275590551,0.97,0.0,0.0299999999999997
3292,0.7532894736842105,0.7771397493726956,0.7008547008547008,0.6636771300448431,0.9668874172185431,0.5103448275862069,0.9487179487179487,0.0,0.05128205128205063
3293,0.875,0.8820408509195694,0.8405797101449275,0.8347826086956521,0.9707602339181286,0.732824427480916,0.9696969696969697,0.0,0.03030303030303
3294,0.9572368421052632,0.9440604770089878,0.8888888888888888,0.9573770491803278,0.9859154929577465,0.9240506329113924,0.9931972789115646,0.0,0.006802721088435328
3295,0.9835526315789473,0.9819556071109639,0.9664429530201343,0.9794238683127572,1.0,0.9596774193548387,1.0,0.0,0.0
3296,0.8585526315789473,0.7859874202057092,0.5185185185185185,0.8571428571428571,0.9823008849557522,0.7633136094674556,0.9772727272727273,0.0,0.022727272727272554
3297,0.8782894736842105,0.8566978605146544,0.7027027027027027,0.905852417302799,0.9615384615384616,0.839622641509434,0.9834254143646409,0.0,0.016574585635359025
3298,0.9539473684210527,0.9385632068056488,0.8990825688073395,0.9263157894736842,0.9902912621359223,0.88,0.9777777777777777,0.0,0.022222222222221977
3299,0.8355263157894737,0.8489810156720838,0.7540983606557377,0.8322147651006712,0.9606299212598425,0.7294117647058823,0.96875,0.0,0.031249999999999757
3300,0.9046052631578947,0.8703669212143789,0.6813186813186813,0.9297820823244553,1.0,0.8687782805429864,1.0,0.0,0.0
3301,0.75,0.7624923361901409,0.6633663366336634,0.6695652173913044,0.9545454545454546,0.5238095238095238,0.927710843373494,0.0,0.07228915662650516
3302,0.8421052631578947,0.8576081007115489,0.8275862068965517,0.8285714285714286,0.9166666666666666,0.7341772151898734,0.9508196721311475,0.0,0.049180327868852056
3303,0.9243421052631579,0.9289880987487512,0.9178743961352657,0.9132075471698113,0.9558823529411765,0.8642857142857143,0.968,0.0,0.031999999999999744
3304,0.9407894736842105,0.938063063063063,0.875,0.9391891891891891,1.0,0.8853503184713376,1.0,0.0,0.0
3305,0.9506578947368421,0.9515277189158645,0.95,0.9397590361445783,0.964824120603015,0.9212598425196851,0.9590163934426229,0.0,0.04098360655737671
3306,0.9078947368421053,0.8763285024154589,0.6956521739130435,0.9333333333333333,1.0,0.875,1.0,0.0,0.0
3307,0.9868421052631579,0.9866447728516694,1.0,0.9885057471264368,0.9714285714285714,0.9942196531791907,0.9828571428571429,0.0,0.017142857142857047
3308,0.9243421052631579,0.9217769682250557,0.9074074074074074,0.9245901639344263,0.9333333333333333,0.9096774193548387,0.94,0.0,0.0599999999999996
3309,0.9375,0.9246872290350551,0.8376068376068376,0.9364548494983278,1.0,0.8805031446540881,1.0,0.0,0.0
3310,0.9506578947368421,0.9433052225323649,0.8990825688073395,0.9535603715170279,0.9772727272727273,0.927710843373494,0.9808917197452229,0.0,0.019108280254776948
3311,0.9407894736842105,0.92314428866153,0.8571428571428571,0.9379310344827586,0.9743589743589743,0.912751677852349,0.9645390070921985,0.0,0.03546099290780117
3312,0.8914473684210527,0.8580993444806674,0.7027027027027027,0.8715953307392996,1.0,0.7724137931034483,1.0,0.0,0.0
3313,0.8980263157894737,0.8908654615261558,0.8571428571428571,0.8680851063829788,0.9473684210526315,0.8225806451612904,0.918918918918919,0.0,0.08108108108108035
3314,0.8519736842105263,0.8677609829109031,0.7239263803680982,0.8793565683646113,1.0,0.784688995215311,1.0,0.0,0.0
3315,0.9473684210526315,0.9238470255419408,0.8571428571428571,0.9548022598870056,0.9595959595959596,0.9441340782122905,0.9657142857142857,0.0,0.03428571428571409
3316,0.9835526315789473,0.9865045163862775,1.0,0.9848942598187311,0.9746192893401016,0.9939024390243902,0.9760479041916168,0.0,0.02395209580838309
3317,0.9407894736842105,0.926729667593898,0.8571428571428571,0.9447852760736196,0.9782608695652174,0.9112426035502958,0.9808917197452229,0.0,0.019108280254776948
3318,0.9210526315789473,0.9253539253539254,0.8571428571428571,0.918918918918919,1.0,0.85,1.0,0.0,0.0
3319,0.8125,0.8141765604796051,0.6850828729281768,0.7574468085106383,1.0,0.6095890410958904,1.0,0.0,0.0
3320,0.9177631578947368,0.9100692908742444,0.8571428571428571,0.9122807017543859,0.9607843137254902,0.87248322147651,0.9558823529411765,0.0,0.044117647058823206
3321,0.8947368421052632,0.894084859414851,0.8157894736842105,0.891156462585034,0.9753086419753086,0.81875,0.9776119402985075,0.0,0.02238805970149237
3322,0.8453947368421053,0.8606927604556297,0.7881773399014779,0.8653295128939829,0.9285714285714286,0.7743589743589744,0.9805194805194806,0.0,0.019480519480519355
3323,0.9276315789473685,0.937962962962963,0.875,0.9388888888888889,1.0,0.8848167539267016,1.0,0.0,0.0
3324,0.930921052631579,0.9097945402825482,0.8314606741573034,0.947103274559194,0.9508196721311475,0.9170731707317074,0.9791666666666666,0.0,0.020833333333333225
3325,0.7664473684210527,0.7956268101195638,0.6243386243386243,0.7625418060200669,1.0,0.6162162162162163,1.0,0.0,0.0
3326,0.8519736842105263,0.845778582107168,0.7486033519553073,0.7887323943661971,1.0,0.6511627906976745,1.0,0.0,0.0
3327,0.9473684210526315,0.9002513826043238,0.9058823529411765,0.7948717948717948,1.0,0.6595744680851063,1.0,0.0,0.0
3328,0.9638157894736842,0.940445753077332,0.8727272727272727,0.9661538461538461,0.9824561403508771,0.9515151515151515,0.98125,0.0,0.018749999999999885
3329,0.9046052631578947,0.8947789315887476,0.7936507936507936,0.9090909090909091,0.9815950920245399,0.8430232558139535,0.9863945578231292,0.0,0.013605442176870656
3330,0.8519736842105263,0.7712335454270938,0.46153846153846156,0.8680351906158358,0.9841269841269841,0.774869109947644,0.9866666666666667,0.0,0.013333333333333246
3331,0.8914473684210527,0.9002057619168419,0.8432432432432433,0.8896321070234113,0.967741935483871,0.8209876543209876,0.9708029197080292,0.0,0.02919708029197059
3332,0.8355263157894737,0.8286669612786969,0.7088607594936709,0.7967479674796748,0.9803921568627451,0.6758620689655173,0.9702970297029703,0.0,0.02970297029702941
3333,0.9407894736842105,0.9187857961053837,0.8222222222222222,0.9444444444444444,0.9896907216494846,0.9053254437869822,0.9870967741935484,0.0,0.01290322580645153
3334,0.8585526315789473,0.8576759358714247,0.7485380116959064,0.8244897959183674,1.0,0.7013888888888888,1.0,0.0,0.0
3335,0.9506578947368421,0.9405763912485371,0.8990825688073395,0.9382716049382716,0.984375,0.9047619047619048,0.9743589743589743,0.0,0.02564102564102542
3336,0.9243421052631579,0.9225217196619369,0.8876404494382022,0.8940092165898618,0.9859154929577465,0.8220338983050848,0.9797979797979798,0.0,0.02020202020202
3337,0.9967105263157895,0.9967928842118449,1.0,0.997275204359673,0.993103448275862,1.0,0.9945652173913043,0.0,0.0054347826086956225
3338,0.9046052631578947,0.907257500349783,0.8104575163398693,0.9113149847094801,1.0,0.8370786516853933,1.0,0.0,0.0
3339,0.8651315789473685,0.8712011588000398,0.8401826484018264,0.8075117370892019,0.9659090909090909,0.6991869918699187,0.9555555555555556,0.0,0.044444444444443953
3340,0.8651315789473685,0.8687218586608955,0.8021390374331551,0.825531914893617,0.978494623655914,0.7185185185185186,0.97,0.0,0.0299999999999997
3341,0.944078947368421,0.9333595943766989,0.8869565217391304,0.9288702928870293,0.984251968503937,0.888,0.9736842105263158,0.0,0.02631578947368398
3342,1.0,1.0,1.0,1.0,1.0,1.0,1.0,0.0,0.0
3343,0.9638157894736842,0.937599270242322,0.8484848484848485,0.9700272479564033,0.9942857142857143,0.9417989417989417,1.0,0.0,0.0
3344,0.9473684210526315,0.9468436047383415,0.9473684210526315,0.9487179487179487,0.9444444444444444,0.9367088607594937,0.961038961038961,0.0,0.03896103896103871
3345,0.9243421052631579,0.9286464079162906,0.863905325443787,0.9220338983050848,1.0,0.8553459119496856,1.0,0.0,0.0
3346,0.8388157894736842,0.7594788226589428,0.6524822695035462,0.6259541984732825,1.0,0.45555555555555555,1.0,0.0,0.0
3347,0.9572368421052632,0.9503806923621606,0.918918918918919,0.9486166007905138,0.9836065573770492,0.9230769230769231,0.975609756097561,0.0,0.024390243902438827
3348,0.9703947368421053,0.9615690043880569,0.9230769230769231,0.9657794676806084,0.995850622406639,0.9407407407407408,0.9921875,0.0,0.007812499999999939
3349,0.9473684210526315,0.9436781609195402,0.9,0.9310344827586207,1.0,0.8709677419354839,1.0,0.0,0.0
3350,0.8980263157894737,0.893410461928137,0.8356164383561644,0.8784313725490196,0.966183574879227,0.8175182481751825,0.9491525423728814,0.0,0.05084745762711822
3351,0.9671052631578947,0.9683516483516484,0.945054945054945,0.96,1.0,0.9230769230769231,1.0,0.0,0.0
3352,0.8914473684210527,0.8158517197089235,0.5671641791044776,0.8990825688073395,0.9813084112149533,0.8305084745762712,0.98,0.0,0.01999999999999987
3353,0.7960526315789473,0.8145338885373904,0.7040816326530612,0.7669172932330827,0.9726027397260274,0.6335403726708074,0.9714285714285714,0.0,0.0285714285714283
3354,0.868421052631579,0.8618094125912634,0.7555555555555555,0.8795180722891566,0.950354609929078,0.8111111111111111,0.9605263157894737,0.0,0.03947368421052606
3355,0.8717105263157895,0.8354909216907798,0.6530612244897959,0.8807339449541285,0.9726775956284153,0.8044692737430168,0.972972972972973,0.0,0.027027027027026845
3356,0.8157894736842105,0.7982842610502185,0.6212121212121212,0.8055555555555556,0.9680851063829787,0.6946107784431138,0.9586776859504132,0.0,0.04132231404958644
3357,0.9671052631578947,0.9719984392572701,0.9514563106796117,0.9645390070921985,1.0,0.9315068493150684,1.0,0.0,0.0
3358,0.944078947368421,0.90021992344573,0.7575757575757576,0.9476923076923077,0.9953917050691244,0.9058823529411765,0.9935483870967742,0.0,0.006451612903225765
3359,0.9111842105263158,0.9042755349529878,0.8413793103448276,0.889795918367347,0.981651376146789,0.8195488721804511,0.9732142857142857,0.0,0.02678571428571405
3360,0.8914473684210527,0.8783882783882784,0.7863247863247863,0.905982905982906,0.9428571428571428,0.8548387096774194,0.9636363636363636,0.0,0.03636363636363615
3361,0.9013157894736842,0.8800370788503383,0.7478260869565218,0.8972602739726028,0.9950248756218906,0.81875,0.9924242424242424,0.0,0.007575757575757519
3362,0.9144736842105263,0.8942935966313345,0.8169014084507042,0.865979381443299,1.0,0.7636363636363637,1.0,0.0,0.0
3363,0.868421052631579,0.8601894521249359,0.7714285714285715,0.8924731182795699,0.9166666666666666,0.83,0.9651162790697675,0.0,0.034883720930232356
3364,0.9407894736842105,0.9220681903334582,0.8235294117647058,0.9426751592356688,1.0,0.891566265060241,1.0,0.0,0.0
3365,0.944078947368421,0.9357897985380479,0.8909090909090909,0.9395017793594306,0.9769585253456221,0.9103448275862069,0.9705882352941176,0.0,0.029411764705882137
3366,0.868421052631579,0.7629714081326985,0.46153846153846156,0.8918918918918919,0.9354838709677419,0.8418367346938775,0.9482758620689655,0.0,0.051724137931034184
3367,0.9177631578947368,0.908392571935675,0.819672131147541,0.9253731343283582,0.9801324503311258,0.8707865168539326,0.9872611464968153,0.0,0.012738853503184632
3368,0.9342105263157895,0.9022785999530186,0.7674418604651163,0.9393939393939394,1.0,0.8857142857142857,1.0,0.0,0.0
3369,0.881578947368421,0.7921747668139422,0.5,0.8971428571428571,0.979381443298969,0.8263157894736842,0.98125,0.0,0.018749999999999885
3370,0.8453947368421053,0.8256562784712301,0.6896551724137931,0.8676056338028169,0.9197080291970803,0.7979274611398963,0.9506172839506173,0.0,0.049382716049382415
3371,0.9013157894736842,0.8668343442838817,0.7317073170731707,0.9147727272727273,0.9540229885057471,0.8702702702702703,0.9640718562874252,0.0,0.035928143712574634
3372,0.9243421052631579,0.8229414488495745,0.5714285714285714,0.9408740359897172,0.9565217391304348,0.915,0.9682539682539683,0.0,0.03174603174603158
3373,0.9342105263157895,0.9058542067806448,0.8048780487804879,0.9290780141843972,0.9836065573770492,0.891156462585034,0.9703703703703703,0.0,0.029629629629629412
3374,0.8914473684210527,0.8873910675381264,0.8496732026143791,0.8571428571428571,0.9553571428571429,0.792,0.9339622641509434,0.0,0.06603773584905598
3375,0.9177631578947368,0.9157379822722426,0.8771929824561403,0.8888888888888888,0.9811320754716981,0.819672131147541,0.970873786407767,0.0,0.02912621359223273
3376,0.8848684210526315,0.8700791237589666,0.8,0.8547717842323651,0.9554655870445344,0.7984496124031008,0.9196428571428571,0.0,0.08035714285714214
3377,0.9046052631578947,0.8859330698993148,0.7407407407407407,0.9265822784810127,0.9904761904761905,0.8672985781990521,0.9945652173913043,0.0,0.0054347826086956225
3378,0.9243421052631579,0.9226269939186329,0.9142857142857143,0.9105058365758755,0.943089430894309,0.9,0.9212598425196851,0.0,0.07874015748031435
3379,0.9276315789473685,0.8887239540381549,0.7441860465116279,0.9219858156028369,1.0,0.8552631578947368,1.0,0.0,0.0
3380,0.9638157894736842,0.9629783307747454,0.959349593495935,0.9652996845425867,0.9642857142857143,0.9622641509433962,0.9683544303797469,0.0,0.031645569620252965
3381,0.8782894736842105,0.8876145965341385,0.8514851485148515,0.862453531598513,0.948905109489051,0.7891156462585034,0.9508196721311475,0.0,0.049180327868852056
3382,0.9177631578947368,0.8964029923597208,0.7706422018348624,0.9185667752442996,1.0,0.8493975903614458,1.0,0.0,0.0
3383,0.7993421052631579,0.8082751322751323,0.6904761904761905,0.8063492063492064,0.928,0.7016574585635359,0.9477611940298507,0.0,0.05223880597014886
3384,0.8453947368421053,0.8624873099647518,0.7661691542288557,0.8212927756653993,1.0,0.6967741935483871,1.0,0.0,0.0
3385,0.9506578947368421,0.94310683301509,0.8990825688073395,0.9572649572649573,0.972972972972973,0.9333333333333333,0.9824561403508771,0.0,0.017543859649122705
3386,0.8651315789473685,0.8416365328388019,0.7076923076923077,0.8298755186721992,0.9873417721518988,0.7194244604316546,0.9803921568627451,0.0,0.01960784313725471
3387,0.9013157894736842,0.8808341608738828,0.7368421052631579,0.9056603773584906,1.0,0.8275862068965517,1.0,0.0,0.0
3388,0.9703947368421053,0.9684192213923634,0.9516129032258065,0.9716088328075709,0.9820359281437125,0.9565217391304348,0.9871794871794872,0.0,0.012820512820512739
3389,0.9539473684210527,0.9554824561403509,0.9125,0.9539473684210527,1.0,0.9119496855345912,1.0,0.0,0.0
3390,0.875,0.7739255950185959,0.46153846153846156,0.87248322147651,0.9877551020408163,0.7831325301204819,0.9848484848484849,0.0,0.015151515151515037
3391,0.9144736842105263,0.9044500973556936,0.819672131147541,0.9166666666666666,0.9770114942528736,0.8614457831325302,0.9794520547945206,0.0,0.020547945205479312
3392,0.9078947368421053,0.8987608535317979,0.819672131147541,0.9141104294478528,0.9625,0.8662790697674418,0.9675324675324676,0.0,0.032467532467532256
3393,0.8618421052631579,0.7692626482534818,0.47619047619047616,0.874251497005988,0.957345971563981,0.8021978021978022,0.9605263157894737,0.0,0.03947368421052606
3394,0.9375,0.9378630493519529,0.881578947368421,0.9389067524115756,0.993103448275862,0.8902439024390244,0.9931972789115646,0.0,0.006802721088435328
3395,0.9177631578947368,0.9235028294589424,0.8571428571428571,0.9216300940438872,0.9917355371900827,0.8596491228070176,0.9932432432432432,0.0,0.006756756756756711
3396,0.9013157894736842,0.8845244958035435,0.8131868131868132,0.9050632911392406,0.9353233830845771,0.8773006134969326,0.934640522875817,0.0,0.06535947712418258
3397,0.9605263157894737,0.9580475998386446,0.918918918918919,0.9552238805970149,1.0,0.9142857142857143,1.0,0.0,0.0
3398,0.9177631578947368,0.9118107168967687,0.8907563025210085,0.8908296943231441,0.9538461538461539,0.864406779661017,0.918918918918919,0.0,0.08108108108108035
3399,0.944078947368421,0.9421633209224013,0.9119170984455959,0.914572864321608,1.0,0.8425925925925926,1.0,0.0,0.0
3400,0.9671052631578947,0.9650233680084427,0.9253731343283582,0.9696969696969697,1.0,0.9411764705882353,1.0,0.0,0.0
3401,0.881578947368421,0.8201389835127402,0.5609756097560976,0.8994413407821229,1.0,0.817258883248731,1.0,0.0,0.0
3402,0.9144736842105263,0.8213292106479013,0.56,0.9216867469879518,0.9823008849557522,0.8693181818181818,0.9807692307692307,0.0,0.019230769230769107
3403,0.9276315789473685,0.9297022512708787,0.8705882352941177,0.9185185185185185,1.0,0.8493150684931506,1.0,0.0,0.0
3404,0.8453947368421053,0.8037647861824029,0.58,0.8605341246290801,0.9707602339181286,0.7671957671957672,0.9797297297297297,0.0,0.020270270270270133
3405,0.7598684210526315,0.801127324662387,0.6137566137566137,0.7896253602305475,1.0,0.6523809523809524,1.0,0.0,0.0
3406,0.8552631578947368,0.7656075860308448,0.44155844155844154,0.8598726114649682,0.9953917050691244,0.7584269662921348,0.9926470588235294,0.0,0.007352941176470534
3407,0.9407894736842105,0.9416981510004766,0.9498069498069498,0.9302325581395349,0.945054945054945,0.8888888888888888,0.975609756097561,0.0,0.024390243902438827
3408,0.9506578947368421,0.9488183836009924,0.927536231884058,0.918918918918919,1.0,0.85,1.0,0.0,0.0
3409,0.7796052631578947,0.7475271829458178,0.53125,0.7432950191570882,0.9680365296803652,0.610062893081761,0.9509803921568627,0.0,0.049019607843136775
3410,0.819078947368421,0.8002335890216533,0.6446280991735537,0.8405797101449275,0.9154929577464789,0.7591623036649214,0.9415584415584416,0.0,0.058441558441558066
3411,0.9276315789473685,0.9155329742536139,0.8448275862068966,0.9202898550724637,0.9814814814814815,0.8698630136986302,0.9769230769230769,0.0,0.0230769230769229
3412,0.9276315789473685,0.905879048248513,0.8314606741573034,0.945,0.9411764705882353,0.9219512195121952,0.9692307692307692,0.0,0.03076923076923061
3413,0.9342105263157895,0.9337844947151943,0.941747572815534,0.9310344827586207,0.9285714285714286,0.9060402684563759,0.9574468085106383,0.0,0.0425531914893614
3414,0.9605263157894737,0.9409645695585387,0.9130434782608695,0.9723502304147466,0.9375,0.9723502304147466,0.9723502304147466,0.0,0.02764976958525333
3415,0.9046052631578947,0.8811806458865282,0.7450980392156863,0.9287469287469288,0.9696969696969697,0.8790697674418605,0.984375,0.0,0.015624999999999918
3416,0.8914473684210527,0.8437529202878236,0.6206896551724138,0.9105691056910569,1.0,0.835820895522388,1.0,0.0,0.0
3417,0.9605263157894737,0.9604938271604938,0.9259259259259259,0.9555555555555556,1.0,0.9148936170212766,1.0,0.0,0.0
3418,0.9901315789473685,0.9889373673795389,1.0,0.9912023460410557,0.975609756097561,1.0,0.9825581395348837,0.0,0.017441860465116178
3419,0.9605263157894737,0.9410660118445761,0.8604651162790697,0.9627329192546584,1.0,0.9281437125748503,1.0,0.0,0.0
3420,0.868421052631579,0.8716049382716049,0.8,0.8148148148148148,1.0,0.6875,1.0,0.0,0.0
3421,0.9506578947368421,0.9417488724558342,0.8828828828828829,0.9541284403669725,0.9882352941176471,0.9230769230769231,0.9873417721518988,0.0,0.012658227848101186
3422,0.9638157894736842,0.9525082520677234,0.905982905982906,0.9515418502202643,1.0,0.907563025210084,1.0,0.0,0.0
3423,0.9605263157894737,0.9254871841209602,0.8333333333333334,0.9495798319327731,0.9935483870967742,0.9112903225806451,0.9912280701754386,0.0,0.008771929824561327
3424,0.9736842105263158,0.9714694963313747,0.9365079365079365,0.9779005524861878,1.0,0.9567567567567568,1.0,0.0,0.0
3425,0.8914473684210527,0.902599402814625,0.861244019138756,0.8773234200743495,0.9692307692307692,0.7972972972972973,0.9752066115702479,0.0,0.024793388429751862
3426,0.9342105263157895,0.9363923243656763,0.9239130434782609,0.9193548387096774,0.9659090909090909,0.8837209302325582,0.957983193277311,0.0,0.042016806722688725
3427,0.8782894736842105,0.8728942506102619,0.7887323943661971,0.8673835125448028,0.9625668449197861,0.7908496732026143,0.9603174603174603,0.0,0.03968253968253937
3428,0.8947368421052632,0.9035537561853352,0.7948717948717948,0.9157894736842105,1.0,0.8446601941747572,1.0,0.0,0.0
3429,0.9539473684210527,0.9191377171215881,0.8064516129032258,0.9663461538461539,0.9846153846153847,0.9436619718309859,0.9901477832512315,0.0,0.009852216748768424
3430,0.9111842105263158,0.8905624223197982,0.7966101694915254,0.8870292887029289,0.9880478087649402,0.8153846153846154,0.9724770642201835,0.0,0.027522935779816262
3431,0.8519736842105263,0.8164304244344529,0.6724137931034483,0.8034934497816594,0.973384030418251,0.7022900763358778,0.9387755102040817,0.0,0.06122448979591775
3432,0.8552631578947368,0.8914958077925738,0.8070175438596491,0.8674698795180723,1.0,0.7659574468085106,1.0,0.0,0.0
3433,0.944078947368421,0.941638903895014,0.8947368421052632,0.935361216730038,0.9948186528497409,0.8848920863309353,0.9919354838709677,0.0,0.008064516129032194
3434,0.868421052631579,0.8214285714285715,0.5833333333333334,0.8809523809523809,1.0,0.7872340425531915,1.0,0.0,0.0
3435,0.9638157894736842,0.9481117506668539,0.8705882352941177,0.9737470167064439,1.0,0.9488372093023256,1.0,0.0,0.0
3436,0.7467105263157895,0.6922778092207857,0.3018867924528302,0.8010335917312662,0.9739130434782609,0.6739130434782609,0.9872611464968153,0.0,0.012738853503184632
3437,0.9802631578947368,0.9835295631473976,1.0,0.9808917197452229,0.9696969696969697,0.9935483870967742,0.9685534591194969,0.0,0.03144654088050295
3438,0.9375,0.9092465135462584,0.8,0.9432835820895522,0.9844559585492227,0.9028571428571428,0.9875,0.0,0.012499999999999923
3439,0.9276315789473685,0.9276473234367971,0.8947368421052632,0.9266666666666666,0.9615384615384616,0.8910256410256411,0.9652777777777778,0.0,0.03472222222222198
3440,0.9078947368421053,0.8804452280226354,0.7378640776699029,0.9084967320261438,0.9949748743718593,0.8323353293413174,1.0,0.0,0.0
3441,0.8717105263157895,0.8420265929120774,0.7543859649122807,0.8097560975609757,0.9619377162629758,0.7280701754385965,0.9120879120879121,0.0,0.08791208791208695
3442,0.875,0.8842361803478452,0.8137254901960784,0.8389830508474576,1.0,0.7226277372262774,1.0,0.0,0.0
3443,0.9046052631578947,0.8471952307186781,0.6666666666666666,0.8897338403041825,0.9851851851851852,0.8181818181818182,0.975,0.0,0.024999999999999793
3444,0.8289473684210527,0.8235221522892756,0.6486486486486487,0.821917808219178,1.0,0.6976744186046512,1.0,0.0,0.0
3445,0.930921052631579,0.8567103701774189,0.6666666666666666,0.9398280802292264,0.9636363636363636,0.9162011173184358,0.9647058823529412,0.0,0.035294117647058615
3446,0.9375,0.9463187809671515,0.918918918918919,0.9283018867924528,0.9917355371900827,0.8723404255319149,0.9919354838709677,0.0,0.008064516129032194
3447,0.8552631578947368,0.8597094259390503,0.7529411764705882,0.8382352941176471,0.9879518072289156,0.7261146496815286,0.991304347826087,0.0,0.008695652173912969
3448,0.9638157894736842,0.9553276353276353,0.905982905982906,0.96,1.0,0.9230769230769231,1.0,0.0,0.0
3449,0.9868421052631579,0.9876818519698417,1.0,0.9863013698630136,0.9767441860465116,0.993103448275862,0.9795918367346939,0.0,0.020408163265305986
3450,0.9144736842105263,0.9041881342701016,0.8032786885245902,0.9226190476190477,0.9866666666666667,0.8611111111111112,0.9935897435897436,0.0,0.006410256410256369
3451,0.9144736842105263,0.9165811965811965,0.8266666666666667,0.9230769230769231,1.0,0.8571428571428571,1.0,0.0,0.0
3452,0.8552631578947368,0.8486425276880162,0.7555555555555555,0.8641975308641975,0.9261744966442953,0.7954545454545454,0.9459459459459459,0.0,0.05405405405405369
3453,0.8914473684210527,0.91456929652974,0.8465116279069768,0.897196261682243,1.0,0.8135593220338984,1.0,0.0,0.0
3454,0.9473684210526315,0.9242512077294686,0.8260869565217391,0.9466666666666667,1.0,0.8987341772151899,1.0,0.0,0.0
3455,0.8881578947368421,0.9010128009517882,0.8253968253968254,0.8859060402684564,0.9917355371900827,0.8,0.9924812030075187,0.0,0.007518796992481147
3456,0.8717105263157895,0.8238025819444236,0.6521739130434783,0.8458498023715415,0.973384030418251,0.7588652482269503,0.9553571428571429,0.0,0.04464285714285675
3457,0.944078947368421,0.9396281511234362,0.9007633587786259,0.9377289377289377,0.9803921568627451,0.9014084507042254,0.9770992366412213,0.0,0.022900763358778452
3458,0.8947368421052632,0.875295395325754,0.7835051546391752,0.901840490797546,0.9405405405405406,0.8647058823529412,0.9423076923076923,0.0,0.05769230769230733
3459,0.930921052631579,0.9262517433170018,0.8990825688073395,0.9306930693069307,0.9489795918367347,0.9096774193548387,0.9527027027027027,0.0,0.04729729729729698
3460,0.944078947368421,0.9409261450438846,0.9172932330827067,0.9322709163346613,0.9732142857142857,0.9,0.9669421487603306,0.0,0.03305785123966915
3461,0.944078947368421,0.9372473493625431,0.8930817610062893,0.9186602870813397,1.0,0.8495575221238938,1.0,0.0,0.0
3462,0.9078947368421053,0.9020979020979021,0.8409090909090909,0.8653846153846154,1.0,0.7627118644067796,1.0,0.0,0.0
3463,0.9473684210526315,0.9413143148242487,0.8769230769230769,0.9470198675496688,1.0,0.89937106918239,1.0,0.0,0.0
3464,0.8947368421052632,0.8611633778807031,0.851063829787234,0.746031746031746,0.9863945578231292,0.6103896103896104,0.9591836734693877,0.0,0.04081632653061141
3465,0.868421052631579,0.8878496851003286,0.7752808988764045,0.888268156424581,1.0,0.7989949748743719,1.0,0.0,0.0
3466,0.9539473684210527,0.9516273849607183,0.9185185185185185,0.9545454545454546,0.9818181818181818,0.9245283018867925,0.9865771812080537,0.0,0.01342281879194622
3467,0.9407894736842105,0.9316912972085385,0.8571428571428571,0.9379310344827586,1.0,0.8831168831168831,1.0,0.0,0.0
3468,0.9473684210526315,0.94371723321495,0.8904109589041096,0.9407407407407408,1.0,0.8881118881118881,1.0,0.0,0.0
3469,0.8322368421052632,0.8354035438058727,0.7628865979381443,0.7692307692307693,0.9740932642487047,0.6390977443609023,0.9659090909090909,0.0,0.03409090909090871
3470,0.8157894736842105,0.7927505402683014,0.6141732283464567,0.7985611510791367,0.9655172413793104,0.6851851851851852,0.9568965517241379,0.0,0.0431034482758617
3471,0.8848684210526315,0.8597910347152006,0.6956521739130435,0.8837209302325582,1.0,0.7916666666666666,1.0,0.0,0.0
3472,0.9046052631578947,0.9009951283784955,0.8551724137931035,0.8862745098039215,0.9615384615384616,0.8308823529411765,0.9495798319327731,0.0,0.05042016806722647
3473,0.9868421052631579,0.9870067250348941,1.0,0.9891891891891892,0.971830985915493,0.9945652173913043,0.9838709677419355,0.0,0.01612903225806443
3474,0.8519736842105263,0.8429083382700338,0.7285714285714285,0.8825065274151436,0.9176470588235294,0.8086124401913876,0.9712643678160919,0.0,0.028735632183907883
3475,0.8782894736842105,0.866824643115465,0.8070175438596491,0.8914956011730205,0.9019607843137255,0.8587570621468926,0.926829268292683,0.0,0.07317073170731662
3476,0.930921052631579,0.9428563098587442,1.0,0.9445910290237467,0.8839779005524862,0.9728260869565217,0.9179487179487179,0.0,0.08205128205128163
3477,0.8585526315789473,0.836077892325315,0.656,0.852233676975945,1.0,0.7425149700598802,1.0,0.0,0.0
3478,0.7960526315789473,0.7895444459960589,0.6193548387096774,0.7651515151515151,0.9841269841269841,0.6273291925465838,0.9805825242718447,0.0,0.01941747572815515
3479,0.9671052631578947,0.9664072433328506,0.9640287769784173,0.96875,0.9664429530201343,0.9627329192546584,0.9748427672955975,0.0,0.025157232704402357
3480,0.8223684210526315,0.8045091892188477,0.7114093959731543,0.8615384615384616,0.8405797101449275,0.7850467289719626,0.9545454545454546,0.0,0.0454545454545452
3481,0.9144736842105263,0.8638020042514425,0.6756756756756757,0.9269662921348315,0.9887640449438202,0.873015873015873,0.9880239520958084,0.0,0.011976047904191545
3482,0.9177631578947368,0.9142722954942961,0.8641975308641975,0.8927038626609443,0.9859154929577465,0.8188976377952756,0.9811320754716981,0.0,0.01886792452830171
3483,0.9177631578947368,0.9136853375263971,0.847682119205298,0.9034749034749034,0.98989898989899,0.8297872340425532,0.9915254237288136,0.0,0.00847457627118637
3484,0.9013157894736842,0.8468642733875709,0.6419753086419753,0.9032258064516129,0.9953917050691244,0.8284023668639053,0.9929078014184397,0.0,0.007092198581560234
3485,0.8782894736842105,0.8809451985922574,0.8102564102564103,0.832579185520362,1.0,0.7131782945736435,1.0,0.0,0.0
3486,0.9111842105263158,0.8874155679395209,0.7755102040816326,0.9108910891089109,0.9758454106280193,0.8571428571428571,0.971830985915493,0.0,0.028169014084506845
3487,0.9342105263157895,0.929414628209809,0.8484848484848485,0.9397590361445783,1.0,0.8863636363636364,1.0,0.0,0.0
3488,0.8618421052631579,0.8781368792727818,0.8177777777777778,0.8235294117647058,0.993103448275862,0.7050359712230215,0.98989898989899,0.0,0.01010101010101
3489,0.9177631578947368,0.9174631285605207,0.8741721854304636,0.9152542372881356,0.9629629629629629,0.8709677419354839,0.9642857142857143,0.0,0.03571428571428546
3490,0.9671052631578947,0.9598274556290954,1.0,0.9738219895287958,0.9056603773584906,0.9841269841269841,0.9637305699481865,0.0,0.03626943005181328
3491,0.8980263157894737,0.8884413462772099,0.784,0.9111747851002865,0.9701492537313433,0.8502673796791443,0.9814814814814815,0.0,0.018518518518518406
3492,0.8618421052631579,0.8337415568233982,0.6782608695652174,0.8455882352941176,0.9773755656108597,0.756578947368421,0.9583333333333334,0.0,0.041666666666666324
3493,0.9506578947368421,0.9493362562416271,0.906832298136646,0.9411764705882353,1.0,0.8888888888888888,1.0,0.0,0.0
3494,0.9342105263157895,0.8900462962962963,0.7222222222222222,0.9479166666666666,1.0,0.900990099009901,1.0,0.0,0.0
3495,0.9013157894736842,0.8733490013736694,0.7368421052631579,0.9127906976744186,0.9704142011834319,0.8579234972677595,0.9751552795031055,0.0,0.024844720496894256
3496,0.9111842105263158,0.8887627699194297,0.8037383177570093,0.8851063829787233,0.9774436090225563,0.8188976377952756,0.9629629629629629,0.0,0.037037037037036695
3497,0.9605263157894737,0.9606650255623522,0.9438202247191011,0.9482758620689655,0.98989898989899,0.9090909090909091,0.990990990990991,0.0,0.00900900900900893
3498,0.875,0.8862863245372199,0.826530612244898,0.8613138686131386,0.9710144927536232,0.7712418300653595,0.9752066115702479,0.0,0.024793388429751862
3499,0.7993421052631579,0.7697111063314015,0.5245901639344263,0.8013029315960912,0.9832402234636871,0.6795580110497238,0.9761904761904762,0.0,0.02380952380952362
3500,0.9046052631578947,0.8700406123086535,0.7010309278350515,0.9090909090909091,1.0,0.8333333333333334,1.0,0.0,0.0
3501,0.881578947368421,0.8639081881919989,0.7368421052631579,0.8928571428571429,0.9620253164556962,0.8241758241758241,0.974025974025974,0.0,0.025974025974025806
3502,0.9243421052631579,0.9151089663571655,0.819672131147541,0.9325513196480938,0.993103448275862,0.8784530386740331,0.99375,0.0,0.006249999999999961
3503,0.868421052631579,0.8505523066926575,0.7368421052631579,0.8148148148148148,1.0,0.6875,1.0,0.0,0.0
3504,0.9144736842105263,0.9004917756576315,0.8070175438596491,0.9336734693877551,0.9607843137254902,0.8883495145631068,0.9838709677419355,0.0,0.01612903225806443
3505,0.8289473684210527,0.8452944396149263,0.7487684729064039,0.7936507936507936,0.9934640522875817,0.6622516556291391,0.9900990099009901,0.0,0.009900990099009804
3506,0.7763157894736842,0.747116140185447,0.5238095238095238,0.7571428571428571,0.9603960396039604,0.6309523809523809,0.9464285714285714,0.0,0.0535714285714281
3507,0.881578947368421,0.8831412384043963,0.7948717948717948,0.881578947368421,0.972972972972973,0.8023952095808383,0.9781021897810219,0.0,0.021897810218977944
3508,0.8552631578947368,0.8456538961654051,0.7391304347826086,0.8382352941176471,0.9595959595959596,0.75,0.95,0.0,0.049999999999999586
3509,0.9572368421052632,0.9567276058801483,0.9324324324324325,0.9559322033898305,0.9818181818181818,0.9276315789473685,0.986013986013986,0.0,0.013986013986013889
3510,0.9539473684210527,0.9263861709067189,0.8285714285714286,0.9642857142857143,0.9863013698630136,0.9402985074626866,0.9895287958115183,0.0,0.01047120418848162
3511,0.9046052631578947,0.8791071479069775,0.7936507936507936,0.8542713567839196,0.9893992932862191,0.7589285714285714,0.9770114942528736,0.0,0.022988505747126173
3512,0.8881578947368421,0.8028985507246377,0.5142857142857142,0.8944099378881988,1.0,0.8089887640449438,1.0,0.0,0.0
3513,0.868421052631579,0.8416581995529363,0.6857142857142857,0.8918918918918919,0.9473684210526315,0.825,0.9705882352941176,0.0,0.029411764705882183
3514,0.9144736842105263,0.9001924849890438,0.8148148148148148,0.9202453987730062,0.9655172413793104,0.8771929824561403,0.967741935483871,0.0,0.03225806451612882
3515,0.944078947368421,0.9192621784743537,0.8292682926829268,0.9411764705882353,0.9873417721518988,0.9006622516556292,0.9855072463768116,0.0,0.014492753623188302
3516,0.9506578947368421,0.9424188790560472,0.8672566371681416,0.96,1.0,0.9230769230769231,1.0,0.0,0.0
3517,0.9276315789473685,0.9282501124606388,0.8552631578947368,0.9294871794871795,1.0,0.8682634730538922,1.0,0.0,0.0
3518,0.875,0.8716448682430257,0.8705882352941177,0.7710843373493976,0.9732620320855615,0.6530612244897959,0.9411764705882353,0.0,0.058823529411763845
3519,0.9638157894736842,0.9445996458784182,0.8705882352941177,0.9632107023411371,1.0,0.9290322580645162,1.0,0.0,0.0
3520,0.8618421052631579,0.8252028569872886,0.6788990825688074,0.8235294117647058,0.9731800766283525,0.7313432835820896,0.9423076923076923,0.0,0.05769230769230714
3521,0.9013157894736842,0.8704251196607354,0.7474747474747475,0.8837209302325582,0.9800796812749004,0.8085106382978723,0.9743589743589743,0.0,0.02564102564102542
3522,0.8717105263157895,0.8724439529506384,0.7310344827586207,0.8862973760932945,1.0,0.7958115183246073,1.0,0.0,0.0
3523,0.8421052631578947,0.7030540795417813,0.2807017543859649,0.8636363636363636,0.964824120603015,0.7835051546391752,0.9620253164556962,0.0,0.037974683544303556
3524,0.9473684210526315,0.9476970375571708,0.9240506329113924,0.9420289855072463,0.9770114942528736,0.9090909090909091,0.9774436090225563,0.0,0.02255639097744344
3525,0.875,0.8689904545719108,0.7681159420289855,0.875,0.963855421686747,0.8012048192771084,0.9637681159420289,0.0,0.03623188405797075
3526,0.9276315789473685,0.9165223665223664,0.8571428571428571,0.9090909090909091,0.9833333333333333,0.8527131782945736,0.9734513274336283,0.0,0.02654867256637145
3527,0.875,0.8787015890360182,0.8349514563106796,0.822429906542056,0.9787234042553191,0.7096774193548387,0.9777777777777777,0.0,0.022222222222221977
3528,0.875,0.8647010171400416,0.7619047619047619,0.8841463414634146,0.948051948051948,0.8192090395480226,0.9602649006622517,0.0,0.03973509933774808
3529,0.9177631578947368,0.8951179277839344,0.8037383177570093,0.897119341563786,0.9844961240310077,0.8320610687022901,0.9732142857142857,0.0,0.02678571428571405
3530,0.9506578947368421,0.9466126579623512,0.9693251533742331,0.9538461538461539,0.9166666666666666,0.950920245398773,0.9567901234567902,0.0,0.04320987654320961
3531,0.8980263157894737,0.8628330879344782,0.7096774193548387,0.8976897689768977,0.9811320754716981,0.8292682926829268,0.9784172661870504,0.0,0.021582733812949485
3532,0.7861842105263158,0.763294352691083,0.5271317829457365,0.7854785478547854,0.9772727272727273,0.6574585635359116,0.9754098360655737,0.0,0.024590163934426028
3533,0.9342105263157895,0.9130892277767959,0.8421052631578947,0.9453551912568307,0.9518072289156626,0.9251336898395722,0.9664804469273743,0.0,0.03351955307262551
3534,0.8421052631578947,0.8277069770169838,0.6666666666666666,0.8389261744966443,0.9775280898876404,0.7352941176470589,0.9765625,0.0,0.02343749999999982
3535,0.9342105263157895,0.9294532627865961,0.8809523809523809,0.9074074074074074,1.0,0.8305084745762712,1.0,0.0,0.0
3536,0.8453947368421053,0.8206779295590784,0.6721311475409836,0.8212927756653993,0.968609865470852,0.7248322147651006,0.9473684210526315,0.0,0.05263157894736796
3537,0.8782894736842105,0.8295720526203798,0.6262626262626263,0.862453531598513,1.0,0.7581699346405228,1.0,0.0,0.0
3538,0.8355263157894737,0.8025974495854014,0.5765765765765766,0.8493975903614458,0.9818181818181818,0.746031746031746,0.986013986013986,0.0,0.013986013986013889
3539,0.8322368421052632,0.8103573087396576,0.656934306569343,0.7918367346938775,0.9823008849557522,0.6689655172413793,0.97,0.0,0.0299999999999997
3540,0.9407894736842105,0.9102941176470588,0.775,0.9558823529411765,1.0,0.9154929577464789,1.0,0.0,0.0
3541,0.9868421052631579,0.9888111888111889,1.0,0.9846153846153847,0.9818181818181818,0.9922480620155039,0.9770992366412213,0.0,0.022900763358778452
3542,1.0,1.0,1.0,1.0,1.0,1.0,1.0,0.0,0.0
3543,0.9078947368421053,0.9093362599647348,0.88268156424581,0.9146341463414634,0.9306930693069307,0.8670520231213873,0.967741935483871,0.0,0.03225806451612882
3544,0.944078947368421,0.899432458913353,0.7671232876712328,0.9311740890688259,1.0,0.8712121212121212,1.0,0.0,0.0
3545,0.881578947368421,0.867448065561273,0.7575757575757576,0.8636363636363636,0.9811320754716981,0.7755102040816326,0.9743589743589743,0.0,0.02564102564102542
3546,0.8486842105263158,0.8518123777159922,0.7951807228915663,0.8525641025641025,0.9076923076923077,0.7777777777777778,0.9432624113475178,0.0,0.05673758865248187
3547,0.8651315789473685,0.859115789692687,0.8192771084337349,0.8845070422535212,0.8735632183908046,0.8263157894736842,0.9515151515151515,0.0,0.04848484848484819
3548,0.7993421052631579,0.833394078112927,0.7615062761506276,0.7874564459930313,0.9512195121951219,0.6608187134502924,0.9741379310344828,0.0,0.02586206896551702
3549,0.8717105263157895,0.8884633062662785,0.7868852459016393,0.8785046728971962,1.0,0.7833333333333333,1.0,0.0,0.0
3550,0.9506578947368421,0.9432607346552794,0.8905109489051095,0.9392712550607287,1.0,0.8854961832061069,1.0,0.0,0.0
3551,0.881578947368421,0.8913940933629724,0.8085106382978723,0.8656716417910447,1.0,0.7631578947368421,1.0,0.0,0.0
3552,0.9736842105263158,0.970895191764757,0.9565217391304348,0.9771428571428571,0.9790209790209791,0.9661016949152542,0.9884393063583815,0.0,0.01156069364161843
3553,0.8947368421052632,0.8730139295319955,0.7358490566037735,0.9130434782608695,0.9701492537313433,0.8527918781725888,0.9824561403508771,0.0,0.017543859649122705
3554,0.9473684210526315,0.9428536273614347,0.9146341463414634,0.9223300970873787,0.9915966386554622,0.8636363636363636,0.9895833333333334,0.0,0.010416666666666559
3555,0.875,0.8756176627954554,0.7865168539325843,0.8403361344537815,1.0,0.7246376811594203,1.0,0.0,0.0
3556,0.9177631578947368,0.9094180521587325,0.8091603053435115,0.919093851132686,1.0,0.8502994011976048,1.0,0.0,0.0
3557,0.881578947368421,0.8727381716977093,0.7555555555555555,0.88,0.9826589595375722,0.7951807228915663,0.9850746268656716,0.0,0.014925373134328247
3558,0.8717105263157895,0.8714875945951643,0.7857142857142857,0.8446215139442231,0.9841269841269841,0.7361111111111112,0.9906542056074766,0.0,0.009345794392523277
3559,0.9144736842105263,0.9187519186087741,0.8944723618090452,0.9192546583850931,0.9425287356321839,0.8705882352941177,0.9736842105263158,0.0,0.02631578947368404
3560,0.9769736842105263,0.9803186126235128,1.0,0.9655172413793104,0.9754385964912281,0.9702970297029703,0.9607843137254902,0.0,0.03921568627450942
3561,0.9342105263157895,0.9144087256027554,0.85,0.9230769230769231,0.9701492537313433,0.9022556390977443,0.9448818897637795,0.0,0.05511811023622004
3562,0.8947368421052632,0.8829781941128988,0.7768595041322314,0.9085714285714286,0.9635036496350365,0.8457446808510638,0.9814814814814815,0.0,0.018518518518518406
3563,0.8914473684210527,0.9007448029092041,0.819672131147541,0.8825622775800712,1.0,0.7898089171974523,1.0,0.0,0.0
3564,0.9473684210526315,0.9463176503024701,0.9230769230769231,0.9354838709677419,0.9803921568627451,0.8992248062015504,0.9747899159663865,0.0,0.025210084033613234
3565,0.9736842105263158,0.9747543570250304,1.0,0.9790575916230366,0.9452054794520548,0.9894179894179894,0.9689119170984456,0.0,0.031088082901554244
3566,0.8881578947368421,0.875233760276631,0.746268656716418,0.8794326241134752,1.0,0.7848101265822784,1.0,0.0,0.0
3567,0.8618421052631579,0.8747899961817488,0.7938144329896907,0.8444444444444444,0.9861111111111112,0.7354838709677419,0.991304347826087,0.0,0.008695652173912969
3568,0.8618421052631579,0.8114373798957599,0.574468085106383,0.8703703703703703,0.9894736842105263,0.7747252747252747,0.9929577464788732,0.0,0.007042253521126711
3569,0.8914473684210527,0.8948556873587754,0.8275862068965517,0.8745247148288974,0.9824561403508771,0.7931034482758621,0.9745762711864406,0.0,0.02542372881355911
3570,0.8914473684210527,0.8940852690886242,0.8705882352941177,0.8745247148288974,0.9371428571428572,0.8214285714285714,0.9349593495934959,0.0,0.06504065040650354
3571,0.9539473684210527,0.9519407344438814,0.9253731343283582,0.9545454545454546,0.9759036144578314,0.930379746835443,0.98,0.0,0.01999999999999987
3572,0.8947368421052632,0.870593035255718,0.7789473684210526,0.875968992248062,0.9568627450980393,0.8248175182481752,0.9338842975206612,0.0,0.0661157024793383
3573,0.805921052631579,0.7983039118976457,0.6285714285714286,0.8115015974440895,0.9548387096774194,0.7016574585635359,0.9621212121212122,0.0,0.037878787878787595
3574,0.7894736842105263,0.7918276279722063,0.6,0.8072289156626506,0.9682539682539683,0.6871794871794872,0.9781021897810219,0.0,0.021897810218977944
3575,0.8782894736842105,0.8440225883834905,0.7552447552447552,0.783625730994152,0.9931972789115646,0.6504854368932039,0.9852941176470589,0.0,0.014705882352940961
3576,0.8782894736842105,0.848551893727928,0.6972477064220184,0.8664259927797834,0.9819819819819819,0.7792207792207793,0.975609756097561,0.0,0.024390243902438827
3577,0.8256578947368421,0.8062437355660238,0.6616541353383458,0.7937743190661478,0.963302752293578,0.6845637583892618,0.9444444444444444,0.0,0.055555555555555046
3578,0.8947368421052632,0.8820549268310462,0.7846153846153846,0.8805970149253731,0.9809523809523809,0.8027210884353742,0.9752066115702479,0.0,0.024793388429751862
3579,0.8782894736842105,0.8700016314804637,0.8514851485148515,0.895774647887324,0.8627450980392157,0.8324607329842932,0.9695121951219512,0.0,0.030487804878048596
3580,0.9605263157894737,0.9625802342487674,0.9787234042553191,0.9454545454545454,0.9635627530364372,0.9541284403669725,0.9369369369369369,0.0,0.0630630630630625
3581,0.8947368421052632,0.8980080057513806,0.8198757763975155,0.8954248366013072,0.9787234042553191,0.8203592814371258,0.9856115107913669,0.0,0.01438848920863299
3582,0.8717105263157895,0.8725944751112812,0.7763157894736842,0.8785046728971962,0.9629629629629629,0.7966101694915254,0.9791666666666666,0.0,0.02083333333333319
3583,0.9375,0.9044408599636876,0.8285714285714286,0.9569160997732427,0.9278350515463918,0.9377777777777778,0.9768518518518519,0.0,0.023148148148148043
3584,0.881578947368421,0.8397939215099584,0.6868686868686869,0.8512396694214877,0.9812734082397003,0.762962962962963,0.9626168224299065,0.0,0.03738317757009311
3585,0.9506578947368421,0.9510441225579184,0.9506172839506173,0.9494949494949495,0.9530201342281879,0.94,0.9591836734693877,0.0,0.04081632653061197
3586,0.8914473684210527,0.9014955500504634,0.8092485549132948,0.8952380952380953,1.0,0.8103448275862069,1.0,0.0,0.0
3587,0.8848684210526315,0.893545366659063,0.8393782383419689,0.8679245283018868,0.9733333333333334,0.782312925170068,0.9745762711864406,0.0,0.02542372881355911
3588,0.9111842105263158,0.9081317607989646,0.8493150684931506,0.9018181818181819,0.9732620320855615,0.8378378378378378,0.9763779527559056,0.0,0.023622047244094304
3589,0.8717105263157895,0.8579377745442028,0.7244094488188977,0.8721311475409836,0.9772727272727273,0.7869822485207101,0.9779411764705882,0.0,0.022058823529411603
3590,0.8618421052631579,0.8770135662449793,0.822429906542056,0.8384615384615385,0.9701492537313433,0.7364864864864865,0.9732142857142857,0.0,0.02678571428571405
3591,0.9046052631578947,0.8990676244680822,0.8120300751879699,0.9159420289855073,0.9692307692307692,0.8586956521739131,0.9813664596273292,0.0,0.018633540372670693
3592,0.8486842105263158,0.849962702749588,0.7542857142857143,0.8114754098360656,0.9841269841269841,0.6923076923076923,0.9801980198019802,0.0,0.019801980198019608
3593,0.9539473684210527,0.9527935716888835,0.9468085106382979,0.9580838323353293,0.9534883720930233,0.935672514619883,0.9815950920245399,0.0,0.01840490797546001
3594,0.9210526315789473,0.901375498019957,0.7843137254901961,0.9337016574585635,0.9861111111111112,0.8802083333333334,0.9941176470588236,0.0,0.005882352941176436
3595,0.868421052631579,0.8811627609168907,0.7894736842105263,0.8540145985401459,1.0,0.7452229299363057,1.0,0.0,0.0
3596,0.8881578947368421,0.8637609425061177,0.74,0.9060773480662984,0.9452054794520548,0.8541666666666666,0.9647058823529412,0.0,0.035294117647058615
3597,0.9506578947368421,0.9469261388766034,0.8872180451127819,0.9535603715170279,1.0,0.9112426035502958,1.0,0.0,0.0
3598,0.8782894736842105,0.8695609293945887,0.7916666666666666,0.8489795918367347,0.9680365296803652,0.7647058823529411,0.9541284403669725,0.0,0.0458715596330271
3599,0.9638157894736842,0.9382657929774082,0.8620689655172413,0.9659442724458205,0.986784140969163,0.9512195121951219,0.9811320754716981,0.0,0.018867924528301768
3600,0.875,0.8469462840323767,0.6666666666666666,0.8741721854304636,1.0,0.7764705882352941,1.0,0.0,0.0
3601,0.8322368421052632,0.8042633744855968,0.656,0.7901234567901234,0.9666666666666667,0.6808510638297872,0.9411764705882353,0.0,0.05882352941176413
3602,0.7993421052631579,0.7530044710638745,0.512396694214876,0.7550200803212851,0.9915966386554622,0.6103896103896104,0.9894736842105263,0.0,0.010526315789473575
3603,0.930921052631579,0.9291675059710512,0.868421052631579,0.9247311827956989,0.9943502824858758,0.8657718120805369,0.9923076923076923,0.0,0.007692307692307634
3604,0.9671052631578947,0.9680859998320316,0.9382716049382716,0.9659863945578231,1.0,0.9342105263157895,1.0,0.0,0.0
3605,0.8125,0.8285695583759954,0.7802690582959642,0.759493670886076,0.9459459459459459,0.6382978723404256,0.9375,0.0,0.062499999999999355
3606,0.881578947368421,0.8740596498604088,0.7910447761194029,0.8732394366197183,0.9578947368421052,0.8051948051948052,0.9538461538461539,0.0,0.0461538461538458
3607,0.9605263157894737,0.9584603176959865,0.9494949494949495,0.9617834394904459,0.9641025641025641,0.9556962025316456,0.967948717948718,0.0,0.03205128205128185
3608,0.8552631578947368,0.8564060254155056,0.782608695652174,0.8070175438596491,0.9795918367346939,0.696969696969697,0.9583333333333334,0.0,0.041666666666666234
3609,0.9078947368421053,0.8972181760239845,0.8346456692913385,0.9263157894736842,0.9306930693069307,0.8844221105527639,0.9723756906077348,0.0,0.027624309392265043
3610,0.9506578947368421,0.9438958064977815,0.8905109489051095,0.9411764705882353,1.0,0.8888888888888888,1.0,0.0,0.0
3611,0.9111842105263158,0.8894580032040156,0.7572815533980582,0.924791086350975,0.9863013698630136,0.8691099476439791,0.9880952380952381,0.0,0.011904761904761835
3612,0.9506578947368421,0.9540494536512886,0.9387755102040817,0.9446494464944649,0.9787234042553191,0.9078014184397163,0.9846153846153847,0.0,0.015384615384615268
3613,0.8421052631578947,0.7144275079758949,0.2857142857142857,0.8769230769230769,0.9806451612903225,0.7916666666666666,0.9827586206896551,0.0,0.01724137931034473
3614,0.8980263157894737,0.8463270040163092,0.6885245901639344,0.9116809116809117,0.9387755102040817,0.8791208791208791,0.9467455621301775,0.0,0.053254437869822174
3615,0.9013157894736842,0.8152246778816462,0.5423728813559322,0.9210526315789473,0.9822485207100592,0.8620689655172413,0.9887005649717514,0.0,0.011299435028248523
3616,0.9342105263157895,0.9315886555958842,0.8840579710144928,0.9401197604790419,0.9705882352941176,0.9022988505747126,0.98125,0.0,0.018749999999999885
3617,0.930921052631579,0.8439288838895139,0.6285714285714286,0.9448818897637795,0.9583333333333334,0.9230769230769231,0.967741935483871,0.0,0.03225806451612886
3618,0.8552631578947368,0.8542548104756532,0.7785234899328859,0.8543046357615894,0.9299363057324841,0.7818181818181819,0.9416058394160584,0.0,0.05839416058394118
3619,0.9572368421052632,0.922141502757854,0.819672131147541,0.9543859649122807,0.9923664122137404,0.918918918918919,0.9927007299270073,0.0,0.007299270072992648
3620,0.9802631578947368,0.983281945871874,0.9714285714285714,0.9784172661870504,1.0,0.9577464788732394,1.0,0.0,0.0
3621,0.8848684210526315,0.8869405831350187,0.7924528301886793,0.8813559322033898,0.987012987012987,0.7975460122699386,0.9848484848484849,0.0,0.015151515151515037
3622,0.8618421052631579,0.8667274081190227,0.7909604519774012,0.8384615384615385,0.9707602339181286,0.7414965986394558,0.9646017699115044,0.0,0.03539823008849526
3623,0.9375,0.9394008951748446,0.9392265193370166,0.9277566539923955,0.9512195121951219,0.9037037037037037,0.953125,0.0,0.04687499999999964
3624,0.9671052631578947,0.9652231596309786,0.9541284403669725,0.9666666666666667,0.9748743718592965,0.9602649006622517,0.9731543624161074,0.0,0.02684563758389244
3625,0.9506578947368421,0.9381924676328097,0.8828828828828829,0.9397590361445783,0.9919354838709677,0.8931297709923665,0.9915254237288136,0.0,0.00847457627118637
3626,0.9013157894736842,0.8037065099929199,0.5283018867924528,0.9032258064516129,0.9795918367346939,0.8433734939759037,0.9722222222222222,0.0,0.027777777777777585
3627,0.8552631578947368,0.8597410462510103,0.8571428571428571,0.7864077669902912,0.935672514619883,0.6982758620689655,0.9,0.0,0.0999999999999989
3628,0.8881578947368421,0.8905078080832193,0.8313253012048193,0.8759124087591241,0.9642857142857143,0.8,0.967741935483871,0.0,0.032258064516128775
3629,0.8355263157894737,0.836398872445384,0.7272727272727273,0.8546511627906976,0.9272727272727272,0.7696335078534031,0.9607843137254902,0.0,0.03921568627450955
3630,0.8881578947368421,0.8903643772168968,0.7951807228915663,0.8759124087591241,1.0,0.7792207792207793,1.0,0.0,0.0
3631,0.7960526315789473,0.826368833751384,0.8053691275167785,0.7181818181818181,0.9555555555555556,0.572463768115942,0.9634146341463414,0.0,0.03658536585365809
3632,0.8289473684210527,0.8103561382591327,0.7096774193548387,0.7886178861788617,0.9327731092436975,0.708029197080292,0.8899082568807339,0.0,0.11009174311926505
3633,0.868421052631579,0.8532161885607424,0.7014925373134329,0.8581560283687943,1.0,0.7515527950310559,1.0,0.0,0.0
3634,0.8947368421052632,0.840687019912617,0.6493506493506493,0.8947368421052632,0.9779735682819384,0.8292682926829268,0.9714285714285714,0.0,0.02857142857142837
3635,0.8782894736842105,0.8388084274279226,0.7027027027027027,0.827906976744186,0.9858156028368794,0.7235772357723578,0.967391304347826,0.0,0.03260869565217356
3636,0.9078947368421053,0.8994624902972467,0.784,0.9226519337016574,0.9917355371900827,0.8608247422680413,0.9940476190476191,0.0,0.005952380952380917
3637,0.9243421052631579,0.8954850849849119,0.7755102040816326,0.915129151291513,0.99581589958159,0.8435374149659864,1.0,0.0,0.0
3638,0.8388157894736842,0.7625313599453706,0.43902439024390244,0.8679245283018868,0.9806451612903225,0.7777777777777778,0.9817073170731707,0.0,0.018292682926829156
3639,0.9407894736842105,0.9427095984280736,0.9247311827956989,0.9256198347107438,0.9777777777777777,0.8818897637795275,0.9739130434782609,0.0,0.026086956521738904
3640,0.9243421052631579,0.8590437758649679,0.68,0.9434889434889435,0.9536423841059603,0.9142857142857143,0.9746192893401016,0.0,0.02538071065989835
3641,0.9111842105263158,0.9059777102330294,0.8,0.9179331306990881,1.0,0.848314606741573,1.0,0.0,0.0
3642,0.868421052631579,0.8696170893060601,0.8421052631578947,0.884393063583815,0.8823529411764706,0.8052631578947368,0.9807692307692307,0.0,0.019230769230769107
3643,0.875,0.8633514001806685,0.72,0.8944444444444445,0.975609756097561,0.817258883248731,0.9877300613496932,0.0,0.012269938650306674
3644,0.8980263157894737,0.8992952466636677,0.8654970760233918,0.8744939271255061,0.9578947368421052,0.8120300751879699,0.9473684210526315,0.0,0.05263157894736796
3645,0.8980263157894737,0.8876875452809063,0.8266666666666667,0.8571428571428571,0.979253112033195,0.768595041322314,0.96875,0.0,0.031249999999999677
3646,0.9835526315789473,0.9811922409444914,0.959349593495935,0.9842271293375394,1.0,0.968944099378882,1.0,0.0,0.0
3647,0.9111842105263158,0.8269690941590268,0.5957446808510638,0.926829268292683,0.9583333333333334,0.890625,0.9661016949152542,0.0,0.033898305084745575
3648,1.0,1.0,1.0,1.0,1.0,1.0,1.0,0.0,0.0
3649,0.944078947368421,0.9031653896757218,0.7671232876712328,0.9423728813559322,1.0,0.8910256410256411,1.0,0.0,0.0
3650,0.9638157894736842,0.9672110150496317,0.9333333333333333,0.968299711815562,1.0,0.9385474860335196,1.0,0.0,0.0
3651,0.9342105263157895,0.9371693121693122,0.8809523809523809,0.9305555555555556,1.0,0.8701298701298701,1.0,0.0,0.0
3652,0.8980263157894737,0.8869002745590767,0.7862068965517242,0.8744939271255061,1.0,0.7769784172661871,1.0,0.0,0.0
3653,0.9375,0.9356926169098513,0.9430051813471503,0.8994708994708994,0.9646017699115044,0.8673469387755102,0.9340659340659341,0.0,0.06593406593406521
3654,0.8552631578947368,0.8502127659574468,0.7066666666666667,0.8439716312056738,1.0,0.7300613496932515,1.0,0.0,0.0
3655,0.868421052631579,0.8261151061358638,0.6170212765957447,0.8857142857142857,0.975609756097561,0.8072916666666666,0.9810126582278481,0.0,0.018987341772151778
3656,0.8486842105263158,0.8265282942944113,0.6724137931034483,0.8506493506493507,0.9565217391304348,0.7660818713450293,0.9562043795620438,0.0,0.04379562043795589
3657,0.8717105263157895,0.8897032053818758,0.7771428571428571,0.8919667590027701,1.0,0.805,1.0,0.0,0.0
3658,0.930921052631579,0.9218646400217239,0.8661417322834646,0.9169960474308301,0.9824561403508771,0.8721804511278195,0.9666666666666667,0.0,0.033333333333333055
3659,0.8848684210526315,0.8399148482117914,0.6868686868686869,0.8471615720524017,0.9857142857142858,0.751937984496124,0.97,0.0,0.0299999999999997
3660,0.8947368421052632,0.8656816617856514,0.7358490566037735,0.8778625954198473,0.9833333333333333,0.7986111111111112,0.9745762711864406,0.0,0.02542372881355911
3661,0.7631578947368421,0.7784648842347845,0.6242774566473989,0.7954545454545454,0.9156626506024096,0.6763285024154589,0.9655172413793104,0.0,0.03448275862068942
3662,0.8717105263157895,0.8652123590982287,0.7555555555555555,0.8869565217391304,0.953125,0.8181818181818182,0.9683544303797469,0.0,0.031645569620252965
3663,0.9243421052631579,0.9308982971007479,0.8955223880597015,0.9105058365758755,0.9866666666666667,0.841726618705036,0.9915254237288136,0.0,0.00847457627118637
3664,0.875,0.881949123662555,0.848780487804878,0.8389830508474576,0.9580838323353293,0.75,0.9519230769230769,0.0,0.048076923076922615
3665,0.8519736842105263,0.8351268218778718,0.6611570247933884,0.8787061994609164,0.9655172413793104,0.7951219512195122,0.9819277108433735,0.0,0.018072289156626398
3666,0.9901315789473685,0.9916505552038598,1.0,0.9891696750902527,0.985781990521327,0.9927536231884058,0.9856115107913669,0.0,0.01438848920863299
3667,0.9078947368421053,0.8781249999999999,0.9,0.75,0.984375,0.6268656716417911,0.9333333333333333,0.0,0.06666666666666518
3668,0.9111842105263158,0.905233323462436,0.8672566371681416,0.9102990033222591,0.9381443298969072,0.8838709677419355,0.9383561643835616,0.0,0.061643835616437936
3669,0.9342105263157895,0.9265451097604789,0.9302325581395349,0.945054945054945,0.9043478260869565,0.9347826086956522,0.9555555555555556,0.0,0.044444444444444196
3670,0.8782894736842105,0.8665893719806763,0.736,0.8927536231884058,0.9710144927536232,0.8191489361702128,0.9808917197452229,0.0,0.019108280254776948
3671,0.9210526315789473,0.9116664356897183,0.8448275862068966,0.9254658385093167,0.9647058823529412,0.8816568047337278,0.9738562091503268,0.0,0.026143790849673033
3672,0.9243421052631579,0.8998108064774731,0.8148148148148148,0.9163636363636364,0.9682539682539683,0.8811188811188811,0.9545454545454546,0.0,0.04545454545454511
3673,0.9144736842105263,0.9089424908266995,0.8396946564885496,0.9202453987730062,0.9668874172185431,0.872093023255814,0.974025974025974,0.0,0.025974025974025806
3674,0.9638157894736842,0.9613535348946384,0.9172932330827067,0.9667673716012085,1.0,0.935672514619883,1.0,0.0,0.0
3675,0.9375,0.9359889485670619,0.9172932330827067,0.9298892988929889,0.9607843137254902,0.9064748201438849,0.9545454545454546,0.0,0.04545454545454511
3676,0.9177631578947368,0.9163621262458471,0.8571428571428571,0.9169435215946844,0.975,0.8625,0.9787234042553191,0.0,0.0212765957446807
3677,0.9375,0.9195771988034394,0.8505747126436781,0.9337979094076655,0.9743589743589743,0.9054054054054054,0.9640287769784173,0.0,0.035971223021582475
3678,0.9506578947368421,0.9347553070815103,0.8705882352941177,0.9586776859504132,0.975,0.9354838709677419,0.9830508474576272,0.0,0.016949152542372788
3679,0.7697368421052632,0.7717010856386093,0.5827814569536424,0.7865853658536586,0.9457364341085271,0.6649484536082474,0.9626865671641791,0.0,0.03731343283582062
3680,0.9901315789473685,0.992471804379275,1.0,0.9897610921501706,0.9876543209876543,0.9931506849315068,0.9863945578231292,0.0,0.013605442176870656
3681,0.9802631578947368,0.9782774390243901,1.0,0.9817073170731707,0.953125,0.9938271604938271,0.9698795180722891,0.0,0.030120481927710663
3682,0.8881578947368421,0.8710511601901034,0.75,0.8835616438356164,0.9795918367346939,0.8012422360248447,0.9847328244274809,0.0,0.015267175572518969
3683,0.9210526315789473,0.9204294148323532,0.8607594936708861,0.9117647058823529,0.9887640449438202,0.8493150684931506,0.9841269841269841,0.0,0.015873015873015747
3684,0.9243421052631579,0.9338773335316022,0.8986784140969163,0.9029535864978903,1.0,0.823076923076923,1.0,0.0,0.0
3685,0.9605263157894737,0.9517454318634169,0.9213483146067416,0.952755905511811,0.9811320754716981,0.937984496124031,0.968,0.0,0.031999999999999744
3686,0.9243421052631579,0.8793868804204722,0.7027027027027027,0.9432098765432099,0.9922480620155039,0.8967136150234741,0.9947916666666666,0.0,0.005208333333333306
3687,0.9276315789473685,0.9119066454819631,0.8551724137931035,0.8842105263157894,0.9963369963369964,0.8,0.9882352941176471,0.0,0.011764705882352804
3688,0.944078947368421,0.9135116122511496,0.819672131147541,0.9486404833836858,0.9722222222222222,0.9235294117647059,0.9751552795031055,0.0,0.024844720496894256
3689,0.9572368421052632,0.9600459460578558,0.9294117647058824,0.9589905362776026,0.9917355371900827,0.926829268292683,0.9934640522875817,0.0,0.006535947712418258
3690,0.9407894736842105,0.9393066383293004,0.8859060402684564,0.9379310344827586,0.9940828402366864,0.8888888888888888,0.9927007299270073,0.0,0.007299270072992648
3691,0.805921052631579,0.788446615503999,0.5736434108527132,0.8173374613003096,0.9743589743589743,0.7021276595744681,0.9777777777777777,0.0,0.02222222222222206
3692,0.868421052631579,0.859579133697045,0.819672131147541,0.8823529411764706,0.8767123287671232,0.847457627118644,0.9202453987730062,0.0,0.07975460122699338
3693,0.9506578947368421,0.9481774895447229,0.9172932330827067,0.9504950495049505,0.9767441860465116,0.9230769230769231,0.9795918367346939,0.0,0.020408163265305986
3694,0.9243421052631579,0.9010836657895481,0.7676767676767676,0.9355742296918768,1.0,0.8789473684210526,1.0,0.0,0.0
3695,0.8848684210526315,0.8593986889111203,0.8220858895705522,0.914004914004914,0.8421052631578947,0.8611111111111112,0.9738219895287958,0.0,0.026178010471204053
3696,0.8585526315789473,0.8531553110252093,0.7114093959731543,0.8480565371024735,1.0,0.7361963190184049,1.0,0.0,0.0
3697,0.8453947368421053,0.833075320507953,0.7368421052631579,0.7929515418502202,0.9694323144104804,0.6818181818181818,0.9473684210526315,0.0,0.05263157894736787
3698,0.9013157894736842,0.9157532022681494,0.8481675392670157,0.9127906976744186,0.9863013698630136,0.8440860215053764,0.9936708860759493,0.0,0.006329113924050593
3699,0.930921052631579,0.9327929255711127,0.8695652173913043,0.9288135593220339,1.0,0.8670886075949367,1.0,0.0,0.0
3700,0.9342105263157895,0.908849777519486,0.821917808219178,0.9363057324840764,0.9683257918552036,0.9074074074074074,0.9671052631578947,0.0,0.032894736842105046
3701,0.8125,0.8169818355904583,0.7976190476190477,0.7832699619771863,0.8700564971751412,0.7253521126760564,0.8512396694214877,0.0,0.14876033057851118
3702,0.9671052631578947,0.9618154223714802,0.9375,0.9683544303797469,0.9795918367346939,0.95625,0.9807692307692307,0.0,0.019230769230769107
3703,0.9046052631578947,0.8837368970196295,0.7777777777777778,0.8960573476702509,0.9773755656108597,0.8333333333333334,0.9689922480620154,0.0,0.031007751937984256
3704,0.8651315789473685,0.8369115262041668,0.6666666666666666,0.8646864686468647,0.979381443298969,0.7751479289940828,0.9776119402985075,0.0,0.02238805970149237
3705,0.9671052631578947,0.9546938970286368,0.9113924050632911,0.965034965034965,0.9876543209876543,0.9452054794520548,0.9857142857142858,0.0,0.014285714285714185
3706,0.8256578947368421,0.7765480895915678,0.5391304347826087,0.7905138339920948,1.0,0.6535947712418301,1.0,0.0,0.0
3707,0.9539473684210527,0.9525787147764294,0.9811320754716981,0.9611111111111111,0.9154929577464789,0.9719101123595506,0.9505494505494505,0.0,0.04945054945054918
3708,0.9046052631578947,0.8928623083821039,0.8103448275862069,0.9073482428115016,0.9608938547486033,0.8554216867469879,0.9659863945578231,0.0,0.03401360544217664
3709,0.9506578947368421,0.9496066362045744,0.9333333333333333,0.9484536082474226,0.967032967032967,0.9324324324324325,0.965034965034965,0.0,0.034965034965034725
3710,0.9342105263157895,0.9299066022544283,0.896,0.927536231884058,0.966183574879227,0.8951048951048951,0.9624060150375939,0.0,0.037593984962405735
3711,0.9375,0.9335774830655378,0.905982905982906,0.9351535836177475,0.9595959595959596,0.9133333333333333,0.958041958041958,0.0,0.04195804195804167
3712,0.9276315789473685,0.9170304298560413,0.8571428571428571,0.9219858156028369,0.9719626168224299,0.8783783783783784,0.9701492537313433,0.0,0.029850746268656494
3713,0.8848684210526315,0.8825562780681996,0.924901185770751,0.8387096774193549,0.8840579710144928,0.7982456140350878,0.883495145631068,0.0,0.11650485436893092
3714,0.8881578947368421,0.8503351589391975,0.6862745098039216,0.8731343283582089,0.9915966386554622,0.7748344370860927,1.0,0.0,0.0
3715,0.8717105263157895,0.8718453307963482,0.8292682926829268,0.8421052631578947,0.9441624365482234,0.7703703703703704,0.9285714285714286,0.0,0.0714285714285708
3716,0.8947368421052632,0.8835695352659986,0.8551724137931035,0.8367346938775511,0.9588014981273408,0.7735849056603774,0.9111111111111111,0.0,0.08888888888888791
3717,0.9769736842105263,0.9745531382110205,0.9787234042553191,0.9814323607427056,0.9635036496350365,0.9840425531914894,0.9788359788359788,0.0,0.021164021164021052
3718,0.9210526315789473,0.9202183977246777,0.9090909090909091,0.9205298013245033,0.9310344827586207,0.9025974025974026,0.9391891891891891,0.0,0.060810810810810405
3719,0.9144736842105263,0.9152097110245494,0.8433734939759037,0.9022556390977443,1.0,0.821917808219178,1.0,0.0,0.0
3720,0.9013157894736842,0.8657274219061839,0.6956521739130435,0.9132947976878613,0.9882352941176471,0.8494623655913979,0.9875,0.0,0.012499999999999923
3721,0.9375,0.8604402015380535,0.6666666666666666,0.954653937947494,0.96,0.9302325581395349,0.9803921568627451,0.0,0.019607843137254808
3722,0.8980263157894737,0.8791546263244377,0.8324324324324325,0.8050314465408805,1.0,0.6736842105263158,1.0,0.0,0.0
3723,0.930921052631579,0.9345644117831794,0.9333333333333333,0.9195402298850575,0.9508196721311475,0.8759124087591241,0.967741935483871,0.0,0.032258064516128775
3724,0.9177631578947368,0.9131246890895327,0.8957055214723927,0.9287749287749287,0.9148936170212766,0.8956043956043956,0.9644970414201184,0.0,0.03550295857988145
3725,0.9638157894736842,0.964051423765469,0.9463414634146341,0.9458128078817734,1.0,0.897196261682243,1.0,0.0,0.0
3726,0.9210526315789473,0.7147732067356367,0.2222222222222222,0.93717277486911,0.9849246231155779,0.8905472636815921,0.988950276243094,0.0,0.011049723756906016
3727,0.8651315789473685,0.8691924227318046,0.768361581920904,0.8392156862745098,1.0,0.722972972972973,1.0,0.0,0.0
3728,0.8618421052631579,0.8557057900461849,0.7361111111111112,0.8955223880597015,0.9354838709677419,0.821917808219178,0.9836065573770492,0.0,0.01639344262295073
3729,0.9769736842105263,0.9753802282671402,0.975609756097561,0.9799426934097422,0.9705882352941176,0.9771428571428571,0.9827586206896551,0.0,0.01724137931034473
3730,0.8914473684210527,0.8463635715215854,0.6739130434782609,0.8773234200743495,0.9878542510121457,0.7919463087248322,0.9833333333333333,0.0,0.016666666666666528
3731,0.8914473684210527,0.8996496029524579,0.8405797101449275,0.8583690987124464,1.0,0.7518796992481203,1.0,0.0,0.0
3732,0.944078947368421,0.9433179112489949,0.912751677852349,0.9399293286219081,0.9772727272727273,0.9047619047619048,0.9779411764705882,0.0,0.022058823529411603
3733,0.875,0.8710449949708634,0.8363636363636363,0.8901734104046243,0.8865979381443299,0.8369565217391305,0.9506172839506173,0.0,0.049382716049382415
3734,0.9144736842105263,0.9083147585275245,0.8571428571428571,0.9078014184397163,0.96,0.8648648648648649,0.9552238805970149,0.0,0.04477611940298474
3735,0.9506578947368421,0.9457317903843748,0.9172932330827067,0.9367088607594937,0.9831932773109243,0.9024390243902439,0.9736842105263158,0.0,0.02631578947368398
3736,0.9243421052631579,0.881060116354234,0.7472527472527473,0.8959276018099548,1.0,0.8114754098360656,1.0,0.0,0.0
3737,0.9407894736842105,0.9387234042553191,0.88,0.9361702127659575,1.0,0.88,1.0,0.0,0.0
3738,0.875,0.8760758257402553,0.8076923076923077,0.87248322147651,0.948051948051948,0.8024691358024691,0.9558823529411765,0.0,0.044117647058823206
3739,0.9111842105263158,0.8974884046556402,0.8,0.9078498293515358,0.9846153846153847,0.8471337579617835,0.9779411764705882,0.0,0.022058823529411603
3740,0.9177631578947368,0.9118322917163622,0.8613138686131386,0.9019607843137255,0.9722222222222222,0.8518518518518519,0.9583333333333334,0.0,0.041666666666666324
3741,0.9802631578947368,0.9795820627101414,0.9795918367346939,0.9821428571428571,0.9770114942528736,0.9821428571428571,0.9821428571428571,0.0,0.017857142857142752
3742,0.9276315789473685,0.9238909238909239,0.8589743589743589,0.9126984126984127,1.0,0.8394160583941606,1.0,0.0,0.0
3743,0.8453947368421053,0.8412892272594638,0.738255033557047,0.8290909090909091,0.9565217391304348,0.7354838709677419,0.95,0.0,0.049999999999999586
3744,0.8881578947368421,0.8709821428571428,0.734375,0.8785714285714286,1.0,0.7834394904458599,1.0,0.0,0.0
3745,0.8717105263157895,0.8187762729194411,0.6105263157894737,0.8539325842696629,0.991869918699187,0.75,0.991304347826087,0.0,0.008695652173912969
3746,0.9572368421052632,0.9463706130372797,1.0,0.9562289562289562,0.8828828828828829,0.9793103448275862,0.9342105263157895,0.0,0.06578947368421009
3747,0.8782894736842105,0.8817366344636445,0.7662337662337663,0.8868501529051988,0.9921259842519685,0.7967032967032966,1.0,0.0,0.0
3748,0.9638157894736842,0.9624350795645884,1.0,0.9611307420494699,0.9261744966442953,0.9784172661870504,0.9444444444444444,0.0,0.05555555555555517
3749,0.8980263157894737,0.8889855904162215,0.7936507936507936,0.9126760563380282,0.9606299212598425,0.8571428571428571,0.9759036144578314,0.0,0.02409638554216853
3750,0.8881578947368421,0.8863935742971888,0.7951807228915663,0.864,1.0,0.7605633802816901,1.0,0.0,0.0
3751,0.8782894736842105,0.8696935215813935,0.7669172932330827,0.8762541806020067,0.9659090909090909,0.7987804878048781,0.9703703703703703,0.0,0.029629629629629412
3752,0.9144736842105263,0.9066092155515354,0.8596491228070176,0.9064748201438849,0.9537037037037037,0.8689655172413793,0.9473684210526315,0.0,0.05263157894736803
3753,0.9473684210526315,0.9452380952380951,0.9523809523809523,0.95,0.9333333333333333,0.9382716049382716,0.9620253164556962,0.0,0.037974683544303556
3754,0.9078947368421053,0.8976228484151753,0.8378378378378378,0.8715596330275229,0.9834710743801653,0.7916666666666666,0.9693877551020408,0.0,0.030612244897958874
3755,0.9276315789473685,0.8811098314546641,0.746268656716418,0.9147286821705426,0.9823321554770318,0.8676470588235294,0.9672131147540983,0.0,0.03278688524590137
3756,0.8519736842105263,0.864434360819903,0.8,0.8192771084337349,0.974025974025974,0.7083333333333334,0.9714285714285714,0.0,0.0285714285714283
3757,0.9375,0.93288879833053,0.8905109489051095,0.9272030651340997,0.9809523809523809,0.8832116788321168,0.9758064516129032,0.0,0.02419354838709658
3758,0.9572368421052632,0.9428352749533128,0.891566265060241,0.9530685920577617,0.9838709677419355,0.9295774647887324,0.9777777777777777,0.0,0.02222222222222206
3759,0.8914473684210527,0.897370264247055,0.8342857142857143,0.9054441260744985,0.9523809523809523,0.8404255319148937,0.9813664596273292,0.0,0.018633540372670693
3760,0.9078947368421053,0.9013698630136986,0.8,0.9041095890410958,1.0,0.825,1.0,0.0,0.0
3761,0.9144736842105263,0.8905464121132324,0.7755102040816326,0.9161290322580645,0.98,0.8606060606060606,0.9793103448275862,0.0,0.02068965517241365
3762,0.8980263157894737,0.8912834394810724,0.8129032258064516,0.8702928870292888,0.9906542056074766,0.7761194029850746,0.9904761904761905,0.0,0.009523809523809433
3763,0.9638157894736842,0.9561774932177123,0.9448818897637795,0.9724310776942355,0.9512195121951219,0.9603960396039604,0.9847715736040609,0.0,0.015228426395939009
3764,0.9046052631578947,0.895367815059844,0.819672131147541,0.9055374592833876,0.9608938547486033,0.852760736196319,0.9652777777777778,0.0,0.03472222222222198
3765,0.9539473684210527,0.954332149235189,0.9382716049382716,0.9559748427672956,0.96875,0.9325153374233128,0.9806451612903225,0.0,0.019354838709677295
3766,0.9868421052631579,0.9886335886335886,1.0,0.9878787878787879,0.978021978021978,0.9939024390243902,0.9819277108433735,0.0,0.018072289156626398
3767,0.9375,0.9359809453267397,0.8671328671328671,0.940809968847352,1.0,0.888235294117647,1.0,0.0,0.0
3768,0.9111842105263158,0.9058894502677023,0.8187919463087249,0.898876404494382,1.0,0.8163265306122449,1.0,0.0,0.0
3769,0.75,0.7338173330876483,0.4626865671641791,0.7654320987654321,0.9733333333333334,0.6294416243654822,0.9763779527559056,0.0,0.023622047244094304
3770,0.9013157894736842,0.8481086607273257,0.6341463414634146,0.9101796407185628,1.0,0.8351648351648352,1.0,0.0,0.0
3771,0.8486842105263158,0.8288660706382226,0.7090909090909091,0.8544303797468354,0.9230769230769231,0.7988165680473372,0.9183673469387755,0.0,0.08163265306122394
3772,0.8914473684210527,0.8964623247927395,0.8361581920903954,0.8782287822878229,0.975,0.7986577181208053,0.9754098360655737,0.0,0.024590163934426028
3773,0.8914473684210527,0.8674662504449738,0.7027027027027027,0.8996960486322189,1.0,0.8176795580110497,1.0,0.0,0.0
3774,0.9177631578947368,0.9181673200360243,0.8651685393258427,0.8945147679324894,0.9948186528497409,0.8153846153846154,0.9906542056074766,0.0,0.009345794392523277
3775,0.9013157894736842,0.9082997551203732,0.8663101604278075,0.8979591836734694,0.9606299212598425,0.8354430379746836,0.9705882352941176,0.0,0.029411764705882137
3776,0.9243421052631579,0.9155759717314487,0.848,0.9187279151943463,0.98,0.8666666666666667,0.9774436090225563,0.0,0.02255639097744344
3777,0.8519736842105263,0.8505296055368742,0.7417218543046358,0.8780487804878049,0.9318181818181818,0.7941176470588235,0.9818181818181818,0.0,0.018181818181818073
3778,0.8782894736842105,0.8811183464407611,0.819672131147541,0.8451882845188284,0.978494623655914,0.7481481481481481,0.9711538461538461,0.0,0.02884615384615357
3779,0.8782894736842105,0.8821321364383771,0.7875,0.9023746701846965,0.9565217391304348,0.8300970873786407,0.9884393063583815,0.0,0.01156069364161843
3780,0.8618421052631579,0.8366320656643237,0.6545454545454545,0.8870967741935484,0.9682539682539683,0.8088235294117647,0.9821428571428571,0.0,0.017857142857142752
3781,0.9671052631578947,0.9494199791082522,0.8837209302325582,0.9645390070921985,1.0,0.9315068493150684,1.0,0.0,0.0
3782,0.875,0.8779229604917678,0.8256880733944955,0.8080808080808081,1.0,0.6779661016949152,1.0,0.0,0.0
3783,0.8125,0.8186410004114962,0.6863905325443787,0.7942238267148014,0.9753086419753086,0.6707317073170732,0.9734513274336283,0.0,0.02654867256637145
3784,0.8289473684210527,0.7603394646091775,0.5428571428571428,0.8169014084507042,0.9212598425196851,0.7581699346405228,0.8854961832061069,0.0,0.11450381679389227
3785,0.9144736842105263,0.8914212964735614,0.7755102040816326,0.9207317073170732,0.978021978021978,0.867816091954023,0.9805194805194806,0.0,0.019480519480519355
3786,0.9572368421052632,0.962335075460977,0.9383886255924171,0.9486166007905138,1.0,0.9022556390977443,1.0,0.0,0.0
3787,0.8453947368421053,0.7581235196379962,0.4266666666666667,0.8953229398663697,0.9523809523809523,0.8204081632653061,0.9852941176470589,0.0,0.014705882352941105
3788,0.9013157894736842,0.9007780971460093,0.8992248062015504,0.8255813953488372,0.9775280898876404,0.7244897959183674,0.9594594594594594,0.0,0.040540540540539995
3789,0.8782894736842105,0.8605712379771764,0.734375,0.8614232209737828,0.9859154929577465,0.7666666666666667,0.9829059829059829,0.0,0.01709401709401695
3790,0.8388157894736842,0.8498269264266579,0.801980198019802,0.8063241106719368,0.9411764705882353,0.6986301369863014,0.9532710280373832,0.0,0.04672897196261639
3791,0.9638157894736842,0.9544173166382771,0.8990825688073395,0.9641693811074918,1.0,0.9308176100628931,1.0,0.0,0.0
3792,0.8355263157894737,0.8451068666896006,0.7692307692307693,0.8201438848920863,0.9459459459459459,0.7215189873417721,0.95,0.0,0.049999999999999586
3793,0.9506578947368421,0.952740005585272,0.9152542372881356,0.9429657794676806,1.0,0.8920863309352518,1.0,0.0,0.0
3794,0.8618421052631579,0.7663622526636226,0.5,0.8333333333333334,0.9657534246575342,0.75,0.9375,0.0,0.062499999999999445
3795,0.8585526315789473,0.830298858486778,0.7114093959731543,0.7794871794871795,1.0,0.6386554621848739,1.0,0.0,0.0
3796,0.868421052631579,0.8586309523809524,0.75,0.8571428571428571,0.96875,0.7741935483870968,0.96,0.0,0.03999999999999968
3797,0.9078947368421053,0.9047526295449296,0.924901185770751,0.8390804597701149,0.9502762430939227,0.7684210526315789,0.9240506329113924,0.0,0.07594936708860664
3798,0.9703947368421053,0.9372541579712895,0.8571428571428571,0.9641434262948207,0.9904761904761905,0.952755905511811,0.9758064516129032,0.0,0.02419354838709658
3799,0.8881578947368421,0.873160992013451,0.7540983606557377,0.9166666666666666,0.9487179487179487,0.8577981651376146,0.9842105263157894,0.0,0.015789473684210444
3800,0.9046052631578947,0.9041752106951249,0.8609271523178808,0.9079365079365079,0.9436619718309859,0.8614457831325302,0.959731543624161,0.0,0.04026845637583866
3801,0.9638157894736842,0.9465341066003866,0.8705882352941177,0.9690140845070423,1.0,0.9398907103825137,1.0,0.0,0.0
3802,0.8256578947368421,0.8343161465462208,0.7073170731707317,0.8398791540785498,0.9557522123893806,0.7354497354497355,0.9788732394366197,0.0,0.021126760563380132
3803,0.8026315789473685,0.7201437556836363,0.3917525773195876,0.7727272727272727,0.9959514170040485,0.6296296296296297,1.0,0.0,0.0
3804,0.9046052631578947,0.9090891279217853,0.8176100628930818,0.9096573208722741,1.0,0.8342857142857143,1.0,0.0,0.0
3805,0.9342105263157895,0.8804310045185958,0.7142857142857143,0.927007299270073,1.0,0.8639455782312925,1.0,0.0,0.0
3806,0.930921052631579,0.9304928989139515,0.8771929824561403,0.9142857142857143,1.0,0.8421052631578947,1.0,0.0,0.0
3807,0.868421052631579,0.8288690476190476,0.6428571428571429,0.84375,1.0,0.7297297297297297,1.0,0.0,0.0
3808,0.9013157894736842,0.8711368167956838,0.78125,0.9137931034482759,0.9183673469387755,0.8983050847457628,0.9298245614035088,0.0,0.07017543859649082
3809,0.805921052631579,0.7659632083060527,0.5471698113207547,0.8065573770491803,0.9441624365482234,0.7068965517241379,0.9389312977099237,0.0,0.061068702290075876
3810,0.9111842105263158,0.7961548887545092,0.5142857142857142,0.9330024813895782,0.9411764705882353,0.9038461538461539,0.9641025641025641,0.0,0.035897435897435714
3811,0.868421052631579,0.8676739342938502,0.8629032258064516,0.7727272727272727,0.967391304347826,0.6538461538461539,0.9444444444444444,0.0,0.05555555555555479
3812,0.9177631578947368,0.9204660853986847,0.8923076923076924,0.8908296943231441,0.9782608695652174,0.8225806451612904,0.9714285714285714,0.0,0.0285714285714283
3813,0.8519736842105263,0.7619292196779037,0.4444444444444444,0.8664688427299704,0.9748743718592965,0.7807486631016043,0.9733333333333334,0.0,0.02666666666666649
3814,0.9078947368421053,0.8796428504242151,0.8551724137931035,0.9326923076923077,0.851063829787234,0.8981481481481481,0.97,0.0,0.02999999999999985
3815,0.9342105263157895,0.9199427446770442,0.8521739130434782,0.92,0.9876543209876543,0.8646616541353384,0.9829059829059829,0.0,0.01709401709401695
3816,0.8782894736842105,0.8714459350991858,0.7555555555555555,0.8854489164086687,0.9733333333333334,0.807909604519774,0.9794520547945206,0.0,0.020547945205479312
3817,0.930921052631579,0.9304900466880991,0.9384615384615385,0.9337539432176656,0.9192546583850931,0.9367088607594937,0.9308176100628931,0.0,0.06918238993710649
3818,0.9407894736842105,0.9314010630829405,0.847457627118644,0.9467455621301775,1.0,0.898876404494382,1.0,0.0,0.0
3819,0.8322368421052632,0.827167976680436,0.7183098591549296,0.8282828282828283,0.9349112426035503,0.7409638554216867,0.9389312977099237,0.0,0.061068702290075876
3820,0.8585526315789473,0.8151339017221502,0.5894736842105263,0.8840970350404312,0.971830985915493,0.803921568627451,0.9820359281437125,0.0,0.017964071856287317
3821,0.9046052631578947,0.9100612381968314,0.8363636363636363,0.9107692307692308,0.9830508474576272,0.8409090909090909,0.9932885906040269,0.0,0.00671140939597311
3822,0.8717105263157895,0.6564341453001589,0.16,0.8769716088328076,0.9323308270676691,0.8424242424242424,0.9144736842105263,0.0,0.08552631578947313
3823,0.8486842105263158,0.841620253164557,0.7088607594936709,0.816,1.0,0.6891891891891891,1.0,0.0,0.0
3824,0.8980263157894737,0.9065121342262231,0.8556149732620321,0.9009584664536742,0.9629629629629629,0.834319526627219,0.9791666666666666,0.0,0.02083333333333319
3825,0.9276315789473685,0.9272825669598839,0.8771929824561403,0.9098360655737705,0.9948186528497409,0.8409090909090909,0.9910714285714286,0.0,0.00892857142857135
3826,0.9144736842105263,0.9101748273121829,0.8552631578947368,0.8943089430894309,0.9809523809523809,0.8270676691729323,0.9734513274336283,0.0,0.02654867256637145
3827,0.8421052631578947,0.8083235559871073,0.5981308411214953,0.8571428571428571,0.9696969696969697,0.7659574468085106,0.972972972972973,0.0,0.027027027027026845
3828,0.881578947368421,0.888111888111888,0.8181818181818182,0.8461538461538461,1.0,0.7333333333333333,1.0,0.0,0.0
3829,0.9539473684210527,0.896656963672938,0.7555555555555555,0.944,0.9904153354632588,0.9076923076923077,0.9833333333333333,0.0,0.016666666666666528
3830,0.881578947368421,0.8867986626779505,0.819672131147541,0.8582677165354331,0.9824561403508771,0.7622377622377622,0.9819819819819819,0.0,0.01801801801801786
3831,0.9506578947368421,0.9423164002923866,0.8925619834710744,0.9433962264150944,0.990990990990991,0.8992805755395683,0.9920634920634921,0.0,0.007936507936507874
3832,0.8519736842105263,0.8370422750287826,0.6991869918699187,0.8632218844984803,0.9487179487179487,0.7845303867403315,0.9594594594594594,0.0,0.040540540540540265
3833,0.9111842105263158,0.902774455817934,0.8461538461538461,0.8932806324110671,0.9688888888888889,0.837037037037037,0.9576271186440678,0.0,0.04237288135593185
3834,0.930921052631579,0.9265069645380525,0.8714285714285714,0.9236363636363636,0.9844559585492227,0.8698630136986302,0.9844961240310077,0.0,0.015503875968992128
3835,0.9013157894736842,0.9086290567182287,0.8571428571428571,0.9044585987261147,0.9642857142857143,0.8402366863905325,0.9793103448275862,0.0,0.02068965517241365
3836,0.9671052631578947,0.9433719433719433,0.8571428571428571,0.972972972972973,1.0,0.9473684210526315,1.0,0.0,0.0
3837,0.944078947368421,0.940406478803668,0.8776978417266187,0.9435215946843853,1.0,0.8930817610062893,1.0,0.0,0.0
3838,0.9342105263157895,0.9351172288658214,0.9101796407185628,0.9386503067484663,0.9565217391304348,0.9053254437869822,0.9745222929936306,0.0,0.025477707006369265
3839,0.9769736842105263,0.977421002160526,0.9693251533742331,0.976271186440678,0.9866666666666667,0.96,0.993103448275862,0.0,0.006896551724137884
3840,0.9473684210526315,0.9473684210526315,0.8947368421052632,0.9473684210526315,1.0,0.9,1.0,0.0,0.0
3841,0.8585526315789473,0.8264635971153883,0.6415094339622641,0.8652037617554859,0.9726775956284153,0.7796610169491526,0.971830985915493,0.0,0.028169014084506845
3842,0.8947368421052632,0.8887322647652498,0.8390804597701149,0.8446601941747572,0.9824561403508771,0.75,0.9666666666666667,0.0,0.033333333333332965
3843,0.881578947368421,0.8332977518703473,0.6136363636363636,0.8983050847457628,0.9879518072289156,0.8153846153846154,1.0,0.0,0.0
3844,0.8289473684210527,0.8260573189887673,0.6666666666666666,0.8404907975460123,0.9710144927536232,0.7365591397849462,0.9785714285714285,0.0,0.021428571428571276
3845,0.9046052631578947,0.9120468371569693,0.8898678414096917,0.8722466960352423,0.974025974025974,0.792,0.9705882352941176,0.0,0.029411764705882065
3846,0.8618421052631579,0.829417190239626,0.6896551724137931,0.8220338983050848,0.9765625,0.7185185185185186,0.9603960396039604,0.0,0.039603960396039216
3847,0.9177631578947368,0.9086810959415016,0.819672131147541,0.9279538904899135,0.9784172661870504,0.875,0.9877300613496932,0.0,0.012269938650306674
3848,0.8881578947368421,0.8903643772168968,0.7951807228915663,0.8759124087591241,1.0,0.7792207792207793,1.0,0.0,0.0
3849,0.7730263157894737,0.7263248884755179,0.45871559633027525,0.770764119601329,0.9494949494949495,0.655367231638418,0.9354838709677419,0.0,0.06451612903225755
3850,0.9375,0.9503016741510466,0.9205020920502092,0.9304029304029304,1.0,0.8698630136986302,1.0,0.0,0.0
3851,0.930921052631579,0.9111338521124258,0.8305084745762712,0.9066666666666666,0.9962264150943396,0.8360655737704918,0.9902912621359223,0.0,0.009708737864077575
3852,0.9506578947368421,0.9455825026816315,0.8905109489051095,0.946236559139785,1.0,0.8979591836734694,1.0,0.0,0.0
3853,0.9868421052631579,0.9876491228070176,1.0,0.9789473684210527,0.984,0.9893617021276596,0.96875,0.0,0.031249999999999677
3854,0.881578947368421,0.8414940914940915,0.6818181818181818,0.8783783783783784,0.9642857142857143,0.8125,0.9558823529411765,0.0,0.044117647058823206
3855,0.9243421052631579,0.9246845949340172,0.906832298136646,0.9260450160771704,0.9411764705882353,0.8944099378881988,0.96,0.0,0.03999999999999974
3856,0.930921052631579,0.9282455588926917,0.8776978417266187,0.9320388349514563,0.975,0.8888888888888888,0.9795918367346939,0.0,0.020408163265305986
3857,0.9243421052631579,0.9007055582509942,0.8433734939759037,0.9434889434889435,0.9152542372881356,0.927536231884058,0.96,0.0,0.0399999999999998
3858,0.8552631578947368,0.8494379072822061,0.7932960893854749,0.7864077669902912,0.968609865470852,0.675,0.9418604651162791,0.0,0.058139534883720256
3859,0.9506578947368421,0.9518685641559643,0.9253731343283582,0.9302325581395349,1.0,0.8695652173913043,1.0,0.0,0.0
3860,0.8947368421052632,0.8723884331670856,0.780952380952381,0.9187817258883249,0.9174311926605505,0.8786407766990292,0.9627659574468085,0.0,0.03723404255319129
3861,0.868421052631579,0.882806980626642,0.8082901554404145,0.8657718120805369,0.9743589743589743,0.7724550898203593,0.9847328244274809,0.0,0.015267175572518969
3862,0.9177631578947368,0.9328462018131525,0.8868778280542986,0.911660777385159,1.0,0.8376623376623377,1.0,0.0,0.0
3863,0.805921052631579,0.7367201299240135,0.43956043956043955,0.8090614886731392,0.9615384615384616,0.702247191011236,0.9541984732824428,0.0,0.045801526717556905
3864,0.8552631578947368,0.8095269968763944,0.5833333333333334,0.8674698795180723,0.9777777777777777,0.7783783783783784,0.9795918367346939,0.0,0.020408163265305986
3865,0.8618421052631579,0.8160471964061196,0.6610169491525424,0.7941176470588235,0.993006993006993,0.6639344262295082,0.9878048780487805,0.0,0.012195121951219363
3866,0.9539473684210527,0.937764812809923,0.8705882352941177,0.9611111111111111,0.9815950920245399,0.9351351351351351,0.9885714285714285,0.0,0.011428571428571364
3867,0.9046052631578947,0.8736350157597349,0.7572815533980582,0.8786610878661087,0.9849624060150376,0.8015267175572519,0.9722222222222222,0.0,0.027777777777777523
3868,0.8717105263157895,0.8488324327740386,0.7153284671532847,0.8311688311688312,1.0,0.7111111111111111,1.0,0.0,0.0
3869,0.9342105263157895,0.9127272727272727,0.8181818181818182,0.92,1.0,0.8518518518518519,1.0,0.0,0.0
3870,0.8585526315789473,0.8758229480017189,0.7597765363128491,0.8676923076923077,1.0,0.7663043478260869,1.0,0.0,0.0
3871,0.8782894736842105,0.837672270316223,0.6597938144329897,0.8710801393728222,0.9821428571428571,0.7861635220125787,0.9765625,0.0,0.02343749999999982
3872,0.9144736842105263,0.9218833757827056,0.8910891089108911,0.9044117647058824,0.9701492537313433,0.8424657534246576,0.9761904761904762,0.0,0.02380952380952362
3873,0.9769736842105263,0.9760040702289943,0.9795918367346939,0.9787234042553191,0.9696969696969697,0.9757575757575757,0.9817073170731707,0.0,0.018292682926829156
3874,0.8651315789473685,0.7951346280328003,0.5194805194805194,0.8929503916449086,0.972972972972973,0.8181818181818182,0.9827586206896551,0.0,0.01724137931034473
3875,0.9144736842105263,0.9066627029643582,0.8679245283018868,0.9202453987730062,0.9318181818181818,0.8982035928143712,0.9433962264150944,0.0,0.05660377358490531
3876,0.8618421052631579,0.8218780268437803,0.6458333333333334,0.8561643835616438,0.9636363636363636,0.7763975155279503,0.9541984732824428,0.0,0.045801526717556905
3877,0.9736842105263158,0.976416576054126,0.9550561797752809,0.9741935483870968,1.0,0.949685534591195,1.0,0.0,0.0
3878,0.8947368421052632,0.8651965666050173,0.7818181818181819,0.9248826291079812,0.8888888888888888,0.8834080717488789,0.9704433497536946,0.0,0.029556650246305275
3879,0.9078947368421053,0.8876254180602007,0.7846153846153846,0.8782608695652174,1.0,0.7829457364341085,1.0,0.0,0.0
3880,0.9342105263157895,0.8717121904529677,0.6923076923076923,0.9415204678362573,0.9813084112149533,0.9044943820224719,0.9817073170731707,0.0,0.018292682926829156
3881,0.8848684210526315,0.8956196935125459,0.8584905660377359,0.8648648648648649,0.9635036496350365,0.7832167832167832,0.9655172413793104,0.0,0.034482758620689356
3882,0.9013157894736842,0.8907185951303599,0.8307692307692308,0.875,0.9663865546218487,0.813953488372093,0.9459459459459459,0.0,0.05405405405405357
3883,0.9046052631578947,0.9121193964062618,0.867579908675799,0.8687782805429864,1.0,0.768,1.0,0.0,0.0
3884,0.9375,0.9212662741933877,0.8256880733944955,0.9381107491856677,1.0,0.8834355828220859,1.0,0.0,0.0
3885,0.9506578947368421,0.9495228319787571,0.9161290322580645,0.9429657794676806,0.9894736842105263,0.8985507246376812,0.992,0.0,0.007999999999999936
3886,0.9276315789473685,0.9242724867724869,0.8714285714285714,0.9236111111111112,0.9777777777777777,0.875,0.9779411764705882,0.0,0.022058823529411603
3887,0.9506578947368421,0.9505926134409107,0.9614035087719298,0.9197860962566845,0.9705882352941176,0.8775510204081632,0.9662921348314607,0.0,0.03370786516853895
3888,0.9572368421052632,0.9457829082107615,0.9007633587786259,0.9365853658536586,1.0,0.8807339449541285,1.0,0.0,0.0
3889,0.9539473684210527,0.9445919532340864,0.9172932330827067,0.9270833333333334,0.9893992932862191,0.8811881188118812,0.978021978021978,0.0,0.021978021978021737
3890,0.9046052631578947,0.9050146846247956,0.8211920529801324,0.9079365079365079,0.9859154929577465,0.8362573099415205,0.9930555555555556,0.0,0.006944444444444396
3891,0.9868421052631579,0.9840613026819923,0.9655172413793104,0.9866666666666667,1.0,0.9736842105263158,1.0,0.0,0.0
3892,0.8388157894736842,0.8579521831286626,0.7431693989071039,0.851963746223565,0.9787234042553191,0.746031746031746,0.9929577464788732,0.0,0.007042253521126711
3893,0.8980263157894737,0.8890944860136131,0.8130081300813008,0.9069069069069069,0.9473684210526315,0.8579545454545454,0.9617834394904459,0.0,0.038216560509553896
3894,0.8618421052631579,0.8609764090736607,0.7132867132867133,0.877906976744186,0.9917355371900827,0.7864583333333334,0.993421052631579,0.0,0.00657894736842101
3895,0.8322368421052632,0.7931934731934732,0.5384615384615384,0.8811188811188811,0.96,0.7974683544303798,0.984375,0.0,0.015624999999999918
3896,0.9144736842105263,0.9194803262098935,0.9299363057324841,0.8785046728971962,0.95,0.8034188034188035,0.9690721649484536,0.0,0.030927835051546074
3897,0.8914473684210527,0.7883597883597884,0.47619047619047616,0.8888888888888888,1.0,0.8,1.0,0.0,0.0
3898,0.881578947368421,0.7913578828440665,0.5,0.893491124260355,0.9805825242718447,0.8206521739130435,0.9805194805194806,0.0,0.019480519480519355
3899,0.8421052631578947,0.8493531716492209,0.7349397590361446,0.8421052631578947,0.9710144927536232,0.7398843930635838,0.9770992366412213,0.0,0.022900763358778452
3900,0.9736842105263158,0.9652417597623076,0.935064935064935,0.9743589743589743,0.9863013698630136,0.9681528662420382,0.9806451612903225,0.0,0.019354838709677295
3901,0.9638157894736842,0.9473261446051288,0.9019607843137255,0.9634551495016611,0.9765625,0.9539473684210527,0.9731543624161074,0.0,0.02684563758389244
3902,0.9506578947368421,0.9438016086004879,0.905982905982906,0.9429657794676806,0.9824561403508771,0.9117647058823529,0.9763779527559056,0.0,0.023622047244094304
3903,0.9276315789473685,0.9309030995777983,0.8589743589743589,0.9337349397590361,1.0,0.8757062146892656,1.0,0.0,0.0
3904,0.7828947368421053,0.7403269098184353,0.4144144144144144,0.8135593220338984,0.993006993006993,0.6857142857142857,1.0,0.0,0.0
3905,0.993421052631579,0.9942180685358255,0.9906542056074766,0.992,1.0,0.9841269841269841,1.0,0.0,0.0
3906,0.8848684210526315,0.8964251207729469,0.782608695652174,0.9066666666666666,1.0,0.8292682926829268,1.0,0.0,0.0
3907,0.9407894736842105,0.9310344827586207,0.8448275862068966,0.9482758620689655,1.0,0.9016393442622951,1.0,0.0,0.0
3908,0.9177631578947368,0.9140119140119141,0.8531468531468531,0.910394265232975,0.978494623655914,0.8523489932885906,0.9769230769230769,0.0,0.0230769230769229
3909,0.868421052631579,0.8735453628757529,0.7530864197530864,0.8675496688741722,1.0,0.7660818713450293,1.0,0.0,0.0
3910,0.8618421052631579,0.856331464528186,0.7792207792207793,0.8278688524590164,0.9619047619047619,0.7372262773722628,0.9439252336448598,0.0,0.056074766355139666
3911,0.9539473684210527,0.9444689780069031,0.9113924050632911,0.950354609929078,0.97165991902834,0.9370629370629371,0.9640287769784173,0.0,0.035971223021582475
3912,0.9572368421052632,0.9517164412303022,0.9007633587786259,0.9543859649122807,1.0,0.912751677852349,1.0,0.0,0.0
3913,0.8717105263157895,0.860805497736809,0.7368421052631579,0.8677966101694915,0.9777777777777777,0.7804878048780488,0.9770992366412213,0.0,0.022900763358778452
3914,0.9276315789473685,0.9046858967050507,0.7755102040816326,0.9385474860335196,1.0,0.8842105263157894,1.0,0.0,0.0
3915,0.868421052631579,0.8518098991889639,0.688,0.8734177215189873,0.9940119760479041,0.7752808988764045,1.0,0.0,0.0
3916,0.8421052631578947,0.836923373866049,0.7285714285714285,0.8471337579617835,0.935064935064935,0.764367816091954,0.95,0.0,0.04999999999999964
3917,0.875,0.8814458646756784,0.8432432432432433,0.8623188405797102,0.9387755102040817,0.7933333333333333,0.9444444444444444,0.0,0.055555555555555115
3918,0.8388157894736842,0.8485776739997197,0.7789473684210526,0.8108108108108109,0.9559748427672956,0.7094594594594594,0.9459459459459459,0.0,0.05405405405405357
3919,0.9605263157894737,0.9590212899199879,0.9787234042553191,0.958041958041958,0.9402985074626866,0.958041958041958,0.958041958041958,0.0,0.04195804195804167
3920,0.9407894736842105,0.9415649508255598,0.9299363057324841,0.9343065693430657,0.96045197740113,0.9078014184397163,0.9624060150375939,0.0,0.037593984962405735
3921,0.9046052631578947,0.8853870934429491,0.7924528301886793,0.8945454545454545,0.9691629955947136,0.8367346938775511,0.9609375,0.0,0.039062499999999695
3922,0.8585526315789473,0.8537532515793385,0.7692307692307693,0.8753623188405797,0.9166666666666666,0.8162162162162162,0.94375,0.0,0.05624999999999965
3923,0.9375,0.8467669744570748,0.6153846153846154,0.9411764705882353,0.983739837398374,0.9047619047619048,0.9806451612903225,0.0,0.019354838709677295
3924,0.8618421052631579,0.8251683958330435,0.75177304964539,0.7469879518072289,0.9767441860465116,0.6262626262626263,0.9253731343283582,0.0,0.07462686567164069
3925,0.930921052631579,0.9066154204518985,0.8148148148148148,0.9333333333333333,0.9716981132075472,0.901840490797546,0.9671052631578947,0.0,0.032894736842105046
3926,0.9243421052631579,0.8811283558463997,0.75,0.9037656903765691,0.9896193771626297,0.8372093023255814,0.9818181818181818,0.0,0.018181818181818018
3927,0.9342105263157895,0.90900984427905,0.7956989247311828,0.9363057324840764,0.9950248756218906,0.8855421686746988,0.9932432432432432,0.0,0.006756756756756711
3928,0.993421052631579,0.9917830903937391,0.9863013698630136,0.9931972789115646,0.995850622406639,0.9931972789115646,0.9931972789115646,0.0,0.006802721088435328
3929,0.8782894736842105,0.8708996532017048,0.7924528301886793,0.8384279475982532,0.9818181818181818,0.732824427480916,0.9795918367346939,0.0,0.020408163265305916
3930,0.8552631578947368,0.8328368474843909,0.672566371681416,0.8735632183908046,0.9523809523809523,0.8,0.9620253164556962,0.0,0.037974683544303556
3931,0.8914473684210527,0.8211504970125659,0.6181818181818182,0.896551724137931,0.9487179487179487,0.8511904761904762,0.9470198675496688,0.0,0.05298013245033078
3932,0.9375,0.9318555188507096,0.8571428571428571,0.9461756373937678,0.9922480620155039,0.9027027027027027,0.9940476190476191,0.0,0.005952380952380917
3933,0.9210526315789473,0.9019638920770253,0.8222222222222222,0.9210526315789473,0.9626168224299065,0.8860759493670886,0.958904109589041,0.0,0.041095890410958624
3934,0.8486842105263158,0.8378982730735371,0.6950354609929078,0.8345323741007195,0.9841269841269841,0.725,0.9830508474576272,0.0,0.01694915254237274
3935,0.9375,0.9349694016360682,0.9417989417989417,0.8972972972972973,0.9658119658119658,0.8645833333333334,0.9325842696629213,0.0,0.0674157303370779
3936,0.7861842105263158,0.7720624805064529,0.5578231292517006,0.758364312267658,1.0,0.6107784431137725,1.0,0.0,0.0
3937,0.9506578947368421,0.9328283243040572,0.8641975308641975,0.9586776859504132,0.975609756097561,0.9354838709677419,0.9830508474576272,0.0,0.016949152542372788
3938,0.9473684210526315,0.9363435063059594,0.8823529411764706,0.9574468085106383,0.9692307692307692,0.9326424870466321,0.9836065573770492,0.0,0.01639344262295073
3939,0.8322368421052632,0.8380911404678221,0.77,0.7713004484304933,0.972972972972973,0.6417910447761194,0.9662921348314607,0.0,0.03370786516853895
3940,0.8585526315789473,0.8120244343525954,0.6521739130434783,0.8244897959183674,0.959409594095941,0.7426470588235294,0.926605504587156,0.0,0.07339449541284336
3941,0.9111842105263158,0.9084466637455666,0.8413793103448276,0.9072164948453608,0.9767441860465116,0.8461538461538461,0.9777777777777777,0.0,0.02222222222222206
3942,0.8256578947368421,0.8390160172564137,0.7407407407407407,0.8029739776951673,0.9733333333333334,0.6835443037974683,0.972972972972973,0.0,0.027027027027026786
3943,0.9111842105263158,0.914597041565767,0.8705882352941177,0.9072164948453608,0.9659863945578231,0.8461538461538461,0.9777777777777777,0.0,0.02222222222222206
3944,0.9177631578947368,0.8834331795033489,0.7126436781609196,0.9376558603491272,1.0,0.8826291079812206,1.0,0.0,0.0
3945,0.819078947368421,0.826021861847181,0.7073170731707317,0.8387096774193549,0.9320388349514563,0.7409326424870466,0.9662162162162162,0.0,0.03378378378378356
3946,0.9506578947368421,0.9526822480187059,0.9392265193370166,0.9438202247191011,0.975,0.9130434782608695,0.9767441860465116,0.0,0.02325581395348819
3947,0.944078947368421,0.9387911203128594,0.906832298136646,0.9178743961352657,0.9916666666666667,0.8558558558558559,0.9895833333333334,0.0,0.010416666666666559
3948,0.8388157894736842,0.8487698150484239,0.7486033519553073,0.8243727598566308,0.9733333333333334,0.7142857142857143,0.9745762711864406,0.0,0.02542372881355911
3949,0.8782894736842105,0.8640845330986177,0.8650793650793651,0.7412587412587412,0.9859154929577465,0.6022727272727273,0.9636363636363636,0.0,0.0363636363636357
3950,0.9144736842105263,0.8908730158730158,0.75,0.9226190476190477,1.0,0.856353591160221,1.0,0.0,0.0
3951,0.9111842105263158,0.9083089434527135,0.8111888111888111,0.9137380191693291,1.0,0.8411764705882353,1.0,0.0,0.0
3952,0.881578947368421,0.8898477003021389,0.8279569892473119,0.8686131386861314,0.972972972972973,0.7828947368421053,0.9754098360655737,0.0,0.024590163934426028
3953,0.9605263157894737,0.9539424945026541,0.9508196721311475,0.922077922077922,0.988929889298893,0.8765432098765432,0.9726027397260274,0.0,0.02739726027397223
3954,0.9013157894736842,0.8105155290718672,0.56,0.9278846153846154,0.9436619718309859,0.8894009216589862,0.9698492462311558,0.0,0.03015075376884407
3955,0.9013157894736842,0.8810433201058201,0.8,0.8828125,0.9603174603174603,0.8308823529411765,0.9416666666666667,0.0,0.05833333333333285
3956,0.9111842105263158,0.901096419056409,0.8188976377952756,0.9045936395759717,0.9797979797979798,0.8421052631578947,0.9770992366412213,0.0,0.022900763358778452
3957,0.868421052631579,0.871144327052599,0.7978723404255319,0.8260869565217391,0.9894736842105263,0.7089552238805971,0.9895833333333334,0.0,0.010416666666666559
3958,0.9013157894736842,0.8865048603420697,0.7936507936507936,0.8837209302325582,0.9821428571428571,0.8085106382978723,0.9743589743589743,0.0,0.02564102564102542
3959,0.9276315789473685,0.9267709984381048,0.9175257731958762,0.8910891089108911,0.9716981132075472,0.8411214953271028,0.9473684210526315,0.0,0.05263157894736787
3960,0.9078947368421053,0.8889894419306184,0.7846153846153846,0.8823529411764706,1.0,0.7894736842105263,1.0,0.0,0.0
3961,0.9572368421052632,0.9579787902615889,0.9506172839506173,0.9509433962264151,0.9723756906077348,0.9264705882352942,0.9767441860465116,0.0,0.02325581395348819
3962,0.8980263157894737,0.9054818910447846,0.7973856209150327,0.9190600522193212,1.0,0.8502415458937198,1.0,0.0,0.0
3963,0.8223684210526315,0.8249819463914022,0.7142857142857143,0.7711864406779662,0.9894736842105263,0.6319444444444444,0.9891304347826086,0.0,0.010869565217391186
3964,0.9210526315789473,0.9245837905442875,0.8837209302325582,0.9178082191780822,0.9722222222222222,0.864516129032258,0.9781021897810219,0.0,0.021897810218977944
3965,0.9177631578947368,0.7698149458994843,0.4,0.9266862170087976,0.9827586206896551,0.8777777777777778,0.9813664596273292,0.0,0.018633540372670693
3966,0.8585526315789473,0.8566327429275981,0.7530864197530864,0.8326848249027238,0.9841269841269841,0.722972972972973,0.981651376146789,0.0,0.01834862385321084
3967,0.8453947368421053,0.8613481285348392,0.7881773399014779,0.8252788104089219,0.9705882352941176,0.7161290322580646,0.9736842105263158,0.0,0.02631578947368398
3968,0.9210526315789473,0.8709143586830762,0.7012987012987013,0.9154929577464789,0.9959514170040485,0.8441558441558441,1.0,0.0,0.0
3969,0.9638157894736842,0.9483103774828879,0.8817204301075269,0.9632107023411371,1.0,0.9290322580645162,1.0,0.0,0.0
3970,0.9177631578947368,0.8940175707711616,0.7524752475247525,0.9295774647887324,1.0,0.868421052631579,1.0,0.0,0.0
3971,0.9046052631578947,0.8019438625890238,0.56,0.8663594470046083,0.9794721407624634,0.7966101694915254,0.9494949494949495,0.0,0.05050505050505
3972,0.9177631578947368,0.9217452101012822,0.8407643312101911,0.9244712990936556,1.0,0.8595505617977528,1.0,0.0,0.0
3973,0.9013157894736842,0.8809611184705166,0.8064516129032258,0.8584905660377359,0.9779411764705882,0.7777777777777778,0.9578947368421052,0.0,0.0421052631578943
3974,0.9572368421052632,0.9540954114184944,0.9172932330827067,0.9562289562289562,0.9887640449438202,0.9281045751633987,0.9861111111111112,0.0,0.013888888888888793
3975,0.9276315789473685,0.9157587872730302,0.8173913043478261,0.9367816091954023,0.993103448275862,0.8858695652173914,0.9939024390243902,0.0,0.006097560975609719
3976,0.868421052631579,0.8340213278293773,0.6666666666666666,0.8529411764705882,0.9824561403508771,0.7581699346405228,0.9747899159663865,0.0,0.025210084033613234
3977,0.9407894736842105,0.9316554135519652,0.9090909090909091,0.9134615384615384,0.9724137931034482,0.8878504672897196,0.9405940594059405,0.0,0.05940594059405882
3978,0.9407894736842105,0.9375896700143471,0.8676470588235294,0.9451219512195121,1.0,0.8959537572254336,1.0,0.0,0.0
3979,0.944078947368421,0.944714655814952,0.9299363057324841,0.9395017793594306,0.9647058823529412,0.9103448275862069,0.9705882352941176,0.0,0.029411764705882137
3980,0.9769736842105263,0.9800005854629549,0.9637305699481865,0.976271186440678,1.0,0.9536423841059603,1.0,0.0,0.0
3981,0.9572368421052632,0.9616687319289549,0.9333333333333333,0.9516728624535316,1.0,0.9078014184397163,1.0,0.0,0.0
3982,0.8980263157894737,0.9220948496143658,0.8713692946058091,0.8949152542372881,1.0,0.8098159509202454,1.0,0.0,0.0
3983,0.9276315789473685,0.9085092964000102,0.8,0.9392265193370166,0.9863013698630136,0.8947368421052632,0.9883720930232558,0.0,0.011627906976744118
3984,0.7927631578947368,0.7989601901366606,0.6666666666666666,0.7529411764705882,0.9772727272727273,0.6153846153846154,0.9696969696969697,0.0,0.03030303030303
3985,0.8552631578947368,0.8439348091522004,0.7391304347826086,0.8307692307692308,0.9619047619047619,0.7397260273972602,0.9473684210526315,0.0,0.05263157894736796
3986,0.9210526315789473,0.9224165341812401,0.8378378378378378,0.9294117647058824,1.0,0.8681318681318682,1.0,0.0,0.0
3987,0.9407894736842105,0.9333578440858133,0.8793103448275862,0.9454545454545454,0.9753086419753086,0.9122807017543859,0.9811320754716981,0.0,0.018867924528301768
3988,0.9013157894736842,0.867235656709341,0.7368421052631579,0.8648648648648649,1.0,0.7619047619047619,1.0,0.0,0.0
3989,0.8585526315789473,0.8509526106156945,0.7083333333333334,0.8501742160278746,0.9943502824858758,0.7439024390243902,0.991869918699187,0.0,0.008130081300812943
3990,0.8322368421052632,0.8448259071962069,0.7924528301886793,0.7866108786610879,0.9554140127388535,0.6714285714285714,0.9494949494949495,0.0,0.05050505050505
3991,0.9177631578947368,0.9160579241795502,0.8413793103448276,0.9201277955271565,0.9866666666666667,0.8571428571428571,0.993103448275862,0.0,0.006896551724137884
3992,0.930921052631579,0.9168443700432354,0.9022556390977443,0.874251497005988,0.974025974025974,0.8295454545454546,0.9240506329113924,0.0,0.07594936708860664
3993,0.9111842105263158,0.9013557056325281,0.832,0.9003690036900369,0.9716981132075472,0.8472222222222222,0.9606299212598425,0.0,0.039370078740157174
3994,0.9013157894736842,0.8791681189729289,0.7368421052631579,0.9006622516556292,1.0,0.8192771084337349,1.0,0.0,0.0
3995,0.9473684210526315,0.8908730158730158,0.7142857142857143,0.9583333333333334,1.0,0.92,1.0,0.0,0.0
3996,0.8355263157894737,0.8504422268636703,0.7311827956989247,0.8201438848920863,1.0,0.6951219512195121,1.0,0.0,0.0
3997,0.8881578947368421,0.8709582451193733,0.7878787878787878,0.8903225806451613,0.9346733668341709,0.8466257668711656,0.9387755102040817,0.0,0.06122448979591795
3998,0.9769736842105263,0.967980967980968,0.935064935064935,0.978978978978979,0.98989898989899,0.9644970414201184,0.9939024390243902,0.0,0.006097560975609719
3999,0.9506578947368421,0.9489225021061284,0.9380530973451328,0.9508196721311475,0.9578947368421052,0.9415584415584416,0.9602649006622517,0.0,0.03973509933774808
4000,0.9868421052631579,0.9890982646651763,1.0,0.9870967741935484,0.9801980198019802,0.9935064935064936,0.9807692307692307,0.0,0.019230769230769107
4001,0.8980263157894737,0.9015465522679452,0.8924731182795699,0.8764940239043825,0.935672514619883,0.8270676691729323,0.9322033898305084,0.0,0.06779661016949096
4002,0.9013157894736842,0.901383995536314,0.8301886792452831,0.8913043478260869,0.9826589595375722,0.8145695364238411,0.984,0.0,0.015999999999999872
4003,0.9375,0.9235834016146142,0.8705882352941177,0.9446064139941691,0.9555555555555556,0.9204545454545454,0.9700598802395209,0.0,0.029940119760478865
4004,0.8848684210526315,0.70632579482137,0.2222222222222222,0.8967551622418879,1.0,0.8128342245989305,1.0,0.0,0.0
4005,0.8092105263157895,0.7035541433131794,0.28205128205128205,0.8406593406593407,0.9879518072289156,0.7285714285714285,0.9935064935064936,0.0,0.0064935064935064514
4006,0.8651315789473685,0.847140898161984,0.7,0.8706624605678234,0.9707602339181286,0.7840909090909091,0.9787234042553191,0.0,0.0212765957446807
4007,0.9276315789473685,0.928633180412192,0.9375,0.920863309352518,0.927536231884058,0.8951048951048951,0.9481481481481482,0.0,0.05185185185185147
4008,0.9046052631578947,0.8816341450227138,0.8349514563106796,0.8481675392670157,0.9617834394904459,0.7941176470588235,0.9101123595505618,0.0,0.0898876404494372
4009,0.8519736842105263,0.8516374996354914,0.7515151515151515,0.8249027237354085,0.978494623655914,0.7162162162162162,0.9724770642201835,0.0,0.027522935779816262
4010,0.8453947368421053,0.7863923233450053,0.4946236559139785,0.8645533141210374,1.0,0.7614213197969543,1.0,0.0,0.0
4011,0.9342105263157895,0.9060109289617486,0.8,0.9180327868852459,1.0,0.8484848484848485,1.0,0.0,0.0
4012,0.8914473684210527,0.840895061728395,0.6666666666666666,0.9185185185185185,0.9375,0.8732394366197183,0.96875,0.0,0.031249999999999837
4013,0.9539473684210527,0.9561833303793564,0.9882352941176471,0.9320388349514563,0.9482758620689655,0.9504950495049505,0.9142857142857143,0.0,0.0857142857142849
4014,0.8651315789473685,0.8168149055245829,0.5934065934065934,0.8797653958944281,0.9772727272727273,0.7978723404255319,0.9803921568627451,0.0,0.019607843137254773
4015,0.9013157894736842,0.9020715630885122,0.8333333333333334,0.8728813559322034,1.0,0.7744360902255639,1.0,0.0,0.0
4016,0.9046052631578947,0.9010488749619184,0.8432432432432433,0.8599033816425121,1.0,0.7542372881355932,1.0,0.0,0.0
4017,0.9144736842105263,0.8678027233582789,0.7027027027027027,0.9197530864197531,0.9809523809523809,0.861271676300578,0.9867549668874173,0.0,0.013245033112582695
4018,0.9243421052631579,0.9059139184933435,0.8135593220338984,0.9083665338645418,0.99581589958159,0.8321167883211679,1.0,0.0,0.0
4019,0.756578947368421,0.7721026829916201,0.6728971962616822,0.6666666666666666,0.9767441860465116,0.5103448275862069,0.961038961038961,0.0,0.03896103896103846
4020,0.8157894736842105,0.7575949367088608,0.5,0.8227848101265823,0.95,0.7303370786516854,0.9420289855072463,0.0,0.05797101449275321
4021,0.868421052631579,0.8558594287917596,0.8,0.7959183673469388,0.97165991902834,0.6902654867256637,0.9397590361445783,0.0,0.060240963855420965
4022,0.9144736842105263,0.9048868742295917,0.8433734939759037,0.8712871287128713,1.0,0.7719298245614035,1.0,0.0,0.0
4023,0.944078947368421,0.935532501845592,0.8521739130434782,0.9544235924932976,1.0,0.9128205128205128,1.0,0.0,0.0
4024,0.7927631578947368,0.7660777067294356,0.5423728813559322,0.8235294117647058,0.9323308270676691,0.7241379310344828,0.9545454545454546,0.0,0.045454545454545164
4025,0.8552631578947368,0.830302379118078,0.6557377049180327,0.8450704225352113,0.9900990099009901,0.7407407407407407,0.9836065573770492,0.0,0.016393442622950685
4026,0.9736842105263158,0.9761817604997926,1.0,0.9745222929936306,0.9540229885057471,0.9870967741935484,0.9622641509433962,0.0,0.037735849056603536
4027,0.8355263157894737,0.8364192915636792,0.697986577181208,0.8571428571428571,0.9541284403669725,0.7653061224489796,0.974025974025974,0.0,0.025974025974025806
4028,0.9144736842105263,0.9161024919126667,0.896551724137931,0.8943089430894309,0.9574468085106383,0.8461538461538461,0.9482758620689655,0.0,0.05172413793103404
4029,0.9407894736842105,0.9404117009750812,0.8846153846153846,0.9366197183098591,1.0,0.8807947019867549,1.0,0.0,0.0
4030,0.9407894736842105,0.93512938674229,0.8548387096774194,0.9505494505494505,1.0,0.9057591623036649,1.0,0.0,0.0
4031,0.8355263157894737,0.8139236429068918,0.6554621848739496,0.8344370860927153,0.9518716577540107,0.7455621301775148,0.9473684210526315,0.0,0.05263157894736803
4032,0.9605263157894737,0.9294343240651965,0.8285714285714286,0.959731543624161,1.0,0.9225806451612903,1.0,0.0,0.0
4033,0.875,0.889239332096475,0.8333333333333334,0.8707482993197279,0.9636363636363636,0.7852760736196319,0.9770992366412213,0.0,0.022900763358778452
4034,0.9473684210526315,0.947338167277502,0.9271523178807947,0.9463087248322147,0.9685534591194969,0.9155844155844156,0.9791666666666666,0.0,0.02083333333333319
4035,0.9177631578947368,0.9062541307930241,0.8461538461538461,0.9169435215946844,0.9556650246305419,0.8903225806451613,0.9452054794520548,0.0,0.054794520547944835
4036,0.8848684210526315,0.8528353633943696,0.7090909090909091,0.8616600790513834,0.9877551020408163,0.7676056338028169,0.9819819819819819,0.0,0.01801801801801786
4037,0.9572368421052632,0.95982844105711,0.9743589743589743,0.9556313993174061,0.9494949494949495,0.9655172413793104,0.9459459459459459,0.0,0.05405405405405369
4038,0.875,0.7933760216939699,0.5396825396825397,0.879746835443038,0.9606986899563319,0.8128654970760234,0.9586206896551724,0.0,0.0413793103448273
4039,0.9177631578947368,0.9123624688289236,0.8201438848920863,0.9169435215946844,1.0,0.8466257668711656,1.0,0.0,0.0
4040,0.9572368421052632,0.9494714654666789,0.8990825688073395,0.9623188405797102,0.987012987012987,0.9378531073446328,0.9880952380952381,0.0,0.011904761904761835
4041,0.944078947368421,0.9268101564008667,0.8732394366197183,0.953168044077135,0.9540229885057471,0.9402173913043478,0.9664804469273743,0.0,0.03351955307262551
4042,0.8618421052631579,0.8365678271975123,0.6896551724137931,0.8478260869565217,0.9722222222222222,0.7597402597402597,0.9590163934426229,0.0,0.04098360655737671
4043,0.9144736842105263,0.9004271615849168,0.7903225806451613,0.910958904109589,1.0,0.8364779874213837,1.0,0.0,0.0
4044,0.9144736842105263,0.9036633985250586,0.8099173553719008,0.9192546583850931,0.9818181818181818,0.8604651162790697,0.9866666666666667,0.0,0.013333333333333246
4045,0.8585526315789473,0.8095039579145884,0.5894736842105263,0.858085808580858,0.9809523809523809,0.7647058823529411,0.9774436090225563,0.0,0.02255639097744344
4046,0.9078947368421053,0.8842054376693381,0.7872340425531915,0.8992805755395683,0.9661016949152542,0.8503401360544217,0.9541984732824428,0.0,0.045801526717556905
4047,0.9177631578947368,0.9187479187479187,0.8901098901098901,0.8917748917748918,0.9743589743589743,0.824,0.9716981132075472,0.0,0.028301886792452564
4048,0.9539473684210527,0.9338332197227902,0.8444444444444444,0.9570552147239264,1.0,0.9176470588235294,1.0,0.0,0.0
4049,0.8618421052631579,0.8455788777145695,0.7101449275362319,0.8359375,0.9906542056074766,0.722972972972973,0.9907407407407407,0.0,0.009259259259259174
4050,0.9144736842105263,0.9044358391214375,0.896551724137931,0.8470588235294118,0.9696969696969697,0.782608695652174,0.9230769230769231,0.0,0.07692307692307594
4051,0.8947368421052632,0.8703168176852388,0.7777777777777778,0.8632478632478633,0.9699248120300752,0.7952755905511811,0.9439252336448598,0.0,0.056074766355139666
4052,0.9144736842105263,0.9045248495150999,0.847457627118644,0.9015151515151515,0.9646017699115044,0.8561151079136691,0.952,0.0,0.04799999999999962
4053,0.8914473684210527,0.8306197645820288,0.6111111111111112,0.9110512129380054,0.9696969696969697,0.8535353535353535,0.976878612716763,0.0,0.02312138728323686
4054,0.868421052631579,0.8575157377552588,0.6923076923076923,0.8802395209580839,1.0,0.786096256684492,1.0,0.0,0.0
4055,0.8453947368421053,0.8457789466065094,0.783410138248848,0.7539267015706806,1.0,0.6050420168067226,1.0,0.0,0.0
4056,1.0,1.0,1.0,1.0,1.0,1.0,1.0,0.0,0.0
4057,0.9046052631578947,0.8861984392419174,0.7478260869565218,0.9107692307692308,1.0,0.8361581920903954,1.0,0.0,0.0
4058,0.9506578947368421,0.9346857610444936,0.8705882352941177,0.9532710280373832,0.9801980198019802,0.9272727272727272,0.9807692307692307,0.0,0.019230769230769107
4059,0.9901315789473685,0.9898972764112712,1.0,0.9925925925925926,0.9770992366412213,1.0,0.9852941176470589,0.0,0.014705882352941105
4060,0.944078947368421,0.9292949781793595,0.8705882352941177,0.9467084639498433,0.9705882352941176,0.9263803680981595,0.967948717948718,0.0,0.03205128205128185
4061,0.8453947368421053,0.7749375241681856,0.4578313253012048,0.8833746898263027,0.9836065573770492,0.7982062780269058,0.9888888888888889,0.0,0.011111111111111049
4062,0.875,0.8670930113254044,0.8272251308900523,0.7956989247311828,0.9783549783549783,0.6851851851851852,0.9487179487179487,0.0,0.05128205128205063
4063,0.8914473684210527,0.8971372119494019,0.8449197860962567,0.8705882352941177,0.9759036144578314,0.7872340425531915,0.9736842105263158,0.0,0.02631578947368398
4064,0.944078947368421,0.9324246756538503,0.8817204301075269,0.9504373177842566,0.9651162790697675,0.9314285714285714,0.9702380952380952,0.0,0.029761904761904587
4065,0.9013157894736842,0.8448838683920058,0.6493506493506493,0.8979591836734694,0.9873417721518988,0.825,0.9850746268656716,0.0,0.014925373134328247
4066,0.9276315789473685,0.9271721315973006,0.9172932330827067,0.9256756756756757,0.9385474860335196,0.9133333333333333,0.9383561643835616,0.0,0.061643835616437936
4067,0.8717105263157895,0.8581628362795471,0.75,0.877742946708464,0.9467455621301775,0.813953488372093,0.9523809523809523,0.0,0.0476190476190473
4068,0.8947368421052632,0.8816332337459097,0.7575757575757576,0.8873239436619719,1.0,0.7974683544303798,1.0,0.0,0.0
4069,0.9046052631578947,0.8909475511616943,0.8571428571428571,0.8415300546448088,0.974169741697417,0.7623762376237624,0.9390243902439024,0.0,0.060975609756096824
4070,0.944078947368421,0.9359754047172983,0.8740740740740741,0.933852140077821,1.0,0.8759124087591241,1.0,0.0,0.0
4071,0.8125,0.789228842368939,0.6370370370370371,0.7654320987654321,0.9652173913043478,0.6413793103448275,0.9489795918367347,0.0,0.05102040816326479
4072,0.9210526315789473,0.9178853359525627,0.8382352941176471,0.9358288770053476,0.9795918367346939,0.8883248730964467,0.9887005649717514,0.0,0.011299435028248523
4073,0.9177631578947368,0.8973493924581749,0.8,0.9097472924187726,0.9823008849557522,0.8513513513513513,0.9767441860465116,0.0,0.02325581395348819
4074,0.8552631578947368,0.8628883640654904,0.7932960893854749,0.841726618705036,0.9536423841059603,0.7548387096774194,0.9512195121951219,0.0,0.048780487804877655
4075,0.944078947368421,0.9543176247684128,0.919431279620853,0.9435215946843853,1.0,0.8930817610062893,1.0,0.0,0.0
4076,0.9736842105263158,0.972378548596188,0.9953488372093023,0.9658119658119658,0.9559748427672956,0.9826086956521739,0.9495798319327731,0.0,0.05042016806722647
4077,0.8421052631578947,0.8471947315386674,0.7329192546583851,0.8451612903225807,0.9635036496350365,0.7485714285714286,0.9703703703703703,0.0,0.029629629629629412
4078,0.9144736842105263,0.9086654993648504,0.8571428571428571,0.910958904109589,0.9578947368421052,0.869281045751634,0.9568345323741008,0.0,0.04316546762589897
4079,0.8848684210526315,0.8592101556382085,0.7307692307692307,0.8797250859106529,0.9671361502347418,0.810126582278481,0.9624060150375939,0.0,0.037593984962405735
4080,0.8848684210526315,0.790576092425168,0.5172413793103449,0.8821548821548821,0.9723320158102767,0.8136645962732919,0.9632352941176471,0.0,0.03676470588235267
4081,0.9868421052631579,0.9899058380414313,1.0,0.9830508474576272,0.9866666666666667,0.9914529914529915,0.9747899159663865,0.0,0.025210084033613234
4082,0.8388157894736842,0.8547302351839874,0.7643979057591623,0.8603988603988604,0.9393939393939394,0.766497461928934,0.9805194805194806,0.0,0.019480519480519355
4083,0.8980263157894737,0.8466589042497903,0.6578947368421053,0.9074626865671642,0.9746192893401016,0.8444444444444444,0.9806451612903225,0.0,0.019354838709677295
4084,0.9572368421052632,0.9577572775238452,0.9433962264150944,0.953405017921147,0.9764705882352941,0.9300699300699301,0.9779411764705882,0.0,0.022058823529411603
4085,0.9111842105263158,0.8621286104474647,0.819672131147541,0.7804878048780488,0.9862258953168044,0.676056338028169,0.9230769230769231,0.0,0.07692307692307544
4086,0.9605263157894737,0.9536737785390859,0.9421487603305785,0.9354838709677419,0.9833887043189369,0.9157894736842105,0.9560439560439561,0.0,0.043956043956043474
4087,0.868421052631579,0.7981341583327337,0.5365853658536586,0.8666666666666667,0.9911504424778761,0.7738095238095238,0.9848484848484849,0.0,0.015151515151515037
4088,0.9013157894736842,0.8808276773623308,0.7636363636363637,0.8986486486486487,0.9801980198019802,0.83125,0.9779411764705882,0.0,0.022058823529411603
4089,0.8881578947368421,0.9056779680287423,0.8411214953271028,0.8759124087591241,1.0,0.7792207792207793,1.0,0.0,0.0
4090,0.9868421052631579,0.9877947030918496,1.0,0.9887005649717514,0.9746835443037974,0.9943181818181818,0.9831460674157303,0.0,0.01685393258426957
4091,0.8552631578947368,0.850664312279786,0.7341772151898734,0.828125,0.9896907216494846,0.7162162162162162,0.9814814814814815,0.0,0.018518518518518347
4092,0.8618421052631579,0.8556566791027113,0.7703703703703704,0.8609271523178808,0.935672514619883,0.7926829268292683,0.9420289855072463,0.0,0.05797101449275321
4093,0.881578947368421,0.8509631195677708,0.7090909090909091,0.8604651162790697,0.9833333333333333,0.7708333333333334,0.9736842105263158,0.0,0.02631578947368398
4094,0.9342105263157895,0.9336420125267456,0.8671328671328671,0.9421965317919075,0.9915966386554622,0.8907103825136612,1.0,0.0,0.0
4095,0.9177631578947368,0.9081336128977084,0.8705882352941177,0.9180327868852459,0.9357798165137615,0.9090909090909091,0.9271523178807947,0.0,0.07284768211920482
4096,0.9046052631578947,0.9041244984198005,0.8322147651006712,0.9079365079365079,0.9722222222222222,0.8461538461538461,0.9794520547945206,0.0,0.020547945205479312
4097,0.9572368421052632,0.9527526493961483,0.9411764705882353,0.962536023054755,0.9545454545454546,0.9597701149425287,0.9653179190751445,0.0,0.034682080924855294
4098,0.8782894736842105,0.8643560551472355,0.7555555555555555,0.8560311284046692,0.9814814814814815,0.7638888888888888,0.9734513274336283,0.0,0.02654867256637145
4099,0.8914473684210527,0.8882644958116656,0.8051948051948052,0.8754716981132076,0.9841269841269841,0.7891156462585034,0.9830508474576272,0.0,0.01694915254237274
4100,0.9243421052631579,0.9107691359146773,0.87248322147651,0.8743169398907104,0.9855072463768116,0.8,0.963855421686747,0.0,0.03614457831325258
4101,0.8717105263157895,0.8736117635717694,0.7770700636942676,0.8704318936877077,0.9733333333333334,0.7844311377245509,0.9776119402985075,0.0,0.02238805970149237
4102,0.8717105263157895,0.873441458694915,0.7346938775510204,0.8856304985337243,1.0,0.7947368421052632,1.0,0.0,0.0
4103,0.8519736842105263,0.8083416162163791,0.5833333333333334,0.8739495798319328,0.967741935483871,0.7878787878787878,0.9811320754716981,0.0,0.018867924528301768
4104,0.8289473684210527,0.823763005161946,0.725,0.7851239669421488,0.9611650485436893,0.6737588652482269,0.9405940594059405,0.0,0.05940594059405882
4105,0.9276315789473685,0.9197671283658545,0.8412698412698413,0.9299363057324841,0.9880952380952381,0.874251497005988,0.9931972789115646,0.0,0.006802721088435328
4106,0.9046052631578947,0.8828954816009832,0.7572815533980582,0.9173789173789174,0.974025974025974,0.8609625668449198,0.9817073170731707,0.0,0.018292682926829156
4107,0.8552631578947368,0.8426169804571911,0.6716417910447762,0.8562091503267973,1.0,0.7485714285714286,1.0,0.0,0.0
4108,0.9473684210526315,0.9450317260926981,0.9312977099236641,0.9333333333333333,0.9704641350210971,0.9105691056910569,0.9572649572649573,0.0,0.042735042735042375
4109,0.8453947368421053,0.8007369684925267,0.5154639175257731,0.8867469879518072,1.0,0.7965367965367965,1.0,0.0,0.0
4110,0.868421052631579,0.8673796377022184,0.8378378378378378,0.8709677419354839,0.8933333333333333,0.823170731707317,0.9246575342465754,0.0,0.07534246575342414
4111,0.8651315789473685,0.8531174098184406,0.7272727272727273,0.8591065292096219,0.972972972972973,0.7668711656441718,0.9765625,0.0,0.02343749999999982
4112,0.9046052631578947,0.889458010720667,0.7478260869565218,0.9205479452054794,1.0,0.8527918781725888,1.0,0.0,0.0
4113,0.7302631578947368,0.7755830286505133,0.6388888888888888,0.7484662576687117,0.9393939393939394,0.6069651741293532,0.976,0.0,0.02399999999999981
4114,0.9046052631578947,0.8871156824136888,0.8125,0.8960573476702509,0.9527896995708155,0.8561643835616438,0.9398496240601504,0.0,0.06015037593984918
4115,0.8848684210526315,0.8774438417306033,0.8,0.9025069637883009,0.9298245614035088,0.8481675392670157,0.9642857142857143,0.0,0.035714285714285504
4116,0.8486842105263158,0.8203125,0.640625,0.8203125,1.0,0.695364238410596,1.0,0.0,0.0
4117,0.9276315789473685,0.9189894007403607,0.864406779661017,0.920863309352518,0.9716981132075472,0.8827586206896552,0.9624060150375939,0.0,0.037593984962405735
4118,0.9572368421052632,0.9544284837910403,0.9064748201438849,0.9568106312292359,1.0,0.9171974522292994,1.0,0.0,0.0
4119,0.805921052631579,0.8141847792304664,0.6467065868263473,0.7958477508650519,1.0,0.6609195402298851,1.0,0.0,0.0
4120,0.8651315789473685,0.8683810045995918,0.7612903225806451,0.8838526912181303,0.96,0.8041237113402062,0.9811320754716981,0.0,0.018867924528301768
4121,0.9671052631578947,0.9282914466331006,0.8235294117647058,0.965034965034965,0.996309963099631,0.9324324324324325,1.0,0.0,0.0
4122,0.9835526315789473,0.983230464655875,1.0,0.9819494584837545,0.967741935483871,0.9855072463768116,0.9784172661870504,0.0,0.021582733812949485
4123,0.868421052631579,0.864263061697347,0.8609865470852018,0.7752808988764045,0.9565217391304348,0.6764705882352942,0.9078947368421053,0.0,0.09210526315789352
4124,0.7861842105263158,0.728596836360648,0.46808510638297873,0.792332268370607,0.9253731343283582,0.6966292134831461,0.9185185185185185,0.0,0.08148148148148088
4125,0.9671052631578947,0.9663333213414912,0.950354609929078,0.9659863945578231,0.9826589595375722,0.9466666666666667,0.9861111111111112,0.0,0.013888888888888793
4126,0.8881578947368421,0.8572906846551883,0.7722772277227723,0.9178743961352657,0.8817204301075269,0.8837209302325582,0.9547738693467337,0.0,0.045226130653266104
4127,0.9046052631578947,0.8806625222597946,0.8571428571428571,0.8079470198675497,0.976897689768977,0.7176470588235294,0.9242424242424242,0.0,0.07575757575757462
4128,0.9111842105263158,0.8695753442413728,0.72,0.918429003021148,0.9702970297029703,0.8685714285714285,0.9743589743589743,0.0,0.025641025641025477
4129,0.9802631578947368,0.9853854585312386,1.0,0.9813664596273292,0.9747899159663865,0.9875,0.9753086419753086,0.0,0.024691358024691207
4130,0.9638157894736842,0.959144681041025,0.916030534351145,0.9614035087719298,1.0,0.9256756756756757,1.0,0.0,0.0
4131,0.8421052631578947,0.8590686924854736,0.7755102040816326,0.8344827586206897,0.9672131147540983,0.7289156626506024,0.9758064516129032,0.0,0.02419354838709658
4132,0.9802631578947368,0.9730994152046782,0.9473684210526315,0.9824561403508771,0.9894736842105263,0.9710982658959537,0.9940828402366864,0.0,0.005917159763313575
4133,0.9539473684210527,0.9564453719403504,0.9463414634146341,0.9411764705882353,0.9818181818181818,0.9032258064516129,0.9824561403508771,0.0,0.017543859649122653
4134,0.8585526315789473,0.7671644316595456,0.44155844155844154,0.8599348534201955,1.0,0.7542857142857143,1.0,0.0,0.0
4135,0.8355263157894737,0.8628712395696091,0.8142292490118577,0.8046875,0.9696969696969697,0.6821192052980133,0.9809523809523809,0.0,0.019047619047618865
4136,0.9539473684210527,0.9526852804528225,0.9625668449197861,0.925531914893617,0.9699570815450643,0.9157894736842105,0.9354838709677419,0.0,0.06451612903225737
4137,0.9769736842105263,0.9765698384888326,0.9714285714285714,0.9776357827476039,0.9806451612903225,0.9745222929936306,0.9807692307692307,0.0,0.019230769230769107
4138,0.8782894736842105,0.867979837728695,0.7903225806451613,0.8927536231884058,0.920863309352518,0.8461538461538461,0.9447852760736196,0.0,0.05521472392638003
4139,0.9802631578947368,0.9814362796839765,0.9915966386554622,0.9806451612903225,0.9720670391061452,0.9806451612903225,0.9806451612903225,0.0,0.019354838709677295
4140,0.8881578947368421,0.8405162403370824,0.6666666666666666,0.9137055837563451,0.9411764705882353,0.8653846153846154,0.967741935483871,0.0,0.03225806451612886
4141,0.7796052631578947,0.757090005415879,0.5116279069767442,0.7831715210355987,0.9764705882352941,0.654054054054054,0.9758064516129032,0.0,0.02419354838709658
4142,0.9177631578947368,0.9085152431779794,0.8493150684931506,0.8888888888888888,0.9873417721518988,0.8130081300813008,0.9803921568627451,0.0,0.01960784313725471
4143,0.9046052631578947,0.8816458213770059,0.7567567567567568,0.8975265017667845,0.9906542056074766,0.8193548387096774,0.9921875,0.0,0.007812499999999939
4144,0.8256578947368421,0.7551715247462972,0.43478260869565216,0.8359133126934984,0.9948186528497409,0.7219251336898396,0.9926470588235294,0.0,0.007352941176470534
4145,0.9375,0.9385506463484351,0.9202453987730062,0.9298892988929889,0.9655172413793104,0.9064748201438849,0.9545454545454546,0.0,0.04545454545454511
4146,0.9506578947368421,0.9475591932183572,0.9090909090909091,0.9517684887459807,0.9818181818181818,0.9192546583850931,0.9866666666666667,0.0,0.013333333333333246
4147,0.9375,0.9197660510885936,0.8705882352941177,0.9155555555555556,0.9731543624161074,0.8879310344827587,0.944954128440367,0.0,0.055045871559632524
4148,0.8914473684210527,0.8748165044632373,0.819672131147541,0.8450704225352113,0.9597069597069597,0.782608695652174,0.9183673469387755,0.0,0.08163265306122366
4149,0.9868421052631579,0.9803816657749241,0.9523809523809523,0.9887640449438202,1.0,0.9777777777777777,1.0,0.0,0.0
4150,0.9046052631578947,0.9034271805073152,0.8344370860927153,0.8996539792387543,0.9761904761904762,0.8333333333333334,0.9774436090225563,0.0,0.02255639097744344
4151,0.9078947368421053,0.8879136452095513,0.8656716417910447,0.9296482412060302,0.868421052631579,0.9024390243902439,0.9585492227979274,0.0,0.041450777202072325
4152,0.9638157894736842,0.9584980239427222,0.9320388349514563,0.967551622418879,0.9759036144578314,0.9534883720930233,0.9820359281437125,0.0,0.017964071856287317
4153,0.9605263157894737,0.9312964492155243,0.8285714285714286,0.9653179190751445,1.0,0.9329608938547486,1.0,0.0,0.0
4154,0.875,0.8922826163985542,0.8155339805825242,0.8613138686131386,1.0,0.7564102564102564,1.0,0.0,0.0
4155,0.9375,0.8946827700725132,0.7323943661971831,0.9516539440203562,1.0,0.9077669902912622,1.0,0.0,0.0
4156,0.8486842105263158,0.8602446242895682,0.7415730337078652,0.8391608391608392,1.0,0.7228915662650602,1.0,0.0,0.0
4157,0.9506578947368421,0.9349593495934959,0.8571428571428571,0.9477351916376306,1.0,0.9006622516556292,1.0,0.0,0.0
4158,0.8618421052631579,0.8510567181146507,0.7482014388489209,0.8384615384615385,0.9665071770334929,0.7517241379310344,0.9478260869565217,0.0,0.05217391304347781
4159,0.881578947368421,0.8726923372094015,0.8208955223880597,0.898876404494382,0.8983050847457628,0.8602150537634409,0.9411764705882353,0.0,0.058823529411764365
4160,0.9638157894736842,0.9547979797979798,0.925,0.9696969696969697,0.9696969696969697,0.9617486338797814,0.9777777777777777,0.0,0.022222222222222098
4161,0.8125,0.817007101544769,0.6751592356687898,0.8213166144200627,0.9545454545454546,0.7119565217391305,0.9703703703703703,0.0,0.029629629629629412
4162,0.8848684210526315,0.8320839580209896,0.5977011494252874,0.8985507246376812,1.0,0.8157894736842105,1.0,0.0,0.0
4163,0.9473684210526315,0.9099433999321515,0.8,0.9455782312925171,0.984251968503937,0.9144736842105263,0.9788732394366197,0.0,0.021126760563380132
4164,0.9078947368421053,0.8841710758377426,0.8035714285714286,0.8703703703703703,0.9785714285714285,0.7899159663865546,0.9690721649484536,0.0,0.030927835051546074
4165,0.993421052631579,0.9930428942391067,0.9922480620155039,0.9906542056074766,0.9962264150943396,0.9906542056074766,0.9906542056074766,0.0,0.009345794392523277
4166,0.9342105263157895,0.932875518884846,0.8860759493670886,0.9230769230769231,0.9894736842105263,0.8633093525179856,0.9917355371900827,0.0,0.008264462809917288
4167,0.9078947368421053,0.8850943145236384,0.76,0.9251336898395722,0.9701492537313433,0.8737373737373737,0.9829545454545454,0.0,0.01704545454545445
4168,0.8980263157894737,0.8950801547816473,0.8571428571428571,0.9074626865671642,0.9206349206349206,0.8636363636363636,0.9559748427672956,0.0,0.04402515723270413
4169,0.8223684210526315,0.8523313814790718,0.7758620689655172,0.8,0.9811320754716981,0.675,0.9818181818181818,0.0,0.018181818181818018
4170,0.9342105263157895,0.9356833642547929,0.8979591836734694,0.9090909090909091,1.0,0.8333333333333334,1.0,0.0,0.0
4171,0.8947368421052632,0.907051282051282,0.8461538461538461,0.875,1.0,0.7777777777777778,1.0,0.0,0.0
4172,0.9671052631578947,0.9665863453815261,1.0,0.96,0.9397590361445783,0.9836065573770492,0.9375,0.0,0.062499999999999514
4173,0.868421052631579,0.8621669180492709,0.7647058823529411,0.8717948717948718,0.95,0.8,0.9577464788732394,0.0,0.042253521126760264
4174,0.9177631578947368,0.9091178995134128,0.847457627118644,0.9262536873156342,0.9536423841059603,0.8870056497175142,0.9691358024691358,0.0,0.03086419753086401
4175,0.9638157894736842,0.9623688695026812,0.9565217391304348,0.9644012944983819,0.966183574879227,0.9675324675324676,0.9612903225806452,0.0,0.03870967741935459
4176,0.8092105263157895,0.7771373888395164,0.5765765765765766,0.8457446808510638,0.9090909090909091,0.7607655502392344,0.9520958083832335,0.0,0.04790419161676618
4177,0.9868421052631579,0.9815384615384616,0.96,0.9846153846153847,1.0,0.9696969696969697,1.0,0.0,0.0
4178,0.8848684210526315,0.8493059268878533,0.7083333333333334,0.8679245283018868,0.97165991902834,0.7931034482758621,0.9583333333333334,0.0,0.041666666666666324
4179,0.9078947368421053,0.8479170152250294,0.6666666666666666,0.8914728682170543,0.9856115107913669,0.8214285714285714,0.9745762711864406,0.0,0.02542372881355911
4180,0.8585526315789473,0.8692911923148369,0.8207547169811321,0.8185654008438819,0.9685534591194969,0.7132352941176471,0.9603960396039604,0.0,0.039603960396039216
4181,0.7631578947368421,0.702449563640485,0.35294117647058826,0.791907514450867,0.9625,0.6682926829268293,0.9716312056737588,0.0,0.028368794326240936
4182,0.9605263157894737,0.9593191574323651,0.9444444444444444,0.9523809523809523,0.9811320754716981,0.9230769230769231,0.9836065573770492,0.0,0.016393442622950685
4183,0.9671052631578947,0.949857526019514,0.9090909090909091,0.959349593495935,0.9811320754716981,0.9516129032258065,0.9672131147540983,0.0,0.03278688524590137
4184,0.9703947368421053,0.9724376357673249,0.9894736842105263,0.973293768545994,0.9545454545454546,0.9820359281437125,0.9647058823529412,0.0,0.035294117647058615
4185,1.0,1.0,1.0,1.0,1.0,1.0,1.0,0.0,0.0
4186,0.9638157894736842,0.9573090594762421,0.905982905982906,0.9659442724458205,1.0,0.9341317365269461,1.0,0.0,0.0
4187,0.8552631578947368,0.8390393256193089,0.7349397590361446,0.7821782178217822,1.0,0.6422764227642277,1.0,0.0,0.0
4188,0.9342105263157895,0.8384914908724433,0.5909090909090909,0.9319727891156463,0.9925925925925926,0.8782051282051282,0.9927536231884058,0.0,0.007246376811594151
4189,0.8552631578947368,0.7526895546697526,0.47619047619047616,0.8181818181818182,0.9636963696369637,0.7333333333333333,0.9252336448598131,0.0,0.07476635514018622
4190,0.8519736842105263,0.8621083652769331,0.783068783068783,0.8288973384030418,0.9743589743589743,0.7218543046357616,0.9732142857142857,0.0,0.02678571428571405
4191,0.930921052631579,0.8951529130976265,0.7631578947368421,0.9376854599406528,0.9846153846153847,0.8977272727272727,0.9813664596273292,0.0,0.018633540372670693
4192,0.9013157894736842,0.8880665440088965,0.7796610169491526,0.9101796407185628,0.9743589743589743,0.8491620111731844,0.9806451612903225,0.0,0.019354838709677295
4193,0.881578947368421,0.8829166666666667,0.8854166666666666,0.8333333333333334,0.93,0.7758620689655172,0.9,0.0,0.099999999999999
4194,0.8717105263157895,0.8206832141959123,0.5979381443298969,0.8641114982578397,1.0,0.7607361963190185,1.0,0.0,0.0
4195,0.7664473684210527,0.7911171629579198,0.7162790697674418,0.7418181818181818,0.9152542372881356,0.6144578313253012,0.9357798165137615,0.0,0.06422018348623795
4196,0.8914473684210527,0.8828878092035987,0.8,0.8725868725868726,0.9760765550239234,0.795774647887324,0.9658119658119658,0.0,0.0341880341880339
4197,0.8914473684210527,0.8523971536187941,0.7333333333333333,0.8272251308900523,0.9966329966329966,0.7117117117117117,0.9875,0.0,0.012499999999999845
4198,0.9736842105263158,0.9722620755619321,1.0,0.975609756097561,0.9411764705882353,0.9876543209876543,0.963855421686747,0.0,0.036144578313252795
4199,0.9769736842105263,0.964100958599818,0.9195402298850575,0.9727626459143969,1.0,0.946969696969697,1.0,0.0,0.0
4200,0.8618421052631579,0.8490450337266867,0.7246376811594203,0.8421052631578947,0.9803921568627451,0.7417218543046358,0.9739130434782609,0.0,0.026086956521738904
4201,0.9407894736842105,0.9446939634439634,0.9206349206349206,0.94375,0.9696969696969697,0.9096385542168675,0.9805194805194806,0.0,0.019480519480519355
4202,0.8980263157894737,0.891245009001398,0.7938931297709924,0.9101449275362319,0.9696969696969697,0.8486486486486486,0.98125,0.0,0.018749999999999885
4203,0.9506578947368421,0.940078231198158,0.8672566371681416,0.9529780564263323,1.0,0.9101796407185628,1.0,0.0,0.0
4204,0.9342105263157895,0.9176074470192117,0.8181818181818182,0.934640522875817,1.0,0.8773006134969326,1.0,0.0,0.0
4205,0.8289473684210527,0.8362438677536637,0.7305389221556886,0.8461538461538461,0.9320388349514563,0.7526315789473684,0.9662162162162162,0.0,0.03378378378378356
4206,0.9407894736842105,0.9374542981876952,0.9361702127659575,0.9470588235294117,0.9291338582677166,0.936046511627907,0.9583333333333334,0.0,0.04166666666666642
4207,0.9605263157894737,0.9591902158399753,0.9411764705882353,0.9574468085106383,0.9789473684210527,0.9375,0.9782608695652174,0.0,0.021739130434782452
4208,0.881578947368421,0.8774361646690986,0.8105263157894737,0.8217821782178217,1.0,0.6974789915966386,1.0,0.0,0.0
4209,0.9243421052631579,0.9137149414673478,0.8571428571428571,0.9305135951661632,0.9534883720930233,0.9005847953216374,0.9625,0.0,0.03749999999999977
4210,0.8453947368421053,0.8454717742351684,0.7133757961783439,0.8350877192982457,0.9879518072289156,0.7212121212121212,0.9916666666666667,0.0,0.008333333333333264
4211,0.9210526315789473,0.9233563787499119,0.907103825136612,0.9016393442622951,0.9613259668508287,0.859375,0.9482758620689655,0.0,0.05172413793103404
4212,0.9013157894736842,0.8913679139454097,0.8449197860962567,0.8333333333333334,0.995850622406639,0.7211538461538461,0.9868421052631579,0.0,0.013157894736841933
4213,0.9243421052631579,0.8883812097957039,0.7755102040816326,0.8930232558139535,0.9966101694915255,0.8067226890756303,1.0,0.0,0.0
4214,0.9210526315789473,0.8987361019116772,0.7755102040816326,0.9347826086956522,0.9859154929577465,0.882051282051282,0.9942196531791907,0.0,0.005780346820809215
4215,0.9638157894736842,0.9603163384998096,0.9380530973451328,0.9644012944983819,0.978494623655914,0.9490445859872612,0.9802631578947368,0.0,0.01973684210526303
4216,0.8914473684210527,0.8743418116912093,0.7555555555555555,0.8674698795180723,1.0,0.7659574468085106,1.0,0.0,0.0
4217,0.9375,0.9110957001132115,0.8235294117647058,0.91324200913242,0.9965156794425087,0.8403361344537815,1.0,0.0,0.0
4218,0.8552631578947368,0.8704361758946058,0.8266666666666667,0.8211382113821138,0.9635036496350365,0.7163120567375887,0.9619047619047619,0.0,0.03809523809523773
4219,0.819078947368421,0.7670221847613491,0.4954128440366973,0.8056537102473498,1.0,0.6745562130177515,1.0,0.0,0.0
4220,0.9210526315789473,0.921727395411606,0.8421052631578947,0.9230769230769231,1.0,0.8571428571428571,1.0,0.0,0.0
4221,0.9144736842105263,0.9085004958889208,0.8115942028985508,0.9139072847682119,1.0,0.8414634146341463,1.0,0.0,0.0
4222,0.9111842105263158,0.9152048738483302,0.900523560209424,0.9039145907473309,0.9411764705882353,0.8581081081081081,0.9548872180451128,0.0,0.04511278195488688
4223,0.9046052631578947,0.8949249405041297,0.7786259541984732,0.9061488673139159,1.0,0.8284023668639053,1.0,0.0,0.0
4224,0.8618421052631579,0.8400957712973217,0.6964285714285714,0.8703703703703703,0.9534883720930233,0.7966101694915254,0.9591836734693877,0.0,0.04081632653061197
4225,0.9210526315789473,0.924532058940661,0.9259259259259259,0.9032258064516129,0.9444444444444444,0.8615384615384616,0.9491525423728814,0.0,0.05084745762711822
4226,0.9769736842105263,0.9774588480711858,0.9714285714285714,0.966183574879227,0.9947643979057592,0.9345794392523364,1.0,0.0,0.0
4227,0.805921052631579,0.8174800637958533,0.7578947368421053,0.7854545454545454,0.9090909090909091,0.6878980891719745,0.9152542372881356,0.0,0.0847457627118637
4228,0.8322368421052632,0.8506388867751018,0.772093023255814,0.7935222672064778,0.9863013698630136,0.6666666666666666,0.98,0.0,0.019999999999999803
4229,0.8947368421052632,0.7856527181912237,0.49122807017543857,0.875968992248062,0.9897610921501706,0.7902097902097902,0.9826086956521739,0.0,0.017391304347825938
4230,0.8585526315789473,0.8362351935827804,0.7037037037037037,0.8700906344410876,0.9349112426035503,0.8044692737430168,0.9473684210526315,0.0,0.05263157894736808
4231,0.9868421052631579,0.9862481847011054,1.0,0.9877300613496932,0.9710144927536232,0.9938271604938271,0.9817073170731707,0.0,0.018292682926829156
4232,0.9967105263157895,0.9967888598136613,1.0,0.9953917050691244,0.9949748743718593,0.9908256880733946,1.0,0.0,0.0
4233,0.9506578947368421,0.9481967450486879,0.9172932330827067,0.9532710280373832,0.974025974025974,0.9272727272727272,0.9807692307692307,0.0,0.019230769230769107
4234,0.8618421052631579,0.8405376873091036,0.6782608695652174,0.8928571428571429,0.9504950495049505,0.8254716981132075,0.9722222222222222,0.0,0.027777777777777624
4235,0.9407894736842105,0.9342117098125193,0.8833333333333333,0.9491525423728814,0.9701492537313433,0.9180327868852459,0.9824561403508771,0.0,0.017543859649122705
4236,0.9375,0.9288141094506438,0.8448275862068966,0.9521410579345088,0.9894736842105263,0.9086538461538461,1.0,0.0,0.0
4237,0.9671052631578947,0.9572235781437741,0.9195402298850575,0.9647887323943662,0.9873417721518988,0.9448275862068966,0.9856115107913669,0.0,0.01438848920863299
4238,1.0,1.0,1.0,1.0,1.0,1.0,1.0,0.0,0.0
4239,0.7960526315789473,0.7933935531073685,0.6308724832214765,0.7933333333333333,0.9559748427672956,0.68,0.952,0.0,0.04799999999999962
4240,0.9046052631578947,0.9118446812638913,0.8762886597938144,0.9042904290429042,0.954954954954955,0.845679012345679,0.9716312056737588,0.0,0.028368794326240936
4241,0.930921052631579,0.9170671260615952,0.8292682926829268,0.9219330855018587,1.0,0.8551724137931035,1.0,0.0,0.0
4242,0.875,0.7749671323668054,0.45161290322580644,0.8950276243093923,0.9782608695652174,0.8223350253807107,0.9818181818181818,0.0,0.018181818181818073
4243,0.8947368421052632,0.9016508062259696,0.8121212121212121,0.9012345679012346,0.9915966386554622,0.8202247191011236,1.0,0.0,0.0
4244,0.875,0.8671106323507622,0.810126582278481,0.8256880733944955,0.9655172413793104,0.743801652892562,0.9278350515463918,0.0,0.0721649484536075
4245,0.881578947368421,0.874821301984506,0.7898089171974523,0.8487394957983193,0.9859154929577465,0.7426470588235294,0.9901960784313726,0.0,0.009803921568627355
4246,0.9769736842105263,0.9797428288822947,1.0,0.9792284866468842,0.96,0.9880239520958084,0.9705882352941176,0.0,0.029411764705882183
4247,0.8717105263157895,0.8767362522133143,0.7730061349693251,0.8712871287128713,0.9859154929577465,0.7764705882352941,0.9924812030075187,0.0,0.007518796992481147
4248,0.9013157894736842,0.8979485577423721,0.8484848484848485,0.845360824742268,1.0,0.7321428571428571,1.0,0.0,0.0
4249,0.8585526315789473,0.8716147519971259,0.7914438502673797,0.8561872909698997,0.9672131147540983,0.7619047619047619,0.9770992366412213,0.0,0.022900763358778452
4250,0.9539473684210527,0.9507310362478805,0.8985507246376812,0.9536423841059603,1.0,0.9113924050632911,1.0,0.0,0.0
4251,0.9802631578947368,0.980749506903353,1.0,0.9822485207100592,0.96,0.9940119760479041,0.9707602339181286,0.0,0.029239766081871173
4252,0.9243421052631579,0.9259707649538158,0.9285714285714286,0.8888888888888888,0.96045197740113,0.8440366972477065,0.9387755102040817,0.0,0.06122448979591775
4253,0.8881578947368421,0.8578223039869176,0.723404255319149,0.8881578947368421,0.9619047619047619,0.8282208588957055,0.9574468085106383,0.0,0.0425531914893614
4254,0.8092105263157895,0.82057267351385,0.7676767676767676,0.8116883116883117,0.8823529411764706,0.7183908045977011,0.9328358208955224,0.0,0.06716417910447711
4255,0.9111842105263158,0.9109926069567326,0.8789237668161435,0.8540540540540541,1.0,0.7452830188679245,1.0,0.0,0.0
4256,0.8355263157894737,0.8218946721940735,0.6153846153846154,0.8502994011976048,1.0,0.7395833333333334,1.0,0.0,0.0
4257,0.8848684210526315,0.8859219476242047,0.8187134502923976,0.8605577689243028,0.978494623655914,0.7714285714285715,0.972972972972973,0.0,0.027027027027026786
4258,0.8782894736842105,0.8067682471178245,0.5671641791044776,0.9013333333333333,0.9518072289156626,0.845,0.9657142857142857,0.0,0.03428571428571409
4259,0.8947368421052632,0.8951729453704597,0.8504672897196262,0.8350515463917526,1.0,0.7168141592920354,1.0,0.0,0.0
4260,0.9111842105263158,0.872637933455005,0.6823529411764706,0.9355608591885441,1.0,0.8789237668161435,1.0,0.0,0.0
4261,0.9473684210526315,0.9164054336468129,0.8181818181818182,0.9310344827586207,1.0,0.8709677419354839,1.0,0.0,0.0
4262,0.9177631578947368,0.8995967830943218,0.8405797101449275,0.9196141479099679,0.9385964912280702,0.910828025477707,0.9285714285714286,0.0,0.07142857142857097
4263,0.8552631578947368,0.8266240560025871,0.6610169491525424,0.837037037037037,0.9818181818181818,0.7337662337662337,0.9741379310344828,0.0,0.02586206896551702
4264,0.8125,0.8159892068405156,0.6745562130177515,0.7849056603773585,0.9885057471264368,0.65,0.9904761904761905,0.0,0.009523809523809433
4265,0.8256578947368421,0.7819038875304861,0.5523809523809524,0.822742474916388,0.9705882352941176,0.7151162790697675,0.968503937007874,0.0,0.03149606299212574
4266,0.8618421052631579,0.8749679753035687,0.7956989247311828,0.8662420382165605,0.9629629629629629,0.7771428571428571,0.9784172661870504,0.0,0.021582733812949485
4267,0.9342105263157895,0.9212461295002701,0.8661417322834646,0.9090909090909091,0.9885057471264368,0.847457627118644,0.9803921568627451,0.0,0.01960784313725471
4268,0.881578947368421,0.8710214510566878,0.7874015748031497,0.8695652173913043,0.9560975609756097,0.8053691275167785,0.9448818897637795,0.0,0.05511811023622004
4269,0.8618421052631579,0.8401895056762313,0.6902654867256637,0.8727272727272727,0.9575757575757575,0.8,0.96,0.0,0.03999999999999974
4270,0.9013157894736842,0.8968596703998593,0.8211920529801324,0.8846153846153846,0.9847715736040609,0.8041958041958042,0.9829059829059829,0.0,0.01709401709401695
4271,0.944078947368421,0.9392048140984312,0.8794326241134752,0.9381818181818182,1.0,0.8835616438356164,1.0,0.0,0.0
4272,0.868421052631579,0.8673924249064165,0.8085106382978723,0.8130841121495327,0.9805825242718447,0.7016129032258065,0.9666666666666667,0.0,0.033333333333332965
4273,0.9046052631578947,0.9072099837970145,0.8606060606060606,0.9010238907849829,0.96,0.8407643312101911,0.9705882352941176,0.0,0.029411764705882137
4274,0.875,0.8782042490383172,0.7924528301886793,0.8888888888888888,0.9532710280373832,0.8172043010752689,0.9743589743589743,0.0,0.025641025641025477
4275,0.8947368421052632,0.8744588744588745,0.7142857142857143,0.9090909090909091,1.0,0.8333333333333334,1.0,0.0,0.0
4276,0.8223684210526315,0.8190626513204454,0.6666666666666666,0.8223684210526315,0.9681528662420382,0.7142857142857143,0.9689922480620154,0.0,0.031007751937984256
4277,0.9013157894736842,0.8992856411242247,0.8220858895705522,0.8809523809523809,0.9948186528497409,0.7928571428571428,0.9910714285714286,0.0,0.00892857142857135
4278,0.9276315789473685,0.9287716886878897,0.8938547486033519,0.9083333333333333,0.9841269841269841,0.8449612403100775,0.9819819819819819,0.0,0.01801801801801786
4279,0.8585526315789473,0.8689043203253383,0.7807486631016043,0.8389513108614233,0.987012987012987,0.7320261437908496,0.9824561403508771,0.0,0.017543859649122653
4280,0.8782894736842105,0.8815017366472967,0.7924528301886793,0.8975069252077562,0.9545454545454546,0.826530612244898,0.9818181818181818,0.0,0.018181818181818073
4281,0.7894736842105263,0.8093025902825935,0.6804123711340206,0.7611940298507462,0.9863013698630136,0.6219512195121951,0.9807692307692307,0.0,0.019230769230769048
4282,0.9506578947368421,0.9255249193725638,0.8405797101449275,0.958217270194986,0.9777777777777777,0.9347826086956522,0.9828571428571429,0.0,0.017142857142857047
4283,0.8848684210526315,0.8340765039814896,0.6206896551724138,0.891640866873065,0.98989898989899,0.8044692737430168,1.0,0.0,0.0
4284,0.8552631578947368,0.8603378826842514,0.8311688311688312,0.7777777777777778,0.9720670391061452,0.652542372881356,0.9625,0.0,0.037499999999999534
4285,0.8848684210526315,0.8924067584184764,0.8306010928961749,0.8736462093862816,0.972972972972973,0.7908496732026143,0.9758064516129032,0.0,0.02419354838709658
4286,0.9177631578947368,0.923358171882762,0.8743169398907104,0.9090909090909091,0.9866666666666667,0.8389261744966443,0.9920634920634921,0.0,0.007936507936507874
4287,0.9111842105263158,0.8733269025867992,0.7692307692307693,0.891566265060241,0.9591836734693877,0.8604651162790697,0.925,0.0,0.07499999999999937
4288,0.8453947368421053,0.8072037994368091,0.5436893203883495,0.8779220779220779,1.0,0.7824074074074074,1.0,0.0,0.0
4289,0.9539473684210527,0.9528987260119335,0.9358974358974359,0.9416666666666667,0.9811320754716981,0.9112903225806451,0.9741379310344828,0.0,0.02586206896551702
4290,0.9046052631578947,0.8760225264109837,0.8104575163398693,0.8176100628930818,1.0,0.6914893617021277,1.0,0.0,0.0
4291,0.9342105263157895,0.9190734588409007,0.84,0.9404761904761905,0.9767441860465116,0.9080459770114943,0.9753086419753086,0.0,0.024691358024691207
4292,0.9407894736842105,0.9347547974413647,0.8714285714285714,0.9328358208955224,1.0,0.8741258741258742,1.0,0.0,0.0
4293,0.9407894736842105,0.9405700002048887,0.9019607843137255,0.9379310344827586,0.9818181818181818,0.8947368421052632,0.9855072463768116,0.0,0.014492753623188302
4294,0.9013157894736842,0.8846194937980106,0.8059701492537313,0.8636363636363636,0.984251968503937,0.7786885245901639,0.9693877551020408,0.0,0.030612244897958874
4295,0.8585526315789473,0.8173991311544567,0.6236559139784946,0.8840970350404312,0.9444444444444444,0.8159203980099502,0.9647058823529412,0.0,0.035294117647058615
4296,0.9144736842105263,0.9148289828982898,0.9090909090909091,0.875,0.9603960396039604,0.8198198198198198,0.9381443298969072,0.0,0.06185567010309215
4297,0.9144736842105263,0.9252678338123856,0.8488372093023255,0.9269662921348315,1.0,0.8638743455497382,1.0,0.0,0.0
4298,0.8980263157894737,0.9006860839418979,0.8051948051948052,0.9046153846153846,0.9922480620155039,0.8305084745762712,0.9932432432432432,0.0,0.006756756756756711
4299,0.8519736842105263,0.8211748397158205,0.6896551724137931,0.7738693467336684,1.0,0.6311475409836066,1.0,0.0,0.0
4300,0.8848684210526315,0.8716873336756378,0.7948717948717948,0.8325358851674641,0.9876543209876543,0.7310924369747899,0.9666666666666667,0.0,0.033333333333332965
4301,0.9243421052631579,0.9014483248619992,0.7850467289719626,0.9192982456140351,1.0,0.8506493506493507,1.0,0.0,0.0
4302,0.8519736842105263,0.8488797599652514,0.726027397260274,0.8524590163934426,0.9681528662420382,0.7602339181286549,0.9701492537313433,0.0,0.029850746268656494
4303,0.9111842105263158,0.8995621433442199,0.87248322147651,0.8556149732620321,0.9705882352941176,0.7920792079207921,0.9302325581395349,0.0,0.06976744186046431
4304,0.9407894736842105,0.9305335968379448,0.875,0.9347826086956522,0.9818181818181818,0.8958333333333334,0.9772727272727273,0.0,0.022727272727272554
4305,0.868421052631579,0.8659033308756602,0.7464788732394366,0.888268156424581,0.9629629629629629,0.8112244897959183,0.9814814814814815,0.0,0.018518518518518406
4306,0.9539473684210527,0.9214213226274115,0.819672131147541,0.965,0.9795918367346939,0.946078431372549,0.9846938775510204,0.0,0.015306122448979513
4307,0.8848684210526315,0.8769609843121255,0.7647058823529411,0.8837209302325582,0.9824561403508771,0.8012048192771084,0.9851851851851852,0.0,0.014814814814814706
4308,0.9835526315789473,0.9771840357753802,0.96,0.9852507374631269,0.9863013698630136,0.9881656804733728,0.9823529411764705,0.0,0.017647058823529307
4309,0.9243421052631579,0.9072918665182969,0.8,0.9355742296918768,0.9863013698630136,0.8882978723404256,0.9881656804733728,0.0,0.01183431952662715
4310,0.8914473684210527,0.908156107242459,0.8436018957345972,0.8808664259927798,1.0,0.7870967741935484,1.0,0.0,0.0
4311,0.8289473684210527,0.8094498987065606,0.6451612903225806,0.8266666666666667,0.9565217391304348,0.7294117647058823,0.9538461538461539,0.0,0.0461538461538458
4312,0.8157894736842105,0.7825482222917318,0.7050359712230215,0.86,0.782608695652174,0.8,0.9297297297297298,0.0,0.07027027027026989
4313,0.993421052631579,0.9939278937381405,1.0,0.9935483870967742,0.9882352941176471,1.0,0.9871794871794872,0.0,0.012820512820512739
4314,0.9572368421052632,0.92196332965311,0.819672131147541,0.9537366548042705,0.9924812030075187,0.9241379310344827,0.9852941176470589,0.0,0.014705882352941069
4315,0.9802631578947368,0.9827380952380952,1.0,0.9732142857142857,0.975,0.990909090909091,0.956140350877193,0.0,0.043859649122806633
4316,0.9835526315789473,0.9838385417956661,0.9948186528497409,0.9779735682819384,0.9787234042553191,0.9736842105263158,0.9823008849557522,0.0,0.01769911504424763
4317,0.9210526315789473,0.679167768085294,0.16666666666666666,0.9381443298969072,0.9326923076923077,0.9333333333333333,0.9430051813471503,0.0,0.056994818652849444
4318,0.9144736842105263,0.9120094687094124,0.8368794326241135,0.9207317073170732,0.9784172661870504,0.8628571428571429,0.9869281045751634,0.0,0.013071895424836517
4319,0.9342105263157895,0.9353471118177001,0.8648648648648649,0.9411764705882353,1.0,0.8888888888888888,1.0,0.0,0.0
4320,0.8421052631578947,0.8395598604294255,0.6993006993006993,0.8628571428571429,0.9565217391304348,0.7743589743589744,0.9741935483870968,0.0,0.02580645161290306
4321,0.8289473684210527,0.8509907508380791,0.7822222222222223,0.7936507936507936,0.9770992366412213,0.6711409395973155,0.970873786407767,0.0,0.02912621359223273
4322,0.9638157894736842,0.9635894565190936,0.9392265193370166,0.9515418502202643,1.0,0.907563025210084,1.0,0.0,0.0
4323,0.8355263157894737,0.8385134043927649,0.7441860465116279,0.8046875,0.9666666666666667,0.6912751677852349,0.9626168224299065,0.0,0.03738317757009311
4324,0.8289473684210527,0.8384142173615858,0.7272727272727273,0.8142857142857143,0.9736842105263158,0.6993865030674846,0.9743589743589743,0.0,0.02564102564102542
4325,0.9013157894736842,0.9127074505040467,0.8951612903225806,0.8780487804878049,0.9649122807017544,0.8,0.972972972972973,0.0,0.027027027027026786
4326,0.868421052631579,0.8803827751196173,0.7727272727272727,0.868421052631579,1.0,0.7674418604651163,1.0,0.0,0.0
4327,0.8980263157894737,0.889453443213034,0.8235294117647058,0.8622222222222222,0.9826086956521739,0.776,0.97,0.0,0.0299999999999997
4328,0.944078947368421,0.9421633209224013,0.914572864321608,0.9119170984455959,1.0,0.8380952380952381,1.0,0.0,0.0
4329,0.9276315789473685,0.9332068311195446,0.8705882352941177,0.9290322580645162,1.0,0.8674698795180723,1.0,0.0,0.0
4330,0.8026315789473685,0.7843321582452017,0.6486486486486487,0.7391304347826086,0.9652173913043478,0.6115107913669064,0.9340659340659341,0.0,0.06593406593406521
4331,0.819078947368421,0.8181726253462535,0.6794871794871795,0.8042704626334519,0.9707602339181286,0.6848484848484848,0.9741379310344828,0.0,0.02586206896551702
4332,0.8848684210526315,0.8914808861134408,0.8092485549132948,0.8788927335640139,0.9863013698630136,0.79375,0.9844961240310077,0.0,0.015503875968992128
4333,0.9736842105263158,0.9682310482421995,0.945054945054945,0.9738562091503268,0.985781990521327,0.9612903225806452,0.9867549668874173,0.0,0.013245033112582695
4334,0.9506578947368421,0.9416015272501492,0.8990825688073395,0.9425287356321839,0.9831932773109243,0.9111111111111111,0.9761904761904762,0.0,0.02380952380952362
4335,1.0,1.0,1.0,1.0,1.0,1.0,1.0,0.0,0.0
4336,0.8848684210526315,0.7700077700077701,0.46153846153846156,0.8484848484848485,1.0,0.7368421052631579,1.0,0.0,0.0
4337,0.875,0.7969235626146451,0.5882352941176471,0.8118811881188119,0.9906542056074766,0.6949152542372882,0.9761904761904762,0.0,0.023809523809523527
4338,0.8618421052631579,0.8724908328392947,0.8105263157894737,0.851063829787234,0.9558823529411765,0.7643312101910829,0.96,0.0,0.03999999999999968
4339,0.9013157894736842,0.8761312609187257,0.7764705882352941,0.9050632911392406,0.9468599033816425,0.8666666666666667,0.9470198675496688,0.0,0.05298013245033078
4340,0.9111842105263158,0.9029576157514496,0.8705882352941177,0.9078498293515358,0.9304347826086956,0.8926174496644296,0.9236111111111112,0.0,0.07638888888888837
4341,0.8947368421052632,0.8904071149634042,0.8623853211009175,0.8181818181818182,0.9906542056074766,0.6990291262135923,0.9863013698630136,0.0,0.013698630136986115
4342,0.9769736842105263,0.9750006652691088,0.959349593495935,0.9793510324483776,0.9863013698630136,0.9707602339181286,0.9880952380952381,0.0,0.011904761904761835
4343,0.8355263157894737,0.8272813606146939,0.6962962962962963,0.8484848484848485,0.9370629370629371,0.7650273224043715,0.9523809523809523,0.0,0.0476190476190473
4344,0.930921052631579,0.9251484805220948,0.8874172185430463,0.9049773755656109,0.9830508474576272,0.847457627118644,0.970873786407767,0.0,0.02912621359223273
4345,0.8486842105263158,0.8135430966104188,0.7323943661971831,0.735632183908046,0.9726027397260274,0.6153846153846154,0.9142857142857143,0.0,0.0857142857142845
4346,0.9703947368421053,0.9716757943207082,0.9787234042553191,0.961038961038961,0.9752650176678446,0.9652173913043478,0.9568965517241379,0.0,0.0431034482758617
4347,0.930921052631579,0.9170671260615952,0.8292682926829268,0.9219330855018587,1.0,0.8551724137931035,1.0,0.0,0.0
4348,0.8421052631578947,0.8288575272628735,0.7086614173228346,0.8367346938775511,0.9411764705882353,0.754601226993865,0.9389312977099237,0.0,0.061068702290075876
4349,0.930921052631579,0.8773220528428398,0.711864406779661,0.9405099150141643,0.9795918367346939,0.9021739130434783,0.9822485207100592,0.0,0.017751479289940725
4350,0.8421052631578947,0.8326759660092993,0.6962962962962963,0.8441558441558441,0.9575757575757575,0.7558139534883721,0.9558823529411765,0.0,0.044117647058823206
4351,0.8585526315789473,0.8374812048911534,0.7107438016528925,0.8377358490566038,0.963963963963964,0.75,0.9487179487179487,0.0,0.05128205128205084
4352,0.9835526315789473,0.9826055330218142,1.0,0.9832775919732442,0.9645390070921985,0.9932432432432432,0.9735099337748344,0.0,0.02649006622516539
4353,0.9342105263157895,0.937332976677239,0.907103825136612,0.9230769230769231,0.9818181818181818,0.8695652173913043,0.9836065573770492,0.0,0.016393442622950685
4354,0.8223684210526315,0.8341792615986164,0.7384615384615385,0.782258064516129,0.9818181818181818,0.6510067114093959,0.9797979797979798,0.0,0.02020202020202
4355,0.8947368421052632,0.8620392205793665,0.72,0.8832116788321168,0.9829059829059829,0.8013245033112583,0.983739837398374,0.0,0.016260162601625886
4356,0.9046052631578947,0.8834123965702912,0.8289473684210527,0.9324009324009324,0.8888888888888888,0.8849557522123894,0.9852216748768473,0.0,0.014778325123152638
4357,0.7993421052631579,0.8072369057088921,0.7465437788018433,0.7081339712918661,0.967032967032967,0.5692307692307692,0.9367088607594937,0.0,0.06329113924050553
4358,0.8125,0.8118412074732978,0.7605633802816901,0.7046632124352331,0.9702970297029703,0.5619834710743802,0.9444444444444444,0.0,0.05555555555555479
4359,0.8092105263157895,0.8348709566984351,0.7652173913043478,0.7716535433070866,0.967741935483871,0.6405228758169934,0.9702970297029703,0.0,0.02970297029702941
4360,0.9013157894736842,0.9027096317143201,0.8901734104046243,0.9006622516556292,0.9172932330827067,0.8607594936708861,0.9444444444444444,0.0,0.05555555555555517
4361,0.875,0.8771589310829816,0.7848101265822784,0.8733333333333333,0.9733333333333334,0.7891566265060241,0.9776119402985075,0.0,0.02238805970149237
4362,0.8782894736842105,0.888037700999996,0.8210526315789474,0.8634686346863468,0.9795918367346939,0.7748344370860927,0.975,0.0,0.024999999999999793
4363,0.9210526315789473,0.9262425613946861,0.8762886597938144,0.9024390243902439,1.0,0.8222222222222222,1.0,0.0,0.0
4364,0.9605263157894737,0.9555507135853579,0.9104477611940298,0.9562043795620438,1.0,0.916083916083916,1.0,0.0,0.0
4365,0.9769736842105263,0.9727627273917027,0.96,0.9688888888888889,0.9893992932862191,0.956140350877193,0.9819819819819819,0.0,0.01801801801801786
4366,0.9210526315789473,0.9157825479069003,0.8095238095238095,0.9378238341968912,1.0,0.8829268292682927,1.0,0.0,0.0
4367,0.9046052631578947,0.9151294197887886,0.8945147679324894,0.8996539792387543,0.9512195121951219,0.8333333333333334,0.9774436090225563,0.0,0.02255639097744344
4368,0.8717105263157895,0.8845720804345781,0.7790697674418605,0.8849557522123894,0.9896907216494846,0.7978723404255319,0.9933774834437086,0.0,0.006622516556291347
4369,0.9638157894736842,0.9713011796478891,1.0,0.9588014981273408,0.9551020408163265,0.9770992366412213,0.9411764705882353,0.0,0.058823529411764275
4370,0.9539473684210527,0.9470862740560761,0.8955223880597015,0.9457364341085271,1.0,0.8970588235294118,1.0,0.0,0.0
4371,0.9473684210526315,0.9479345731103819,0.9240506329113924,0.9444444444444444,0.9753086419753086,0.912751677852349,0.9784172661870504,0.0,0.021582733812949485
4372,0.8618421052631579,0.8336317833188921,0.7692307692307693,0.7529411764705882,0.9787234042553191,0.6336633663366337,0.927536231884058,0.0,0.07246376811594099
4373,0.9736842105263158,0.9740780016495817,1.0,0.9710144927536232,0.9512195121951219,0.9852941176470589,0.9571428571428572,0.0,0.04285714285714255
4374,0.9473684210526315,0.9499281890586238,0.9347826086956522,0.9420289855072463,0.972972972972973,0.9154929577464789,0.9701492537313433,0.0,0.029850746268656494
4375,0.8519736842105263,0.8800281184097477,0.7926267281105991,0.847457627118644,1.0,0.7352941176470589,1.0,0.0,0.0
4376,0.8322368421052632,0.8275150790941163,0.6758620689655173,0.8316831683168316,0.975,0.7241379310344828,0.9767441860465116,0.0,0.02325581395348819
4377,0.8651315789473685,0.8745502285325294,0.8461538461538461,0.8571428571428571,0.9203539823008849,0.7834394904458599,0.9461538461538461,0.0,0.05384615384615343
4378,0.9276315789473685,0.928331900817836,0.8860759493670886,0.9236111111111112,0.9753086419753086,0.875,0.9779411764705882,0.0,0.022058823529411603
4379,0.9013157894736842,0.9000814000814001,0.8333333333333334,0.8888888888888888,0.978021978021978,0.8163265306122449,0.975609756097561,0.0,0.024390243902438827
4380,0.9013157894736842,0.884088842460339,0.7924528301886793,0.8986486486486487,0.9611650485436893,0.8471337579617835,0.9568345323741008,0.0,0.04316546762589897
4381,0.9046052631578947,0.9009639979300658,0.8502994011976048,0.8711111111111111,0.9814814814814815,0.7903225806451613,0.9702970297029703,0.0,0.02970297029702941
4382,0.819078947368421,0.8247657346005104,0.6709677419354839,0.8509485094850948,0.9523809523809523,0.7511961722488039,0.98125,0.0,0.018749999999999885
4383,0.8618421052631579,0.8348579682233991,0.6612903225806451,0.8432835820895522,1.0,0.7290322580645161,1.0,0.0,0.0
4384,0.9967105263157895,0.9957535854641965,0.9904761904761905,0.9967845659163987,1.0,0.9935897435897436,1.0,0.0,0.0
4385,0.9572368421052632,0.9497584541062802,0.9142857142857143,0.9523809523809523,0.9826086956521739,0.9285714285714286,0.9774436090225563,0.0,0.02255639097744344
4386,0.9638157894736842,0.9475800446760982,0.8705882352941177,0.9721518987341772,1.0,0.9458128078817734,1.0,0.0,0.0
4387,0.9210526315789473,0.8910256410256411,0.75,0.9230769230769231,1.0,0.8571428571428571,1.0,0.0,0.0
4388,0.9144736842105263,0.9109357805009979,0.8405797101449275,0.9192546583850931,0.972972972972973,0.8705882352941177,0.9736842105263158,0.0,0.02631578947368404
4389,0.875,0.9052139759125853,0.8652482269503546,0.8503937007874016,1.0,0.7397260273972602,1.0,0.0,0.0
4390,0.9473684210526315,0.936365052522517,0.8672566371681416,0.9470198675496688,0.9948186528497409,0.9050632911392406,0.9930555555555556,0.0,0.006944444444444396
4391,0.8782894736842105,0.9118766613503455,0.8654545454545455,0.8701754385964913,1.0,0.7701863354037267,1.0,0.0,0.0
4392,0.9342105263157895,0.9354166666666667,0.9,0.9375,0.96875,0.8982035928143712,0.9803921568627451,0.0,0.019607843137254773
4393,0.8618421052631579,0.8404119475904951,0.6842105263157895,0.875,0.9620253164556962,0.8032786885245902,0.9607843137254902,0.0,0.03921568627450955
4394,0.8355263157894737,0.8445275263457082,0.8099173553719008,0.7474747474747475,0.9761904761904762,0.6115702479338843,0.961038961038961,0.0,0.03896103896103846
4395,0.9703947368421053,0.9685269350938346,0.9481481481481482,0.967741935483871,0.9896907216494846,0.9507042253521126,0.9854014598540146,0.0,0.014598540145985295
4396,0.9342105263157895,0.9145795756821453,0.9171974522292994,0.8484848484848485,0.9780564263322884,0.7887323943661971,0.9180327868852459,0.0,0.08196721311475275
4397,0.9539473684210527,0.953835336989097,0.9367088607594937,0.9570552147239264,0.967741935483871,0.9397590361445783,0.975,0.0,0.024999999999999845
4398,0.868421052631579,0.8772316101328425,0.8609865470852018,0.8319327731092437,0.9387755102040817,0.7443609022556391,0.9428571428571428,0.0,0.0571428571428566
4399,0.9276315789473685,0.9316513216595258,0.8771929824561403,0.9246575342465754,0.993103448275862,0.8653846153846154,0.9926470588235294,0.0,0.007352941176470534
4400,0.930921052631579,0.9406916240733066,0.8771929824561403,0.9448818897637795,1.0,0.8955223880597015,1.0,0.0,0.0
4401,0.868421052631579,0.8439052078898822,0.6551724137931034,0.8765432098765432,1.0,0.7802197802197802,1.0,0.0,0.0
4402,0.9243421052631579,0.9169950887657828,0.8865979381443299,0.8685714285714285,0.99581589958159,0.7676767676767676,1.0,0.0,0.0
4403,0.9407894736842105,0.9397263923074193,0.9299363057324841,0.9203539823008849,0.9688888888888889,0.8888888888888888,0.9541284403669725,0.0,0.0458715596330271
4404,0.9473684210526315,0.927065527065527,0.8222222222222222,0.958974358974359,1.0,0.9211822660098522,1.0,0.0,0.0
4405,0.9638157894736842,0.9634285091394662,0.9219858156028369,0.968299711815562,1.0,0.9385474860335196,1.0,0.0,0.0
4406,0.9013157894736842,0.8734673349699946,0.7446808510638298,0.921875,0.9538461538461539,0.8762376237623762,0.9725274725274725,0.0,0.027472527472527323
4407,0.8947368421052632,0.8816924545844955,0.8085106382978723,0.8571428571428571,0.9794238683127572,0.7741935483870968,0.96,0.0,0.039999999999999605
4408,0.8782894736842105,0.8557177554227703,0.672566371681416,0.8945868945868946,1.0,0.8092783505154639,1.0,0.0,0.0
4409,0.9901315789473685,0.9900447074920846,0.9863013698630136,0.9895470383275261,0.9942857142857143,0.9793103448275862,1.0,0.0,0.0
4410,0.9539473684210527,0.9399680579135475,0.8837209302325582,0.9554140127388535,0.9807692307692307,0.9316770186335404,0.9803921568627451,0.0,0.019607843137254773
4411,0.9078947368421053,0.8450080515297906,0.6111111111111112,0.9239130434782609,1.0,0.8585858585858586,1.0,0.0,0.0
4412,0.9375,0.857245697622953,0.65,0.9539951573849879,0.967741935483871,0.9248826291079812,0.985,0.0,0.014999999999999925
4413,0.9539473684210527,0.9460688559661947,0.905982905982906,0.9448818897637795,0.9873417721518988,0.9090909090909091,0.9836065573770492,0.0,0.016393442622950685
4414,0.8980263157894737,0.8955495524099538,0.8493150684931506,0.8830188679245283,0.9543147208121827,0.8297872340425532,0.9435483870967742,0.0,0.056451612903225354
4415,0.9276315789473685,0.9246684882446473,0.8923076923076924,0.9271523178807947,0.9545454545454546,0.8974358974358975,0.958904109589041,0.0,0.041095890410958624
4416,0.7532894736842105,0.7740600271573723,0.6222222222222222,0.7619047619047619,0.9380530973451328,0.6349206349206349,0.9523809523809523,0.0,0.04761904761904724
4417,0.8782894736842105,0.8361720892292226,0.7027027027027027,0.8195121951219512,0.9863013698630136,0.7058823529411765,0.9767441860465116,0.0,0.023255813953488105
4418,0.9802631578947368,0.9565935362113706,0.8888888888888888,0.9808917197452229,1.0,0.9625,1.0,0.0,0.0
4419,0.8421052631578947,0.8342529481769988,0.7848101265822784,0.7777777777777778,0.9401709401709402,0.7,0.875,0.0,0.12499999999999871
4420,0.7631578947368421,0.7497744360902256,0.52,0.7293233082706767,1.0,0.5739644970414202,1.0,0.0,0.0
4421,0.9046052631578947,0.8994525079381926,0.8284023668639053,0.8699551569506726,1.0,0.7698412698412699,1.0,0.0,0.0
4422,0.9078947368421053,0.872860722086599,0.7209302325581395,0.9226519337016574,0.975,0.8697916666666666,0.9823529411764705,0.0,0.017647058823529307
4423,0.9736842105263158,0.9701776408383734,0.9420289855072463,0.968503937007874,1.0,0.9389312977099237,1.0,0.0,0.0
4424,0.9243421052631579,0.9134564024663226,0.8571428571428571,0.9209621993127147,0.9622641509433962,0.8874172185430463,0.9571428571428572,0.0,0.04285714285714255
4425,0.9539473684210527,0.9529169185755765,0.9295774647887324,0.9527027027027027,0.9764705882352941,0.9276315789473685,0.9791666666666666,0.0,0.02083333333333319
4426,0.9276315789473685,0.927989173197369,0.8764044943820225,0.907563025210084,1.0,0.8307692307692308,1.0,0.0,0.0
4427,0.9243421052631579,0.9161941199243925,0.8130081300813008,0.9355742296918768,1.0,0.8789473684210526,1.0,0.0,0.0
4428,0.9111842105263158,0.9078655854956384,0.896551724137931,0.8656716417910447,0.9613733905579399,0.8055555555555556,0.9354838709677419,0.0,0.06451612903225737
4429,0.881578947368421,0.7891610431209145,0.4918032786885246,0.9067357512953368,0.968944099378882,0.8413461538461539,0.9831460674157303,0.0,0.01685393258426957
4430,0.9046052631578947,0.8980839546623112,0.8396946564885496,0.8937728937728938,0.9607843137254902,0.8413793103448276,0.953125,0.0,0.04687499999999964
4431,0.881578947368421,0.842948717948718,0.6538461538461539,0.875,1.0,0.7777777777777778,1.0,0.0,0.0
4432,0.9473684210526315,0.9467485919098823,0.9047619047619048,0.9354838709677419,1.0,0.8787878787878788,1.0,0.0,0.0
4433,0.9769736842105263,0.9769597882120569,0.9824561403508771,0.9655172413793104,0.9829059829059829,0.9607843137254902,0.9702970297029703,0.0,0.02970297029702941
4434,0.9375,0.9239679625008502,0.8666666666666667,0.9400630914826499,0.9651741293532339,0.9141104294478528,0.9675324675324676,0.0,0.032467532467532256
4435,0.9046052631578947,0.8882438436941987,0.7478260869565218,0.9169054441260746,1.0,0.8465608465608465,1.0,0.0,0.0
4436,0.930921052631579,0.9363623215355689,0.9041095890410958,0.9049773755656109,1.0,0.8264462809917356,1.0,0.0,0.0
4437,0.8881578947368421,0.896969696969697,0.7875,0.9034090909090909,1.0,0.8238341968911918,1.0,0.0,0.0
4438,0.9177631578947368,0.8910973374574908,0.7901234567901234,0.9216300940438872,0.9615384615384616,0.8855421686746988,0.9607843137254902,0.0,0.03921568627450955
4439,0.8717105263157895,0.8681265356817623,0.7643312101910829,0.8505747126436781,0.9894736842105263,0.7449664429530202,0.9910714285714286,0.0,0.00892857142857135
4440,0.8157894736842105,0.8095051188957577,0.6455696202531646,0.7829457364341085,1.0,0.643312101910828,1.0,0.0,0.0
4441,0.9473684210526315,0.9081006139829668,0.7647058823529411,0.9595959595959596,1.0,0.9223300970873787,1.0,0.0,0.0
4442,0.8486842105263158,0.8070272119061599,0.5825242718446602,0.8544303797468354,0.9841269841269841,0.7541899441340782,0.9854014598540146,0.0,0.014598540145985295
4443,0.9243421052631579,0.8854581563182333,0.7567567567567568,0.9198606271777003,0.979757085020243,0.868421052631579,0.9777777777777777,0.0,0.02222222222222206
4444,0.930921052631579,0.9325706306048321,0.9248554913294798,0.9163346613545816,0.9565217391304348,0.8846153846153846,0.9504132231404959,0.0,0.049586776859503724
4445,0.930921052631579,0.8926973303704605,0.7692307692307693,0.9418282548476454,0.967032967032967,0.9139784946236559,0.9714285714285714,0.0,0.028571428571428407
4446,0.868421052631579,0.8481781376518218,0.8076923076923077,0.7368421052631579,1.0,0.5833333333333334,1.0,0.0,0.0
4447,0.8355263157894737,0.8137131275520835,0.6564885496183206,0.8076923076923077,0.9769585253456221,0.695364238410596,0.963302752293578,0.0,0.03669724770642168
4448,0.9276315789473685,0.9315744315744316,0.8690476190476191,0.9256756756756757,1.0,0.8616352201257862,1.0,0.0,0.0
4449,0.9177631578947368,0.8871311968630797,0.7755102040816326,0.897119341563786,0.9887640449438202,0.8257575757575758,0.9819819819819819,0.0,0.01801801801801786
4450,0.9605263157894737,0.9608327820066354,0.9281045751633987,0.9612903225806452,0.993103448275862,0.93125,0.9933333333333333,0.0,0.006666666666666623
4451,0.8552631578947368,0.8308314801087224,0.631578947368421,0.875,0.9859154929577465,0.7817258883248731,0.9935483870967742,0.0,0.006451612903225765
4452,0.9046052631578947,0.8732889571599248,0.7238095238095238,0.8960573476702509,1.0,0.8116883116883117,1.0,0.0,0.0
4453,0.9111842105263158,0.8930227678103032,0.8222222222222222,0.9235127478753541,0.9333333333333333,0.8956043956043956,0.9532163742690059,0.0,0.04678362573099388
4454,0.8717105263157895,0.877733860342556,0.7636363636363637,0.8695652173913043,1.0,0.7692307692307693,1.0,0.0,0.0
4455,0.8782894736842105,0.8478763733704445,0.743801652892562,0.821256038647343,0.9785714285714285,0.7203389830508474,0.9550561797752809,0.0,0.0449438202247186
4456,0.8782894736842105,0.8757818040339197,0.8053691275167785,0.8654545454545455,0.9565217391304348,0.7933333333333333,0.952,0.0,0.04799999999999962
4457,0.9473684210526315,0.9161371360216518,0.819672131147541,0.9526627218934911,0.9760765550239234,0.9252873563218391,0.9817073170731707,0.0,0.018292682926829156
4458,0.9210526315789473,0.9279400534555173,0.8865979381443299,0.9111111111111111,0.9861111111111112,0.8424657534246576,0.9919354838709677,0.0,0.008064516129032194
4459,0.8717105263157895,0.7530899532914037,0.39285714285714285,0.8931506849315068,0.9732620320855615,0.8232323232323232,0.9760479041916168,0.0,0.02395209580838309
4460,0.8585526315789473,0.876197923041837,0.8133971291866029,0.852233676975945,0.9629629629629629,0.7560975609756098,0.9763779527559056,0.0,0.023622047244094304
4461,0.9210526315789473,0.8902760645859972,0.7674418604651163,0.922077922077922,0.9813084112149533,0.8711656441717791,0.9793103448275862,0.0,0.02068965517241365
4462,0.9210526315789473,0.916861993699928,0.875,0.9205298013245033,0.9550561797752809,0.8853503184713376,0.9586206896551724,0.0,0.0413793103448273
4463,0.9506578947368421,0.9374555792466239,0.8571428571428571,0.9552238805970149,1.0,0.9142857142857143,1.0,0.0,0.0
4464,0.9342105263157895,0.9271708683473389,0.8529411764705882,0.9285714285714286,1.0,0.8666666666666667,1.0,0.0,0.0
4465,0.930921052631579,0.9002773317763829,0.7529411764705882,0.9478908188585607,1.0,0.9009433962264151,1.0,0.0,0.0
4466,0.9342105263157895,0.9110765094954818,0.8222222222222222,0.927536231884058,0.9834710743801653,0.8827586206896552,0.9770992366412213,0.0,0.022900763358778452
4467,0.8782894736842105,0.8388084274279226,0.7027027027027027,0.827906976744186,0.9858156028368794,0.7235772357723578,0.967391304347826,0.0,0.03260869565217356
4468,0.9013157894736842,0.8604401502952227,0.6739130434782609,0.9074074074074074,1.0,0.8305084745762712,1.0,0.0,0.0
4469,0.9736842105263158,0.9724604869255448,0.9846153846153847,0.9626168224299065,0.9701492537313433,0.9537037037037037,0.9716981132075472,0.0,0.028301886792452564
4470,0.9375,0.9309070469612056,0.9230769230769231,0.9476584022038568,0.9219858156028369,0.945054945054945,0.9502762430939227,0.0,0.049723756906077075
4471,0.9013157894736842,0.8648758126221671,0.7096774193548387,0.8986486486486487,0.9863013698630136,0.83125,0.9779411764705882,0.0,0.022058823529411603
4472,0.8947368421052632,0.8840434419381787,0.8,0.9047619047619048,0.9473684210526315,0.8539325842696629,0.9620253164556962,0.0,0.037974683544303556
4473,0.8914473684210527,0.8850884678841667,0.8,0.8817204301075269,0.9735449735449735,0.8092105263157895,0.968503937007874,0.0,0.03149606299212574
4474,0.8881578947368421,0.8706642698168122,0.7727272727272727,0.8559322033898306,0.9833333333333333,0.7651515151515151,0.9711538461538461,0.0,0.02884615384615357
4475,0.9769736842105263,0.9794696754211308,0.9735849056603774,0.964824120603015,1.0,0.9320388349514563,1.0,0.0,0.0
4476,0.8256578947368421,0.8074908215404303,0.6557377049180327,0.8507042253521127,0.916030534351145,0.7783505154639175,0.937888198757764,0.0,0.06211180124223564
4477,0.8947368421052632,0.909904474610357,0.8117647058823529,0.9179487179487179,1.0,0.8483412322274881,1.0,0.0,0.0
4478,0.9671052631578947,0.9679491266097157,0.9659090909090909,0.9596774193548387,0.9782608695652174,0.9444444444444444,0.9754098360655737,0.0,0.024590163934426028
4479,0.875,0.8684239793648656,0.746268656716418,0.8967391304347826,0.9622641509433962,0.825,0.9821428571428571,0.0,0.017857142857142752
4480,0.8322368421052632,0.8597373297880911,0.7411167512690355,0.8380952380952381,1.0,0.7213114754098361,1.0,0.0,0.0
4481,0.875,0.8777465985849772,0.7926829268292683,0.8652482269503546,0.9753086419753086,0.7770700636942676,0.976,0.0,0.02399999999999981
4482,0.9473684210526315,0.9318379412276125,0.8518518518518519,0.9436619718309859,1.0,0.8933333333333333,1.0,0.0,0.0
4483,0.9210526315789473,0.906489359467238,0.8130081300813008,0.9111111111111111,0.9953488372093023,0.8367346938775511,1.0,0.0,0.0
4484,0.9276315789473685,0.9168564132151071,0.8661417322834646,0.9043478260869565,0.9800796812749004,0.8455284552845529,0.9719626168224299,0.0,0.028037383177569833
4485,0.930921052631579,0.9346006006830595,0.9224489795918367,0.8934010152284264,0.9879518072289156,0.8148148148148148,0.9887640449438202,0.0,0.01123595505617965
4486,0.9506578947368421,0.9273185745540845,0.8314606741573034,0.9504950495049505,1.0,0.9056603773584906,1.0,0.0,0.0
4487,0.8848684210526315,0.8707338441984724,0.8095238095238095,0.8458149779735683,0.9568627450980393,0.7804878048780488,0.9230769230769231,0.0,0.07692307692307619
4488,0.8453947368421053,0.8017388318679567,0.6178861788617886,0.7873303167420814,1.0,0.6492537313432836,1.0,0.0,0.0
4489,0.8980263157894737,0.866116243435831,0.7070707070707071,0.9015873015873016,0.9896907216494846,0.8304093567251462,0.9861111111111112,0.0,0.013888888888888793
4490,0.8289473684210527,0.7709415840703139,0.5647058823529412,0.8074074074074075,0.9407114624505929,0.7266666666666667,0.9083333333333333,0.0,0.09166666666666591
4491,0.8914473684210527,0.8937064996252276,0.8727272727272727,0.8833922261484098,0.925,0.8389261744966443,0.9328358208955224,0.0,0.06716417910447711
4492,0.9769736842105263,0.9692500223473676,0.9380530973451328,0.9696969696969697,1.0,0.9411764705882353,1.0,0.0,0.0
4493,0.8881578947368421,0.884173129399722,0.8104575163398693,0.8671875,0.9748743718592965,0.7816901408450704,0.9736842105263158,0.0,0.02631578947368398
4494,0.993421052631579,0.9923253751906774,0.9917355371900827,0.9947643979057592,0.9904761904761905,0.9947643979057592,0.9947643979057592,0.0,0.00523560209424081
4495,0.8651315789473685,0.814689684658139,0.5934065934065934,0.8706624605678234,0.98,0.7840909090909091,0.9787234042553191,0.0,0.0212765957446807
4496,0.8947368421052632,0.9019832686739679,0.8631578947368421,0.8904109589041096,0.9523809523809523,0.8227848101265823,0.9701492537313433,0.0,0.029850746268656494
4497,0.9276315789473685,0.9058460634547592,0.8043478260869565,0.9402173913043478,0.972972972972973,0.9010416666666666,0.9829545454545454,0.0,0.01704545454545445
4498,0.8651315789473685,0.8734948168472564,0.8131868131868132,0.8681672025723473,0.9391304347826087,0.7941176470588235,0.9574468085106383,0.0,0.0425531914893614
4499,0.9375,0.9448641317204726,0.8834355828220859,0.9511568123393316,1.0,0.9068627450980392,1.0,0.0,0.0
4500,0.8914473684210527,0.894840690847925,0.9035532994923858,0.8653061224489796,0.9156626506024096,0.828125,0.905982905982906,0.0,0.09401709401709321
4501,0.9210526315789473,0.9104591522960037,0.8705882352941177,0.9254658385093167,0.9353233830845771,0.9085365853658537,0.9430379746835443,0.0,0.05696202531645534
4502,0.8848684210526315,0.8928788360285309,0.8287292817679558,0.8788927335640139,0.9710144927536232,0.7987421383647799,0.9769230769230769,0.0,0.0230769230769229
4503,0.9473684210526315,0.9291544703838558,0.8695652173913043,0.9523809523809523,0.9655172413793104,0.935672514619883,0.9696969696969697,0.0,0.03030303030303012
4504,0.8486842105263158,0.8051485247208933,0.703125,0.7386363636363636,0.9736842105263158,0.6190476190476191,0.9154929577464789,0.0,0.08450704225351995
4505,0.9703947368421053,0.968409513999792,0.9565217391304348,0.9719626168224299,0.9767441860465116,0.9570552147239264,0.9873417721518988,0.0,0.012658227848101186
4506,0.8618421052631579,0.8406250000000001,0.671875,0.85,1.0,0.7391304347826086,1.0,0.0,0.0
4507,0.930921052631579,0.9068080787514768,0.8421052631578947,0.9421487603305785,0.9361702127659575,0.9344262295081968,0.95,0.0,0.049999999999999725
4508,0.875,0.8694267174225353,0.7591240875912408,0.8950276243093923,0.9541284403669725,0.826530612244898,0.9759036144578314,0.0,0.02409638554216853
4509,0.9177631578947368,0.900757755584053,0.8118811881188119,0.9283667621776505,0.9620253164556962,0.8901098901098901,0.9700598802395209,0.0,0.029940119760478865
4510,0.930921052631579,0.9311632744722597,0.8813559322033898,0.9121338912133892,1.0,0.8384615384615385,1.0,0.0,0.0
4511,0.930921052631579,0.9369356910006915,0.8900523560209425,0.9207547169811321,1.0,0.8531468531468531,1.0,0.0,0.0
4512,0.8125,0.8413335290567762,0.7015706806282722,0.822429906542056,1.0,0.6984126984126984,1.0,0.0,0.0
4513,0.8618421052631579,0.8305693919615252,0.7682926829268293,0.7375,0.9859154929577465,0.5959595959595959,0.9672131147540983,0.0,0.0327868852459011
4514,0.9111842105263158,0.9097178683385581,0.8137931034482758,0.9153605015673981,1.0,0.8439306358381503,1.0,0.0,0.0
4515,0.8519736842105263,0.7712891060829206,0.4935064935064935,0.845360824742268,0.975,0.754601226993865,0.9609375,0.0,0.039062499999999695
4516,0.8453947368421053,0.8082297966168935,0.6451612903225806,0.7911111111111111,0.9884169884169884,0.664179104477612,0.978021978021978,0.0,0.021978021978021737
4517,0.9243421052631579,0.9279166362016266,0.9010989010989011,0.9144981412639405,0.9681528662420382,0.8661971830985915,0.968503937007874,0.0,0.03149606299212574
4518,0.9671052631578947,0.9718404290982233,1.0,0.9681528662420382,0.9473684210526315,0.987012987012987,0.95,0.0,0.04999999999999969
4519,0.9111842105263158,0.8185666592776198,0.5490196078431373,0.935251798561151,0.9714285714285714,0.8904109589041096,0.9848484848484849,0.0,0.015151515151515076
4520,0.8881578947368421,0.8930994255914885,0.8143712574850299,0.8859060402684564,0.9790209790209791,0.8048780487804879,0.9850746268656716,0.0,0.014925373134328247
4521,0.868421052631579,0.7112272840428181,0.23076923076923078,0.9029126213592233,1.0,0.8230088495575221,1.0,0.0,0.0
4522,0.8782894736842105,0.8369139674308214,0.6813186813186813,0.8614232209737828,0.968,0.7876712328767124,0.9504132231404959,0.0,0.049586776859503724
4523,0.881578947368421,0.8772664621404117,0.7777777777777778,0.8775510204081632,0.9764705882352941,0.7962962962962963,0.9772727272727273,0.0,0.022727272727272554
4524,0.9177631578947368,0.9139184697678088,0.8666666666666667,0.8987854251012146,0.976303317535545,0.8409090909090909,0.9652173913043478,0.0,0.034782608695651876
4525,0.8947368421052632,0.8974545896361096,0.8709677419354839,0.864406779661017,0.956989247311828,0.796875,0.9444444444444444,0.0,0.055555555555555046
4526,0.819078947368421,0.8228396971050852,0.7044025157232704,0.819672131147541,0.9444444444444444,0.7183908045977011,0.9541984732824428,0.0,0.045801526717556905
4527,0.8782894736842105,0.8538262749081921,0.7226890756302521,0.8560311284046692,0.9827586206896551,0.7638888888888888,0.9734513274336283,0.0,0.02654867256637145
4528,0.9210526315789473,0.8865075810888619,0.7755102040816326,0.8909090909090909,0.993103448275862,0.8166666666666667,0.98,0.0,0.019999999999999803
4529,0.8947368421052632,0.8921885415317922,0.8028169014084507,0.9101123595505618,0.9636363636363636,0.8481675392670157,0.9818181818181818,0.0,0.018181818181818073
4530,0.9473684210526315,0.9475863009218691,0.9299363057324841,0.9398496240601504,0.972972972972973,0.9057971014492754,0.9765625,0.0,0.02343749999999982
4531,0.8881578947368421,0.873978494623656,0.8,0.83,0.9919354838709677,0.7155172413793104,0.9880952380952381,0.0,0.011904761904761764
4532,0.944078947368421,0.915004405326986,0.8285714285714286,0.9343629343629344,0.982078853046595,0.9029850746268657,0.968,0.0,0.031999999999999744
4533,0.9177631578947368,0.917663250913891,0.9175257731958762,0.9180327868852459,0.9174311926605505,0.8860759493670886,0.9523809523809523,0.0,0.0476190476190473
4534,0.819078947368421,0.8460985660761146,0.7719298245614035,0.7924528301886793,0.9739130434782609,0.6645569620253164,0.9813084112149533,0.0,0.018691588785046554
4535,0.881578947368421,0.8877322773820765,0.8202247191011236,0.8686131386861314,0.9743589743589743,0.7828947368421053,0.9754098360655737,0.0,0.024590163934426028
4536,0.9111842105263158,0.9012066612066612,0.8468468468468469,0.9018181818181819,0.954954954954955,0.8611111111111112,0.9465648854961832,0.0,0.05343511450381639
4537,0.8256578947368421,0.8173579528981006,0.6535947712418301,0.7984790874524715,1.0,0.6645569620253164,1.0,0.0,0.0
4538,0.8355263157894737,0.8351248221872271,0.7012987012987013,0.8287671232876712,0.9753086419753086,0.7202380952380952,0.9758064516129032,0.0,0.02419354838709658
4539,0.9572368421052632,0.9245342813352119,0.819672131147541,0.9670886075949368,0.9868421052631579,0.9408866995073891,0.9947916666666666,0.0,0.005208333333333306
4540,0.875,0.8596624163879598,0.8043478260869565,0.8515625,0.9230769230769231,0.8257575757575758,0.8790322580645161,0.0,0.1209677419354829
4541,0.8848684210526315,0.6649274297046124,0.14285714285714285,0.899135446685879,0.9527896995708155,0.8571428571428571,0.9454545454545454,0.0,0.05454545454545422
4542,0.9210526315789473,0.9026969857218403,0.8064516129032258,0.9016393442622951,1.0,0.8208955223880597,1.0,0.0,0.0
4543,0.8914473684210527,0.8920679601890017,0.7724137931034483,0.9037900874635568,1.0,0.824468085106383,1.0,0.0,0.0
4544,0.8947368421052632,0.8949763480271336,0.8496732026143791,0.891156462585034,0.9440993788819876,0.8397435897435898,0.9492753623188406,0.0,0.050724637681159056
4545,0.7993421052631579,0.8097708603545178,0.6666666666666666,0.7626459143968871,1.0,0.6163522012578616,1.0,0.0,0.0
4546,0.8914473684210527,0.8986909698475727,0.8927038626609443,0.8630705394190872,0.9402985074626866,0.7938931297709924,0.9454545454545454,0.0,0.05454545454545405
4547,0.9539473684210527,0.919826002817806,0.819672131147541,0.9513888888888888,0.9884169884169884,0.9194630872483222,0.9856115107913669,0.0,0.01438848920863299
4548,0.875,0.8835279057859703,0.8571428571428571,0.8467741935483871,0.9466666666666667,0.7664233576642335,0.9459459459459459,0.0,0.05405405405405357
4549,0.7861842105263158,0.7739497161394971,0.48,0.8418491484184915,1.0,0.726890756302521,1.0,0.0,0.0
4550,0.9078947368421053,0.8956228956228957,0.8,0.9090909090909091,0.9777777777777777,0.8484848484848485,0.9790209790209791,0.0,0.020979020979020834
4551,0.8717105263157895,0.870782344267945,0.8050314465408805,0.8494208494208494,0.9578947368421052,0.7692307692307693,0.9482758620689655,0.0,0.05172413793103404
4552,0.9013157894736842,0.8301253554407465,0.6206896551724138,0.926829268292683,0.9428571428571428,0.8878504672897196,0.9693877551020408,0.0,0.030612244897959027
4553,0.930921052631579,0.9341643863382995,0.8727272727272727,0.9297658862876255,1.0,0.86875,1.0,0.0,0.0
4554,0.944078947368421,0.9519164449699478,0.914572864321608,0.9411764705882353,1.0,0.8888888888888888,1.0,0.0,0.0
4555,0.8947368421052632,0.8757455785393997,0.7706422018348624,0.8904109589041096,0.966183574879227,0.8333333333333334,0.9558823529411765,0.0,0.044117647058823206
4556,0.8519736842105263,0.8646616541353384,0.7894736842105263,0.8421052631578947,0.9624060150375939,0.7453416149068323,0.967741935483871,0.0,0.032258064516128775
4557,0.8717105263157895,0.8800109080992637,0.8421052631578947,0.7979274611398963,1.0,0.6637931034482759,1.0,0.0,0.0
4558,0.7894736842105263,0.77221666110555,0.6049382716049383,0.7117117117117117,1.0,0.5524475524475524,1.0,0.0,0.0
4559,0.8552631578947368,0.8034544464062803,0.5656565656565656,0.8493150684931506,0.9953917050691244,0.7425149700598802,0.992,0.0,0.007999999999999936
4560,0.9144736842105263,0.9121963978602893,0.8627450980392157,0.8992248062015504,0.9746192893401016,0.8405797101449275,0.9666666666666667,0.0,0.033333333333333055
4561,0.8355263157894737,0.8034108592932122,0.6218487394957983,0.8106060606060606,0.9777777777777777,0.6993464052287581,0.963963963963964,0.0,0.03603603603603572
4562,0.9111842105263158,0.9099911555284829,0.8905109489051095,0.9108910891089109,0.9285714285714286,0.8846153846153846,0.9387755102040817,0.0,0.06122448979591795
4563,0.9671052631578947,0.963366608663797,0.9180327868852459,0.9720670391061452,1.0,0.9456521739130435,1.0,0.0,0.0
4564,0.9375,0.9319088947453436,0.8661417322834646,0.9432835820895522,0.9863013698630136,0.9028571428571428,0.9875,0.0,0.012499999999999923
4565,0.881578947368421,0.8948521430072134,0.8532110091743119,0.8625954198473282,0.96875,0.773972602739726,0.9741379310344828,0.0,0.02586206896551702
4566,0.8552631578947368,0.8438247607655502,0.7272727272727273,0.828125,0.9760765550239234,0.7210884353741497,0.9724770642201835,0.0,0.027522935779816262
4567,0.9144736842105263,0.846842969813571,0.6538461538461539,0.9244186046511628,0.9622641509433962,0.888268156424581,0.9636363636363636,0.0,0.03636363636363615
4568,0.9736842105263158,0.9780476833108412,1.0,0.9692307692307692,0.9649122807017544,0.984375,0.9545454545454546,0.0,0.04545454545454511
4569,0.944078947368421,0.9398849670669142,0.8976377952755905,0.9467084639498433,0.9753086419753086,0.9151515151515152,0.9805194805194806,0.0,0.019480519480519355
4570,0.944078947368421,0.9473661345113048,0.9565217391304348,0.9453376205787781,0.9402390438247012,0.9671052631578947,0.9245283018867925,0.0,0.07547169811320707
4571,0.8125,0.8270184404195521,0.7982062780269058,0.7710843373493976,0.9117647058823529,0.6666666666666666,0.9142857142857143,0.0,0.0857142857142849
4572,0.8486842105263158,0.7954000357358844,0.5957446808510638,0.8217054263565892,0.96875,0.726027397260274,0.9464285714285714,0.0,0.0535714285714281
4573,0.9144736842105263,0.8977886977886979,0.7636363636363637,0.9297297297297298,1.0,0.8686868686868687,1.0,0.0,0.0
4574,0.930921052631579,0.8982460043757184,0.7640449438202247,0.9306930693069307,1.0,0.8703703703703703,1.0,0.0,0.0
4575,0.8848684210526315,0.8912138191831679,0.8324324324324325,0.8659003831417624,0.9753086419753086,0.7793103448275862,0.9741379310344828,0.0,0.02586206896551702
4576,0.868421052631579,0.8657323645692733,0.7777777777777778,0.8742138364779874,0.9452054794520548,0.8034682080924855,0.9586206896551724,0.0,0.0413793103448273
4577,0.9375,0.9342274385149866,0.9463414634146341,0.8914285714285715,0.9649122807017544,0.8478260869565217,0.9397590361445783,0.0,0.060240963855420965
4578,0.9177631578947368,0.9047921876957016,0.8307692307692308,0.8962655601659751,0.9873417721518988,0.8181818181818182,0.9908256880733946,0.0,0.00917431192660542
4579,0.8256578947368421,0.8373790189476464,0.72,0.8215488215488216,0.9705882352941176,0.7093023255813954,0.976,0.0,0.02399999999999981
4580,0.9078947368421053,0.9109615827007133,0.9178743961352657,0.8833333333333333,0.9316770186335404,0.8412698412698413,0.9298245614035088,0.0,0.07017543859649061
4581,0.9703947368421053,0.9706380609644535,0.9620253164556962,0.9702970297029703,0.9795918367346939,0.9607843137254902,0.98,0.0,0.01999999999999987
4582,0.944078947368421,0.9457959230997774,0.9005847953216374,0.9368029739776952,1.0,0.8811188811188811,1.0,0.0,0.0
4583,0.8651315789473685,0.8189744329238321,0.6206896551724138,0.8838526912181303,0.9523809523809523,0.8167539267015707,0.9629629629629629,0.0,0.03703703703703681
4584,0.8881578947368421,0.8837023321569683,0.7555555555555555,0.903954802259887,0.9915966386554622,0.8247422680412371,1.0,0.0,0.0
4585,0.9243421052631579,0.9193734713226097,0.8345323741007195,0.9235880398671097,1.0,0.8580246913580247,1.0,0.0,0.0
4586,0.9473684210526315,0.9142294020342802,0.8292682926829268,0.9523809523809523,0.961038961038961,0.9467455621301775,0.9580838323353293,0.0,0.041916167664670406
4587,0.9605263157894737,0.9582252634895484,0.9312977099236641,0.9627329192546584,0.9806451612903225,0.9451219512195121,0.9810126582278481,0.0,0.018987341772151778
4588,0.9868421052631579,0.9802162410858063,0.9565217391304348,0.9841269841269841,1.0,0.96875,1.0,0.0,0.0
4589,0.8421052631578947,0.8380783563754393,0.7132867132867133,0.8651685393258427,0.9357798165137615,0.7817258883248731,0.9685534591194969,0.0,0.03144654088050295
4590,0.8026315789473685,0.8079633544749824,0.6744186046511628,0.7727272727272727,0.9767441860465116,0.6415094339622641,0.9714285714285714,0.0,0.0285714285714283
4591,0.8881578947368421,0.9012419871794872,0.8365384615384616,0.8671875,1.0,0.7655172413793103,1.0,0.0,0.0
4592,0.9210526315789473,0.9180697216510901,0.8776978417266187,0.9124087591240876,0.9641025641025641,0.8680555555555556,0.9615384615384616,0.0,0.038461538461538165
4593,0.8256578947368421,0.7542072025942993,0.5,0.8317460317460318,0.9308755760368663,0.7572254335260116,0.9225352112676056,0.0,0.07746478873239382
4594,0.944078947368421,0.9446919130945607,0.9299363057324841,0.9411764705882353,0.9629629629629629,0.912751677852349,0.9714285714285714,0.0,0.02857142857142837
4595,0.8848684210526315,0.8859009816029175,0.8372093023255814,0.8571428571428571,0.9633507853403142,0.7777777777777778,0.9545454545454546,0.0,0.045454545454545046
4596,0.881578947368421,0.8270509977827052,0.5909090909090909,0.8902439024390244,1.0,0.8021978021978022,1.0,0.0,0.0
4597,0.9210526315789473,0.9024026887845312,0.8163265306122449,0.918918918918919,0.9719626168224299,0.8774193548387097,0.9645390070921985,0.0,0.03546099290780117
4598,0.9276315789473685,0.9281704556601694,0.8695652173913043,0.920863309352518,0.9940828402366864,0.8590604026845637,0.9922480620155039,0.0,0.007751937984496064
4599,0.8914473684210527,0.8919047486829675,0.8902439024390244,0.8903654485049833,0.8951048951048951,0.864516129032258,0.9178082191780822,0.0,0.08219178082191725
4600,0.8947368421052632,0.905587463549247,0.8727272727272727,0.8980891719745223,0.9459459459459459,0.8294117647058824,0.9791666666666666,0.0,0.02083333333333319
4601,0.9243421052631579,0.6729062817971663,0.11764705882352941,0.9414758269720102,0.9595959595959596,0.9158415841584159,0.9685863874345549,0.0,0.031413612565444865
4602,0.8848684210526315,0.8771071904108781,0.7913669064748201,0.9081364829396326,0.9318181818181818,0.8522167487684729,0.9719101123595506,0.0,0.02808988764044928
4603,0.8289473684210527,0.8608620449827104,0.777292576419214,0.8156028368794326,0.9896907216494846,0.6927710843373494,0.9913793103448276,0.0,0.008620689655172339
4604,0.9078947368421053,0.8959358483688719,0.8387096774193549,0.8813559322033898,0.967741935483871,0.8253968253968254,0.9454545454545454,0.0,0.05454545454545405
4605,0.9177631578947368,0.8828910095111491,0.7899159663865546,0.8587570621468926,1.0,0.7524752475247525,1.0,0.0,0.0
4606,0.9375,0.9459439375361604,0.8901734104046243,0.9476584022038568,1.0,0.900523560209424,1.0,0.0,0.0
4607,0.9276315789473685,0.921047391477499,0.8740740740740741,0.9112903225806451,0.9777777777777777,0.8625954198473282,0.9658119658119658,0.0,0.0341880341880339
4608,0.9736842105263158,0.9769016328156113,0.967741935483871,0.9629629629629629,1.0,0.9285714285714286,1.0,0.0,0.0
4609,0.8717105263157895,0.7792202490304144,0.4507042253521127,0.8869565217391304,1.0,0.796875,1.0,0.0,0.0
4610,0.8026315789473685,0.7850373616206526,0.6086956521739131,0.7761194029850746,0.9702970297029703,0.65,0.9629629629629629,0.0,0.037037037037036695
4611,0.9210526315789473,0.9246368122748292,0.9798657718120806,0.8709677419354839,0.9230769230769231,0.9101123595505618,0.8350515463917526,0.0,0.16494845360824573
4612,0.8651315789473685,0.8527737814645892,0.8153846153846154,0.8857938718662952,0.8571428571428571,0.8502673796791443,0.9244186046511628,0.0,0.07558139534883677
4613,0.8914473684210527,0.8751977843834862,0.819672131147541,0.8465116279069768,0.959409594095941,0.7844827586206896,0.9191919191919192,0.0,0.08080808080808
4614,0.9210526315789473,0.8686275467712594,0.696969696969697,0.9281437125748503,0.9807692307692307,0.8806818181818182,0.9810126582278481,0.0,0.018987341772151778
4615,0.9144736842105263,0.8210013398208872,0.56,0.9202453987730062,0.9827586206896551,0.8670520231213873,0.9803921568627451,0.0,0.019607843137254773
4616,0.8914473684210527,0.8822580202153373,0.78125,0.9105691056910569,0.954954954954955,0.8527918781725888,0.9767441860465116,0.0,0.023255813953488236
4617,0.9046052631578947,0.864029304029304,0.6813186813186813,0.9107692307692308,1.0,0.8361581920903954,1.0,0.0,0.0
4618,0.8519736842105263,0.813205705188318,0.6122448979591837,0.8703170028818443,0.9570552147239264,0.7864583333333334,0.9741935483870968,0.0,0.02580645161290306
4619,0.8947368421052632,0.8841179138321996,0.768,0.9047619047619048,0.9795918367346939,0.8351648351648352,0.987012987012987,0.0,0.012987012987012903
4620,0.9111842105263158,0.8390476540757904,0.6415094339622641,0.9052631578947369,0.9703703703703703,0.86,0.9555555555555556,0.0,0.04444444444444412
4621,0.9638157894736842,0.9262350220727349,0.8333333333333334,0.9483568075117371,0.9970149253731343,0.9017857142857143,1.0,0.0,0.0
4622,0.9013157894736842,0.8998869507714513,0.8028169014084507,0.9137931034482759,0.9830508474576272,0.8457446808510638,0.99375,0.0,0.006249999999999961
4623,0.8717105263157895,0.8813367902366188,0.8044692737430168,0.8712871287128713,0.9682539682539683,0.7857142857142857,0.9777777777777777,0.0,0.02222222222222206
4624,0.7960526315789473,0.6826814318127942,0.26666666666666666,0.8176470588235294,0.9637305699481865,0.7128205128205128,0.9586206896551724,0.0,0.0413793103448273
4625,0.9703947368421053,0.9693547481614176,0.9629629629629629,0.9694915254237289,0.975609756097561,0.9662162162162162,0.9727891156462585,0.0,0.02721088435374131
4626,0.8585526315789473,0.8718625201681155,0.8340425531914893,0.8685015290519877,0.9130434782608695,0.7802197802197802,0.9793103448275862,0.0,0.02068965517241365
4627,0.9473684210526315,0.9350314618009112,0.8672566371681416,0.9424460431654677,0.9953917050691244,0.8972602739726028,0.9924242424242424,0.0,0.007575757575757519
4628,0.9671052631578947,0.9632344722299745,0.9494949494949495,0.9712643678160919,0.968944099378882,0.9602272727272727,0.9825581395348837,0.0,0.017441860465116178
4629,0.9046052631578947,0.8960669035024454,0.8865979381443299,0.8304093567251462,0.9711934156378601,0.7473684210526316,0.9342105263157895,0.0,0.06578947368420966
4630,0.8256578947368421,0.8275320155272654,0.6878980891719745,0.8203389830508474,0.9743589743589743,0.711764705882353,0.968,0.0,0.031999999999999744
4631,0.8914473684210527,0.8672699849170438,0.7226890756302521,0.8791208791208791,1.0,0.7843137254901961,1.0,0.0,0.0
4632,0.8782894736842105,0.8704143374578649,0.819672131147541,0.8582375478927203,0.9333333333333333,0.8115942028985508,0.9105691056910569,0.0,0.08943089430894237
4633,0.9144736842105263,0.9148829226328529,0.9299363057324841,0.912751677852349,0.9019607843137255,0.9006622516556292,0.9251700680272109,0.0,0.07482993197278862
4634,0.9177631578947368,0.8620673553334678,0.6756756756756757,0.9146757679180887,0.995850622406639,0.8481012658227848,0.9925925925925926,0.0,0.007407407407407353
4635,0.9506578947368421,0.9507320673233585,0.9299363057324841,0.9442379182156134,0.978021978021978,0.9136690647482014,0.9769230769230769,0.0,0.0230769230769229
4636,0.9835526315789473,0.9788324144126533,0.9574468085106383,0.9840255591054313,0.9950248756218906,0.9746835443037974,0.9935483870967742,0.0,0.006451612903225765
4637,0.8519736842105263,0.8235715978358803,0.6238532110091743,0.8767123287671232,0.9701492537313433,0.7920792079207921,0.9815950920245399,0.0,0.01840490797546001
4638,0.9144736842105263,0.9162081071151569,0.8705882352941177,0.9007633587786259,0.9772727272727273,0.8368794326241135,0.9752066115702479,0.0,0.024793388429751862
4639,0.9506578947368421,0.9432365882468859,0.8990825688073395,0.956268221574344,0.9743589743589743,0.9318181818181818,0.9820359281437125,0.0,0.017964071856287317
4640,0.8552631578947368,0.8437334343051873,0.7,0.841726618705036,0.9894736842105263,0.73125,0.9915254237288136,0.0,0.00847457627118637
4641,0.8322368421052632,0.8323523945285604,0.782051282051282,0.803088803088803,0.9119170984455959,0.7272727272727273,0.896551724137931,0.0,0.10344827586206808
4642,0.8947368421052632,0.9023255813953489,0.8,0.9069767441860465,1.0,0.8297872340425532,1.0,0.0,0.0
4643,0.875,0.8647985730759258,0.7899159663865546,0.8805031446540881,0.9239766081871345,0.8333333333333334,0.9333333333333333,0.0,0.06666666666666622
4644,0.8585526315789473,0.8157512160463464,0.5981308411214953,0.8491228070175438,1.0,0.7378048780487805,1.0,0.0,0.0
4645,0.8552631578947368,0.8668753260302555,0.7555555555555555,0.8450704225352113,1.0,0.7317073170731707,1.0,0.0,0.0
4646,0.9539473684210527,0.9469645014859083,0.8813559322033898,0.9595375722543352,1.0,0.9222222222222223,1.0,0.0,0.0
4647,0.8322368421052632,0.8049658798321899,0.6115702479338843,0.8235294117647058,0.9797979797979798,0.7125748502994012,0.9754098360655737,0.0,0.024590163934426028
4648,0.9407894736842105,0.9385756977470375,0.9172932330827067,0.9312977099236641,0.9671361502347418,0.8970588235294118,0.9682539682539683,0.0,0.031746031746031494
4649,0.9539473684210527,0.9496357009819069,0.9172932330827067,0.9453125,0.9863013698630136,0.9166666666666666,0.9758064516129032,0.0,0.02419354838709658
4650,0.9506578947368421,0.9388053467000835,0.9172932330827067,0.9122807017543859,0.9868421052631579,0.8666666666666667,0.9629629629629629,0.0,0.037037037037036584
4651,0.930921052631579,0.911298070681104,0.7878787878787878,0.9460154241645244,1.0,0.8975609756097561,1.0,0.0,0.0
4652,0.9506578947368421,0.948798919790056,0.9411764705882353,0.918918918918919,0.9863013698630136,0.8673469387755102,0.9770114942528736,0.0,0.022988505747126173
4653,0.8881578947368421,0.8936806286310985,0.8387096774193549,0.8661417322834646,0.9761904761904762,0.7801418439716312,0.9734513274336283,0.0,0.02654867256637145
4654,0.9407894736842105,0.9353864734299516,0.8985507246376812,0.925,0.9826086956521739,0.8809523809523809,0.9736842105263158,0.0,0.02631578947368398
4655,0.8947368421052632,0.8859345112808948,0.8292682926829268,0.8778625954198473,0.9506726457399103,0.8333333333333334,0.9274193548387096,0.0,0.07258064516128974
4656,0.7532894736842105,0.7652348616448211,0.5477707006369427,0.7933884297520661,0.9545454545454546,0.6666666666666666,0.9795918367346939,0.0,0.020408163265305986
4657,0.8717105263157895,0.8510955264218083,0.7450980392156863,0.8769716088328076,0.9312169312169312,0.8273809523809523,0.9328859060402684,0.0,0.0671140939597311
4658,0.7730263157894737,0.7545664897236968,0.5548387096774193,0.7088607594936709,1.0,0.5490196078431373,1.0,0.0,0.0
4659,0.9177631578947368,0.8994469582704877,0.7899159663865546,0.9084249084249084,1.0,0.8322147651006712,1.0,0.0,0.0
4660,0.8453947368421053,0.757414885165283,0.4383561643835616,0.8668555240793201,0.967032967032967,0.7806122448979592,0.9745222929936306,0.0,0.025477707006369265
4661,0.9078947368421053,0.9008643172009508,0.85,0.9020979020979021,0.9504950495049505,0.8657718120805369,0.9416058394160584,0.0,0.05839416058394118
4662,0.8848684210526315,0.8822982292771059,0.8484848484848485,0.8745519713261649,0.9238578680203046,0.8356164383561644,0.9172932330827067,0.0,0.08270676691729262
4663,0.8914473684210527,0.8815709016312603,0.7751937984496124,0.916030534351145,0.9534883720930233,0.8571428571428571,0.9836065573770492,0.0,0.01639344262295073
4664,0.944078947368421,0.9466491336970608,0.9273743016759777,0.9403508771929825,0.9722222222222222,0.9054054054054054,0.9781021897810219,0.0,0.021897810218977944
4665,0.9572368421052632,0.9211130227042098,0.8421052631578947,0.9725158562367865,0.9487179487179487,0.9583333333333334,0.9871244635193133,0.0,0.01287553648068664
4666,0.9276315789473685,0.90910395112819,0.8705882352941177,0.9447236180904522,0.912,0.9261083743842364,0.9641025641025641,0.0,0.035897435897435714
4667,0.9605263157894737,0.9514687100893998,0.8888888888888888,0.9655172413793104,1.0,0.9333333333333333,1.0,0.0,0.0
4668,0.9046052631578947,0.9100310903841883,0.87,0.8776371308016878,0.9824561403508771,0.8,0.9719626168224299,0.0,0.028037383177569833
4669,0.8651315789473685,0.8660660660660661,0.8324324324324325,0.8768768768768769,0.8888888888888888,0.8156424581005587,0.948051948051948,0.0,0.05194805194805161
4670,0.8453947368421053,0.8657182166798396,0.7564766839378239,0.8406779661016949,1.0,0.7251461988304093,1.0,0.0,0.0
4671,0.9901315789473685,0.9894798067926055,0.9795918367346939,0.9888475836431226,1.0,0.9779411764705882,1.0,0.0,0.0
4672,0.8848684210526315,0.8877218182362271,0.75177304964539,0.9113924050632911,1.0,0.8372093023255814,1.0,0.0,0.0
4673,0.8552631578947368,0.8057470862433811,0.5979381443298969,0.8405797101449275,0.9787234042553191,0.7388535031847133,0.9747899159663865,0.0,0.025210084033613234
4674,0.7861842105263158,0.7586586231203777,0.5076923076923077,0.7735191637630662,0.9947643979057592,0.6306818181818182,1.0,0.0,0.0
4675,0.8355263157894737,0.8104299839593958,0.6166666666666667,0.8366013071895425,0.978021978021978,0.7314285714285714,0.9770992366412213,0.0,0.022900763358778452
4676,0.8519736842105263,0.8565186199699993,0.7368421052631579,0.8327137546468402,1.0,0.7133757961783439,1.0,0.0,0.0
4677,0.881578947368421,0.8991331757289204,0.8085106382978723,0.8888888888888888,1.0,0.8,1.0,0.0,0.0
4678,0.9506578947368421,0.9148021596066539,0.8070175438596491,0.9591280653950953,0.9782608695652174,0.9361702127659575,0.9832402234636871,0.0,0.016759776536312755
4679,0.9243421052631579,0.9122174858453013,0.8403361344537815,0.9144981412639405,0.9818181818181818,0.8661971830985915,0.968503937007874,0.0,0.03149606299212574
4680,0.7697368421052632,0.7721055348353655,0.5490196078431373,0.7741935483870968,0.993103448275862,0.6349206349206349,0.9917355371900827,0.0,0.008264462809917288
4681,0.993421052631579,0.9942180685358255,1.0,0.992,0.9906542056074766,0.992,0.992,0.0,0.007999999999999936
4682,0.9210526315789473,0.9194003454719063,0.8571428571428571,0.9194630872483222,0.9815950920245399,0.8616352201257862,0.9856115107913669,0.0,0.01438848920863299
4683,0.8848684210526315,0.880338463053059,0.8709677419354839,0.7852760736196319,0.9847715736040609,0.6530612244897959,0.9846153846153847,0.0,0.01538461538461515
4684,0.9901315789473685,0.9900354098827381,1.0,0.993006993006993,0.9770992366412213,1.0,0.9861111111111112,0.0,0.013888888888888826
4685,0.9375,0.9224947457942464,0.8301886792452831,0.9432835820895522,0.9940119760479041,0.8926553672316384,1.0,0.0,0.0
4686,0.9046052631578947,0.8762425133140536,0.75,0.8913857677902621,0.9873417721518988,0.8095238095238095,0.9916666666666667,0.0,0.008333333333333264
4687,0.9276315789473685,0.9181567040312862,0.8524590163934426,0.9214285714285714,0.9805825242718447,0.8716216216216216,0.9772727272727273,0.0,0.022727272727272554
4688,0.8881578947368421,0.8793287066661577,0.7874015748031497,0.8982035928143712,0.9523809523809523,0.8379888268156425,0.967741935483871,0.0,0.03225806451612882
4689,0.9506578947368421,0.9475224195477551,0.9172932330827067,0.9570200573065902,0.9682539682539683,0.9329608938547486,0.9823529411764705,0.0,0.017647058823529307
4690,0.875,0.8769797305596786,0.8516746411483254,0.8155339805825242,0.9637305699481865,0.717948717948718,0.9438202247191011,0.0,0.05617977528089825
4691,0.8453947368421053,0.7491466101485124,0.43243243243243246,0.8350877192982457,0.9799196787148594,0.7300613496932515,0.9754098360655737,0.0,0.024590163934426028
4692,0.930921052631579,0.9222620093827744,0.8888888888888888,0.8934010152284264,0.9844961240310077,0.8301886792452831,0.967032967032967,0.0,0.03296703296703261
4693,0.9375,0.9271807838179519,0.8672566371681416,0.9333333333333333,0.9809523809523809,0.8926174496644296,0.9779411764705882,0.0,0.022058823529411603
4694,0.8585526315789473,0.8525227526908199,0.7647058823529411,0.8676923076923077,0.9251700680272109,0.8103448275862069,0.9337748344370861,0.0,0.06622516556291347
4695,0.8980263157894737,0.8483298623542663,0.684931506849315,0.9245742092457421,0.9354838709677419,0.8837209302325582,0.9693877551020408,0.0,0.030612244897959027
4696,0.9013157894736842,0.9014235921527799,0.8654970760233918,0.8739495798319328,0.964824120603015,0.8062015503875969,0.9541284403669725,0.0,0.0458715596330271
4697,0.930921052631579,0.9297817538070937,0.9090909090909091,0.8944723618090452,0.985781990521327,0.8240740740740741,0.978021978021978,0.0,0.021978021978021737
4698,0.9539473684210527,0.9550737120673083,0.9565217391304348,0.9457364341085271,0.9629629629629629,0.9384615384615385,0.953125,0.0,0.04687499999999964
4699,0.8223684210526315,0.8076268061282644,0.6885245901639344,0.8343558282208589,0.9,0.7640449438202247,0.918918918918919,0.0,0.08108108108108053
4700,0.7730263157894737,0.746031746031746,0.5714285714285714,0.6666666666666666,1.0,0.5,1.0,0.0,0.0
4701,0.868421052631579,0.8775584795321638,0.7368421052631579,0.8958333333333334,1.0,0.8113207547169812,1.0,0.0,0.0
4702,0.9605263157894737,0.9605660757453666,0.958904109589041,0.9495798319327731,0.9732142857142857,0.9338842975206612,0.9658119658119658,0.0,0.0341880341880339
4703,0.8914473684210527,0.8697394278130822,0.7027027027027027,0.9065155807365439,1.0,0.8290155440414507,1.0,0.0,0.0
4704,0.9868421052631579,0.977761304670126,0.9473684210526315,0.9859154929577465,1.0,0.9722222222222222,1.0,0.0,0.0
4705,0.9046052631578947,0.8899385090415959,0.8571428571428571,0.8687782805429864,0.9438943894389439,0.8571428571428571,0.8807339449541285,0.0,0.11926605504587047
4706,0.9276315789473685,0.868917576961271,0.7105263157894737,0.8962264150943396,1.0,0.811965811965812,1.0,0.0,0.0
4707,0.9638157894736842,0.9666328859106672,0.9483568075117371,0.9515418502202643,1.0,0.907563025210084,1.0,0.0,0.0
4708,0.9407894736842105,0.9200382447665056,0.8260869565217391,0.9444444444444444,0.9895833333333334,0.9,0.9935064935064936,0.0,0.0064935064935064514
4709,0.8388157894736842,0.8123511538145686,0.6178861788617886,0.8292682926829268,0.98989898989899,0.7125748502994012,0.9916666666666667,0.0,0.008333333333333264
4710,0.9144736842105263,0.9116856928109197,0.9172932330827067,0.9212121212121213,0.896551724137931,0.9212121212121213,0.9212121212121213,0.0,0.07878787878787831
4711,0.9210526315789473,0.9155657791028409,0.9154929577464789,0.875,0.9562043795620438,0.84,0.9130434782608695,0.0,0.08695652173912949
4712,0.8980263157894737,0.8996194790410804,0.863905325443787,0.8784313725490196,0.9565217391304348,0.8175182481751825,0.9491525423728814,0.0,0.05084745762711822
4713,0.9605263157894737,0.9516128239532495,0.9230769230769231,0.9459459459459459,0.9858156028368794,0.9210526315789473,0.9722222222222222,0.0,0.027777777777777523
4714,0.9243421052631579,0.9291073507028381,0.9041095890410958,0.8949771689497716,0.9882352941176471,0.8235294117647058,0.98,0.0,0.019999999999999803
4715,0.9144736842105263,0.8967011462119094,0.8163265306122449,0.9285714285714286,0.9452054794520548,0.8941798941798942,0.9657142857142857,0.0,0.03428571428571409
4716,0.9078947368421053,0.8859287488216698,0.7755102040816326,0.9171597633136095,0.9651162790697675,0.8659217877094972,0.9748427672955975,0.0,0.025157232704402357
4717,0.8980263157894737,0.8827112774359738,0.7874015748031497,0.8784313725490196,0.9823008849557522,0.8,0.9739130434782609,0.0,0.026086956521738904
4718,0.9605263157894737,0.9484025798710065,0.8983050847457628,0.9469026548672567,1.0,0.8991596638655462,1.0,0.0,0.0
4719,0.8651315789473685,0.8185730544885473,0.6136363636363636,0.8845070422535212,0.9575757575757575,0.8177083333333334,0.9631901840490797,0.0,0.03680981595092002
4720,0.8289473684210527,0.8109090909090909,0.6060606060606061,0.8266666666666667,1.0,0.7045454545454546,1.0,0.0,0.0
4721,0.9506578947368421,0.9517537307968308,0.9333333333333333,0.9466192170818505,0.9753086419753086,0.9172413793103448,0.9779411764705882,0.0,0.022058823529411603
4722,0.8881578947368421,0.895017543859649,0.8210526315789474,0.864,1.0,0.7605633802816901,1.0,0.0,0.0
4723,0.930921052631579,0.9278990192372728,0.8714285714285714,0.9302325581395349,0.9820359281437125,0.8805031446540881,0.9859154929577465,0.0,0.014084507042253423
4724,0.9243421052631579,0.8602089268755936,0.6461538461538462,0.9344729344729344,1.0,0.8770053475935828,1.0,0.0,0.0
4725,0.9342105263157895,0.9468659194686592,0.9090909090909091,0.9315068493150684,1.0,0.8717948717948718,1.0,0.0,0.0
4726,0.9276315789473685,0.9202050068992706,0.8764044943820225,0.8842105263157894,1.0,0.7924528301886793,1.0,0.0,0.0
4727,0.9539473684210527,0.952651102199567,0.9421487603305785,0.9536423841059603,0.9621621621621622,0.9473684210526315,0.96,0.0,0.03999999999999974
4728,0.8026315789473685,0.731985423768661,0.3617021276595745,0.8342541436464088,1.0,0.7156398104265402,1.0,0.0,0.0
4729,0.8848684210526315,0.8797706549468313,0.779874213836478,0.8594377510040161,1.0,0.7535211267605634,1.0,0.0,0.0
4730,0.9638157894736842,0.9507580193896805,0.8990825688073395,0.9531914893617022,1.0,0.9105691056910569,1.0,0.0,0.0
4731,0.8651315789473685,0.8194085297927787,0.6476190476190476,0.825531914893617,0.9850746268656716,0.7185185185185186,0.97,0.0,0.0299999999999997
4732,0.9342105263157895,0.9120150866182613,0.8181818181818182,0.9382716049382716,0.9795918367346939,0.8994082840236687,0.9806451612903225,0.0,0.019354838709677295
4733,0.9078947368421053,0.9060523938572719,0.8292682926829268,0.8888888888888888,1.0,0.8,1.0,0.0,0.0
4734,0.9407894736842105,0.929606692742286,0.875,0.9307692307692308,0.9830508474576272,0.8897058823529411,0.9758064516129032,0.0,0.02419354838709658
4735,0.8848684210526315,0.8857885812708179,0.8666666666666667,0.8754448398576512,0.9152542372881356,0.8367346938775511,0.917910447761194,0.0,0.08208955223880536
4736,0.7960526315789473,0.7449473852892473,0.5154639175257731,0.8393782383419689,0.88,0.7605633802816901,0.9364161849710982,0.0,0.06358381502890137
4737,0.9078947368421053,0.922468987595038,0.8907563025210085,0.8970588235294118,0.9795918367346939,0.8243243243243243,0.9838709677419355,0.0,0.016129032258064387
4738,0.8980263157894737,0.8670288601457118,0.7454545454545455,0.8669527896995708,0.9886792452830189,0.7769230769230769,0.9805825242718447,0.0,0.01941747572815515
4739,0.9671052631578947,0.967511625568342,0.9508196721311475,0.9568965517241379,0.9948186528497409,0.925,0.9910714285714286,0.0,0.00892857142857135
4740,0.8947368421052632,0.8982456140350877,0.8,0.8947368421052632,1.0,0.8095238095238095,1.0,0.0,0.0
4741,0.9342105263157895,0.931528812343753,0.9161290322580645,0.9415204678362573,0.9369369369369369,0.92,0.9640718562874252,0.0,0.035928143712574634
4742,0.8782894736842105,0.8787739863906364,0.7870967741935484,0.9018567639257294,0.9473684210526315,0.8374384236453202,0.9770114942528736,0.0,0.022988505747126305
4743,0.8092105263157895,0.8292872661658565,0.71875,0.8013698630136986,0.967741935483871,0.6802325581395349,0.975,0.0,0.024999999999999793
4744,0.875,0.8476707860199273,0.723404255319149,0.8855421686746988,0.9340659340659341,0.8352272727272727,0.9423076923076923,0.0,0.05769230769230733
4745,0.9572368421052632,0.9586636341554972,0.9273743016759777,0.9486166007905138,1.0,0.9022556390977443,1.0,0.0,0.0
4746,0.8618421052631579,0.8567495226928106,0.7153284671532847,0.8793103448275862,0.975609756097561,0.796875,0.9807692307692307,0.0,0.019230769230769107
4747,0.8881578947368421,0.865102623894456,0.7222222222222222,0.8963414634146342,0.9767441860465116,0.8258426966292135,0.98,0.0,0.01999999999999987
4748,0.8421052631578947,0.8438194731116676,0.7152317880794702,0.861271676300578,0.954954954954955,0.772020725388601,0.9738562091503268,0.0,0.026143790849673033
4749,0.9572368421052632,0.9403409601552016,0.8705882352941177,0.960960960960961,0.9894736842105263,0.9302325581395349,0.9937888198757764,0.0,0.006211180124223564
4750,0.8881578947368421,0.8261443717195375,0.6352941176470588,0.853448275862069,0.9896907216494846,0.7615384615384615,0.9705882352941176,0.0,0.029411764705882065
4751,0.8848684210526315,0.8636895268474216,0.7090909090909091,0.9122807017543859,0.9696969696969697,0.8465116279069768,0.9891304347826086,0.0,0.010869565217391245
4752,0.9144736842105263,0.9154956333783085,0.8705882352941177,0.8976377952755905,0.9782608695652174,0.8321167883211679,0.9743589743589743,0.0,0.02564102564102542
4753,1.0,1.0,1.0,1.0,1.0,1.0,1.0,0.0,0.0
4754,0.8651315789473685,0.8876598113035893,0.7939698492462312,0.8690095846645367,1.0,0.768361581920904,1.0,0.0,0.0
4755,0.8947368421052632,0.8937579042457092,0.8611111111111112,0.8933333333333333,0.926829268292683,0.8481012658227848,0.9436619718309859,0.0,0.05633802816901369
4756,0.9736842105263158,0.9767285357646803,1.0,0.9783783783783784,0.9518072289156626,0.9890710382513661,0.9679144385026738,0.0,0.03208556149732603
4757,0.7730263157894737,0.7897145876547024,0.6737967914438503,0.7509025270758123,0.9444444444444444,0.6227544910179641,0.9454545454545454,0.0,0.05454545454545405
4758,0.8848684210526315,0.8600686620034875,0.7378640776699029,0.8797250859106529,0.9626168224299065,0.8205128205128205,0.9481481481481482,0.0,0.05185185185185147
4759,0.9243421052631579,0.8327018648159731,0.5714285714285714,0.936986301369863,0.9896907216494846,0.890625,0.9884393063583815,0.0,0.01156069364161843
4760,0.8486842105263158,0.8003815742756973,0.651685393258427,0.8017241379310345,0.9477351916376306,0.7265625,0.8942307692307693,0.0,0.10576923076922976
4761,0.9375,0.8693124176995145,0.7027027027027027,0.9528535980148883,0.9523809523809523,0.9365853658536586,0.9696969696969697,0.0,0.03030303030303015
4762,0.8519736842105263,0.8512760298604483,0.7570621468926554,0.8068669527896996,0.98989898989899,0.6811594202898551,0.9894736842105263,0.0,0.010526315789473575
4763,0.9210526315789473,0.8932261768082664,0.8,0.9104477611940298,0.9692307692307692,0.8714285714285714,0.953125,0.0,0.04687499999999964
4764,0.9703947368421053,0.9708727360018393,0.9787234042553191,0.9585253456221198,0.9753694581280788,0.9454545454545454,0.9719626168224299,0.0,0.028037383177569833
4765,0.8585526315789473,0.8430579002258387,0.8,0.7570621468926554,0.9721115537848606,0.638095238095238,0.9305555555555556,0.0,0.06944444444444349
4766,0.8782894736842105,0.8710770198659472,0.7412587412587412,0.8719723183391004,1.0,0.7730061349693251,1.0,0.0,0.0
4767,0.868421052631579,0.8585457128342577,0.7313432835820896,0.8675496688741722,0.9767441860465116,0.7797619047619048,0.9776119402985075,0.0,0.02238805970149237
4768,0.8717105263157895,0.879373577039492,0.8087431693989071,0.8550185873605948,0.9743589743589743,0.7615894039735099,0.9745762711864406,0.0,0.02542372881355911
4769,0.881578947368421,0.8736773821281537,0.7586206896551724,0.8676470588235294,0.9947643979057592,0.7662337662337663,1.0,0.0,0.0
4770,0.9868421052631579,0.9843906127410129,0.9917355371900827,0.9894736842105263,0.9719626168224299,0.9947089947089947,0.9842931937172775,0.0,0.015706806282722433
4771,0.8618421052631579,0.8339343547646796,0.6902654867256637,0.8421052631578947,0.9694323144104804,0.7516778523489933,0.9572649572649573,0.0,0.042735042735042375
4772,0.9375,0.9334398759786567,0.9090909090909091,0.9364548494983278,0.9547738693467337,0.9210526315789473,0.9523809523809523,0.0,0.0476190476190473
4773,0.8453947368421053,0.8231757978593421,0.7142857142857143,0.8185328185328186,0.9367088607594937,0.7464788732394366,0.905982905982906,0.0,0.09401709401709321
4774,0.9407894736842105,0.9404251978595918,0.9306930693069307,0.91,0.9805825242718447,0.8584905660377359,0.9680851063829787,0.0,0.03191489361702094
4775,0.9572368421052632,0.9570195297571291,0.9640287769784173,0.937799043062201,0.9692307692307692,0.9333333333333333,0.9423076923076923,0.0,0.05769230769230714
4776,0.8618421052631579,0.8676718612966337,0.7654320987654321,0.8703703703703703,0.9672131147540983,0.7833333333333333,0.9791666666666666,0.0,0.02083333333333319
4777,0.930921052631579,0.9311258367774363,0.9518716577540107,0.896551724137931,0.944954128440367,0.883495145631068,0.91,0.0,0.08999999999999911
4778,0.9835526315789473,0.9876867328944533,1.0,0.9848942598187311,0.9781659388646288,0.9878787878787879,0.9819277108433735,0.0,0.018072289156626398
4779,0.944078947368421,0.946411104009603,0.9112426035502958,0.9523809523809523,0.975609756097561,0.918918918918919,0.9883720930232558,0.0,0.011627906976744118
4780,0.8848684210526315,0.8743978563196494,0.7973856209150327,0.8430493273542601,0.9827586206896551,0.746031746031746,0.9690721649484536,0.0,0.030927835051546074
4781,0.9276315789473685,0.9285124945852284,0.9135802469135802,0.9140625,0.9578947368421052,0.8796992481203008,0.9512195121951219,0.0,0.048780487804877655
4782,0.9671052631578947,0.9662569705246388,0.9655172413793104,0.9504950495049505,0.9827586206896551,0.9320388349514563,0.9696969696969697,0.0,0.03030303030303
4783,0.9078947368421053,0.9249299719887955,0.8571428571428571,0.9176470588235294,1.0,0.8478260869565217,1.0,0.0,0.0
4784,0.8980263157894737,0.9009539301205969,0.9125,0.8803088803088803,0.91005291005291,0.8702290076335878,0.890625,0.0,0.10937499999999915
4785,0.9046052631578947,0.9118287960349756,0.8691099476439791,0.8945454545454545,0.971830985915493,0.825503355704698,0.9761904761904762,0.0,0.02380952380952362
4786,0.9407894736842105,0.9350569259962049,0.9882352941176471,0.9419354838709677,0.875,0.9733333333333334,0.9125,0.0,0.08749999999999945
4787,0.9276315789473685,0.9340707293832294,0.918918918918919,0.9140625,0.9692307692307692,0.8602941176470589,0.975,0.0,0.024999999999999793
4788,0.9210526315789473,0.9209415907090325,0.8717948717948718,0.9142857142857143,0.9767441860465116,0.8648648648648649,0.9696969696969697,0.0,0.030303030303030075
4789,0.8782894736842105,0.7829325113160248,0.509090909090909,0.8810289389067524,0.9586776859504132,0.8203592814371258,0.9513888888888888,0.0,0.04861111111111077
4790,0.868421052631579,0.8712840761522304,0.8021390374331551,0.8275862068965517,0.9841269841269841,0.7164179104477612,0.9795918367346939,0.0,0.020408163265305916
4791,0.9046052631578947,0.8672888755080536,0.6813186813186813,0.9205479452054794,1.0,0.8527918781725888,1.0,0.0,0.0
4792,0.9046052631578947,0.9117676494725675,0.8415300546448088,0.8937728937728938,1.0,0.8079470198675497,1.0,0.0,0.0
4793,0.9638157894736842,0.9449192054672032,0.8705882352941177,0.9641693811074918,1.0,0.9308176100628931,1.0,0.0,0.0
4794,0.9605263157894737,0.9431884057971014,0.8695652173913043,0.96,1.0,0.9230769230769231,1.0,0.0,0.0
4795,0.9638157894736842,0.9649110542905359,0.964824120603015,0.9523809523809523,0.9775280898876404,0.9322033898305084,0.9734513274336283,0.0,0.02654867256637145
4796,0.9144736842105263,0.920876050786999,0.8433734939759037,0.9192546583850931,1.0,0.8505747126436781,1.0,0.0,0.0
4797,0.9342105263157895,0.9177113010446344,0.8518518518518519,0.9166666666666666,0.9846153846153847,0.8661417322834646,0.9734513274336283,0.0,0.02654867256637145
4798,0.9111842105263158,0.8799203727884887,0.75,0.9025270758122743,0.9872340425531915,0.8333333333333334,0.984251968503937,0.0,0.01574803149606287
4799,0.8848684210526315,0.8733103555443469,0.8258064516129032,0.8258706467661692,0.9682539682539683,0.7410714285714286,0.9325842696629213,0.0,0.0674157303370779
4800,0.944078947368421,0.9442908874960464,0.9240506329113924,0.9358490566037736,0.972972972972973,0.8985507246376812,0.9763779527559056,0.0,0.023622047244094304
4801,0.9671052631578947,0.9667197224772982,0.96,0.9586776859504132,0.9814814814814815,0.943089430894309,0.9747899159663865,0.0,0.025210084033613234
4802,0.9046052631578947,0.880733233814377,0.7755102040816326,0.8975265017667845,0.9691629955947136,0.8410596026490066,0.9621212121212122,0.0,0.037878787878787595
4803,0.9407894736842105,0.8966131907308378,0.7352941176470589,0.9545454545454546,1.0,0.9130434782608695,1.0,0.0,0.0
4804,0.9473684210526315,0.94035410497353,0.8990825688073395,0.9512195121951219,0.9707602339181286,0.9285714285714286,0.975,0.0,0.024999999999999845
4805,0.9572368421052632,0.923414376321353,0.8727272727272727,0.9725158562367865,0.925,0.9663865546218487,0.9787234042553191,0.0,0.02127659574468076
4806,0.9144736842105263,0.9156276137167856,0.9044585987261147,0.9090909090909091,0.9333333333333333,0.8783783783783784,0.9420289855072463,0.0,0.05797101449275321
4807,0.9111842105263158,0.8842477524271222,0.7848101265822784,0.9179331306990881,0.95,0.8830409356725146,0.9556962025316456,0.0,0.04430379746835415
4808,0.9539473684210527,0.9399167660037224,0.9090909090909091,0.9292929292929293,0.9813664596273292,0.9019607843137255,0.9583333333333334,0.0,0.041666666666666234
4809,0.9473684210526315,0.9505498145204028,0.9411764705882353,0.9375,0.972972972972973,0.9022556390977443,0.975609756097561,0.0,0.024390243902438827
4810,0.8486842105263158,0.8131370346244741,0.6078431372549019,0.8763440860215054,0.9552238805970149,0.7990196078431373,0.9702380952380952,0.0,0.029761904761904587
4811,0.9901315789473685,0.9908434187071958,1.0,0.9818181818181818,0.9907120743034056,1.0,0.9642857142857143,0.0,0.03571428571428529
4812,0.8519736842105263,0.8008055458735139,0.5684210526315789,0.9006622516556292,0.9333333333333333,0.8292682926829268,0.9855072463768116,0.0,0.014492753623188337
4813,0.9703947368421053,0.9709512896067518,0.9795918367346939,0.96,0.9732620320855615,0.9473684210526315,0.972972972972973,0.0,0.027027027027026786
4814,0.8782894736842105,0.8762139269181523,0.7692307692307693,0.895774647887324,0.9636363636363636,0.8238341968911918,0.9814814814814815,0.0,0.018518518518518406
4815,0.8322368421052632,0.855618809631712,0.7853881278538812,0.8185053380782918,0.9629629629629629,0.7055214723926381,0.9745762711864406,0.0,0.02542372881355911
4816,0.875,0.8825779522609896,0.7909604519774012,0.8633093525179856,0.9934640522875817,0.7643312101910829,0.9917355371900827,0.0,0.008264462809917288
4817,0.9111842105263158,0.901639319338495,0.8516129032258064,0.8695652173913043,0.983739837398374,0.7894736842105263,0.967741935483871,0.0,0.032258064516128684
4818,0.8322368421052632,0.7967073940228303,0.5555555555555556,0.8547008547008547,0.9798657718120806,0.75,0.9933774834437086,0.0,0.006622516556291347
4819,0.8519736842105263,0.8269458573501339,0.8036529680365296,0.6853146853146853,0.991869918699187,0.5268817204301075,0.98,0.0,0.019999999999999598
4820,0.9671052631578947,0.9627153891859774,0.9411764705882353,0.9696969696969697,0.9772727272727273,0.9580838323353293,0.9815950920245399,0.0,0.01840490797546001
4821,0.9572368421052632,0.9557481657001518,0.9523809523809523,0.9359605911330049,0.9789029535864979,0.9047619047619048,0.9693877551020408,0.0,0.030612244897958874
4822,0.881578947368421,0.8744825708061001,0.7555555555555555,0.8875,0.9803921568627451,0.8068181818181818,0.9861111111111112,0.0,0.013888888888888793
4823,0.8289473684210527,0.7858980957282552,0.5517241379310345,0.8059701492537313,1.0,0.675,1.0,0.0,0.0
4824,0.9276315789473685,0.9194065390603535,0.819672131147541,0.9385474860335196,1.0,0.8842105263157894,1.0,0.0,0.0
4825,0.9276315789473685,0.9291694991593441,0.8627450980392157,0.9325153374233128,0.9922480620155039,0.8786127167630058,0.9934640522875817,0.0,0.006535947712418258
4826,0.9144736842105263,0.9300325869862295,0.8761904761904762,0.9139072847682119,1.0,0.8414634146341463,1.0,0.0,0.0
4827,0.9342105263157895,0.9433258198987784,0.9025641025641026,0.9397590361445783,0.9876543209876543,0.8914285714285715,0.9936305732484076,0.0,0.006369426751592316
4828,0.9605263157894737,0.9555047669604656,0.9299363057324841,0.9405940594059405,0.9959839357429718,0.8962264150943396,0.9895833333333334,0.0,0.010416666666666559
4829,0.9046052631578947,0.8936327606008062,0.8099173553719008,0.9209809264305178,0.95,0.8711340206185567,0.976878612716763,0.0,0.02312138728323686
4830,0.8552631578947368,0.8079965232228344,0.5858585858585859,0.8523489932885906,0.985781990521327,0.7514792899408284,0.9844961240310077,0.0,0.015503875968992128
4831,0.944078947368421,0.9474097171097186,0.9282296650717703,0.925764192139738,0.9882352941176471,0.8760330578512396,0.9814814814814815,0.0,0.018518518518518347
4832,0.9177631578947368,0.8893539565490353,0.7848101265822784,0.9206349206349206,0.9626168224299065,0.8841463414634146,0.9602649006622517,0.0,0.03973509933774808
4833,0.9638157894736842,0.7076200794510653,0.15384615384615385,0.9690140845070423,1.0,0.9398907103825137,1.0,0.0,0.0
4834,0.8651315789473685,0.8263620517978579,0.6476190476190476,0.8487084870848709,0.9827586206896551,0.7516339869281046,0.9745762711864406,0.0,0.02542372881355911
4835,0.9243421052631579,0.9240292288867448,0.9170305676855895,0.8756756756756757,0.979381443298969,0.801980198019802,0.9642857142857143,0.0,0.03571428571428529
4836,0.868421052631579,0.858642065753473,0.7338129496402878,0.8581560283687943,0.983957219251337,0.7610062893081762,0.983739837398374,0.0,0.016260162601625886
4837,0.8717105263157895,0.8688662269508173,0.8028169014084507,0.8729641693811075,0.9308176100628931,0.8220858895705522,0.9305555555555556,0.0,0.06944444444444396
4838,0.9572368421052632,0.9498899962605126,0.948905109489051,0.9202453987730062,0.9805194805194806,0.9036144578313253,0.9375,0.0,0.06249999999999922
4839,0.8914473684210527,0.877752727107103,0.7226890756302521,0.9105691056910569,1.0,0.835820895522388,1.0,0.0,0.0
4840,0.7697368421052632,0.7621763276168751,0.5306122448979592,0.7619047619047619,0.9940119760479041,0.6153846153846154,1.0,0.0,0.0
4841,0.9276315789473685,0.8447420634920636,0.65,0.9508928571428571,0.9333333333333333,0.9301310043668122,0.9726027397260274,0.0,0.02739726027397248
4842,0.875,0.8747915323447238,0.8936170212765957,0.7840909090909091,0.9466666666666667,0.6831683168316832,0.92,0.0,0.07999999999999893
4843,0.8914473684210527,0.8660953797373384,0.7184466019417476,0.9168765743073047,0.9629629629629629,0.8584905660377359,0.9837837837837838,0.0,0.01621621621621613
4844,0.8585526315789473,0.8667239193554983,0.8,0.8491228070175438,0.951048951048951,0.7610062893081762,0.9603174603174603,0.0,0.03968253968253937
4845,0.8453947368421053,0.871323178770793,0.7982832618025751,0.8156862745098039,1.0,0.6887417218543046,1.0,0.0,0.0
4846,0.8552631578947368,0.8336570650245076,0.6779661016949152,0.8552631578947368,0.967741935483871,0.7647058823529411,0.9701492537313433,0.0,0.029850746268656494
4847,0.9243421052631579,0.8896061826458462,0.7924528301886793,0.8795811518324608,0.9967845659163987,0.7850467289719626,1.0,0.0,0.0
4848,0.9276315789473685,0.9383710343861615,0.8990825688073395,0.916030534351145,1.0,0.8450704225352113,1.0,0.0,0.0
4849,0.9572368421052632,0.9518908266369316,0.9278350515463918,0.9597523219814241,0.9680851063829787,0.950920245398773,0.96875,0.0,0.031249999999999806
4850,0.8289473684210527,0.7947198648651873,0.5689655172413793,0.825503355704698,0.9896907216494846,0.7109826589595376,0.984,0.0,0.015999999999999872
4851,0.9276315789473685,0.9370659968144245,0.9074074074074074,0.9308176100628931,0.972972972972973,0.8809523809523809,0.9866666666666667,0.0,0.013333333333333246
4852,0.9210526315789473,0.9365079365079364,0.8928571428571429,0.9166666666666666,1.0,0.8461538461538461,1.0,0.0,0.0
4853,0.930921052631579,0.9211268515064539,0.891566265060241,0.9149797570850202,0.9568345323741008,0.904,0.9262295081967213,0.0,0.07377049180327809
4854,0.8289473684210527,0.8240873947732689,0.697986577181208,0.8129496402877698,0.9613259668508287,0.70625,0.9576271186440678,0.0,0.04237288135593185
4855,0.819078947368421,0.8050998420860443,0.6614173228346457,0.8318042813455657,0.922077922077922,0.7472527472527473,0.9379310344827586,0.0,0.062068965517240955
4856,0.8585526315789473,0.8976478404232339,0.8154506437768241,0.8774928774928775,1.0,0.7817258883248731,1.0,0.0,0.0
4857,0.8914473684210527,0.8959467247230583,0.8865979381443299,0.8695652173913043,0.9316770186335404,0.8148148148148148,0.9322033898305084,0.0,0.06779661016949096
4858,0.930921052631579,0.9358499345083208,0.914572864321608,0.9207547169811321,0.9722222222222222,0.8714285714285714,0.976,0.0,0.02399999999999981
4859,0.9144736842105263,0.903662310209478,0.8344370860927153,0.8807339449541285,0.99581589958159,0.7868852459016393,1.0,0.0,0.0
4860,0.9111842105263158,0.7453580901856763,0.3076923076923077,0.9283819628647215,1.0,0.8663366336633663,1.0,0.0,0.0
4861,0.8980263157894737,0.889056975063801,0.8,0.89419795221843,0.972972972972973,0.8291139240506329,0.9703703703703703,0.0,0.029629629629629412
4862,0.8980263157894737,0.8447723063166634,0.6352941176470588,0.8990228013029316,1.0,0.8165680473372781,1.0,0.0,0.0
4863,0.9111842105263158,0.9142166021200594,0.8705882352941177,0.9179331306990881,0.9541284403669725,0.867816091954023,0.9741935483870968,0.0,0.02580645161290306
4864,0.8125,0.8222892519666715,0.6971428571428572,0.7956989247311828,0.974025974025974,0.6727272727272727,0.9736842105263158,0.0,0.02631578947368398
4865,0.7993421052631579,0.8214428162183808,0.6739130434782609,0.7986798679867987,0.9917355371900827,0.6685082872928176,0.9918032786885246,0.0,0.008196721311475343
4866,0.8026315789473685,0.8302809978701852,0.6740331491712708,0.8305084745762712,0.9863013698630136,0.7135922330097088,0.9932432432432432,0.0,0.006756756756756711
4867,0.9342105263157895,0.9114680269295282,0.8089887640449438,0.9438202247191011,0.9815950920245399,0.9032258064516129,0.9882352941176471,0.0,0.011764705882352872
4868,0.9736842105263158,0.978362429309073,1.0,0.9759036144578314,0.9591836734693877,0.9878048780487805,0.9642857142857143,0.0,0.035714285714285504
4869,0.8980263157894737,0.9063538385816376,0.8629441624365483,0.8838951310861424,0.9722222222222222,0.8082191780821918,0.9752066115702479,0.0,0.024793388429751862
4870,0.9342105263157895,0.9322560938440049,0.9380530973451328,0.9404761904761905,0.9182389937106918,0.9404761904761905,0.9404761904761905,0.0,0.059523809523809174
4871,0.8585526315789473,0.8495946590367192,0.7733333333333333,0.8154506437768241,0.96,0.7251908396946565,0.9313725490196079,0.0,0.06862745098039148
4872,0.9144736842105263,0.9103941011950165,0.88,0.8859649122807017,0.9652173913043478,0.8347107438016529,0.9439252336448598,0.0,0.056074766355139666
4873,0.9473684210526315,0.9384289992874234,0.9010989010989011,0.9455782312925171,0.968609865470852,0.9266666666666666,0.9652777777777778,0.0,0.03472222222222198
4874,0.8881578947368421,0.8525301204819277,0.66,0.8975903614457831,1.0,0.8142076502732241,1.0,0.0,0.0
4875,0.8914473684210527,0.891055795271113,0.8220858895705522,0.8725868725868726,0.978494623655914,0.7902097902097902,0.9741379310344828,0.0,0.02586206896551702
4876,0.9144736842105263,0.9186695680081257,0.8670520231213873,0.9090909090909091,0.9798657718120806,0.8441558441558441,0.9848484848484849,0.0,0.015151515151515037
4877,0.9375,0.9088989784067777,0.8405797101449275,0.9550827423167849,0.9310344827586207,0.9395348837209302,0.9711538461538461,0.0,0.02884615384615371
4878,0.9506578947368421,0.6976830736929326,0.15384615384615385,0.9541284403669725,0.9850746268656716,0.9285714285714286,0.9811320754716981,0.0,0.018867924528301768
4879,0.8881578947368421,0.8776944725880895,0.7936507936507936,0.8794326241134752,0.96,0.8157894736842105,0.9538461538461539,0.0,0.0461538461538458
4880,0.9177631578947368,0.889437860622603,0.7572815533980582,0.9110320284697508,1.0,0.8366013071895425,1.0,0.0,0.0
4881,0.9473684210526315,0.9311800696848009,0.8571428571428571,0.9548022598870056,0.9815950920245399,0.9234972677595629,0.9883040935672515,0.0,0.01169590643274847
4882,0.9111842105263158,0.9083688812424878,0.8211920529801324,0.9039145907473309,1.0,0.8246753246753247,1.0,0.0,0.0
4883,0.8782894736842105,0.8520351970418877,0.6842105263157895,0.8770764119601329,0.9948186528497409,0.7857142857142857,0.9924812030075187,0.0,0.007518796992481147
4884,0.8519736842105263,0.8380565674476975,0.6666666666666666,0.8534201954397395,0.9940828402366864,0.7485714285714286,0.9924242424242424,0.0,0.007575757575757519
4885,0.8914473684210527,0.8718524139093912,0.7889908256880734,0.9142857142857143,0.9122807017543859,0.8756218905472637,0.9565217391304348,0.0,0.04347826086956498
4886,0.9111842105263158,0.8886063417961519,0.7755102040816326,0.9179331306990881,0.9723756906077348,0.8628571428571429,0.9805194805194806,0.0,0.019480519480519355
4887,0.9210526315789473,0.9019727631411479,0.9629629629629629,0.8762886597938144,0.8666666666666667,0.85,0.9042553191489362,0.0,0.09574468085106282
4888,0.8848684210526315,0.8925112755492043,0.819672131147541,0.8708487084870848,0.987012987012987,0.7814569536423841,0.9833333333333333,0.0,0.016666666666666528
4889,0.9407894736842105,0.8895739966947397,0.7368421052631579,0.9454545454545454,0.9864253393665159,0.9069767441860465,0.9873417721518988,0.0,0.012658227848101186
4890,0.8223684210526315,0.8415504248837582,0.7045454545454546,0.8571428571428571,0.9629629629629629,0.7534883720930232,0.9938650306748467,0.0,0.006134969325153337
4891,0.9506578947368421,0.9478165990654427,0.8936170212765957,0.9498327759197325,1.0,0.9044585987261147,1.0,0.0,0.0
4892,0.9177631578947368,0.8708011799491038,0.7301587301587301,0.9134948096885813,0.96875,0.8741721854304636,0.9565217391304348,0.0,0.043478260869564904
4893,0.7993421052631579,0.7667812118492024,0.5132743362831859,0.8346883468834688,0.9523809523809523,0.7333333333333333,0.9685534591194969,0.0,0.03144654088050295
4894,0.9407894736842105,0.9241779497098647,0.8363636363636363,0.9361702127659575,1.0,0.88,1.0,0.0,0.0
4895,0.8881578947368421,0.8518550575652419,0.673469387755102,0.8924050632911392,0.9896907216494846,0.815028901734104,0.986013986013986,0.0,0.013986013986013889
4896,0.9506578947368421,0.9474261159344032,0.9285714285714286,0.9523809523809523,0.9613259668508287,0.9375,0.967741935483871,0.0,0.03225806451612882
4897,0.8881578947368421,0.9042393779941884,0.88,0.8411214953271028,0.9915966386554622,0.7258064516129032,1.0,0.0,0.0
4898,0.7302631578947368,0.7529143178265985,0.5894736842105263,0.6962962962962963,0.972972972972973,0.5465116279069767,0.9591836734693877,0.0,0.04081632653061183
4899,0.9407894736842105,0.8728075823261651,0.7058823529411765,0.9502762430939227,0.9622641509433962,0.9347826086956522,0.9662921348314607,0.0,0.03370786516853914
4900,0.9177631578947368,0.924023900142461,0.8854166666666666,0.9070631970260223,0.9795918367346939,0.8472222222222222,0.976,0.0,0.02399999999999981
4901,0.9013157894736842,0.9012393468176979,0.8535031847133758,0.8888888888888888,0.9613259668508287,0.8275862068965517,0.96,0.0,0.03999999999999968
4902,0.8881578947368421,0.8929777466542173,0.8529411764705882,0.8482142857142857,0.9777777777777777,0.753968253968254,0.9693877551020408,0.0,0.030612244897958874
4903,0.9177631578947368,0.8460932235837305,0.6206896551724138,0.9391727493917275,0.9784172661870504,0.8935185185185185,0.9897435897435898,0.0,0.010256410256410204
4904,0.9177631578947368,0.9241863502499932,0.9172932330827067,0.9140893470790378,0.9411764705882353,0.8580645161290322,0.9779411764705882,0.0,0.022058823529411603
4905,0.9111842105263158,0.9054801697939509,0.8661417322834646,0.8949416342412452,0.9553571428571429,0.8582089552238806,0.9349593495934959,0.0,0.06504065040650354
4906,0.7664473684210527,0.7850772218410819,0.6519337016574586,0.7760252365930599,0.9272727272727272,0.6542553191489362,0.9534883720930233,0.0,0.04651162790697638
4907,0.8486842105263158,0.8182940833202652,0.6776859504132231,0.8050847457627118,0.9721115537848606,0.6985294117647058,0.95,0.0,0.0499999999999995
4908,0.8980263157894737,0.8870987066599024,0.8031496062992126,0.8872727272727273,0.970873786407767,0.8187919463087249,0.9682539682539683,0.0,0.031746031746031494
4909,0.9901315789473685,0.9914077483697737,1.0,0.9924050632911392,0.9818181818181818,0.9949238578680203,0.98989898989899,0.0,0.01010101010101005
4910,0.9375,0.9369415889712327,0.9219858156028369,0.9288389513108615,0.96,0.9051094890510949,0.9538461538461539,0.0,0.0461538461538458
4911,0.9046052631578947,0.9064140312459502,0.9116279069767442,0.8625592417061612,0.945054945054945,0.8125,0.9191919191919192,0.0,0.08080808080808
4912,0.8026315789473685,0.7998550639481364,0.6709677419354839,0.7777777777777778,0.9508196721311475,0.6687898089171974,0.9292035398230089,0.0,0.07079646017699052
4913,0.9375,0.9367177999546451,0.9056603773584906,0.924901185770751,0.9795918367346939,0.8796992481203008,0.975,0.0,0.024999999999999793
4914,0.8782894736842105,0.8699779355458839,0.7647058823529411,0.872852233676976,0.9723756906077348,0.7987421383647799,0.9621212121212122,0.0,0.037878787878787595
4915,0.7796052631578947,0.7800593641597825,0.6666666666666666,0.7196652719665272,0.9538461538461539,0.5850340136054422,0.9347826086956522,0.0,0.06521739130434712
4916,0.875,0.8062431243124312,0.5714285714285714,0.8869047619047619,0.9603960396039604,0.8232044198895028,0.9612903225806452,0.0,0.03870967741935459
4917,0.9868421052631579,0.9864778151115706,0.9863013698630136,0.9811320754716981,0.992,0.9811320754716981,0.9811320754716981,0.0,0.01886792452830171
4918,0.9111842105263158,0.9226758122977546,0.8847926267281107,0.8996282527881041,0.9836065573770492,0.8287671232876712,0.983739837398374,0.0,0.016260162601625886
4919,0.8848684210526315,0.8717976121182769,0.7605633802816901,0.8594377510040161,0.9953917050691244,0.7588652482269503,0.9907407407407407,0.0,0.009259259259259174
4920,0.8355263157894737,0.8474192140806472,0.7628865979381443,0.8046875,0.9746835443037974,0.6866666666666666,0.9716981132075472,0.0,0.028301886792452564
4921,0.8651315789473685,0.8426197175289594,0.7027027027027027,0.8681672025723473,0.956989247311828,0.7941176470588235,0.9574468085106383,0.0,0.0425531914893614
4922,0.868421052631579,0.8806826263309938,0.8061224489795918,0.849624060150376,0.9863013698630136,0.7483443708609272,0.9826086956521739,0.0,0.017391304347825938
4923,0.8421052631578947,0.8292540708193332,0.6986301369863014,0.808,0.9811320754716981,0.6917808219178082,0.9711538461538461,0.0,0.02884615384615357
4924,0.9078947368421053,0.8973537318364905,0.8727272727272727,0.8461538461538461,0.9731800766283525,0.7777777777777778,0.927710843373494,0.0,0.07228915662650516
4925,0.9506578947368421,0.87223872568795,0.6666666666666666,0.9664429530201343,0.9836065573770492,0.9432314410480349,0.9908256880733946,0.0,0.009174311926605463
4926,0.8388157894736842,0.8414733420332093,0.7468354430379747,0.8473520249221184,0.9302325581395349,0.768361581920904,0.9444444444444444,0.0,0.05555555555555517
4927,0.9539473684210527,0.9401829624072685,0.8837209302325582,0.9583333333333334,0.978494623655914,0.936046511627907,0.9817073170731707,0.0,0.018292682926829156
4928,0.9342105263157895,0.9411107726672759,0.8979591836734694,0.9253731343283582,1.0,0.8611111111111112,1.0,0.0,0.0
4929,0.9638157894736842,0.9647018956133252,0.9299363057324841,0.9641693811074918,1.0,0.9308176100628931,1.0,0.0,0.0
4930,0.9539473684210527,0.9552491154350701,0.9468085106382979,0.940677966101695,0.9782608695652174,0.9098360655737705,0.9736842105263158,0.0,0.02631578947368398
4931,0.9736842105263158,0.966645820304357,0.9512195121951219,0.9487179487179487,1.0,0.9024390243902439,1.0,0.0,0.0
4932,0.9013157894736842,0.9070121951219513,0.8125,0.9085365853658537,1.0,0.8324022346368715,1.0,0.0,0.0
4933,0.8585526315789473,0.8664966721968664,0.8210526315789474,0.8365019011406845,0.9419354838709677,0.7534246575342466,0.9401709401709402,0.0,0.05982905982905932
4934,0.8223684210526315,0.8396422314136954,0.8097165991902834,0.7610619469026548,0.9481481481481482,0.6417910447761194,0.9347826086956522,0.0,0.06521739130434712
4935,0.9243421052631579,0.9194914051352544,0.8909090909090909,0.9187279151943463,0.9488372093023256,0.896551724137931,0.9420289855072463,0.0,0.05797101449275321
4936,0.8256578947368421,0.8343958730720574,0.782608695652174,0.8417910447761194,0.8787878787878788,0.75,0.9591836734693877,0.0,0.04081632653061197
4937,0.9046052631578947,0.8322133344145527,0.6206896551724138,0.9042904290429042,0.97165991902834,0.85625,0.958041958041958,0.0,0.04195804195804167
4938,0.9539473684210527,0.875525619604567,0.6857142857142857,0.9513888888888888,0.9894736842105263,0.9194630872483222,0.9856115107913669,0.0,0.01438848920863299
4939,0.9671052631578947,0.9437830687830688,0.8611111111111112,0.9702380952380952,1.0,0.9421965317919075,1.0,0.0,0.0
4940,0.9046052631578947,0.8981138647222284,0.7819548872180451,0.9123867069486404,1.0,0.8388888888888889,1.0,0.0,0.0
4941,0.8947368421052632,0.8969677733341798,0.847457627118644,0.9101123595505618,0.9333333333333333,0.8481675392670157,0.9818181818181818,0.0,0.018181818181818073
4942,0.944078947368421,0.9445523993650972,0.9299363057324841,0.9363295880149812,0.967391304347826,0.9057971014492754,0.9689922480620154,0.0,0.031007751937984256
4943,0.7796052631578947,0.7846541346993332,0.6598984771573604,0.6940639269406392,1.0,0.5314685314685315,1.0,0.0,0.0
4944,0.9177631578947368,0.9124301721075915,0.8833333333333333,0.924924924924925,0.9290322580645162,0.9058823529411765,0.9447852760736196,0.0,0.05521472392638003
4945,0.9769736842105263,0.9765842678535268,0.9787234042553191,0.9780564263322884,0.972972972972973,0.9811320754716981,0.975,0.0,0.024999999999999845
4946,0.8881578947368421,0.8647505909719312,0.7378640776699029,0.8950617283950617,0.9613259668508287,0.8333333333333334,0.9666666666666667,0.0,0.03333333333333311
4947,0.9078947368421053,0.906542737848496,0.8571428571428571,0.9135802469135802,0.948905109489051,0.8654970760233918,0.9673202614379085,0.0,0.03267973856209129
4948,0.9210526315789473,0.8687628161312372,0.6842105263157895,0.922077922077922,1.0,0.8554216867469879,1.0,0.0,0.0
4949,0.9111842105263158,0.8969553967711364,0.8064516129032258,0.8981132075471698,0.9863013698630136,0.8321678321678322,0.9754098360655737,0.0,0.024590163934426028
4950,0.8552631578947368,0.7632356425157129,0.42857142857142855,0.8905472636815921,0.9705882352941176,0.8136363636363636,0.9835164835164835,0.0,0.016483516483516394
4951,0.8717105263157895,0.8878289167828917,0.8368200836820083,0.8266666666666667,1.0,0.7045454545454546,1.0,0.0,0.0
4952,0.9835526315789473,0.9863109764649781,1.0,0.9803921568627451,0.9785407725321889,0.984251968503937,0.9765625,0.0,0.02343749999999982
4953,0.9375,0.8597026653923755,0.6511627906976745,0.947945205479452,0.98,0.9153439153439153,0.9829545454545454,0.0,0.01704545454545445
4954,0.881578947368421,0.8811777920410783,0.8157894736842105,0.8902439024390244,0.9375,0.8342857142857143,0.954248366013072,0.0,0.04575163398692781
4955,0.8157894736842105,0.8385120034604571,0.711340206185567,0.8041958041958042,1.0,0.672514619883041,1.0,0.0,0.0
4956,0.9177631578947368,0.9187369890586554,0.9223744292237442,0.8768472906403941,0.956989247311828,0.8240740740740741,0.9368421052631579,0.0,0.06315789473684144
4957,0.7927631578947368,0.7698265125446747,0.7532467532467533,0.5827814569536424,0.9734513274336283,0.43137254901960786,0.8979591836734694,0.0,0.10204081632652852
4958,0.9506578947368421,0.9530814706835115,0.9125,0.956268221574344,0.9904761904761905,0.9213483146067416,0.9939393939393939,0.0,0.006060606060606024
4959,0.9078947368421053,0.8896267942996916,0.8037383177570093,0.9282051282051282,0.9369369369369369,0.8916256157635468,0.9679144385026738,0.0,0.03208556149732603
4960,1.0,1.0,1.0,1.0,1.0,1.0,1.0,0.0,0.0
4961,0.9407894736842105,0.9398766615768853,0.912751677852349,0.9333333333333333,0.9735449735449735,0.8936170212765957,0.9767441860465116,0.0,0.02325581395348819
4962,0.9605263157894737,0.9518207282913166,0.9142857142857143,0.9411764705882353,1.0,0.8888888888888888,1.0,0.0,0.0
4963,0.8585526315789473,0.8449450115312018,0.7272727272727273,0.8259109311740891,0.981651376146789,0.7183098591549296,0.9714285714285714,0.0,0.0285714285714283
4964,0.9111842105263158,0.8996256615464051,0.7874015748031497,0.9114754098360656,1.0,0.8373493975903614,1.0,0.0,0.0
4965,0.875,0.8780246913580246,0.81,0.8240740740740741,1.0,0.7007874015748031,1.0,0.0,0.0
4966,0.9605263157894737,0.9413835379163157,0.8705882352941177,0.9577464788732394,0.99581589958159,0.918918918918919,1.0,0.0,0.0
4967,0.8782894736842105,0.8627395549199791,0.7916666666666666,0.8794788273615635,0.9170731707317074,0.8544303797468354,0.9060402684563759,0.0,0.09395973154362354
4968,0.9144736842105263,0.9113178329738268,0.8613138686131386,0.9155844155844156,0.9570552147239264,0.8757763975155279,0.9591836734693877,0.0,0.04081632653061197
4969,0.9342105263157895,0.9370731035021841,0.9180327868852459,0.9242424242424242,0.968944099378882,0.8776978417266187,0.976,0.0,0.02399999999999981
4970,0.8980263157894737,0.87760500603432,0.8099173553719008,0.8516746411483254,0.9712230215827338,0.7739130434782608,0.9468085106382979,0.0,0.053191489361701566
4971,0.875,0.8768887026951543,0.7532467532467533,0.8774193548387097,1.0,0.7816091954022989,1.0,0.0,0.0
4972,0.9901315789473685,0.9880385010746658,0.975609756097561,0.9885057471264368,1.0,0.9772727272727273,1.0,0.0,0.0
4973,0.8782894736842105,0.8691419722703562,0.762589928057554,0.8654545454545455,0.979381443298969,0.7727272727272727,0.9834710743801653,0.0,0.016528925619834576
4974,0.9276315789473685,0.9155999217067919,0.8307692307692308,0.916030534351145,1.0,0.8450704225352113,1.0,0.0,0.0
4975,0.9375,0.9207219281689348,0.845360824742268,0.9351535836177475,0.981651376146789,0.8954248366013072,0.9785714285714285,0.0,0.021428571428571276
4976,0.9013157894736842,0.8869352905524922,0.7796610169491526,0.9246231155778895,0.9565217391304348,0.8720379146919431,0.983957219251337,0.0,0.016042780748663017
4977,0.875,0.8610938812431349,0.746268656716418,0.8560606060606061,0.9809523809523809,0.7583892617449665,0.9826086956521739,0.0,0.017391304347825938
4978,0.9342105263157895,0.9335292655466363,0.87248322147651,0.934640522875817,0.9934640522875817,0.8827160493827161,0.9930555555555556,0.0,0.006944444444444396
4979,0.9539473684210527,0.9502468986474758,0.9147286821705426,0.952054794520548,0.983957219251337,0.9205298013245033,0.9858156028368794,0.0,0.014184397163120468
4980,0.9342105263157895,0.9098329566414672,0.8131868131868132,0.9290780141843972,0.9872340425531915,0.8791946308724832,0.9849624060150376,0.0,0.015037593984962294
4981,0.8980263157894737,0.8916431014944027,0.8055555555555556,0.8847583643122676,0.9846153846153847,0.8040540540540541,0.9834710743801653,0.0,0.016528925619834576
4982,0.9638157894736842,0.9594746583773922,0.9172932330827067,0.9611307420494699,1.0,0.9251700680272109,1.0,0.0,0.0
4983,0.8881578947368421,0.875133547008547,0.734375,0.8910256410256411,1.0,0.8034682080924855,1.0,0.0,0.0
4984,0.881578947368421,0.8350824587706147,0.6086956521739131,0.896551724137931,1.0,0.8125,1.0,0.0,0.0
4985,0.8453947368421053,0.7794200056038106,0.5301204819277109,0.8438538205980066,0.9642857142857143,0.7559523809523809,0.9548872180451128,0.0,0.04511278195488688
4986,0.8717105263157895,0.8754434675835082,0.7770700636942676,0.8862973760932945,0.9629629629629629,0.8085106382978723,0.9806451612903225,0.0,0.019354838709677295
4987,0.8947368421052632,0.912156862745098,0.8431372549019608,0.8933333333333333,1.0,0.8072289156626506,1.0,0.0,0.0
4988,0.8881578947368421,0.8892958892958892,0.8131868131868132,0.8547008547008547,1.0,0.746268656716418,1.0,0.0,0.0
4989,0.881578947368421,0.8715276708210377,0.7702702702702703,0.8536585365853658,0.9906542056074766,0.75,0.9905660377358491,0.0,0.009433962264150855
4990,0.9046052631578947,0.8642478755623938,0.7160493827160493,0.903010033444816,0.9736842105263158,0.8490566037735849,0.9642857142857143,0.0,0.03571428571428546
4991,0.881578947368421,0.8784745255912411,0.8536585365853658,0.8348623853211009,0.9469026548672567,0.7711864406779662,0.91,0.0,0.08999999999999911
4992,0.9375,0.9189436570270731,0.8409090909090909,0.9473684210526315,0.9685534591194969,0.9193548387096774,0.9771428571428571,0.0,0.02285714285714273
4993,0.944078947368421,0.939445456385347,0.8740740740740741,0.9442622950819672,1.0,0.8944099378881988,1.0,0.0,0.0
4994,0.9144736842105263,0.8244068424002992,0.5769230769230769,0.9115646258503401,0.9847328244274809,0.8535031847133758,0.9781021897810219,0.0,0.021897810218977944
4995,0.9605263157894737,0.952336928608115,0.8909090909090909,0.9661016949152542,1.0,0.9344262295081968,1.0,0.0,0.0
4996,0.8717105263157895,0.8109637488947833,0.5977011494252874,0.8505747126436781,0.9846153846153847,0.7551020408163265,0.9736842105263158,0.0,0.02631578947368398
4997,0.8947368421052632,0.8610090831158379,0.7070707070707071,0.8896551724137931,0.9863013698630136,0.8164556962025317,0.9772727272727273,0.0,0.022727272727272554
4998,0.9671052631578947,0.9717214563449982,1.0,0.9695121951219512,0.9456521739130435,0.9875776397515528,0.9520958083832335,0.0,0.04790419161676618
4999,0.868421052631579,0.8716454104989136,0.8121212121212121,0.8601398601398601,0.9426751592356688,0.7884615384615384,0.9461538461538461,0.0,0.05384615384615343
