canonical_path,data_level,dataset,task,method,seed,rows,columns,source_path,source_sha256,canonical_sha256,status,transformation,intended_use,notes
paper_data/00_metadata/DATA_DICTIONARY.md,documentation,,,,,NA,NA,,,3ee332d8688440d343a7f083f2e6ee396128934eb074b9c565a612f91f141e0d,DERIVED,generated by build_paper_data.py,provenance and usage,
paper_data/00_metadata/Q_DEFINITIONS.md,definition,PHM2010,D1/C6,,,NA,NA,,,c7d8d30222259ebdcdf971a6cdea698fadee684570d8c70481e6908d1693dacf,DERIVED,curated from frozen preprocessing and audited lifecycle data,normative q/VB/relative-life definitions for Fig.5,
paper_data/00_metadata/datasets.csv,metadata,,,,,3,8,,,fca6ae37f5afa1ee40652740179faefcd9ed074d2bd6e8216b6888e41f06ea6c,DERIVED,curated from audited protocols,data dictionary,
paper_data/00_metadata/experiment_protocols.csv,metadata,,,,,6,5,,,04d2beb1d4453b6c816b4c6de43174748a18cef477a0c7f01d0cec5eedf73080,DERIVED,curated from audited protocols,data dictionary,
paper_data/00_metadata/methods.csv,metadata,,,,,9,5,,,9c47a14c0bd3cff60ea420092b98b61ae07f701c81176e500a40e8318a1261cc,DERIVED,curated from audited protocols,data dictionary,
paper_data/00_metadata/metrics.csv,metadata,,,,,9,4,,,5fc5fa7b8d878d44ac405bea8100719b0b246295e1a40c57d12ee86ab620129e,DERIVED,curated from audited protocols,data dictionary,
paper_data/00_metadata/tasks.csv,metadata,,,,,10,6,,,d23369123e23ca46b928998bc1bbcaba4d6ec0b29e35eed7dc877bd40b4e0c1c,DERIVED,curated from audited protocols,data dictionary,
paper_data/01_PHM2010/01_main_D1/D1_9methods_bootstrap_CI.csv,summary,PHM2010,D1,,,9,18,final_statistical_evidence/results/D1_MAIN_BOOTSTRAP_CI.csv,28388ba9014dcc23d361752dfee3b4ed3b7f21c968b8ce390911e035ff7b622e,28388ba9014dcc23d361752dfee3b4ed3b7f21c968b8ce390911e035ff7b622e,AUTHORITATIVE,none,PHM2010 D1 main comparison and bootstrap CI,
paper_data/01_PHM2010/01_main_D1/D1_common_universe_manifest.csv,manifest,PHM2010,D1,,,9,4,final_statistical_evidence/predictions_common_universe/D1_MANIFEST.csv,4c2cc3b0edd1c0be34d17eac0756f75e4a8e8fa05df46ba300d9d82814ff939b,4c2cc3b0edd1c0be34d17eac0756f75e4a8e8fa05df46ba300d9d82814ff939b,AUTHORITATIVE,none,,
paper_data/01_PHM2010/01_main_D1/bootstrap/dc_psr/bootstrap_config.json,bootstrap,PHM2010,D1,dc_psr,,NA,NA,final_statistical_evidence/bootstrap/dc_psr/bootstrap_config.json,f6d2cb69ee16c244f0b4b215fb30783d3b6dab34cca6ce9c0825bf3ae4764e31,f6d2cb69ee16c244f0b4b215fb30783d3b6dab34cca6ce9c0825bf3ae4764e31,AUTHORITATIVE,none,,
paper_data/01_PHM2010/01_main_D1/bootstrap/dc_psr/bootstrap_samples.csv,bootstrap,PHM2010,D1,dc_psr,,5000,10,final_statistical_evidence/bootstrap/dc_psr/bootstrap_samples.csv,25e960633c35e4a1097442f53f2ca14cd2dafd03f115d967992bbfa0f841219e,25e960633c35e4a1097442f53f2ca14cd2dafd03f115d967992bbfa0f841219e,AUTHORITATIVE,none,,
paper_data/01_PHM2010/01_main_D1/bootstrap/dc_psr/bootstrap_summary.csv,bootstrap,PHM2010,D1,dc_psr,,9,8,final_statistical_evidence/bootstrap/dc_psr/bootstrap_summary.csv,fb8ad37fe0d670ff0fee5d7e39e362526facc90c68f77aba3d6365e9da4b3302,fb8ad37fe0d670ff0fee5d7e39e362526facc90c68f77aba3d6365e9da4b3302,AUTHORITATIVE,none,,
paper_data/01_PHM2010/01_main_D1/bootstrap/dp2net_adapted/bootstrap_config.json,bootstrap,PHM2010,D1,dp2net_adapted,,NA,NA,final_statistical_evidence/bootstrap/dp2net_adapted/bootstrap_config.json,6d0cb3502e6f0772e7a841604d38d59e5b83ae4cba0354b81b1d0bf00592afa7,6d0cb3502e6f0772e7a841604d38d59e5b83ae4cba0354b81b1d0bf00592afa7,AUTHORITATIVE,none,,
paper_data/01_PHM2010/01_main_D1/bootstrap/dp2net_adapted/bootstrap_samples.csv,bootstrap,PHM2010,D1,dp2net_adapted,,5000,10,final_statistical_evidence/bootstrap/dp2net_adapted/bootstrap_samples.csv,47603597df8d842419a1ed68b0ef372a42a275862211bcfca2e33bfff5fc5d3e,47603597df8d842419a1ed68b0ef372a42a275862211bcfca2e33bfff5fc5d3e,AUTHORITATIVE,none,,
paper_data/01_PHM2010/01_main_D1/bootstrap/dp2net_adapted/bootstrap_summary.csv,bootstrap,PHM2010,D1,dp2net_adapted,,9,8,final_statistical_evidence/bootstrap/dp2net_adapted/bootstrap_summary.csv,136b31bd5935d0ab37bfb14a9a67e8aed63a74893bb4e283d8c7499b14162477,136b31bd5935d0ab37bfb14a9a67e8aed63a74893bb4e283d8c7499b14162477,AUTHORITATIVE,none,,
paper_data/01_PHM2010/01_main_D1/bootstrap/dynamic_gin_tgp/bootstrap_config.json,bootstrap,PHM2010,D1,dynamic_gin_tgp,,NA,NA,final_statistical_evidence/bootstrap/dynamic_gin_tgp/bootstrap_config.json,b8c9a60bb00327e19c07c5b0e754ba88f89564e0bc99333113285beafb9325c3,b8c9a60bb00327e19c07c5b0e754ba88f89564e0bc99333113285beafb9325c3,AUTHORITATIVE,none,,
paper_data/01_PHM2010/01_main_D1/bootstrap/dynamic_gin_tgp/bootstrap_samples.csv,bootstrap,PHM2010,D1,dynamic_gin_tgp,,5000,10,final_statistical_evidence/bootstrap/dynamic_gin_tgp/bootstrap_samples.csv,ee313f4fb20c928c2ecde9a100eb9a9097f03d8068f41c8f8c62f494c9bdd62e,ee313f4fb20c928c2ecde9a100eb9a9097f03d8068f41c8f8c62f494c9bdd62e,AUTHORITATIVE,none,,
paper_data/01_PHM2010/01_main_D1/bootstrap/dynamic_gin_tgp/bootstrap_summary.csv,bootstrap,PHM2010,D1,dynamic_gin_tgp,,9,8,final_statistical_evidence/bootstrap/dynamic_gin_tgp/bootstrap_summary.csv,9304486674440fd2f6bb5412e01816a95eae3236327a35978522037942242552,9304486674440fd2f6bb5412e01816a95eae3236327a35978522037942242552,AUTHORITATIVE,none,,
paper_data/01_PHM2010/01_main_D1/bootstrap/htt_net/bootstrap_config.json,bootstrap,PHM2010,D1,htt_net,,NA,NA,final_statistical_evidence/bootstrap/htt_net/bootstrap_config.json,63248a9627f1bd300ada919cba7c916973696605360beee49320edd22d9142fd,63248a9627f1bd300ada919cba7c916973696605360beee49320edd22d9142fd,AUTHORITATIVE,none,,
paper_data/01_PHM2010/01_main_D1/bootstrap/htt_net/bootstrap_samples.csv,bootstrap,PHM2010,D1,htt_net,,5000,10,final_statistical_evidence/bootstrap/htt_net/bootstrap_samples.csv,ca04a9152cbd7916f8009b0008965730eccb63615ef6efbea752fddcd928385e,ca04a9152cbd7916f8009b0008965730eccb63615ef6efbea752fddcd928385e,AUTHORITATIVE,none,,
paper_data/01_PHM2010/01_main_D1/bootstrap/htt_net/bootstrap_summary.csv,bootstrap,PHM2010,D1,htt_net,,9,8,final_statistical_evidence/bootstrap/htt_net/bootstrap_summary.csv,a780383152999888cf6b8c9202e6f2b50665764acb6ef51e7a3b2f8130b68c7e,a780383152999888cf6b8c9202e6f2b50665764acb6ef51e7a3b2f8130b68c7e,AUTHORITATIVE,none,,
paper_data/01_PHM2010/01_main_D1/bootstrap/mtf_avitk/bootstrap_config.json,bootstrap,PHM2010,D1,mtf_avitk,,NA,NA,final_statistical_evidence/bootstrap/mtf_avitk/bootstrap_config.json,3a8b3b31052bbd7873c34e16975325e6db9f38b61e2b21f1eb7bd8997012a516,3a8b3b31052bbd7873c34e16975325e6db9f38b61e2b21f1eb7bd8997012a516,AUTHORITATIVE,none,,
paper_data/01_PHM2010/01_main_D1/bootstrap/mtf_avitk/bootstrap_samples.csv,bootstrap,PHM2010,D1,mtf_avitk,,5000,10,final_statistical_evidence/bootstrap/mtf_avitk/bootstrap_samples.csv,dc617e7087c0ae2e11c77a99e16282634777b682675b3a26d13365905b7bfa62,dc617e7087c0ae2e11c77a99e16282634777b682675b3a26d13365905b7bfa62,AUTHORITATIVE,none,,
paper_data/01_PHM2010/01_main_D1/bootstrap/mtf_avitk/bootstrap_summary.csv,bootstrap,PHM2010,D1,mtf_avitk,,9,8,final_statistical_evidence/bootstrap/mtf_avitk/bootstrap_summary.csv,efd344602330d1226b1702b7ab7ce42fdaa098d7beda285a3b8ac521d31b6b32,efd344602330d1226b1702b7ab7ce42fdaa098d7beda285a3b8ac521d31b6b32,AUTHORITATIVE,none,,
paper_data/01_PHM2010/01_main_D1/bootstrap/multi_source_attention/bootstrap_config.json,bootstrap,PHM2010,D1,multi_source_attention,,NA,NA,final_statistical_evidence/bootstrap/multi_source_attention/bootstrap_config.json,a4e2b8eb7640e63047d982e6128e69566b301ccc7768f2761547aeafb2cea049,a4e2b8eb7640e63047d982e6128e69566b301ccc7768f2761547aeafb2cea049,AUTHORITATIVE,none,,
paper_data/01_PHM2010/01_main_D1/bootstrap/multi_source_attention/bootstrap_samples.csv,bootstrap,PHM2010,D1,multi_source_attention,,5000,10,final_statistical_evidence/bootstrap/multi_source_attention/bootstrap_samples.csv,6b56394f81e052f093ed7c9d909972189df8344d3e708380dc5e8d5512211347,6b56394f81e052f093ed7c9d909972189df8344d3e708380dc5e8d5512211347,AUTHORITATIVE,none,,
paper_data/01_PHM2010/01_main_D1/bootstrap/multi_source_attention/bootstrap_summary.csv,bootstrap,PHM2010,D1,multi_source_attention,,9,8,final_statistical_evidence/bootstrap/multi_source_attention/bootstrap_summary.csv,796d698fcce3e4f3dd6516e76d000a5443ea9fbaacd58fa4ee53ed4e30e279b2,796d698fcce3e4f3dd6516e76d000a5443ea9fbaacd58fa4ee53ed4e30e279b2,AUTHORITATIVE,none,,
paper_data/01_PHM2010/01_main_D1/bootstrap/multitask_tcn_gru/bootstrap_config.json,bootstrap,PHM2010,D1,multitask_tcn_gru,,NA,NA,final_statistical_evidence/bootstrap/multitask_tcn_gru/bootstrap_config.json,4d134fb754c11bd36d6a7ad1f983d2c3bb6b7f416308612192f7b2d92d72ebb1,4d134fb754c11bd36d6a7ad1f983d2c3bb6b7f416308612192f7b2d92d72ebb1,AUTHORITATIVE,none,,
paper_data/01_PHM2010/01_main_D1/bootstrap/multitask_tcn_gru/bootstrap_samples.csv,bootstrap,PHM2010,D1,multitask_tcn_gru,,5000,10,final_statistical_evidence/bootstrap/multitask_tcn_gru/bootstrap_samples.csv,73cc224d933d31946d1a8f31c087ea515a37cb5e0d9b540f3ebdac378f4e9c79,73cc224d933d31946d1a8f31c087ea515a37cb5e0d9b540f3ebdac378f4e9c79,AUTHORITATIVE,none,,
paper_data/01_PHM2010/01_main_D1/bootstrap/multitask_tcn_gru/bootstrap_summary.csv,bootstrap,PHM2010,D1,multitask_tcn_gru,,9,8,final_statistical_evidence/bootstrap/multitask_tcn_gru/bootstrap_summary.csv,d37d5cd71e6f02e3e890c4000dc5a868ca96e6ad53019cc9c349f40d571205e1,d37d5cd71e6f02e3e890c4000dc5a868ca96e6ad53019cc9c349f40d571205e1,AUTHORITATIVE,none,,
paper_data/01_PHM2010/01_main_D1/bootstrap/rf/bootstrap_config.json,bootstrap,PHM2010,D1,rf,,NA,NA,final_statistical_evidence/bootstrap/rf/bootstrap_config.json,fdb6e0880cfdbc091e41479d90132ad5c91fc5abaa4ee5b467db4463192285b6,fdb6e0880cfdbc091e41479d90132ad5c91fc5abaa4ee5b467db4463192285b6,AUTHORITATIVE,none,,
paper_data/01_PHM2010/01_main_D1/bootstrap/rf/bootstrap_samples.csv,bootstrap,PHM2010,D1,rf,,5000,10,final_statistical_evidence/bootstrap/rf/bootstrap_samples.csv,a955ef5864dc64f01b592381817cfdd5cfbe70c37f41f29072c5555d59f15156,a955ef5864dc64f01b592381817cfdd5cfbe70c37f41f29072c5555d59f15156,AUTHORITATIVE,none,,
paper_data/01_PHM2010/01_main_D1/bootstrap/rf/bootstrap_summary.csv,bootstrap,PHM2010,D1,rf,,9,8,final_statistical_evidence/bootstrap/rf/bootstrap_summary.csv,4af535157088a995b3ba52b8401bdec53b164f3f872d10d11841cf707a0c71ee,4af535157088a995b3ba52b8401bdec53b164f3f872d10d11841cf707a0c71ee,AUTHORITATIVE,none,,
paper_data/01_PHM2010/01_main_D1/bootstrap/tcn_gru/bootstrap_config.json,bootstrap,PHM2010,D1,tcn_gru,,NA,NA,final_statistical_evidence/bootstrap/tcn_gru/bootstrap_config.json,764da53e7aa6ba50a781636102bc4e9286287991a22158e562a6cf2e43177a8c,764da53e7aa6ba50a781636102bc4e9286287991a22158e562a6cf2e43177a8c,AUTHORITATIVE,none,,
paper_data/01_PHM2010/01_main_D1/bootstrap/tcn_gru/bootstrap_samples.csv,bootstrap,PHM2010,D1,tcn_gru,,5000,10,final_statistical_evidence/bootstrap/tcn_gru/bootstrap_samples.csv,f2caf9893efb0fa8d1153b7699b6c04dae55487fe38c75c1db016b92cd3702c4,f2caf9893efb0fa8d1153b7699b6c04dae55487fe38c75c1db016b92cd3702c4,AUTHORITATIVE,none,,
paper_data/01_PHM2010/01_main_D1/bootstrap/tcn_gru/bootstrap_summary.csv,bootstrap,PHM2010,D1,tcn_gru,,9,8,final_statistical_evidence/bootstrap/tcn_gru/bootstrap_summary.csv,ae20ef241dd75a912e4c01b708c3c6d2a900226fb60b8d547065f2b27d872b93,ae20ef241dd75a912e4c01b708c3c6d2a900226fb60b8d547065f2b27d872b93,AUTHORITATIVE,none,,
paper_data/01_PHM2010/01_main_D1/predictions_common_universe/D1_dc_psr_304runs.csv,prediction_level,PHM2010,D1,dc_psr,,304,7,final_statistical_evidence/predictions_common_universe/D1_dc_psr_304runs.csv,eb22dd7488b3c9a745426b7874f50c340d41ebbe0d31a47bf3b804e7a9cc3bf3,eb22dd7488b3c9a745426b7874f50c340d41ebbe0d31a47bf3b804e7a9cc3bf3,AUTHORITATIVE,none,confusion matrix/bootstrap/error analysis,
paper_data/01_PHM2010/01_main_D1/predictions_common_universe/D1_dp2net_adapted_304runs.csv,prediction_level,PHM2010,D1,dp2net_adapted,,304,7,final_statistical_evidence/predictions_common_universe/D1_dp2net_adapted_304runs.csv,60f75ca3bfae66d3ec13d056adf5d6eeafcbdb672ca243e9d0c782002fa5957d,60f75ca3bfae66d3ec13d056adf5d6eeafcbdb672ca243e9d0c782002fa5957d,AUTHORITATIVE,none,confusion matrix/bootstrap/error analysis,
paper_data/01_PHM2010/01_main_D1/predictions_common_universe/D1_dynamic_gin_tgp_304runs.csv,prediction_level,PHM2010,D1,dynamic_gin_tgp,,304,7,final_statistical_evidence/predictions_common_universe/D1_dynamic_gin_tgp_304runs.csv,ebcba3781cdd5bf8027496736481b7687486e201a953bd4da42c1cc614a553d9,ebcba3781cdd5bf8027496736481b7687486e201a953bd4da42c1cc614a553d9,AUTHORITATIVE,none,confusion matrix/bootstrap/error analysis,
paper_data/01_PHM2010/01_main_D1/predictions_common_universe/D1_htt_net_304runs.csv,prediction_level,PHM2010,D1,htt_net,,304,7,final_statistical_evidence/predictions_common_universe/D1_htt_net_304runs.csv,143371851a8366a9ae85b64c9b5fdfaac3db7c933e4e194e7f4a0250ecda5e3f,143371851a8366a9ae85b64c9b5fdfaac3db7c933e4e194e7f4a0250ecda5e3f,AUTHORITATIVE,none,confusion matrix/bootstrap/error analysis,
paper_data/01_PHM2010/01_main_D1/predictions_common_universe/D1_mtf_avitk_304runs.csv,prediction_level,PHM2010,D1,mtf_avitk,,304,7,final_statistical_evidence/predictions_common_universe/D1_mtf_avitk_304runs.csv,55f98bc8de854d5ddce5fc0be5062d7e0dc812e182dcfff483bd2e3e65954c30,55f98bc8de854d5ddce5fc0be5062d7e0dc812e182dcfff483bd2e3e65954c30,AUTHORITATIVE,none,confusion matrix/bootstrap/error analysis,
paper_data/01_PHM2010/01_main_D1/predictions_common_universe/D1_multi_source_attention_304runs.csv,prediction_level,PHM2010,D1,multi_source_attention,,304,7,final_statistical_evidence/predictions_common_universe/D1_multi_source_attention_304runs.csv,f5f81d2f83b1ce1dbac0b7ea9d4814f49e64b2f6eb837406190dd4a505ff0525,f5f81d2f83b1ce1dbac0b7ea9d4814f49e64b2f6eb837406190dd4a505ff0525,AUTHORITATIVE,none,confusion matrix/bootstrap/error analysis,
paper_data/01_PHM2010/01_main_D1/predictions_common_universe/D1_multitask_tcn_gru_304runs.csv,prediction_level,PHM2010,D1,multitask_tcn_gru,,304,7,final_statistical_evidence/predictions_common_universe/D1_multitask_tcn_gru_304runs.csv,9b7dc1d79d11f9a94c36b37bf58d968ad80e4556e92a70377b991c3f4ee84700,9b7dc1d79d11f9a94c36b37bf58d968ad80e4556e92a70377b991c3f4ee84700,AUTHORITATIVE,none,confusion matrix/bootstrap/error analysis,
paper_data/01_PHM2010/01_main_D1/predictions_common_universe/D1_rf_304runs.csv,prediction_level,PHM2010,D1,rf,,304,7,final_statistical_evidence/predictions_common_universe/D1_rf_304runs.csv,34c1c1d05a9c1f20ade1964c788d25bcba5ae94b1bff1b9624163305ee19cc28,34c1c1d05a9c1f20ade1964c788d25bcba5ae94b1bff1b9624163305ee19cc28,AUTHORITATIVE,none,confusion matrix/bootstrap/error analysis,
paper_data/01_PHM2010/01_main_D1/predictions_common_universe/D1_tcn_gru_304runs.csv,prediction_level,PHM2010,D1,tcn_gru,,304,7,final_statistical_evidence/predictions_common_universe/D1_tcn_gru_304runs.csv,68feb9ce89ea6af187453d7385535f26b3bd5986adff17a2265ba944b93ab407,68feb9ce89ea6af187453d7385535f26b3bd5986adff17a2265ba944b93ab407,AUTHORITATIVE,none,confusion matrix/bootstrap/error analysis,
paper_data/01_PHM2010/02_cross_condition_D1_D2_D3/README.md,documentation,,,,,NA,NA,,,4d18ad201a5234e44fcbb073fc461791acdc3f1f20067d18b2627417ebb91c0a,DERIVED,generated by build_paper_data.py,provenance and usage,
paper_data/01_PHM2010/02_cross_condition_D1_D2_D3/predictions/D2/dc_psr/config.yaml,protocol,PHM2010,D2,dc_psr,,NA,NA,final_statistical_evidence/transfer_tasks/D2/dc_psr/config.yaml,751497e012dd9c8ce1981ec34eb369ad322b091f6b4f38db585491c6bbbc81e6,751497e012dd9c8ce1981ec34eb369ad322b091f6b4f38db585491c6bbbc81e6,CANONICAL_COPY,none,frozen training configuration provenance only,
paper_data/01_PHM2010/02_cross_condition_D1_D2_D3/predictions/D2/dc_psr/metrics.json,derived_metric,PHM2010,D2,dc_psr,,NA,NA,paper_data/01_PHM2010/02_cross_condition_D1_D2_D3/predictions/D2/dc_psr/predictions.csv,ccda5d9e5c0d4250dbdbdb83d861cf0f16ba3bf1441ae51581b1ec208e576bc4,90390f0b4b42806986ce7caba18b70436c05cdab615bfc4e2d30ac63b4a4925a,AUTHORITATIVE,recompute classification and sequence metrics on ordered 304-run predictions,D2/D3 frozen common-universe metrics,inputs=paper_data/01_PHM2010/02_cross_condition_D1_D2_D3/predictions/D2/dc_psr/predictions.csv
paper_data/01_PHM2010/02_cross_condition_D1_D2_D3/predictions/D2/dc_psr/predictions.csv,prediction_level,PHM2010,D2,dc_psr,,304,7,final_statistical_evidence/transfer_tasks/D2/dc_psr/predictions.csv,0890b63277a922aa4fccee0849a28271071eb7abc7252f1749ecbf8fa449a399,ccda5d9e5c0d4250dbdbdb83d861cf0f16ba3bf1441ae51581b1ec208e576bc4,AUTHORITATIVE,filter existing predictions to run_id 12..315; no inference or training,D2/D3 common-universe metric recomputation,source_n=304; raw_signal_method=false inputs=final_statistical_evidence/transfer_tasks/D2/dc_psr/predictions.csv
paper_data/01_PHM2010/02_cross_condition_D1_D2_D3/predictions/D2/dp2net_adapted/config.yaml,protocol,PHM2010,D2,dp2net_adapted,,NA,NA,final_statistical_evidence/transfer_tasks/D2/dp2net_adapted/config.yaml,ed4ccaac0d29a6e4de8a817e7fe4918383dae6741c6f6101a364fed65cd0a964,ed4ccaac0d29a6e4de8a817e7fe4918383dae6741c6f6101a364fed65cd0a964,CANONICAL_COPY,none,frozen training configuration provenance only,
paper_data/01_PHM2010/02_cross_condition_D1_D2_D3/predictions/D2/dp2net_adapted/metrics.json,derived_metric,PHM2010,D2,dp2net_adapted,,NA,NA,paper_data/01_PHM2010/02_cross_condition_D1_D2_D3/predictions/D2/dp2net_adapted/predictions.csv,5d20d46c9b34df9dbdda51e5099fccab5e74bc56a19d0e3529112fbd800948d5,14e298c53b9ed36c73cfeab9273f1045b71cfd01c06e5765b5b6cc1e64cbc792,AUTHORITATIVE,recompute classification and sequence metrics on ordered 304-run predictions,D2/D3 frozen common-universe metrics,inputs=paper_data/01_PHM2010/02_cross_condition_D1_D2_D3/predictions/D2/dp2net_adapted/predictions.csv
paper_data/01_PHM2010/02_cross_condition_D1_D2_D3/predictions/D2/dp2net_adapted/predictions.csv,prediction_level,PHM2010,D2,dp2net_adapted,,304,7,final_statistical_evidence/transfer_tasks/D2/dp2net_adapted/predictions.csv,752b695a3551b24b83f23e68fd5616afe796c17e8ed2fbfb2c727751757b93e7,5d20d46c9b34df9dbdda51e5099fccab5e74bc56a19d0e3529112fbd800948d5,AUTHORITATIVE,filter existing predictions to run_id 12..315; no inference or training,D2/D3 common-universe metric recomputation,source_n=315; raw_signal_method=true inputs=final_statistical_evidence/transfer_tasks/D2/dp2net_adapted/predictions.csv
paper_data/01_PHM2010/02_cross_condition_D1_D2_D3/predictions/D2/dynamic_gin_tgp/config.yaml,protocol,PHM2010,D2,dynamic_gin_tgp,,NA,NA,final_statistical_evidence/transfer_tasks/D2/dynamic_gin_tgp/config.yaml,6d8c355f1a82253ce5cf853bee167a2b6008dd9f0606a15be2091e1dcb5375a4,6d8c355f1a82253ce5cf853bee167a2b6008dd9f0606a15be2091e1dcb5375a4,CANONICAL_COPY,none,frozen training configuration provenance only,
paper_data/01_PHM2010/02_cross_condition_D1_D2_D3/predictions/D2/dynamic_gin_tgp/metrics.json,derived_metric,PHM2010,D2,dynamic_gin_tgp,,NA,NA,paper_data/01_PHM2010/02_cross_condition_D1_D2_D3/predictions/D2/dynamic_gin_tgp/predictions.csv,50385764020d262d585a7473e2e727f9f34016832206ae69d0d2f5f05c057980,980a9263f84a74948f727e858315d363b7cd056c0565cb0bc43ae8235f472378,AUTHORITATIVE,recompute classification and sequence metrics on ordered 304-run predictions,D2/D3 frozen common-universe metrics,inputs=paper_data/01_PHM2010/02_cross_condition_D1_D2_D3/predictions/D2/dynamic_gin_tgp/predictions.csv
paper_data/01_PHM2010/02_cross_condition_D1_D2_D3/predictions/D2/dynamic_gin_tgp/predictions.csv,prediction_level,PHM2010,D2,dynamic_gin_tgp,,304,7,final_statistical_evidence/transfer_tasks/D2/dynamic_gin_tgp/predictions.csv,0cc3379809e187e3e39a0b2aca14a466f38d6e40022c574ddaa456e0fabe3d19,50385764020d262d585a7473e2e727f9f34016832206ae69d0d2f5f05c057980,AUTHORITATIVE,filter existing predictions to run_id 12..315; no inference or training,D2/D3 common-universe metric recomputation,source_n=315; raw_signal_method=true inputs=final_statistical_evidence/transfer_tasks/D2/dynamic_gin_tgp/predictions.csv
paper_data/01_PHM2010/02_cross_condition_D1_D2_D3/predictions/D2/htt_net/config.yaml,protocol,PHM2010,D2,htt_net,,NA,NA,final_statistical_evidence/transfer_tasks/D2/htt_net/config.yaml,764d0c00da1443abfa8f2d897f3723bd671879c2753d8020e43545b3d0e55550,764d0c00da1443abfa8f2d897f3723bd671879c2753d8020e43545b3d0e55550,CANONICAL_COPY,none,frozen training configuration provenance only,
paper_data/01_PHM2010/02_cross_condition_D1_D2_D3/predictions/D2/htt_net/metrics.json,derived_metric,PHM2010,D2,htt_net,,NA,NA,paper_data/01_PHM2010/02_cross_condition_D1_D2_D3/predictions/D2/htt_net/predictions.csv,ace9d279da88009204558f44b53b44c4a7bda6a55d5b8883455e26e9fcc07062,14f8586f0bbc1093384c19a81e219a6f12529dca8c39d99ba7556a4f21ef3e22,AUTHORITATIVE,recompute classification and sequence metrics on ordered 304-run predictions,D2/D3 frozen common-universe metrics,inputs=paper_data/01_PHM2010/02_cross_condition_D1_D2_D3/predictions/D2/htt_net/predictions.csv
paper_data/01_PHM2010/02_cross_condition_D1_D2_D3/predictions/D2/htt_net/predictions.csv,prediction_level,PHM2010,D2,htt_net,,304,7,final_statistical_evidence/transfer_tasks/D2/htt_net/predictions.csv,c847392e5882c43b9caf4326bb0f82e8fa8978b018377cafbef15f88edc3df9f,ace9d279da88009204558f44b53b44c4a7bda6a55d5b8883455e26e9fcc07062,AUTHORITATIVE,filter existing predictions to run_id 12..315; no inference or training,D2/D3 common-universe metric recomputation,source_n=304; raw_signal_method=false inputs=final_statistical_evidence/transfer_tasks/D2/htt_net/predictions.csv
paper_data/01_PHM2010/02_cross_condition_D1_D2_D3/predictions/D2/mtf_avitk/config.yaml,protocol,PHM2010,D2,mtf_avitk,,NA,NA,final_statistical_evidence/transfer_tasks/D2/mtf_avitk/config.yaml,6917322b8cb8ffe749f1f806d1f7c2dc95ac383580a3ca1ef927d01012ff6dce,6917322b8cb8ffe749f1f806d1f7c2dc95ac383580a3ca1ef927d01012ff6dce,CANONICAL_COPY,none,frozen training configuration provenance only,
paper_data/01_PHM2010/02_cross_condition_D1_D2_D3/predictions/D2/mtf_avitk/metrics.json,derived_metric,PHM2010,D2,mtf_avitk,,NA,NA,paper_data/01_PHM2010/02_cross_condition_D1_D2_D3/predictions/D2/mtf_avitk/predictions.csv,ef7f7f14019ffb1b876e10909db87d776acad500e29f049213b8b6e203784d73,4dfe817c5da8095212ed3a91b695dc87be983f4d17b251c84e62370153e7166e,AUTHORITATIVE,recompute classification and sequence metrics on ordered 304-run predictions,D2/D3 frozen common-universe metrics,inputs=paper_data/01_PHM2010/02_cross_condition_D1_D2_D3/predictions/D2/mtf_avitk/predictions.csv
paper_data/01_PHM2010/02_cross_condition_D1_D2_D3/predictions/D2/mtf_avitk/predictions.csv,prediction_level,PHM2010,D2,mtf_avitk,,304,7,final_statistical_evidence/transfer_tasks/D2/mtf_avitk/predictions.csv,e7bb374ce71ad4b020b658f619a586171da3d7070df9a66ae5fe2fae704c650c,ef7f7f14019ffb1b876e10909db87d776acad500e29f049213b8b6e203784d73,AUTHORITATIVE,filter existing predictions to run_id 12..315; no inference or training,D2/D3 common-universe metric recomputation,source_n=315; raw_signal_method=true inputs=final_statistical_evidence/transfer_tasks/D2/mtf_avitk/predictions.csv
paper_data/01_PHM2010/02_cross_condition_D1_D2_D3/predictions/D2/multi_source_attention/config.yaml,protocol,PHM2010,D2,multi_source_attention,,NA,NA,final_statistical_evidence/transfer_tasks/D2/multi_source_attention/config.yaml,286f88c97ab9b0660dafa638d549af1dd5a2c8c7dd588693347d0f7fb60b0da3,286f88c97ab9b0660dafa638d549af1dd5a2c8c7dd588693347d0f7fb60b0da3,CANONICAL_COPY,none,frozen training configuration provenance only,
paper_data/01_PHM2010/02_cross_condition_D1_D2_D3/predictions/D2/multi_source_attention/metrics.json,derived_metric,PHM2010,D2,multi_source_attention,,NA,NA,paper_data/01_PHM2010/02_cross_condition_D1_D2_D3/predictions/D2/multi_source_attention/predictions.csv,2f216881cbcf95f9d2be335e56c5c5cead55f4371c8bc881d02f4503d8c7d022,e5603395d448474e13d098c736a24ca39efb717c6ab086e4014a3eae0b5e46c8,AUTHORITATIVE,recompute classification and sequence metrics on ordered 304-run predictions,D2/D3 frozen common-universe metrics,inputs=paper_data/01_PHM2010/02_cross_condition_D1_D2_D3/predictions/D2/multi_source_attention/predictions.csv
paper_data/01_PHM2010/02_cross_condition_D1_D2_D3/predictions/D2/multi_source_attention/predictions.csv,prediction_level,PHM2010,D2,multi_source_attention,,304,7,final_statistical_evidence/transfer_tasks/D2/multi_source_attention/predictions.csv,fa6373f817b25ff7a22daf6a8a965d77226ab93e00f942f2e2cbb67c2c369d6a,2f216881cbcf95f9d2be335e56c5c5cead55f4371c8bc881d02f4503d8c7d022,AUTHORITATIVE,filter existing predictions to run_id 12..315; no inference or training,D2/D3 common-universe metric recomputation,source_n=315; raw_signal_method=true inputs=final_statistical_evidence/transfer_tasks/D2/multi_source_attention/predictions.csv
paper_data/01_PHM2010/02_cross_condition_D1_D2_D3/predictions/D2/multitask_tcn_gru/config.yaml,protocol,PHM2010,D2,multitask_tcn_gru,,NA,NA,final_statistical_evidence/transfer_tasks/D2/multitask_tcn_gru/config.yaml,ecc25c20e936c7086688a2ee11de8cdd0ce3c1a05b3a69d3aa8464c637e4c51f,ecc25c20e936c7086688a2ee11de8cdd0ce3c1a05b3a69d3aa8464c637e4c51f,CANONICAL_COPY,none,frozen training configuration provenance only,
paper_data/01_PHM2010/02_cross_condition_D1_D2_D3/predictions/D2/multitask_tcn_gru/metrics.json,derived_metric,PHM2010,D2,multitask_tcn_gru,,NA,NA,paper_data/01_PHM2010/02_cross_condition_D1_D2_D3/predictions/D2/multitask_tcn_gru/predictions.csv,eca6da05cce42487a08483df7ad598dca329e208961a17a149be0c7eda31d3cf,01776212c3488be85da999413e512bd76ed0924b6b2c326b22072bf71f2c0f74,AUTHORITATIVE,recompute classification and sequence metrics on ordered 304-run predictions,D2/D3 frozen common-universe metrics,inputs=paper_data/01_PHM2010/02_cross_condition_D1_D2_D3/predictions/D2/multitask_tcn_gru/predictions.csv
paper_data/01_PHM2010/02_cross_condition_D1_D2_D3/predictions/D2/multitask_tcn_gru/predictions.csv,prediction_level,PHM2010,D2,multitask_tcn_gru,,304,7,final_statistical_evidence/transfer_tasks/D2/multitask_tcn_gru/predictions.csv,72d42e0e880c2fab9498e580cb338c823295e5b75e846bd03d2c58096acacd0b,eca6da05cce42487a08483df7ad598dca329e208961a17a149be0c7eda31d3cf,AUTHORITATIVE,filter existing predictions to run_id 12..315; no inference or training,D2/D3 common-universe metric recomputation,source_n=304; raw_signal_method=false inputs=final_statistical_evidence/transfer_tasks/D2/multitask_tcn_gru/predictions.csv
paper_data/01_PHM2010/02_cross_condition_D1_D2_D3/predictions/D2/rf/config.yaml,protocol,PHM2010,D2,rf,,NA,NA,final_statistical_evidence/transfer_tasks/D2/rf/config.yaml,0ec827d11b3ce791f3d839c3dac96391b2d249391573908674b0303df54b7356,0ec827d11b3ce791f3d839c3dac96391b2d249391573908674b0303df54b7356,CANONICAL_COPY,none,frozen training configuration provenance only,
paper_data/01_PHM2010/02_cross_condition_D1_D2_D3/predictions/D2/rf/metrics.json,derived_metric,PHM2010,D2,rf,,NA,NA,paper_data/01_PHM2010/02_cross_condition_D1_D2_D3/predictions/D2/rf/predictions.csv,7d469af1cbe10ab943c4cdf0b4727d19e0f5568a544dc553bd820782b75937d5,9daac85b21a95bb8174aa2ea5183ff4b8a643ec123238968720c12c9dd310a5a,AUTHORITATIVE,recompute classification and sequence metrics on ordered 304-run predictions,D2/D3 frozen common-universe metrics,inputs=paper_data/01_PHM2010/02_cross_condition_D1_D2_D3/predictions/D2/rf/predictions.csv
paper_data/01_PHM2010/02_cross_condition_D1_D2_D3/predictions/D2/rf/predictions.csv,prediction_level,PHM2010,D2,rf,,304,7,final_statistical_evidence/transfer_tasks/D2/rf/predictions.csv,df1c362e53b1cfcf2e77bab02f7fc921e27f2f57e1e985146639c50c407b68c6,7d469af1cbe10ab943c4cdf0b4727d19e0f5568a544dc553bd820782b75937d5,AUTHORITATIVE,filter existing predictions to run_id 12..315; no inference or training,D2/D3 common-universe metric recomputation,source_n=304; raw_signal_method=false inputs=final_statistical_evidence/transfer_tasks/D2/rf/predictions.csv
paper_data/01_PHM2010/02_cross_condition_D1_D2_D3/predictions/D2/tcn_gru/config.yaml,protocol,PHM2010,D2,tcn_gru,,NA,NA,final_statistical_evidence/transfer_tasks/D2/tcn_gru/config.yaml,cd6b86d6d010380167ff46d4c45540f8521aedd97d3924b667b4e2d89c1c8072,cd6b86d6d010380167ff46d4c45540f8521aedd97d3924b667b4e2d89c1c8072,CANONICAL_COPY,none,frozen training configuration provenance only,
paper_data/01_PHM2010/02_cross_condition_D1_D2_D3/predictions/D2/tcn_gru/metrics.json,derived_metric,PHM2010,D2,tcn_gru,,NA,NA,paper_data/01_PHM2010/02_cross_condition_D1_D2_D3/predictions/D2/tcn_gru/predictions.csv,5e0f6482e54d96f91938f5f05f8e70603d8b9963b922f2ea508dd404c992cf77,7066aed4cbdb156040c6646129bcbd4307a55cac3edca4732f02f9b4b1959c8b,AUTHORITATIVE,recompute classification and sequence metrics on ordered 304-run predictions,D2/D3 frozen common-universe metrics,inputs=paper_data/01_PHM2010/02_cross_condition_D1_D2_D3/predictions/D2/tcn_gru/predictions.csv
paper_data/01_PHM2010/02_cross_condition_D1_D2_D3/predictions/D2/tcn_gru/predictions.csv,prediction_level,PHM2010,D2,tcn_gru,,304,7,final_statistical_evidence/transfer_tasks/D2/tcn_gru/predictions.csv,affd2c9b2cb655ac4a9345414ccb771826702e04dde7427922ec3a5f082c4d80,5e0f6482e54d96f91938f5f05f8e70603d8b9963b922f2ea508dd404c992cf77,AUTHORITATIVE,filter existing predictions to run_id 12..315; no inference or training,D2/D3 common-universe metric recomputation,source_n=304; raw_signal_method=false inputs=final_statistical_evidence/transfer_tasks/D2/tcn_gru/predictions.csv
paper_data/01_PHM2010/02_cross_condition_D1_D2_D3/predictions/D3/dc_psr/config.yaml,protocol,PHM2010,D3,dc_psr,,NA,NA,final_statistical_evidence/transfer_tasks/D3/dc_psr/config.yaml,02d7e0ae632149c229c8706f7bcb350c7cf1f3e45f92884c3fe10e354e9cded4,02d7e0ae632149c229c8706f7bcb350c7cf1f3e45f92884c3fe10e354e9cded4,CANONICAL_COPY,none,frozen training configuration provenance only,
paper_data/01_PHM2010/02_cross_condition_D1_D2_D3/predictions/D3/dc_psr/metrics.json,derived_metric,PHM2010,D3,dc_psr,,NA,NA,paper_data/01_PHM2010/02_cross_condition_D1_D2_D3/predictions/D3/dc_psr/predictions.csv,a48f4f38949aa498102fd7c272b4fcd38e209d52d23910c61b938b60872847c6,0fccf1a870a60d9595f8eb390a23d555d34ac0f6f6f1a9e41c2b213876cc909e,AUTHORITATIVE,recompute classification and sequence metrics on ordered 304-run predictions,D2/D3 frozen common-universe metrics,inputs=paper_data/01_PHM2010/02_cross_condition_D1_D2_D3/predictions/D3/dc_psr/predictions.csv
paper_data/01_PHM2010/02_cross_condition_D1_D2_D3/predictions/D3/dc_psr/predictions.csv,prediction_level,PHM2010,D3,dc_psr,,304,7,final_statistical_evidence/transfer_tasks/D3/dc_psr/predictions.csv,cc00d72c7c07aba7d8e00a1047748f266031637966c4e8cb33f6e41a88b87bf5,a48f4f38949aa498102fd7c272b4fcd38e209d52d23910c61b938b60872847c6,AUTHORITATIVE,filter existing predictions to run_id 12..315; no inference or training,D2/D3 common-universe metric recomputation,source_n=304; raw_signal_method=false inputs=final_statistical_evidence/transfer_tasks/D3/dc_psr/predictions.csv
paper_data/01_PHM2010/02_cross_condition_D1_D2_D3/predictions/D3/dp2net_adapted/config.yaml,protocol,PHM2010,D3,dp2net_adapted,,NA,NA,final_statistical_evidence/transfer_tasks/D3/dp2net_adapted/config.yaml,b278768fb18c03c265acaba1570a2bbc6ce6db93c729fb091904432faec1dd7c,b278768fb18c03c265acaba1570a2bbc6ce6db93c729fb091904432faec1dd7c,CANONICAL_COPY,none,frozen training configuration provenance only,
paper_data/01_PHM2010/02_cross_condition_D1_D2_D3/predictions/D3/dp2net_adapted/metrics.json,derived_metric,PHM2010,D3,dp2net_adapted,,NA,NA,paper_data/01_PHM2010/02_cross_condition_D1_D2_D3/predictions/D3/dp2net_adapted/predictions.csv,9387323ed1dbd1e22665aaf3c8cc90cf4d6b7da0c385eedef15ad251ef731fc3,b964ee386211c05569419b25ff2372b963b06b8f546257321a5f30443987c49b,AUTHORITATIVE,recompute classification and sequence metrics on ordered 304-run predictions,D2/D3 frozen common-universe metrics,inputs=paper_data/01_PHM2010/02_cross_condition_D1_D2_D3/predictions/D3/dp2net_adapted/predictions.csv
paper_data/01_PHM2010/02_cross_condition_D1_D2_D3/predictions/D3/dp2net_adapted/predictions.csv,prediction_level,PHM2010,D3,dp2net_adapted,,304,7,final_statistical_evidence/transfer_tasks/D3/dp2net_adapted/predictions.csv,0e81832ec755a5a0d0cf322fecd32de5497dbf6dbc03eff8bb7e8451673b990e,9387323ed1dbd1e22665aaf3c8cc90cf4d6b7da0c385eedef15ad251ef731fc3,AUTHORITATIVE,filter existing predictions to run_id 12..315; no inference or training,D2/D3 common-universe metric recomputation,source_n=315; raw_signal_method=true inputs=final_statistical_evidence/transfer_tasks/D3/dp2net_adapted/predictions.csv
paper_data/01_PHM2010/02_cross_condition_D1_D2_D3/predictions/D3/dynamic_gin_tgp/config.yaml,protocol,PHM2010,D3,dynamic_gin_tgp,,NA,NA,final_statistical_evidence/transfer_tasks/D3/dynamic_gin_tgp/config.yaml,165550818194c5c9830ecda37854e2c3e19021f4521760bd92bcc40badc89ffd,165550818194c5c9830ecda37854e2c3e19021f4521760bd92bcc40badc89ffd,CANONICAL_COPY,none,frozen training configuration provenance only,
paper_data/01_PHM2010/02_cross_condition_D1_D2_D3/predictions/D3/dynamic_gin_tgp/metrics.json,derived_metric,PHM2010,D3,dynamic_gin_tgp,,NA,NA,paper_data/01_PHM2010/02_cross_condition_D1_D2_D3/predictions/D3/dynamic_gin_tgp/predictions.csv,a60dc0abcf233f451f184a202d6599fe10ee1a481a464b919c57459b62261225,7a6cd7c2de145d042be0b2289cdabb22e29f869ea7beacaeac998ae9bed581ec,AUTHORITATIVE,recompute classification and sequence metrics on ordered 304-run predictions,D2/D3 frozen common-universe metrics,inputs=paper_data/01_PHM2010/02_cross_condition_D1_D2_D3/predictions/D3/dynamic_gin_tgp/predictions.csv
paper_data/01_PHM2010/02_cross_condition_D1_D2_D3/predictions/D3/dynamic_gin_tgp/predictions.csv,prediction_level,PHM2010,D3,dynamic_gin_tgp,,304,7,final_statistical_evidence/transfer_tasks/D3/dynamic_gin_tgp/predictions.csv,db4359867ef01896f75c88892b05a9560c321efd4d06a8e1e88990ccefe62ed0,a60dc0abcf233f451f184a202d6599fe10ee1a481a464b919c57459b62261225,AUTHORITATIVE,filter existing predictions to run_id 12..315; no inference or training,D2/D3 common-universe metric recomputation,source_n=315; raw_signal_method=true inputs=final_statistical_evidence/transfer_tasks/D3/dynamic_gin_tgp/predictions.csv
paper_data/01_PHM2010/02_cross_condition_D1_D2_D3/predictions/D3/htt_net/config.yaml,protocol,PHM2010,D3,htt_net,,NA,NA,final_statistical_evidence/transfer_tasks/D3/htt_net/config.yaml,0ccff2398079e035068b587b629662fe31b999bba46c39c554c99412942b7855,0ccff2398079e035068b587b629662fe31b999bba46c39c554c99412942b7855,CANONICAL_COPY,none,frozen training configuration provenance only,
paper_data/01_PHM2010/02_cross_condition_D1_D2_D3/predictions/D3/htt_net/metrics.json,derived_metric,PHM2010,D3,htt_net,,NA,NA,paper_data/01_PHM2010/02_cross_condition_D1_D2_D3/predictions/D3/htt_net/predictions.csv,8b4511d8a99e25c7676b3dfb262ad8dac59518d6c6059f6906a792d38a45ff6b,d20d1d15968555ee942c8601d8ef7ededdfe34197f84dffaec02b6b4ae996794,AUTHORITATIVE,recompute classification and sequence metrics on ordered 304-run predictions,D2/D3 frozen common-universe metrics,inputs=paper_data/01_PHM2010/02_cross_condition_D1_D2_D3/predictions/D3/htt_net/predictions.csv
paper_data/01_PHM2010/02_cross_condition_D1_D2_D3/predictions/D3/htt_net/predictions.csv,prediction_level,PHM2010,D3,htt_net,,304,7,final_statistical_evidence/transfer_tasks/D3/htt_net/predictions.csv,f601bc9a912b036acfb71dc046291bd7f821f2c856be021722aac1e4d2b631ee,8b4511d8a99e25c7676b3dfb262ad8dac59518d6c6059f6906a792d38a45ff6b,AUTHORITATIVE,filter existing predictions to run_id 12..315; no inference or training,D2/D3 common-universe metric recomputation,source_n=304; raw_signal_method=false inputs=final_statistical_evidence/transfer_tasks/D3/htt_net/predictions.csv
paper_data/01_PHM2010/02_cross_condition_D1_D2_D3/predictions/D3/mtf_avitk/config.yaml,protocol,PHM2010,D3,mtf_avitk,,NA,NA,final_statistical_evidence/transfer_tasks/D3/mtf_avitk/config.yaml,93f3d5b1ff23150634af1bcab07af839f23871d14efb9ea813442a21a77014b7,93f3d5b1ff23150634af1bcab07af839f23871d14efb9ea813442a21a77014b7,CANONICAL_COPY,none,frozen training configuration provenance only,
paper_data/01_PHM2010/02_cross_condition_D1_D2_D3/predictions/D3/mtf_avitk/metrics.json,derived_metric,PHM2010,D3,mtf_avitk,,NA,NA,paper_data/01_PHM2010/02_cross_condition_D1_D2_D3/predictions/D3/mtf_avitk/predictions.csv,1312e91b7cfab7bbd94ed42f38d973417224d6b4f23d5abfaab23ba624693081,28de2762be41725b9eb62d42e65b62d2a6f6ccefde0cade8d98c03508566431b,AUTHORITATIVE,recompute classification and sequence metrics on ordered 304-run predictions,D2/D3 frozen common-universe metrics,inputs=paper_data/01_PHM2010/02_cross_condition_D1_D2_D3/predictions/D3/mtf_avitk/predictions.csv
paper_data/01_PHM2010/02_cross_condition_D1_D2_D3/predictions/D3/mtf_avitk/predictions.csv,prediction_level,PHM2010,D3,mtf_avitk,,304,7,final_statistical_evidence/transfer_tasks/D3/mtf_avitk/predictions.csv,8e34bd85e48fdd854bc7e59e9e7a2d7a56179886586faa7b4ab3ed40605cb0f3,1312e91b7cfab7bbd94ed42f38d973417224d6b4f23d5abfaab23ba624693081,AUTHORITATIVE,filter existing predictions to run_id 12..315; no inference or training,D2/D3 common-universe metric recomputation,source_n=315; raw_signal_method=true inputs=final_statistical_evidence/transfer_tasks/D3/mtf_avitk/predictions.csv
paper_data/01_PHM2010/02_cross_condition_D1_D2_D3/predictions/D3/multi_source_attention/config.yaml,protocol,PHM2010,D3,multi_source_attention,,NA,NA,final_statistical_evidence/transfer_tasks/D3/multi_source_attention/config.yaml,eabf9455c3f32efece378e1db18aab29943562e9920015bf1aa9ae22e73e0416,eabf9455c3f32efece378e1db18aab29943562e9920015bf1aa9ae22e73e0416,CANONICAL_COPY,none,frozen training configuration provenance only,
paper_data/01_PHM2010/02_cross_condition_D1_D2_D3/predictions/D3/multi_source_attention/metrics.json,derived_metric,PHM2010,D3,multi_source_attention,,NA,NA,paper_data/01_PHM2010/02_cross_condition_D1_D2_D3/predictions/D3/multi_source_attention/predictions.csv,1efc64f6d556893af450a94e2916d7ab64d47963c8c1cca7df467219fcc9092c,be2bb1d64560e332a656228297232d0758c6b86fa231c4aba5548108b0033c3f,AUTHORITATIVE,recompute classification and sequence metrics on ordered 304-run predictions,D2/D3 frozen common-universe metrics,inputs=paper_data/01_PHM2010/02_cross_condition_D1_D2_D3/predictions/D3/multi_source_attention/predictions.csv
paper_data/01_PHM2010/02_cross_condition_D1_D2_D3/predictions/D3/multi_source_attention/predictions.csv,prediction_level,PHM2010,D3,multi_source_attention,,304,7,final_statistical_evidence/transfer_tasks/D3/multi_source_attention/predictions.csv,a5de2365a6809d04a353875c8ea1ef0a725bb4a0178bfe4280e6f89a1ef265ba,1efc64f6d556893af450a94e2916d7ab64d47963c8c1cca7df467219fcc9092c,AUTHORITATIVE,filter existing predictions to run_id 12..315; no inference or training,D2/D3 common-universe metric recomputation,source_n=315; raw_signal_method=true inputs=final_statistical_evidence/transfer_tasks/D3/multi_source_attention/predictions.csv
paper_data/01_PHM2010/02_cross_condition_D1_D2_D3/predictions/D3/multitask_tcn_gru/config.yaml,protocol,PHM2010,D3,multitask_tcn_gru,,NA,NA,final_statistical_evidence/transfer_tasks/D3/multitask_tcn_gru/config.yaml,57c1908c6a55f18896a555cb4c04aceebdf20c2ef1ec47c946e4c063d13f4fb0,57c1908c6a55f18896a555cb4c04aceebdf20c2ef1ec47c946e4c063d13f4fb0,CANONICAL_COPY,none,frozen training configuration provenance only,
paper_data/01_PHM2010/02_cross_condition_D1_D2_D3/predictions/D3/multitask_tcn_gru/metrics.json,derived_metric,PHM2010,D3,multitask_tcn_gru,,NA,NA,paper_data/01_PHM2010/02_cross_condition_D1_D2_D3/predictions/D3/multitask_tcn_gru/predictions.csv,dc9316a6dad698f97b01dded715d7ef0762866513c28dc8af824827abc5f1784,1793a74fcfc326b6fbfe339e6dc28a749e8f1dbf0baa0927cd9c43d7fc8f2bba,AUTHORITATIVE,recompute classification and sequence metrics on ordered 304-run predictions,D2/D3 frozen common-universe metrics,inputs=paper_data/01_PHM2010/02_cross_condition_D1_D2_D3/predictions/D3/multitask_tcn_gru/predictions.csv
paper_data/01_PHM2010/02_cross_condition_D1_D2_D3/predictions/D3/multitask_tcn_gru/predictions.csv,prediction_level,PHM2010,D3,multitask_tcn_gru,,304,7,final_statistical_evidence/transfer_tasks/D3/multitask_tcn_gru/predictions.csv,6de139a869dff00688f0fc6755c1bea9a793fe742572d1694d36d8a625fa9eb6,dc9316a6dad698f97b01dded715d7ef0762866513c28dc8af824827abc5f1784,AUTHORITATIVE,filter existing predictions to run_id 12..315; no inference or training,D2/D3 common-universe metric recomputation,source_n=304; raw_signal_method=false inputs=final_statistical_evidence/transfer_tasks/D3/multitask_tcn_gru/predictions.csv
paper_data/01_PHM2010/02_cross_condition_D1_D2_D3/predictions/D3/rf/config.yaml,protocol,PHM2010,D3,rf,,NA,NA,final_statistical_evidence/transfer_tasks/D3/rf/config.yaml,832ab57cb4909d1f2a44aa4cb0d9a6c5f28e00491023edd9a280091c62aae067,832ab57cb4909d1f2a44aa4cb0d9a6c5f28e00491023edd9a280091c62aae067,CANONICAL_COPY,none,frozen training configuration provenance only,
paper_data/01_PHM2010/02_cross_condition_D1_D2_D3/predictions/D3/rf/metrics.json,derived_metric,PHM2010,D3,rf,,NA,NA,paper_data/01_PHM2010/02_cross_condition_D1_D2_D3/predictions/D3/rf/predictions.csv,48b9d34c9bf242254e762b20fec379d9b37dfae7973dd1aca530c5b72b4f56b9,57cfbb4606504c87071af1f1e8dd0eb9e5fbcf3172002028149013cedecd7c48,AUTHORITATIVE,recompute classification and sequence metrics on ordered 304-run predictions,D2/D3 frozen common-universe metrics,inputs=paper_data/01_PHM2010/02_cross_condition_D1_D2_D3/predictions/D3/rf/predictions.csv
paper_data/01_PHM2010/02_cross_condition_D1_D2_D3/predictions/D3/rf/predictions.csv,prediction_level,PHM2010,D3,rf,,304,7,final_statistical_evidence/transfer_tasks/D3/rf/predictions.csv,bef89bf5c86098d5e05501952fcbf239f273eb7285858eb01a0836fb14ab5d32,48b9d34c9bf242254e762b20fec379d9b37dfae7973dd1aca530c5b72b4f56b9,AUTHORITATIVE,filter existing predictions to run_id 12..315; no inference or training,D2/D3 common-universe metric recomputation,source_n=304; raw_signal_method=false inputs=final_statistical_evidence/transfer_tasks/D3/rf/predictions.csv
paper_data/01_PHM2010/02_cross_condition_D1_D2_D3/predictions/D3/tcn_gru/config.yaml,protocol,PHM2010,D3,tcn_gru,,NA,NA,final_statistical_evidence/transfer_tasks/D3/tcn_gru/config.yaml,20a1ffab874bf5f65703e472c60e3e7bf343881802465ef95b2b237397dbc053,20a1ffab874bf5f65703e472c60e3e7bf343881802465ef95b2b237397dbc053,CANONICAL_COPY,none,frozen training configuration provenance only,
paper_data/01_PHM2010/02_cross_condition_D1_D2_D3/predictions/D3/tcn_gru/metrics.json,derived_metric,PHM2010,D3,tcn_gru,,NA,NA,paper_data/01_PHM2010/02_cross_condition_D1_D2_D3/predictions/D3/tcn_gru/predictions.csv,9b8c53fb359528bc05f44f5f6ee6c1856d4c8d18956c86a5c36ac5be975f668c,50f95fbcf5d6fbfe7ca2a790735da1b840bea40ddd6802276d7e824d0b40d5c1,AUTHORITATIVE,recompute classification and sequence metrics on ordered 304-run predictions,D2/D3 frozen common-universe metrics,inputs=paper_data/01_PHM2010/02_cross_condition_D1_D2_D3/predictions/D3/tcn_gru/predictions.csv
paper_data/01_PHM2010/02_cross_condition_D1_D2_D3/predictions/D3/tcn_gru/predictions.csv,prediction_level,PHM2010,D3,tcn_gru,,304,7,final_statistical_evidence/transfer_tasks/D3/tcn_gru/predictions.csv,2319e398bf008e3e3c011f8ef864ab213355b1fb61e73df524f7aa8306aca6a6,9b8c53fb359528bc05f44f5f6ee6c1856d4c8d18956c86a5c36ac5be975f668c,AUTHORITATIVE,filter existing predictions to run_id 12..315; no inference or training,D2/D3 common-universe metric recomputation,source_n=304; raw_signal_method=false inputs=final_statistical_evidence/transfer_tasks/D3/tcn_gru/predictions.csv
paper_data/01_PHM2010/02_cross_condition_D1_D2_D3/transfer_tasks_long.csv,task_level,PHM2010,,,,27,22,final_statistical_evidence/results/D1_MAIN_BOOTSTRAP_CI.csv;final_statistical_evidence/results/TRANSFER_TASKS_D1_D2_D3.csv;final_statistical_evidence/transfer_tasks/D2/rf/predictions.csv;final_statistical_evidence/transfer_tasks/D2/tcn_gru/predictions.csv;final_statistical_evidence/transfer_tasks/D2/multitask_tcn_gru/predictions.csv;final_statistical_evidence/transfer_tasks/D2/dc_psr/predictions.csv;final_statistical_evidence/transfer_tasks/D2/htt_net/predictions.csv;final_statistical_evidence/transfer_tasks/D2/multi_source_attention/predictions.csv;final_statistical_evidence/transfer_tasks/D2/mtf_avitk/predictions.csv;final_statistical_evidence/transfer_tasks/D2/dynamic_gin_tgp/predictions.csv;final_statistical_evidence/transfer_tasks/D2/dp2net_adapted/predictions.csv;final_statistical_evidence/transfer_tasks/D3/rf/predictions.csv;final_statistical_evidence/transfer_tasks/D3/tcn_gru/predictions.csv;final_statistical_evidence/transfer_tasks/D3/multitask_tcn_gru/predictions.csv;final_statistical_evidence/transfer_tasks/D3/dc_psr/predictions.csv;final_statistical_evidence/transfer_tasks/D3/htt_net/predictions.csv;final_statistical_evidence/transfer_tasks/D3/multi_source_attention/predictions.csv;final_statistical_evidence/transfer_tasks/D3/mtf_avitk/predictions.csv;final_statistical_evidence/transfer_tasks/D3/dynamic_gin_tgp/predictions.csv;final_statistical_evidence/transfer_tasks/D3/dp2net_adapted/predictions.csv,28388ba9014dcc23d361752dfee3b4ed3b7f21c968b8ce390911e035ff7b622e;786fd97e476e4a194635949d8480fa93776c80264cc3e7991bd2bb59ad1b64c0;df1c362e53b1cfcf2e77bab02f7fc921e27f2f57e1e985146639c50c407b68c6;affd2c9b2cb655ac4a9345414ccb771826702e04dde7427922ec3a5f082c4d80;72d42e0e880c2fab9498e580cb338c823295e5b75e846bd03d2c58096acacd0b;0890b63277a922aa4fccee0849a28271071eb7abc7252f1749ecbf8fa449a399;c847392e5882c43b9caf4326bb0f82e8fa8978b018377cafbef15f88edc3df9f;fa6373f817b25ff7a22daf6a8a965d77226ab93e00f942f2e2cbb67c2c369d6a;e7bb374ce71ad4b020b658f619a586171da3d7070df9a66ae5fe2fae704c650c;0cc3379809e187e3e39a0b2aca14a466f38d6e40022c574ddaa456e0fabe3d19;752b695a3551b24b83f23e68fd5616afe796c17e8ed2fbfb2c727751757b93e7;bef89bf5c86098d5e05501952fcbf239f273eb7285858eb01a0836fb14ab5d32;2319e398bf008e3e3c011f8ef864ab213355b1fb61e73df524f7aa8306aca6a6;6de139a869dff00688f0fc6755c1bea9a793fe742572d1694d36d8a625fa9eb6;cc00d72c7c07aba7d8e00a1047748f266031637966c4e8cb33f6e41a88b87bf5;f601bc9a912b036acfb71dc046291bd7f821f2c856be021722aac1e4d2b631ee;a5de2365a6809d04a353875c8ea1ef0a725bb4a0178bfe4280e6f89a1ef265ba;8e34bd85e48fdd854bc7e59e9e7a2d7a56179886586faa7b4ab3ed40605cb0f3;db4359867ef01896f75c88892b05a9560c321efd4d06a8e1e88990ccefe62ed0;0e81832ec755a5a0d0cf322fecd32de5497dbf6dbc03eff8bb7e8451673b990e,44f81d8584cd3d8c530fac260ded28cb1783d56fe7480607c3df13d91777e665,AUTHORITATIVE,D1 fixed official point estimates; D2/D3 recomputed on run_id 12..315,D1/D2/D3 common-universe cross-condition comparisons,inputs=final_statistical_evidence/results/D1_MAIN_BOOTSTRAP_CI.csv;final_statistical_evidence/results/TRANSFER_TASKS_D1_D2_D3.csv;final_statistical_evidence/transfer_tasks/D2/rf/predictions.csv;final_statistical_evidence/transfer_tasks/D2/tcn_gru/predictions.csv;final_statistical_evidence/transfer_tasks/D2/multitask_tcn_gru/predictions.csv;final_statistical_evidence/transfer_tasks/D2/dc_psr/predictions.csv;final_statistical_evidence/transfer_tasks/D2/htt_net/predictions.csv;final_statistical_evidence/transfer_tasks/D2/multi_source_attention/predictions.csv;final_statistical_evidence/transfer_tasks/D2/mtf_avitk/predictions.csv;final_statistical_evidence/transfer_tasks/D2/dynamic_gin_tgp/predictions.csv;final_statistical_evidence/transfer_tasks/D2/dp2net_adapted/predictions.csv;final_statistical_evidence/transfer_tasks/D3/rf/predictions.csv;final_statistical_evidence/transfer_tasks/D3/tcn_gru/predictions.csv;final_statistical_evidence/transfer_tasks/D3/multitask_tcn_gru/predictions.csv;final_statistical_evidence/transfer_tasks/D3/dc_psr/predictions.csv;final_statistical_evidence/transfer_tasks/D3/htt_net/predictions.csv;final_statistical_evidence/transfer_tasks/D3/multi_source_attention/predictions.csv;final_statistical_evidence/transfer_tasks/D3/mtf_avitk/predictions.csv;final_statistical_evidence/transfer_tasks/D3/dynamic_gin_tgp/predictions.csv;final_statistical_evidence/transfer_tasks/D3/dp2net_adapted/predictions.csv
paper_data/01_PHM2010/02_cross_condition_D1_D2_D3/transfer_tasks_mean_std.csv,summary,PHM2010,"D1,D2,D3",,,9,34,paper_data/01_PHM2010/02_cross_condition_D1_D2_D3/transfer_tasks_long.csv,44f81d8584cd3d8c530fac260ded28cb1783d56fe7480607c3df13d91777e665,a55fb473c9d0e3b37271dc3f701050955b62fa65ee3cc4b5ea6c6691fc3f3f85,DERIVED,mean and sample std across three common-304 task point estimates,descriptive across-task summary; never treated as seed uncertainty,inputs=paper_data/01_PHM2010/02_cross_condition_D1_D2_D3/transfer_tasks_long.csv
paper_data/01_PHM2010/03_ablation/A1_A6_AUTHORITATIVE.csv,summary,PHM2010,D1,,,6,11,figures/fig4_ablation/AUTHORITATIVE_A1_A6.csv,2bd8032f8e7e0261cd957cd9ed44381c58ebf781990e19fe2976eb13af6f2bd4,2bd8032f8e7e0261cd957cd9ed44381c58ebf781990e19fe2976eb13af6f2bd4,AUTHORITATIVE,none,only permitted Fig.4 and manuscript ablation input,
paper_data/01_PHM2010/03_ablation/A1_A6_RECOMPUTED_AUDIT.csv,audit,PHM2010,D1,,,72,6,figures/fig4_ablation/ABLATION_RECOMPUTED.csv,ffbeb6d2d0c153debad716f9a216cf74a739715145e31da564d15f79abc3571c,ffbeb6d2d0c153debad716f9a216cf74a739715145e31da564d15f79abc3571c,AUDIT_SUPPORTING,none,,
paper_data/01_PHM2010/03_ablation/ABLATION_DATA_AUDIT.md,audit,PHM2010,D1,,,NA,NA,figures/fig4_ablation/ABLATION_DATA_AUDIT.md,e8a98d86b6a044ab0937cb95325f4df1c96877d22cfb97d5f9c3594190a3cb45,e8a98d86b6a044ab0937cb95325f4df1c96877d22cfb97d5f9c3594190a3cb45,AUDIT_SUPPORTING,none,,
paper_data/01_PHM2010/03_ablation/README.md,documentation,,,,,NA,NA,,,f3d0d4a59f45965eb42983a4f8b16031eec26d6e22d2acc55fe129333b0511a1,DERIVED,generated by build_paper_data.py,provenance and usage,
paper_data/01_PHM2010/03_ablation/data_manifest.json,manifest,PHM2010,D1,,,NA,NA,figures/fig4_ablation/data_manifest.json,0cee048051aaa65f3fd72515b4da6b9f064d4a6113c980c94f36c273ad26c272,0cee048051aaa65f3fd72515b4da6b9f064d4a6113c980c94f36c273ad26c272,AUDIT_SUPPORTING,none,,
paper_data/01_PHM2010/04_semantics/C6_hidden_representation.csv,representation,PHM2010,D1/C6,,,304,79,补充材料/小论文/10_第五章顶刊风格可视化/figures_representation_space/repr_hidden_hct.csv,b259ac455887fe1b49e26afa54fe4f3e199a390623532210a1e0b16360ebb923,67829d426106a855de4b1bfadbcac06f7485473f51e2e3e5a2602fc173aee09a,AUTHORITATIVE,filter split=test_C6 and condition=C6; values unchanged,Fig.5 representation panel,inputs=补充材料/小论文/10_第五章顶刊风格可视化/figures_representation_space/repr_hidden_hct.csv
paper_data/01_PHM2010/04_semantics/C6_lifecycle_probability_wear.csv,prediction_level,PHM2010,D1/C6,,,304,13,补充材料/小论文/9_probability_wear_consistency_analysis/Data_5_4_A6_probability_wear_trajectory.csv,c20016d4479b6faa7de4a3f5205f2517c6b67d62f75d6f98daa07fd930102557,c20016d4479b6faa7de4a3f5205f2517c6b67d62f75d6f98daa07fd930102557,AUTHORITATIVE,none,,
paper_data/01_PHM2010/04_semantics/README.md,documentation,,,,,NA,NA,,,6d267e667e344658c1242ea835339dd72d4c2743d693c176c5b366e9fc0ee2a4,DERIVED,generated by build_paper_data.py,provenance and usage,
paper_data/01_PHM2010/04_semantics/q_statistics.csv,summary,PHM2010,D1/C6,,,1,8,paper_data/01_PHM2010/04_semantics/C6_lifecycle_probability_wear.csv,c20016d4479b6faa7de4a3f5205f2517c6b67d62f75d6f98daa07fd930102557,e9ad85675dc53a59b147a252fb8cf83f42f8997bbe3f06abd926bb8bb97cf608,DERIVED,direct recomputation from all q_true/q_pred pairs,Fig.5 q agreement,inputs=paper_data/01_PHM2010/04_semantics/C6_lifecycle_probability_wear.csv
paper_data/01_PHM2010/05_training_seed_sensitivity/FIXED_PREPROCESS_DIAGNOSTIC_REPORT.md,audit,PHM2010,D1,,,NA,NA,protocol_diagnostic_fixed_preprocess/FINAL_DIAGNOSTIC_REPORT.md,fef758df3b6c80bbb1e5bb45cdd9a57f3a571672fc827348f65f844b632db784,fef758df3b6c80bbb1e5bb45cdd9a57f3a571672fc827348f65f844b632db784,AUDIT_SUPPORTING,none,training-seed sensitivity audit only,Must not replace fixed official D1 point estimates or moving-block bootstrap CI.
paper_data/01_PHM2010/05_training_seed_sensitivity/FIXED_PREPROCESS_PROTOCOL.md,protocol,PHM2010,D1,,,NA,NA,protocol_diagnostic_fixed_preprocess/PROTOCOL.md,2945b40bc88014a84d70490014d0dab4fbacb38cf2ab4a2e7d6e03cc4fe0b9b0,2945b40bc88014a84d70490014d0dab4fbacb38cf2ab4a2e7d6e03cc4fe0b9b0,AUDIT_SUPPORTING,none,training-seed sensitivity audit only,Must not replace fixed official D1 point estimates or moving-block bootstrap CI.
paper_data/01_PHM2010/05_training_seed_sensitivity/ORIGINAL_5SEED_AUDIT.md,audit,PHM2010,D1,,,NA,NA,final_five_seed_sweep/AUDIT.md,b2834d12ca938402730177b4e3b0338b058f678516bbd477b0bd772f58b01f34,b2834d12ca938402730177b4e3b0338b058f678516bbd477b0bd772f58b01f34,AUDIT_SUPPORTING,none,training-seed sensitivity audit only,Must not replace fixed official D1 point estimates or moving-block bootstrap CI.
paper_data/01_PHM2010/05_training_seed_sensitivity/README.md,documentation,PHM2010,D1,,,NA,NA,,,3b42711975d8f987998be85c81efc7cea3e8e9e6781a901f8d28c76edc51225e,AUDIT_SUPPORTING,curated protocol boundary,prevent seed-sensitivity evidence from entering the main comparison,
paper_data/01_PHM2010/05_training_seed_sensitivity/fixed_preprocessing_seed_level.csv,seed_level,PHM2010,D1,,,25,14,protocol_diagnostic_fixed_preprocess/FIXED_PREPROCESS_5SEED.csv,c9173bcffa3cadf652e561e1976420927d4bb2446af1c1a9e448d81e5e5d0100,c9173bcffa3cadf652e561e1976420927d4bb2446af1c1a9e448d81e5e5d0100,AUDIT_SUPPORTING,none,training-seed sensitivity audit only,Must not replace fixed official D1 point estimates or moving-block bootstrap CI.
paper_data/01_PHM2010/05_training_seed_sensitivity/fixed_preprocessing_summary.csv,summary,PHM2010,D1,,,5,16,protocol_diagnostic_fixed_preprocess/FIXED_PREPROCESS_5SEED_SUMMARY.csv,46809a44b277cb27c3d27ef41fea020ac3d9c61051db6e1eadb5eef5cdfef87f,46809a44b277cb27c3d27ef41fea020ac3d9c61051db6e1eadb5eef5cdfef87f,AUDIT_SUPPORTING,none,training-seed sensitivity audit only,Must not replace fixed official D1 point estimates or moving-block bootstrap CI.
paper_data/01_PHM2010/05_training_seed_sensitivity/old_vs_fixed_preprocessing.csv,audit,PHM2010,D1,,,5,11,protocol_diagnostic_fixed_preprocess/OLD_VS_FIXED_PREPROCESS.csv,6044c102e58eab95fdebcd79ff4e094973b3e5005e3485ce1d109b7467e4d135,6044c102e58eab95fdebcd79ff4e094973b3e5005e3485ce1d109b7467e4d135,AUDIT_SUPPORTING,none,training-seed sensitivity audit only,Must not replace fixed official D1 point estimates or moving-block bootstrap CI.
paper_data/01_PHM2010/05_training_seed_sensitivity/original_5seed_seed_level.csv,seed_level,PHM2010,D1,,,45,19,final_five_seed_sweep/results/FINAL_9_METHODS_SEED_LEVEL.csv,fe7496c09f84960a94db5e96cc0ffd362c52793fda26540e667f6ed93eb6b47d,fe7496c09f84960a94db5e96cc0ffd362c52793fda26540e667f6ed93eb6b47d,AUDIT_SUPPORTING,none,training-seed sensitivity audit only,Must not replace fixed official D1 point estimates or moving-block bootstrap CI.
paper_data/01_PHM2010/05_training_seed_sensitivity/original_5seed_summary.csv,summary,PHM2010,D1,,,9,29,final_five_seed_sweep/results/FINAL_9_METHODS_5SEED.csv,15816cc4e41d6d0b887cd02e6636ef4df7a8254a6e552fe28529800886064706,15816cc4e41d6d0b887cd02e6636ef4df7a8254a6e552fe28529800886064706,AUDIT_SUPPORTING,none,training-seed sensitivity audit only,Must not replace fixed official D1 point estimates or moving-block bootstrap CI.
paper_data/02_NASA/README.md,documentation,,,,,NA,NA,,,6e30e2677255ce03d710d17c55e4ab7f794dd8456c46c5fe2796e442cb7255c4,DERIVED,generated by build_paper_data.py,provenance and usage,
paper_data/02_NASA/original_split_mean_std.csv,summary,NASA_MILLING,N1-N4,,,4,38,补充材料/小论文/nasa_dcpsr_results_stageaware_opt/Table_NASA_original_split_mean_std.csv,8c2713395678398664488bd2661e6933e41d4099eb723abb0bae396b1bb3d247,8c2713395678398664488bd2661e6933e41d4099eb723abb0bae396b1bb3d247,AUTHORITATIVE,none,original-split summary across N1-N4,
paper_data/02_NASA/predictions/Pred_NASA_original_N1_B10_seed2026.csv,prediction_level,NASA_MILLING,N1,B10,2026,30,10,补充材料/小论文/nasa_dcpsr_results_stageaware_opt/Pred_NASA_original_N1_B10_seed2026.csv,5cd93a27739142f5036f16cbde478f41f974555bb2f09186c953a813b8e12d1f,5cd93a27739142f5036f16cbde478f41f974555bb2f09186c953a813b8e12d1f,AUTHORITATIVE,none,,
paper_data/02_NASA/predictions/Pred_NASA_original_N1_B11_seed2026.csv,prediction_level,NASA_MILLING,N1,B11,2026,24,10,补充材料/小论文/nasa_dcpsr_results_stageaware_opt/Pred_NASA_original_N1_B11_seed2026.csv,de6e31dca5bb4456455fabea6bced290ccfaae4c05cf85f571cf98094c42024a,de6e31dca5bb4456455fabea6bced290ccfaae4c05cf85f571cf98094c42024a,AUTHORITATIVE,none,,
paper_data/02_NASA/predictions/Pred_NASA_original_N1_B12_seed2026.csv,prediction_level,NASA_MILLING,N1,B12,2026,24,10,补充材料/小论文/nasa_dcpsr_results_stageaware_opt/Pred_NASA_original_N1_B12_seed2026.csv,a33999ddd78261f362d80987c7835218a9366d1239b708e1226b803949a8f9fb,a33999ddd78261f362d80987c7835218a9366d1239b708e1226b803949a8f9fb,AUTHORITATIVE,none,,
paper_data/02_NASA/predictions/Pred_NASA_original_N1_B9_seed2026.csv,prediction_level,NASA_MILLING,N1,B9,2026,27,10,补充材料/小论文/nasa_dcpsr_results_stageaware_opt/Pred_NASA_original_N1_B9_seed2026.csv,f33af9988195e511e3fd48e79a1d4307f2e6be3e5ab391e914ce11a0bb9ea722,f33af9988195e511e3fd48e79a1d4307f2e6be3e5ab391e914ce11a0bb9ea722,AUTHORITATIVE,none,,
paper_data/02_NASA/predictions/Pred_NASA_original_N2_B10_seed2026.csv,prediction_level,NASA_MILLING,N2,B10,2026,34,10,补充材料/小论文/nasa_dcpsr_results_stageaware_opt/Pred_NASA_original_N2_B10_seed2026.csv,15a75efe2d88d7a54e39c2a7548a3d34099670e72da9fcbbe6780338a4492d5e,15a75efe2d88d7a54e39c2a7548a3d34099670e72da9fcbbe6780338a4492d5e,AUTHORITATIVE,none,,
paper_data/02_NASA/predictions/Pred_NASA_original_N2_B11_seed2026.csv,prediction_level,NASA_MILLING,N2,B11,2026,34,10,补充材料/小论文/nasa_dcpsr_results_stageaware_opt/Pred_NASA_original_N2_B11_seed2026.csv,bb44c105f392af532723a5af10c9a23b584f1f9c461a4a23e8c047dd6d3d1495,bb44c105f392af532723a5af10c9a23b584f1f9c461a4a23e8c047dd6d3d1495,AUTHORITATIVE,none,,
paper_data/02_NASA/predictions/Pred_NASA_original_N2_B12_seed2026.csv,prediction_level,NASA_MILLING,N2,B12,2026,34,10,补充材料/小论文/nasa_dcpsr_results_stageaware_opt/Pred_NASA_original_N2_B12_seed2026.csv,3368966caffb236dda9ca32132241ce808d5857e7e86a10ce3c5374c97e46aaa,3368966caffb236dda9ca32132241ce808d5857e7e86a10ce3c5374c97e46aaa,AUTHORITATIVE,none,,
paper_data/02_NASA/predictions/Pred_NASA_original_N2_B9_seed2026.csv,prediction_level,NASA_MILLING,N2,B9,2026,34,10,补充材料/小论文/nasa_dcpsr_results_stageaware_opt/Pred_NASA_original_N2_B9_seed2026.csv,5c6f74033bee00eb99b527307314be5c959169b662ce45f93cdddd42fccf8faf,5c6f74033bee00eb99b527307314be5c959169b662ce45f93cdddd42fccf8faf,AUTHORITATIVE,none,,
paper_data/02_NASA/predictions/Pred_NASA_original_N3_B10_seed2026.csv,prediction_level,NASA_MILLING,N3,B10,2026,27,10,补充材料/小论文/nasa_dcpsr_results_stageaware_opt/Pred_NASA_original_N3_B10_seed2026.csv,7fcfa9d44c137557ce86617fa5a9219d24ab3c28a7b95ccf40f114bdfd81eda0,7fcfa9d44c137557ce86617fa5a9219d24ab3c28a7b95ccf40f114bdfd81eda0,AUTHORITATIVE,none,,
paper_data/02_NASA/predictions/Pred_NASA_original_N3_B11_seed2026.csv,prediction_level,NASA_MILLING,N3,B11,2026,35,10,补充材料/小论文/nasa_dcpsr_results_stageaware_opt/Pred_NASA_original_N3_B11_seed2026.csv,3be49bd2b0370f2d559fac45be488e93f6f6916e8517599d8e1addb699f29ee9,3be49bd2b0370f2d559fac45be488e93f6f6916e8517599d8e1addb699f29ee9,AUTHORITATIVE,none,,
paper_data/02_NASA/predictions/Pred_NASA_original_N3_B12_seed2026.csv,prediction_level,NASA_MILLING,N3,B12,2026,35,10,补充材料/小论文/nasa_dcpsr_results_stageaware_opt/Pred_NASA_original_N3_B12_seed2026.csv,962bc54b2f8e18bb1fa0fbda6c7c19b35b7fb05e5853464823c44e1c066d2fb1,962bc54b2f8e18bb1fa0fbda6c7c19b35b7fb05e5853464823c44e1c066d2fb1,AUTHORITATIVE,none,,
paper_data/02_NASA/predictions/Pred_NASA_original_N3_B9_seed2026.csv,prediction_level,NASA_MILLING,N3,B9,2026,31,10,补充材料/小论文/nasa_dcpsr_results_stageaware_opt/Pred_NASA_original_N3_B9_seed2026.csv,b0e774a18a8b2faefc4d392414b52bc47e516719132f3436663524c1c706ac46,b0e774a18a8b2faefc4d392414b52bc47e516719132f3436663524c1c706ac46,AUTHORITATIVE,none,,
paper_data/02_NASA/predictions/Pred_NASA_original_N4_B10_seed2026.csv,prediction_level,NASA_MILLING,N4,B10,2026,30,10,补充材料/小论文/nasa_dcpsr_results_stageaware_opt/Pred_NASA_original_N4_B10_seed2026.csv,5b277b61180be10675603cd1df7d5f5c3fb213b6a7e8e49cb6d5592b27ee7114,5b277b61180be10675603cd1df7d5f5c3fb213b6a7e8e49cb6d5592b27ee7114,AUTHORITATIVE,none,,
paper_data/02_NASA/predictions/Pred_NASA_original_N4_B11_seed2026.csv,prediction_level,NASA_MILLING,N4,B11,2026,30,10,补充材料/小论文/nasa_dcpsr_results_stageaware_opt/Pred_NASA_original_N4_B11_seed2026.csv,8dbe8b119c17d31633b1437f69d680acb01aa7a3f6fefad0fefdc9985a5c3092,8dbe8b119c17d31633b1437f69d680acb01aa7a3f6fefad0fefdc9985a5c3092,AUTHORITATIVE,none,,
paper_data/02_NASA/predictions/Pred_NASA_original_N4_B12_seed2026.csv,prediction_level,NASA_MILLING,N4,B12,2026,30,10,补充材料/小论文/nasa_dcpsr_results_stageaware_opt/Pred_NASA_original_N4_B12_seed2026.csv,efedbc7216230e00b9aa4f1d9e68360f3b306d84d19b961e50057dda25c3f150,efedbc7216230e00b9aa4f1d9e68360f3b306d84d19b961e50057dda25c3f150,AUTHORITATIVE,none,,
paper_data/02_NASA/predictions/Pred_NASA_original_N4_B9_seed2026.csv,prediction_level,NASA_MILLING,N4,B9,2026,22,10,补充材料/小论文/nasa_dcpsr_results_stageaware_opt/Pred_NASA_original_N4_B9_seed2026.csv,fd75544fb459ef5e2d6b9cd0ac902acd80ef2c1e0299db21087ee631291a4ea2,fd75544fb459ef5e2d6b9cd0ac902acd80ef2c1e0299db21087ee631291a4ea2,AUTHORITATIVE,none,,
paper_data/02_NASA/task_level_results.csv,task_level,NASA_MILLING,N1-N4,,,16,29,补充材料/小论文/nasa_dcpsr_results_stageaware_opt/Table_NASA_cross_case_B9_B12_metrics_by_seed.csv,7b0cf5d9d09c8e02d880bdca5f6b693b6757eda62f51daf3de394ceb1ea04292,518278bacf0191aa091e6dc139dec939515528790424e1825a551e83f2352b8d,AUTHORITATIVE,filter Split_type=original and tasks N1-N4,NASA task/seed evidence,inputs=补充材料/小论文/nasa_dcpsr_results_stageaware_opt/Table_NASA_cross_case_B9_B12_metrics_by_seed.csv
paper_data/03_MENDELEY_CROSS_MACHINE/README.md,documentation,,,,,NA,NA,,,fbc28674664337dfaa33b2a6c64965ce18e9078a0d300430153e557e5ef0f99a,DERIVED,generated by build_paper_data.py,provenance and usage,
paper_data/03_MENDELEY_CROSS_MACHINE/ablation/by_seed/ablation_metrics_by_seed.csv,summary,MILLING_CROSS_MACHINE,"D1-M,D2-M,D3-M",,,90,29,experiments_mendeley/06_ablation/by_seed/ablation_metrics_by_seed.csv,1d5f4d1f51a98f79fc63d06bc1ef3e02d5cda258fb25f88c6788dbff8795d0d3,1d5f4d1f51a98f79fc63d06bc1ef3e02d5cda258fb25f88c6788dbff8795d0d3,AUTHORITATIVE,none,,
paper_data/03_MENDELEY_CROSS_MACHINE/ablation/summary/ablation_complete_table.csv,summary,MILLING_CROSS_MACHINE,"D1-M,D2-M,D3-M",,,18,74,experiments_mendeley/06_ablation/summary/ablation_complete_table.csv,0a55ae4316d10513e88fe991b904ab5c073d8cf80eacf478f57c88ef955c7188,0a55ae4316d10513e88fe991b904ab5c073d8cf80eacf478f57c88ef955c7188,AUTHORITATIVE,none,,
paper_data/03_MENDELEY_CROSS_MACHINE/ablation/summary/ablation_mean_std.csv,summary,MILLING_CROSS_MACHINE,"D1-M,D2-M,D3-M",,,18,60,experiments_mendeley/06_ablation/summary/ablation_mean_std.csv,a28a30628b62501394bab3146f22250f745add5cb9d6859a9e138cc1d27ca28c,a28a30628b62501394bab3146f22250f745add5cb9d6859a9e138cc1d27ca28c,AUTHORITATIVE,none,,
paper_data/03_MENDELEY_CROSS_MACHINE/dataset_summary.csv,metadata,MILLING_CROSS_MACHINE,,,,9,12,experiments_mendeley/00_dataset_audit/dataset_quality_report.csv;experiments_mendeley/00_dataset_audit/channel_summary.csv,6b9dd1d1545529d96c8ea55b4aafb5ade0a88eba4172f62c6fe73299f4153841;8854ecc0107d180a1f6ee69178f5e3f68614ef6ab5c1e9f6ceaabf62c5ee60e4,b33faa8187b57ad10e07df57d9d9b1863cb3bf1bb1c987f3e6f63bd7ed0ef752,AUTHORITATIVE,one metadata row per tool from audited run counts and VB ranges,dataset description and validation,inputs=experiments_mendeley/00_dataset_audit/dataset_quality_report.csv;experiments_mendeley/00_dataset_audit/channel_summary.csv
paper_data/03_MENDELEY_CROSS_MACHINE/generalization/dual_source/dual_source_mean_std.csv,summary,MILLING_CROSS_MACHINE,"D1-M,D2-M,D3-M",,,12,60,experiments_mendeley/05_generalization/dual_source/dual_source_mean_std.csv,65844d8fa35d42a02ffd4cee204eb86d9f151a9b8176ff543d717c3b63ec783e,65844d8fa35d42a02ffd4cee204eb86d9f151a9b8176ff543d717c3b63ec783e,AUTHORITATIVE,none,,
paper_data/03_MENDELEY_CROSS_MACHINE/generalization/generalization_mean_std_by_task.csv,summary,MILLING_CROSS_MACHINE,"D1-M,D2-M,D3-M",,,12,60,experiments_mendeley/05_generalization/generalization_mean_std_by_task.csv,65844d8fa35d42a02ffd4cee204eb86d9f151a9b8176ff543d717c3b63ec783e,65844d8fa35d42a02ffd4cee204eb86d9f151a9b8176ff543d717c3b63ec783e,AUTHORITATIVE,none,,
paper_data/03_MENDELEY_CROSS_MACHINE/generalization/generalization_metrics_by_seed.csv,summary,MILLING_CROSS_MACHINE,"D1-M,D2-M,D3-M",,,60,29,experiments_mendeley/05_generalization/generalization_metrics_by_seed.csv,da23646830e42ddb07fbebc94c114c2c9fb6e37d2dae47a56219b8ca18c5850c,da23646830e42ddb07fbebc94c114c2c9fb6e37d2dae47a56219b8ca18c5850c,AUTHORITATIVE,none,,
paper_data/03_MENDELEY_CROSS_MACHINE/generalization/predictions/D1-M_seed42_predictions_test_B1.csv,prediction_level,MILLING_CROSS_MACHINE,D1-M,B1,42,1745,14,experiments_mendeley/04_overall_comparison/predictions/D1-M_seed42_predictions_test_B1.csv,bb421decf805af2d6c3b6f867f4bd1796b67a89603e1957e390c55644354b53c,bb421decf805af2d6c3b6f867f4bd1796b67a89603e1957e390c55644354b53c,AUTHORITATIVE,none,,
paper_data/03_MENDELEY_CROSS_MACHINE/generalization/predictions/D1-M_seed42_predictions_test_B10.csv,prediction_level,MILLING_CROSS_MACHINE,D1-M,B10,42,1745,14,experiments_mendeley/04_overall_comparison/predictions/D1-M_seed42_predictions_test_B10.csv,072bd3a937f3e9f8d38416157d60b06ac1a0636e8b913b92e0cee96400f2371e,072bd3a937f3e9f8d38416157d60b06ac1a0636e8b913b92e0cee96400f2371e,AUTHORITATIVE,none,,
paper_data/03_MENDELEY_CROSS_MACHINE/generalization/predictions/D1-M_seed42_predictions_test_B11B12.csv,prediction_level,MILLING_CROSS_MACHINE,D1-M,B11B12,42,1745,120,experiments_mendeley/04_overall_comparison/predictions/D1-M_seed42_predictions_test_B11B12.csv,106c079141e7c4000193a9a5bf389990a4990704b3399ec3fd5d2a3c9a40c240,106c079141e7c4000193a9a5bf389990a4990704b3399ec3fd5d2a3c9a40c240,AUTHORITATIVE,none,,
paper_data/03_MENDELEY_CROSS_MACHINE/generalization/predictions/D1-M_seed42_predictions_test_B2.csv,prediction_level,MILLING_CROSS_MACHINE,D1-M,B2,42,1745,14,experiments_mendeley/04_overall_comparison/predictions/D1-M_seed42_predictions_test_B2.csv,4f53bb910fcb2d1d888e557afe37cb61c8968cb4cd87ec01dac07a472065ebda,4f53bb910fcb2d1d888e557afe37cb61c8968cb4cd87ec01dac07a472065ebda,AUTHORITATIVE,none,,
paper_data/03_MENDELEY_CROSS_MACHINE/generalization/predictions/D1-M_seed42_predictions_test_B3.csv,prediction_level,MILLING_CROSS_MACHINE,D1-M,B3,42,1745,14,experiments_mendeley/04_overall_comparison/predictions/D1-M_seed42_predictions_test_B3.csv,28364cac59928f474b5635a706d0d8c5c53850459b335a5c1c10f0cf7f906023,28364cac59928f474b5635a706d0d8c5c53850459b335a5c1c10f0cf7f906023,AUTHORITATIVE,none,,
paper_data/03_MENDELEY_CROSS_MACHINE/generalization/predictions/D1-M_seed42_predictions_test_B4.csv,prediction_level,MILLING_CROSS_MACHINE,D1-M,B4,42,1745,14,experiments_mendeley/04_overall_comparison/predictions/D1-M_seed42_predictions_test_B4.csv,22e973eca7cdba4e5beab2f8bbe17a4e2a747e0540edf6142e7fe2a542ae06a3,22e973eca7cdba4e5beab2f8bbe17a4e2a747e0540edf6142e7fe2a542ae06a3,AUTHORITATIVE,none,,
paper_data/03_MENDELEY_CROSS_MACHINE/generalization/predictions/D1-M_seed42_predictions_test_B5.csv,prediction_level,MILLING_CROSS_MACHINE,D1-M,B5,42,1745,14,experiments_mendeley/04_overall_comparison/predictions/D1-M_seed42_predictions_test_B5.csv,65b69a6ded20d8ae2603f1908bb9cc69b07a6abf1d0af0f94523781e799b8649,65b69a6ded20d8ae2603f1908bb9cc69b07a6abf1d0af0f94523781e799b8649,AUTHORITATIVE,none,,
paper_data/03_MENDELEY_CROSS_MACHINE/generalization/predictions/D1-M_seed42_predictions_test_B6.csv,prediction_level,MILLING_CROSS_MACHINE,D1-M,B6,42,1745,14,experiments_mendeley/04_overall_comparison/predictions/D1-M_seed42_predictions_test_B6.csv,4092a97678250b98e30e5c8dd4f658c57ce9f2b20a990008a0a7303892ed6c80,4092a97678250b98e30e5c8dd4f658c57ce9f2b20a990008a0a7303892ed6c80,AUTHORITATIVE,none,,
paper_data/03_MENDELEY_CROSS_MACHINE/generalization/predictions/D1-M_seed42_predictions_test_B7.csv,prediction_level,MILLING_CROSS_MACHINE,D1-M,B7,42,1745,14,experiments_mendeley/04_overall_comparison/predictions/D1-M_seed42_predictions_test_B7.csv,945d28d0206d0c84bad6b3e8e70e4c931d069b0e341908de7ddbf307dc8d5114,945d28d0206d0c84bad6b3e8e70e4c931d069b0e341908de7ddbf307dc8d5114,AUTHORITATIVE,none,,
paper_data/03_MENDELEY_CROSS_MACHINE/generalization/predictions/D1-M_seed42_predictions_test_B8.csv,prediction_level,MILLING_CROSS_MACHINE,D1-M,B8,42,1745,14,experiments_mendeley/04_overall_comparison/predictions/D1-M_seed42_predictions_test_B8.csv,ec18c91050d88f2bef7d629e48c1dd78ba60d0fb06055a106a59e8a78175c60a,ec18c91050d88f2bef7d629e48c1dd78ba60d0fb06055a106a59e8a78175c60a,AUTHORITATIVE,none,,
paper_data/03_MENDELEY_CROSS_MACHINE/generalization/predictions/D1-M_seed42_predictions_test_B9.csv,prediction_level,MILLING_CROSS_MACHINE,D1-M,B9,42,1745,14,experiments_mendeley/04_overall_comparison/predictions/D1-M_seed42_predictions_test_B9.csv,5a9bc6241164f4434a6731cede41f992ed5db177ea870bbd92d043a73fce1f76,5a9bc6241164f4434a6731cede41f992ed5db177ea870bbd92d043a73fce1f76,AUTHORITATIVE,none,,
paper_data/03_MENDELEY_CROSS_MACHINE/generalization/predictions/D1-M_seed52_predictions_test_B1.csv,prediction_level,MILLING_CROSS_MACHINE,D1-M,B1,52,1745,14,experiments_mendeley/04_overall_comparison/predictions/D1-M_seed52_predictions_test_B1.csv,4ea56f42e5f38d8b80f99bd29e97e17b60c764d6944d8eea14724e5f89b2c88e,4ea56f42e5f38d8b80f99bd29e97e17b60c764d6944d8eea14724e5f89b2c88e,AUTHORITATIVE,none,,
paper_data/03_MENDELEY_CROSS_MACHINE/generalization/predictions/D1-M_seed52_predictions_test_B10.csv,prediction_level,MILLING_CROSS_MACHINE,D1-M,B10,52,1745,14,experiments_mendeley/04_overall_comparison/predictions/D1-M_seed52_predictions_test_B10.csv,68f430ec3d880c63f5b4ee1c4b39066ee0b00346de5cded1ab2b69146701c471,68f430ec3d880c63f5b4ee1c4b39066ee0b00346de5cded1ab2b69146701c471,AUTHORITATIVE,none,,
paper_data/03_MENDELEY_CROSS_MACHINE/generalization/predictions/D1-M_seed52_predictions_test_B11B12.csv,prediction_level,MILLING_CROSS_MACHINE,D1-M,B11B12,52,1745,120,experiments_mendeley/04_overall_comparison/predictions/D1-M_seed52_predictions_test_B11B12.csv,1efb3ca46b65c3e73bc0c77c0dadca1c93bcade593979a33f2701d026e5b2fc8,1efb3ca46b65c3e73bc0c77c0dadca1c93bcade593979a33f2701d026e5b2fc8,AUTHORITATIVE,none,,
paper_data/03_MENDELEY_CROSS_MACHINE/generalization/predictions/D1-M_seed52_predictions_test_B2.csv,prediction_level,MILLING_CROSS_MACHINE,D1-M,B2,52,1745,14,experiments_mendeley/04_overall_comparison/predictions/D1-M_seed52_predictions_test_B2.csv,7b06cecc8251519d45dfbb28c034d5079d4a3f9088d580e0f9d633b03b33464b,7b06cecc8251519d45dfbb28c034d5079d4a3f9088d580e0f9d633b03b33464b,AUTHORITATIVE,none,,
paper_data/03_MENDELEY_CROSS_MACHINE/generalization/predictions/D1-M_seed52_predictions_test_B3.csv,prediction_level,MILLING_CROSS_MACHINE,D1-M,B3,52,1745,14,experiments_mendeley/04_overall_comparison/predictions/D1-M_seed52_predictions_test_B3.csv,f309b687f95bc6433a9f1923a2954e3408d5cec2c8274ae310ec33acf5d3ffc1,f309b687f95bc6433a9f1923a2954e3408d5cec2c8274ae310ec33acf5d3ffc1,AUTHORITATIVE,none,,
paper_data/03_MENDELEY_CROSS_MACHINE/generalization/predictions/D1-M_seed52_predictions_test_B4.csv,prediction_level,MILLING_CROSS_MACHINE,D1-M,B4,52,1745,14,experiments_mendeley/04_overall_comparison/predictions/D1-M_seed52_predictions_test_B4.csv,e15749a25904fc92f25d7bade25326da995b8fdaf83632251d8d58fb49dea868,e15749a25904fc92f25d7bade25326da995b8fdaf83632251d8d58fb49dea868,AUTHORITATIVE,none,,
paper_data/03_MENDELEY_CROSS_MACHINE/generalization/predictions/D1-M_seed52_predictions_test_B5.csv,prediction_level,MILLING_CROSS_MACHINE,D1-M,B5,52,1745,14,experiments_mendeley/04_overall_comparison/predictions/D1-M_seed52_predictions_test_B5.csv,c2659b331bbca7920454a375791c42fef199138725bb76cb792d3d49593b68f4,c2659b331bbca7920454a375791c42fef199138725bb76cb792d3d49593b68f4,AUTHORITATIVE,none,,
paper_data/03_MENDELEY_CROSS_MACHINE/generalization/predictions/D1-M_seed52_predictions_test_B6.csv,prediction_level,MILLING_CROSS_MACHINE,D1-M,B6,52,1745,14,experiments_mendeley/04_overall_comparison/predictions/D1-M_seed52_predictions_test_B6.csv,3aa5445666bb4a7a285c38f8994f76bedfbf6ac29e40acf3182f88232f8414c9,3aa5445666bb4a7a285c38f8994f76bedfbf6ac29e40acf3182f88232f8414c9,AUTHORITATIVE,none,,
paper_data/03_MENDELEY_CROSS_MACHINE/generalization/predictions/D1-M_seed52_predictions_test_B7.csv,prediction_level,MILLING_CROSS_MACHINE,D1-M,B7,52,1745,14,experiments_mendeley/04_overall_comparison/predictions/D1-M_seed52_predictions_test_B7.csv,1f50f3c790f01cf367b1f03c11ceb056236046cf926148c59de5c5f1faaa7604,1f50f3c790f01cf367b1f03c11ceb056236046cf926148c59de5c5f1faaa7604,AUTHORITATIVE,none,,
paper_data/03_MENDELEY_CROSS_MACHINE/generalization/predictions/D1-M_seed52_predictions_test_B8.csv,prediction_level,MILLING_CROSS_MACHINE,D1-M,B8,52,1745,14,experiments_mendeley/04_overall_comparison/predictions/D1-M_seed52_predictions_test_B8.csv,61f5175b17cfbbf3862b2c86bbe48fad176464729a5951405de08a34896446f5,61f5175b17cfbbf3862b2c86bbe48fad176464729a5951405de08a34896446f5,AUTHORITATIVE,none,,
paper_data/03_MENDELEY_CROSS_MACHINE/generalization/predictions/D1-M_seed52_predictions_test_B9.csv,prediction_level,MILLING_CROSS_MACHINE,D1-M,B9,52,1745,14,experiments_mendeley/04_overall_comparison/predictions/D1-M_seed52_predictions_test_B9.csv,4cdb4fc038e271f3582c689d2274658a4a33ecada0c73cbe2f8f0100282f8963,4cdb4fc038e271f3582c689d2274658a4a33ecada0c73cbe2f8f0100282f8963,AUTHORITATIVE,none,,
paper_data/03_MENDELEY_CROSS_MACHINE/generalization/predictions/D1-M_seed62_predictions_test_B1.csv,prediction_level,MILLING_CROSS_MACHINE,D1-M,B1,62,1745,14,experiments_mendeley/04_overall_comparison/predictions/D1-M_seed62_predictions_test_B1.csv,ddd979ea3bae42c1654bce8a5e054caec342f794ccc3b81b0cf83f62265a4926,ddd979ea3bae42c1654bce8a5e054caec342f794ccc3b81b0cf83f62265a4926,AUTHORITATIVE,none,,
paper_data/03_MENDELEY_CROSS_MACHINE/generalization/predictions/D1-M_seed62_predictions_test_B10.csv,prediction_level,MILLING_CROSS_MACHINE,D1-M,B10,62,1745,14,experiments_mendeley/04_overall_comparison/predictions/D1-M_seed62_predictions_test_B10.csv,09159e9774be38d61c82e7ed35da064492767fd70d0c364307b7590c283f6a33,09159e9774be38d61c82e7ed35da064492767fd70d0c364307b7590c283f6a33,AUTHORITATIVE,none,,
paper_data/03_MENDELEY_CROSS_MACHINE/generalization/predictions/D1-M_seed62_predictions_test_B11B12.csv,prediction_level,MILLING_CROSS_MACHINE,D1-M,B11B12,62,1745,120,experiments_mendeley/04_overall_comparison/predictions/D1-M_seed62_predictions_test_B11B12.csv,464a2933ace0956149a9616ef029bb8b0a1be83762f221869c77b97cd4dfbc4e,464a2933ace0956149a9616ef029bb8b0a1be83762f221869c77b97cd4dfbc4e,AUTHORITATIVE,none,,
paper_data/03_MENDELEY_CROSS_MACHINE/generalization/predictions/D1-M_seed62_predictions_test_B2.csv,prediction_level,MILLING_CROSS_MACHINE,D1-M,B2,62,1745,14,experiments_mendeley/04_overall_comparison/predictions/D1-M_seed62_predictions_test_B2.csv,f1eaa4681bdb177be0d0dde474e4ecd2a5e007494c7fad6aa6d297aafca31f44,f1eaa4681bdb177be0d0dde474e4ecd2a5e007494c7fad6aa6d297aafca31f44,AUTHORITATIVE,none,,
paper_data/03_MENDELEY_CROSS_MACHINE/generalization/predictions/D1-M_seed62_predictions_test_B3.csv,prediction_level,MILLING_CROSS_MACHINE,D1-M,B3,62,1745,14,experiments_mendeley/04_overall_comparison/predictions/D1-M_seed62_predictions_test_B3.csv,a9ebd6f6d74be6041a7903f1db3fb15c1cb5e67daf85345c5b96ca30ce527ba5,a9ebd6f6d74be6041a7903f1db3fb15c1cb5e67daf85345c5b96ca30ce527ba5,AUTHORITATIVE,none,,
paper_data/03_MENDELEY_CROSS_MACHINE/generalization/predictions/D1-M_seed62_predictions_test_B4.csv,prediction_level,MILLING_CROSS_MACHINE,D1-M,B4,62,1745,14,experiments_mendeley/04_overall_comparison/predictions/D1-M_seed62_predictions_test_B4.csv,db70cd1a0817d5cf6764e8829ece69b60bfebdc6036c6eaf71f956c89de054b9,db70cd1a0817d5cf6764e8829ece69b60bfebdc6036c6eaf71f956c89de054b9,AUTHORITATIVE,none,,
paper_data/03_MENDELEY_CROSS_MACHINE/generalization/predictions/D1-M_seed62_predictions_test_B5.csv,prediction_level,MILLING_CROSS_MACHINE,D1-M,B5,62,1745,14,experiments_mendeley/04_overall_comparison/predictions/D1-M_seed62_predictions_test_B5.csv,a73b5b96a3edc741b283a52e167659c76853af933ac8a1d5d259c8eb3a68c55c,a73b5b96a3edc741b283a52e167659c76853af933ac8a1d5d259c8eb3a68c55c,AUTHORITATIVE,none,,
paper_data/03_MENDELEY_CROSS_MACHINE/generalization/predictions/D1-M_seed62_predictions_test_B6.csv,prediction_level,MILLING_CROSS_MACHINE,D1-M,B6,62,1745,14,experiments_mendeley/04_overall_comparison/predictions/D1-M_seed62_predictions_test_B6.csv,4e2595f5ff0bc4380d6a05d0a65f9d139388faa050d31762ea2ef8bd373810dc,4e2595f5ff0bc4380d6a05d0a65f9d139388faa050d31762ea2ef8bd373810dc,AUTHORITATIVE,none,,
paper_data/03_MENDELEY_CROSS_MACHINE/generalization/predictions/D1-M_seed62_predictions_test_B7.csv,prediction_level,MILLING_CROSS_MACHINE,D1-M,B7,62,1745,14,experiments_mendeley/04_overall_comparison/predictions/D1-M_seed62_predictions_test_B7.csv,bfc8d994eb56fac9e0fa2d5430fea37719e984145785929d63ef0a5118c43664,bfc8d994eb56fac9e0fa2d5430fea37719e984145785929d63ef0a5118c43664,AUTHORITATIVE,none,,
paper_data/03_MENDELEY_CROSS_MACHINE/generalization/predictions/D1-M_seed62_predictions_test_B8.csv,prediction_level,MILLING_CROSS_MACHINE,D1-M,B8,62,1745,14,experiments_mendeley/04_overall_comparison/predictions/D1-M_seed62_predictions_test_B8.csv,2491d73f82d40352345e1295770109cb4912243a0994a8bac635939ac48f517f,2491d73f82d40352345e1295770109cb4912243a0994a8bac635939ac48f517f,AUTHORITATIVE,none,,
paper_data/03_MENDELEY_CROSS_MACHINE/generalization/predictions/D1-M_seed62_predictions_test_B9.csv,prediction_level,MILLING_CROSS_MACHINE,D1-M,B9,62,1745,14,experiments_mendeley/04_overall_comparison/predictions/D1-M_seed62_predictions_test_B9.csv,75e52638d42754189a11152e2b9ee64d4f484cb0bae53399eae31d22959a382e,75e52638d42754189a11152e2b9ee64d4f484cb0bae53399eae31d22959a382e,AUTHORITATIVE,none,,
paper_data/03_MENDELEY_CROSS_MACHINE/generalization/predictions/D1-M_seed72_predictions_test_B1.csv,prediction_level,MILLING_CROSS_MACHINE,D1-M,B1,72,1745,14,experiments_mendeley/04_overall_comparison/predictions/D1-M_seed72_predictions_test_B1.csv,d9263cf3a20caec0fe71837b28f982efa493aba2e0cc3295f2d4666df3e59255,d9263cf3a20caec0fe71837b28f982efa493aba2e0cc3295f2d4666df3e59255,AUTHORITATIVE,none,,
paper_data/03_MENDELEY_CROSS_MACHINE/generalization/predictions/D1-M_seed72_predictions_test_B10.csv,prediction_level,MILLING_CROSS_MACHINE,D1-M,B10,72,1745,14,experiments_mendeley/04_overall_comparison/predictions/D1-M_seed72_predictions_test_B10.csv,7e9f66635972750b0dcdd3e48a837d496ed930dfd2f96d7821137ff6d0c1f640,7e9f66635972750b0dcdd3e48a837d496ed930dfd2f96d7821137ff6d0c1f640,AUTHORITATIVE,none,,
paper_data/03_MENDELEY_CROSS_MACHINE/generalization/predictions/D1-M_seed72_predictions_test_B11B12.csv,prediction_level,MILLING_CROSS_MACHINE,D1-M,B11B12,72,1745,120,experiments_mendeley/04_overall_comparison/predictions/D1-M_seed72_predictions_test_B11B12.csv,c727edd47483af81f3f7b034a76988451fa70d1b38c806ccde33731c2e94cf8f,c727edd47483af81f3f7b034a76988451fa70d1b38c806ccde33731c2e94cf8f,AUTHORITATIVE,none,,
paper_data/03_MENDELEY_CROSS_MACHINE/generalization/predictions/D1-M_seed72_predictions_test_B2.csv,prediction_level,MILLING_CROSS_MACHINE,D1-M,B2,72,1745,14,experiments_mendeley/04_overall_comparison/predictions/D1-M_seed72_predictions_test_B2.csv,4d202cbfb538dcf5f189cc9c75b07cb9692dadd0f6803541a181e4509e644347,4d202cbfb538dcf5f189cc9c75b07cb9692dadd0f6803541a181e4509e644347,AUTHORITATIVE,none,,
paper_data/03_MENDELEY_CROSS_MACHINE/generalization/predictions/D1-M_seed72_predictions_test_B3.csv,prediction_level,MILLING_CROSS_MACHINE,D1-M,B3,72,1745,14,experiments_mendeley/04_overall_comparison/predictions/D1-M_seed72_predictions_test_B3.csv,efb524fe5c95140084f547d212d3bb988826da27884c16aebe490ed08d575c9c,efb524fe5c95140084f547d212d3bb988826da27884c16aebe490ed08d575c9c,AUTHORITATIVE,none,,
paper_data/03_MENDELEY_CROSS_MACHINE/generalization/predictions/D1-M_seed72_predictions_test_B4.csv,prediction_level,MILLING_CROSS_MACHINE,D1-M,B4,72,1745,14,experiments_mendeley/04_overall_comparison/predictions/D1-M_seed72_predictions_test_B4.csv,979c7c7194ad03b00fd2d663663c7ee72019f38ad5d560fff6fd8a6ed7c715cf,979c7c7194ad03b00fd2d663663c7ee72019f38ad5d560fff6fd8a6ed7c715cf,AUTHORITATIVE,none,,
paper_data/03_MENDELEY_CROSS_MACHINE/generalization/predictions/D1-M_seed72_predictions_test_B5.csv,prediction_level,MILLING_CROSS_MACHINE,D1-M,B5,72,1745,14,experiments_mendeley/04_overall_comparison/predictions/D1-M_seed72_predictions_test_B5.csv,c4fac81df47fe21bb60f25b0d6cf22b5c500f94e30190eead95e2566c26453ab,c4fac81df47fe21bb60f25b0d6cf22b5c500f94e30190eead95e2566c26453ab,AUTHORITATIVE,none,,
paper_data/03_MENDELEY_CROSS_MACHINE/generalization/predictions/D1-M_seed72_predictions_test_B6.csv,prediction_level,MILLING_CROSS_MACHINE,D1-M,B6,72,1745,14,experiments_mendeley/04_overall_comparison/predictions/D1-M_seed72_predictions_test_B6.csv,6f35257c0238de0afcd80484b5f0e02a275f5eaf723c995ee1fcae3db98f3cf2,6f35257c0238de0afcd80484b5f0e02a275f5eaf723c995ee1fcae3db98f3cf2,AUTHORITATIVE,none,,
paper_data/03_MENDELEY_CROSS_MACHINE/generalization/predictions/D1-M_seed72_predictions_test_B7.csv,prediction_level,MILLING_CROSS_MACHINE,D1-M,B7,72,1745,14,experiments_mendeley/04_overall_comparison/predictions/D1-M_seed72_predictions_test_B7.csv,bdc3ff8228728de2579f4e4eed563d5a4874116cf130e93efca724ded15d9275,bdc3ff8228728de2579f4e4eed563d5a4874116cf130e93efca724ded15d9275,AUTHORITATIVE,none,,
paper_data/03_MENDELEY_CROSS_MACHINE/generalization/predictions/D1-M_seed72_predictions_test_B8.csv,prediction_level,MILLING_CROSS_MACHINE,D1-M,B8,72,1745,14,experiments_mendeley/04_overall_comparison/predictions/D1-M_seed72_predictions_test_B8.csv,83bfdc8f67a3cfd10a2eaa57be0f8c2cd6a351329caa8dedc425a9aac493f24a,83bfdc8f67a3cfd10a2eaa57be0f8c2cd6a351329caa8dedc425a9aac493f24a,AUTHORITATIVE,none,,
paper_data/03_MENDELEY_CROSS_MACHINE/generalization/predictions/D1-M_seed72_predictions_test_B9.csv,prediction_level,MILLING_CROSS_MACHINE,D1-M,B9,72,1745,14,experiments_mendeley/04_overall_comparison/predictions/D1-M_seed72_predictions_test_B9.csv,8469f89eba8db63c86cf76d00112f98e4eca2ae848d5e7b022dc1999fafff077,8469f89eba8db63c86cf76d00112f98e4eca2ae848d5e7b022dc1999fafff077,AUTHORITATIVE,none,,
paper_data/03_MENDELEY_CROSS_MACHINE/generalization/predictions/D1-M_seed82_predictions_test_B1.csv,prediction_level,MILLING_CROSS_MACHINE,D1-M,B1,82,1745,14,experiments_mendeley/04_overall_comparison/predictions/D1-M_seed82_predictions_test_B1.csv,d9263cf3a20caec0fe71837b28f982efa493aba2e0cc3295f2d4666df3e59255,d9263cf3a20caec0fe71837b28f982efa493aba2e0cc3295f2d4666df3e59255,AUTHORITATIVE,none,,
paper_data/03_MENDELEY_CROSS_MACHINE/generalization/predictions/D1-M_seed82_predictions_test_B10.csv,prediction_level,MILLING_CROSS_MACHINE,D1-M,B10,82,1745,14,experiments_mendeley/04_overall_comparison/predictions/D1-M_seed82_predictions_test_B10.csv,75c4ee50c48068409efa341d1722c13019431be20ba6422143ac10f6f1c3ae27,75c4ee50c48068409efa341d1722c13019431be20ba6422143ac10f6f1c3ae27,AUTHORITATIVE,none,,
paper_data/03_MENDELEY_CROSS_MACHINE/generalization/predictions/D1-M_seed82_predictions_test_B11B12.csv,prediction_level,MILLING_CROSS_MACHINE,D1-M,B11B12,82,1745,120,experiments_mendeley/04_overall_comparison/predictions/D1-M_seed82_predictions_test_B11B12.csv,cf7405e565ca848d90a6e0e6c1c950bf62365c1a72b802471aa5c0bc7a5b709b,cf7405e565ca848d90a6e0e6c1c950bf62365c1a72b802471aa5c0bc7a5b709b,AUTHORITATIVE,none,,
paper_data/03_MENDELEY_CROSS_MACHINE/generalization/predictions/D1-M_seed82_predictions_test_B2.csv,prediction_level,MILLING_CROSS_MACHINE,D1-M,B2,82,1745,14,experiments_mendeley/04_overall_comparison/predictions/D1-M_seed82_predictions_test_B2.csv,325eeab08fcbb135df00871866e75f68b721f1007fefdb0009e6b36e751f3283,325eeab08fcbb135df00871866e75f68b721f1007fefdb0009e6b36e751f3283,AUTHORITATIVE,none,,
paper_data/03_MENDELEY_CROSS_MACHINE/generalization/predictions/D1-M_seed82_predictions_test_B3.csv,prediction_level,MILLING_CROSS_MACHINE,D1-M,B3,82,1745,14,experiments_mendeley/04_overall_comparison/predictions/D1-M_seed82_predictions_test_B3.csv,42da910a4f39f783c31c644ca14b3829612cb75925566a8902406558a9dffd21,42da910a4f39f783c31c644ca14b3829612cb75925566a8902406558a9dffd21,AUTHORITATIVE,none,,
paper_data/03_MENDELEY_CROSS_MACHINE/generalization/predictions/D1-M_seed82_predictions_test_B4.csv,prediction_level,MILLING_CROSS_MACHINE,D1-M,B4,82,1745,14,experiments_mendeley/04_overall_comparison/predictions/D1-M_seed82_predictions_test_B4.csv,03cd558119972493d9e76d86dbba47de858b95712f79cfcdb322293af2fef9cc,03cd558119972493d9e76d86dbba47de858b95712f79cfcdb322293af2fef9cc,AUTHORITATIVE,none,,
paper_data/03_MENDELEY_CROSS_MACHINE/generalization/predictions/D1-M_seed82_predictions_test_B5.csv,prediction_level,MILLING_CROSS_MACHINE,D1-M,B5,82,1745,14,experiments_mendeley/04_overall_comparison/predictions/D1-M_seed82_predictions_test_B5.csv,f63c93cce5af075c5bc990806628b0e28321eb7f0b162989b71764c255ed8ab1,f63c93cce5af075c5bc990806628b0e28321eb7f0b162989b71764c255ed8ab1,AUTHORITATIVE,none,,
paper_data/03_MENDELEY_CROSS_MACHINE/generalization/predictions/D1-M_seed82_predictions_test_B6.csv,prediction_level,MILLING_CROSS_MACHINE,D1-M,B6,82,1745,14,experiments_mendeley/04_overall_comparison/predictions/D1-M_seed82_predictions_test_B6.csv,a3c85e04ac571d52f31cc1ed0a2b7441ed16333a861af3f464e079e4764164bc,a3c85e04ac571d52f31cc1ed0a2b7441ed16333a861af3f464e079e4764164bc,AUTHORITATIVE,none,,
paper_data/03_MENDELEY_CROSS_MACHINE/generalization/predictions/D1-M_seed82_predictions_test_B7.csv,prediction_level,MILLING_CROSS_MACHINE,D1-M,B7,82,1745,14,experiments_mendeley/04_overall_comparison/predictions/D1-M_seed82_predictions_test_B7.csv,14525b89733d9f382255be2b3d7569db96d5cd8c77b237a844c0717c50c72f76,14525b89733d9f382255be2b3d7569db96d5cd8c77b237a844c0717c50c72f76,AUTHORITATIVE,none,,
paper_data/03_MENDELEY_CROSS_MACHINE/generalization/predictions/D1-M_seed82_predictions_test_B8.csv,prediction_level,MILLING_CROSS_MACHINE,D1-M,B8,82,1745,14,experiments_mendeley/04_overall_comparison/predictions/D1-M_seed82_predictions_test_B8.csv,813f950396b464ff9a889fa37314a2bfc24ce06dbe56e7f3ec53507948db4a78,813f950396b464ff9a889fa37314a2bfc24ce06dbe56e7f3ec53507948db4a78,AUTHORITATIVE,none,,
paper_data/03_MENDELEY_CROSS_MACHINE/generalization/predictions/D1-M_seed82_predictions_test_B9.csv,prediction_level,MILLING_CROSS_MACHINE,D1-M,B9,82,1745,14,experiments_mendeley/04_overall_comparison/predictions/D1-M_seed82_predictions_test_B9.csv,737d1beba4030354f979aebe5f1f5bd21198485806e61638d6277f5187db7f5e,737d1beba4030354f979aebe5f1f5bd21198485806e61638d6277f5187db7f5e,AUTHORITATIVE,none,,
paper_data/03_MENDELEY_CROSS_MACHINE/generalization/predictions/D2-M_seed42_predictions_test_B1.csv,prediction_level,MILLING_CROSS_MACHINE,D2-M,B1,42,2751,14,experiments_mendeley/04_overall_comparison/predictions/D2-M_seed42_predictions_test_B1.csv,5e00f9a064fa537d1f2775e0c2f0ef3d3cee50ee9fb3057bae2731b0198fb25a,5e00f9a064fa537d1f2775e0c2f0ef3d3cee50ee9fb3057bae2731b0198fb25a,AUTHORITATIVE,none,,
paper_data/03_MENDELEY_CROSS_MACHINE/generalization/predictions/D2-M_seed42_predictions_test_B10.csv,prediction_level,MILLING_CROSS_MACHINE,D2-M,B10,42,2751,14,experiments_mendeley/04_overall_comparison/predictions/D2-M_seed42_predictions_test_B10.csv,3759c8008811e5244ff364b2837e5d74e55f13cf1b0333ab078a1df13bea0e98,3759c8008811e5244ff364b2837e5d74e55f13cf1b0333ab078a1df13bea0e98,AUTHORITATIVE,none,,
paper_data/03_MENDELEY_CROSS_MACHINE/generalization/predictions/D2-M_seed42_predictions_test_B11B12.csv,prediction_level,MILLING_CROSS_MACHINE,D2-M,B11B12,42,2751,120,experiments_mendeley/04_overall_comparison/predictions/D2-M_seed42_predictions_test_B11B12.csv,87c2a775d4b4d8b625f4f804c0aecb4f243a651533dbccff7597ec043c5c2fe9,87c2a775d4b4d8b625f4f804c0aecb4f243a651533dbccff7597ec043c5c2fe9,AUTHORITATIVE,none,,
paper_data/03_MENDELEY_CROSS_MACHINE/generalization/predictions/D2-M_seed42_predictions_test_B2.csv,prediction_level,MILLING_CROSS_MACHINE,D2-M,B2,42,2751,14,experiments_mendeley/04_overall_comparison/predictions/D2-M_seed42_predictions_test_B2.csv,81d4c974e292cd2f65f51638dc138ba6bf43bd38d93f1930c47c48bfc5380eb0,81d4c974e292cd2f65f51638dc138ba6bf43bd38d93f1930c47c48bfc5380eb0,AUTHORITATIVE,none,,
paper_data/03_MENDELEY_CROSS_MACHINE/generalization/predictions/D2-M_seed42_predictions_test_B3.csv,prediction_level,MILLING_CROSS_MACHINE,D2-M,B3,42,2751,14,experiments_mendeley/04_overall_comparison/predictions/D2-M_seed42_predictions_test_B3.csv,f32a1157ab793647ce989630a60775d11495411ac4df8918c2518242a4d67e23,f32a1157ab793647ce989630a60775d11495411ac4df8918c2518242a4d67e23,AUTHORITATIVE,none,,
paper_data/03_MENDELEY_CROSS_MACHINE/generalization/predictions/D2-M_seed42_predictions_test_B4.csv,prediction_level,MILLING_CROSS_MACHINE,D2-M,B4,42,2751,14,experiments_mendeley/04_overall_comparison/predictions/D2-M_seed42_predictions_test_B4.csv,689fc30db8bfe6b1d2d50047c1f3a84f5621a972c9f5031d61e64785a21b258a,689fc30db8bfe6b1d2d50047c1f3a84f5621a972c9f5031d61e64785a21b258a,AUTHORITATIVE,none,,
paper_data/03_MENDELEY_CROSS_MACHINE/generalization/predictions/D2-M_seed42_predictions_test_B5.csv,prediction_level,MILLING_CROSS_MACHINE,D2-M,B5,42,2751,14,experiments_mendeley/04_overall_comparison/predictions/D2-M_seed42_predictions_test_B5.csv,1f7868ef25a10e0029557d0a673ff1a476e9aefcd5babd53b9de24fa1de415a2,1f7868ef25a10e0029557d0a673ff1a476e9aefcd5babd53b9de24fa1de415a2,AUTHORITATIVE,none,,
paper_data/03_MENDELEY_CROSS_MACHINE/generalization/predictions/D2-M_seed42_predictions_test_B6.csv,prediction_level,MILLING_CROSS_MACHINE,D2-M,B6,42,2751,14,experiments_mendeley/04_overall_comparison/predictions/D2-M_seed42_predictions_test_B6.csv,22a61925dbe316afa291a6005654d242c58faa21958608cd40aa87d9a52092a0,22a61925dbe316afa291a6005654d242c58faa21958608cd40aa87d9a52092a0,AUTHORITATIVE,none,,
paper_data/03_MENDELEY_CROSS_MACHINE/generalization/predictions/D2-M_seed42_predictions_test_B7.csv,prediction_level,MILLING_CROSS_MACHINE,D2-M,B7,42,2751,14,experiments_mendeley/04_overall_comparison/predictions/D2-M_seed42_predictions_test_B7.csv,e25e18ecce7a4c392f270d653f36bca9235f92032c346e53585639282db66054,e25e18ecce7a4c392f270d653f36bca9235f92032c346e53585639282db66054,AUTHORITATIVE,none,,
paper_data/03_MENDELEY_CROSS_MACHINE/generalization/predictions/D2-M_seed42_predictions_test_B8.csv,prediction_level,MILLING_CROSS_MACHINE,D2-M,B8,42,2751,14,experiments_mendeley/04_overall_comparison/predictions/D2-M_seed42_predictions_test_B8.csv,7aa380af33579a30a614942c245e4c8d23cae9ab83894e63574db036f77b2e3e,7aa380af33579a30a614942c245e4c8d23cae9ab83894e63574db036f77b2e3e,AUTHORITATIVE,none,,
paper_data/03_MENDELEY_CROSS_MACHINE/generalization/predictions/D2-M_seed42_predictions_test_B9.csv,prediction_level,MILLING_CROSS_MACHINE,D2-M,B9,42,2751,14,experiments_mendeley/04_overall_comparison/predictions/D2-M_seed42_predictions_test_B9.csv,a6d24cd8c811b488b8441b103a7f1c6143e9709ff42f3baff972a32391cd7e4d,a6d24cd8c811b488b8441b103a7f1c6143e9709ff42f3baff972a32391cd7e4d,AUTHORITATIVE,none,,
paper_data/03_MENDELEY_CROSS_MACHINE/generalization/predictions/D2-M_seed52_predictions_test_B1.csv,prediction_level,MILLING_CROSS_MACHINE,D2-M,B1,52,2751,14,experiments_mendeley/04_overall_comparison/predictions/D2-M_seed52_predictions_test_B1.csv,386b4a3207ee1ea978fc5fd54da4ff38ca3d80f6d3015df8ba1076511a87d352,386b4a3207ee1ea978fc5fd54da4ff38ca3d80f6d3015df8ba1076511a87d352,AUTHORITATIVE,none,,
paper_data/03_MENDELEY_CROSS_MACHINE/generalization/predictions/D2-M_seed52_predictions_test_B10.csv,prediction_level,MILLING_CROSS_MACHINE,D2-M,B10,52,2751,14,experiments_mendeley/04_overall_comparison/predictions/D2-M_seed52_predictions_test_B10.csv,8c98ac147675569352cf69450cc606fc41292892623ef716320e6f80bf7e38b2,8c98ac147675569352cf69450cc606fc41292892623ef716320e6f80bf7e38b2,AUTHORITATIVE,none,,
paper_data/03_MENDELEY_CROSS_MACHINE/generalization/predictions/D2-M_seed52_predictions_test_B11B12.csv,prediction_level,MILLING_CROSS_MACHINE,D2-M,B11B12,52,2751,120,experiments_mendeley/04_overall_comparison/predictions/D2-M_seed52_predictions_test_B11B12.csv,c68146955318e2508af2021487e444eaba8546e9016d0424c8d198456213e55d,c68146955318e2508af2021487e444eaba8546e9016d0424c8d198456213e55d,AUTHORITATIVE,none,,
paper_data/03_MENDELEY_CROSS_MACHINE/generalization/predictions/D2-M_seed52_predictions_test_B2.csv,prediction_level,MILLING_CROSS_MACHINE,D2-M,B2,52,2751,14,experiments_mendeley/04_overall_comparison/predictions/D2-M_seed52_predictions_test_B2.csv,14269c3383db353803278c11c52194a2d585788cb6a19b1d2c4dd0b70c277754,14269c3383db353803278c11c52194a2d585788cb6a19b1d2c4dd0b70c277754,AUTHORITATIVE,none,,
paper_data/03_MENDELEY_CROSS_MACHINE/generalization/predictions/D2-M_seed52_predictions_test_B3.csv,prediction_level,MILLING_CROSS_MACHINE,D2-M,B3,52,2751,14,experiments_mendeley/04_overall_comparison/predictions/D2-M_seed52_predictions_test_B3.csv,09e81661e8f36c14c84a782ef6acd8495077b674c8cba37ab6c6603433c1e0e2,09e81661e8f36c14c84a782ef6acd8495077b674c8cba37ab6c6603433c1e0e2,AUTHORITATIVE,none,,
paper_data/03_MENDELEY_CROSS_MACHINE/generalization/predictions/D2-M_seed52_predictions_test_B4.csv,prediction_level,MILLING_CROSS_MACHINE,D2-M,B4,52,2751,14,experiments_mendeley/04_overall_comparison/predictions/D2-M_seed52_predictions_test_B4.csv,48bb0f6c22b2d4f5739e2005f4d8601f53bed7097ee0b9ab14a69952eb56e3ae,48bb0f6c22b2d4f5739e2005f4d8601f53bed7097ee0b9ab14a69952eb56e3ae,AUTHORITATIVE,none,,
paper_data/03_MENDELEY_CROSS_MACHINE/generalization/predictions/D2-M_seed52_predictions_test_B5.csv,prediction_level,MILLING_CROSS_MACHINE,D2-M,B5,52,2751,14,experiments_mendeley/04_overall_comparison/predictions/D2-M_seed52_predictions_test_B5.csv,099c1e955c2bc36b320ea08218622c1d6754e7d8682e141d36f36fbe24bdf019,099c1e955c2bc36b320ea08218622c1d6754e7d8682e141d36f36fbe24bdf019,AUTHORITATIVE,none,,
paper_data/03_MENDELEY_CROSS_MACHINE/generalization/predictions/D2-M_seed52_predictions_test_B6.csv,prediction_level,MILLING_CROSS_MACHINE,D2-M,B6,52,2751,14,experiments_mendeley/04_overall_comparison/predictions/D2-M_seed52_predictions_test_B6.csv,aae61aa2c645f7d17b64494e24ec805e71bd5a8267de262226111825f85616e0,aae61aa2c645f7d17b64494e24ec805e71bd5a8267de262226111825f85616e0,AUTHORITATIVE,none,,
paper_data/03_MENDELEY_CROSS_MACHINE/generalization/predictions/D2-M_seed52_predictions_test_B7.csv,prediction_level,MILLING_CROSS_MACHINE,D2-M,B7,52,2751,14,experiments_mendeley/04_overall_comparison/predictions/D2-M_seed52_predictions_test_B7.csv,697f38b6c37d94380fb27aa781b05456c70e57603f86524ee12c0c4c598a8d96,697f38b6c37d94380fb27aa781b05456c70e57603f86524ee12c0c4c598a8d96,AUTHORITATIVE,none,,
paper_data/03_MENDELEY_CROSS_MACHINE/generalization/predictions/D2-M_seed52_predictions_test_B8.csv,prediction_level,MILLING_CROSS_MACHINE,D2-M,B8,52,2751,14,experiments_mendeley/04_overall_comparison/predictions/D2-M_seed52_predictions_test_B8.csv,4e047107872f980de7a80928ac124a18ab14340fe1b19c03ddb70f3648185956,4e047107872f980de7a80928ac124a18ab14340fe1b19c03ddb70f3648185956,AUTHORITATIVE,none,,
paper_data/03_MENDELEY_CROSS_MACHINE/generalization/predictions/D2-M_seed52_predictions_test_B9.csv,prediction_level,MILLING_CROSS_MACHINE,D2-M,B9,52,2751,14,experiments_mendeley/04_overall_comparison/predictions/D2-M_seed52_predictions_test_B9.csv,c90ba832c3a70fe10eb826c29a258dde9fab79f78a15dd88e3b585b00ccdbbc9,c90ba832c3a70fe10eb826c29a258dde9fab79f78a15dd88e3b585b00ccdbbc9,AUTHORITATIVE,none,,
paper_data/03_MENDELEY_CROSS_MACHINE/generalization/predictions/D2-M_seed62_predictions_test_B1.csv,prediction_level,MILLING_CROSS_MACHINE,D2-M,B1,62,2751,14,experiments_mendeley/04_overall_comparison/predictions/D2-M_seed62_predictions_test_B1.csv,01773641a913b489be44e426cb0f59632505af56de1afb608016e3959134ac85,01773641a913b489be44e426cb0f59632505af56de1afb608016e3959134ac85,AUTHORITATIVE,none,,
paper_data/03_MENDELEY_CROSS_MACHINE/generalization/predictions/D2-M_seed62_predictions_test_B10.csv,prediction_level,MILLING_CROSS_MACHINE,D2-M,B10,62,2751,14,experiments_mendeley/04_overall_comparison/predictions/D2-M_seed62_predictions_test_B10.csv,c8590bfadb74d4ea6e691f8bacca5b5f3ac1b00cc4db8ca9ceeb9620311e6211,c8590bfadb74d4ea6e691f8bacca5b5f3ac1b00cc4db8ca9ceeb9620311e6211,AUTHORITATIVE,none,,
paper_data/03_MENDELEY_CROSS_MACHINE/generalization/predictions/D2-M_seed62_predictions_test_B11B12.csv,prediction_level,MILLING_CROSS_MACHINE,D2-M,B11B12,62,2751,120,experiments_mendeley/04_overall_comparison/predictions/D2-M_seed62_predictions_test_B11B12.csv,e5bcc3b006d8f1c1e24998b9ce34acd96ed3769f4790db42eda194014280def0,e5bcc3b006d8f1c1e24998b9ce34acd96ed3769f4790db42eda194014280def0,AUTHORITATIVE,none,,
paper_data/03_MENDELEY_CROSS_MACHINE/generalization/predictions/D2-M_seed62_predictions_test_B2.csv,prediction_level,MILLING_CROSS_MACHINE,D2-M,B2,62,2751,14,experiments_mendeley/04_overall_comparison/predictions/D2-M_seed62_predictions_test_B2.csv,27cd9bd49b5ef760a83164cc9415ac16de1767b28fe59d5161c4f0a9079175c0,27cd9bd49b5ef760a83164cc9415ac16de1767b28fe59d5161c4f0a9079175c0,AUTHORITATIVE,none,,
paper_data/03_MENDELEY_CROSS_MACHINE/generalization/predictions/D2-M_seed62_predictions_test_B3.csv,prediction_level,MILLING_CROSS_MACHINE,D2-M,B3,62,2751,14,experiments_mendeley/04_overall_comparison/predictions/D2-M_seed62_predictions_test_B3.csv,24502f4de7918185a015fefb502d3658cc00ef2847ad76865d44ffe6a1f76c92,24502f4de7918185a015fefb502d3658cc00ef2847ad76865d44ffe6a1f76c92,AUTHORITATIVE,none,,
paper_data/03_MENDELEY_CROSS_MACHINE/generalization/predictions/D2-M_seed62_predictions_test_B4.csv,prediction_level,MILLING_CROSS_MACHINE,D2-M,B4,62,2751,14,experiments_mendeley/04_overall_comparison/predictions/D2-M_seed62_predictions_test_B4.csv,358b5d09def58247f3fccef8da64954b4231cfa920c1bd678eea0120eff3c4cd,358b5d09def58247f3fccef8da64954b4231cfa920c1bd678eea0120eff3c4cd,AUTHORITATIVE,none,,
paper_data/03_MENDELEY_CROSS_MACHINE/generalization/predictions/D2-M_seed62_predictions_test_B5.csv,prediction_level,MILLING_CROSS_MACHINE,D2-M,B5,62,2751,14,experiments_mendeley/04_overall_comparison/predictions/D2-M_seed62_predictions_test_B5.csv,f04a0c8f637ab8dff1dfb567721bb505ecd3dc0c02a5647695fcda51500100cd,f04a0c8f637ab8dff1dfb567721bb505ecd3dc0c02a5647695fcda51500100cd,AUTHORITATIVE,none,,
paper_data/03_MENDELEY_CROSS_MACHINE/generalization/predictions/D2-M_seed62_predictions_test_B6.csv,prediction_level,MILLING_CROSS_MACHINE,D2-M,B6,62,2751,14,experiments_mendeley/04_overall_comparison/predictions/D2-M_seed62_predictions_test_B6.csv,1a7bc491158e99f25628fcf7674419e25043651b28d225046fc146bbf0d2cf06,1a7bc491158e99f25628fcf7674419e25043651b28d225046fc146bbf0d2cf06,AUTHORITATIVE,none,,
paper_data/03_MENDELEY_CROSS_MACHINE/generalization/predictions/D2-M_seed62_predictions_test_B7.csv,prediction_level,MILLING_CROSS_MACHINE,D2-M,B7,62,2751,14,experiments_mendeley/04_overall_comparison/predictions/D2-M_seed62_predictions_test_B7.csv,f980a0e473413f81c73013b3263d6c7baa4f55e863a1ff462baa7a36be6f390b,f980a0e473413f81c73013b3263d6c7baa4f55e863a1ff462baa7a36be6f390b,AUTHORITATIVE,none,,
paper_data/03_MENDELEY_CROSS_MACHINE/generalization/predictions/D2-M_seed62_predictions_test_B8.csv,prediction_level,MILLING_CROSS_MACHINE,D2-M,B8,62,2751,14,experiments_mendeley/04_overall_comparison/predictions/D2-M_seed62_predictions_test_B8.csv,f513aa6b1ecb977febf4ec6d83d6feba40e9bfac3596908a58a057f7da2df8b6,f513aa6b1ecb977febf4ec6d83d6feba40e9bfac3596908a58a057f7da2df8b6,AUTHORITATIVE,none,,
paper_data/03_MENDELEY_CROSS_MACHINE/generalization/predictions/D2-M_seed62_predictions_test_B9.csv,prediction_level,MILLING_CROSS_MACHINE,D2-M,B9,62,2751,14,experiments_mendeley/04_overall_comparison/predictions/D2-M_seed62_predictions_test_B9.csv,6384231015c197d19f8715ba7f7614f36ad0cf5ae0b78d166df3cbebf6b1db7b,6384231015c197d19f8715ba7f7614f36ad0cf5ae0b78d166df3cbebf6b1db7b,AUTHORITATIVE,none,,
paper_data/03_MENDELEY_CROSS_MACHINE/generalization/predictions/D2-M_seed72_predictions_test_B1.csv,prediction_level,MILLING_CROSS_MACHINE,D2-M,B1,72,2751,14,experiments_mendeley/04_overall_comparison/predictions/D2-M_seed72_predictions_test_B1.csv,604d324782a9ba1430d7a945174863339a19e474660877af7eb508503a5ffaa4,604d324782a9ba1430d7a945174863339a19e474660877af7eb508503a5ffaa4,AUTHORITATIVE,none,,
paper_data/03_MENDELEY_CROSS_MACHINE/generalization/predictions/D2-M_seed72_predictions_test_B10.csv,prediction_level,MILLING_CROSS_MACHINE,D2-M,B10,72,2751,14,experiments_mendeley/04_overall_comparison/predictions/D2-M_seed72_predictions_test_B10.csv,c54b280e1ddf99aead382e9feb08c9e079919836a740683622c17edce53bf018,c54b280e1ddf99aead382e9feb08c9e079919836a740683622c17edce53bf018,AUTHORITATIVE,none,,
paper_data/03_MENDELEY_CROSS_MACHINE/generalization/predictions/D2-M_seed72_predictions_test_B11B12.csv,prediction_level,MILLING_CROSS_MACHINE,D2-M,B11B12,72,2751,120,experiments_mendeley/04_overall_comparison/predictions/D2-M_seed72_predictions_test_B11B12.csv,8e27941c6d912474316ecd5620008e424b60ae806c00f7984fbc67df74b3486a,8e27941c6d912474316ecd5620008e424b60ae806c00f7984fbc67df74b3486a,AUTHORITATIVE,none,,
paper_data/03_MENDELEY_CROSS_MACHINE/generalization/predictions/D2-M_seed72_predictions_test_B2.csv,prediction_level,MILLING_CROSS_MACHINE,D2-M,B2,72,2751,14,experiments_mendeley/04_overall_comparison/predictions/D2-M_seed72_predictions_test_B2.csv,2e09758fc22cf29e15a9119b9d92a6bd9b9a821331ce01abf3b39c77b576915f,2e09758fc22cf29e15a9119b9d92a6bd9b9a821331ce01abf3b39c77b576915f,AUTHORITATIVE,none,,
paper_data/03_MENDELEY_CROSS_MACHINE/generalization/predictions/D2-M_seed72_predictions_test_B3.csv,prediction_level,MILLING_CROSS_MACHINE,D2-M,B3,72,2751,14,experiments_mendeley/04_overall_comparison/predictions/D2-M_seed72_predictions_test_B3.csv,af12f09d4b053451b40eb2a332eb37cc3b4774408f945fc1c8f8aeb00f2e84ff,af12f09d4b053451b40eb2a332eb37cc3b4774408f945fc1c8f8aeb00f2e84ff,AUTHORITATIVE,none,,
paper_data/03_MENDELEY_CROSS_MACHINE/generalization/predictions/D2-M_seed72_predictions_test_B4.csv,prediction_level,MILLING_CROSS_MACHINE,D2-M,B4,72,2751,14,experiments_mendeley/04_overall_comparison/predictions/D2-M_seed72_predictions_test_B4.csv,0167944c0a91aa0aae973ec038a83fa47bbd312cd324505e9aaa5d92d83b571a,0167944c0a91aa0aae973ec038a83fa47bbd312cd324505e9aaa5d92d83b571a,AUTHORITATIVE,none,,
paper_data/03_MENDELEY_CROSS_MACHINE/generalization/predictions/D2-M_seed72_predictions_test_B5.csv,prediction_level,MILLING_CROSS_MACHINE,D2-M,B5,72,2751,14,experiments_mendeley/04_overall_comparison/predictions/D2-M_seed72_predictions_test_B5.csv,8131846ab3542b084849d154dc4de77ba7323a2c1a8bb72061bb7606104360c4,8131846ab3542b084849d154dc4de77ba7323a2c1a8bb72061bb7606104360c4,AUTHORITATIVE,none,,
paper_data/03_MENDELEY_CROSS_MACHINE/generalization/predictions/D2-M_seed72_predictions_test_B6.csv,prediction_level,MILLING_CROSS_MACHINE,D2-M,B6,72,2751,14,experiments_mendeley/04_overall_comparison/predictions/D2-M_seed72_predictions_test_B6.csv,5da55466b71455c5d6ce1e40cfa174734709ff3cdab14924cf73e76c617a9f28,5da55466b71455c5d6ce1e40cfa174734709ff3cdab14924cf73e76c617a9f28,AUTHORITATIVE,none,,
paper_data/03_MENDELEY_CROSS_MACHINE/generalization/predictions/D2-M_seed72_predictions_test_B7.csv,prediction_level,MILLING_CROSS_MACHINE,D2-M,B7,72,2751,14,experiments_mendeley/04_overall_comparison/predictions/D2-M_seed72_predictions_test_B7.csv,6ad38d6c27af3dfbcab4feb9f1f844c974d1a9d00c8d76f40d1b44cc07d5a867,6ad38d6c27af3dfbcab4feb9f1f844c974d1a9d00c8d76f40d1b44cc07d5a867,AUTHORITATIVE,none,,
paper_data/03_MENDELEY_CROSS_MACHINE/generalization/predictions/D2-M_seed72_predictions_test_B8.csv,prediction_level,MILLING_CROSS_MACHINE,D2-M,B8,72,2751,14,experiments_mendeley/04_overall_comparison/predictions/D2-M_seed72_predictions_test_B8.csv,24375bc0ae9eb9f625404ba9d5521295ddae9987e97dbf52c5ec04b8ccb4aee9,24375bc0ae9eb9f625404ba9d5521295ddae9987e97dbf52c5ec04b8ccb4aee9,AUTHORITATIVE,none,,
paper_data/03_MENDELEY_CROSS_MACHINE/generalization/predictions/D2-M_seed72_predictions_test_B9.csv,prediction_level,MILLING_CROSS_MACHINE,D2-M,B9,72,2751,14,experiments_mendeley/04_overall_comparison/predictions/D2-M_seed72_predictions_test_B9.csv,acacaed3dffee5c05d3aa89a19691cb8d63b79b0fcfcc6e1d96c582b73a16cf9,acacaed3dffee5c05d3aa89a19691cb8d63b79b0fcfcc6e1d96c582b73a16cf9,AUTHORITATIVE,none,,
paper_data/03_MENDELEY_CROSS_MACHINE/generalization/predictions/D2-M_seed82_predictions_test_B1.csv,prediction_level,MILLING_CROSS_MACHINE,D2-M,B1,82,2751,14,experiments_mendeley/04_overall_comparison/predictions/D2-M_seed82_predictions_test_B1.csv,8b872864519865f9156a315ed1f6ac61eafcae131e476062ec3befc525cef582,8b872864519865f9156a315ed1f6ac61eafcae131e476062ec3befc525cef582,AUTHORITATIVE,none,,
paper_data/03_MENDELEY_CROSS_MACHINE/generalization/predictions/D2-M_seed82_predictions_test_B10.csv,prediction_level,MILLING_CROSS_MACHINE,D2-M,B10,82,2751,14,experiments_mendeley/04_overall_comparison/predictions/D2-M_seed82_predictions_test_B10.csv,987b13452c2357fcee36d0b16398965dc3fe1b4b77ea726130f5e43e1515d9a0,987b13452c2357fcee36d0b16398965dc3fe1b4b77ea726130f5e43e1515d9a0,AUTHORITATIVE,none,,
paper_data/03_MENDELEY_CROSS_MACHINE/generalization/predictions/D2-M_seed82_predictions_test_B11B12.csv,prediction_level,MILLING_CROSS_MACHINE,D2-M,B11B12,82,2751,120,experiments_mendeley/04_overall_comparison/predictions/D2-M_seed82_predictions_test_B11B12.csv,a7868efcb5cd7a12506829911089326ea3d38b49bf9bee17345bac188f656ea8,a7868efcb5cd7a12506829911089326ea3d38b49bf9bee17345bac188f656ea8,AUTHORITATIVE,none,,
paper_data/03_MENDELEY_CROSS_MACHINE/generalization/predictions/D2-M_seed82_predictions_test_B2.csv,prediction_level,MILLING_CROSS_MACHINE,D2-M,B2,82,2751,14,experiments_mendeley/04_overall_comparison/predictions/D2-M_seed82_predictions_test_B2.csv,0c4089a24ab70fc699eaf0f121609e3d1b9ca478cf537e12ba569d05421595ac,0c4089a24ab70fc699eaf0f121609e3d1b9ca478cf537e12ba569d05421595ac,AUTHORITATIVE,none,,
paper_data/03_MENDELEY_CROSS_MACHINE/generalization/predictions/D2-M_seed82_predictions_test_B3.csv,prediction_level,MILLING_CROSS_MACHINE,D2-M,B3,82,2751,14,experiments_mendeley/04_overall_comparison/predictions/D2-M_seed82_predictions_test_B3.csv,3ec014d67577b1c16a662ba75f9178c5ac79e037c5238bbf88a348bc0cc361dc,3ec014d67577b1c16a662ba75f9178c5ac79e037c5238bbf88a348bc0cc361dc,AUTHORITATIVE,none,,
paper_data/03_MENDELEY_CROSS_MACHINE/generalization/predictions/D2-M_seed82_predictions_test_B4.csv,prediction_level,MILLING_CROSS_MACHINE,D2-M,B4,82,2751,14,experiments_mendeley/04_overall_comparison/predictions/D2-M_seed82_predictions_test_B4.csv,4a47f780e752a36fa33f1be521f102e629ee29e8cb22b97d4e33b67854af4d89,4a47f780e752a36fa33f1be521f102e629ee29e8cb22b97d4e33b67854af4d89,AUTHORITATIVE,none,,
paper_data/03_MENDELEY_CROSS_MACHINE/generalization/predictions/D2-M_seed82_predictions_test_B5.csv,prediction_level,MILLING_CROSS_MACHINE,D2-M,B5,82,2751,14,experiments_mendeley/04_overall_comparison/predictions/D2-M_seed82_predictions_test_B5.csv,52510cf8db8b001ca3e7b633d8aec4f0f86aabb40ba91876c42e12cef6633949,52510cf8db8b001ca3e7b633d8aec4f0f86aabb40ba91876c42e12cef6633949,AUTHORITATIVE,none,,
paper_data/03_MENDELEY_CROSS_MACHINE/generalization/predictions/D2-M_seed82_predictions_test_B6.csv,prediction_level,MILLING_CROSS_MACHINE,D2-M,B6,82,2751,14,experiments_mendeley/04_overall_comparison/predictions/D2-M_seed82_predictions_test_B6.csv,00e0c67c71ce8c4df5f15c9133f3b5cf656cef70222475e6c89d9024a451a130,00e0c67c71ce8c4df5f15c9133f3b5cf656cef70222475e6c89d9024a451a130,AUTHORITATIVE,none,,
paper_data/03_MENDELEY_CROSS_MACHINE/generalization/predictions/D2-M_seed82_predictions_test_B7.csv,prediction_level,MILLING_CROSS_MACHINE,D2-M,B7,82,2751,14,experiments_mendeley/04_overall_comparison/predictions/D2-M_seed82_predictions_test_B7.csv,ebaf2414ea51d926668829e30bb6e77cbb99d9778376e3b15de88e1aa2305f36,ebaf2414ea51d926668829e30bb6e77cbb99d9778376e3b15de88e1aa2305f36,AUTHORITATIVE,none,,
paper_data/03_MENDELEY_CROSS_MACHINE/generalization/predictions/D2-M_seed82_predictions_test_B8.csv,prediction_level,MILLING_CROSS_MACHINE,D2-M,B8,82,2751,14,experiments_mendeley/04_overall_comparison/predictions/D2-M_seed82_predictions_test_B8.csv,dcf396a2b1d8e5b427565fd27f8842e239450c50ac92523f0a57322b5c317de6,dcf396a2b1d8e5b427565fd27f8842e239450c50ac92523f0a57322b5c317de6,AUTHORITATIVE,none,,
paper_data/03_MENDELEY_CROSS_MACHINE/generalization/predictions/D2-M_seed82_predictions_test_B9.csv,prediction_level,MILLING_CROSS_MACHINE,D2-M,B9,82,2751,14,experiments_mendeley/04_overall_comparison/predictions/D2-M_seed82_predictions_test_B9.csv,bb122ea98b0be8032d6b28cb5ddea4916063b3d7a91bf766d2916c7758ff1af4,bb122ea98b0be8032d6b28cb5ddea4916063b3d7a91bf766d2916c7758ff1af4,AUTHORITATIVE,none,,
paper_data/03_MENDELEY_CROSS_MACHINE/generalization/predictions/D3-M_seed42_predictions_test_B1.csv,prediction_level,MILLING_CROSS_MACHINE,D3-M,B1,42,1823,14,experiments_mendeley/04_overall_comparison/predictions/D3-M_seed42_predictions_test_B1.csv,a7681e089bc2f95f67c34cc0ced16958dce6713b286690ad9d9a9ebd5b6c17eb,a7681e089bc2f95f67c34cc0ced16958dce6713b286690ad9d9a9ebd5b6c17eb,AUTHORITATIVE,none,,
paper_data/03_MENDELEY_CROSS_MACHINE/generalization/predictions/D3-M_seed42_predictions_test_B10.csv,prediction_level,MILLING_CROSS_MACHINE,D3-M,B10,42,1823,14,experiments_mendeley/04_overall_comparison/predictions/D3-M_seed42_predictions_test_B10.csv,0a23ca573006de21c313c3bf3355db29d9c3bb11ec6d65c33d1f8d07d8f4f809,0a23ca573006de21c313c3bf3355db29d9c3bb11ec6d65c33d1f8d07d8f4f809,AUTHORITATIVE,none,,
paper_data/03_MENDELEY_CROSS_MACHINE/generalization/predictions/D3-M_seed42_predictions_test_B11B12.csv,prediction_level,MILLING_CROSS_MACHINE,D3-M,B11B12,42,1823,120,experiments_mendeley/04_overall_comparison/predictions/D3-M_seed42_predictions_test_B11B12.csv,8296bbcf6b9c20a0009c63f0fec68fce2bff55eae57d250d9f6810e2ea33bd7a,8296bbcf6b9c20a0009c63f0fec68fce2bff55eae57d250d9f6810e2ea33bd7a,AUTHORITATIVE,none,,
paper_data/03_MENDELEY_CROSS_MACHINE/generalization/predictions/D3-M_seed42_predictions_test_B2.csv,prediction_level,MILLING_CROSS_MACHINE,D3-M,B2,42,1823,14,experiments_mendeley/04_overall_comparison/predictions/D3-M_seed42_predictions_test_B2.csv,d42fccb826ecba6807f8cfaea01bb30beb508b5a4b3732504189868b149c8956,d42fccb826ecba6807f8cfaea01bb30beb508b5a4b3732504189868b149c8956,AUTHORITATIVE,none,,
paper_data/03_MENDELEY_CROSS_MACHINE/generalization/predictions/D3-M_seed42_predictions_test_B3.csv,prediction_level,MILLING_CROSS_MACHINE,D3-M,B3,42,1823,14,experiments_mendeley/04_overall_comparison/predictions/D3-M_seed42_predictions_test_B3.csv,26c4f88d70d0f2c70860d09a1c990e6d5dfe2c7d387b5a4f63531d16be0cf9df,26c4f88d70d0f2c70860d09a1c990e6d5dfe2c7d387b5a4f63531d16be0cf9df,AUTHORITATIVE,none,,
paper_data/03_MENDELEY_CROSS_MACHINE/generalization/predictions/D3-M_seed42_predictions_test_B4.csv,prediction_level,MILLING_CROSS_MACHINE,D3-M,B4,42,1823,14,experiments_mendeley/04_overall_comparison/predictions/D3-M_seed42_predictions_test_B4.csv,caf7847a5d54a4a89f0cda7ce103d194f4cc9ed8e6f4743013245e84c4efba5f,caf7847a5d54a4a89f0cda7ce103d194f4cc9ed8e6f4743013245e84c4efba5f,AUTHORITATIVE,none,,
paper_data/03_MENDELEY_CROSS_MACHINE/generalization/predictions/D3-M_seed42_predictions_test_B5.csv,prediction_level,MILLING_CROSS_MACHINE,D3-M,B5,42,1823,14,experiments_mendeley/04_overall_comparison/predictions/D3-M_seed42_predictions_test_B5.csv,aa1a4444e2ad1897b455b79107bcd4340641b9d0cbebac41f75db298ee6da532,aa1a4444e2ad1897b455b79107bcd4340641b9d0cbebac41f75db298ee6da532,AUTHORITATIVE,none,,
paper_data/03_MENDELEY_CROSS_MACHINE/generalization/predictions/D3-M_seed42_predictions_test_B6.csv,prediction_level,MILLING_CROSS_MACHINE,D3-M,B6,42,1823,14,experiments_mendeley/04_overall_comparison/predictions/D3-M_seed42_predictions_test_B6.csv,d44d8100b211c29fe3ca2faf52a26e55f51741548471ce2ae4caf81886cc5868,d44d8100b211c29fe3ca2faf52a26e55f51741548471ce2ae4caf81886cc5868,AUTHORITATIVE,none,,
paper_data/03_MENDELEY_CROSS_MACHINE/generalization/predictions/D3-M_seed42_predictions_test_B7.csv,prediction_level,MILLING_CROSS_MACHINE,D3-M,B7,42,1823,14,experiments_mendeley/04_overall_comparison/predictions/D3-M_seed42_predictions_test_B7.csv,673305731fd5984181afb1a998ddef9c860231ac83244f3c6c066b4b5349408d,673305731fd5984181afb1a998ddef9c860231ac83244f3c6c066b4b5349408d,AUTHORITATIVE,none,,
paper_data/03_MENDELEY_CROSS_MACHINE/generalization/predictions/D3-M_seed42_predictions_test_B8.csv,prediction_level,MILLING_CROSS_MACHINE,D3-M,B8,42,1823,14,experiments_mendeley/04_overall_comparison/predictions/D3-M_seed42_predictions_test_B8.csv,1b5ebdf168665a38245ae9f7bee66bf53da97daa6247f5d541e1678db2183d43,1b5ebdf168665a38245ae9f7bee66bf53da97daa6247f5d541e1678db2183d43,AUTHORITATIVE,none,,
paper_data/03_MENDELEY_CROSS_MACHINE/generalization/predictions/D3-M_seed42_predictions_test_B9.csv,prediction_level,MILLING_CROSS_MACHINE,D3-M,B9,42,1823,14,experiments_mendeley/04_overall_comparison/predictions/D3-M_seed42_predictions_test_B9.csv,4c78c9b712fa6efe77f5be27354baf3a441a3821ce6e14204d74d05a2adb0a89,4c78c9b712fa6efe77f5be27354baf3a441a3821ce6e14204d74d05a2adb0a89,AUTHORITATIVE,none,,
paper_data/03_MENDELEY_CROSS_MACHINE/generalization/predictions/D3-M_seed52_predictions_test_B1.csv,prediction_level,MILLING_CROSS_MACHINE,D3-M,B1,52,1823,14,experiments_mendeley/04_overall_comparison/predictions/D3-M_seed52_predictions_test_B1.csv,1b1d7c69bebddeeeca3dc673d4cc45fbfac5b704e5fa5d83b38093179e16b3a4,1b1d7c69bebddeeeca3dc673d4cc45fbfac5b704e5fa5d83b38093179e16b3a4,AUTHORITATIVE,none,,
paper_data/03_MENDELEY_CROSS_MACHINE/generalization/predictions/D3-M_seed52_predictions_test_B10.csv,prediction_level,MILLING_CROSS_MACHINE,D3-M,B10,52,1823,14,experiments_mendeley/04_overall_comparison/predictions/D3-M_seed52_predictions_test_B10.csv,c9a5cce351f080b7291b6163906a238d6c8b187bd1be12cf4848ec116eddb483,c9a5cce351f080b7291b6163906a238d6c8b187bd1be12cf4848ec116eddb483,AUTHORITATIVE,none,,
paper_data/03_MENDELEY_CROSS_MACHINE/generalization/predictions/D3-M_seed52_predictions_test_B11B12.csv,prediction_level,MILLING_CROSS_MACHINE,D3-M,B11B12,52,1823,120,experiments_mendeley/04_overall_comparison/predictions/D3-M_seed52_predictions_test_B11B12.csv,f843c58eb67393339dc903623bddff555ad08ddf4f312558645c9105930e9c90,f843c58eb67393339dc903623bddff555ad08ddf4f312558645c9105930e9c90,AUTHORITATIVE,none,,
paper_data/03_MENDELEY_CROSS_MACHINE/generalization/predictions/D3-M_seed52_predictions_test_B2.csv,prediction_level,MILLING_CROSS_MACHINE,D3-M,B2,52,1823,14,experiments_mendeley/04_overall_comparison/predictions/D3-M_seed52_predictions_test_B2.csv,53fb1b5a99317efadf5b2bb489c49e6de28b2be8a56aed0e86867e85f3ef072e,53fb1b5a99317efadf5b2bb489c49e6de28b2be8a56aed0e86867e85f3ef072e,AUTHORITATIVE,none,,
paper_data/03_MENDELEY_CROSS_MACHINE/generalization/predictions/D3-M_seed52_predictions_test_B3.csv,prediction_level,MILLING_CROSS_MACHINE,D3-M,B3,52,1823,14,experiments_mendeley/04_overall_comparison/predictions/D3-M_seed52_predictions_test_B3.csv,f4cba310b44901c9104466bb4ba3331939587ac16304a8a37b9f6721a477b8d7,f4cba310b44901c9104466bb4ba3331939587ac16304a8a37b9f6721a477b8d7,AUTHORITATIVE,none,,
paper_data/03_MENDELEY_CROSS_MACHINE/generalization/predictions/D3-M_seed52_predictions_test_B4.csv,prediction_level,MILLING_CROSS_MACHINE,D3-M,B4,52,1823,14,experiments_mendeley/04_overall_comparison/predictions/D3-M_seed52_predictions_test_B4.csv,7906ba047be704f6e5cb70638fa431d3e1f188632bb01d29f9d4aeae0976eec8,7906ba047be704f6e5cb70638fa431d3e1f188632bb01d29f9d4aeae0976eec8,AUTHORITATIVE,none,,
paper_data/03_MENDELEY_CROSS_MACHINE/generalization/predictions/D3-M_seed52_predictions_test_B5.csv,prediction_level,MILLING_CROSS_MACHINE,D3-M,B5,52,1823,14,experiments_mendeley/04_overall_comparison/predictions/D3-M_seed52_predictions_test_B5.csv,c4cbbc53dd7ba4091311c87ab71354cfc293e4fd7450f81a846aa6b8d5010b13,c4cbbc53dd7ba4091311c87ab71354cfc293e4fd7450f81a846aa6b8d5010b13,AUTHORITATIVE,none,,
paper_data/03_MENDELEY_CROSS_MACHINE/generalization/predictions/D3-M_seed52_predictions_test_B6.csv,prediction_level,MILLING_CROSS_MACHINE,D3-M,B6,52,1823,14,experiments_mendeley/04_overall_comparison/predictions/D3-M_seed52_predictions_test_B6.csv,725683e06b5cf649711071b843ba7dc6f5b6286761253d4d355ebdff7480b672,725683e06b5cf649711071b843ba7dc6f5b6286761253d4d355ebdff7480b672,AUTHORITATIVE,none,,
paper_data/03_MENDELEY_CROSS_MACHINE/generalization/predictions/D3-M_seed52_predictions_test_B7.csv,prediction_level,MILLING_CROSS_MACHINE,D3-M,B7,52,1823,14,experiments_mendeley/04_overall_comparison/predictions/D3-M_seed52_predictions_test_B7.csv,65c4e33d8d43059da6038d31ed52650e7f310b5c6a539914cfe9492baedd8f78,65c4e33d8d43059da6038d31ed52650e7f310b5c6a539914cfe9492baedd8f78,AUTHORITATIVE,none,,
paper_data/03_MENDELEY_CROSS_MACHINE/generalization/predictions/D3-M_seed52_predictions_test_B8.csv,prediction_level,MILLING_CROSS_MACHINE,D3-M,B8,52,1823,14,experiments_mendeley/04_overall_comparison/predictions/D3-M_seed52_predictions_test_B8.csv,e78a8d199ff89782d83628b776c3337a0bb6d197475f927bcc6cfe2e6b4223f0,e78a8d199ff89782d83628b776c3337a0bb6d197475f927bcc6cfe2e6b4223f0,AUTHORITATIVE,none,,
paper_data/03_MENDELEY_CROSS_MACHINE/generalization/predictions/D3-M_seed52_predictions_test_B9.csv,prediction_level,MILLING_CROSS_MACHINE,D3-M,B9,52,1823,14,experiments_mendeley/04_overall_comparison/predictions/D3-M_seed52_predictions_test_B9.csv,d8119ff22eb8e7be6b7c345de86dc2a97104b2ba1eacd9464bc6883db9635f61,d8119ff22eb8e7be6b7c345de86dc2a97104b2ba1eacd9464bc6883db9635f61,AUTHORITATIVE,none,,
paper_data/03_MENDELEY_CROSS_MACHINE/generalization/predictions/D3-M_seed62_predictions_test_B1.csv,prediction_level,MILLING_CROSS_MACHINE,D3-M,B1,62,1823,14,experiments_mendeley/04_overall_comparison/predictions/D3-M_seed62_predictions_test_B1.csv,b4d9b0208faddfef91563dc766a0a9c8fd7dd5affaf4a8152f5e78300fe516e2,b4d9b0208faddfef91563dc766a0a9c8fd7dd5affaf4a8152f5e78300fe516e2,AUTHORITATIVE,none,,
paper_data/03_MENDELEY_CROSS_MACHINE/generalization/predictions/D3-M_seed62_predictions_test_B10.csv,prediction_level,MILLING_CROSS_MACHINE,D3-M,B10,62,1823,14,experiments_mendeley/04_overall_comparison/predictions/D3-M_seed62_predictions_test_B10.csv,4953e1da40da7d5f345509ebd01ddccc779571e8d4f440864f89f5e45e9f8a6c,4953e1da40da7d5f345509ebd01ddccc779571e8d4f440864f89f5e45e9f8a6c,AUTHORITATIVE,none,,
paper_data/03_MENDELEY_CROSS_MACHINE/generalization/predictions/D3-M_seed62_predictions_test_B11B12.csv,prediction_level,MILLING_CROSS_MACHINE,D3-M,B11B12,62,1823,120,experiments_mendeley/04_overall_comparison/predictions/D3-M_seed62_predictions_test_B11B12.csv,11cacdb833ed05fbd6043410712dff97935e74289eaaa285b4463cdd11cf7166,11cacdb833ed05fbd6043410712dff97935e74289eaaa285b4463cdd11cf7166,AUTHORITATIVE,none,,
paper_data/03_MENDELEY_CROSS_MACHINE/generalization/predictions/D3-M_seed62_predictions_test_B2.csv,prediction_level,MILLING_CROSS_MACHINE,D3-M,B2,62,1823,14,experiments_mendeley/04_overall_comparison/predictions/D3-M_seed62_predictions_test_B2.csv,5ae5b02e93d52d61f68b0de0bdfc905df53fa8b2953bb781e9b77462989d374a,5ae5b02e93d52d61f68b0de0bdfc905df53fa8b2953bb781e9b77462989d374a,AUTHORITATIVE,none,,
paper_data/03_MENDELEY_CROSS_MACHINE/generalization/predictions/D3-M_seed62_predictions_test_B3.csv,prediction_level,MILLING_CROSS_MACHINE,D3-M,B3,62,1823,14,experiments_mendeley/04_overall_comparison/predictions/D3-M_seed62_predictions_test_B3.csv,1c9e799fe75780593e756b18696aec258112501f977f4ffd1d376633510879e5,1c9e799fe75780593e756b18696aec258112501f977f4ffd1d376633510879e5,AUTHORITATIVE,none,,
paper_data/03_MENDELEY_CROSS_MACHINE/generalization/predictions/D3-M_seed62_predictions_test_B4.csv,prediction_level,MILLING_CROSS_MACHINE,D3-M,B4,62,1823,14,experiments_mendeley/04_overall_comparison/predictions/D3-M_seed62_predictions_test_B4.csv,16cc4ef66c294795775f049c5f133509e50ee954b1d8d0695f0e315dd7d1551b,16cc4ef66c294795775f049c5f133509e50ee954b1d8d0695f0e315dd7d1551b,AUTHORITATIVE,none,,
paper_data/03_MENDELEY_CROSS_MACHINE/generalization/predictions/D3-M_seed62_predictions_test_B5.csv,prediction_level,MILLING_CROSS_MACHINE,D3-M,B5,62,1823,14,experiments_mendeley/04_overall_comparison/predictions/D3-M_seed62_predictions_test_B5.csv,6bf77888f1db7f7e460529ee6a5f6557f1c70efef5ee3dbcb4df41982231d52f,6bf77888f1db7f7e460529ee6a5f6557f1c70efef5ee3dbcb4df41982231d52f,AUTHORITATIVE,none,,
paper_data/03_MENDELEY_CROSS_MACHINE/generalization/predictions/D3-M_seed62_predictions_test_B6.csv,prediction_level,MILLING_CROSS_MACHINE,D3-M,B6,62,1823,14,experiments_mendeley/04_overall_comparison/predictions/D3-M_seed62_predictions_test_B6.csv,ebb0e6fe5091e62a3d05942590bd8daed790af2bb5ae96626f68a9dea6f0fbc4,ebb0e6fe5091e62a3d05942590bd8daed790af2bb5ae96626f68a9dea6f0fbc4,AUTHORITATIVE,none,,
paper_data/03_MENDELEY_CROSS_MACHINE/generalization/predictions/D3-M_seed62_predictions_test_B7.csv,prediction_level,MILLING_CROSS_MACHINE,D3-M,B7,62,1823,14,experiments_mendeley/04_overall_comparison/predictions/D3-M_seed62_predictions_test_B7.csv,0db5b8209960b721aacd28aa3fa05186935b1fdddbccb7a46d5f9427e179d1ee,0db5b8209960b721aacd28aa3fa05186935b1fdddbccb7a46d5f9427e179d1ee,AUTHORITATIVE,none,,
paper_data/03_MENDELEY_CROSS_MACHINE/generalization/predictions/D3-M_seed62_predictions_test_B8.csv,prediction_level,MILLING_CROSS_MACHINE,D3-M,B8,62,1823,14,experiments_mendeley/04_overall_comparison/predictions/D3-M_seed62_predictions_test_B8.csv,80d68822bcdae2a3d504629be44aefe428bb719bba39c7c0de6f0fe5ae14821a,80d68822bcdae2a3d504629be44aefe428bb719bba39c7c0de6f0fe5ae14821a,AUTHORITATIVE,none,,
paper_data/03_MENDELEY_CROSS_MACHINE/generalization/predictions/D3-M_seed62_predictions_test_B9.csv,prediction_level,MILLING_CROSS_MACHINE,D3-M,B9,62,1823,14,experiments_mendeley/04_overall_comparison/predictions/D3-M_seed62_predictions_test_B9.csv,010509a7cde12143858de1060072ac925a65bcef6a71c07d33525a9e7de30c30,010509a7cde12143858de1060072ac925a65bcef6a71c07d33525a9e7de30c30,AUTHORITATIVE,none,,
paper_data/03_MENDELEY_CROSS_MACHINE/generalization/predictions/D3-M_seed72_predictions_test_B1.csv,prediction_level,MILLING_CROSS_MACHINE,D3-M,B1,72,1823,14,experiments_mendeley/04_overall_comparison/predictions/D3-M_seed72_predictions_test_B1.csv,5494235c3060fdab7ddfed4447a225a57b6fe8f03701d423ea953de310bd65dc,5494235c3060fdab7ddfed4447a225a57b6fe8f03701d423ea953de310bd65dc,AUTHORITATIVE,none,,
paper_data/03_MENDELEY_CROSS_MACHINE/generalization/predictions/D3-M_seed72_predictions_test_B10.csv,prediction_level,MILLING_CROSS_MACHINE,D3-M,B10,72,1823,14,experiments_mendeley/04_overall_comparison/predictions/D3-M_seed72_predictions_test_B10.csv,420cddbfe17987fcb49d82ba240a57a2870205051213628bee2e46421c22402f,420cddbfe17987fcb49d82ba240a57a2870205051213628bee2e46421c22402f,AUTHORITATIVE,none,,
paper_data/03_MENDELEY_CROSS_MACHINE/generalization/predictions/D3-M_seed72_predictions_test_B11B12.csv,prediction_level,MILLING_CROSS_MACHINE,D3-M,B11B12,72,1823,120,experiments_mendeley/04_overall_comparison/predictions/D3-M_seed72_predictions_test_B11B12.csv,9e77239966032544e42705edcdf45dc42ee36a07ff47b13d4e00c390fbf95da6,9e77239966032544e42705edcdf45dc42ee36a07ff47b13d4e00c390fbf95da6,AUTHORITATIVE,none,,
paper_data/03_MENDELEY_CROSS_MACHINE/generalization/predictions/D3-M_seed72_predictions_test_B2.csv,prediction_level,MILLING_CROSS_MACHINE,D3-M,B2,72,1823,14,experiments_mendeley/04_overall_comparison/predictions/D3-M_seed72_predictions_test_B2.csv,0b5bbe7e3d71a78042e5ef3ea079d25881b7c90f7f1f84db77140b109a847e64,0b5bbe7e3d71a78042e5ef3ea079d25881b7c90f7f1f84db77140b109a847e64,AUTHORITATIVE,none,,
paper_data/03_MENDELEY_CROSS_MACHINE/generalization/predictions/D3-M_seed72_predictions_test_B3.csv,prediction_level,MILLING_CROSS_MACHINE,D3-M,B3,72,1823,14,experiments_mendeley/04_overall_comparison/predictions/D3-M_seed72_predictions_test_B3.csv,f2254175b280cda908ef6fbfd3ac46f6efa72fe5088f7c98a0583939728f9a56,f2254175b280cda908ef6fbfd3ac46f6efa72fe5088f7c98a0583939728f9a56,AUTHORITATIVE,none,,
paper_data/03_MENDELEY_CROSS_MACHINE/generalization/predictions/D3-M_seed72_predictions_test_B4.csv,prediction_level,MILLING_CROSS_MACHINE,D3-M,B4,72,1823,14,experiments_mendeley/04_overall_comparison/predictions/D3-M_seed72_predictions_test_B4.csv,3af5142e77b883e2dd773b050dbf2b8612685bc1bb91515b90f4d663199640a3,3af5142e77b883e2dd773b050dbf2b8612685bc1bb91515b90f4d663199640a3,AUTHORITATIVE,none,,
paper_data/03_MENDELEY_CROSS_MACHINE/generalization/predictions/D3-M_seed72_predictions_test_B5.csv,prediction_level,MILLING_CROSS_MACHINE,D3-M,B5,72,1823,14,experiments_mendeley/04_overall_comparison/predictions/D3-M_seed72_predictions_test_B5.csv,52ca0c22f325427a80946da8722979eb2e2b72b3c35be0c974cd1f57f9b762e2,52ca0c22f325427a80946da8722979eb2e2b72b3c35be0c974cd1f57f9b762e2,AUTHORITATIVE,none,,
paper_data/03_MENDELEY_CROSS_MACHINE/generalization/predictions/D3-M_seed72_predictions_test_B6.csv,prediction_level,MILLING_CROSS_MACHINE,D3-M,B6,72,1823,14,experiments_mendeley/04_overall_comparison/predictions/D3-M_seed72_predictions_test_B6.csv,bd2d32bbe0e52ddbcded93d9c1a1e374ea7a31ef14e61562f19b4a3a5d475033,bd2d32bbe0e52ddbcded93d9c1a1e374ea7a31ef14e61562f19b4a3a5d475033,AUTHORITATIVE,none,,
paper_data/03_MENDELEY_CROSS_MACHINE/generalization/predictions/D3-M_seed72_predictions_test_B7.csv,prediction_level,MILLING_CROSS_MACHINE,D3-M,B7,72,1823,14,experiments_mendeley/04_overall_comparison/predictions/D3-M_seed72_predictions_test_B7.csv,17dd360540102b5fb9a9bd11a240f42a14f63cb7bc191953bec20d21ec751f2e,17dd360540102b5fb9a9bd11a240f42a14f63cb7bc191953bec20d21ec751f2e,AUTHORITATIVE,none,,
paper_data/03_MENDELEY_CROSS_MACHINE/generalization/predictions/D3-M_seed72_predictions_test_B8.csv,prediction_level,MILLING_CROSS_MACHINE,D3-M,B8,72,1823,14,experiments_mendeley/04_overall_comparison/predictions/D3-M_seed72_predictions_test_B8.csv,253d0a18e850ba208fb638e80d6791762df32a1644a4dcafb420d4a83cfe7b39,253d0a18e850ba208fb638e80d6791762df32a1644a4dcafb420d4a83cfe7b39,AUTHORITATIVE,none,,
paper_data/03_MENDELEY_CROSS_MACHINE/generalization/predictions/D3-M_seed72_predictions_test_B9.csv,prediction_level,MILLING_CROSS_MACHINE,D3-M,B9,72,1823,14,experiments_mendeley/04_overall_comparison/predictions/D3-M_seed72_predictions_test_B9.csv,cc9c7cfc219e9662bf085bb35524af9ec84b568d8546a798b8651dbe76246013,cc9c7cfc219e9662bf085bb35524af9ec84b568d8546a798b8651dbe76246013,AUTHORITATIVE,none,,
paper_data/03_MENDELEY_CROSS_MACHINE/generalization/predictions/D3-M_seed82_predictions_test_B1.csv,prediction_level,MILLING_CROSS_MACHINE,D3-M,B1,82,1823,14,experiments_mendeley/04_overall_comparison/predictions/D3-M_seed82_predictions_test_B1.csv,5494235c3060fdab7ddfed4447a225a57b6fe8f03701d423ea953de310bd65dc,5494235c3060fdab7ddfed4447a225a57b6fe8f03701d423ea953de310bd65dc,AUTHORITATIVE,none,,
paper_data/03_MENDELEY_CROSS_MACHINE/generalization/predictions/D3-M_seed82_predictions_test_B10.csv,prediction_level,MILLING_CROSS_MACHINE,D3-M,B10,82,1823,14,experiments_mendeley/04_overall_comparison/predictions/D3-M_seed82_predictions_test_B10.csv,75d13b5bdbc7fad476802a5f9301dcfedd9d51a0ab0f8c5e76677af5ab84cff5,75d13b5bdbc7fad476802a5f9301dcfedd9d51a0ab0f8c5e76677af5ab84cff5,AUTHORITATIVE,none,,
paper_data/03_MENDELEY_CROSS_MACHINE/generalization/predictions/D3-M_seed82_predictions_test_B11B12.csv,prediction_level,MILLING_CROSS_MACHINE,D3-M,B11B12,82,1823,120,experiments_mendeley/04_overall_comparison/predictions/D3-M_seed82_predictions_test_B11B12.csv,3789ed12c0e81fadd2f2c2dccaa79ce76101a274ad5a392f9c785ec5521226d9,3789ed12c0e81fadd2f2c2dccaa79ce76101a274ad5a392f9c785ec5521226d9,AUTHORITATIVE,none,,
paper_data/03_MENDELEY_CROSS_MACHINE/generalization/predictions/D3-M_seed82_predictions_test_B2.csv,prediction_level,MILLING_CROSS_MACHINE,D3-M,B2,82,1823,14,experiments_mendeley/04_overall_comparison/predictions/D3-M_seed82_predictions_test_B2.csv,70e95557e3098cae2c8ed10d57db363ba06e003c0bc13c3d9b160291904b3826,70e95557e3098cae2c8ed10d57db363ba06e003c0bc13c3d9b160291904b3826,AUTHORITATIVE,none,,
paper_data/03_MENDELEY_CROSS_MACHINE/generalization/predictions/D3-M_seed82_predictions_test_B3.csv,prediction_level,MILLING_CROSS_MACHINE,D3-M,B3,82,1823,14,experiments_mendeley/04_overall_comparison/predictions/D3-M_seed82_predictions_test_B3.csv,09389a87798bae9a055fc10b22598a4f5284fb262f8cf65cd3256a1c90cf5dea,09389a87798bae9a055fc10b22598a4f5284fb262f8cf65cd3256a1c90cf5dea,AUTHORITATIVE,none,,
paper_data/03_MENDELEY_CROSS_MACHINE/generalization/predictions/D3-M_seed82_predictions_test_B4.csv,prediction_level,MILLING_CROSS_MACHINE,D3-M,B4,82,1823,14,experiments_mendeley/04_overall_comparison/predictions/D3-M_seed82_predictions_test_B4.csv,d417cd277bff164183c20520502b5c3001bbabd7ffb477c6800a5386fe58ac2a,d417cd277bff164183c20520502b5c3001bbabd7ffb477c6800a5386fe58ac2a,AUTHORITATIVE,none,,
paper_data/03_MENDELEY_CROSS_MACHINE/generalization/predictions/D3-M_seed82_predictions_test_B5.csv,prediction_level,MILLING_CROSS_MACHINE,D3-M,B5,82,1823,14,experiments_mendeley/04_overall_comparison/predictions/D3-M_seed82_predictions_test_B5.csv,517f1d8e5e5f8d8d6f0f304916b030ad11437a614b253565037baa16e5226bb4,517f1d8e5e5f8d8d6f0f304916b030ad11437a614b253565037baa16e5226bb4,AUTHORITATIVE,none,,
paper_data/03_MENDELEY_CROSS_MACHINE/generalization/predictions/D3-M_seed82_predictions_test_B6.csv,prediction_level,MILLING_CROSS_MACHINE,D3-M,B6,82,1823,14,experiments_mendeley/04_overall_comparison/predictions/D3-M_seed82_predictions_test_B6.csv,6315f041fb5a820e8875e127bf504106710f1443993c6d8c4739ea5b3f1338cc,6315f041fb5a820e8875e127bf504106710f1443993c6d8c4739ea5b3f1338cc,AUTHORITATIVE,none,,
paper_data/03_MENDELEY_CROSS_MACHINE/generalization/predictions/D3-M_seed82_predictions_test_B7.csv,prediction_level,MILLING_CROSS_MACHINE,D3-M,B7,82,1823,14,experiments_mendeley/04_overall_comparison/predictions/D3-M_seed82_predictions_test_B7.csv,4847c4255f90114e5a17e41fd7deb6f083c97d02fc5062239b7d643ceddffca0,4847c4255f90114e5a17e41fd7deb6f083c97d02fc5062239b7d643ceddffca0,AUTHORITATIVE,none,,
paper_data/03_MENDELEY_CROSS_MACHINE/generalization/predictions/D3-M_seed82_predictions_test_B8.csv,prediction_level,MILLING_CROSS_MACHINE,D3-M,B8,82,1823,14,experiments_mendeley/04_overall_comparison/predictions/D3-M_seed82_predictions_test_B8.csv,7c23afca3b0215e4e479bedb744a82a00d18321d6fe55fcff214c7be3c9cc953,7c23afca3b0215e4e479bedb744a82a00d18321d6fe55fcff214c7be3c9cc953,AUTHORITATIVE,none,,
paper_data/03_MENDELEY_CROSS_MACHINE/generalization/predictions/D3-M_seed82_predictions_test_B9.csv,prediction_level,MILLING_CROSS_MACHINE,D3-M,B9,82,1823,14,experiments_mendeley/04_overall_comparison/predictions/D3-M_seed82_predictions_test_B9.csv,e2f3df04643cd7d022bef79cf7d9e028cafbcad59c6ee344ca4518c16a6169aa,e2f3df04643cd7d022bef79cf7d9e028cafbcad59c6ee344ca4518c16a6169aa,AUTHORITATIVE,none,,
paper_data/03_MENDELEY_CROSS_MACHINE/generalization/single_source/single_source_mean_std.csv,summary,MILLING_CROSS_MACHINE,"D1-M,D2-M,D3-M",,,0,0,experiments_mendeley/05_generalization/single_source/single_source_mean_std.csv,42fa36e1b07035bffbe90492b8e4f2bfba3933c014d5fadb33963c904cd3eb8d,42fa36e1b07035bffbe90492b8e4f2bfba3933c014d5fadb33963c904cd3eb8d,AUDIT_SUPPORTING,none,,single-source file is retained only as non-completion evidence
paper_data/03_MENDELEY_CROSS_MACHINE/generalization/summary/generalization_cross_task_summary.csv,summary,MILLING_CROSS_MACHINE,"D1-M,D2-M,D3-M",,,4,42,experiments_mendeley/05_generalization/summary/generalization_cross_task_summary.csv,ea89b963c7a1c6942dfe43455a3de7c57aa752dc64db1bbf3ff33190c4b6cb62,ea89b963c7a1c6942dfe43455a3de7c57aa752dc64db1bbf3ff33190c4b6cb62,AUTHORITATIVE,none,,
paper_data/03_MENDELEY_CROSS_MACHINE/overall_by_seed.csv,seed_level,MILLING_CROSS_MACHINE,"D1-M,D2-M,D3-M",,,180,29,experiments_mendeley/04_overall_comparison/by_seed/overall_comparison_metrics_by_seed.csv,c5e87dfd5ad1197d4b3fd9df14322442f916982d7cfafb1fdc58e90b79fadf07,c5e87dfd5ad1197d4b3fd9df14322442f916982d7cfafb1fdc58e90b79fadf07,AUTHORITATIVE,none,,
paper_data/03_MENDELEY_CROSS_MACHINE/overall_by_task_mean_std.csv,summary,MILLING_CROSS_MACHINE,"D1-M,D2-M,D3-M",,,36,60,experiments_mendeley/04_overall_comparison/summary/overall_comparison_mean_std_by_task.csv,7c36dbba4cca668496cc9b235cde0a44b424df83e203e3cc5f64278efbc8c4b2,7c36dbba4cca668496cc9b235cde0a44b424df83e203e3cc5f64278efbc8c4b2,AUTHORITATIVE,none,,
paper_data/03_MENDELEY_CROSS_MACHINE/semantics/embeddings/representation_embeddings.parquet,summary,MILLING_CROSS_MACHINE,"D1-M,D2-M,D3-M",,,NA,NA,experiments_mendeley/07_semantic_consistency/embeddings/representation_embeddings.parquet,ba18a08b4487679d32ef17c42841c02f80a6370810777ce153a35134969b2d2a,ba18a08b4487679d32ef17c42841c02f80a6370810777ce153a35134969b2d2a,AUTHORITATIVE,none,,
paper_data/03_MENDELEY_CROSS_MACHINE/semantics/probability_evolution/D1-M_seed42_predictions_test_B11B12.csv,prediction_level,MILLING_CROSS_MACHINE,"D1-M,D2-M,D3-M",,,1745,120,experiments_mendeley/07_semantic_consistency/probability_evolution/D1-M_seed42_predictions_test_B11B12.csv,106c079141e7c4000193a9a5bf389990a4990704b3399ec3fd5d2a3c9a40c240,106c079141e7c4000193a9a5bf389990a4990704b3399ec3fd5d2a3c9a40c240,AUTHORITATIVE,none,,
paper_data/03_MENDELEY_CROSS_MACHINE/semantics/probability_evolution/D1-M_seed52_predictions_test_B11B12.csv,prediction_level,MILLING_CROSS_MACHINE,"D1-M,D2-M,D3-M",,,1745,120,experiments_mendeley/07_semantic_consistency/probability_evolution/D1-M_seed52_predictions_test_B11B12.csv,1efb3ca46b65c3e73bc0c77c0dadca1c93bcade593979a33f2701d026e5b2fc8,1efb3ca46b65c3e73bc0c77c0dadca1c93bcade593979a33f2701d026e5b2fc8,AUTHORITATIVE,none,,
paper_data/03_MENDELEY_CROSS_MACHINE/semantics/probability_evolution/D1-M_seed62_predictions_test_B11B12.csv,prediction_level,MILLING_CROSS_MACHINE,"D1-M,D2-M,D3-M",,,1745,120,experiments_mendeley/07_semantic_consistency/probability_evolution/D1-M_seed62_predictions_test_B11B12.csv,464a2933ace0956149a9616ef029bb8b0a1be83762f221869c77b97cd4dfbc4e,464a2933ace0956149a9616ef029bb8b0a1be83762f221869c77b97cd4dfbc4e,AUTHORITATIVE,none,,
paper_data/03_MENDELEY_CROSS_MACHINE/semantics/probability_evolution/D1-M_seed72_predictions_test_B11B12.csv,prediction_level,MILLING_CROSS_MACHINE,"D1-M,D2-M,D3-M",,,1745,120,experiments_mendeley/07_semantic_consistency/probability_evolution/D1-M_seed72_predictions_test_B11B12.csv,c727edd47483af81f3f7b034a76988451fa70d1b38c806ccde33731c2e94cf8f,c727edd47483af81f3f7b034a76988451fa70d1b38c806ccde33731c2e94cf8f,AUTHORITATIVE,none,,
paper_data/03_MENDELEY_CROSS_MACHINE/semantics/probability_evolution/D1-M_seed82_predictions_test_B11B12.csv,prediction_level,MILLING_CROSS_MACHINE,"D1-M,D2-M,D3-M",,,1745,120,experiments_mendeley/07_semantic_consistency/probability_evolution/D1-M_seed82_predictions_test_B11B12.csv,cf7405e565ca848d90a6e0e6c1c950bf62365c1a72b802471aa5c0bc7a5b709b,cf7405e565ca848d90a6e0e6c1c950bf62365c1a72b802471aa5c0bc7a5b709b,AUTHORITATIVE,none,,
paper_data/03_MENDELEY_CROSS_MACHINE/semantics/probability_evolution/D2-M_seed42_predictions_test_B11B12.csv,prediction_level,MILLING_CROSS_MACHINE,"D1-M,D2-M,D3-M",,,2751,120,experiments_mendeley/07_semantic_consistency/probability_evolution/D2-M_seed42_predictions_test_B11B12.csv,87c2a775d4b4d8b625f4f804c0aecb4f243a651533dbccff7597ec043c5c2fe9,87c2a775d4b4d8b625f4f804c0aecb4f243a651533dbccff7597ec043c5c2fe9,AUTHORITATIVE,none,,
paper_data/03_MENDELEY_CROSS_MACHINE/semantics/probability_evolution/D2-M_seed52_predictions_test_B11B12.csv,prediction_level,MILLING_CROSS_MACHINE,"D1-M,D2-M,D3-M",,,2751,120,experiments_mendeley/07_semantic_consistency/probability_evolution/D2-M_seed52_predictions_test_B11B12.csv,c68146955318e2508af2021487e444eaba8546e9016d0424c8d198456213e55d,c68146955318e2508af2021487e444eaba8546e9016d0424c8d198456213e55d,AUTHORITATIVE,none,,
paper_data/03_MENDELEY_CROSS_MACHINE/semantics/probability_evolution/D2-M_seed62_predictions_test_B11B12.csv,prediction_level,MILLING_CROSS_MACHINE,"D1-M,D2-M,D3-M",,,2751,120,experiments_mendeley/07_semantic_consistency/probability_evolution/D2-M_seed62_predictions_test_B11B12.csv,e5bcc3b006d8f1c1e24998b9ce34acd96ed3769f4790db42eda194014280def0,e5bcc3b006d8f1c1e24998b9ce34acd96ed3769f4790db42eda194014280def0,AUTHORITATIVE,none,,
paper_data/03_MENDELEY_CROSS_MACHINE/semantics/probability_evolution/D2-M_seed72_predictions_test_B11B12.csv,prediction_level,MILLING_CROSS_MACHINE,"D1-M,D2-M,D3-M",,,2751,120,experiments_mendeley/07_semantic_consistency/probability_evolution/D2-M_seed72_predictions_test_B11B12.csv,8e27941c6d912474316ecd5620008e424b60ae806c00f7984fbc67df74b3486a,8e27941c6d912474316ecd5620008e424b60ae806c00f7984fbc67df74b3486a,AUTHORITATIVE,none,,
paper_data/03_MENDELEY_CROSS_MACHINE/semantics/probability_evolution/D2-M_seed82_predictions_test_B11B12.csv,prediction_level,MILLING_CROSS_MACHINE,"D1-M,D2-M,D3-M",,,2751,120,experiments_mendeley/07_semantic_consistency/probability_evolution/D2-M_seed82_predictions_test_B11B12.csv,a7868efcb5cd7a12506829911089326ea3d38b49bf9bee17345bac188f656ea8,a7868efcb5cd7a12506829911089326ea3d38b49bf9bee17345bac188f656ea8,AUTHORITATIVE,none,,
paper_data/03_MENDELEY_CROSS_MACHINE/semantics/probability_evolution/D3-M_seed42_predictions_test_B11B12.csv,prediction_level,MILLING_CROSS_MACHINE,"D1-M,D2-M,D3-M",,,1823,120,experiments_mendeley/07_semantic_consistency/probability_evolution/D3-M_seed42_predictions_test_B11B12.csv,8296bbcf6b9c20a0009c63f0fec68fce2bff55eae57d250d9f6810e2ea33bd7a,8296bbcf6b9c20a0009c63f0fec68fce2bff55eae57d250d9f6810e2ea33bd7a,AUTHORITATIVE,none,,
paper_data/03_MENDELEY_CROSS_MACHINE/semantics/probability_evolution/D3-M_seed52_predictions_test_B11B12.csv,prediction_level,MILLING_CROSS_MACHINE,"D1-M,D2-M,D3-M",,,1823,120,experiments_mendeley/07_semantic_consistency/probability_evolution/D3-M_seed52_predictions_test_B11B12.csv,f843c58eb67393339dc903623bddff555ad08ddf4f312558645c9105930e9c90,f843c58eb67393339dc903623bddff555ad08ddf4f312558645c9105930e9c90,AUTHORITATIVE,none,,
paper_data/03_MENDELEY_CROSS_MACHINE/semantics/probability_evolution/D3-M_seed62_predictions_test_B11B12.csv,prediction_level,MILLING_CROSS_MACHINE,"D1-M,D2-M,D3-M",,,1823,120,experiments_mendeley/07_semantic_consistency/probability_evolution/D3-M_seed62_predictions_test_B11B12.csv,11cacdb833ed05fbd6043410712dff97935e74289eaaa285b4463cdd11cf7166,11cacdb833ed05fbd6043410712dff97935e74289eaaa285b4463cdd11cf7166,AUTHORITATIVE,none,,
paper_data/03_MENDELEY_CROSS_MACHINE/semantics/probability_evolution/D3-M_seed72_predictions_test_B11B12.csv,prediction_level,MILLING_CROSS_MACHINE,"D1-M,D2-M,D3-M",,,1823,120,experiments_mendeley/07_semantic_consistency/probability_evolution/D3-M_seed72_predictions_test_B11B12.csv,9e77239966032544e42705edcdf45dc42ee36a07ff47b13d4e00c390fbf95da6,9e77239966032544e42705edcdf45dc42ee36a07ff47b13d4e00c390fbf95da6,AUTHORITATIVE,none,,
paper_data/03_MENDELEY_CROSS_MACHINE/semantics/probability_evolution/D3-M_seed82_predictions_test_B11B12.csv,prediction_level,MILLING_CROSS_MACHINE,"D1-M,D2-M,D3-M",,,1823,120,experiments_mendeley/07_semantic_consistency/probability_evolution/D3-M_seed82_predictions_test_B11B12.csv,3789ed12c0e81fadd2f2c2dccaa79ce76101a274ad5a392f9c785ec5521226d9,3789ed12c0e81fadd2f2c2dccaa79ce76101a274ad5a392f9c785ec5521226d9,AUTHORITATIVE,none,,
paper_data/03_MENDELEY_CROSS_MACHINE/semantics/q_metrics/q_metrics_by_seed.csv,summary,MILLING_CROSS_MACHINE,"D1-M,D2-M,D3-M",,,30,11,experiments_mendeley/07_semantic_consistency/q_metrics/q_metrics_by_seed.csv,d6c7cd72c788a33322484ebd8de1e9c244e2190f7121461756631b16d188b2be,d6c7cd72c788a33322484ebd8de1e9c244e2190f7121461756631b16d188b2be,AUTHORITATIVE,none,,
paper_data/03_MENDELEY_CROSS_MACHINE/semantics/q_metrics/q_metrics_summary.csv,summary,MILLING_CROSS_MACHINE,"D1-M,D2-M,D3-M",,,6,60,experiments_mendeley/07_semantic_consistency/q_metrics/q_metrics_summary.csv,e987c8506008e6cf3969d7a1f2fc14e4a6381bc82df7ee527e26039e3c32bdcd,e987c8506008e6cf3969d7a1f2fc14e4a6381bc82df7ee527e26039e3c32bdcd,AUTHORITATIVE,none,,
paper_data/03_MENDELEY_CROSS_MACHINE/semantics/stage_semantics/stage_semantics_by_seed.csv,summary,MILLING_CROSS_MACHINE,"D1-M,D2-M,D3-M",,,42,10,experiments_mendeley/07_semantic_consistency/stage_semantics/stage_semantics_by_seed.csv,d79d5ca6c7c75bed50dfc9c0ffd05c2c3515de3f9f575e83473303e02b7c654a,d79d5ca6c7c75bed50dfc9c0ffd05c2c3515de3f9f575e83473303e02b7c654a,AUTHORITATIVE,none,,
paper_data/03_MENDELEY_CROSS_MACHINE/semantics/stage_semantics/stage_semantics_summary.csv,summary,MILLING_CROSS_MACHINE,"D1-M,D2-M,D3-M",,,4,5,experiments_mendeley/07_semantic_consistency/stage_semantics/stage_semantics_summary.csv,7485cdf670fcc77aea74545e9d14320eaca876d8a5469b994bbcc0224e913751,7485cdf670fcc77aea74545e9d14320eaca876d8a5469b994bbcc0224e913751,AUTHORITATIVE,none,,
paper_data/03_MENDELEY_CROSS_MACHINE/task_definitions.csv,metadata,MILLING_CROSS_MACHINE,,,,3,9,experiments_mendeley/02_protocols/task_definitions.json,a344f0b45589be828fd73ea0af64fceb41affa828c0628afff0e228a75f7f11a,79e86e7810cbb7898f116d3f386c22656f5d5d8dc2bb2760cb5b0b940424e100,AUTHORITATIVE,retain completed core dual-source tasks only,cross-machine task definitions,inputs=experiments_mendeley/02_protocols/task_definitions.json
paper_data/04_cross_dataset/D2M_failure_distribution.csv,derived_distribution,MILLING_CROSS_MACHINE,D2-M,,,90,8,paper_data/03_MENDELEY_CROSS_MACHINE/semantics/probability_evolution/D2-M_seed42_predictions_test_B11B12.csv;paper_data/03_MENDELEY_CROSS_MACHINE/semantics/probability_evolution/D2-M_seed52_predictions_test_B11B12.csv;paper_data/03_MENDELEY_CROSS_MACHINE/semantics/probability_evolution/D2-M_seed62_predictions_test_B11B12.csv;paper_data/03_MENDELEY_CROSS_MACHINE/semantics/probability_evolution/D2-M_seed72_predictions_test_B11B12.csv;paper_data/03_MENDELEY_CROSS_MACHINE/semantics/probability_evolution/D2-M_seed82_predictions_test_B11B12.csv,87c2a775d4b4d8b625f4f804c0aecb4f243a651533dbccff7597ec043c5c2fe9;c68146955318e2508af2021487e444eaba8546e9016d0424c8d198456213e55d;e5bcc3b006d8f1c1e24998b9ce34acd96ed3769f4790db42eda194014280def0;8e27941c6d912474316ecd5620008e424b60ae806c00f7984fbc67df74b3486a;a7868efcb5cd7a12506829911089326ea3d38b49bf9bee17345bac188f656ea8,715aa3d7048d73bd0a064b79206deb5731d93d2a558c10717b495a9455539a3f,DERIVED,stage_true by raw(B11)/final(B12) predicted-stage counts and within-method proportions,Fig.3 D2-M failure analysis,inputs=paper_data/03_MENDELEY_CROSS_MACHINE/semantics/probability_evolution/D2-M_seed42_predictions_test_B11B12.csv;paper_data/03_MENDELEY_CROSS_MACHINE/semantics/probability_evolution/D2-M_seed52_predictions_test_B11B12.csv;paper_data/03_MENDELEY_CROSS_MACHINE/semantics/probability_evolution/D2-M_seed62_predictions_test_B11B12.csv;paper_data/03_MENDELEY_CROSS_MACHINE/semantics/probability_evolution/D2-M_seed72_predictions_test_B11B12.csv;paper_data/03_MENDELEY_CROSS_MACHINE/semantics/probability_evolution/D2-M_seed82_predictions_test_B11B12.csv
paper_data/04_cross_dataset/README.md,documentation,,,,,NA,NA,,,5764694d765a021008de0bd806ce32609f6290850f844ad969bf84442954a52b,DERIVED,generated by build_paper_data.py,provenance and usage,
paper_data/04_cross_dataset/backbone_vs_dcpsr_absolute.csv,summary,CROSS_DATASET,,,,12,10,paper_data/01_PHM2010/01_main_D1/D1_9methods_bootstrap_CI.csv;paper_data/02_NASA/original_split_mean_std.csv;paper_data/03_MENDELEY_CROSS_MACHINE/overall_by_task_mean_std.csv,28388ba9014dcc23d361752dfee3b4ed3b7f21c968b8ce390911e035ff7b622e;8c2713395678398664488bd2661e6933e41d4099eb723abb0bae396b1bb3d247;7c36dbba4cca668496cc9b235cde0a44b424df83e203e3cc5f64278efbc8c4b2,17fd92351352429d5a54b20e18dfcc44e816c4fbe46a581c59b57ffd65568184,DERIVED,select B11/B12 absolute metrics; no normalization,cross-dataset absolute evidence,inputs=paper_data/01_PHM2010/01_main_D1/D1_9methods_bootstrap_CI.csv;paper_data/02_NASA/original_split_mean_std.csv;paper_data/03_MENDELEY_CROSS_MACHINE/overall_by_task_mean_std.csv
paper_data/04_cross_dataset/backbone_vs_dcpsr_deltas.csv,derived_metric,CROSS_DATASET,,,,6,7,paper_data/04_cross_dataset/backbone_vs_dcpsr_absolute.csv,17fd92351352429d5a54b20e18dfcc44e816c4fbe46a581c59b57ffd65568184,fa6529e27eceaba902771ded6fe0e3b32f668570c2ac68263d1271f843ec634f,DERIVED,B12-B11 for Acc/M_F1; B11-B12 for Smooth/Jump,effect direction without losing absolute data,inputs=paper_data/04_cross_dataset/backbone_vs_dcpsr_absolute.csv
paper_data/04_cross_dataset/cross_machine_task_deltas.csv,derived_metric,MILLING_CROSS_MACHINE,,,,4,7,paper_data/04_cross_dataset/backbone_vs_dcpsr_absolute.csv,17fd92351352429d5a54b20e18dfcc44e816c4fbe46a581c59b57ffd65568184,467ef844266572a7ab978d0e16f2bd8a2f4569b862b73b2584e88410eb924151,DERIVED,subset per-task B11/B12 deltas,Fig.3 cross-machine panel,inputs=paper_data/04_cross_dataset/backbone_vs_dcpsr_absolute.csv
paper_data/05_baseline_metadata/README.md,documentation,,,,,NA,NA,,,0219a980f1987a5a579cf374054dae6ce341924fbec85f9b4e52d2a2068393bd,DERIVED,generated by build_paper_data.py,provenance and usage,
paper_data/05_baseline_metadata/baseline_literature.csv,metadata,CROSS_METHOD,,,,8,12,DC_PSR_最终对比方法_9个Baseline_文献信息与复现评估.xlsx,edc468bcd2d42a145d7079be9f2526568728dd8561105562f752ec8701e9c4af,9d9ca9c681f56898d7f43f5536f8577e1d54207e4f57f48cc335eeb67ec84fa3,CANONICAL_COPY,extract workbook rows; current implementation status reconciled to final evidence,literature and implementation provenance,inputs=DC_PSR_最终对比方法_9个Baseline_文献信息与复现评估.xlsx
paper_data/05_baseline_metadata/baseline_model_complexity.csv,metadata,CROSS_METHOD,,,,9,8,baselines/rf/FINAL_REPORT.md;baselines/tcn_gru/FINAL_REPORT.md;baselines/multitask_tcn_gru/FINAL_REPORT.md;final_statistical_evidence/FINAL_STATISTICAL_REPORT.md;baselines/htt_net/README.md;baselines/multi_source_attention/FINAL_REPORT.md;baselines/mtf_avitk/FINAL_REPORT.md;baselines/dynamic_gin_tgp/FINAL_REPORT.md;baselines/dp2net/FINAL_REPORT.md,9aa3b42ae720a5867c731fce690a512cda792f22ca964d55099b50f75f43640a;a6f0376d04849a26ecb76959c2b93ab9673f4d05529f38967be7c8b62f4eb0c1;bde25b3149399900486dc609e844755607432724a4c8b03c01b8d8d82ddcd638;ed087e34d357174a01ab64e593eb282f186998f5f1887a3da2a74078b3e54f04;e74f2935d9c4bb10c6f29350b891f693c3c72442d47365b7e1134794bc3feced;b7c8fb8b351060c05b8d44783faf822d17617eb96931072de1b138727655d2fc;60d1160b608d6402f4ff3f9e50a05e2154ad1989f456095b286c4856108657a6;b8f87f6060e144f85f04c01b8c36f198630a104d3e5203a5f66f4477e65fe29b;afda86f9d73745f5d075ca16b350fcd09cf313886aae669d529f4a7108375a8d,37ba0a33c362cfafff31cc9f522a1e808730a5b6f65ba22b73900ede44107417,CANONICAL_COPY,transcribe explicitly reported complexity only; unavailable values remain NA,model complexity table,inputs=baselines/rf/FINAL_REPORT.md;baselines/tcn_gru/FINAL_REPORT.md;baselines/multitask_tcn_gru/FINAL_REPORT.md;final_statistical_evidence/FINAL_STATISTICAL_REPORT.md;baselines/htt_net/README.md;baselines/multi_source_attention/FINAL_REPORT.md;baselines/mtf_avitk/FINAL_REPORT.md;baselines/dynamic_gin_tgp/FINAL_REPORT.md;baselines/dp2net/FINAL_REPORT.md
paper_data/06_canonical_tables/README.md,documentation,,,,,NA,NA,,,e8e684aa16d36283e6775a6eceee570edcab538b74ae6b3dd75c1247f3a821d1,DERIVED,generated by build_paper_data.py,provenance and usage,
paper_data/06_canonical_tables/all_metrics_long.csv,canonical_long,ALL,,,,1761,20,paper_data/01_PHM2010/01_main_D1/D1_9methods_bootstrap_CI.csv;paper_data/01_PHM2010/02_cross_condition_D1_D2_D3/transfer_tasks_long.csv;paper_data/01_PHM2010/03_ablation/A1_A6_AUTHORITATIVE.csv;paper_data/02_NASA/original_split_mean_std.csv;paper_data/02_NASA/task_level_results.csv;paper_data/03_MENDELEY_CROSS_MACHINE/overall_by_seed.csv;paper_data/03_MENDELEY_CROSS_MACHINE/overall_by_task_mean_std.csv,28388ba9014dcc23d361752dfee3b4ed3b7f21c968b8ce390911e035ff7b622e;44f81d8584cd3d8c530fac260ded28cb1783d56fe7480607c3df13d91777e665;2bd8032f8e7e0261cd957cd9ed44381c58ebf781990e19fe2976eb13af6f2bd4;8c2713395678398664488bd2661e6933e41d4099eb723abb0bae396b1bb3d247;518278bacf0191aa091e6dc139dec939515528790424e1825a551e83f2352b8d;c5e87dfd5ad1197d4b3fd9df14322442f916982d7cfafb1fdc58e90b79fadf07;7c36dbba4cca668496cc9b235cde0a44b424df83e203e3cc5f64278efbc8c4b2,550be74336731a4ddb0bf30d955df809c5c7a90c53f56ab0cd081ebdef893a28,AUTHORITATIVE,unpivot canonical summaries; uncertainty types remain distinct,single long-form metric entrypoint,inputs=paper_data/01_PHM2010/01_main_D1/D1_9methods_bootstrap_CI.csv;paper_data/01_PHM2010/02_cross_condition_D1_D2_D3/transfer_tasks_long.csv;paper_data/01_PHM2010/03_ablation/A1_A6_AUTHORITATIVE.csv;paper_data/02_NASA/original_split_mean_std.csv;paper_data/02_NASA/task_level_results.csv;paper_data/03_MENDELEY_CROSS_MACHINE/overall_by_seed.csv;paper_data/03_MENDELEY_CROSS_MACHINE/overall_by_task_mean_std.csv
paper_data/06_canonical_tables/all_metrics_wide.csv,canonical_wide,ALL,,,,278,43,paper_data/06_canonical_tables/all_metrics_long.csv,550be74336731a4ddb0bf30d955df809c5c7a90c53f56ab0cd081ebdef893a28,23f834e2f9945f9e121d8bc21eb56fa03851b1b782133d783dda93f3cb91ff53,AUTHORITATIVE,pivot metric/value only; no aggregation,direct manuscript tables,inputs=paper_data/06_canonical_tables/all_metrics_long.csv
paper_data/06_canonical_tables/manuscript_table_index.csv,index,,,,,4,3,,,e6a21d767fceaaeb37cea2c72dc58f1990183198ab90c81930178c00c988092f,DERIVED,explicit manuscript mapping,table lookup,inputs=
paper_data/07_figure_ready/fig1/B11_B12_controlled_comparison.csv,figure_ready,PHM2010,D1,,,2,27,paper_data/01_PHM2010/01_main_D1/D1_9methods_bootstrap_CI.csv,28388ba9014dcc23d361752dfee3b4ed3b7f21c968b8ce390911e035ff7b622e,9e9673498c0bcebd47874b57f9acb95c7b0a5ab7a74686f277ca2631053ab7e7,DERIVED,select B11 and B12,Fig.1 controlled comparison,inputs=paper_data/01_PHM2010/01_main_D1/D1_9methods_bootstrap_CI.csv
paper_data/07_figure_ready/fig1/D1_main_metrics.csv,figure_ready,PHM2010,D1,,,9,27,paper_data/01_PHM2010/01_main_D1/D1_9methods_bootstrap_CI.csv,28388ba9014dcc23d361752dfee3b4ed3b7f21c968b8ce390911e035ff7b622e,74b108210a3b3214962c89e010ab0cb01b9e07bf4e3fac2fbe653ca8acf3f6c8,DERIVED,column-preserving copy,Fig.1,inputs=paper_data/01_PHM2010/01_main_D1/D1_9methods_bootstrap_CI.csv
paper_data/07_figure_ready/fig1/accuracy_consistency_points.csv,figure_ready,PHM2010,D1,,,9,14,paper_data/01_PHM2010/01_main_D1/D1_9methods_bootstrap_CI.csv,28388ba9014dcc23d361752dfee3b4ed3b7f21c968b8ce390911e035ff7b622e,65a9f5b814dc738ddb764aac9685653167940f4c4a1bbe201e9c624d45e5b828,DERIVED,consistency_score=1-Smooth,Fig.1 scatter,inputs=paper_data/01_PHM2010/01_main_D1/D1_9methods_bootstrap_CI.csv
paper_data/07_figure_ready/fig2/taskwise_absolute.csv,figure_ready,PHM2010,,,,27,25,paper_data/01_PHM2010/02_cross_condition_D1_D2_D3/transfer_tasks_long.csv,44f81d8584cd3d8c530fac260ded28cb1783d56fe7480607c3df13d91777e665,5715575e6d7bebea1eb182462c035c1e84e6b534e6f3535e1c015e90784d21a7,DERIVED,absolute rows unchanged,Fig.2,inputs=paper_data/01_PHM2010/02_cross_condition_D1_D2_D3/transfer_tasks_long.csv
paper_data/07_figure_ready/fig2/taskwise_normalized.csv,figure_ready,PHM2010,,,,81,15,paper_data/01_PHM2010/02_cross_condition_D1_D2_D3/transfer_tasks_long.csv,44f81d8584cd3d8c530fac260ded28cb1783d56fe7480607c3df13d91777e665,e569082c81a0dc48a5b894c6667afc7b59189220e1b74aa0dedce18fad69e9db,DERIVED,task-wise min-max; Smooth inverted,Fig.2 heatmap,inputs=paper_data/01_PHM2010/02_cross_condition_D1_D2_D3/transfer_tasks_long.csv
paper_data/07_figure_ready/fig2/taskwise_rank.csv,figure_ready,PHM2010,,,,81,14,paper_data/01_PHM2010/02_cross_condition_D1_D2_D3/transfer_tasks_long.csv,44f81d8584cd3d8c530fac260ded28cb1783d56fe7480607c3df13d91777e665,41fdf03b7f3ff0b1d39e396d278b546d20d0c1f40eb2b533814d4e68c2f285b6,DERIVED,within-task ordinal rank; ties share first occurrence rank,Fig.2 ranks,inputs=paper_data/01_PHM2010/02_cross_condition_D1_D2_D3/transfer_tasks_long.csv
paper_data/07_figure_ready/fig3/D2M_failure_distribution.csv,figure_ready,CROSS_DATASET,,,,90,16,paper_data/04_cross_dataset/D2M_failure_distribution.csv,715aa3d7048d73bd0a064b79206deb5731d93d2a558c10717b495a9455539a3f,8296e7064d8fe49fb0ed1e7308048e08a12a56b1fd470a51bbcf4b28079ca479,DERIVED,figure-ready copy from canonical/derived cross-dataset table,Fig.3,inputs=paper_data/04_cross_dataset/D2M_failure_distribution.csv
paper_data/07_figure_ready/fig3/cross_dataset_absolute.csv,figure_ready,CROSS_DATASET,,,,12,18,paper_data/04_cross_dataset/backbone_vs_dcpsr_absolute.csv,17fd92351352429d5a54b20e18dfcc44e816c4fbe46a581c59b57ffd65568184,37e447ef90a6f4e8bf0efd0d2c401288f3959f2d229c89fc45303a64ba9bf955,DERIVED,figure-ready copy from canonical/derived cross-dataset table,Fig.3,inputs=paper_data/04_cross_dataset/backbone_vs_dcpsr_absolute.csv
paper_data/07_figure_ready/fig3/cross_dataset_deltas.csv,figure_ready,CROSS_DATASET,,,,6,16,paper_data/04_cross_dataset/backbone_vs_dcpsr_deltas.csv,fa6529e27eceaba902771ded6fe0e3b32f668570c2ac68263d1271f843ec634f,798f1093c0624af0aef6e026f0bbb7b201fe6fa54de899b1cc86b4e7467ed8c0,DERIVED,figure-ready copy from canonical/derived cross-dataset table,Fig.3,inputs=paper_data/04_cross_dataset/backbone_vs_dcpsr_deltas.csv
paper_data/07_figure_ready/fig3/cross_machine_task_deltas.csv,figure_ready,CROSS_DATASET,,,,4,16,paper_data/04_cross_dataset/cross_machine_task_deltas.csv,467ef844266572a7ab978d0e16f2bd8a2f4569b862b73b2584e88410eb924151,9b016e02c9a84e611d2197780fa851050be4d36de70b224c91fbb1817d4038b4,DERIVED,figure-ready copy from canonical/derived cross-dataset table,Fig.3,inputs=paper_data/04_cross_dataset/cross_machine_task_deltas.csv
paper_data/07_figure_ready/fig4/A1_A6_absolute.csv,figure_ready,PHM2010,D1,,,6,20,paper_data/01_PHM2010/03_ablation/A1_A6_AUTHORITATIVE.csv,2bd8032f8e7e0261cd957cd9ed44381c58ebf781990e19fe2976eb13af6f2bd4,bdfb688ef9a8dd987467d81071aaf4d7a984a6bf083a129268a65e4036d55034,DERIVED,absolute values unchanged,Fig.4 only,inputs=paper_data/01_PHM2010/03_ablation/A1_A6_AUTHORITATIVE.csv
paper_data/07_figure_ready/fig4/A1_A6_cumulative_variation.csv,figure_ready,PHM2010,D1,,,1824,14,figures/fig4_ablation/A1_A6_cumulative_variation.csv,1b318c8148d54f2fc7b5b1dd5eedf746fc4e8aef4eaeb05d456c35b5061674fb,8df5afe2d41953869414b10826ca04ed3158ba978fe496298bf0ff7523ae1752,DERIVED,append frozen figure-ready metadata to audited inference-only export,cumulative lifecycle probability variation,inputs=figures/fig4_ablation/A1_A6_cumulative_variation.csv
paper_data/07_figure_ready/fig4/A1_A6_delta_vs_A1.csv,figure_ready,PHM2010,D1,,,6,16,paper_data/01_PHM2010/03_ablation/A1_A6_AUTHORITATIVE.csv,2bd8032f8e7e0261cd957cd9ed44381c58ebf781990e19fe2976eb13af6f2bd4,7780c1701d669b436a89ded03ccf9da54f3f38685869b323fcf023f5751966b4,DERIVED,Ai-A1 for every listed metric,Fig.4 delta panels,inputs=paper_data/01_PHM2010/03_ablation/A1_A6_AUTHORITATIVE.csv
paper_data/07_figure_ready/fig4/A1_A6_lifecycle_variation.csv,figure_ready,PHM2010,D1,,,1824,16,figures/fig4_ablation/A1_A6_lifecycle_variation.csv,ac291edbb6b52c992e7314b327ebcc1bb13503a040ceb8849d4aa0d7a33cd7a9,d880dcd6df8ea2bd5959acbec1f7cae688e688e6bc3ccebfdc9557a21806ac49,DERIVED,append frozen figure-ready metadata to audited inference-only export,local lifecycle probability variation,inputs=figures/fig4_ablation/A1_A6_lifecycle_variation.csv
paper_data/07_figure_ready/fig4/A1_A6_probability_trajectories.csv,figure_ready,PHM2010,D1,,,1824,23,figures/fig4_ablation/A1_A6_probability_trajectories.csv,238ec344414b89c6f0690ba2a1038959d834c994ab99ac1dd7b461ed13548e0e,3cc28dd09d090bb70b1397c1a0c48191354485b518b651e707ac55b588a0124b,DERIVED,append frozen figure-ready metadata to audited inference-only export,audited A1-A6 per-run probabilities,inputs=figures/fig4_ablation/A1_A6_probability_trajectories.csv
paper_data/07_figure_ready/fig5/hidden_representation.csv,figure_ready,PHM2010,D1/C6,,,304,88,paper_data/01_PHM2010/04_semantics/C6_hidden_representation.csv,67829d426106a855de4b1bfadbcac06f7485473f51e2e3e5a2602fc173aee09a,c86b4b4d7413b33c490bd8d2bf6eb1fc6cdf7fca73d423dce2be6ee1a7cca327,DERIVED,full test_C6 hidden representation copy,Fig.5,inputs=paper_data/01_PHM2010/04_semantics/C6_hidden_representation.csv
paper_data/07_figure_ready/fig5/lifecycle_semantics.csv,figure_ready,PHM2010,D1/C6,,,304,23,paper_data/01_PHM2010/04_semantics/C6_lifecycle_probability_wear.csv,c20016d4479b6faa7de4a3f5205f2517c6b67d62f75d6f98daa07fd930102557,568dede1818beaf8580d6755e378d3686f4ef51b87eedb1246eed90afc0f6b40,DERIVED,full lifecycle plus explicitly defined relative life,Fig.5,inputs=paper_data/01_PHM2010/04_semantics/C6_lifecycle_probability_wear.csv
paper_data/07_figure_ready/fig5/q_agreement.csv,figure_ready,PHM2010,D1/C6,,,304,16,paper_data/01_PHM2010/04_semantics/C6_lifecycle_probability_wear.csv,c20016d4479b6faa7de4a3f5205f2517c6b67d62f75d6f98daa07fd930102557,d418202e2dd905a7c42e394c9547eee8f44784f921f554990cf5ce3c95fad817,DERIVED,select raw q pairs; q_pred_norm is intentionally excluded,Fig.5,inputs=paper_data/01_PHM2010/04_semantics/C6_lifecycle_probability_wear.csv
paper_data/07_figure_ready/fig5/q_pred_normalized_display.csv,figure_ready,PHM2010,D1/C6,,,304,13,paper_data/01_PHM2010/04_semantics/C6_lifecycle_probability_wear.csv,c20016d4479b6faa7de4a3f5205f2517c6b67d62f75d6f98daa07fd930102557,cc0d1e6d98da161d3f66f7061cf2432f214ec297af2a4d325bedb5c4570ccacd,AUDIT_SUPPORTING,isolate min-max normalized q display field,Fig.5,inputs=paper_data/01_PHM2010/04_semantics/C6_lifecycle_probability_wear.csv
paper_data/07_figure_ready/fig5/simplex_trajectory.csv,figure_ready,PHM2010,D1/C6,,,304,16,paper_data/01_PHM2010/04_semantics/C6_lifecycle_probability_wear.csv,c20016d4479b6faa7de4a3f5205f2517c6b67d62f75d6f98daa07fd930102557,046fe7b06333c2c869dbf2667b82e3e52b6cd4c969636055bcfc216f91c90a29,DERIVED,select probability simplex columns,Fig.5,inputs=paper_data/01_PHM2010/04_semantics/C6_lifecycle_probability_wear.csv
paper_data/07_figure_ready/fig5/wear_by_predicted_stage.csv,figure_ready,PHM2010,D1/C6,,,3,15,paper_data/01_PHM2010/04_semantics/C6_lifecycle_probability_wear.csv,c20016d4479b6faa7de4a3f5205f2517c6b67d62f75d6f98daa07fd930102557,23cfa31cfed0e91a73f3fcdb16e2c021990609d687b53d654f8011e720a2ffc5,DERIVED,group by predicted_stage; mean/median,Fig.5 wear semantics,inputs=paper_data/01_PHM2010/04_semantics/C6_lifecycle_probability_wear.csv
paper_data/08_table_ready/README.md,documentation,,,,,NA,NA,,,3c0aaa5b41397785025b42735580ecfb8c0f1554e3f51d254d1ba6ee75c8b8b3,DERIVED,generated by build_paper_data.py,provenance and usage,
paper_data/08_table_ready/ablation_table.csv,table_ready,PHM2010,,,,6,11,paper_data/01_PHM2010/03_ablation/A1_A6_AUTHORITATIVE.csv,2bd8032f8e7e0261cd957cd9ed44381c58ebf781990e19fe2976eb13af6f2bd4,e3f57583c59de433c69304e94ae46af3f30f2f0ba7f6d17d9773cc1996d7182f,DERIVED,table-ready copy; absolute values unchanged,authoritative A1-A6 table,inputs=paper_data/01_PHM2010/03_ablation/A1_A6_AUTHORITATIVE.csv
paper_data/08_table_ready/cross_condition_table.csv,table_ready,PHM2010,,,,27,22,paper_data/01_PHM2010/02_cross_condition_D1_D2_D3/transfer_tasks_long.csv,44f81d8584cd3d8c530fac260ded28cb1783d56fe7480607c3df13d91777e665,44f81d8584cd3d8c530fac260ded28cb1783d56fe7480607c3df13d91777e665,DERIVED,table-ready copy; absolute values unchanged,PHM2010 D1/D2/D3 table,inputs=paper_data/01_PHM2010/02_cross_condition_D1_D2_D3/transfer_tasks_long.csv
paper_data/08_table_ready/dataset_table.csv,table_ready,ALL,,,,3,8,paper_data/00_metadata/datasets.csv;paper_data/00_metadata/tasks.csv,fca6ae37f5afa1ee40652740179faefcd9ed074d2bd6e8216b6888e41f06ea6c;d23369123e23ca46b928998bc1bbcaba4d6ec0b29e35eed7dc877bd40b4e0c1c,c77c91526286dd3fef5281d4a0a16e2c1486e8e7c1a38a4cf4247a6bd89df5fd,DERIVED,concise metadata projection,manuscript dataset table,inputs=paper_data/00_metadata/datasets.csv;paper_data/00_metadata/tasks.csv
paper_data/08_table_ready/main_comparison_table.csv,table_ready,PHM2010,,,,9,18,paper_data/01_PHM2010/01_main_D1/D1_9methods_bootstrap_CI.csv,28388ba9014dcc23d361752dfee3b4ed3b7f21c968b8ce390911e035ff7b622e,d67464ca5087c7085cfeafc46c21bc8c612578f4df46055bda46509b3dc99293,DERIVED,table-ready copy; absolute values unchanged,PHM2010 D1 9-method table,inputs=paper_data/01_PHM2010/01_main_D1/D1_9methods_bootstrap_CI.csv
paper_data/90_provenance/COPY_MANIFEST.csv,metadata,,,,,281,7,,,23557434a84155e661a9d52278501c385bed3e42b7086bee4be8b66732bac98f,DERIVED,generated by build_paper_data.py,provenance and usage,
paper_data/90_provenance/KNOWN_BAD_AND_SUPERSEDED.md,documentation,,,,,NA,NA,,,7e0ee629b759d70b20b213bab75fc8fb03f4c34036566f7985b92fe697631ba0,DERIVED,generated by build_paper_data.py,provenance and usage,
paper_data/90_provenance/MANUSCRIPT_SYNC_STATUS.csv,metadata,,,,,3,6,,,0bd4abcceb27d07a29ea376128a5ae08317b2da6d87a38d8d5db612756caafde,DERIVED,generated by build_paper_data.py,provenance and usage,
paper_data/90_provenance/REPOSITORY_STATE.md,documentation,,,,,NA,NA,,,7283cb299e4878e51b09e8409dd480b55d175119729da58d06d7189a290a5a62,DERIVED,generated by build_paper_data.py,provenance and usage,
paper_data/90_provenance/SOURCE_INVENTORY.csv,metadata,,,,,327,7,,,8fe2c2255823ba30f7e0756384f574b39c584a427e9991bd2ba060b5b43733aa,DERIVED,generated by build_paper_data.py,provenance and usage,
paper_data/90_provenance/SOURCE_PRIORITY.md,documentation,,,,,NA,NA,,,7f1a4a8f066736133443e87b9a190573032c14a46e6072b64cb84404cee07010,DERIVED,generated by build_paper_data.py,provenance and usage,
paper_data/90_provenance/TRANSFORMATIONS.md,documentation,,,,,NA,NA,,,7767e0f07e1749f49942150ff4c855e2336c8ad1279cc4da5aa727ef1a0abce9,DERIVED,generated by build_paper_data.py,provenance and usage,
paper_data/90_provenance/UNRESOLVED_ITEMS.csv,metadata,,,,,1,6,,,7c6f67c8d493790068b056c6bf166a579d881aec009adaa2814c58e612e4883d,DERIVED,generated by build_paper_data.py,provenance and usage,
paper_data/99_scripts/README.md,documentation,,,,,NA,NA,,,99cca8edce38ef1ffaff47b93eaa10710466d80d231789900461835f304b2daf,DERIVED,generated by build_paper_data.py,provenance and usage,
paper_data/99_scripts/build_canonical_tables.py,metadata,,,,,NA,NA,,,bd42bb4781538b8f0a9899f37c0766ece93a11faf04e705909f2e65f6009dda4,DERIVED,generated by build_paper_data.py,provenance and usage,
paper_data/99_scripts/build_paper_data.py,metadata,,,,,NA,NA,,,33b4def0f3e1c9f0f319897099cb69214d74a2350728fbcf308614d9fccfa607,DERIVED,generated by build_paper_data.py,provenance and usage,
paper_data/99_scripts/validate_paper_data.py,metadata,,,,,NA,NA,,,c1f94b8bf102cd5ff4f65303e26c0343eab4755bef95d426b6e62749fe9f925a,DERIVED,generated by build_paper_data.py,provenance and usage,
paper_data/FINAL_FREEZE_CLEANUP_HANDOFF.md,documentation,,,,,NA,NA,,,d596f3fb51beffa2ffee2243b39fcd64d0baa332ad5abe256034aea58e32184d,DERIVED,generated by build_paper_data.py,provenance and usage,
paper_data/MANUSCRIPT_DATA_MAP.md,documentation,,,,,NA,NA,,,bacfcc8c017dcf189ff4f5f11507b4028291f0468b25be5a6e65ac08a26e1c2f,DERIVED,generated by build_paper_data.py,provenance and usage,
paper_data/QUICK_USE.md,documentation,,,,,NA,NA,,,344e4df39db3eb1d613d8dbad2063e98203d571f62ae3bf4939077305993ad32,DERIVED,generated by build_paper_data.py,provenance and usage,
paper_data/README.md,documentation,,,,,NA,NA,,,3cb9d8bc1cb0af05abbef0a0f2002e00367155643e3802efc680b241e7b3362c,DERIVED,generated by build_paper_data.py,provenance and usage,
paper_data/DATA_CATALOG.csv,self_index,,,,,SELF,15,paper_data/99_scripts/build_paper_data.py,33b4def0f3e1c9f0f319897099cb69214d74a2350728fbcf308614d9fccfa607,SELF_REFERENTIAL_NOT_APPLICABLE,DERIVED,self-index,catalog,self hash is mathematically excluded
