ID,condition,run_id,relative_tool_life,local_variation_l1,local_variation_l1_smoothed,smoothing_window_runs,dataset_id,task_id,protocol_id,aggregation_level,uncertainty_type,n_test,test_universe,source_path,status
A1,C6,12,0.0,,0.0027457397431135,11,PHM2010,D1,PHM_D1_FROZEN_B11_B12,run_local_probability_variation,none,304,run_id_12_315_common_304,figures/fig4_ablation/A1_A6_lifecycle_variation.csv,DERIVED
A1,C6,13,0.0033003300330033,0.0040745139122009,0.0026604891754686,11,PHM2010,D1,PHM_D1_FROZEN_B11_B12,run_local_probability_variation,none,304,run_id_12_315_common_304,figures/fig4_ablation/A1_A6_lifecycle_variation.csv,DERIVED
A1,C6,14,0.0066006600660066,0.0007946453988552,0.003213274691786,11,PHM2010,D1,PHM_D1_FROZEN_B11_B12,run_local_probability_variation,none,304,run_id_12_315_common_304,figures/fig4_ablation/A1_A6_lifecycle_variation.csv,DERIVED
A1,C6,15,0.0099009900990099,0.0022858260199427,0.0029868631390854,11,PHM2010,D1,PHM_D1_FROZEN_B11_B12,run_local_probability_variation,none,304,run_id_12_315_common_304,figures/fig4_ablation/A1_A6_lifecycle_variation.csv,DERIVED
A1,C6,16,0.0132013201320132,0.0020918985828757,0.0037413865534795,11,PHM2010,D1,PHM_D1_FROZEN_B11_B12,run_local_probability_variation,none,304,run_id_12_315_common_304,figures/fig4_ablation/A1_A6_lifecycle_variation.csv,DERIVED
A1,C6,17,0.0165016501650165,0.0044818148016929,0.0038572477176785,11,PHM2010,D1,PHM_D1_FROZEN_B11_B12,run_local_probability_variation,none,304,run_id_12_315_common_304,figures/fig4_ablation/A1_A6_lifecycle_variation.csv,DERIVED
A1,C6,18,0.0198019801980198,0.0022342363372445,0.0037470297379927,11,PHM2010,D1,PHM_D1_FROZEN_B11_B12,run_local_probability_variation,none,304,run_id_12_315_common_304,figures/fig4_ablation/A1_A6_lifecycle_variation.csv,DERIVED
A1,C6,19,0.0231023102310231,0.0065299877896904,0.0035054066472432,11,PHM2010,D1,PHM_D1_FROZEN_B11_B12,run_local_probability_variation,none,304,run_id_12_315_common_304,figures/fig4_ablation/A1_A6_lifecycle_variation.csv,DERIVED
A1,C6,20,0.0264026402640264,0.0014019822701811,0.0035629380833018,11,PHM2010,D1,PHM_D1_FROZEN_B11_B12,run_local_probability_variation,none,304,run_id_12_315_common_304,figures/fig4_ablation/A1_A6_lifecycle_variation.csv,DERIVED
A1,C6,21,0.0297029702970297,0.0097775738686323,0.0034814618358557,11,PHM2010,D1,PHM_D1_FROZEN_B11_B12,run_local_probability_variation,none,304,run_id_12_315_common_304,figures/fig4_ablation/A1_A6_lifecycle_variation.csv,DERIVED
A1,C6,22,0.033003300330033,0.0048999981954693,0.0033426543867046,11,PHM2010,D1,PHM_D1_FROZEN_B11_B12,run_local_probability_variation,none,304,run_id_12_315_common_304,figures/fig4_ablation/A1_A6_lifecycle_variation.csv,DERIVED
A1,C6,23,0.0363036303630363,0.0026448499411344,0.0029836289415305,11,PHM2010,D1,PHM_D1_FROZEN_B11_B12,run_local_probability_variation,none,304,run_id_12_315_common_304,figures/fig4_ablation/A1_A6_lifecycle_variation.csv,DERIVED
A1,C6,24,0.0396039603960396,0.0014166599139571,0.0028289980678395,11,PHM2010,D1,PHM_D1_FROZEN_B11_B12,run_local_probability_variation,none,304,run_id_12_315_common_304,figures/fig4_ablation/A1_A6_lifecycle_variation.csv,DERIVED
A1,C6,25,0.0429042904290429,0.0014274911954998,0.0022756746885451,11,PHM2010,D1,PHM_D1_FROZEN_B11_B12,run_local_probability_variation,none,304,run_id_12_315_common_304,figures/fig4_ablation/A1_A6_lifecycle_variation.csv,DERIVED
A1,C6,26,0.0462046204620462,0.0013895872980356,0.0022174886173822,11,PHM2010,D1,PHM_D1_FROZEN_B11_B12,run_local_probability_variation,none,304,run_id_12_315_common_304,figures/fig4_ablation/A1_A6_lifecycle_variation.csv,DERIVED
A1,C6,27,0.0495049504950495,0.0005650166422128,0.0013397159054875,11,PHM2010,D1,PHM_D1_FROZEN_B11_B12,run_local_probability_variation,none,304,run_id_12_315_common_304,figures/fig4_ablation/A1_A6_lifecycle_variation.csv,DERIVED
A1,C6,28,0.0528052805280528,0.000532534904778,0.0009725491770289,11,PHM2010,D1,PHM_D1_FROZEN_B11_B12,run_local_probability_variation,none,304,run_id_12_315_common_304,figures/fig4_ablation/A1_A6_lifecycle_variation.csv,DERIVED
A1,C6,29,0.0561056105610561,0.000533296726644,0.0007745625281875,11,PHM2010,D1,PHM_D1_FROZEN_B11_B12,run_local_probability_variation,none,304,run_id_12_315_common_304,figures/fig4_ablation/A1_A6_lifecycle_variation.csv,DERIVED
A1,C6,30,0.0594059405940594,0.0004434306174516,0.0006727255372838,11,PHM2010,D1,PHM_D1_FROZEN_B11_B12,run_local_probability_variation,none,304,run_id_12_315_common_304,figures/fig4_ablation/A1_A6_lifecycle_variation.csv,DERIVED
A1,C6,31,0.0627062706270627,0.0007619354873895,0.0005549278787591,11,PHM2010,D1,PHM_D1_FROZEN_B11_B12,run_local_probability_variation,none,304,run_id_12_315_common_304,figures/fig4_ablation/A1_A6_lifecycle_variation.csv,DERIVED
A1,C6,32,0.066006600660066,0.0001220740377902,0.0004514154385436,11,PHM2010,D1,PHM_D1_FROZEN_B11_B12,run_local_probability_variation,none,304,run_id_12_315_common_304,figures/fig4_ablation/A1_A6_lifecycle_variation.csv,DERIVED
A1,C6,33,0.0693069306930693,0.0008611641824245,0.0004305634647607,11,PHM2010,D1,PHM_D1_FROZEN_B11_B12,run_local_probability_variation,none,304,run_id_12_315_common_304,figures/fig4_ablation/A1_A6_lifecycle_variation.csv,DERIVED
A1,C6,34,0.0726072607260726,0.0004669968038797,0.0003905036402019,11,PHM2010,D1,PHM_D1_FROZEN_B11_B12,run_local_probability_variation,none,304,run_id_12_315_common_304,figures/fig4_ablation/A1_A6_lifecycle_variation.csv,DERIVED
A1,C6,35,0.0759075907590759,0.0002964530140161,0.0003538031808354,11,PHM2010,D1,PHM_D1_FROZEN_B11_B12,run_local_probability_variation,none,304,run_id_12_315_common_304,figures/fig4_ablation/A1_A6_lifecycle_variation.csv,DERIVED
A1,C6,36,0.0792079207920792,0.0001317169517278,0.0003232837400653,11,PHM2010,D1,PHM_D1_FROZEN_B11_B12,run_local_probability_variation,none,304,run_id_12_315_common_304,figures/fig4_ablation/A1_A6_lifecycle_variation.csv,DERIVED
A1,C6,37,0.0825082508250825,0.0002509504556655,0.0002766034819863,11,PHM2010,D1,PHM_D1_FROZEN_B11_B12,run_local_probability_variation,none,304,run_id_12_315_common_304,figures/fig4_ablation/A1_A6_lifecycle_variation.csv,DERIVED
A1,C6,38,0.0858085808580858,0.0003356449306011,0.0002772130749442,11,PHM2010,D1,PHM_D1_FROZEN_B11_B12,run_local_probability_variation,none,304,run_id_12_315_common_304,figures/fig4_ablation/A1_A6_lifecycle_variation.csv,DERIVED
A1,C6,39,0.0891089108910891,9.18768346309662e-05,0.0002152862196618,11,PHM2010,D1,PHM_D1_FROZEN_B11_B12,run_local_probability_variation,none,304,run_id_12_315_common_304,figures/fig4_ablation/A1_A6_lifecycle_variation.csv,DERIVED
A1,C6,40,0.0924092409240924,0.0001295916736125,0.0002106992019848,11,PHM2010,D1,PHM_D1_FROZEN_B11_B12,run_local_probability_variation,none,304,run_id_12_315_common_304,figures/fig4_ablation/A1_A6_lifecycle_variation.csv,DERIVED
A1,C6,41,0.0957095709570957,0.00010771676898,0.0001930906014008,11,PHM2010,D1,PHM_D1_FROZEN_B11_B12,run_local_probability_variation,none,304,run_id_12_315_common_304,figures/fig4_ablation/A1_A6_lifecycle_variation.csv,DERIVED
A1,C6,42,0.099009900990099,0.0002484526485204,0.0001939814537763,11,PHM2010,D1,PHM_D1_FROZEN_B11_B12,run_local_probability_variation,none,304,run_id_12_315_common_304,figures/fig4_ablation/A1_A6_lifecycle_variation.csv,DERIVED
A1,C6,43,0.1023102310231023,0.0001287795603275,0.0001735392619263,11,PHM2010,D1,PHM_D1_FROZEN_B11_B12,run_local_probability_variation,none,304,run_id_12_315_common_304,figures/fig4_ablation/A1_A6_lifecycle_variation.csv,DERIVED
A1,C6,44,0.1056105610561056,0.0001799687743186,0.0001609323715621,11,PHM2010,D1,PHM_D1_FROZEN_B11_B12,run_local_probability_variation,none,304,run_id_12_315_common_304,figures/fig4_ablation/A1_A6_lifecycle_variation.csv,DERIVED
A1,C6,45,0.1089108910891089,0.0004165396094322,0.0001637602055614,11,PHM2010,D1,PHM_D1_FROZEN_B11_B12,run_local_probability_variation,none,304,run_id_12_315_common_304,figures/fig4_ablation/A1_A6_lifecycle_variation.csv,DERIVED
A1,C6,46,0.1122112211221122,0.0001027584075927,0.0001911627636714,11,PHM2010,D1,PHM_D1_FROZEN_B11_B12,run_local_probability_variation,none,304,run_id_12_315_common_304,figures/fig4_ablation/A1_A6_lifecycle_variation.csv,DERIVED
A1,C6,47,0.1155115511551155,0.0001415163278579,0.0001903523437001,11,PHM2010,D1,PHM_D1_FROZEN_B11_B12,run_local_probability_variation,none,304,run_id_12_315_common_304,figures/fig4_ablation/A1_A6_lifecycle_variation.csv,DERIVED
A1,C6,48,0.1188118811881188,2.6086345314979557e-05,0.0002284446223215,11,PHM2010,D1,PHM_D1_FROZEN_B11_B12,run_local_probability_variation,none,304,run_id_12_315_common_304,figures/fig4_ablation/A1_A6_lifecycle_variation.csv,DERIVED
A1,C6,49,0.1221122112211221,0.0001969691365957,0.0002447696910663,11,PHM2010,D1,PHM_D1_FROZEN_B11_B12,run_local_probability_variation,none,304,run_id_12_315_common_304,figures/fig4_ablation/A1_A6_lifecycle_variation.csv,DERIVED
A1,C6,50,0.1254125412541254,0.0001229830086231,0.0002731950106945,11,PHM2010,D1,PHM_D1_FROZEN_B11_B12,run_local_probability_variation,none,304,run_id_12_315_common_304,figures/fig4_ablation/A1_A6_lifecycle_variation.csv,DERIVED
A1,C6,51,0.1287128712871287,0.0004310198128223,0.0002560066905888,11,PHM2010,D1,PHM_D1_FROZEN_B11_B12,run_local_probability_variation,none,304,run_id_12_315_common_304,figures/fig4_ablation/A1_A6_lifecycle_variation.csv,DERIVED
A1,C6,52,0.132013201320132,9.880214929580688e-05,0.000309716571461,11,PHM2010,D1,PHM_D1_FROZEN_B11_B12,run_local_probability_variation,none,304,run_id_12_315_common_304,figures/fig4_ablation/A1_A6_lifecycle_variation.csv,DERIVED
A1,C6,53,0.1353135313531353,0.000667467713356,0.00030788813125,11,PHM2010,D1,PHM_D1_FROZEN_B11_B12,run_local_probability_variation,none,304,run_id_12_315_common_304,figures/fig4_ablation/A1_A6_lifecycle_variation.csv,DERIVED
A1,C6,54,0.1386138613861386,0.0003083553165197,0.0004043883898041,11,PHM2010,D1,PHM_D1_FROZEN_B11_B12,run_local_probability_variation,none,304,run_id_12_315_common_304,figures/fig4_ablation/A1_A6_lifecycle_variation.csv,DERIVED
A1,C6,55,0.1419141914191419,0.0004926472902297,0.0004298810593106,11,PHM2010,D1,PHM_D1_FROZEN_B11_B12,run_local_probability_variation,none,304,run_id_12_315_common_304,figures/fig4_ablation/A1_A6_lifecycle_variation.csv,DERIVED
A1,C6,56,0.1452145214521452,0.0002274680882692,0.0005029502578757,11,PHM2010,D1,PHM_D1_FROZEN_B11_B12,run_local_probability_variation,none,304,run_id_12_315_common_304,figures/fig4_ablation/A1_A6_lifecycle_variation.csv,DERIVED
A1,C6,57,0.1485148514851485,0.000693567097187,0.0005130547691475,11,PHM2010,D1,PHM_D1_FROZEN_B11_B12,run_local_probability_variation,none,304,run_id_12_315_common_304,figures/fig4_ablation/A1_A6_lifecycle_variation.csv,DERIVED
A1,C6,58,0.1518151815181518,0.0001214034855365,0.0006401938470927,11,PHM2010,D1,PHM_D1_FROZEN_B11_B12,run_local_probability_variation,none,304,run_id_12_315_common_304,figures/fig4_ablation/A1_A6_lifecycle_variation.csv,DERIVED
A1,C6,59,0.1551155115511551,0.0010875891894102,0.0006200556050647,11,PHM2010,D1,PHM_D1_FROZEN_B11_B12,run_local_probability_variation,none,304,run_id_12_315_common_304,figures/fig4_ablation/A1_A6_lifecycle_variation.csv,DERIVED
A1,C6,60,0.1584158415841584,0.0004773885011672,0.0009862277656793,11,PHM2010,D1,PHM_D1_FROZEN_B11_B12,run_local_probability_variation,none,304,run_id_12_315_common_304,figures/fig4_ablation/A1_A6_lifecycle_variation.csv,DERIVED
A1,C6,61,0.1617161716171617,0.0009267441928386,0.0010407158935611,11,PHM2010,D1,PHM_D1_FROZEN_B11_B12,run_local_probability_variation,none,304,run_id_12_315_common_304,figures/fig4_ablation/A1_A6_lifecycle_variation.csv,DERIVED
A1,C6,62,0.165016501650165,0.0005421694368124,0.0013388910076834,11,PHM2010,D1,PHM_D1_FROZEN_B11_B12,run_local_probability_variation,none,304,run_id_12_315_common_304,figures/fig4_ablation/A1_A6_lifecycle_variation.csv,DERIVED
A1,C6,63,0.1683168316831683,0.0014973320066928,0.0015684244307604,11,PHM2010,D1,PHM_D1_FROZEN_B11_B12,run_local_probability_variation,none,304,run_id_12_315_common_304,figures/fig4_ablation/A1_A6_lifecycle_variation.csv,DERIVED
A1,C6,64,0.1716171617161716,0.0004459470510482,0.0021014763888987,11,PHM2010,D1,PHM_D1_FROZEN_B11_B12,run_local_probability_variation,none,304,run_id_12_315_common_304,figures/fig4_ablation/A1_A6_lifecycle_variation.csv,DERIVED
A1,C6,65,0.1749174917491749,0.0043362490832805,0.0027705991471355,11,PHM2010,D1,PHM_D1_FROZEN_B11_B12,run_local_probability_variation,none,304,run_id_12_315_common_304,figures/fig4_ablation/A1_A6_lifecycle_variation.csv,DERIVED
A1,C6,66,0.1782178217821782,0.0010920166969299,0.0036786083470691,11,PHM2010,D1,PHM_D1_FROZEN_B11_B12,run_local_probability_variation,none,304,run_id_12_315_common_304,figures/fig4_ablation/A1_A6_lifecycle_variation.csv,DERIVED
A1,C6,67,0.1815181518151815,0.0035073943436145,0.0044058552858504,11,PHM2010,D1,PHM_D1_FROZEN_B11_B12,run_local_probability_variation,none,304,run_id_12_315_common_304,figures/fig4_ablation/A1_A6_lifecycle_variation.csv,DERIVED
A1,C6,68,0.1848184818481848,0.0032184347510337,0.0063854894516142,11,PHM2010,D1,PHM_D1_FROZEN_B11_B12,run_local_probability_variation,none,304,run_id_12_315_common_304,figures/fig4_ablation/A1_A6_lifecycle_variation.csv,DERIVED
A1,C6,69,0.1881188118811881,0.0059849750250577,0.0077228593555363,11,PHM2010,D1,PHM_D1_FROZEN_B11_B12,run_local_probability_variation,none,304,run_id_12_315_common_304,figures/fig4_ablation/A1_A6_lifecycle_variation.csv,DERIVED
A1,C6,70,0.1914191419141914,0.0084479395300149,0.0100749316201968,11,PHM2010,D1,PHM_D1_FROZEN_B11_B12,run_local_probability_variation,none,304,run_id_12_315_common_304,figures/fig4_ablation/A1_A6_lifecycle_variation.csv,DERIVED
A1,C6,71,0.1947194719471947,0.0104654897004365,0.011086860502308,11,PHM2010,D1,PHM_D1_FROZEN_B11_B12,run_local_probability_variation,none,304,run_id_12_315_common_304,figures/fig4_ablation/A1_A6_lifecycle_variation.csv,DERIVED
A1,C6,72,0.198019801980198,0.008926460519433,0.0132043575021353,11,PHM2010,D1,PHM_D1_FROZEN_B11_B12,run_local_probability_variation,none,304,run_id_12_315_common_304,figures/fig4_ablation/A1_A6_lifecycle_variation.csv,DERIVED
A1,C6,73,0.2013201320132013,0.0223181452602148,0.0154763284054669,11,PHM2010,D1,PHM_D1_FROZEN_B11_B12,run_local_probability_variation,none,304,run_id_12_315_common_304,figures/fig4_ablation/A1_A6_lifecycle_variation.csv,DERIVED
A1,C6,74,0.2046204620462046,0.0162084009498357,0.0157300181348215,11,PHM2010,D1,PHM_D1_FROZEN_B11_B12,run_local_probability_variation,none,304,run_id_12_315_common_304,figures/fig4_ablation/A1_A6_lifecycle_variation.csv,DERIVED
A1,C6,75,0.2079207920792079,0.0263187419623136,0.0172749034721742,11,PHM2010,D1,PHM_D1_FROZEN_B11_B12,run_local_probability_variation,none,304,run_id_12_315_common_304,figures/fig4_ablation/A1_A6_lifecycle_variation.csv,DERIVED
A1,C6,76,0.2112211221122112,0.0154674667865037,0.0168853464790365,11,PHM2010,D1,PHM_D1_FROZEN_B11_B12,run_local_probability_variation,none,304,run_id_12_315_common_304,figures/fig4_ablation/A1_A6_lifecycle_variation.csv,DERIVED
A1,C6,77,0.2145214521452145,0.0243844836950302,0.0169734709303487,11,PHM2010,D1,PHM_D1_FROZEN_B11_B12,run_local_probability_variation,none,304,run_id_12_315_common_304,figures/fig4_ablation/A1_A6_lifecycle_variation.csv,DERIVED
A1,C6,78,0.2178217821782178,0.0284990742802619,0.0165992487560619,11,PHM2010,D1,PHM_D1_FROZEN_B11_B12,run_local_probability_variation,none,304,run_id_12_315_common_304,figures/fig4_ablation/A1_A6_lifecycle_variation.csv,DERIVED
A1,C6,79,0.2211221122112211,0.0060090217739343,0.0149395663968541,11,PHM2010,D1,PHM_D1_FROZEN_B11_B12,run_local_probability_variation,none,304,run_id_12_315_common_304,figures/fig4_ablation/A1_A6_lifecycle_variation.csv,DERIVED
A1,C6,80,0.2244224422442244,0.022978713735938,0.0140109441497109,11,PHM2010,D1,PHM_D1_FROZEN_B11_B12,run_local_probability_variation,none,304,run_id_12_315_common_304,figures/fig4_ablation/A1_A6_lifecycle_variation.csv,DERIVED
A1,C6,81,0.2277227722772277,0.0041628126055002,0.0124708441170779,11,PHM2010,D1,PHM_D1_FROZEN_B11_B12,run_local_probability_variation,none,304,run_id_12_315_common_304,figures/fig4_ablation/A1_A6_lifecycle_variation.csv,DERIVED
A1,C6,82,0.231023102310231,0.0114348586648702,0.0134813673794269,11,PHM2010,D1,PHM_D1_FROZEN_B11_B12,run_local_probability_variation,none,304,run_id_12_315_common_304,figures/fig4_ablation/A1_A6_lifecycle_variation.csv,DERIVED
A1,C6,83,0.2343234323432343,0.0048100166022777,0.0148766975511204,11,PHM2010,D1,PHM_D1_FROZEN_B11_B12,run_local_probability_variation,none,304,run_id_12_315_common_304,figures/fig4_ablation/A1_A6_lifecycle_variation.csv,DERIVED
A1,C6,84,0.2376237623762376,0.0040616393089294,0.013912981884046,11,PHM2010,D1,PHM_D1_FROZEN_B11_B12,run_local_probability_variation,none,304,run_id_12_315_common_304,figures/fig4_ablation/A1_A6_lifecycle_variation.csv,DERIVED
A1,C6,85,0.2409240924092409,0.0059935562312603,0.0183317314156077,11,PHM2010,D1,PHM_D1_FROZEN_B11_B12,run_local_probability_variation,none,304,run_id_12_315_common_304,figures/fig4_ablation/A1_A6_lifecycle_variation.csv,DERIVED
A1,C6,86,0.2442244224422442,0.0093776416033506,0.019871248440309,11,PHM2010,D1,PHM_D1_FROZEN_B11_B12,run_local_probability_variation,none,304,run_id_12_315_common_304,figures/fig4_ablation/A1_A6_lifecycle_variation.csv,DERIVED
A1,C6,87,0.2475247524752475,0.0265832226723432,0.0248083203015002,11,PHM2010,D1,PHM_D1_FROZEN_B11_B12,run_local_probability_variation,none,304,run_id_12_315_common_304,figures/fig4_ablation/A1_A6_lifecycle_variation.csv,DERIVED
A1,C6,88,0.2508250825082508,0.0397331155836582,0.0266755517910827,11,PHM2010,D1,PHM_D1_FROZEN_B11_B12,run_local_probability_variation,none,304,run_id_12_315_common_304,figures/fig4_ablation/A1_A6_lifecycle_variation.csv,DERIVED
A1,C6,89,0.2541254125412541,0.0178982019424438,0.0346786533905701,11,PHM2010,D1,PHM_D1_FROZEN_B11_B12,run_local_probability_variation,none,304,run_id_12_315_common_304,figures/fig4_ablation/A1_A6_lifecycle_variation.csv,DERIVED
A1,C6,90,0.2574257425742574,0.0546152666211128,0.0363327478143301,11,PHM2010,D1,PHM_D1_FROZEN_B11_B12,run_local_probability_variation,none,304,run_id_12_315_common_304,figures/fig4_ablation/A1_A6_lifecycle_variation.csv,DERIVED
A1,C6,91,0.2607260726072607,0.0399134010076522,0.048865690996701,11,PHM2010,D1,PHM_D1_FROZEN_B11_B12,run_local_probability_variation,none,304,run_id_12_315_common_304,figures/fig4_ablation/A1_A6_lifecycle_variation.csv,DERIVED
A1,C6,92,0.264026402640264,0.0584706030786037,0.063473711467602,11,PHM2010,D1,PHM_D1_FROZEN_B11_B12,run_local_probability_variation,none,304,run_id_12_315_common_304,figures/fig4_ablation/A1_A6_lifecycle_variation.csv,DERIVED
A1,C6,93,0.2673267326732673,0.0319744050502777,0.0726581341163678,11,PHM2010,D1,PHM_D1_FROZEN_B11_B12,run_local_probability_variation,none,304,run_id_12_315_common_304,figures/fig4_ablation/A1_A6_lifecycle_variation.csv,DERIVED
A1,C6,94,0.2706270627062706,0.092844134196639,0.1185252473435618,11,PHM2010,D1,PHM_D1_FROZEN_B11_B12,run_local_probability_variation,none,304,run_id_12_315_common_304,figures/fig4_ablation/A1_A6_lifecycle_variation.csv,DERIVED
A1,C6,95,0.2739273927392739,0.0222566779702901,0.1281959329816428,11,PHM2010,D1,PHM_D1_FROZEN_B11_B12,run_local_probability_variation,none,304,run_id_12_315_common_304,figures/fig4_ablation/A1_A6_lifecycle_variation.csv,DERIVED
A1,C6,96,0.2772277227722772,0.1438559312373399,0.1359760510650548,11,PHM2010,D1,PHM_D1_FROZEN_B11_B12,run_local_probability_variation,none,304,run_id_12_315_common_304,figures/fig4_ablation/A1_A6_lifecycle_variation.csv,DERIVED
A1,C6,97,0.2805280528052805,0.1700658667832613,0.1403464576737447,11,PHM2010,D1,PHM_D1_FROZEN_B11_B12,run_local_probability_variation,none,304,run_id_12_315_common_304,figures/fig4_ablation/A1_A6_lifecycle_variation.csv,DERIVED
A1,C6,98,0.2838283828382838,0.1276118718087673,0.1446902291341261,11,PHM2010,D1,PHM_D1_FROZEN_B11_B12,run_local_probability_variation,none,304,run_id_12_315_common_304,figures/fig4_ablation/A1_A6_lifecycle_variation.csv,DERIVED
A1,C6,99,0.2871287128712871,0.5442713610827923,0.1448038579388098,11,PHM2010,D1,PHM_D1_FROZEN_B11_B12,run_local_probability_variation,none,304,run_id_12_315_common_304,figures/fig4_ablation/A1_A6_lifecycle_variation.csv,DERIVED
A1,C6,100,0.2904290429042904,0.1242757439613342,0.1370469462126493,11,PHM2010,D1,PHM_D1_FROZEN_B11_B12,run_local_probability_variation,none,304,run_id_12_315_common_304,figures/fig4_ablation/A1_A6_lifecycle_variation.csv,DERIVED
A1,C6,101,0.2937293729372937,0.1401965655386448,0.1362394033507867,11,PHM2010,D1,PHM_D1_FROZEN_B11_B12,run_local_probability_variation,none,304,run_id_12_315_common_304,figures/fig4_ablation/A1_A6_lifecycle_variation.csv,DERIVED
A1,C6,102,0.297029702970297,0.0879878737032413,0.1236133895475756,11,PHM2010,D1,PHM_D1_FROZEN_B11_B12,run_local_probability_variation,none,304,run_id_12_315_common_304,figures/fig4_ablation/A1_A6_lifecycle_variation.csv,DERIVED
A1,C6,103,0.3003300330033003,0.1062520891427993,0.1260860911147161,11,PHM2010,D1,PHM_D1_FROZEN_B11_B12,run_local_probability_variation,none,304,run_id_12_315_common_304,figures/fig4_ablation/A1_A6_lifecycle_variation.csv,DERIVED
A1,C6,104,0.3036303630363036,0.0332243219017982,0.125684959644621,11,PHM2010,D1,PHM_D1_FROZEN_B11_B12,run_local_probability_variation,none,304,run_id_12_315_common_304,figures/fig4_ablation/A1_A6_lifecycle_variation.csv,DERIVED
A1,C6,105,0.3069306930693069,0.0075181052088737,0.0828099741854451,11,PHM2010,D1,PHM_D1_FROZEN_B11_B12,run_local_probability_variation,none,304,run_id_12_315_common_304,figures/fig4_ablation/A1_A6_lifecycle_variation.csv,DERIVED
A1,C6,106,0.3102310231023102,0.0133737064898014,0.0798603987151926,11,PHM2010,D1,PHM_D1_FROZEN_B11_B12,run_local_probability_variation,none,304,run_id_12_315_common_304,figures/fig4_ablation/A1_A6_lifecycle_variation.csv,DERIVED
A1,C6,107,0.3135313531353135,0.0049697794020175,0.0769738260317932,11,PHM2010,D1,PHM_D1_FROZEN_B11_B12,run_local_probability_variation,none,304,run_id_12_315_common_304,figures/fig4_ablation/A1_A6_lifecycle_variation.csv,DERIVED
A1,C6,108,0.3168316831683168,0.1972655840218067,0.0817602005871859,11,PHM2010,D1,PHM_D1_FROZEN_B11_B12,run_local_probability_variation,none,304,run_id_12_315_common_304,figures/fig4_ablation/A1_A6_lifecycle_variation.csv,DERIVED
A1,C6,109,0.3201320132013201,0.123199425637722,0.0752937326377088,11,PHM2010,D1,PHM_D1_FROZEN_B11_B12,run_local_probability_variation,none,304,run_id_12_315_common_304,figures/fig4_ablation/A1_A6_lifecycle_variation.csv,DERIVED
A1,C6,110,0.3234323432343234,0.0726465210318565,0.0800129744139584,11,PHM2010,D1,PHM_D1_FROZEN_B11_B12,run_local_probability_variation,none,304,run_id_12_315_common_304,figures/fig4_ablation/A1_A6_lifecycle_variation.csv,DERIVED
A1,C6,111,0.3267326732673267,0.091830413788557,0.0819487717341293,11,PHM2010,D1,PHM_D1_FROZEN_B11_B12,run_local_probability_variation,none,304,run_id_12_315_common_304,figures/fig4_ablation/A1_A6_lifecycle_variation.csv,DERIVED
A1,C6,112,0.33003300330033,0.1084442660212516,0.0854686986316334,11,PHM2010,D1,PHM_D1_FROZEN_B11_B12,run_local_probability_variation,none,304,run_id_12_315_common_304,figures/fig4_ablation/A1_A6_lifecycle_variation.csv,DERIVED
A1,C6,113,0.3333333333333333,0.140637993812561,0.0873098241334611,11,PHM2010,D1,PHM_D1_FROZEN_B11_B12,run_local_probability_variation,none,304,run_id_12_315_common_304,figures/fig4_ablation/A1_A6_lifecycle_variation.csv,DERIVED
A1,C6,114,0.3366336633663366,0.0351209416985511,0.0827855975790457,11,PHM2010,D1,PHM_D1_FROZEN_B11_B12,run_local_probability_variation,none,304,run_id_12_315_common_304,figures/fig4_ablation/A1_A6_lifecycle_variation.csv,DERIVED
A1,C6,115,0.3399339933993399,0.0851359814405441,0.0795810913497751,11,PHM2010,D1,PHM_D1_FROZEN_B11_B12,run_local_probability_variation,none,304,run_id_12_315_common_304,figures/fig4_ablation/A1_A6_lifecycle_variation.csv,DERIVED
A1,C6,116,0.3432343234323432,0.0288118757307529,0.0735640166835351,11,PHM2010,D1,PHM_D1_FROZEN_B11_B12,run_local_probability_variation,none,304,run_id_12_315_common_304,figures/fig4_ablation/A1_A6_lifecycle_variation.csv,DERIVED
A1,C6,117,0.3465346534653465,0.0520929023623466,0.0670935596254738,11,PHM2010,D1,PHM_D1_FROZEN_B11_B12,run_local_probability_variation,none,304,run_id_12_315_common_304,figures/fig4_ablation/A1_A6_lifecycle_variation.csv,DERIVED
A1,C6,118,0.3498349834983498,0.0252221599221229,0.0655188306488774,11,PHM2010,D1,PHM_D1_FROZEN_B11_B12,run_local_probability_variation,none,304,run_id_12_315_common_304,figures/fig4_ablation/A1_A6_lifecycle_variation.csv,DERIVED
A1,C6,119,0.3531353135313531,0.1474990919232368,0.0590247332372448,11,PHM2010,D1,PHM_D1_FROZEN_B11_B12,run_local_probability_variation,none,304,run_id_12_315_common_304,figures/fig4_ablation/A1_A6_lifecycle_variation.csv,DERIVED
A1,C6,120,0.3564356435643564,0.0879498571157455,0.0575036552142013,11,PHM2010,D1,PHM_D1_FROZEN_B11_B12,run_local_probability_variation,none,304,run_id_12_315_common_304,figures/fig4_ablation/A1_A6_lifecycle_variation.csv,DERIVED
A1,C6,121,0.3597359735973597,0.0064586997032165,0.0522124797783114,11,PHM2010,D1,PHM_D1_FROZEN_B11_B12,run_local_probability_variation,none,304,run_id_12_315_common_304,figures/fig4_ablation/A1_A6_lifecycle_variation.csv,DERIVED
A1,C6,122,0.363036303630363,0.0206553861498832,0.052832463925535,11,PHM2010,D1,PHM_D1_FROZEN_B11_B12,run_local_probability_variation,none,304,run_id_12_315_common_304,figures/fig4_ablation/A1_A6_lifecycle_variation.csv,DERIVED
A1,C6,123,0.3663366336633663,0.0911222472786903,0.0505611727183515,11,PHM2010,D1,PHM_D1_FROZEN_B11_B12,run_local_probability_variation,none,304,run_id_12_315_common_304,figures/fig4_ablation/A1_A6_lifecycle_variation.csv,DERIVED
A1,C6,124,0.3696369636963696,0.0692029222846031,0.0513719862157648,11,PHM2010,D1,PHM_D1_FROZEN_B11_B12,run_local_probability_variation,none,304,run_id_12_315_common_304,figures/fig4_ablation/A1_A6_lifecycle_variation.csv,DERIVED
A1,C6,125,0.3729372937293729,0.0183890834450721,0.0399240140210498,11,PHM2010,D1,PHM_D1_FROZEN_B11_B12,run_local_probability_variation,none,304,run_id_12_315_common_304,figures/fig4_ablation/A1_A6_lifecycle_variation.csv,DERIVED
A1,C6,126,0.3762376237623762,0.0269330516457557,0.0346264862878756,11,PHM2010,D1,PHM_D1_FROZEN_B11_B12,run_local_probability_variation,none,304,run_id_12_315_common_304,figures/fig4_ablation/A1_A6_lifecycle_variation.csv,DERIVED
A1,C6,127,0.3795379537953795,0.0356317013502121,0.0357173037799921,11,PHM2010,D1,PHM_D1_FROZEN_B11_B12,run_local_probability_variation,none,304,run_id_12_315_common_304,figures/fig4_ablation/A1_A6_lifecycle_variation.csv,DERIVED
A1,C6,128,0.3828382838283828,0.0271086990833282,0.0365542495115236,11,PHM2010,D1,PHM_D1_FROZEN_B11_B12,run_local_probability_variation,none,304,run_id_12_315_common_304,figures/fig4_ablation/A1_A6_lifecycle_variation.csv,DERIVED
A1,C6,129,0.3861386138613861,0.0341411083936691,0.0291032459248196,11,PHM2010,D1,PHM_D1_FROZEN_B11_B12,run_local_probability_variation,none,304,run_id_12_315_common_304,figures/fig4_ablation/A1_A6_lifecycle_variation.csv,DERIVED
A1,C6,130,0.3894389438943894,0.021571397781372,0.0242169804193756,11,PHM2010,D1,PHM_D1_FROZEN_B11_B12,run_local_probability_variation,none,304,run_id_12_315_common_304,figures/fig4_ablation/A1_A6_lifecycle_variation.csv,DERIVED
A1,C6,131,0.3927392739273927,0.0296770520508289,0.0229555862871083,11,PHM2010,D1,PHM_D1_FROZEN_B11_B12,run_local_probability_variation,none,304,run_id_12_315_common_304,figures/fig4_ablation/A1_A6_lifecycle_variation.csv,DERIVED
A1,C6,132,0.396039603960396,0.0184576921164989,0.0215731205588037,11,PHM2010,D1,PHM_D1_FROZEN_B11_B12,run_local_probability_variation,none,304,run_id_12_315_common_304,figures/fig4_ablation/A1_A6_lifecycle_variation.csv,DERIVED
A1,C6,133,0.3993399339933993,0.0298617891967296,0.0184186754578893,11,PHM2010,D1,PHM_D1_FROZEN_B11_B12,run_local_probability_variation,none,304,run_id_12_315_common_304,figures/fig4_ablation/A1_A6_lifecycle_variation.csv,DERIVED
A1,C6,134,0.4026402640264026,0.0091612078249454,0.0165442544966936,11,PHM2010,D1,PHM_D1_FROZEN_B11_B12,run_local_probability_variation,none,304,run_id_12_315_common_304,figures/fig4_ablation/A1_A6_lifecycle_variation.csv,DERIVED
A1,C6,135,0.4059405940594059,0.01545400172472,0.0135398278520865,11,PHM2010,D1,PHM_D1_FROZEN_B11_B12,run_local_probability_variation,none,304,run_id_12_315_common_304,figures/fig4_ablation/A1_A6_lifecycle_variation.csv,DERIVED
A1,C6,136,0.4092409240924092,0.0045137479901313,0.0118901766836643,11,PHM2010,D1,PHM_D1_FROZEN_B11_B12,run_local_probability_variation,none,304,run_id_12_315_common_304,figures/fig4_ablation/A1_A6_lifecycle_variation.csv,DERIVED
A1,C6,137,0.4125412541254125,0.0117259286344051,0.0092059168964624,11,PHM2010,D1,PHM_D1_FROZEN_B11_B12,run_local_probability_variation,none,304,run_id_12_315_common_304,figures/fig4_ablation/A1_A6_lifecycle_variation.csv,DERIVED
A1,C6,138,0.4158415841584158,0.0009328052401542,0.0076043055477467,11,PHM2010,D1,PHM_D1_FROZEN_B11_B12,run_local_probability_variation,none,304,run_id_12_315_common_304,figures/fig4_ablation/A1_A6_lifecycle_variation.csv,DERIVED
A1,C6,139,0.4191419141914191,0.0064900685101747,0.0050579593940214,11,PHM2010,D1,PHM_D1_FROZEN_B11_B12,run_local_probability_variation,none,304,run_id_12_315_common_304,figures/fig4_ablation/A1_A6_lifecycle_variation.csv,DERIVED
A1,C6,140,0.4224422442244224,0.0010924153029918,0.0043756667185913,11,PHM2010,D1,PHM_D1_FROZEN_B11_B12,run_local_probability_variation,none,304,run_id_12_315_common_304,figures/fig4_ablation/A1_A6_lifecycle_variation.csv,DERIVED
A1,C6,141,0.4257425742574257,0.0034252349287271,0.0030319011685523,11,PHM2010,D1,PHM_D1_FROZEN_B11_B12,run_local_probability_variation,none,304,run_id_12_315_common_304,figures/fig4_ablation/A1_A6_lifecycle_variation.csv,DERIVED
A1,C6,142,0.429042904290429,0.0001501943916082,0.0026768804951147,11,PHM2010,D1,PHM_D1_FROZEN_B11_B12,run_local_probability_variation,none,304,run_id_12_315_common_304,figures/fig4_ablation/A1_A6_lifecycle_variation.csv,DERIVED
A1,C6,143,0.4323432343234323,0.0008399672806262,0.0016147230159152,11,PHM2010,D1,PHM_D1_FROZEN_B11_B12,run_local_probability_variation,none,304,run_id_12_315_common_304,figures/fig4_ablation/A1_A6_lifecycle_variation.csv,DERIVED
A1,C6,144,0.4356435643564356,0.0018519815057516,0.0015534753487868,11,PHM2010,D1,PHM_D1_FROZEN_B11_B12,run_local_probability_variation,none,304,run_id_12_315_common_304,figures/fig4_ablation/A1_A6_lifecycle_variation.csv,DERIVED
A1,C6,145,0.4389438943894389,0.001655988395214,0.0012832424518736,11,PHM2010,D1,PHM_D1_FROZEN_B11_B12,run_local_probability_variation,none,304,run_id_12_315_common_304,figures/fig4_ablation/A1_A6_lifecycle_variation.csv,DERIVED
A1,C6,146,0.4422442244224422,0.0006725806742906,0.0013478948650034,11,PHM2010,D1,PHM_D1_FROZEN_B11_B12,run_local_probability_variation,none,304,run_id_12_315_common_304,figures/fig4_ablation/A1_A6_lifecycle_variation.csv,DERIVED
A1,C6,147,0.4455445544554455,0.0006085205823183,0.0011055014011534,11,PHM2010,D1,PHM_D1_FROZEN_B11_B12,run_local_probability_variation,none,304,run_id_12_315_common_304,figures/fig4_ablation/A1_A6_lifecycle_variation.csv,DERIVED
A1,C6,148,0.4488448844884488,4.21963632106781e-05,0.0012960036031224,11,PHM2010,D1,PHM_D1_FROZEN_B11_B12,run_local_probability_variation,none,304,run_id_12_315_common_304,figures/fig4_ablation/A1_A6_lifecycle_variation.csv,DERIVED
A1,C6,149,0.4521452145214521,0.0002590809017419,0.0014400089328939,11,PHM2010,D1,PHM_D1_FROZEN_B11_B12,run_local_probability_variation,none,304,run_id_12_315_common_304,figures/fig4_ablation/A1_A6_lifecycle_variation.csv,DERIVED
A1,C6,150,0.4554455445544554,0.0035175066441297,0.0014213233847509,11,PHM2010,D1,PHM_D1_FROZEN_B11_B12,run_local_probability_variation,none,304,run_id_12_315_common_304,figures/fig4_ablation/A1_A6_lifecycle_variation.csv,DERIVED
A1,C6,151,0.4587458745874587,0.0018035918474197,0.0013204784217205,11,PHM2010,D1,PHM_D1_FROZEN_B11_B12,run_local_probability_variation,none,304,run_id_12_315_common_304,figures/fig4_ablation/A1_A6_lifecycle_variation.csv,DERIVED
A1,C6,152,0.462046204620462,0.0007589068263769,0.0016073294999924,11,PHM2010,D1,PHM_D1_FROZEN_B11_B12,run_local_probability_variation,none,304,run_id_12_315_common_304,figures/fig4_ablation/A1_A6_lifecycle_variation.csv,DERIVED
A1,C6,153,0.4653465346534653,0.0022457186132669,0.0015774194828488,11,PHM2010,D1,PHM_D1_FROZEN_B11_B12,run_local_probability_variation,none,304,run_id_12_315_common_304,figures/fig4_ablation/A1_A6_lifecycle_variation.csv,DERIVED
A1,C6,154,0.4686468646864686,0.0024240259081125,0.001613888381557,11,PHM2010,D1,PHM_D1_FROZEN_B11_B12,run_local_probability_variation,none,304,run_id_12_315_common_304,figures/fig4_ablation/A1_A6_lifecycle_variation.csv,DERIVED
A1,C6,155,0.4719471947194719,0.0016464404761791,0.001869858327237,11,PHM2010,D1,PHM_D1_FROZEN_B11_B12,run_local_probability_variation,none,304,run_id_12_315_common_304,figures/fig4_ablation/A1_A6_lifecycle_variation.csv,DERIVED
A1,C6,156,0.4752475247524752,0.0005466938018798,0.0027047146789052,11,PHM2010,D1,PHM_D1_FROZEN_B11_B12,run_local_probability_variation,none,304,run_id_12_315_common_304,figures/fig4_ablation/A1_A6_lifecycle_variation.csv,DERIVED
A1,C6,157,0.4785478547854785,0.0038279425352811,0.0028299944983287,11,PHM2010,D1,PHM_D1_FROZEN_B11_B12,run_local_probability_variation,none,304,run_id_12_315_common_304,figures/fig4_ablation/A1_A6_lifecycle_variation.csv,DERIVED
A1,C6,158,0.4818481848184818,0.0002795103937387,0.0027706128629771,11,PHM2010,D1,PHM_D1_FROZEN_B11_B12,run_local_probability_variation,none,304,run_id_12_315_common_304,figures/fig4_ablation/A1_A6_lifecycle_variation.csv,DERIVED
A1,C6,159,0.4851485148514851,0.0004433542490005,0.0031892582774162,11,PHM2010,D1,PHM_D1_FROZEN_B11_B12,run_local_probability_variation,none,304,run_id_12_315_common_304,figures/fig4_ablation/A1_A6_lifecycle_variation.csv,DERIVED
A1,C6,160,0.4884488448844885,0.0030747503042221,0.003284976394339,11,PHM2010,D1,PHM_D1_FROZEN_B11_B12,run_local_probability_variation,none,304,run_id_12_315_common_304,figures/fig4_ablation/A1_A6_lifecycle_variation.csv,DERIVED
A1,C6,161,0.4917491749174917,0.0127009265124797,0.0039293244481086,11,PHM2010,D1,PHM_D1_FROZEN_B11_B12,run_local_probability_variation,none,304,run_id_12_315_common_304,figures/fig4_ablation/A1_A6_lifecycle_variation.csv,DERIVED
A1,C6,162,0.495049504950495,0.0031816698610782,0.0043422493406317,11,PHM2010,D1,PHM_D1_FROZEN_B11_B12,run_local_probability_variation,none,304,run_id_12_315_common_304,figures/fig4_ablation/A1_A6_lifecycle_variation.csv,DERIVED
A1,C6,163,0.4983498349834983,0.0001057088375091,0.0059807124462994,11,PHM2010,D1,PHM_D1_FROZEN_B11_B12,run_local_probability_variation,none,304,run_id_12_315_common_304,figures/fig4_ablation/A1_A6_lifecycle_variation.csv,DERIVED
A1,C6,164,0.5016501650165016,0.0068508181720972,0.0090829474343494,11,PHM2010,D1,PHM_D1_FROZEN_B11_B12,run_local_probability_variation,none,304,run_id_12_315_common_304,figures/fig4_ablation/A1_A6_lifecycle_variation.csv,DERIVED
A1,C6,165,0.504950495049505,0.0034769251942634,0.01440553993664,11,PHM2010,D1,PHM_D1_FROZEN_B11_B12,run_local_probability_variation,none,304,run_id_12_315_common_304,figures/fig4_ablation/A1_A6_lifecycle_variation.csv,DERIVED
A1,C6,166,0.5082508250825083,0.008734269067645,0.0199900328774343,11,PHM2010,D1,PHM_D1_FROZEN_B11_B12,run_local_probability_variation,none,304,run_id_12_315_common_304,figures/fig4_ablation/A1_A6_lifecycle_variation.csv,DERIVED
A1,C6,167,0.5115511551155115,0.0050888676196336,0.0229663599959828,11,PHM2010,D1,PHM_D1_FROZEN_B11_B12,run_local_probability_variation,none,304,run_id_12_315_common_304,figures/fig4_ablation/A1_A6_lifecycle_variation.csv,DERIVED
A1,C6,168,0.5148514851485149,0.0218510366976261,0.0261933954263275,11,PHM2010,D1,PHM_D1_FROZEN_B11_B12,run_local_probability_variation,none,304,run_id_12_315_common_304,figures/fig4_ablation/A1_A6_lifecycle_variation.csv,DERIVED
A1,C6,169,0.5181518151815182,0.034404095262289,0.0322323378852822,11,PHM2010,D1,PHM_D1_FROZEN_B11_B12,run_local_probability_variation,none,304,run_id_12_315_common_304,figures/fig4_ablation/A1_A6_lifecycle_variation.csv,DERIVED
A1,C6,170,0.5214521452145214,0.0589918717741966,0.0407171831889586,11,PHM2010,D1,PHM_D1_FROZEN_B11_B12,run_local_probability_variation,none,304,run_id_12_315_common_304,figures/fig4_ablation/A1_A6_lifecycle_variation.csv,DERIVED
A1,C6,171,0.5247524752475248,0.0645041726529598,0.0468717992983081,11,PHM2010,D1,PHM_D1_FROZEN_B11_B12,run_local_probability_variation,none,304,run_id_12_315_common_304,figures/fig4_ablation/A1_A6_lifecycle_variation.csv,DERIVED
A1,C6,172,0.528052805280528,0.045440524816513,0.050869968296452,11,PHM2010,D1,PHM_D1_FROZEN_B11_B12,run_local_probability_variation,none,304,run_id_12_315_common_304,figures/fig4_ablation/A1_A6_lifecycle_variation.csv,DERIVED
A1,C6,173,0.5313531353135313,0.0386790595948696,0.0544185628267851,11,PHM2010,D1,PHM_D1_FROZEN_B11_B12,run_local_probability_variation,none,304,run_id_12_315_common_304,figures/fig4_ablation/A1_A6_lifecycle_variation.csv,DERIVED
A1,C6,174,0.5346534653465347,0.0665340758860111,0.0565181821584701,11,PHM2010,D1,PHM_D1_FROZEN_B11_B12,run_local_probability_variation,none,304,run_id_12_315_common_304,figures/fig4_ablation/A1_A6_lifecycle_variation.csv,DERIVED
A1,C6,175,0.5379537953795379,0.100184116512537,0.0625005845319141,11,PHM2010,D1,PHM_D1_FROZEN_B11_B12,run_local_probability_variation,none,304,run_id_12_315_common_304,figures/fig4_ablation/A1_A6_lifecycle_variation.csv,DERIVED
A1,C6,176,0.5412541254125413,0.071177702397108,0.0610471852123737,11,PHM2010,D1,PHM_D1_FROZEN_B11_B12,run_local_probability_variation,none,304,run_id_12_315_common_304,figures/fig4_ablation/A1_A6_lifecycle_variation.csv,DERIVED
A1,C6,177,0.5445544554455446,0.0527141280472278,0.0579862347380681,11,PHM2010,D1,PHM_D1_FROZEN_B11_B12,run_local_probability_variation,none,304,run_id_12_315_common_304,figures/fig4_ablation/A1_A6_lifecycle_variation.csv,DERIVED
A1,C6,178,0.5478547854785478,0.0441234074532985,0.0554909733208743,11,PHM2010,D1,PHM_D1_FROZEN_B11_B12,run_local_probability_variation,none,304,run_id_12_315_common_304,figures/fig4_ablation/A1_A6_lifecycle_variation.csv,DERIVED
A1,C6,179,0.5511551155115512,0.0449468493461608,0.0528648658232255,11,PHM2010,D1,PHM_D1_FROZEN_B11_B12,run_local_probability_variation,none,304,run_id_12_315_common_304,figures/fig4_ablation/A1_A6_lifecycle_variation.csv,DERIVED
A1,C6,180,0.5544554455445545,0.1002105213701725,0.0519391806288199,11,PHM2010,D1,PHM_D1_FROZEN_B11_B12,run_local_probability_variation,none,304,run_id_12_315_common_304,figures/fig4_ablation/A1_A6_lifecycle_variation.csv,DERIVED
A1,C6,181,0.5577557755775577,0.0430044792592525,0.0466364984485236,11,PHM2010,D1,PHM_D1_FROZEN_B11_B12,run_local_probability_variation,none,304,run_id_12_315_common_304,figures/fig4_ablation/A1_A6_lifecycle_variation.csv,DERIVED
A1,C6,182,0.5610561056105611,0.0308337174355983,0.0407064313238317,11,PHM2010,D1,PHM_D1_FROZEN_B11_B12,run_local_probability_variation,none,304,run_id_12_315_common_304,figures/fig4_ablation/A1_A6_lifecycle_variation.csv,DERIVED
A1,C6,183,0.5643564356435643,0.0179926492273807,0.0379073006862943,11,PHM2010,D1,PHM_D1_FROZEN_B11_B12,run_local_probability_variation,none,304,run_id_12_315_common_304,figures/fig4_ablation/A1_A6_lifecycle_variation.csv,DERIVED
A1,C6,184,0.5676567656765676,0.0097918771207332,0.0346220721575346,11,PHM2010,D1,PHM_D1_FROZEN_B11_B12,run_local_probability_variation,none,304,run_id_12_315_common_304,figures/fig4_ablation/A1_A6_lifecycle_variation.csv,DERIVED
A1,C6,185,0.570957095709571,0.056351538747549,0.0317204794423146,11,PHM2010,D1,PHM_D1_FROZEN_B11_B12,run_local_probability_variation,none,304,run_id_12_315_common_304,figures/fig4_ablation/A1_A6_lifecycle_variation.csv,DERIVED
A1,C6,186,0.5742574257425742,0.0418546125292778,0.0231538210064172,11,PHM2010,D1,PHM_D1_FROZEN_B11_B12,run_local_probability_variation,none,304,run_id_12_315_common_304,figures/fig4_ablation/A1_A6_lifecycle_variation.csv,DERIVED
A1,C6,187,0.5775577557755776,0.0059469640254974,0.0201691455123099,11,PHM2010,D1,PHM_D1_FROZEN_B11_B12,run_local_probability_variation,none,304,run_id_12_315_common_304,figures/fig4_ablation/A1_A6_lifecycle_variation.csv,DERIVED
A1,C6,188,0.5808580858085809,0.021923691034317,0.0176445369354703,11,PHM2010,D1,PHM_D1_FROZEN_B11_B12,run_local_probability_variation,none,304,run_id_12_315_common_304,figures/fig4_ablation/A1_A6_lifecycle_variation.csv,DERIVED
A1,C6,189,0.5841584158415841,0.0079858936369419,0.0168086601929231,11,PHM2010,D1,PHM_D1_FROZEN_B11_B12,run_local_probability_variation,none,304,run_id_12_315_common_304,figures/fig4_ablation/A1_A6_lifecycle_variation.csv,DERIVED
A1,C6,190,0.5874587458745875,0.0130293294787406,0.0163960436528379,11,PHM2010,D1,PHM_D1_FROZEN_B11_B12,run_local_probability_variation,none,304,run_id_12_315_common_304,figures/fig4_ablation/A1_A6_lifecycle_variation.csv,DERIVED
A1,C6,191,0.5907590759075908,0.0059772785753011,0.0117931660603393,11,PHM2010,D1,PHM_D1_FROZEN_B11_B12,run_local_probability_variation,none,304,run_id_12_315_common_304,figures/fig4_ablation/A1_A6_lifecycle_variation.csv,DERIVED
A1,C6,192,0.594059405940594,0.0101730488240718,0.0082147988406094,11,PHM2010,D1,PHM_D1_FROZEN_B11_B12,run_local_probability_variation,none,304,run_id_12_315_common_304,figures/fig4_ablation/A1_A6_lifecycle_variation.csv,DERIVED
A1,C6,193,0.5973597359735974,0.0030630230903625,0.0079896952956914,11,PHM2010,D1,PHM_D1_FROZEN_B11_B12,run_local_probability_variation,none,304,run_id_12_315_common_304,figures/fig4_ablation/A1_A6_lifecycle_variation.csv,DERIVED
A1,C6,194,0.6006600660066007,0.0087980050593614,0.0062527427957816,11,PHM2010,D1,PHM_D1_FROZEN_B11_B12,run_local_probability_variation,none,304,run_id_12_315_common_304,figures/fig4_ablation/A1_A6_lifecycle_variation.csv,DERIVED
A1,C6,195,0.6039603960396039,0.0052530951797962,0.0056749516251412,11,PHM2010,D1,PHM_D1_FROZEN_B11_B12,run_local_probability_variation,none,304,run_id_12_315_common_304,figures/fig4_ablation/A1_A6_lifecycle_variation.csv,DERIVED
A1,C6,196,0.6072607260726073,0.0057198852300643,0.0045574236322533,11,PHM2010,D1,PHM_D1_FROZEN_B11_B12,run_local_probability_variation,none,304,run_id_12_315_common_304,figures/fig4_ablation/A1_A6_lifecycle_variation.csv,DERIVED
A1,C6,197,0.6105610561056105,0.0024925731122493,0.0041087398474866,11,PHM2010,D1,PHM_D1_FROZEN_B11_B12,run_local_probability_variation,none,304,run_id_12_315_common_304,figures/fig4_ablation/A1_A6_lifecycle_variation.csv,DERIVED
A1,C6,198,0.6138613861386139,0.0034708250313997,0.003353893587535,11,PHM2010,D1,PHM_D1_FROZEN_B11_B12,run_local_probability_variation,none,304,run_id_12_315_common_304,figures/fig4_ablation/A1_A6_lifecycle_variation.csv,DERIVED
A1,C6,199,0.6171617161716172,0.0028172135353088,0.0031621906567703,11,PHM2010,D1,PHM_D1_FROZEN_B11_B12,run_local_probability_variation,none,304,run_id_12_315_common_304,figures/fig4_ablation/A1_A6_lifecycle_variation.csv,DERIVED
A1,C6,200,0.6204620462046204,0.0016301907598972,0.0026573481207544,11,PHM2010,D1,PHM_D1_FROZEN_B11_B12,run_local_probability_variation,none,304,run_id_12_315_common_304,figures/fig4_ablation/A1_A6_lifecycle_variation.csv,DERIVED
A1,C6,201,0.6237623762376238,0.0007365215569734,0.0022738492962988,11,PHM2010,D1,PHM_D1_FROZEN_B11_B12,run_local_probability_variation,none,304,run_id_12_315_common_304,figures/fig4_ablation/A1_A6_lifecycle_variation.csv,DERIVED
A1,C6,202,0.6270627062706271,0.0010417569428682,0.0021670767190781,11,PHM2010,D1,PHM_D1_FROZEN_B11_B12,run_local_probability_variation,none,304,run_id_12_315_common_304,figures/fig4_ablation/A1_A6_lifecycle_variation.csv,DERIVED
A1,C6,203,0.6303630363036303,0.0018697399646043,0.0020374567671255,11,PHM2010,D1,PHM_D1_FROZEN_B11_B12,run_local_probability_variation,none,304,run_id_12_315_common_304,figures/fig4_ablation/A1_A6_lifecycle_variation.csv,DERIVED
A1,C6,204,0.6336633663366337,0.0009542908519506,0.0023298835889859,11,PHM2010,D1,PHM_D1_FROZEN_B11_B12,run_local_probability_variation,none,304,run_id_12_315_common_304,figures/fig4_ablation/A1_A6_lifecycle_variation.csv,DERIVED
A1,C6,205,0.636963696369637,0.003244737163186,0.0021615839478644,11,PHM2010,D1,PHM_D1_FROZEN_B11_B12,run_local_probability_variation,none,304,run_id_12_315_common_304,figures/fig4_ablation/A1_A6_lifecycle_variation.csv,DERIVED
A1,C6,206,0.6402640264026402,0.0010346081107854,0.0026402602141553,11,PHM2010,D1,PHM_D1_FROZEN_B11_B12,run_local_probability_variation,none,304,run_id_12_315_common_304,figures/fig4_ablation/A1_A6_lifecycle_variation.csv,DERIVED
A1,C6,207,0.6435643564356436,0.0045453868806362,0.0032260133461518,11,PHM2010,D1,PHM_D1_FROZEN_B11_B12,run_local_probability_variation,none,304,run_id_12_315_common_304,figures/fig4_ablation/A1_A6_lifecycle_variation.csv,DERIVED
A1,C6,208,0.6468646864686468,0.0010667536407709,0.0042207339270548,11,PHM2010,D1,PHM_D1_FROZEN_B11_B12,run_local_probability_variation,none,304,run_id_12_315_common_304,figures/fig4_ablation/A1_A6_lifecycle_variation.csv,DERIVED
A1,C6,209,0.6501650165016502,0.0066875200718641,0.0058445757762952,11,PHM2010,D1,PHM_D1_FROZEN_B11_B12,run_local_probability_variation,none,304,run_id_12_315_common_304,figures/fig4_ablation/A1_A6_lifecycle_variation.csv,DERIVED
A1,C6,210,0.6534653465346535,0.0009659174829721,0.0071374564008279,11,PHM2010,D1,PHM_D1_FROZEN_B11_B12,run_local_probability_variation,none,304,run_id_12_315_common_304,figures/fig4_ablation/A1_A6_lifecycle_variation.csv,DERIVED
A1,C6,211,0.6567656765676567,0.0068956296890974,0.0128867372193119,11,PHM2010,D1,PHM_D1_FROZEN_B11_B12,run_local_probability_variation,none,304,run_id_12_315_common_304,figures/fig4_ablation/A1_A6_lifecycle_variation.csv,DERIVED
A1,C6,212,0.6600660066006601,0.0071798060089349,0.0154706126248294,11,PHM2010,D1,PHM_D1_FROZEN_B11_B12,run_local_probability_variation,none,304,run_id_12_315_common_304,figures/fig4_ablation/A1_A6_lifecycle_variation.csv,DERIVED
A1,C6,213,0.6633663366336634,0.0119836833328008,0.0195848811417818,11,PHM2010,D1,PHM_D1_FROZEN_B11_B12,run_local_probability_variation,none,304,run_id_12_315_common_304,figures/fig4_ablation/A1_A6_lifecycle_variation.csv,DERIVED
A1,C6,214,0.6666666666666666,0.0197320003062486,0.0212761454961516,11,PHM2010,D1,PHM_D1_FROZEN_B11_B12,run_local_probability_variation,none,304,run_id_12_315_common_304,figures/fig4_ablation/A1_A6_lifecycle_variation.csv,DERIVED
A1,C6,215,0.66996699669967,0.0151759777218103,0.0383862695572051,11,PHM2010,D1,PHM_D1_FROZEN_B11_B12,run_local_probability_variation,none,304,run_id_12_315_common_304,figures/fig4_ablation/A1_A6_lifecycle_variation.csv,DERIVED
A1,C6,216,0.6732673267326733,0.0664868261665105,0.0411328199234875,11,PHM2010,D1,PHM_D1_FROZEN_B11_B12,run_local_probability_variation,none,304,run_id_12_315_common_304,figures/fig4_ablation/A1_A6_lifecycle_variation.csv,DERIVED
A1,C6,217,0.6765676567656765,0.0294572375714778,0.0632937078110196,11,PHM2010,D1,PHM_D1_FROZEN_B11_B12,run_local_probability_variation,none,304,run_id_12_315_common_304,figures/fig4_ablation/A1_A6_lifecycle_variation.csv,DERIVED
A1,C6,218,0.6798679867986799,0.0498023405671119,0.0632329684766856,11,PHM2010,D1,PHM_D1_FROZEN_B11_B12,run_local_probability_variation,none,304,run_id_12_315_common_304,figures/fig4_ablation/A1_A6_lifecycle_variation.csv,DERIVED
A1,C6,219,0.6831683168316832,0.0196706615388393,0.0948529556732286,11,PHM2010,D1,PHM_D1_FROZEN_B11_B12,run_local_probability_variation,none,304,run_id_12_315_common_304,figures/fig4_ablation/A1_A6_lifecycle_variation.csv,DERIVED
A1,C6,220,0.6864686468646864,0.194898884743452,0.1433318910950964,11,PHM2010,D1,PHM_D1_FROZEN_B11_B12,run_local_probability_variation,none,304,run_id_12_315_common_304,figures/fig4_ablation/A1_A6_lifecycle_variation.csv,DERIVED
A1,C6,221,0.6897689768976898,0.0311779715120792,0.1591585820371454,11,PHM2010,D1,PHM_D1_FROZEN_B11_B12,run_local_probability_variation,none,304,run_id_12_315_common_304,figures/fig4_ablation/A1_A6_lifecycle_variation.csv,DERIVED
A1,C6,222,0.693069306930693,0.2506653964519501,0.1699549113823608,11,PHM2010,D1,PHM_D1_FROZEN_B11_B12,run_local_probability_variation,none,304,run_id_12_315_common_304,figures/fig4_ablation/A1_A6_lifecycle_variation.csv,DERIVED
A1,C6,223,0.6963696369636964,0.0065116733312606,0.1688937621021812,11,PHM2010,D1,PHM_D1_FROZEN_B11_B12,run_local_probability_variation,none,304,run_id_12_315_common_304,figures/fig4_ablation/A1_A6_lifecycle_variation.csv,DERIVED
A1,C6,224,0.6996699669966997,0.3598035424947738,0.1677212749015201,11,PHM2010,D1,PHM_D1_FROZEN_B11_B12,run_local_probability_variation,none,304,run_id_12_315_common_304,figures/fig4_ablation/A1_A6_lifecycle_variation.csv,DERIVED
A1,C6,225,0.7029702970297029,0.5530002899467945,0.1670644993639805,11,PHM2010,D1,PHM_D1_FROZEN_B11_B12,run_local_probability_variation,none,304,run_id_12_315_common_304,figures/fig4_ablation/A1_A6_lifecycle_variation.csv,DERIVED
A1,C6,226,0.7062706270627063,0.1892695780843496,0.1502689891918139,11,PHM2010,D1,PHM_D1_FROZEN_B11_B12,run_local_probability_variation,none,304,run_id_12_315_common_304,figures/fig4_ablation/A1_A6_lifecycle_variation.csv,DERIVED
A1,C6,227,0.7095709570957096,0.1852464489638805,0.1479016643186861,11,PHM2010,D1,PHM_D1_FROZEN_B11_B12,run_local_probability_variation,none,304,run_id_12_315_common_304,figures/fig4_ablation/A1_A6_lifecycle_variation.csv,DERIVED
A1,C6,228,0.7128712871287128,0.0177845954895019,0.125518774359741,11,PHM2010,D1,PHM_D1_FROZEN_B11_B12,run_local_probability_variation,none,304,run_id_12_315_common_304,figures/fig4_ablation/A1_A6_lifecycle_variation.csv,DERIVED
A1,C6,229,0.7161716171617162,0.0369049813598394,0.1251057076521895,11,PHM2010,D1,PHM_D1_FROZEN_B11_B12,run_local_probability_variation,none,304,run_id_12_315_common_304,figures/fig4_ablation/A1_A6_lifecycle_variation.csv,DERIVED
A1,C6,230,0.7194719471947195,0.0124461306259036,0.0925900781611827,11,PHM2010,D1,PHM_D1_FROZEN_B11_B12,run_local_probability_variation,none,304,run_id_12_315_common_304,figures/fig4_ablation/A1_A6_lifecycle_variation.csv,DERIVED
A1,C6,231,0.7227722772277227,0.0101482728496193,0.0423952781764621,11,PHM2010,D1,PHM_D1_FROZEN_B11_B12,run_local_probability_variation,none,304,run_id_12_315_common_304,figures/fig4_ablation/A1_A6_lifecycle_variation.csv,DERIVED
A1,C6,232,0.7260726072607261,0.0051373979076743,0.0253621628084643,11,PHM2010,D1,PHM_D1_FROZEN_B11_B12,run_local_probability_variation,none,304,run_id_12_315_common_304,figures/fig4_ablation/A1_A6_lifecycle_variation.csv,DERIVED
A1,C6,233,0.7293729372937293,0.004453606903553,0.0085472544993866,11,PHM2010,D1,PHM_D1_FROZEN_B11_B12,run_local_probability_variation,none,304,run_id_12_315_common_304,figures/fig4_ablation/A1_A6_lifecycle_variation.csv,DERIVED
A1,C6,234,0.7326732673267327,0.0019679395481944,0.0070244988680563,11,PHM2010,D1,PHM_D1_FROZEN_B11_B12,run_local_probability_variation,none,304,run_id_12_315_common_304,figures/fig4_ablation/A1_A6_lifecycle_variation.csv,DERIVED
A1,C6,235,0.735973597359736,0.0021316180936992,0.0038178100419992,11,PHM2010,D1,PHM_D1_FROZEN_B11_B12,run_local_probability_variation,none,304,run_id_12_315_common_304,figures/fig4_ablation/A1_A6_lifecycle_variation.csv,DERIVED
A1,C6,236,0.7392739273927392,0.0008574901148676,0.0028423104773868,11,PHM2010,D1,PHM_D1_FROZEN_B11_B12,run_local_probability_variation,none,304,run_id_12_315_common_304,figures/fig4_ablation/A1_A6_lifecycle_variation.csv,DERIVED
A1,C6,237,0.7425742574257426,0.001905309036374,0.0019568427550521,11,PHM2010,D1,PHM_D1_FROZEN_B11_B12,run_local_probability_variation,none,304,run_id_12_315_common_304,figures/fig4_ablation/A1_A6_lifecycle_variation.csv,DERIVED
A1,C6,238,0.7458745874587459,0.0002824575640261,0.0015437387522648,11,PHM2010,D1,PHM_D1_FROZEN_B11_B12,run_local_probability_variation,none,304,run_id_12_315_common_304,figures/fig4_ablation/A1_A6_lifecycle_variation.csv,DERIVED
A1,C6,239,0.7491749174917491,0.0010342835448682,0.0012177668765864,11,PHM2010,D1,PHM_D1_FROZEN_B11_B12,run_local_probability_variation,none,304,run_id_12_315_common_304,figures/fig4_ablation/A1_A6_lifecycle_variation.csv,DERIVED
A1,C6,240,0.7524752475247525,0.0016314042732119,0.0011392102830789,11,PHM2010,D1,PHM_D1_FROZEN_B11_B12,run_local_probability_variation,none,304,run_id_12_315_common_304,figures/fig4_ablation/A1_A6_lifecycle_variation.csv,DERIVED
A1,C6,241,0.7557755775577558,0.0017156354151666,0.0011431380513716,11,PHM2010,D1,PHM_D1_FROZEN_B11_B12,run_local_probability_variation,none,304,run_id_12_315_common_304,figures/fig4_ablation/A1_A6_lifecycle_variation.csv,DERIVED
A1,C6,242,0.759075907590759,0.0004081279039382,0.0012713602574711,11,PHM2010,D1,PHM_D1_FROZEN_B11_B12,run_local_probability_variation,none,304,run_id_12_315_common_304,figures/fig4_ablation/A1_A6_lifecycle_variation.csv,DERIVED
A1,C6,243,0.7623762376237624,0.0005932538770139,0.0011199270798401,11,PHM2010,D1,PHM_D1_FROZEN_B11_B12,run_local_probability_variation,none,304,run_id_12_315_common_304,figures/fig4_ablation/A1_A6_lifecycle_variation.csv,DERIVED
A1,C6,244,0.7656765676567657,0.0008679162710905,0.001146264670586,11,PHM2010,D1,PHM_D1_FROZEN_B11_B12,run_local_probability_variation,none,304,run_id_12_315_common_304,figures/fig4_ablation/A1_A6_lifecycle_variation.csv,DERIVED
A1,C6,245,0.768976897689769,0.0011038170196115,0.0012068986384706,11,PHM2010,D1,PHM_D1_FROZEN_B11_B12,run_local_probability_variation,none,304,run_id_12_315_common_304,figures/fig4_ablation/A1_A6_lifecycle_variation.csv,DERIVED
A1,C6,246,0.7722772277227723,0.0021748235449194,0.0012163413180546,11,PHM2010,D1,PHM_D1_FROZEN_B11_B12,run_local_probability_variation,none,304,run_id_12_315_common_304,figures/fig4_ablation/A1_A6_lifecycle_variation.csv,DERIVED
A1,C6,247,0.7755775577557755,0.0022679343819618,0.0010986818762665,11,PHM2010,D1,PHM_D1_FROZEN_B11_B12,run_local_probability_variation,none,304,run_id_12_315_common_304,figures/fig4_ablation/A1_A6_lifecycle_variation.csv,DERIVED
A1,C6,248,0.7788778877887789,0.0002395440824329,0.001112524123693,11,PHM2010,D1,PHM_D1_FROZEN_B11_B12,run_local_probability_variation,none,304,run_id_12_315_common_304,figures/fig4_ablation/A1_A6_lifecycle_variation.csv,DERIVED
A1,C6,249,0.7821782178217822,0.000572171062231,0.0011425423012538,11,PHM2010,D1,PHM_D1_FROZEN_B11_B12,run_local_probability_variation,none,304,run_id_12_315_common_304,figures/fig4_ablation/A1_A6_lifecycle_variation.csv,DERIVED
A1,C6,250,0.7854785478547854,0.0017012571915984,0.0011578819037161,11,PHM2010,D1,PHM_D1_FROZEN_B11_B12,run_local_probability_variation,none,304,run_id_12_315_common_304,figures/fig4_ablation/A1_A6_lifecycle_variation.csv,DERIVED
A1,C6,251,0.7887788778877888,0.0017352737486362,0.0010742742398923,11,PHM2010,D1,PHM_D1_FROZEN_B11_B12,run_local_probability_variation,none,304,run_id_12_315_common_304,figures/fig4_ablation/A1_A6_lifecycle_variation.csv,DERIVED
A1,C6,252,0.7920792079207921,0.0004213815554976,0.0009148429063233,11,PHM2010,D1,PHM_D1_FROZEN_B11_B12,run_local_probability_variation,none,304,run_id_12_315_common_304,figures/fig4_ablation/A1_A6_lifecycle_variation.csv,DERIVED
A1,C6,253,0.7953795379537953,0.0005603926256299,0.0007512175308709,11,PHM2010,D1,PHM_D1_FROZEN_B11_B12,run_local_probability_variation,none,304,run_id_12_315_common_304,figures/fig4_ablation/A1_A6_lifecycle_variation.csv,DERIVED
A1,C6,254,0.7986798679867987,0.0009234538301825,0.0007353695532815,11,PHM2010,D1,PHM_D1_FROZEN_B11_B12,run_local_probability_variation,none,304,run_id_12_315_common_304,figures/fig4_ablation/A1_A6_lifecycle_variation.csv,DERIVED
A1,C6,255,0.801980198019802,0.0010366518981754,0.0006918400441381,11,PHM2010,D1,PHM_D1_FROZEN_B11_B12,run_local_probability_variation,none,304,run_id_12_315_common_304,figures/fig4_ablation/A1_A6_lifecycle_variation.csv,DERIVED
A1,C6,256,0.8052805280528053,0.0001841327175498,0.0005562399852682,11,PHM2010,D1,PHM_D1_FROZEN_B11_B12,run_local_probability_variation,none,304,run_id_12_315_common_304,figures/fig4_ablation/A1_A6_lifecycle_variation.csv,DERIVED
A1,C6,257,0.8085808580858086,0.0004210788756608,0.0004005294547162,11,PHM2010,D1,PHM_D1_FROZEN_B11_B12,run_local_probability_variation,none,304,run_id_12_315_common_304,figures/fig4_ablation/A1_A6_lifecycle_variation.csv,DERIVED
A1,C6,258,0.8118811881188119,0.0004680552519857,0.000374486923895,11,PHM2010,D1,PHM_D1_FROZEN_B11_B12,run_local_probability_variation,none,304,run_id_12_315_common_304,figures/fig4_ablation/A1_A6_lifecycle_variation.csv,DERIVED
A1,C6,259,0.8151815181518152,6.521632894873619e-05,0.0003278627145019,11,PHM2010,D1,PHM_D1_FROZEN_B11_B12,run_local_probability_variation,none,304,run_id_12_315_common_304,figures/fig4_ablation/A1_A6_lifecycle_variation.csv,DERIVED
A1,C6,260,0.8184818481848185,9.33464616537094e-05,0.0002585713836279,11,PHM2010,D1,PHM_D1_FROZEN_B11_B12,run_local_probability_variation,none,304,run_id_12_315_common_304,figures/fig4_ablation/A1_A6_lifecycle_variation.csv,DERIVED
A1,C6,261,0.8217821782178217,0.0002096565440297,0.0001752794381569,11,PHM2010,D1,PHM_D1_FROZEN_B11_B12,run_local_probability_variation,none,304,run_id_12_315_common_304,figures/fig4_ablation/A1_A6_lifecycle_variation.csv,DERIVED
A1,C6,262,0.8250825082508251,2.245791256427765e-05,0.0001620874655517,11,PHM2010,D1,PHM_D1_FROZEN_B11_B12,run_local_probability_variation,none,304,run_id_12_315_common_304,figures/fig4_ablation/A1_A6_lifecycle_variation.csv,DERIVED
A1,C6,263,0.8283828382838284,0.0001349137164652,0.0002011458643458,11,PHM2010,D1,PHM_D1_FROZEN_B11_B12,run_local_probability_variation,none,304,run_id_12_315_common_304,figures/fig4_ablation/A1_A6_lifecycle_variation.csv,DERIVED
A1,C6,264,0.8316831683168316,4.752632230520248e-05,0.0002166062847457,11,PHM2010,D1,PHM_D1_FROZEN_B11_B12,run_local_probability_variation,none,304,run_id_12_315_common_304,figures/fig4_ablation/A1_A6_lifecycle_variation.csv,DERIVED
A1,C6,265,0.834983498349835,0.0001612491905689,0.0002518363550982,11,PHM2010,D1,PHM_D1_FROZEN_B11_B12,run_local_probability_variation,none,304,run_id_12_315_common_304,figures/fig4_ablation/A1_A6_lifecycle_variation.csv,DERIVED
A1,C6,266,0.8382838283828383,0.0001204404979944,0.000261509664018,11,PHM2010,D1,PHM_D1_FROZEN_B11_B12,run_local_probability_variation,none,304,run_id_12_315_common_304,figures/fig4_ablation/A1_A6_lifecycle_variation.csv,DERIVED
A1,C6,267,0.8415841584158416,3.902101889252663e-05,0.0003071096302433,11,PHM2010,D1,PHM_D1_FROZEN_B11_B12,run_local_probability_variation,none,304,run_id_12_315_common_304,figures/fig4_ablation/A1_A6_lifecycle_variation.csv,DERIVED
A1,C6,268,0.8448844884488449,0.0008507212623953,0.0003512059761719,11,PHM2010,D1,PHM_D1_FROZEN_B11_B12,run_local_probability_variation,none,304,run_id_12_315_common_304,figures/fig4_ablation/A1_A6_lifecycle_variation.csv,DERIVED
A1,C6,269,0.8481848184818482,0.0006381198763847,0.0003877412104471,11,PHM2010,D1,PHM_D1_FROZEN_B11_B12,run_local_probability_variation,none,304,run_id_12_315_common_304,figures/fig4_ablation/A1_A6_lifecycle_variation.csv,DERIVED
A1,C6,270,0.8514851485148515,0.0004527471028268,0.0003941111181947,11,PHM2010,D1,PHM_D1_FROZEN_B11_B12,run_local_probability_variation,none,304,run_id_12_315_common_304,figures/fig4_ablation/A1_A6_lifecycle_variation.csv,DERIVED
A1,C6,271,0.8547854785478548,0.0001997528597712,0.0004464200782504,11,PHM2010,D1,PHM_D1_FROZEN_B11_B12,run_local_probability_variation,none,304,run_id_12_315_common_304,figures/fig4_ablation/A1_A6_lifecycle_variation.csv,DERIVED
A1,C6,272,0.858085808580858,0.000711256172508,0.000457396349785,11,PHM2010,D1,PHM_D1_FROZEN_B11_B12,run_local_probability_variation,none,304,run_id_12_315_common_304,figures/fig4_ablation/A1_A6_lifecycle_variation.csv,DERIVED
A1,C6,273,0.8613861386138614,0.0005075177177786,0.0005230247043073,11,PHM2010,D1,PHM_D1_FROZEN_B11_B12,run_local_probability_variation,none,304,run_id_12_315_common_304,figures/fig4_ablation/A1_A6_lifecycle_variation.csv,DERIVED
A1,C6,274,0.8646864686468647,0.0005368012934923,0.0006958589127117,11,PHM2010,D1,PHM_D1_FROZEN_B11_B12,run_local_probability_variation,none,304,run_id_12_315_common_304,figures/fig4_ablation/A1_A6_lifecycle_variation.csv,DERIVED
A1,C6,275,0.8679867986798679,0.0001175953075289,0.0008424306288361,11,PHM2010,D1,PHM_D1_FROZEN_B11_B12,run_local_probability_variation,none,304,run_id_12_315_common_304,figures/fig4_ablation/A1_A6_lifecycle_variation.csv,DERIVED
A1,C6,276,0.8712871287128713,0.0007366477511823,0.0009216968054798,11,PHM2010,D1,PHM_D1_FROZEN_B11_B12,run_local_probability_variation,none,304,run_id_12_315_common_304,figures/fig4_ablation/A1_A6_lifecycle_variation.csv,DERIVED
A1,C6,277,0.8745874587458746,0.000241179484874,0.0009433092888105,11,PHM2010,D1,PHM_D1_FROZEN_B11_B12,run_local_probability_variation,none,304,run_id_12_315_common_304,figures/fig4_ablation/A1_A6_lifecycle_variation.csv,DERIVED
A1,C6,278,0.8778877887788779,0.0007609329186379,0.001095040066337,11,PHM2010,D1,PHM_D1_FROZEN_B11_B12,run_local_probability_variation,none,304,run_id_12_315_common_304,figures/fig4_ablation/A1_A6_lifecycle_variation.csv,DERIVED
A1,C6,279,0.8811881188118812,0.0027518975548446,0.0012060958807441,11,PHM2010,D1,PHM_D1_FROZEN_B11_B12,run_local_probability_variation,none,304,run_id_12_315_common_304,figures/fig4_ablation/A1_A6_lifecycle_variation.csv,DERIVED
A1,C6,280,0.8844884488448845,0.0022504087537527,0.0012651437216184,11,PHM2010,D1,PHM_D1_FROZEN_B11_B12,run_local_probability_variation,none,304,run_id_12_315_common_304,figures/fig4_ablation/A1_A6_lifecycle_variation.csv,DERIVED
A1,C6,281,0.8877887788778878,0.0013246750459074,0.0013008998198942,11,PHM2010,D1,PHM_D1_FROZEN_B11_B12,run_local_probability_variation,none,304,run_id_12_315_common_304,figures/fig4_ablation/A1_A6_lifecycle_variation.csv,DERIVED
A1,C6,282,0.8910891089108911,0.0004374901764094,0.0013925330290062,11,PHM2010,D1,PHM_D1_FROZEN_B11_B12,run_local_probability_variation,none,304,run_id_12_315_common_304,figures/fig4_ablation/A1_A6_lifecycle_variation.csv,DERIVED
A1,C6,283,0.8943894389438944,0.0023802947252988,0.0015653858638622,11,PHM2010,D1,PHM_D1_FROZEN_B11_B12,run_local_probability_variation,none,304,run_id_12_315_common_304,figures/fig4_ablation/A1_A6_lifecycle_variation.csv,DERIVED
A1,C6,284,0.8976897689768977,0.0017291316762566,0.0015395365401425,11,PHM2010,D1,PHM_D1_FROZEN_B11_B12,run_local_probability_variation,none,304,run_id_12_315_common_304,figures/fig4_ablation/A1_A6_lifecycle_variation.csv,DERIVED
A1,C6,285,0.900990099009901,0.0011863275431096,0.0013797458853911,11,PHM2010,D1,PHM_D1_FROZEN_B11_B12,run_local_probability_variation,none,304,run_id_12_315_common_304,figures/fig4_ablation/A1_A6_lifecycle_variation.csv,DERIVED
A1,C6,286,0.9042904290429042,0.0005109123885631,0.0012218418785116,11,PHM2010,D1,PHM_D1_FROZEN_B11_B12,run_local_probability_variation,none,304,run_id_12_315_common_304,figures/fig4_ablation/A1_A6_lifecycle_variation.csv,DERIVED
A1,C6,287,0.9075907590759076,0.0017446130514144,0.0011534775099293,11,PHM2010,D1,PHM_D1_FROZEN_B11_B12,run_local_probability_variation,none,304,run_id_12_315_common_304,figures/fig4_ablation/A1_A6_lifecycle_variation.csv,DERIVED
A1,C6,288,0.9108910891089108,0.0021425606682896,0.0011700884523716,11,PHM2010,D1,PHM_D1_FROZEN_B11_B12,run_local_probability_variation,none,304,run_id_12_315_common_304,figures/fig4_ablation/A1_A6_lifecycle_variation.csv,DERIVED
A1,C6,289,0.9141914191419142,0.0004765903577208,0.00098979964175,11,PHM2010,D1,PHM_D1_FROZEN_B11_B12,run_local_probability_variation,none,304,run_id_12_315_common_304,figures/fig4_ablation/A1_A6_lifecycle_variation.csv,DERIVED
A1,C6,290,0.9174917491749176,0.0009942003525793,0.0008830693127079,11,PHM2010,D1,PHM_D1_FROZEN_B11_B12,run_local_probability_variation,none,304,run_id_12_315_common_304,figures/fig4_ablation/A1_A6_lifecycle_variation.csv,DERIVED
A1,C6,291,0.9207920792079208,0.0005134646780788,0.0007885442200032,11,PHM2010,D1,PHM_D1_FROZEN_B11_B12,run_local_probability_variation,none,304,run_id_12_315_common_304,figures/fig4_ablation/A1_A6_lifecycle_variation.csv,DERIVED
A1,C6,292,0.924092409240924,0.000572666991502,0.0007561455819417,11,PHM2010,D1,PHM_D1_FROZEN_B11_B12,run_local_probability_variation,none,304,run_id_12_315_common_304,figures/fig4_ablation/A1_A6_lifecycle_variation.csv,DERIVED
A1,C6,293,0.9273927392739274,0.0006202105432748,0.0006030369973318,11,PHM2010,D1,PHM_D1_FROZEN_B11_B12,run_local_probability_variation,none,304,run_id_12_315_common_304,figures/fig4_ablation/A1_A6_lifecycle_variation.csv,DERIVED
A1,C6,294,0.9306930693069309,0.0003971178084611,0.0004277176816355,11,PHM2010,D1,PHM_D1_FROZEN_B11_B12,run_local_probability_variation,none,304,run_id_12_315_common_304,figures/fig4_ablation/A1_A6_lifecycle_variation.csv,DERIVED
A1,C6,295,0.933993399339934,0.0005550980567932,0.000414423263547,11,PHM2010,D1,PHM_D1_FROZEN_B11_B12,run_local_probability_variation,none,304,run_id_12_315_common_304,figures/fig4_ablation/A1_A6_lifecycle_variation.csv,DERIVED
A1,C6,296,0.9372937293729372,0.0001465515233576,0.0003335505554621,11,PHM2010,D1,PHM_D1_FROZEN_B11_B12,run_local_probability_variation,none,304,run_id_12_315_common_304,figures/fig4_ablation/A1_A6_lifecycle_variation.csv,DERIVED
A1,C6,297,0.9405940594059404,0.0001545273698866,0.0003175240179354,11,PHM2010,D1,PHM_D1_FROZEN_B11_B12,run_local_probability_variation,none,304,run_id_12_315_common_304,figures/fig4_ablation/A1_A6_lifecycle_variation.csv,DERIVED
A1,C6,298,0.943894389438944,6.041862070560455e-05,0.0002710813317786,11,PHM2010,D1,PHM_D1_FROZEN_B11_B12,run_local_probability_variation,none,304,run_id_12_315_common_304,figures/fig4_ablation/A1_A6_lifecycle_variation.csv,DERIVED
A1,C6,299,0.9471947194719472,0.0002140481956303,0.0002423985861241,11,PHM2010,D1,PHM_D1_FROZEN_B11_B12,run_local_probability_variation,none,304,run_id_12_315_common_304,figures/fig4_ablation/A1_A6_lifecycle_variation.csv,DERIVED
A1,C6,300,0.9504950495049505,0.0003303517587482,0.0002188196151771,11,PHM2010,D1,PHM_D1_FROZEN_B11_B12,run_local_probability_variation,none,304,run_id_12_315_common_304,figures/fig4_ablation/A1_A6_lifecycle_variation.csv,DERIVED
A1,C6,301,0.9537953795379538,0.0001046005636453,0.0001941421492533,11,PHM2010,D1,PHM_D1_FROZEN_B11_B12,run_local_probability_variation,none,304,run_id_12_315_common_304,figures/fig4_ablation/A1_A6_lifecycle_variation.csv,DERIVED
A1,C6,302,0.9570957095709572,0.0003371727652847,0.0001826388338072,11,PHM2010,D1,PHM_D1_FROZEN_B11_B12,run_local_probability_variation,none,304,run_id_12_315_common_304,figures/fig4_ablation/A1_A6_lifecycle_variation.csv,DERIVED
A1,C6,303,0.9603960396039604,6.179744377732277e-05,0.000188072847033,11,PHM2010,D1,PHM_D1_FROZEN_B11_B12,run_local_probability_variation,none,304,run_id_12_315_common_304,figures/fig4_ablation/A1_A6_lifecycle_variation.csv,DERIVED
A1,C6,304,0.9636963696369636,0.0003047003410756,0.0001964223655787,11,PHM2010,D1,PHM_D1_FROZEN_B11_B12,run_local_probability_variation,none,304,run_id_12_315_common_304,figures/fig4_ablation/A1_A6_lifecycle_variation.csv,DERIVED
A1,C6,305,0.966996699669967,0.0001377491280436,0.0001923852515491,11,PHM2010,D1,PHM_D1_FROZEN_B11_B12,run_local_probability_variation,none,304,run_id_12_315_common_304,figures/fig4_ablation/A1_A6_lifecycle_variation.csv,DERIVED
A1,C6,306,0.9702970297029704,0.0002836459316313,0.0002092557789927,11,PHM2010,D1,PHM_D1_FROZEN_B11_B12,run_local_probability_variation,none,304,run_id_12_315_common_304,figures/fig4_ablation/A1_A6_lifecycle_variation.csv,DERIVED
A1,C6,307,0.9735973597359736,2.001505345106125e-05,0.0002400772222741,11,PHM2010,D1,PHM_D1_FROZEN_B11_B12,run_local_probability_variation,none,304,run_id_12_315_common_304,figures/fig4_ablation/A1_A6_lifecycle_variation.csv,DERIVED
A1,C6,308,0.976897689768977,0.0002143015153706,0.0002663410692052,11,PHM2010,D1,PHM_D1_FROZEN_B11_B12,run_local_probability_variation,none,304,run_id_12_315_common_304,figures/fig4_ablation/A1_A6_lifecycle_variation.csv,DERIVED
A1,C6,309,0.9801980198019802,0.0001522633247077,0.0002622297456996,11,PHM2010,D1,PHM_D1_FROZEN_B11_B12,run_local_probability_variation,none,304,run_id_12_315_common_304,figures/fig4_ablation/A1_A6_lifecycle_variation.csv,DERIVED
A1,C6,310,0.9834983498349836,0.0001696399413049,0.0003058062019673,11,PHM2010,D1,PHM_D1_FROZEN_B11_B12,run_local_probability_variation,none,304,run_id_12_315_common_304,figures/fig4_ablation/A1_A6_lifecycle_variation.csv,DERIVED
A1,C6,311,0.9867986798679867,0.0005159275606274,0.0003226119093596,11,PHM2010,D1,PHM_D1_FROZEN_B11_B12,run_local_probability_variation,none,304,run_id_12_315_common_304,figures/fig4_ablation/A1_A6_lifecycle_variation.csv,DERIVED
A1,C6,312,0.99009900990099,0.0004436364397406,0.0003269414624406,11,PHM2010,D1,PHM_D1_FROZEN_B11_B12,run_local_probability_variation,none,304,run_id_12_315_common_304,figures/fig4_ablation/A1_A6_lifecycle_variation.csv,DERIVED
A1,C6,313,0.9933993399339934,0.0006260750815272,0.0003653072635643,11,PHM2010,D1,PHM_D1_FROZEN_B11_B12,run_local_probability_variation,none,304,run_id_12_315_common_304,figures/fig4_ablation/A1_A6_lifecycle_variation.csv,DERIVED
A1,C6,314,0.9966996699669968,1.657288521528244e-05,0.0003868795133062,11,PHM2010,D1,PHM_D1_FROZEN_B11_B12,run_local_probability_variation,none,304,run_id_12_315_common_304,figures/fig4_ablation/A1_A6_lifecycle_variation.csv,DERIVED
A1,C6,315,1.0,0.0007840413600206,0.000425982211406,11,PHM2010,D1,PHM_D1_FROZEN_B11_B12,run_local_probability_variation,none,304,run_id_12_315_common_304,figures/fig4_ablation/A1_A6_lifecycle_variation.csv,DERIVED
A2,C6,12,0.0,,0.0047806428813854,11,PHM2010,D1,PHM_D1_FROZEN_B11_B12,run_local_probability_variation,none,304,run_id_12_315_common_304,figures/fig4_ablation/A1_A6_lifecycle_variation.csv,DERIVED
A2,C6,13,0.0033003300330033,0.0064208451814801,0.0046047320579958,11,PHM2010,D1,PHM_D1_FROZEN_B11_B12,run_local_probability_variation,none,304,run_id_12_315_common_304,figures/fig4_ablation/A1_A6_lifecycle_variation.csv,DERIVED
A2,C6,14,0.0066006600660066,0.0018607412788102,0.0051372874035526,11,PHM2010,D1,PHM_D1_FROZEN_B11_B12,run_local_probability_variation,none,304,run_id_12_315_common_304,figures/fig4_ablation/A1_A6_lifecycle_variation.csv,DERIVED
A2,C6,15,0.0099009900990099,0.0046783454571386,0.0047222401989035,11,PHM2010,D1,PHM_D1_FROZEN_B11_B12,run_local_probability_variation,none,304,run_id_12_315_common_304,figures/fig4_ablation/A1_A6_lifecycle_variation.csv,DERIVED
A2,C6,16,0.0132013201320132,0.0037879825069584,0.0057771091695291,11,PHM2010,D1,PHM_D1_FROZEN_B11_B12,run_local_probability_variation,none,304,run_id_12_315_common_304,figures/fig4_ablation/A1_A6_lifecycle_variation.csv,DERIVED
A2,C6,17,0.0165016501650165,0.0071552999825398,0.0058992072165271,11,PHM2010,D1,PHM_D1_FROZEN_B11_B12,run_local_probability_variation,none,304,run_id_12_315_common_304,figures/fig4_ablation/A1_A6_lifecycle_variation.csv,DERIVED
A2,C6,18,0.0198019801980198,0.0037251779410475,0.0057891549107465,11,PHM2010,D1,PHM_D1_FROZEN_B11_B12,run_local_probability_variation,none,304,run_id_12_315_common_304,figures/fig4_ablation/A1_A6_lifecycle_variation.csv,DERIVED
A2,C6,19,0.0231023102310231,0.0083326194768937,0.0054618988752172,11,PHM2010,D1,PHM_D1_FROZEN_B11_B12,run_local_probability_variation,none,304,run_id_12_315_common_304,figures/fig4_ablation/A1_A6_lifecycle_variation.csv,DERIVED
A2,C6,20,0.0264026402640264,0.0018169097663599,0.0055310331797601,11,PHM2010,D1,PHM_D1_FROZEN_B11_B12,run_local_probability_variation,none,304,run_id_12_315_common_304,figures/fig4_ablation/A1_A6_lifecycle_variation.csv,DERIVED
A2,C6,21,0.0297029702970297,0.0142160609345333,0.0053757730120822,11,PHM2010,D1,PHM_D1_FROZEN_B11_B12,run_local_probability_variation,none,304,run_id_12_315_common_304,figures/fig4_ablation/A1_A6_lifecycle_variation.csv,DERIVED
A2,C6,22,0.033003300330033,0.0069980896395096,0.0051630322124765,11,PHM2010,D1,PHM_D1_FROZEN_B11_B12,run_local_probability_variation,none,304,run_id_12_315_common_304,figures/fig4_ablation/A1_A6_lifecycle_variation.csv,DERIVED
A2,C6,23,0.0363036303630363,0.0046886318529406,0.0046241571954375,11,PHM2010,D1,PHM_D1_FROZEN_B11_B12,run_local_probability_variation,none,304,run_id_12_315_common_304,figures/fig4_ablation/A1_A6_lifecycle_variation.csv,DERIVED
A2,C6,24,0.0396039603960396,0.002821028790658,0.0044065724922308,11,PHM2010,D1,PHM_D1_FROZEN_B11_B12,run_local_probability_variation,none,304,run_id_12_315_common_304,figures/fig4_ablation/A1_A6_lifecycle_variation.csv,DERIVED
A2,C6,25,0.0429042904290429,0.0026212186287812,0.0037311554703921,11,PHM2010,D1,PHM_D1_FROZEN_B11_B12,run_local_probability_variation,none,304,run_id_12_315_common_304,figures/fig4_ablation/A1_A6_lifecycle_variation.csv,DERIVED
A2,C6,26,0.0462046204620462,0.0029704836126819,0.0036624008103439,11,PHM2010,D1,PHM_D1_FROZEN_B11_B12,run_local_probability_variation,none,304,run_id_12_315_common_304,figures/fig4_ablation/A1_A6_lifecycle_variation.csv,DERIVED
A2,C6,27,0.0495049504950495,0.0014478337112954,0.0023870147480348,11,PHM2010,D1,PHM_D1_FROZEN_B11_B12,run_local_probability_variation,none,304,run_id_12_315_common_304,figures/fig4_ablation/A1_A6_lifecycle_variation.csv,DERIVED
A2,C6,28,0.0528052805280528,0.0012276747951112,0.0018553718437899,11,PHM2010,D1,PHM_D1_FROZEN_B11_B12,run_local_probability_variation,none,304,run_id_12_315_common_304,figures/fig4_ablation/A1_A6_lifecycle_variation.csv,DERIVED
A2,C6,29,0.0561056105610561,0.0013317462057739,0.0014836802805749,11,PHM2010,D1,PHM_D1_FROZEN_B11_B12,run_local_probability_variation,none,304,run_id_12_315_common_304,figures/fig4_ablation/A1_A6_lifecycle_variation.csv,DERIVED
A2,C6,30,0.0594059405940594,0.0009030322366682,0.0012659669363628,11,PHM2010,D1,PHM_D1_FROZEN_B11_B12,run_local_probability_variation,none,304,run_id_12_315_common_304,figures/fig4_ablation/A1_A6_lifecycle_variation.csv,DERIVED
A2,C6,31,0.0627062706270627,0.001060608505829,0.0010552548256031,11,PHM2010,D1,PHM_D1_FROZEN_B11_B12,run_local_probability_variation,none,304,run_id_12_315_common_304,figures/fig4_ablation/A1_A6_lifecycle_variation.csv,DERIVED
A2,C6,32,0.066006600660066,0.0001868142491331,0.0008268606959444,11,PHM2010,D1,PHM_D1_FROZEN_B11_B12,run_local_probability_variation,none,304,run_id_12_315_common_304,figures/fig4_ablation/A1_A6_lifecycle_variation.csv,DERIVED
A2,C6,33,0.0693069306930693,0.001150017692816,0.0007517298920934,11,PHM2010,D1,PHM_D1_FROZEN_B11_B12,run_local_probability_variation,none,304,run_id_12_315_common_304,figures/fig4_ablation/A1_A6_lifecycle_variation.csv,DERIVED
A2,C6,34,0.0726072607260726,0.0006000246575763,0.0006516781576126,11,PHM2010,D1,PHM_D1_FROZEN_B11_B12,run_local_probability_variation,none,304,run_id_12_315_common_304,figures/fig4_ablation/A1_A6_lifecycle_variation.csv,DERIVED
A2,C6,35,0.0759075907590759,0.0004261820043239,0.0005410429192031,11,PHM2010,D1,PHM_D1_FROZEN_B11_B12,run_local_probability_variation,none,304,run_id_12_315_common_304,figures/fig4_ablation/A1_A6_lifecycle_variation.csv,DERIVED
A2,C6,36,0.0792079207920792,0.000303385410425,0.0004730574875779,11,PHM2010,D1,PHM_D1_FROZEN_B11_B12,run_local_probability_variation,none,304,run_id_12_315_common_304,figures/fig4_ablation/A1_A6_lifecycle_variation.csv,DERIVED
A2,C6,37,0.0825082508250825,0.0004581481864366,0.0004156217335233,11,PHM2010,D1,PHM_D1_FROZEN_B11_B12,run_local_probability_variation,none,304,run_id_12_315_common_304,figures/fig4_ablation/A1_A6_lifecycle_variation.csv,DERIVED
A2,C6,38,0.0858085808580858,0.0006213948689335,0.0004319515129049,11,PHM2010,D1,PHM_D1_FROZEN_B11_B12,run_local_probability_variation,none,304,run_id_12_315_common_304,figures/fig4_ablation/A1_A6_lifecycle_variation.csv,DERIVED
A2,C6,39,0.0891089108910891,0.0001271057158225,0.0003571101047617,11,PHM2010,D1,PHM_D1_FROZEN_B11_B12,run_local_probability_variation,none,304,run_id_12_315_common_304,figures/fig4_ablation/A1_A6_lifecycle_variation.csv,DERIVED
A2,C6,40,0.0924092409240924,0.0001147585832695,0.0003637496087535,11,PHM2010,D1,PHM_D1_FROZEN_B11_B12,run_local_probability_variation,none,304,run_id_12_315_common_304,figures/fig4_ablation/A1_A6_lifecycle_variation.csv,DERIVED
A2,C6,41,0.0957095709570957,0.000155192488791,0.0003426031196371,11,PHM2010,D1,PHM_D1_FROZEN_B11_B12,run_local_probability_variation,none,304,run_id_12_315_common_304,figures/fig4_ablation/A1_A6_lifecycle_variation.csv,DERIVED
A2,C6,42,0.099009900990099,0.0004288152112287,0.0003325602561029,11,PHM2010,D1,PHM_D1_FROZEN_B11_B12,run_local_probability_variation,none,304,run_id_12_315_common_304,figures/fig4_ablation/A1_A6_lifecycle_variation.csv,DERIVED
A2,C6,43,0.1023102310231023,0.0003664418223304,0.0003179434104776,11,PHM2010,D1,PHM_D1_FROZEN_B11_B12,run_local_probability_variation,none,304,run_id_12_315_common_304,figures/fig4_ablation/A1_A6_lifecycle_variation.csv,DERIVED
A2,C6,44,0.1056105610561056,0.0003267622032412,0.0002836407807016,11,PHM2010,D1,PHM_D1_FROZEN_B11_B12,run_local_probability_variation,none,304,run_id_12_315_common_304,figures/fig4_ablation/A1_A6_lifecycle_variation.csv,DERIVED
A2,C6,45,0.1089108910891089,0.0006730592014866,0.0003112837351843,11,PHM2010,D1,PHM_D1_FROZEN_B11_B12,run_local_probability_variation,none,304,run_id_12_315_common_304,figures/fig4_ablation/A1_A6_lifecycle_variation.csv,DERIVED
A2,C6,46,0.1122112211221122,0.0001935706240433,0.0003528750204713,11,PHM2010,D1,PHM_D1_FROZEN_B11_B12,run_local_probability_variation,none,304,run_id_12_315_common_304,figures/fig4_ablation/A1_A6_lifecycle_variation.csv,DERIVED
A2,C6,47,0.1155115511551155,0.000192913911548,0.0003654105478316,11,PHM2010,D1,PHM_D1_FROZEN_B11_B12,run_local_probability_variation,none,304,run_id_12_315_common_304,figures/fig4_ablation/A1_A6_lifecycle_variation.csv,DERIVED
A2,C6,48,0.1188118811881188,0.000297362884559,0.0003905585015368,11,PHM2010,D1,PHM_D1_FROZEN_B11_B12,run_local_probability_variation,none,304,run_id_12_315_common_304,figures/fig4_ablation/A1_A6_lifecycle_variation.csv,DERIVED
A2,C6,49,0.1221122112211221,0.0002440659413975,0.0004027044873753,11,PHM2010,D1,PHM_D1_FROZEN_B11_B12,run_local_probability_variation,none,304,run_id_12_315_common_304,figures/fig4_ablation/A1_A6_lifecycle_variation.csv,DERIVED
A2,C6,50,0.1254125412541254,0.0004311782151321,0.0004498353671617,11,PHM2010,D1,PHM_D1_FROZEN_B11_B12,run_local_probability_variation,none,304,run_id_12_315_common_304,figures/fig4_ablation/A1_A6_lifecycle_variation.csv,DERIVED
A2,C6,51,0.1287128712871287,0.000572262721426,0.000433467023109,11,PHM2010,D1,PHM_D1_FROZEN_B11_B12,run_local_probability_variation,none,304,run_id_12_315_common_304,figures/fig4_ablation/A1_A6_lifecycle_variation.csv,DERIVED
A2,C6,52,0.132013201320132,0.0002930832897551,0.0005292439074024,11,PHM2010,D1,PHM_D1_FROZEN_B11_B12,run_local_probability_variation,none,304,run_id_12_315_common_304,figures/fig4_ablation/A1_A6_lifecycle_variation.csv,DERIVED
A2,C6,53,0.1353135313531353,0.0007054427019852,0.0005607933091986,11,PHM2010,D1,PHM_D1_FROZEN_B11_B12,run_local_probability_variation,none,304,run_id_12_315_common_304,figures/fig4_ablation/A1_A6_lifecycle_variation.csv,DERIVED
A2,C6,54,0.1386138613861386,0.0005000476665545,0.0007099121426687,11,PHM2010,D1,PHM_D1_FROZEN_B11_B12,run_local_probability_variation,none,304,run_id_12_315_common_304,figures/fig4_ablation/A1_A6_lifecycle_variation.csv,DERIVED
A2,C6,55,0.1419141914191419,0.0008452018808909,0.0007692375723248,11,PHM2010,D1,PHM_D1_FROZEN_B11_B12,run_local_probability_variation,none,304,run_id_12_315_common_304,figures/fig4_ablation/A1_A6_lifecycle_variation.csv,DERIVED
A2,C6,56,0.1452145214521452,0.000493007416907,0.0008674989329485,11,PHM2010,D1,PHM_D1_FROZEN_B11_B12,run_local_probability_variation,none,304,run_id_12_315_common_304,figures/fig4_ablation/A1_A6_lifecycle_variation.csv,DERIVED
A2,C6,57,0.1485148514851485,0.0012471163512705,0.0008870913909442,11,PHM2010,D1,PHM_D1_FROZEN_B11_B12,run_local_probability_variation,none,304,run_id_12_315_common_304,figures/fig4_ablation/A1_A6_lifecycle_variation.csv,DERIVED
A2,C6,58,0.1518151815181518,0.0005399573313071,0.0010662368202862,11,PHM2010,D1,PHM_D1_FROZEN_B11_B12,run_local_probability_variation,none,304,run_id_12_315_common_304,figures/fig4_ablation/A1_A6_lifecycle_variation.csv,DERIVED
A2,C6,59,0.1551155115511551,0.0019376700527302,0.0010411156602545,11,PHM2010,D1,PHM_D1_FROZEN_B11_B12,run_local_probability_variation,none,304,run_id_12_315_common_304,figures/fig4_ablation/A1_A6_lifecycle_variation.csv,DERIVED
A2,C6,60,0.1584158415841584,0.0008966456676139,0.0014094379007152,11,PHM2010,D1,PHM_D1_FROZEN_B11_B12,run_local_probability_variation,none,304,run_id_12_315_common_304,figures/fig4_ablation/A1_A6_lifecycle_variation.csv,DERIVED
A2,C6,61,0.1617161716171617,0.0015120531819932,0.0014081696395072,11,PHM2010,D1,PHM_D1_FROZEN_B11_B12,run_local_probability_variation,none,304,run_id_12_315_common_304,figures/fig4_ablation/A1_A6_lifecycle_variation.csv,DERIVED
A2,C6,62,0.165016501650165,0.0007877797593784,0.0018154992292335,11,PHM2010,D1,PHM_D1_FROZEN_B11_B12,run_local_probability_variation,none,304,run_id_12_315_common_304,figures/fig4_ablation/A1_A6_lifecycle_variation.csv,DERIVED
A2,C6,63,0.1683168316831683,0.0022636830125171,0.0021287188918499,11,PHM2010,D1,PHM_D1_FROZEN_B11_B12,run_local_probability_variation,none,304,run_id_12_315_common_304,figures/fig4_ablation/A1_A6_lifecycle_variation.csv,DERIVED
A2,C6,64,0.1716171617161716,0.0004291099416367,0.0028561558291741,11,PHM2010,D1,PHM_D1_FROZEN_B11_B12,run_local_probability_variation,none,304,run_id_12_315_common_304,figures/fig4_ablation/A1_A6_lifecycle_variation.csv,DERIVED
A2,C6,65,0.1749174917491749,0.0045515923116227,0.0037202180488491,11,PHM2010,D1,PHM_D1_FROZEN_B11_B12,run_local_probability_variation,none,304,run_id_12_315_common_304,figures/fig4_ablation/A1_A6_lifecycle_variation.csv,DERIVED
A2,C6,66,0.1782178217821782,0.0008312510076028,0.0048705305756823,11,PHM2010,D1,PHM_D1_FROZEN_B11_B12,run_local_probability_variation,none,304,run_id_12_315_common_304,figures/fig4_ablation/A1_A6_lifecycle_variation.csv,DERIVED
A2,C6,67,0.1815181518151815,0.0049736329038954,0.0057938971145026,11,PHM2010,D1,PHM_D1_FROZEN_B11_B12,run_local_probability_variation,none,304,run_id_12_315_common_304,figures/fig4_ablation/A1_A6_lifecycle_variation.csv,DERIVED
A2,C6,68,0.1848184818481848,0.0046925326400516,0.0080651992745306,11,PHM2010,D1,PHM_D1_FROZEN_B11_B12,run_local_probability_variation,none,304,run_id_12_315_common_304,figures/fig4_ablation/A1_A6_lifecycle_variation.csv,DERIVED
A2,C6,69,0.1881188118811881,0.0085417636418729,0.0095374604687107,11,PHM2010,D1,PHM_D1_FROZEN_B11_B12,run_local_probability_variation,none,304,run_id_12_315_common_304,figures/fig4_ablation/A1_A6_lifecycle_variation.csv,DERIVED
A2,C6,70,0.1914191419141914,0.0114423544691557,0.01196949178456,11,PHM2010,D1,PHM_D1_FROZEN_B11_B12,run_local_probability_variation,none,304,run_id_12_315_common_304,figures/fig4_ablation/A1_A6_lifecycle_variation.csv,DERIVED
A2,C6,71,0.1947194719471947,0.013550083462779,0.0131198488865698,11,PHM2010,D1,PHM_D1_FROZEN_B11_B12,run_local_probability_variation,none,304,run_id_12_315_common_304,figures/fig4_ablation/A1_A6_lifecycle_variation.csv,DERIVED
A2,C6,72,0.198019801980198,0.0116690851090165,0.0154043307451001,11,PHM2010,D1,PHM_D1_FROZEN_B11_B12,run_local_probability_variation,none,304,run_id_12_315_common_304,figures/fig4_ablation/A1_A6_lifecycle_variation.csv,DERIVED
A2,C6,73,0.2013201320132013,0.0257721035196863,0.0174578476663184,11,PHM2010,D1,PHM_D1_FROZEN_B11_B12,run_local_probability_variation,none,304,run_id_12_315_common_304,figures/fig4_ablation/A1_A6_lifecycle_variation.csv,DERIVED
A2,C6,74,0.2046204620462046,0.0184585561484977,0.0176509294857256,11,PHM2010,D1,PHM_D1_FROZEN_B11_B12,run_local_probability_variation,none,304,run_id_12_315_common_304,figures/fig4_ablation/A1_A6_lifecycle_variation.csv,DERIVED
A2,C6,75,0.2079207920792079,0.0271814544159792,0.0190887511187681,11,PHM2010,D1,PHM_D1_FROZEN_B11_B12,run_local_probability_variation,none,304,run_id_12_315_common_304,figures/fig4_ablation/A1_A6_lifecycle_variation.csv,DERIVED
A2,C6,76,0.2112211221122112,0.0172055204337307,0.0185551196507123,11,PHM2010,D1,PHM_D1_FROZEN_B11_B12,run_local_probability_variation,none,304,run_id_12_315_common_304,figures/fig4_ablation/A1_A6_lifecycle_variation.csv,DERIVED
A2,C6,77,0.2145214521452145,0.0259605514514362,0.0185509442810463,11,PHM2010,D1,PHM_D1_FROZEN_B11_B12,run_local_probability_variation,none,304,run_id_12_315_common_304,figures/fig4_ablation/A1_A6_lifecycle_variation.csv,DERIVED
A2,C6,78,0.2178217821782178,0.0275623190372968,0.0180956432905927,11,PHM2010,D1,PHM_D1_FROZEN_B11_B12,run_local_probability_variation,none,304,run_id_12_315_common_304,figures/fig4_ablation/A1_A6_lifecycle_variation.csv,DERIVED
A2,C6,79,0.2211221122112211,0.0068164326535303,0.0161790265914816,11,PHM2010,D1,PHM_D1_FROZEN_B11_B12,run_local_probability_variation,none,304,run_id_12_315_common_304,figures/fig4_ablation/A1_A6_lifecycle_variation.csv,DERIVED
A2,C6,80,0.2244224422442244,0.0243578016053408,0.0151732668734354,11,PHM2010,D1,PHM_D1_FROZEN_B11_B12,run_local_probability_variation,none,304,run_id_12_315_common_304,figures/fig4_ablation/A1_A6_lifecycle_variation.csv,DERIVED
A2,C6,81,0.2277227722772277,0.005572408320542,0.0135865695766017,11,PHM2010,D1,PHM_D1_FROZEN_B11_B12,run_local_probability_variation,none,304,run_id_12_315_common_304,figures/fig4_ablation/A1_A6_lifecycle_variation.csv,DERIVED
A2,C6,82,0.231023102310231,0.0135041543964529,0.014848749668368,11,PHM2010,D1,PHM_D1_FROZEN_B11_B12,run_local_probability_variation,none,304,run_id_12_315_common_304,figures/fig4_ablation/A1_A6_lifecycle_variation.csv,DERIVED
A2,C6,83,0.2343234323432343,0.0066607742140267,0.0164364878047976,11,PHM2010,D1,PHM_D1_FROZEN_B11_B12,run_local_probability_variation,none,304,run_id_12_315_common_304,figures/fig4_ablation/A1_A6_lifecycle_variation.csv,DERIVED
A2,C6,84,0.2376237623762376,0.0046893198294644,0.0155577832766173,11,PHM2010,D1,PHM_D1_FROZEN_B11_B12,run_local_probability_variation,none,304,run_id_12_315_common_304,figures/fig4_ablation/A1_A6_lifecycle_variation.csv,DERIVED
A2,C6,85,0.2409240924092409,0.0073951992499896,0.0198661004842412,11,PHM2010,D1,PHM_D1_FROZEN_B11_B12,run_local_probability_variation,none,304,run_id_12_315_common_304,figures/fig4_ablation/A1_A6_lifecycle_variation.csv,DERIVED
A2,C6,86,0.2442244224422442,0.0097277841508084,0.0213402997916336,11,PHM2010,D1,PHM_D1_FROZEN_B11_B12,run_local_probability_variation,none,304,run_id_12_315_common_304,figures/fig4_ablation/A1_A6_lifecycle_variation.csv,DERIVED
A2,C6,87,0.2475247524752475,0.0310895014431602,0.0260830990340349,11,PHM2010,D1,PHM_D1_FROZEN_B11_B12,run_local_probability_variation,none,304,run_id_12_315_common_304,figures/fig4_ablation/A1_A6_lifecycle_variation.csv,DERIVED
A2,C6,88,0.2508250825082508,0.0434256709521616,0.0276654336238425,11,PHM2010,D1,PHM_D1_FROZEN_B11_B12,run_local_probability_variation,none,304,run_id_12_315_common_304,figures/fig4_ablation/A1_A6_lifecycle_variation.csv,DERIVED
A2,C6,89,0.2541254125412541,0.0178965692273129,0.0347066242619352,11,PHM2010,D1,PHM_D1_FROZEN_B11_B12,run_local_probability_variation,none,304,run_id_12_315_common_304,figures/fig4_ablation/A1_A6_lifecycle_variation.csv,DERIVED
A2,C6,90,0.2574257425742574,0.0542079219373936,0.0360608638682554,11,PHM2010,D1,PHM_D1_FROZEN_B11_B12,run_local_probability_variation,none,304,run_id_12_315_common_304,figures/fig4_ablation/A1_A6_lifecycle_variation.csv,DERIVED
A2,C6,91,0.2607260726072607,0.0405739939866574,0.0461032086547053,11,PHM2010,D1,PHM_D1_FROZEN_B11_B12,run_local_probability_variation,none,304,run_id_12_315_common_304,figures/fig4_ablation/A1_A6_lifecycle_variation.csv,DERIVED
A2,C6,92,0.264026402640264,0.0577431999869561,0.0565537518716056,11,PHM2010,D1,PHM_D1_FROZEN_B11_B12,run_local_probability_variation,none,304,run_id_12_315_common_304,figures/fig4_ablation/A1_A6_lifecycle_variation.csv,DERIVED
A2,C6,93,0.2673267326732673,0.0309098348843361,0.0615809091568782,11,PHM2010,D1,PHM_D1_FROZEN_B11_B12,run_local_probability_variation,none,304,run_id_12_315_common_304,figures/fig4_ablation/A1_A6_lifecycle_variation.csv,DERIVED
A2,C6,94,0.2706270627062706,0.0841138712330465,0.0902223709644323,11,PHM2010,D1,PHM_D1_FROZEN_B11_B12,run_local_probability_variation,none,304,run_id_12_315_common_304,figures/fig4_ablation/A1_A6_lifecycle_variation.csv,DERIVED
A2,C6,95,0.2739273927392739,0.0195859554989865,0.0962553619243739,11,PHM2010,D1,PHM_D1_FROZEN_B11_B12,run_local_probability_variation,none,304,run_id_12_315_common_304,figures/fig4_ablation/A1_A6_lifecycle_variation.csv,DERIVED
A2,C6,96,0.2772277227722772,0.1178609919009385,0.1003557636366708,11,PHM2010,D1,PHM_D1_FROZEN_B11_B12,run_local_probability_variation,none,304,run_id_12_315_common_304,figures/fig4_ablation/A1_A6_lifecycle_variation.csv,DERIVED
A2,C6,97,0.2805280528052805,0.1246837595367118,0.1025720245111086,11,PHM2010,D1,PHM_D1_FROZEN_B11_B12,run_local_probability_variation,none,304,run_id_12_315_common_304,figures/fig4_ablation/A1_A6_lifecycle_variation.csv,DERIVED
A2,C6,98,0.2838283828382838,0.086388231581159,0.105185627066843,11,PHM2010,D1,PHM_D1_FROZEN_B11_B12,run_local_probability_variation,none,304,run_id_12_315_common_304,figures/fig4_ablation/A1_A6_lifecycle_variation.csv,DERIVED
A2,C6,99,0.2871287128712871,0.3584817508352564,0.105037918732822,11,PHM2010,D1,PHM_D1_FROZEN_B11_B12,run_local_probability_variation,none,304,run_id_12_315_common_304,figures/fig4_ablation/A1_A6_lifecycle_variation.csv,DERIVED
A2,C6,100,0.2904290429042904,0.0842594697866715,0.0982201776229401,11,PHM2010,D1,PHM_D1_FROZEN_B11_B12,run_local_probability_variation,none,304,run_id_12_315_common_304,figures/fig4_ablation/A1_A6_lifecycle_variation.csv,DERIVED
A2,C6,101,0.2937293729372937,0.0993123407726586,0.097466621456888,11,PHM2010,D1,PHM_D1_FROZEN_B11_B12,run_local_probability_variation,none,304,run_id_12_315_common_304,figures/fig4_ablation/A1_A6_lifecycle_variation.csv,DERIVED
A2,C6,102,0.297029702970297,0.0649528636054737,0.087261910992416,11,PHM2010,D1,PHM_D1_FROZEN_B11_B12,run_local_probability_variation,none,304,run_id_12_315_common_304,figures/fig4_ablation/A1_A6_lifecycle_variation.csv,DERIVED
A2,C6,103,0.3003300330033003,0.0864928281000338,0.0898968360736877,11,PHM2010,D1,PHM_D1_FROZEN_B11_B12,run_local_probability_variation,none,304,run_id_12_315_common_304,figures/fig4_ablation/A1_A6_lifecycle_variation.csv,DERIVED
A2,C6,104,0.3036303630363036,0.0292850432101053,0.0906141480034976,11,PHM2010,D1,PHM_D1_FROZEN_B11_B12,run_local_probability_variation,none,304,run_id_12_315_common_304,figures/fig4_ablation/A1_A6_lifecycle_variation.csv,DERIVED
A2,C6,105,0.3069306930693069,0.0091187190243459,0.0629070333864605,11,PHM2010,D1,PHM_D1_FROZEN_B11_B12,run_local_probability_variation,none,304,run_id_12_315_common_304,figures/fig4_ablation/A1_A6_lifecycle_variation.csv,DERIVED
A2,C6,106,0.3102310231023102,0.0112968376724134,0.0616328043023993,11,PHM2010,D1,PHM_D1_FROZEN_B11_B12,run_local_probability_variation,none,304,run_id_12_315_common_304,figures/fig4_ablation/A1_A6_lifecycle_variation.csv,DERIVED
A2,C6,107,0.3135313531353135,0.0056091767917462,0.0600289090793465,11,PHM2010,D1,PHM_D1_FROZEN_B11_B12,run_local_probability_variation,none,304,run_id_12_315_common_304,figures/fig4_ablation/A1_A6_lifecycle_variation.csv,DERIVED
A2,C6,108,0.3168316831683168,0.1536679354307005,0.063871526713382,11,PHM2010,D1,PHM_D1_FROZEN_B11_B12,run_local_probability_variation,none,304,run_id_12_315_common_304,figures/fig4_ablation/A1_A6_lifecycle_variation.csv,DERIVED
A2,C6,109,0.3201320132013201,0.0942786628090676,0.0585624583788975,11,PHM2010,D1,PHM_D1_FROZEN_B11_B12,run_local_probability_variation,none,304,run_id_12_315_common_304,figures/fig4_ablation/A1_A6_lifecycle_variation.csv,DERIVED
A2,C6,110,0.3234323432343234,0.053703490047849,0.0622466101941302,11,PHM2010,D1,PHM_D1_FROZEN_B11_B12,run_local_probability_variation,none,304,run_id_12_315_common_304,figures/fig4_ablation/A1_A6_lifecycle_variation.csv,DERIVED
A2,C6,111,0.3267326732673267,0.0702429498619985,0.0635636480908597,11,PHM2010,D1,PHM_D1_FROZEN_B11_B12,run_local_probability_variation,none,304,run_id_12_315_common_304,figures/fig4_ablation/A1_A6_lifecycle_variation.csv,DERIVED
A2,C6,112,0.33003300330033,0.0816694933190771,0.0666223479242488,11,PHM2010,D1,PHM_D1_FROZEN_B11_B12,run_local_probability_variation,none,304,run_id_12_315_common_304,figures/fig4_ablation/A1_A6_lifecycle_variation.csv,DERIVED
A2,C6,113,0.3333333333333333,0.1072216575798643,0.0684223024614209,11,PHM2010,D1,PHM_D1_FROZEN_B11_B12,run_local_probability_variation,none,304,run_id_12_315_common_304,figures/fig4_ablation/A1_A6_lifecycle_variation.csv,DERIVED
A2,C6,114,0.3366336633663366,0.0280930764207048,0.0661040553389911,11,PHM2010,D1,PHM_D1_FROZEN_B11_B12,run_local_probability_variation,none,304,run_id_12_315_common_304,figures/fig4_ablation/A1_A6_lifecycle_variation.csv,DERIVED
A2,C6,115,0.3399339933993399,0.0698107131776646,0.0647181920814563,11,PHM2010,D1,PHM_D1_FROZEN_B11_B12,run_local_probability_variation,none,304,run_id_12_315_common_304,figures/fig4_ablation/A1_A6_lifecycle_variation.csv,DERIVED
A2,C6,116,0.3432343234323432,0.0236061358883709,0.0603511650836944,11,PHM2010,D1,PHM_D1_FROZEN_B11_B12,run_local_probability_variation,none,304,run_id_12_315_common_304,figures/fig4_ablation/A1_A6_lifecycle_variation.csv,DERIVED
A2,C6,117,0.3465346534653465,0.0449425358396932,0.0558798478834688,11,PHM2010,D1,PHM_D1_FROZEN_B11_B12,run_local_probability_variation,none,304,run_id_12_315_common_304,figures/fig4_ablation/A1_A6_lifecycle_variation.csv,DERIVED
A2,C6,118,0.3498349834983498,0.0254086767006391,0.0553074382805468,11,PHM2010,D1,PHM_D1_FROZEN_B11_B12,run_local_probability_variation,none,304,run_id_12_315_common_304,figures/fig4_ablation/A1_A6_lifecycle_variation.csv,DERIVED
A2,C6,119,0.3531353135313531,0.1281672170839733,0.0507693600781508,11,PHM2010,D1,PHM_D1_FROZEN_B11_B12,run_local_probability_variation,none,304,run_id_12_315_common_304,figures/fig4_ablation/A1_A6_lifecycle_variation.csv,DERIVED
A2,C6,120,0.3564356435643564,0.0790341669761849,0.0496605026319061,11,PHM2010,D1,PHM_D1_FROZEN_B11_B12,run_local_probability_variation,none,304,run_id_12_315_common_304,figures/fig4_ablation/A1_A6_lifecycle_variation.csv,DERIVED
A2,C6,121,0.3597359735973597,0.0056661930724678,0.0456863466715633,11,PHM2010,D1,PHM_D1_FROZEN_B11_B12,run_local_probability_variation,none,304,run_id_12_315_common_304,figures/fig4_ablation/A1_A6_lifecycle_variation.csv,DERIVED
A2,C6,122,0.363036303630363,0.0210584606595166,0.0465625864468655,11,PHM2010,D1,PHM_D1_FROZEN_B11_B12,run_local_probability_variation,none,304,run_id_12_315_common_304,figures/fig4_ablation/A1_A6_lifecycle_variation.csv,DERIVED
A2,C6,123,0.3663366336633663,0.0753729876869347,0.0447103078392787,11,PHM2010,D1,PHM_D1_FROZEN_B11_B12,run_local_probability_variation,none,304,run_id_12_315_common_304,figures/fig4_ablation/A1_A6_lifecycle_variation.csv,DERIVED
A2,C6,124,0.3696369636963696,0.0573027973535091,0.0456066251947343,11,PHM2010,D1,PHM_D1_FROZEN_B11_B12,run_local_probability_variation,none,304,run_id_12_315_common_304,figures/fig4_ablation/A1_A6_lifecycle_variation.csv,DERIVED
A2,C6,125,0.3729372937293729,0.0158956445120129,0.0357440880591387,11,PHM2010,D1,PHM_D1_FROZEN_B11_B12,run_local_probability_variation,none,304,run_id_12_315_common_304,figures/fig4_ablation/A1_A6_lifecycle_variation.csv,DERIVED
A2,C6,126,0.3762376237623762,0.0260949976138935,0.0313078395188761,11,PHM2010,D1,PHM_D1_FROZEN_B11_B12,run_local_probability_variation,none,304,run_id_12_315_common_304,figures/fig4_ablation/A1_A6_lifecycle_variation.csv,DERIVED
A2,C6,127,0.3795379537953795,0.0332447734166949,0.0323867016795752,11,PHM2010,D1,PHM_D1_FROZEN_B11_B12,run_local_probability_variation,none,304,run_id_12_315_common_304,figures/fig4_ablation/A1_A6_lifecycle_variation.csv,DERIVED
A2,C6,128,0.3828382838283828,0.0245674711562392,0.0333379180655154,11,PHM2010,D1,PHM_D1_FROZEN_B11_B12,run_local_probability_variation,none,304,run_id_12_315_common_304,figures/fig4_ablation/A1_A6_lifecycle_variation.csv,DERIVED
A2,C6,129,0.3861386138613861,0.0352681676106498,0.0272915120463565,11,PHM2010,D1,PHM_D1_FROZEN_B11_B12,run_local_probability_variation,none,304,run_id_12_315_common_304,figures/fig4_ablation/A1_A6_lifecycle_variation.csv,DERIVED
A2,C6,130,0.3894389438943894,0.0196793085924219,0.0236256614960988,11,PHM2010,D1,PHM_D1_FROZEN_B11_B12,run_local_probability_variation,none,304,run_id_12_315_common_304,figures/fig4_ablation/A1_A6_lifecycle_variation.csv,DERIVED
A2,C6,131,0.3927392739273927,0.0302354330332967,0.0226044010408401,11,PHM2010,D1,PHM_D1_FROZEN_B11_B12,run_local_probability_variation,none,304,run_id_12_315_common_304,figures/fig4_ablation/A1_A6_lifecycle_variation.csv,DERIVED
A2,C6,132,0.396039603960396,0.0175336768401583,0.0214621397788509,11,PHM2010,D1,PHM_D1_FROZEN_B11_B12,run_local_probability_variation,none,304,run_id_12_315_common_304,figures/fig4_ablation/A1_A6_lifecycle_variation.csv,DERIVED
A2,C6,133,0.3993399339933993,0.0315218409048588,0.0185534257374469,11,PHM2010,D1,PHM_D1_FROZEN_B11_B12,run_local_probability_variation,none,304,run_id_12_315_common_304,figures/fig4_ablation/A1_A6_lifecycle_variation.csv,DERIVED
A2,C6,134,0.4026402640264026,0.0088625214761869,0.0170016376439712,11,PHM2010,D1,PHM_D1_FROZEN_B11_B12,run_local_probability_variation,none,304,run_id_12_315_common_304,figures/fig4_ablation/A1_A6_lifecycle_variation.csv,DERIVED
A2,C6,135,0.4059405940594059,0.0169784413006735,0.0139946287200581,11,PHM2010,D1,PHM_D1_FROZEN_B11_B12,run_local_probability_variation,none,304,run_id_12_315_common_304,figures/fig4_ablation/A1_A6_lifecycle_variation.csv,DERIVED
A2,C6,136,0.4092409240924092,0.0046617795041672,0.0126029347848194,11,PHM2010,D1,PHM_D1_FROZEN_B11_B12,run_local_probability_variation,none,304,run_id_12_315_common_304,figures/fig4_ablation/A1_A6_lifecycle_variation.csv,DERIVED
A2,C6,137,0.4125412541254125,0.0135301237320124,0.0098661715375962,11,PHM2010,D1,PHM_D1_FROZEN_B11_B12,run_local_probability_variation,none,304,run_id_12_315_common_304,figures/fig4_ablation/A1_A6_lifecycle_variation.csv,DERIVED
A2,C6,138,0.4158415841584158,0.0012489189612511,0.0083913446365603,11,PHM2010,D1,PHM_D1_FROZEN_B11_B12,run_local_probability_variation,none,304,run_id_12_315_common_304,figures/fig4_ablation/A1_A6_lifecycle_variation.csv,DERIVED
A2,C6,139,0.4191419141914191,0.007497802128007,0.0057368912395289,11,PHM2010,D1,PHM_D1_FROZEN_B11_B12,run_local_probability_variation,none,304,run_id_12_315_common_304,figures/fig4_ablation/A1_A6_lifecycle_variation.csv,DERIVED
A2,C6,140,0.4224422442244224,0.0021910694476057,0.0051355880600337,11,PHM2010,D1,PHM_D1_FROZEN_B11_B12,run_local_probability_variation,none,304,run_id_12_315_common_304,figures/fig4_ablation/A1_A6_lifecycle_variation.csv,DERIVED
A2,C6,141,0.4257425742574257,0.0043706753047961,0.0036599046111044,11,PHM2010,D1,PHM_D1_FROZEN_B11_B12,run_local_probability_variation,none,304,run_id_12_315_common_304,figures/fig4_ablation/A1_A6_lifecycle_variation.csv,DERIVED
A2,C6,142,0.429042904290429,0.0001310373138416,0.0033265659024205,11,PHM2010,D1,PHM_D1_FROZEN_B11_B12,run_local_probability_variation,none,304,run_id_12_315_common_304,figures/fig4_ablation/A1_A6_lifecycle_variation.csv,DERIVED
A2,C6,143,0.4323432343234323,0.0013105809287631,0.0021020821691965,11,PHM2010,D1,PHM_D1_FROZEN_B11_B12,run_local_probability_variation,none,304,run_id_12_315_common_304,figures/fig4_ablation/A1_A6_lifecycle_variation.csv,DERIVED
A2,C6,144,0.4356435643564356,0.0023228535375134,0.0020368032854149,11,PHM2010,D1,PHM_D1_FROZEN_B11_B12,run_local_probability_variation,none,304,run_id_12_315_common_304,figures/fig4_ablation/A1_A6_lifecycle_variation.csv,DERIVED
A2,C6,145,0.4389438943894389,0.0022481865017396,0.0017986328906849,11,PHM2010,D1,PHM_D1_FROZEN_B11_B12,run_local_probability_variation,none,304,run_id_12_315_common_304,figures/fig4_ablation/A1_A6_lifecycle_variation.csv,DERIVED
A2,C6,146,0.4422442244224422,0.0007459233624512,0.0018370173494796,11,PHM2010,D1,PHM_D1_FROZEN_B11_B12,run_local_probability_variation,none,304,run_id_12_315_common_304,figures/fig4_ablation/A1_A6_lifecycle_variation.csv,DERIVED
A2,C6,147,0.4455445544554455,0.0009950537086447,0.0015366339466072,11,PHM2010,D1,PHM_D1_FROZEN_B11_B12,run_local_probability_variation,none,304,run_id_12_315_common_304,figures/fig4_ablation/A1_A6_lifecycle_variation.csv,DERIVED
A2,C6,148,0.4488448844884488,6.0802666548551154e-05,0.0017584829149848,11,PHM2010,D1,PHM_D1_FROZEN_B11_B12,run_local_probability_variation,none,304,run_id_12_315_common_304,figures/fig4_ablation/A1_A6_lifecycle_variation.csv,DERIVED
A2,C6,149,0.4521452145214521,0.0005308512396534,0.0019035065853573,11,PHM2010,D1,PHM_D1_FROZEN_B11_B12,run_local_probability_variation,none,304,run_id_12_315_common_304,figures/fig4_ablation/A1_A6_lifecycle_variation.csv,DERIVED
A2,C6,150,0.4554455445544554,0.0048779277859767,0.0018958960612584,11,PHM2010,D1,PHM_D1_FROZEN_B11_B12,run_local_probability_variation,none,304,run_id_12_315_common_304,figures/fig4_ablation/A1_A6_lifecycle_variation.csv,DERIVED
A2,C6,151,0.4587458745874587,0.0026132984943472,0.0017489423065401,11,PHM2010,D1,PHM_D1_FROZEN_B11_B12,run_local_probability_variation,none,304,run_id_12_315_common_304,figures/fig4_ablation/A1_A6_lifecycle_variation.csv,DERIVED
A2,C6,152,0.462046204620462,0.0010664578731996,0.0020703909534483,11,PHM2010,D1,PHM_D1_FROZEN_B11_B12,run_local_probability_variation,none,304,run_id_12_315_common_304,figures/fig4_ablation/A1_A6_lifecycle_variation.csv,DERIVED
A2,C6,153,0.4653465346534653,0.0025713759659957,0.0020070444735789,11,PHM2010,D1,PHM_D1_FROZEN_B11_B12,run_local_probability_variation,none,304,run_id_12_315_common_304,figures/fig4_ablation/A1_A6_lifecycle_variation.csv,DERIVED
A2,C6,154,0.4686468646864686,0.0029058413028598,0.0020924947122027,11,PHM2010,D1,PHM_D1_FROZEN_B11_B12,run_local_probability_variation,none,304,run_id_12_315_common_304,figures/fig4_ablation/A1_A6_lifecycle_variation.csv,DERIVED
A2,C6,155,0.4719471947194719,0.0022391377724257,0.0023489411736453,11,PHM2010,D1,PHM_D1_FROZEN_B11_B12,run_local_probability_variation,none,304,run_id_12_315_common_304,figures/fig4_ablation/A1_A6_lifecycle_variation.csv,DERIVED
A2,C6,156,0.4752475247524752,0.000631695199839,0.0033339899820401,11,PHM2010,D1,PHM_D1_FROZEN_B11_B12,run_local_probability_variation,none,304,run_id_12_315_common_304,figures/fig4_ablation/A1_A6_lifecycle_variation.csv,DERIVED
A2,C6,157,0.4785478547854785,0.0042818584784412,0.0034001569645214,11,PHM2010,D1,PHM_D1_FROZEN_B11_B12,run_local_probability_variation,none,304,run_id_12_315_common_304,figures/fig4_ablation/A1_A6_lifecycle_variation.csv,DERIVED
A2,C6,158,0.4818481848184818,0.0002982424300814,0.0033194075436872,11,PHM2010,D1,PHM_D1_FROZEN_B11_B12,run_local_probability_variation,none,304,run_id_12_315_common_304,figures/fig4_ablation/A1_A6_lifecycle_variation.csv,DERIVED
A2,C6,159,0.4851485148514851,0.0010007552914102,0.0036990344027488,11,PHM2010,D1,PHM_D1_FROZEN_B11_B12,run_local_probability_variation,none,304,run_id_12_315_common_304,figures/fig4_ablation/A1_A6_lifecycle_variation.csv,DERIVED
A2,C6,160,0.4884488448844885,0.0033517623155212,0.0038217476403146,11,PHM2010,D1,PHM_D1_FROZEN_B11_B12,run_local_probability_variation,none,304,run_id_12_315_common_304,figures/fig4_ablation/A1_A6_lifecycle_variation.csv,DERIVED
A2,C6,161,0.4917491749174917,0.0157134646783198,0.004381904049537,11,PHM2010,D1,PHM_D1_FROZEN_B11_B12,run_local_probability_variation,none,304,run_id_12_315_common_304,figures/fig4_ablation/A1_A6_lifecycle_variation.csv,DERIVED
A2,C6,162,0.495049504950495,0.0033411353016419,0.0048567685879353,11,PHM2010,D1,PHM_D1_FROZEN_B11_B12,run_local_probability_variation,none,304,run_id_12_315_common_304,figures/fig4_ablation/A1_A6_lifecycle_variation.csv,DERIVED
A2,C6,163,0.4983498349834983,0.0001782142440232,0.0063313581884764,11,PHM2010,D1,PHM_D1_FROZEN_B11_B12,run_local_probability_variation,none,304,run_id_12_315_common_304,figures/fig4_ablation/A1_A6_lifecycle_variation.csv,DERIVED
A2,C6,164,0.5016501650165016,0.0067472714156736,0.0091238465499598,11,PHM2010,D1,PHM_D1_FROZEN_B11_B12,run_local_probability_variation,none,304,run_id_12_315_common_304,figures/fig4_ablation/A1_A6_lifecycle_variation.csv,DERIVED
A2,C6,165,0.504950495049505,0.0042556869160838,0.0137695059391911,11,PHM2010,D1,PHM_D1_FROZEN_B11_B12,run_local_probability_variation,none,304,run_id_12_315_common_304,figures/fig4_ablation/A1_A6_lifecycle_variation.csv,DERIVED
A2,C6,166,0.5082508250825083,0.0084008582738715,0.0182799553338084,11,PHM2010,D1,PHM_D1_FROZEN_B11_B12,run_local_probability_variation,none,304,run_id_12_315_common_304,figures/fig4_ablation/A1_A6_lifecycle_variation.csv,DERIVED
A2,C6,167,0.5115511551155115,0.0058552051222205,0.0201704393033661,11,PHM2010,D1,PHM_D1_FROZEN_B11_B12,run_local_probability_variation,none,304,run_id_12_315_common_304,figures/fig4_ablation/A1_A6_lifecycle_variation.csv,DERIVED
A2,C6,168,0.5148514851485149,0.0205023440843933,0.0226286759179204,11,PHM2010,D1,PHM_D1_FROZEN_B11_B12,run_local_probability_variation,none,304,run_id_12_315_common_304,figures/fig4_ablation/A1_A6_lifecycle_variation.csv,DERIVED
A2,C6,169,0.5181518151815182,0.0310156144063991,0.0271087819941423,11,PHM2010,D1,PHM_D1_FROZEN_B11_B12,run_local_probability_variation,none,304,run_id_12_315_common_304,figures/fig4_ablation/A1_A6_lifecycle_variation.csv,DERIVED
A2,C6,170,0.5214521452145214,0.0521030085729536,0.0329785411396548,11,PHM2010,D1,PHM_D1_FROZEN_B11_B12,run_local_probability_variation,none,304,run_id_12_315_common_304,figures/fig4_ablation/A1_A6_lifecycle_variation.csv,DERIVED
A2,C6,171,0.5247524752475248,0.0529667056563122,0.0373521162909585,11,PHM2010,D1,PHM_D1_FROZEN_B11_B12,run_local_probability_variation,none,304,run_id_12_315_common_304,figures/fig4_ablation/A1_A6_lifecycle_variation.csv,DERIVED
A2,C6,172,0.528052805280528,0.036508788343454,0.0401078546706253,11,PHM2010,D1,PHM_D1_FROZEN_B11_B12,run_local_probability_variation,none,304,run_id_12_315_common_304,figures/fig4_ablation/A1_A6_lifecycle_variation.csv,DERIVED
A2,C6,173,0.5313531353135313,0.0303817380617399,0.0423937076142125,11,PHM2010,D1,PHM_D1_FROZEN_B11_B12,run_local_probability_variation,none,304,run_id_12_315_common_304,figures/fig4_ablation/A1_A6_lifecycle_variation.csv,DERIVED
A2,C6,174,0.5346534653465347,0.049459381082464,0.0435073221442171,11,PHM2010,D1,PHM_D1_FROZEN_B11_B12,run_local_probability_variation,none,304,run_id_12_315_common_304,figures/fig4_ablation/A1_A6_lifecycle_variation.csv,DERIVED
A2,C6,175,0.5379537953795379,0.0713146220163112,0.0474556104441976,11,PHM2010,D1,PHM_D1_FROZEN_B11_B12,run_local_probability_variation,none,304,run_id_12_315_common_304,figures/fig4_ablation/A1_A6_lifecycle_variation.csv,DERIVED
A2,C6,176,0.5412541254125413,0.0523650135804238,0.0458978301552293,11,PHM2010,D1,PHM_D1_FROZEN_B11_B12,run_local_probability_variation,none,304,run_id_12_315_common_304,figures/fig4_ablation/A1_A6_lifecycle_variation.csv,DERIVED
A2,C6,177,0.5445544554455446,0.0387139804502064,0.043371340495767,11,PHM2010,D1,PHM_D1_FROZEN_B11_B12,run_local_probability_variation,none,304,run_id_12_315_common_304,figures/fig4_ablation/A1_A6_lifecycle_variation.csv,DERIVED
A2,C6,178,0.5478547854785478,0.0309995875016803,0.0415899966018248,11,PHM2010,D1,PHM_D1_FROZEN_B11_B12,run_local_probability_variation,none,304,run_id_12_315_common_304,figures/fig4_ablation/A1_A6_lifecycle_variation.csv,DERIVED
A2,C6,179,0.5511551155115512,0.0327521039144441,0.0396542560745512,11,PHM2010,D1,PHM_D1_FROZEN_B11_B12,run_local_probability_variation,none,304,run_id_12_315_common_304,figures/fig4_ablation/A1_A6_lifecycle_variation.csv,DERIVED
A2,C6,180,0.5544554455445545,0.0744467857061839,0.039495108102696,11,PHM2010,D1,PHM_D1_FROZEN_B11_B12,run_local_probability_variation,none,304,run_id_12_315_common_304,figures/fig4_ablation/A1_A6_lifecycle_variation.csv,DERIVED
A2,C6,181,0.5577557755775577,0.0349674253943022,0.0363874204951676,11,PHM2010,D1,PHM_D1_FROZEN_B11_B12,run_local_probability_variation,none,304,run_id_12_315_common_304,figures/fig4_ablation/A1_A6_lifecycle_variation.csv,DERIVED
A2,C6,182,0.5610561056105611,0.0251753194022274,0.0321959923402567,11,PHM2010,D1,PHM_D1_FROZEN_B11_B12,run_local_probability_variation,none,304,run_id_12_315_common_304,figures/fig4_ablation/A1_A6_lifecycle_variation.csv,DERIVED
A2,C6,183,0.5643564356435643,0.0169140055100897,0.0306240168340844,11,PHM2010,D1,PHM_D1_FROZEN_B11_B12,run_local_probability_variation,none,304,run_id_12_315_common_304,figures/fig4_ablation/A1_A6_lifecycle_variation.csv,DERIVED
A2,C6,184,0.5676567656765676,0.0090885922617302,0.0285059264151995,11,PHM2010,D1,PHM_D1_FROZEN_B11_B12,run_local_probability_variation,none,304,run_id_12_315_common_304,figures/fig4_ablation/A1_A6_lifecycle_variation.csv,DERIVED
A2,C6,185,0.570957095709571,0.0477087533920563,0.0267140437773831,11,PHM2010,D1,PHM_D1_FROZEN_B11_B12,run_local_probability_variation,none,304,run_id_12_315_common_304,figures/fig4_ablation/A1_A6_lifecycle_variation.csv,DERIVED
A2,C6,186,0.5742574257425742,0.0371300583334996,0.0205832724001837,11,PHM2010,D1,PHM_D1_FROZEN_B11_B12,run_local_probability_variation,none,304,run_id_12_315_common_304,figures/fig4_ablation/A1_A6_lifecycle_variation.csv,DERIVED
A2,C6,187,0.5775577557755776,0.0062593038764036,0.0183785871915302,11,PHM2010,D1,PHM_D1_FROZEN_B11_B12,run_local_probability_variation,none,304,run_id_12_315_common_304,figures/fig4_ablation/A1_A6_lifecycle_variation.csv,DERIVED
A2,C6,188,0.5808580858085809,0.0214222498823111,0.0165059018204535,11,PHM2010,D1,PHM_D1_FROZEN_B11_B12,run_local_probability_variation,none,304,run_id_12_315_common_304,figures/fig4_ablation/A1_A6_lifecycle_variation.csv,DERIVED
A2,C6,189,0.5841584158415841,0.0077005928939462,0.0157726993146047,11,PHM2010,D1,PHM_D1_FROZEN_B11_B12,run_local_probability_variation,none,304,run_id_12_315_common_304,figures/fig4_ablation/A1_A6_lifecycle_variation.csv,DERIVED
A2,C6,190,0.5874587458745875,0.0130413948984638,0.015437767952534,11,PHM2010,D1,PHM_D1_FROZEN_B11_B12,run_local_probability_variation,none,304,run_id_12_315_common_304,figures/fig4_ablation/A1_A6_lifecycle_variation.csv,DERIVED
A2,C6,191,0.5907590759075908,0.0070083005569908,0.0116150634841006,11,PHM2010,D1,PHM_D1_FROZEN_B11_B12,run_local_probability_variation,none,304,run_id_12_315_common_304,figures/fig4_ablation/A1_A6_lifecycle_variation.csv,DERIVED
A2,C6,192,0.594059405940594,0.0107158880991132,0.0085391978245097,11,PHM2010,D1,PHM_D1_FROZEN_B11_B12,run_local_probability_variation,none,304,run_id_12_315_common_304,figures/fig4_ablation/A1_A6_lifecycle_variation.csv,DERIVED
A2,C6,193,0.5973597359735974,0.0045757803203837,0.0083301605933989,11,PHM2010,D1,PHM_D1_FROZEN_B11_B12,run_local_probability_variation,none,304,run_id_12_315_common_304,figures/fig4_ablation/A1_A6_lifecycle_variation.csv,DERIVED
A2,C6,194,0.6006600660066007,0.0088487779457536,0.0066639691896669,11,PHM2010,D1,PHM_D1_FROZEN_B11_B12,run_local_probability_variation,none,304,run_id_12_315_common_304,figures/fig4_ablation/A1_A6_lifecycle_variation.csv,DERIVED
A2,C6,195,0.6039603960396039,0.0054043472789519,0.0061202526628672,11,PHM2010,D1,PHM_D1_FROZEN_B11_B12,run_local_probability_variation,none,304,run_id_12_315_common_304,figures/fig4_ablation/A1_A6_lifecycle_variation.csv,DERIVED
A2,C6,196,0.6072607260726073,0.0056590042392889,0.0050784048890041,11,PHM2010,D1,PHM_D1_FROZEN_B11_B12,run_local_probability_variation,none,304,run_id_12_315_common_304,figures/fig4_ablation/A1_A6_lifecycle_variation.csv,DERIVED
A2,C6,197,0.6105610561056105,0.0032955360779995,0.0045502839067905,11,PHM2010,D1,PHM_D1_FROZEN_B11_B12,run_local_probability_variation,none,304,run_id_12_315_common_304,figures/fig4_ablation/A1_A6_lifecycle_variation.csv,DERIVED
A2,C6,198,0.6138613861386139,0.0039598943341851,0.003799461563667,11,PHM2010,D1,PHM_D1_FROZEN_B11_B12,run_local_probability_variation,none,304,run_id_12_315_common_304,figures/fig4_ablation/A1_A6_lifecycle_variation.csv,DERIVED
A2,C6,199,0.6171617161716172,0.0030941444412598,0.0035792513835068,11,PHM2010,D1,PHM_D1_FROZEN_B11_B12,run_local_probability_variation,none,304,run_id_12_315_common_304,figures/fig4_ablation/A1_A6_lifecycle_variation.csv,DERIVED
A2,C6,200,0.6204620462046204,0.0017197110991485,0.0031673703751024,11,PHM2010,D1,PHM_D1_FROZEN_B11_B12,run_local_probability_variation,none,304,run_id_12_315_common_304,figures/fig4_ablation/A1_A6_lifecycle_variation.csv,DERIVED
A2,C6,201,0.6237623762376238,0.0015810693859701,0.0028646870711803,11,PHM2010,D1,PHM_D1_FROZEN_B11_B12,run_local_probability_variation,none,304,run_id_12_315_common_304,figures/fig4_ablation/A1_A6_lifecycle_variation.csv,DERIVED
A2,C6,202,0.6270627062706271,0.0011989697526414,0.002834909291522,11,PHM2010,D1,PHM_D1_FROZEN_B11_B12,run_local_probability_variation,none,304,run_id_12_315_common_304,figures/fig4_ablation/A1_A6_lifecycle_variation.csv,DERIVED
A2,C6,203,0.6303630363036303,0.0024568423247543,0.0027262422508298,11,PHM2010,D1,PHM_D1_FROZEN_B11_B12,run_local_probability_variation,none,304,run_id_12_315_common_304,figures/fig4_ablation/A1_A6_lifecycle_variation.csv,DERIVED
A2,C6,204,0.6336633663366337,0.0021534683386215,0.003111800645516,11,PHM2010,D1,PHM_D1_FROZEN_B11_B12,run_local_probability_variation,none,304,run_id_12_315_common_304,figures/fig4_ablation/A1_A6_lifecycle_variation.csv,DERIVED
A2,C6,205,0.636963696369637,0.0043180868533054,0.0029648970351723,11,PHM2010,D1,PHM_D1_FROZEN_B11_B12,run_local_probability_variation,none,304,run_id_12_315_common_304,figures/fig4_ablation/A1_A6_lifecycle_variation.csv,DERIVED
A2,C6,206,0.6402640264026402,0.0020748309358084,0.0035075534842827,11,PHM2010,D1,PHM_D1_FROZEN_B11_B12,run_local_probability_variation,none,304,run_id_12_315_common_304,figures/fig4_ablation/A1_A6_lifecycle_variation.csv,DERIVED
A2,C6,207,0.6435643564356436,0.0053314486630483,0.0039986205816956,11,PHM2010,D1,PHM_D1_FROZEN_B11_B12,run_local_probability_variation,none,304,run_id_12_315_common_304,figures/fig4_ablation/A1_A6_lifecycle_variation.csv,DERIVED
A2,C6,208,0.6468646864686468,0.0021001986303847,0.0049775743814969,11,PHM2010,D1,PHM_D1_FROZEN_B11_B12,run_local_probability_variation,none,304,run_id_12_315_common_304,figures/fig4_ablation/A1_A6_lifecycle_variation.csv,DERIVED
A2,C6,209,0.6501650165016502,0.0082010366757333,0.0064341173091155,11,PHM2010,D1,PHM_D1_FROZEN_B11_B12,run_local_probability_variation,none,304,run_id_12_315_common_304,figures/fig4_ablation/A1_A6_lifecycle_variation.csv,DERIVED
A2,C6,210,0.6534653465346535,0.0014782047274792,0.007644674267429,11,PHM2010,D1,PHM_D1_FROZEN_B11_B12,run_local_probability_variation,none,304,run_id_12_315_common_304,figures/fig4_ablation/A1_A6_lifecycle_variation.csv,DERIVED
A2,C6,211,0.6567656765676567,0.0076889320393635,0.0127912041296297,11,PHM2010,D1,PHM_D1_FROZEN_B11_B12,run_local_probability_variation,none,304,run_id_12_315_common_304,figures/fig4_ablation/A1_A6_lifecycle_variation.csv,DERIVED
A2,C6,212,0.6600660066006601,0.0069828074575112,0.0151101941640479,11,PHM2010,D1,PHM_D1_FROZEN_B11_B12,run_local_probability_variation,none,304,run_id_12_315_common_304,figures/fig4_ablation/A1_A6_lifecycle_variation.csv,DERIVED
A2,C6,213,0.6633663366336634,0.0119674615504557,0.0186235152784969,11,PHM2010,D1,PHM_D1_FROZEN_B11_B12,run_local_probability_variation,none,304,run_id_12_315_common_304,figures/fig4_ablation/A1_A6_lifecycle_variation.csv,DERIVED
A2,C6,214,0.6666666666666666,0.018478814528559,0.0200527077276763,11,PHM2010,D1,PHM_D1_FROZEN_B11_B12,run_local_probability_variation,none,304,run_id_12_315_common_304,figures/fig4_ablation/A1_A6_lifecycle_variation.csv,DERIVED
A2,C6,215,0.66996699669967,0.0154695948800707,0.0334425888524422,11,PHM2010,D1,PHM_D1_FROZEN_B11_B12,run_local_probability_variation,none,304,run_id_12_315_common_304,figures/fig4_ablation/A1_A6_lifecycle_variation.csv,DERIVED
A2,C6,216,0.6732673267326733,0.0609299153375129,0.0354841911571565,11,PHM2010,D1,PHM_D1_FROZEN_B11_B12,run_local_probability_variation,none,304,run_id_12_315_common_304,figures/fig4_ablation/A1_A6_lifecycle_variation.csv,DERIVED
A2,C6,217,0.6765676567656765,0.0275837213144087,0.0506837556136026,11,PHM2010,D1,PHM_D1_FROZEN_B11_B12,run_local_probability_variation,none,304,run_id_12_315_common_304,figures/fig4_ablation/A1_A6_lifecycle_variation.csv,DERIVED
A2,C6,218,0.6798679867986799,0.0439779809219867,0.0503919342894828,11,PHM2010,D1,PHM_D1_FROZEN_B11_B12,run_local_probability_variation,none,304,run_id_12_315_common_304,figures/fig4_ablation/A1_A6_lifecycle_variation.csv,DERIVED
A2,C6,219,0.6831683168316832,0.0178213155713582,0.0708194649107915,11,PHM2010,D1,PHM_D1_FROZEN_B11_B12,run_local_probability_variation,none,304,run_id_12_315_common_304,figures/fig4_ablation/A1_A6_lifecycle_variation.csv,DERIVED
A2,C6,220,0.6864686468646864,0.1554897290481584,0.1034854859225069,11,PHM2010,D1,PHM_D1_FROZEN_B11_B12,run_local_probability_variation,none,304,run_id_12_315_common_304,figures/fig4_ablation/A1_A6_lifecycle_variation.csv,DERIVED
A2,C6,221,0.6897689768976898,0.0239358300793365,0.115637405590487,11,PHM2010,D1,PHM_D1_FROZEN_B11_B12,run_local_probability_variation,none,304,run_id_12_315_common_304,figures/fig4_ablation/A1_A6_lifecycle_variation.csv,DERIVED
A2,C6,222,0.693069306930693,0.1748841410602712,0.1269042762388982,11,PHM2010,D1,PHM_D1_FROZEN_B11_B12,run_local_probability_variation,none,304,run_id_12_315_common_304,figures/fig4_ablation/A1_A6_lifecycle_variation.csv,DERIVED
A2,C6,223,0.6963696369636964,0.0037727728921929,0.1264519008865323,11,PHM2010,D1,PHM_D1_FROZEN_B11_B12,run_local_probability_variation,none,304,run_id_12_315_common_304,figures/fig4_ablation/A1_A6_lifecycle_variation.csv,DERIVED
A2,C6,224,0.6996699669966997,0.2366702983848507,0.1272385540300218,11,PHM2010,D1,PHM_D1_FROZEN_B11_B12,run_local_probability_variation,none,304,run_id_12_315_common_304,figures/fig4_ablation/A1_A6_lifecycle_variation.csv,DERIVED
A2,C6,225,0.7029702970297029,0.3778050456574287,0.1275703202862559,11,PHM2010,D1,PHM_D1_FROZEN_B11_B12,run_local_probability_variation,none,304,run_id_12_315_common_304,figures/fig4_ablation/A1_A6_lifecycle_variation.csv,DERIVED
A2,C6,226,0.7062706270627063,0.1491407112278518,0.1152678060956135,11,PHM2010,D1,PHM_D1_FROZEN_B11_B12,run_local_probability_variation,none,304,run_id_12_315_common_304,figures/fig4_ablation/A1_A6_lifecycle_variation.csv,DERIVED
A2,C6,227,0.7095709570957096,0.1848654924700364,0.1142812788012657,11,PHM2010,D1,PHM_D1_FROZEN_B11_B12,run_local_probability_variation,none,304,run_id_12_315_common_304,figures/fig4_ablation/A1_A6_lifecycle_variation.csv,DERIVED
A2,C6,228,0.7128712871287128,0.0226075924383835,0.0995169394282197,11,PHM2010,D1,PHM_D1_FROZEN_B11_B12,run_local_probability_variation,none,304,run_id_12_315_common_304,figures/fig4_ablation/A1_A6_lifecycle_variation.csv,DERIVED
A2,C6,229,0.7161716171617162,0.0526311655003708,0.0998023690889868,11,PHM2010,D1,PHM_D1_FROZEN_B11_B12,run_local_probability_variation,none,304,run_id_12_315_common_304,figures/fig4_ablation/A1_A6_lifecycle_variation.csv,DERIVED
A2,C6,230,0.7194719471947195,0.0214707443899339,0.0789730886040264,11,PHM2010,D1,PHM_D1_FROZEN_B11_B12,run_local_probability_variation,none,304,run_id_12_315_common_304,figures/fig4_ablation/A1_A6_lifecycle_variation.csv,DERIVED
A2,C6,231,0.7227722772277227,0.0201620729510916,0.0447483820705828,11,PHM2010,D1,PHM_D1_FROZEN_B11_B12,run_local_probability_variation,none,304,run_id_12_315_common_304,figures/fig4_ablation/A1_A6_lifecycle_variation.csv,DERIVED
A2,C6,232,0.7260726072607261,0.0130840298415115,0.0315832045124834,11,PHM2010,D1,PHM_D1_FROZEN_B11_B12,run_local_probability_variation,none,304,run_id_12_315_common_304,figures/fig4_ablation/A1_A6_lifecycle_variation.csv,DERIVED
A2,C6,233,0.7293729372937293,0.0124764079567645,0.0148854702119592,11,PHM2010,D1,PHM_D1_FROZEN_B11_B12,run_local_probability_variation,none,304,run_id_12_315_common_304,figures/fig4_ablation/A1_A6_lifecycle_variation.csv,DERIVED
A2,C6,234,0.7326732673267327,0.006912499160632,0.0131184065922906,11,PHM2010,D1,PHM_D1_FROZEN_B11_B12,run_local_probability_variation,none,304,run_id_12_315_common_304,figures/fig4_ablation/A1_A6_lifecycle_variation.csv,DERIVED
A2,C6,235,0.735973597359736,0.0075482130502863,0.0087573386401395,11,PHM2010,D1,PHM_D1_FROZEN_B11_B12,run_local_probability_variation,none,304,run_id_12_315_common_304,figures/fig4_ablation/A1_A6_lifecycle_variation.csv,DERIVED
A2,C6,236,0.7392739273927392,0.0013332737895484,0.0072789135308747,11,PHM2010,D1,PHM_D1_FROZEN_B11_B12,run_local_probability_variation,none,304,run_id_12_315_common_304,figures/fig4_ablation/A1_A6_lifecycle_variation.csv,DERIVED
A2,C6,237,0.7425742574257426,0.004323758088758,0.0055279321917225,11,PHM2010,D1,PHM_D1_FROZEN_B11_B12,run_local_probability_variation,none,304,run_id_12_315_common_304,figures/fig4_ablation/A1_A6_lifecycle_variation.csv,DERIVED
A2,C6,238,0.7458745874587459,0.0011904151642708,0.0045119824565287,11,PHM2010,D1,PHM_D1_FROZEN_B11_B12,run_local_probability_variation,none,304,run_id_12_315_common_304,figures/fig4_ablation/A1_A6_lifecycle_variation.csv,DERIVED
A2,C6,239,0.7491749174917491,0.0031698926220284,0.0036985165375723,11,PHM2010,D1,PHM_D1_FROZEN_B11_B12,run_local_probability_variation,none,304,run_id_12_315_common_304,figures/fig4_ablation/A1_A6_lifecycle_variation.csv,DERIVED
A2,C6,240,0.7524752475247525,0.0046594180267092,0.003449584734142,11,PHM2010,D1,PHM_D1_FROZEN_B11_B12,run_local_probability_variation,none,304,run_id_12_315_common_304,figures/fig4_ablation/A1_A6_lifecycle_variation.csv,DERIVED
A2,C6,241,0.7557755775577558,0.0052080681880212,0.003158622665226,11,PHM2010,D1,PHM_D1_FROZEN_B11_B12,run_local_probability_variation,none,304,run_id_12_315_common_304,figures/fig4_ablation/A1_A6_lifecycle_variation.csv,DERIVED
A2,C6,242,0.759075907590759,0.0009012782204172,0.0035047149917711,11,PHM2010,D1,PHM_D1_FROZEN_B11_B12,run_local_probability_variation,none,304,run_id_12_315_common_304,figures/fig4_ablation/A1_A6_lifecycle_variation.csv,DERIVED
A2,C6,243,0.7623762376237624,0.0019085827543793,0.0032087490558642,11,PHM2010,D1,PHM_D1_FROZEN_B11_B12,run_local_probability_variation,none,304,run_id_12_315_common_304,figures/fig4_ablation/A1_A6_lifecycle_variation.csv,DERIVED
A2,C6,244,0.7656765676567657,0.0035282828482444,0.0032102084091118,11,PHM2010,D1,PHM_D1_FROZEN_B11_B12,run_local_probability_variation,none,304,run_id_12_315_common_304,figures/fig4_ablation/A1_A6_lifecycle_variation.csv,DERIVED
A2,C6,245,0.768976897689769,0.0041742493228985,0.0034121390953421,11,PHM2010,D1,PHM_D1_FROZEN_B11_B12,run_local_probability_variation,none,304,run_id_12_315_common_304,figures/fig4_ablation/A1_A6_lifecycle_variation.csv,DERIVED
A2,C6,246,0.7722772277227723,0.0043476302922108,0.0034977726201077,11,PHM2010,D1,PHM_D1_FROZEN_B11_B12,run_local_probability_variation,none,304,run_id_12_315_common_304,figures/fig4_ablation/A1_A6_lifecycle_variation.csv,DERIVED
A2,C6,247,0.7755775577557755,0.0051402893815441,0.003100176502662,11,PHM2010,D1,PHM_D1_FROZEN_B11_B12,run_local_probability_variation,none,304,run_id_12_315_common_304,figures/fig4_ablation/A1_A6_lifecycle_variation.csv,DERIVED
A2,C6,248,0.7788778877887789,0.0010681327937826,0.0031596792159354,11,PHM2010,D1,PHM_D1_FROZEN_B11_B12,run_local_probability_variation,none,304,run_id_12_315_common_304,figures/fig4_ablation/A1_A6_lifecycle_variation.csv,DERIVED
A2,C6,249,0.7821782178217822,0.0012064680499939,0.0033368605389782,11,PHM2010,D1,PHM_D1_FROZEN_B11_B12,run_local_probability_variation,none,304,run_id_12_315_common_304,figures/fig4_ablation/A1_A6_lifecycle_variation.csv,DERIVED
A2,C6,250,0.7854785478547854,0.0053911301705618,0.0034080048513291,11,PHM2010,D1,PHM_D1_FROZEN_B11_B12,run_local_probability_variation,none,304,run_id_12_315_common_304,figures/fig4_ablation/A1_A6_lifecycle_variation.csv,DERIVED
A2,C6,251,0.7887788778877888,0.005601386799131,0.0031202945075508,11,PHM2010,D1,PHM_D1_FROZEN_B11_B12,run_local_probability_variation,none,304,run_id_12_315_common_304,figures/fig4_ablation/A1_A6_lifecycle_variation.csv,DERIVED
A2,C6,252,0.7920792079207921,0.0008345108961179,0.0028696153526569,11,PHM2010,D1,PHM_D1_FROZEN_B11_B12,run_local_probability_variation,none,304,run_id_12_315_common_304,figures/fig4_ablation/A1_A6_lifecycle_variation.csv,DERIVED
A2,C6,253,0.7953795379537953,0.001555808066425,0.0026628318838546,11,PHM2010,D1,PHM_D1_FROZEN_B11_B12,run_local_probability_variation,none,304,run_id_12_315_common_304,figures/fig4_ablation/A1_A6_lifecycle_variation.csv,DERIVED
A2,C6,254,0.7986798679867987,0.0038575773078507,0.0025802286967311,11,PHM2010,D1,PHM_D1_FROZEN_B11_B12,run_local_probability_variation,none,304,run_id_12_315_common_304,figures/fig4_ablation/A1_A6_lifecycle_variation.csv,DERIVED
A2,C6,255,0.801980198019802,0.0043108702841035,0.0025408844653846,11,PHM2010,D1,PHM_D1_FROZEN_B11_B12,run_local_probability_variation,none,304,run_id_12_315_common_304,figures/fig4_ablation/A1_A6_lifecycle_variation.csv,DERIVED
A2,C6,256,0.8052805280528053,0.0010094355413377,0.0021170995746513,11,PHM2010,D1,PHM_D1_FROZEN_B11_B12,run_local_probability_variation,none,304,run_id_12_315_common_304,figures/fig4_ablation/A1_A6_lifecycle_variation.csv,DERIVED
A2,C6,257,0.8085808580858086,0.0015901595883775,0.0016205228861082,11,PHM2010,D1,PHM_D1_FROZEN_B11_B12,run_local_probability_variation,none,304,run_id_12_315_common_304,figures/fig4_ablation/A1_A6_lifecycle_variation.csv,DERIVED
A2,C6,258,0.8118811881188119,0.002865671224719,0.0015766511191616,11,PHM2010,D1,PHM_D1_FROZEN_B11_B12,run_local_probability_variation,none,304,run_id_12_315_common_304,figures/fig4_ablation/A1_A6_lifecycle_variation.csv,DERIVED
A2,C6,259,0.8151815181518152,0.0001594977354244,0.0014489237929745,11,PHM2010,D1,PHM_D1_FROZEN_B11_B12,run_local_probability_variation,none,304,run_id_12_315_common_304,figures/fig4_ablation/A1_A6_lifecycle_variation.csv,DERIVED
A2,C6,260,0.8184818481848185,0.0007736815051818,0.0011863242222015,11,PHM2010,D1,PHM_D1_FROZEN_B11_B12,run_local_probability_variation,none,304,run_id_12_315_common_304,figures/fig4_ablation/A1_A6_lifecycle_variation.csv,DERIVED
A2,C6,261,0.8217821782178217,0.0007294963724962,0.0008171783756668,11,PHM2010,D1,PHM_D1_FROZEN_B11_B12,run_local_probability_variation,none,304,run_id_12_315_common_304,figures/fig4_ablation/A1_A6_lifecycle_variation.csv,DERIVED
A2,C6,262,0.8250825082508251,0.0001390432251564,0.0007557526870286,11,PHM2010,D1,PHM_D1_FROZEN_B11_B12,run_local_probability_variation,none,304,run_id_12_315_common_304,figures/fig4_ablation/A1_A6_lifecycle_variation.csv,DERIVED
A2,C6,263,0.8283828382838284,0.0003519214597052,0.0007293539763028,11,PHM2010,D1,PHM_D1_FROZEN_B11_B12,run_local_probability_variation,none,304,run_id_12_315_common_304,figures/fig4_ablation/A1_A6_lifecycle_variation.csv,DERIVED
A2,C6,264,0.8316831683168316,0.0001508074783671,0.0005611564117518,11,PHM2010,D1,PHM_D1_FROZEN_B11_B12,run_local_probability_variation,none,304,run_id_12_315_common_304,figures/fig4_ablation/A1_A6_lifecycle_variation.csv,DERIVED
A2,C6,265,0.834983498349835,0.0009689820293474,0.0006577066865694,11,PHM2010,D1,PHM_D1_FROZEN_B11_B12,run_local_probability_variation,none,304,run_id_12_315_common_304,figures/fig4_ablation/A1_A6_lifecycle_variation.csv,DERIVED
A2,C6,266,0.8382838283828383,0.0002502659722217,0.0006502502360435,11,PHM2010,D1,PHM_D1_FROZEN_B11_B12,run_local_probability_variation,none,304,run_id_12_315_common_304,figures/fig4_ablation/A1_A6_lifecycle_variation.csv,DERIVED
A2,C6,267,0.8415841584158416,0.0003337529663178,0.0007928543684141,11,PHM2010,D1,PHM_D1_FROZEN_B11_B12,run_local_probability_variation,none,304,run_id_12_315_common_304,figures/fig4_ablation/A1_A6_lifecycle_variation.csv,DERIVED
A2,C6,268,0.8448844884488449,0.0012997737703933,0.0008944533064202,11,PHM2010,D1,PHM_D1_FROZEN_B11_B12,run_local_probability_variation,none,304,run_id_12_315_common_304,figures/fig4_ablation/A1_A6_lifecycle_variation.csv,DERIVED
A2,C6,269,0.8481848184818482,0.0010154980146588,0.0009846285594392,11,PHM2010,D1,PHM_D1_FROZEN_B11_B12,run_local_probability_variation,none,304,run_id_12_315_common_304,figures/fig4_ablation/A1_A6_lifecycle_variation.csv,DERIVED
A2,C6,270,0.8514851485148515,0.001221550758418,0.0010296728195999,11,PHM2010,D1,PHM_D1_FROZEN_B11_B12,run_local_probability_variation,none,304,run_id_12_315_common_304,figures/fig4_ablation/A1_A6_lifecycle_variation.csv,DERIVED
A2,C6,271,0.8547854785478548,0.0006916605493968,0.001151788424416,11,PHM2010,D1,PHM_D1_FROZEN_B11_B12,run_local_probability_variation,none,304,run_id_12_315_common_304,figures/fig4_ablation/A1_A6_lifecycle_variation.csv,DERIVED
A2,C6,272,0.858085808580858,0.0022981418285731,0.0012315386798353,11,PHM2010,D1,PHM_D1_FROZEN_B11_B12,run_local_probability_variation,none,304,run_id_12_315_common_304,figures/fig4_ablation/A1_A6_lifecycle_variation.csv,DERIVED
A2,C6,273,0.8613861386138614,0.0012566315432227,0.0013678846434269,11,PHM2010,D1,PHM_D1_FROZEN_B11_B12,run_local_probability_variation,none,304,run_id_12_315_common_304,figures/fig4_ablation/A1_A6_lifecycle_variation.csv,DERIVED
A2,C6,274,0.8646864686468647,0.0013438492429146,0.0016347443026081,11,PHM2010,D1,PHM_D1_FROZEN_B11_B12,run_local_probability_variation,none,304,run_id_12_315_common_304,figures/fig4_ablation/A1_A6_lifecycle_variation.csv,DERIVED
A2,C6,275,0.8679867986798679,0.0006462943401349,0.0018189276348386,11,PHM2010,D1,PHM_D1_FROZEN_B11_B12,run_local_probability_variation,none,304,run_id_12_315_common_304,figures/fig4_ablation/A1_A6_lifecycle_variation.csv,DERIVED
A2,C6,276,0.8712871287128713,0.0023122536823245,0.0019311032659109,11,PHM2010,D1,PHM_D1_FROZEN_B11_B12,run_local_probability_variation,none,304,run_id_12_315_common_304,figures/fig4_ablation/A1_A6_lifecycle_variation.csv,DERIVED
A2,C6,277,0.8745874587458746,0.0011275187818342,0.0019480588668539,11,PHM2010,D1,PHM_D1_FROZEN_B11_B12,run_local_probability_variation,none,304,run_id_12_315_common_304,figures/fig4_ablation/A1_A6_lifecycle_variation.csv,DERIVED
A2,C6,278,0.8778877887788779,0.0018335585658246,0.0023304068563367,11,PHM2010,D1,PHM_D1_FROZEN_B11_B12,run_local_probability_variation,none,304,run_id_12_315_common_304,figures/fig4_ablation/A1_A6_lifecycle_variation.csv,DERIVED
A2,C6,279,0.8811881188118812,0.0042352300213873,0.0025638826322715,11,PHM2010,D1,PHM_D1_FROZEN_B11_B12,run_local_probability_variation,none,304,run_id_12_315_common_304,figures/fig4_ablation/A1_A6_lifecycle_variation.csv,DERIVED
A2,C6,280,0.8844884488448845,0.0030415146691944,0.0026976389368364,11,PHM2010,D1,PHM_D1_FROZEN_B11_B12,run_local_probability_variation,none,304,run_id_12_315_common_304,figures/fig4_ablation/A1_A6_lifecycle_variation.csv,DERIVED
A2,C6,281,0.8877887788778878,0.0024554827002129,0.0027801810115986,11,PHM2010,D1,PHM_D1_FROZEN_B11_B12,run_local_probability_variation,none,304,run_id_12_315_common_304,figures/fig4_ablation/A1_A6_lifecycle_variation.csv,DERIVED
A2,C6,282,0.8910891089108911,0.0008781721597692,0.0030024667525836,11,PHM2010,D1,PHM_D1_FROZEN_B11_B12,run_local_probability_variation,none,304,run_id_12_315_common_304,figures/fig4_ablation/A1_A6_lifecycle_variation.csv,DERIVED
A2,C6,283,0.8943894389438944,0.0065039697128843,0.0034521633682736,11,PHM2010,D1,PHM_D1_FROZEN_B11_B12,run_local_probability_variation,none,304,run_id_12_315_common_304,figures/fig4_ablation/A1_A6_lifecycle_variation.csv,DERIVED
A2,C6,284,0.8976897689768977,0.0038248650785057,0.00338313611036,11,PHM2010,D1,PHM_D1_FROZEN_B11_B12,run_local_probability_variation,none,304,run_id_12_315_common_304,figures/fig4_ablation/A1_A6_lifecycle_variation.csv,DERIVED
A2,C6,285,0.900990099009901,0.0028151685931286,0.0032869732436481,11,PHM2010,D1,PHM_D1_FROZEN_B11_B12,run_local_probability_variation,none,304,run_id_12_315_common_304,figures/fig4_ablation/A1_A6_lifecycle_variation.csv,DERIVED
A2,C6,286,0.9042904290429042,0.0015542571625193,0.0031115897360552,11,PHM2010,D1,PHM_D1_FROZEN_B11_B12,run_local_probability_variation,none,304,run_id_12_315_common_304,figures/fig4_ablation/A1_A6_lifecycle_variation.csv,DERIVED
A2,C6,287,0.9075907590759076,0.0047573968331592,0.0030933765160553,11,PHM2010,D1,PHM_D1_FROZEN_B11_B12,run_local_probability_variation,none,304,run_id_12_315_common_304,figures/fig4_ablation/A1_A6_lifecycle_variation.csv,DERIVED
A2,C6,288,0.9108910891089108,0.0060741815544247,0.0031600333863517,11,PHM2010,D1,PHM_D1_FROZEN_B11_B12,run_local_probability_variation,none,304,run_id_12_315_common_304,figures/fig4_ablation/A1_A6_lifecycle_variation.csv,DERIVED
A2,C6,289,0.9141914191419142,0.0010742587287746,0.0027087172838876,11,PHM2010,D1,PHM_D1_FROZEN_B11_B12,run_local_probability_variation,none,304,run_id_12_315_common_304,figures/fig4_ablation/A1_A6_lifecycle_variation.csv,DERIVED
A2,C6,290,0.9174917491749176,0.0031774384875569,0.0025386159318594,11,PHM2010,D1,PHM_D1_FROZEN_B11_B12,run_local_probability_variation,none,304,run_id_12_315_common_304,figures/fig4_ablation/A1_A6_lifecycle_variation.csv,DERIVED
A2,C6,291,0.9207920792079208,0.0011122960856725,0.0024170549823997,11,PHM2010,D1,PHM_D1_FROZEN_B11_B12,run_local_probability_variation,none,304,run_id_12_315_common_304,figures/fig4_ablation/A1_A6_lifecycle_variation.csv,DERIVED
A2,C6,292,0.924092409240924,0.0022551372802135,0.0023460774425527,11,PHM2010,D1,PHM_D1_FROZEN_B11_B12,run_local_probability_variation,none,304,run_id_12_315_common_304,figures/fig4_ablation/A1_A6_lifecycle_variation.csv,DERIVED
A2,C6,293,0.9273927392739274,0.0016113977330293,0.0019789018587953,11,PHM2010,D1,PHM_D1_FROZEN_B11_B12,run_local_probability_variation,none,304,run_id_12_315_common_304,figures/fig4_ablation/A1_A6_lifecycle_variation.csv,DERIVED
A2,C6,294,0.9306930693069309,0.0015394925857797,0.0014877460267508,11,PHM2010,D1,PHM_D1_FROZEN_B11_B12,run_local_probability_variation,none,304,run_id_12_315_common_304,figures/fig4_ablation/A1_A6_lifecycle_variation.csv,DERIVED
A2,C6,295,0.933993399339934,0.001953750206195,0.0014439717120933,11,PHM2010,D1,PHM_D1_FROZEN_B11_B12,run_local_probability_variation,none,304,run_id_12_315_common_304,figures/fig4_ablation/A1_A6_lifecycle_variation.csv,DERIVED
A2,C6,296,0.9372937293729372,0.0014779981490719,0.0012202860121385,11,PHM2010,D1,PHM_D1_FROZEN_B11_B12,run_local_probability_variation,none,304,run_id_12_315_common_304,figures/fig4_ablation/A1_A6_lifecycle_variation.csv,DERIVED
A2,C6,297,0.9405940594059404,0.0007735042242019,0.0011748491153295,11,PHM2010,D1,PHM_D1_FROZEN_B11_B12,run_local_probability_variation,none,304,run_id_12_315_common_304,figures/fig4_ablation/A1_A6_lifecycle_variation.csv,DERIVED
A2,C6,298,0.943894389438944,0.0007184654118287,0.0010044903256189,11,PHM2010,D1,PHM_D1_FROZEN_B11_B12,run_local_probability_variation,none,304,run_id_12_315_common_304,figures/fig4_ablation/A1_A6_lifecycle_variation.csv,DERIVED
A2,C6,299,0.9471947194719472,0.0006714674019347,0.0009562008139562,11,PHM2010,D1,PHM_D1_FROZEN_B11_B12,run_local_probability_variation,none,304,run_id_12_315_common_304,figures/fig4_ablation/A1_A6_lifecycle_variation.csv,DERIVED
A2,C6,300,0.9504950495049505,0.0005927412675418,0.0008317681892664,11,PHM2010,D1,PHM_D1_FROZEN_B11_B12,run_local_probability_variation,none,304,run_id_12_315_common_304,figures/fig4_ablation/A1_A6_lifecycle_variation.csv,DERIVED
A2,C6,301,0.9537953795379538,0.0007168957880543,0.0007270646383729,11,PHM2010,D1,PHM_D1_FROZEN_B11_B12,run_local_probability_variation,none,304,run_id_12_315_common_304,figures/fig4_ablation/A1_A6_lifecycle_variation.csv,DERIVED
A2,C6,302,0.9570957095709572,0.0006124902207739,0.0006061016439856,11,PHM2010,D1,PHM_D1_FROZEN_B11_B12,run_local_probability_variation,none,304,run_id_12_315_common_304,figures/fig4_ablation/A1_A6_lifecycle_variation.csv,DERIVED
A2,C6,303,0.9603960396039604,0.0003811905933968,0.0005884489715445,11,PHM2010,D1,PHM_D1_FROZEN_B11_B12,run_local_probability_variation,none,304,run_id_12_315_common_304,figures/fig4_ablation/A1_A6_lifecycle_variation.csv,DERIVED
A2,C6,304,0.9636963696369636,0.0010802131047398,0.0005785864575498,11,PHM2010,D1,PHM_D1_FROZEN_B11_B12,run_local_probability_variation,none,304,run_id_12_315_common_304,figures/fig4_ablation/A1_A6_lifecycle_variation.csv,DERIVED
A2,C6,305,0.966996699669967,0.0001707337141913,0.0005406365316308,11,PHM2010,D1,PHM_D1_FROZEN_B11_B12,run_local_probability_variation,none,304,run_id_12_315_common_304,figures/fig4_ablation/A1_A6_lifecycle_variation.csv,DERIVED
A2,C6,306,0.9702970297029704,0.0008020111463666,0.0005500149903533,11,PHM2010,D1,PHM_D1_FROZEN_B11_B12,run_local_probability_variation,none,304,run_id_12_315_common_304,figures/fig4_ablation/A1_A6_lifecycle_variation.csv,DERIVED
A2,C6,307,0.9735973597359736,0.0001474052108115,0.0005697174984365,11,PHM2010,D1,PHM_D1_FROZEN_B11_B12,run_local_probability_variation,none,304,run_id_12_315_common_304,figures/fig4_ablation/A1_A6_lifecycle_variation.csv,DERIVED
A2,C6,308,0.976897689768977,0.0005793248273506,0.0006279061898986,11,PHM2010,D1,PHM_D1_FROZEN_B11_B12,run_local_probability_variation,none,304,run_id_12_315_common_304,figures/fig4_ablation/A1_A6_lifecycle_variation.csv,DERIVED
A2,C6,309,0.9801980198019802,0.000609977757887,0.0005952111967854,11,PHM2010,D1,PHM_D1_FROZEN_B11_B12,run_local_probability_variation,none,304,run_id_12_315_common_304,figures/fig4_ablation/A1_A6_lifecycle_variation.csv,DERIVED
A2,C6,310,0.9834983498349836,0.0002540182168253,0.0006686801689689,11,PHM2010,D1,PHM_D1_FROZEN_B11_B12,run_local_probability_variation,none,304,run_id_12_315_common_304,figures/fig4_ablation/A1_A6_lifecycle_variation.csv,DERIVED
A2,C6,311,0.9867986798679867,0.0006959043134893,0.0007184748144467,11,PHM2010,D1,PHM_D1_FROZEN_B11_B12,run_local_probability_variation,none,304,run_id_12_315_common_304,figures/fig4_ablation/A1_A6_lifecycle_variation.csv,DERIVED
A2,C6,312,0.99009900990099,0.0009336233769699,0.0007091929997889,11,PHM2010,D1,PHM_D1_FROZEN_B11_B12,run_local_probability_variation,none,304,run_id_12_315_common_304,figures/fig4_ablation/A1_A6_lifecycle_variation.csv,DERIVED
A2,C6,313,0.9933993399339934,0.0012525658268571,0.0007794164734111,11,PHM2010,D1,PHM_D1_FROZEN_B11_B12,run_local_probability_variation,none,304,run_id_12_315_common_304,figures/fig4_ablation/A1_A6_lifecycle_variation.csv,DERIVED
A2,C6,314,0.9966996699669968,2.1545669151506325e-05,0.0008080009942769,11,PHM2010,D1,PHM_D1_FROZEN_B11_B12,run_local_probability_variation,none,304,run_id_12_315_common_304,figures/fig4_ablation/A1_A6_lifecycle_variation.csv,DERIVED
A2,C6,315,1.0,0.0018883717987584,0.0008410048670086,11,PHM2010,D1,PHM_D1_FROZEN_B11_B12,run_local_probability_variation,none,304,run_id_12_315_common_304,figures/fig4_ablation/A1_A6_lifecycle_variation.csv,DERIVED
A3,C6,12,0.0,,0.0036953301449062,11,PHM2010,D1,PHM_D1_FROZEN_B11_B12,run_local_probability_variation,none,304,run_id_12_315_common_304,figures/fig4_ablation/A1_A6_lifecycle_variation.csv,DERIVED
A3,C6,13,0.0033003300330033,0.0092394791901916,0.0032634455398931,11,PHM2010,D1,PHM_D1_FROZEN_B11_B12,run_local_probability_variation,none,304,run_id_12_315_common_304,figures/fig4_ablation/A1_A6_lifecycle_variation.csv,DERIVED
A3,C6,14,0.0066006600660066,0.0009372256812546,0.0041283903349708,11,PHM2010,D1,PHM_D1_FROZEN_B11_B12,run_local_probability_variation,none,304,run_id_12_315_common_304,figures/fig4_ablation/A1_A6_lifecycle_variation.csv,DERIVED
A3,C6,15,0.0099009900990099,0.0014751328768501,0.0036343471967713,11,PHM2010,D1,PHM_D1_FROZEN_B11_B12,run_local_probability_variation,none,304,run_id_12_315_common_304,figures/fig4_ablation/A1_A6_lifecycle_variation.csv,DERIVED
A3,C6,16,0.0132013201320132,0.00214051621142,0.0047345906521438,11,PHM2010,D1,PHM_D1_FROZEN_B11_B12,run_local_probability_variation,none,304,run_id_12_315_common_304,figures/fig4_ablation/A1_A6_lifecycle_variation.csv,DERIVED
A3,C6,17,0.0165016501650165,0.0046842967648146,0.0050580135082888,11,PHM2010,D1,PHM_D1_FROZEN_B11_B12,run_local_probability_variation,none,304,run_id_12_315_common_304,figures/fig4_ablation/A1_A6_lifecycle_variation.csv,DERIVED
A3,C6,18,0.0198019801980198,0.0011040225148279,0.0048475678093401,11,PHM2010,D1,PHM_D1_FROZEN_B11_B12,run_local_probability_variation,none,304,run_id_12_315_common_304,figures/fig4_ablation/A1_A6_lifecycle_variation.csv,DERIVED
A3,C6,19,0.0231023102310231,0.0093180591054365,0.004045899752055,11,PHM2010,D1,PHM_D1_FROZEN_B11_B12,run_local_probability_variation,none,304,run_id_12_315_common_304,figures/fig4_ablation/A1_A6_lifecycle_variation.csv,DERIVED
A3,C6,20,0.0264026402640264,0.0001760452293754,0.0039975586911741,11,PHM2010,D1,PHM_D1_FROZEN_B11_B12,run_local_probability_variation,none,304,run_id_12_315_common_304,figures/fig4_ablation/A1_A6_lifecycle_variation.csv,DERIVED
A3,C6,21,0.0297029702970297,0.0135365382951231,0.0039064287215743,11,PHM2010,D1,PHM_D1_FROZEN_B11_B12,run_local_probability_variation,none,304,run_id_12_315_common_304,figures/fig4_ablation/A1_A6_lifecycle_variation.csv,DERIVED
A3,C6,22,0.033003300330033,0.0079688192135946,0.0038022832260074,11,PHM2010,D1,PHM_D1_FROZEN_B11_B12,run_local_probability_variation,none,304,run_id_12_315_common_304,figures/fig4_ablation/A1_A6_lifecycle_variation.csv,DERIVED
A3,C6,23,0.0363036303630363,0.0027431108198527,0.0034700472719832,11,PHM2010,D1,PHM_D1_FROZEN_B11_B12,run_local_probability_variation,none,304,run_id_12_315_common_304,figures/fig4_ablation/A1_A6_lifecycle_variation.csv,DERIVED
A3,C6,24,0.0396039603960396,0.0004211305600558,0.003425729318859,11,PHM2010,D1,PHM_D1_FROZEN_B11_B12,run_local_probability_variation,none,304,run_id_12_315_common_304,figures/fig4_ablation/A1_A6_lifecycle_variation.csv,DERIVED
A3,C6,25,0.0429042904290429,0.0004054740115641,0.0026687087508794,11,PHM2010,D1,PHM_D1_FROZEN_B11_B12,run_local_probability_variation,none,304,run_id_12_315_common_304,figures/fig4_ablation/A1_A6_lifecycle_variation.csv,DERIVED
A3,C6,26,0.0462046204620462,0.000472703211253,0.0027376697870173,11,PHM2010,D1,PHM_D1_FROZEN_B11_B12,run_local_probability_variation,none,304,run_id_12_315_common_304,figures/fig4_ablation/A1_A6_lifecycle_variation.csv,DERIVED
A3,C6,27,0.0495049504950495,0.0009949157601832,0.0015576683732286,11,PHM2010,D1,PHM_D1_FROZEN_B11_B12,run_local_probability_variation,none,304,run_id_12_315_common_304,figures/fig4_ablation/A1_A6_lifecycle_variation.csv,DERIVED
A3,C6,28,0.0528052805280528,0.0010297012705492,0.0009294402387911,11,PHM2010,D1,PHM_D1_FROZEN_B11_B12,run_local_probability_variation,none,304,run_id_12_315_common_304,figures/fig4_ablation/A1_A6_lifecycle_variation.csv,DERIVED
A3,C6,29,0.0561056105610561,0.0006165250304612,0.0007225980250301,11,PHM2010,D1,PHM_D1_FROZEN_B11_B12,run_local_probability_variation,none,304,run_id_12_315_common_304,figures/fig4_ablation/A1_A6_lifecycle_variation.csv,DERIVED
A3,C6,30,0.0594059405940594,0.000990832857661,0.0007366937172936,11,PHM2010,D1,PHM_D1_FROZEN_B11_B12,run_local_probability_variation,none,304,run_id_12_315_common_304,figures/fig4_ablation/A1_A6_lifecycle_variation.csv,DERIVED
A3,C6,31,0.0627062706270627,0.0009346166268923,0.0007267549843877,11,PHM2010,D1,PHM_D1_FROZEN_B11_B12,run_local_probability_variation,none,304,run_id_12_315_common_304,figures/fig4_ablation/A1_A6_lifecycle_variation.csv,DERIVED
A3,C6,32,0.066006600660066,0.0005565227434479,0.0007287182213011,11,PHM2010,D1,PHM_D1_FROZEN_B11_B12,run_local_probability_variation,none,304,run_id_12_315_common_304,figures/fig4_ablation/A1_A6_lifecycle_variation.csv,DERIVED
A3,C6,33,0.0693069306930693,0.0010583097347821,0.0007248769771082,11,PHM2010,D1,PHM_D1_FROZEN_B11_B12,run_local_probability_variation,none,304,run_id_12_315_common_304,figures/fig4_ablation/A1_A6_lifecycle_variation.csv,DERIVED
A3,C6,34,0.0726072607260726,0.0004678464684815,0.0006754571408592,11,PHM2010,D1,PHM_D1_FROZEN_B11_B12,run_local_probability_variation,none,304,run_id_12_315_common_304,figures/fig4_ablation/A1_A6_lifecycle_variation.csv,DERIVED
A3,C6,35,0.0759075907590759,0.0005761831749539,0.0006337525015542,11,PHM2010,D1,PHM_D1_FROZEN_B11_B12,run_local_probability_variation,none,304,run_id_12_315_common_304,figures/fig4_ablation/A1_A6_lifecycle_variation.csv,DERIVED
A3,C6,36,0.0792079207920792,0.0002961479495998,0.0005544347852157,11,PHM2010,D1,PHM_D1_FROZEN_B11_B12,run_local_probability_variation,none,304,run_id_12_315_common_304,figures/fig4_ablation/A1_A6_lifecycle_variation.csv,DERIVED
A3,C6,37,0.0825082508250825,0.0004942988172998,0.0005817620965192,11,PHM2010,D1,PHM_D1_FROZEN_B11_B12,run_local_probability_variation,none,304,run_id_12_315_common_304,figures/fig4_ablation/A1_A6_lifecycle_variation.csv,DERIVED
A3,C6,38,0.0858085808580858,0.0009526620740619,0.0005444480678644,11,PHM2010,D1,PHM_D1_FROZEN_B11_B12,run_local_probability_variation,none,304,run_id_12_315_common_304,figures/fig4_ablation/A1_A6_lifecycle_variation.csv,DERIVED
A3,C6,39,0.0891089108910891,0.0004860830718092,0.0005060571480029,11,PHM2010,D1,PHM_D1_FROZEN_B11_B12,run_local_probability_variation,none,304,run_id_12_315_common_304,figures/fig4_ablation/A1_A6_lifecycle_variation.csv,DERIVED
A3,C6,40,0.0924092409240924,0.0001577739981072,0.0005430974699377,11,PHM2010,D1,PHM_D1_FROZEN_B11_B12,run_local_probability_variation,none,304,run_id_12_315_common_304,figures/fig4_ablation/A1_A6_lifecycle_variation.csv,DERIVED
A3,C6,41,0.0957095709570957,0.0001183379779372,0.0005122634897028,11,PHM2010,D1,PHM_D1_FROZEN_B11_B12,run_local_probability_variation,none,304,run_id_12_315_common_304,figures/fig4_ablation/A1_A6_lifecycle_variation.csv,DERIVED
A3,C6,42,0.099009900990099,0.0012352170512309,0.0004982290001802,11,PHM2010,D1,PHM_D1_FROZEN_B11_B12,run_local_probability_variation,none,304,run_id_12_315_common_304,figures/fig4_ablation/A1_A6_lifecycle_variation.csv,DERIVED
A3,C6,43,0.1023102310231023,0.0001460684282452,0.0004658129542369,11,PHM2010,D1,PHM_D1_FROZEN_B11_B12,run_local_probability_variation,none,304,run_id_12_315_common_304,figures/fig4_ablation/A1_A6_lifecycle_variation.csv,DERIVED
A3,C6,44,0.1056105610561056,0.0006360096163049,0.0004432768496694,11,PHM2010,D1,PHM_D1_FROZEN_B11_B12,run_local_probability_variation,none,304,run_id_12_315_common_304,figures/fig4_ablation/A1_A6_lifecycle_variation.csv,DERIVED
A3,C6,45,0.1089108910891089,0.000875290009765,0.0004313006872656,11,PHM2010,D1,PHM_D1_FROZEN_B11_B12,run_local_probability_variation,none,304,run_id_12_315_common_304,figures/fig4_ablation/A1_A6_lifecycle_variation.csv,DERIVED
A3,C6,46,0.1122112211221122,0.0002370093923697,0.0004763211889603,11,PHM2010,D1,PHM_D1_FROZEN_B11_B12,run_local_probability_variation,none,304,run_id_12_315_common_304,figures/fig4_ablation/A1_A6_lifecycle_variation.csv,DERIVED
A3,C6,47,0.1155115511551155,0.0001417685648511,0.0005006282952046,11,PHM2010,D1,PHM_D1_FROZEN_B11_B12,run_local_probability_variation,none,304,run_id_12_315_common_304,figures/fig4_ablation/A1_A6_lifecycle_variation.csv,DERIVED
A3,C6,48,0.1188118811881188,0.0001377223119229,0.0005376820318785,11,PHM2010,D1,PHM_D1_FROZEN_B11_B12,run_local_probability_variation,none,304,run_id_12_315_common_304,figures/fig4_ablation/A1_A6_lifecycle_variation.csv,DERIVED
A3,C6,49,0.1221122112211221,0.00070476492382,0.0005945820163835,11,PHM2010,D1,PHM_D1_FROZEN_B11_B12,run_local_probability_variation,none,304,run_id_12_315_common_304,figures/fig4_ablation/A1_A6_lifecycle_variation.csv,DERIVED
A3,C6,50,0.1254125412541254,0.0003543452853673,0.0005995789434535,11,PHM2010,D1,PHM_D1_FROZEN_B11_B12,run_local_probability_variation,none,304,run_id_12_315_common_304,figures/fig4_ablation/A1_A6_lifecycle_variation.csv,DERIVED
A3,C6,51,0.1287128712871287,0.0006529995167485,0.0006114293527268,11,PHM2010,D1,PHM_D1_FROZEN_B11_B12,run_local_probability_variation,none,304,run_id_12_315_common_304,figures/fig4_ablation/A1_A6_lifecycle_variation.csv,DERIVED
A3,C6,52,0.132013201320132,0.0003857161466244,0.0007640028182295,11,PHM2010,D1,PHM_D1_FROZEN_B11_B12,run_local_probability_variation,none,304,run_id_12_315_common_304,figures/fig4_ablation/A1_A6_lifecycle_variation.csv,DERIVED
A3,C6,53,0.1353135313531353,0.0016428081546445,0.0008307296958933,11,PHM2010,D1,PHM_D1_FROZEN_B11_B12,run_local_probability_variation,none,304,run_id_12_315_common_304,figures/fig4_ablation/A1_A6_lifecycle_variation.csv,DERIVED
A3,C6,54,0.1386138613861386,0.0007719682577998,0.0009900678639241,11,PHM2010,D1,PHM_D1_FROZEN_B11_B12,run_local_probability_variation,none,304,run_id_12_315_common_304,figures/fig4_ablation/A1_A6_lifecycle_variation.csv,DERIVED
A3,C6,55,0.1419141914191419,0.0006909758140748,0.0010065532666322,11,PHM2010,D1,PHM_D1_FROZEN_B11_B12,run_local_probability_variation,none,304,run_id_12_315_common_304,figures/fig4_ablation/A1_A6_lifecycle_variation.csv,DERIVED
A3,C6,56,0.1452145214521452,0.0010056445117716,0.0011186384431132,11,PHM2010,D1,PHM_D1_FROZEN_B11_B12,run_local_probability_variation,none,304,run_id_12_315_common_304,figures/fig4_ablation/A1_A6_lifecycle_variation.csv,DERIVED
A3,C6,57,0.1485148514851485,0.0019153175128998,0.0011365904738564,11,PHM2010,D1,PHM_D1_FROZEN_B11_B12,run_local_probability_variation,none,304,run_id_12_315_common_304,figures/fig4_ablation/A1_A6_lifecycle_variation.csv,DERIVED
A3,C6,58,0.1518151815181518,0.0008757642191532,0.0013722558173615,11,PHM2010,D1,PHM_D1_FROZEN_B11_B12,run_local_probability_variation,none,304,run_id_12_315_common_304,figures/fig4_ablation/A1_A6_lifecycle_variation.csv,DERIVED
A3,C6,59,0.1551155115511551,0.0018904421602617,0.0012926920912762,11,PHM2010,D1,PHM_D1_FROZEN_B11_B12,run_local_probability_variation,none,304,run_id_12_315_common_304,figures/fig4_ablation/A1_A6_lifecycle_variation.csv,DERIVED
A3,C6,60,0.1584158415841584,0.000886104353609,0.0018584584249926,11,PHM2010,D1,PHM_D1_FROZEN_B11_B12,run_local_probability_variation,none,304,run_id_12_315_common_304,figures/fig4_ablation/A1_A6_lifecycle_variation.csv,DERIVED
A3,C6,61,0.1617161716171617,0.0015872822266585,0.002021879300423,11,PHM2010,D1,PHM_D1_FROZEN_B11_B12,run_local_probability_variation,none,304,run_id_12_315_common_304,figures/fig4_ablation/A1_A6_lifecycle_variation.csv,DERIVED
A3,C6,62,0.165016501650165,0.0008504718549234,0.0024826589255169,11,PHM2010,D1,PHM_D1_FROZEN_B11_B12,run_local_probability_variation,none,304,run_id_12_315_common_304,figures/fig4_ablation/A1_A6_lifecycle_variation.csv,DERIVED
A3,C6,63,0.1683168316831683,0.0029780349251801,0.0026624196703954,11,PHM2010,D1,PHM_D1_FROZEN_B11_B12,run_local_probability_variation,none,304,run_id_12_315_common_304,figures/fig4_ablation/A1_A6_lifecycle_variation.csv,DERIVED
A3,C6,64,0.1716171617161716,0.0007676071677063,0.0036041682879628,11,PHM2010,D1,PHM_D1_FROZEN_B11_B12,run_local_probability_variation,none,304,run_id_12_315_common_304,figures/fig4_ablation/A1_A6_lifecycle_variation.csv,DERIVED
A3,C6,65,0.1749174917491749,0.0069953979286801,0.0046302502626796,11,PHM2010,D1,PHM_D1_FROZEN_B11_B12,run_local_probability_variation,none,304,run_id_12_315_common_304,figures/fig4_ablation/A1_A6_lifecycle_variation.csv,DERIVED
A3,C6,66,0.1782178217821782,0.0024886054438091,0.0058890087974223,11,PHM2010,D1,PHM_D1_FROZEN_B11_B12,run_local_probability_variation,none,304,run_id_12_315_common_304,figures/fig4_ablation/A1_A6_lifecycle_variation.csv,DERIVED
A3,C6,67,0.1815181518151815,0.0060742203878048,0.0068554490201928,11,PHM2010,D1,PHM_D1_FROZEN_B11_B12,run_local_probability_variation,none,304,run_id_12_315_common_304,figures/fig4_ablation/A1_A6_lifecycle_variation.csv,DERIVED
A3,C6,68,0.1848184818481848,0.0038926857065632,0.0096606581048093,11,PHM2010,D1,PHM_D1_FROZEN_B11_B12,run_local_probability_variation,none,304,run_id_12_315_common_304,figures/fig4_ablation/A1_A6_lifecycle_variation.csv,DERIVED
A3,C6,69,0.1881188118811881,0.0112349990123946,0.0110729567546453,11,PHM2010,D1,PHM_D1_FROZEN_B11_B12,run_local_probability_variation,none,304,run_id_12_315_common_304,figures/fig4_ablation/A1_A6_lifecycle_variation.csv,DERIVED
A3,C6,70,0.1914191419141914,0.0131773438821463,0.0133326921329618,11,PHM2010,D1,PHM_D1_FROZEN_B11_B12,run_local_probability_variation,none,304,run_id_12_315_common_304,figures/fig4_ablation/A1_A6_lifecycle_variation.csv,DERIVED
A3,C6,71,0.1947194719471947,0.0147324482357794,0.0141697600278006,11,PHM2010,D1,PHM_D1_FROZEN_B11_B12,run_local_probability_variation,none,304,run_id_12_315_common_304,figures/fig4_ablation/A1_A6_lifecycle_variation.csv,DERIVED
A3,C6,72,0.198019801980198,0.0122181246771339,0.015891785825767,11,PHM2010,D1,PHM_D1_FROZEN_B11_B12,run_local_probability_variation,none,304,run_id_12_315_common_304,figures/fig4_ablation/A1_A6_lifecycle_variation.csv,DERIVED
A3,C6,73,0.2013201320132013,0.0317077717857045,0.0178098451139419,11,PHM2010,D1,PHM_D1_FROZEN_B11_B12,run_local_probability_variation,none,304,run_id_12_315_common_304,figures/fig4_ablation/A1_A6_lifecycle_variation.csv,DERIVED
A3,C6,74,0.2046204620462046,0.0185133200733758,0.0180921236678064,11,PHM2010,D1,PHM_D1_FROZEN_B11_B12,run_local_probability_variation,none,304,run_id_12_315_common_304,figures/fig4_ablation/A1_A6_lifecycle_variation.csv,DERIVED
A3,C6,75,0.2079207920792079,0.0256246963291877,0.0194346569893318,11,PHM2010,D1,PHM_D1_FROZEN_B11_B12,run_local_probability_variation,none,304,run_id_12_315_common_304,figures/fig4_ablation/A1_A6_lifecycle_variation.csv,DERIVED
A3,C6,76,0.2112211221122112,0.016203144771907,0.0185125616726859,11,PHM2010,D1,PHM_D1_FROZEN_B11_B12,run_local_probability_variation,none,304,run_id_12_315_common_304,figures/fig4_ablation/A1_A6_lifecycle_variation.csv,DERIVED
A3,C6,77,0.2145214521452145,0.0214308892214402,0.0183323613563118,11,PHM2010,D1,PHM_D1_FROZEN_B11_B12,run_local_probability_variation,none,304,run_id_12_315_common_304,figures/fig4_ablation/A1_A6_lifecycle_variation.csv,DERIVED
A3,C6,78,0.2178217821782178,0.0271728725577284,0.0176549499117754,11,PHM2010,D1,PHM_D1_FROZEN_B11_B12,run_local_probability_variation,none,304,run_id_12_315_common_304,figures/fig4_ablation/A1_A6_lifecycle_variation.csv,DERIVED
A3,C6,79,0.2211221122112211,0.0069977497990723,0.0150703774966666,11,PHM2010,D1,PHM_D1_FROZEN_B11_B12,run_local_probability_variation,none,304,run_id_12_315_common_304,figures/fig4_ablation/A1_A6_lifecycle_variation.csv,DERIVED
A3,C6,80,0.2244224422442244,0.0260028655491738,0.0139917755989954,11,PHM2010,D1,PHM_D1_FROZEN_B11_B12,run_local_probability_variation,none,304,run_id_12_315_common_304,figures/fig4_ablation/A1_A6_lifecycle_variation.csv,DERIVED
A3,C6,81,0.2277227722772277,0.003034295399042,0.0123552774989307,11,PHM2010,D1,PHM_D1_FROZEN_B11_B12,run_local_probability_variation,none,304,run_id_12_315_common_304,figures/fig4_ablation/A1_A6_lifecycle_variation.csv,DERIVED
A3,C6,82,0.231023102310231,0.0127502447556646,0.0136806458389981,11,PHM2010,D1,PHM_D1_FROZEN_B11_B12,run_local_probability_variation,none,304,run_id_12_315_common_304,figures/fig4_ablation/A1_A6_lifecycle_variation.csv,DERIVED
A3,C6,83,0.2343234323432343,0.0047665987872329,0.0156560277687796,11,PHM2010,D1,PHM_D1_FROZEN_B11_B12,run_local_probability_variation,none,304,run_id_12_315_common_304,figures/fig4_ablation/A1_A6_lifecycle_variation.csv,DERIVED
A3,C6,84,0.2376237623762376,0.0032774752195078,0.0148376494647124,11,PHM2010,D1,PHM_D1_FROZEN_B11_B12,run_local_probability_variation,none,304,run_id_12_315_common_304,figures/fig4_ablation/A1_A6_lifecycle_variation.csv,DERIVED
A3,C6,85,0.2409240924092409,0.0066486991989932,0.0188886345767923,11,PHM2010,D1,PHM_D1_FROZEN_B11_B12,run_local_probability_variation,none,304,run_id_12_315_common_304,figures/fig4_ablation/A1_A6_lifecycle_variation.csv,DERIVED
A3,C6,86,0.2442244224422442,0.0076232172284761,0.0193493761489355,11,PHM2010,D1,PHM_D1_FROZEN_B11_B12,run_local_probability_variation,none,304,run_id_12_315_common_304,figures/fig4_ablation/A1_A6_lifecycle_variation.csv,DERIVED
A3,C6,87,0.2475247524752475,0.0307821965126475,0.0235719449727849,11,PHM2010,D1,PHM_D1_FROZEN_B11_B12,run_local_probability_variation,none,304,run_id_12_315_common_304,figures/fig4_ablation/A1_A6_lifecycle_variation.csv,DERIVED
A3,C6,88,0.2508250825082508,0.0431600904490366,0.0248820806666394,11,PHM2010,D1,PHM_D1_FROZEN_B11_B12,run_local_probability_variation,none,304,run_id_12_315_common_304,figures/fig4_ablation/A1_A6_lifecycle_variation.csv,DERIVED
A3,C6,89,0.2541254125412541,0.0181707112129899,0.031105109176292,11,PHM2010,D1,PHM_D1_FROZEN_B11_B12,run_local_probability_variation,none,304,run_id_12_315_common_304,figures/fig4_ablation/A1_A6_lifecycle_variation.csv,DERIVED
A3,C6,90,0.2574257425742574,0.0515585860319514,0.0320086497114571,11,PHM2010,D1,PHM_D1_FROZEN_B11_B12,run_local_probability_variation,none,304,run_id_12_315_common_304,figures/fig4_ablation/A1_A6_lifecycle_variation.csv,DERIVED
A3,C6,91,0.2607260726072607,0.0310710228427485,0.0415092779796724,11,PHM2010,D1,PHM_D1_FROZEN_B11_B12,run_local_probability_variation,none,304,run_id_12_315_common_304,figures/fig4_ablation/A1_A6_lifecycle_variation.csv,DERIVED
A3,C6,92,0.264026402640264,0.0494825524613857,0.0520336707229691,11,PHM2010,D1,PHM_D1_FROZEN_B11_B12,run_local_probability_variation,none,304,run_id_12_315_common_304,figures/fig4_ablation/A1_A6_lifecycle_variation.csv,DERIVED
A3,C6,93,0.2673267326732673,0.0271617373880636,0.0566846872550645,11,PHM2010,D1,PHM_D1_FROZEN_B11_B12,run_local_probability_variation,none,304,run_id_12_315_common_304,figures/fig4_ablation/A1_A6_lifecycle_variation.csv,DERIVED
A3,C6,94,0.2706270627062706,0.0732199123934121,0.0850740848480133,11,PHM2010,D1,PHM_D1_FROZEN_B11_B12,run_local_probability_variation,none,304,run_id_12_315_common_304,figures/fig4_ablation/A1_A6_lifecycle_variation.csv,DERIVED
A3,C6,95,0.2739273927392739,0.0132164211063232,0.0911605223411246,11,PHM2010,D1,PHM_D1_FROZEN_B11_B12,run_local_probability_variation,none,304,run_id_12_315_common_304,figures/fig4_ablation/A1_A6_lifecycle_variation.csv,DERIVED
A3,C6,96,0.2772277227722772,0.111155610149362,0.0959616418997156,11,PHM2010,D1,PHM_D1_FROZEN_B11_B12,run_local_probability_variation,none,304,run_id_12_315_common_304,figures/fig4_ablation/A1_A6_lifecycle_variation.csv,DERIVED
A3,C6,97,0.2805280528052805,0.1233915374047401,0.099633994679126,11,PHM2010,D1,PHM_D1_FROZEN_B11_B12,run_local_probability_variation,none,304,run_id_12_315_common_304,figures/fig4_ablation/A1_A6_lifecycle_variation.csv,DERIVED
A3,C6,98,0.2838283828382838,0.0819433783656963,0.1044612128422277,11,PHM2010,D1,PHM_D1_FROZEN_B11_B12,run_local_probability_variation,none,304,run_id_12_315_common_304,figures/fig4_ablation/A1_A6_lifecycle_variation.csv,DERIVED
A3,C6,99,0.2871287128712871,0.3554434639714737,0.1054557880113863,11,PHM2010,D1,PHM_D1_FROZEN_B11_B12,run_local_probability_variation,none,304,run_id_12_315_common_304,figures/fig4_ablation/A1_A6_lifecycle_variation.csv,DERIVED
A3,C6,100,0.2904290429042904,0.0851215236372143,0.1000044780567026,11,PHM2010,D1,PHM_D1_FROZEN_B11_B12,run_local_probability_variation,none,304,run_id_12_315_common_304,figures/fig4_ablation/A1_A6_lifecycle_variation.csv,DERIVED
A3,C6,101,0.2937293729372937,0.1043709011764516,0.0994569975100656,11,PHM2010,D1,PHM_D1_FROZEN_B11_B12,run_local_probability_variation,none,304,run_id_12_315_common_304,figures/fig4_ablation/A1_A6_lifecycle_variation.csv,DERIVED
A3,C6,102,0.297029702970297,0.0714669034162632,0.0901961224955104,11,PHM2010,D1,PHM_D1_FROZEN_B11_B12,run_local_probability_variation,none,304,run_id_12_315_common_304,figures/fig4_ablation/A1_A6_lifecycle_variation.csv,DERIVED
A3,C6,103,0.3003300330033003,0.1025819522555051,0.0944565387799623,11,PHM2010,D1,PHM_D1_FROZEN_B11_B12,run_local_probability_variation,none,304,run_id_12_315_common_304,figures/fig4_ablation/A1_A6_lifecycle_variation.csv,DERIVED
A3,C6,104,0.3036303630363036,0.0381020642488074,0.0965892259995509,11,PHM2010,D1,PHM_D1_FROZEN_B11_B12,run_local_probability_variation,none,304,run_id_12_315_common_304,figures/fig4_ablation/A1_A6_lifecycle_variation.csv,DERIVED
A3,C6,105,0.3069306930693069,0.013255502891891,0.0695985905494638,11,PHM2010,D1,PHM_D1_FROZEN_B11_B12,run_local_probability_variation,none,304,run_id_12_315_common_304,figures/fig4_ablation/A1_A6_lifecycle_variation.csv,DERIVED
A3,C6,106,0.3102310231023102,0.0071941350933168,0.0691108442613289,11,PHM2010,D1,PHM_D1_FROZEN_B11_B12,run_local_probability_variation,none,304,run_id_12_315_common_304,figures/fig4_ablation/A1_A6_lifecycle_variation.csv,DERIVED
A3,C6,107,0.3135313531353135,0.0092859849892544,0.0673270525619346,11,PHM2010,D1,PHM_D1_FROZEN_B11_B12,run_local_probability_variation,none,304,run_id_12_315_common_304,figures/fig4_ablation/A1_A6_lifecycle_variation.csv,DERIVED
A3,C6,108,0.3168316831683168,0.1702561165337113,0.071267103760175,11,PHM2010,D1,PHM_D1_FROZEN_B11_B12,run_local_probability_variation,none,304,run_id_12_315_common_304,figures/fig4_ablation/A1_A6_lifecycle_variation.csv,DERIVED
A3,C6,109,0.3201320132013201,0.1054029377811707,0.0643478249191754,11,PHM2010,D1,PHM_D1_FROZEN_B11_B12,run_local_probability_variation,none,304,run_id_12_315_common_304,figures/fig4_ablation/A1_A6_lifecycle_variation.csv,DERIVED
A3,C6,110,0.3234323432343234,0.0585464740205155,0.0675925023729281,11,PHM2010,D1,PHM_D1_FROZEN_B11_B12,run_local_probability_variation,none,304,run_id_12_315_common_304,figures/fig4_ablation/A1_A6_lifecycle_variation.csv,DERIVED
A3,C6,111,0.3267326732673267,0.0797563144677302,0.0684133321509018,11,PHM2010,D1,PHM_D1_FROZEN_B11_B12,run_local_probability_variation,none,304,run_id_12_315_common_304,figures/fig4_ablation/A1_A6_lifecycle_variation.csv,DERIVED
A3,C6,112,0.33003300330033,0.084749192483115,0.072158305640454,11,PHM2010,D1,PHM_D1_FROZEN_B11_B12,run_local_probability_variation,none,304,run_id_12_315_common_304,figures/fig4_ablation/A1_A6_lifecycle_variation.csv,DERIVED
A3,C6,113,0.3333333333333333,0.1148074665969075,0.0742086308459452,11,PHM2010,D1,PHM_D1_FROZEN_B11_B12,run_local_probability_variation,none,304,run_id_12_315_common_304,figures/fig4_ablation/A1_A6_lifecycle_variation.csv,DERIVED
A3,C6,114,0.3366336633663366,0.026469885004509,0.0719400702337292,11,PHM2010,D1,PHM_D1_FROZEN_B11_B12,run_local_probability_variation,none,304,run_id_12_315_common_304,figures/fig4_ablation/A1_A6_lifecycle_variation.csv,DERIVED
A3,C6,115,0.3399339933993399,0.0737935162400874,0.0712616399341975,11,PHM2010,D1,PHM_D1_FROZEN_B11_B12,run_local_probability_variation,none,304,run_id_12_315_common_304,figures/fig4_ablation/A1_A6_lifecycle_variation.csv,DERIVED
A3,C6,116,0.3432343234323432,0.0222846304496017,0.0663176476692147,11,PHM2010,D1,PHM_D1_FROZEN_B11_B12,run_local_probability_variation,none,304,run_id_12_315_common_304,figures/fig4_ablation/A1_A6_lifecycle_variation.csv,DERIVED
A3,C6,117,0.3465346534653465,0.048388843478391,0.0612763736215761,11,PHM2010,D1,PHM_D1_FROZEN_B11_B12,run_local_probability_variation,none,304,run_id_12_315_common_304,figures/fig4_ablation/A1_A6_lifecycle_variation.csv,DERIVED
A3,C6,118,0.3498349834983498,0.0318395622496582,0.0599883816030091,11,PHM2010,D1,PHM_D1_FROZEN_B11_B12,run_local_probability_variation,none,304,run_id_12_315_common_304,figures/fig4_ablation/A1_A6_lifecycle_variation.csv,DERIVED
A3,C6,119,0.3531353135313531,0.1453019497993353,0.0549769845595614,11,PHM2010,D1,PHM_D1_FROZEN_B11_B12,run_local_probability_variation,none,304,run_id_12_315_common_304,figures/fig4_ablation/A1_A6_lifecycle_variation.csv,DERIVED
A3,C6,120,0.3564356435643564,0.0979402044863213,0.053922440441422,11,PHM2010,D1,PHM_D1_FROZEN_B11_B12,run_local_probability_variation,none,304,run_id_12_315_common_304,figures/fig4_ablation/A1_A6_lifecycle_variation.csv,DERIVED
A3,C6,121,0.3597359735973597,0.004162559105705,0.0495637907390229,11,PHM2010,D1,PHM_D1_FROZEN_B11_B12,run_local_probability_variation,none,304,run_id_12_315_common_304,figures/fig4_ablation/A1_A6_lifecycle_variation.csv,DERIVED
A3,C6,122,0.363036303630363,0.0243022999437056,0.0505102924606453,11,PHM2010,D1,PHM_D1_FROZEN_B11_B12,run_local_probability_variation,none,304,run_id_12_315_common_304,figures/fig4_ablation/A1_A6_lifecycle_variation.csv,DERIVED
A3,C6,123,0.3663366336633663,0.0705812802788778,0.0483406087709585,11,PHM2010,D1,PHM_D1_FROZEN_B11_B12,run_local_probability_variation,none,304,run_id_12_315_common_304,figures/fig4_ablation/A1_A6_lifecycle_variation.csv,DERIVED
A3,C6,124,0.3696369636963696,0.0596820991189834,0.0486454420773131,11,PHM2010,D1,PHM_D1_FROZEN_B11_B12,run_local_probability_variation,none,304,run_id_12_315_common_304,figures/fig4_ablation/A1_A6_lifecycle_variation.csv,DERIVED
A3,C6,125,0.3729372937293729,0.014869899704975,0.0368574991760574,11,PHM2010,D1,PHM_D1_FROZEN_B11_B12,run_local_probability_variation,none,304,run_id_12_315_common_304,figures/fig4_ablation/A1_A6_lifecycle_variation.csv,DERIVED
A3,C6,126,0.3762376237623762,0.0258483695136977,0.0304130933795289,11,PHM2010,D1,PHM_D1_FROZEN_B11_B12,run_local_probability_variation,none,304,run_id_12_315_common_304,figures/fig4_ablation/A1_A6_lifecycle_variation.csv,DERIVED
A3,C6,127,0.3795379537953795,0.0326961493874485,0.0312937562711311,11,PHM2010,D1,PHM_D1_FROZEN_B11_B12,run_local_probability_variation,none,304,run_id_12_315_common_304,figures/fig4_ablation/A1_A6_lifecycle_variation.csv,DERIVED
A3,C6,128,0.3828382838283828,0.0245223228918357,0.0315925349750818,11,PHM2010,D1,PHM_D1_FROZEN_B11_B12,run_local_probability_variation,none,304,run_id_12_315_common_304,figures/fig4_ablation/A1_A6_lifecycle_variation.csv,DERIVED
A3,C6,129,0.3861386138613861,0.0351927286195592,0.0257073318833477,11,PHM2010,D1,PHM_D1_FROZEN_B11_B12,run_local_probability_variation,none,304,run_id_12_315_common_304,figures/fig4_ablation/A1_A6_lifecycle_variation.csv,DERIVED
A3,C6,130,0.3894389438943894,0.0156345778855224,0.0214357871713203,11,PHM2010,D1,PHM_D1_FROZEN_B11_B12,run_local_probability_variation,none,304,run_id_12_315_common_304,figures/fig4_ablation/A1_A6_lifecycle_variation.csv,DERIVED
A3,C6,131,0.3927392739273927,0.0270517407245073,0.0203422514996319,11,PHM2010,D1,PHM_D1_FROZEN_B11_B12,run_local_probability_variation,none,304,run_id_12_315_common_304,figures/fig4_ablation/A1_A6_lifecycle_variation.csv,DERIVED
A3,C6,132,0.396039603960396,0.0138498509133297,0.0189471104695648,11,PHM2010,D1,PHM_D1_FROZEN_B11_B12,run_local_probability_variation,none,304,run_id_12_315_common_304,figures/fig4_ablation/A1_A6_lifecycle_variation.csv,DERIVED
A3,C6,133,0.3993399339933993,0.027588865687163,0.0160977605383758,11,PHM2010,D1,PHM_D1_FROZEN_B11_B12,run_local_probability_variation,none,304,run_id_12_315_common_304,figures/fig4_ablation/A1_A6_lifecycle_variation.csv,DERIVED
A3,C6,134,0.4026402640264026,0.0058440462698026,0.01433086008853,11,PHM2010,D1,PHM_D1_FROZEN_B11_B12,run_local_probability_variation,none,304,run_id_12_315_common_304,figures/fig4_ablation/A1_A6_lifecycle_variation.csv,DERIVED
A3,C6,135,0.4059405940594059,0.0126951072866828,0.0114697094758676,11,PHM2010,D1,PHM_D1_FROZEN_B11_B12,run_local_probability_variation,none,304,run_id_12_315_common_304,figures/fig4_ablation/A1_A6_lifecycle_variation.csv,DERIVED
A3,C6,136,0.4092409240924092,0.0028410073164024,0.0104756622239715,11,PHM2010,D1,PHM_D1_FROZEN_B11_B12,run_local_probability_variation,none,304,run_id_12_315_common_304,figures/fig4_ablation/A1_A6_lifecycle_variation.csv,DERIVED
A3,C6,137,0.4125412541254125,0.0105018181829594,0.0080268131440987,11,PHM2010,D1,PHM_D1_FROZEN_B11_B12,run_local_probability_variation,none,304,run_id_12_315_common_304,figures/fig4_ablation/A1_A6_lifecycle_variation.csv,DERIVED
A3,C6,138,0.4158415841584158,0.0013533001443689,0.0069304571380224,11,PHM2010,D1,PHM_D1_FROZEN_B11_B12,run_local_probability_variation,none,304,run_id_12_315_common_304,figures/fig4_ablation/A1_A6_lifecycle_variation.csv,DERIVED
A3,C6,139,0.4191419141914191,0.0050864179435328,0.0045489668152316,11,PHM2010,D1,PHM_D1_FROZEN_B11_B12,run_local_probability_variation,none,304,run_id_12_315_common_304,figures/fig4_ablation/A1_A6_lifecycle_variation.csv,DERIVED
A3,C6,140,0.4224422442244224,0.0037200718802721,0.0042084516299871,11,PHM2010,D1,PHM_D1_FROZEN_B11_B12,run_local_probability_variation,none,304,run_id_12_315_common_304,figures/fig4_ablation/A1_A6_lifecycle_variation.csv,DERIVED
A3,C6,141,0.4257425742574257,0.004700058114666,0.0031025342413005,11,PHM2010,D1,PHM_D1_FROZEN_B11_B12,run_local_probability_variation,none,304,run_id_12_315_common_304,figures/fig4_ablation/A1_A6_lifecycle_variation.csv,DERIVED
A3,C6,142,0.429042904290429,0.0001144008459061,0.0029948467477478,11,PHM2010,D1,PHM_D1_FROZEN_B11_B12,run_local_probability_variation,none,304,run_id_12_315_common_304,figures/fig4_ablation/A1_A6_lifecycle_variation.csv,DERIVED
A3,C6,143,0.4323432343234323,0.0017899348464907,0.0020649442751435,11,PHM2010,D1,PHM_D1_FROZEN_B11_B12,run_local_probability_variation,none,304,run_id_12_315_common_304,figures/fig4_ablation/A1_A6_lifecycle_variation.csv,DERIVED
A3,C6,144,0.4356435643564356,0.0013924721364637,0.0020180683191235,11,PHM2010,D1,PHM_D1_FROZEN_B11_B12,run_local_probability_variation,none,304,run_id_12_315_common_304,figures/fig4_ablation/A1_A6_lifecycle_variation.csv,DERIVED
A3,C6,145,0.4389438943894389,0.0020983792321133,0.0021488536392207,11,PHM2010,D1,PHM_D1_FROZEN_B11_B12,run_local_probability_variation,none,304,run_id_12_315_common_304,figures/fig4_ablation/A1_A6_lifecycle_variation.csv,DERIVED
A3,C6,146,0.4422442244224422,0.0005300160111297,0.0022106352482553,11,PHM2010,D1,PHM_D1_FROZEN_B11_B12,run_local_probability_variation,none,304,run_id_12_315_common_304,figures/fig4_ablation/A1_A6_lifecycle_variation.csv,DERIVED
A3,C6,147,0.4455445544554455,0.0016564448873236,0.0019243706293212,11,PHM2010,D1,PHM_D1_FROZEN_B11_B12,run_local_probability_variation,none,304,run_id_12_315_common_304,figures/fig4_ablation/A1_A6_lifecycle_variation.csv,DERIVED
A3,C6,148,0.4488448844884488,0.0002728909843115,0.0021315656252616,11,PHM2010,D1,PHM_D1_FROZEN_B11_B12,run_local_probability_variation,none,304,run_id_12_315_common_304,figures/fig4_ablation/A1_A6_lifecycle_variation.csv,DERIVED
A3,C6,149,0.4521452145214521,0.0008376646281488,0.0021391953798725,11,PHM2010,D1,PHM_D1_FROZEN_B11_B12,run_local_probability_variation,none,304,run_id_12_315_common_304,figures/fig4_ablation/A1_A6_lifecycle_variation.csv,DERIVED
A3,C6,150,0.4554455445544554,0.0065250564646026,0.0021792718558224,11,PHM2010,D1,PHM_D1_FROZEN_B11_B12,run_local_probability_variation,none,304,run_id_12_315_common_304,figures/fig4_ablation/A1_A6_lifecycle_variation.csv,DERIVED
A3,C6,151,0.4587458745874587,0.0043996695796528,0.0020380380455801,11,PHM2010,D1,PHM_D1_FROZEN_B11_B12,run_local_probability_variation,none,304,run_id_12_315_common_304,figures/fig4_ablation/A1_A6_lifecycle_variation.csv,DERIVED
A3,C6,152,0.462046204620462,0.00155114730639,0.0022286034165855,11,PHM2010,D1,PHM_D1_FROZEN_B11_B12,run_local_probability_variation,none,304,run_id_12_315_common_304,figures/fig4_ablation/A1_A6_lifecycle_variation.csv,DERIVED
A3,C6,153,0.4653465346534653,0.0023935458012506,0.0021783557299616,11,PHM2010,D1,PHM_D1_FROZEN_B11_B12,run_local_probability_variation,none,304,run_id_12_315_common_304,figures/fig4_ablation/A1_A6_lifecycle_variation.csv,DERIVED
A3,C6,154,0.4686468646864686,0.0018738621472111,0.0023514226696991,11,PHM2010,D1,PHM_D1_FROZEN_B11_B12,run_local_probability_variation,none,304,run_id_12_315_common_304,figures/fig4_ablation/A1_A6_lifecycle_variation.csv,DERIVED
A3,C6,155,0.4719471947194719,0.0018333133719122,0.0024839821827439,11,PHM2010,D1,PHM_D1_FROZEN_B11_B12,run_local_probability_variation,none,304,run_id_12_315_common_304,figures/fig4_ablation/A1_A6_lifecycle_variation.csv,DERIVED
A3,C6,156,0.4752475247524752,0.0005448073194481,0.0031269305593746,11,PHM2010,D1,PHM_D1_FROZEN_B11_B12,run_local_probability_variation,none,304,run_id_12_315_common_304,figures/fig4_ablation/A1_A6_lifecycle_variation.csv,DERIVED
A3,C6,157,0.4785478547854785,0.0026262350921896,0.0029877026293716,11,PHM2010,D1,PHM_D1_FROZEN_B11_B12,run_local_probability_variation,none,304,run_id_12_315_common_304,figures/fig4_ablation/A1_A6_lifecycle_variation.csv,DERIVED
A3,C6,158,0.4818481848184818,0.0011037203344602,0.0028854554945093,11,PHM2010,D1,PHM_D1_FROZEN_B11_B12,run_local_probability_variation,none,304,run_id_12_315_common_304,figures/fig4_ablation/A1_A6_lifecycle_variation.csv,DERIVED
A3,C6,159,0.4851485148514851,0.002176627321424,0.0031557191038398,11,PHM2010,D1,PHM_D1_FROZEN_B11_B12,run_local_probability_variation,none,304,run_id_12_315_common_304,figures/fig4_ablation/A1_A6_lifecycle_variation.csv,DERIVED
A3,C6,160,0.4884488448844885,0.0022958192716415,0.0033116681686067,11,PHM2010,D1,PHM_D1_FROZEN_B11_B12,run_local_probability_variation,none,304,run_id_12_315_common_304,figures/fig4_ablation/A1_A6_lifecycle_variation.csv,DERIVED
A3,C6,161,0.4917491749174917,0.0135974886075402,0.0037606516581892,11,PHM2010,D1,PHM_D1_FROZEN_B11_B12,run_local_probability_variation,none,304,run_id_12_315_common_304,figures/fig4_ablation/A1_A6_lifecycle_variation.csv,DERIVED
A3,C6,162,0.495049504950495,0.00286816234962,0.004178068490981,11,PHM2010,D1,PHM_D1_FROZEN_B11_B12,run_local_probability_variation,none,304,run_id_12_315_common_304,figures/fig4_ablation/A1_A6_lifecycle_variation.csv,DERIVED
A3,C6,163,0.4983498349834983,0.0004264288229052,0.0054484335462974,11,PHM2010,D1,PHM_D1_FROZEN_B11_B12,run_local_probability_variation,none,304,run_id_12_315_common_304,figures/fig4_ablation/A1_A6_lifecycle_variation.csv,DERIVED
A3,C6,164,0.5016501650165016,0.0053664455038856,0.007792341875225,11,PHM2010,D1,PHM_D1_FROZEN_B11_B12,run_local_probability_variation,none,304,run_id_12_315_common_304,figures/fig4_ablation/A1_A6_lifecycle_variation.csv,DERIVED
A3,C6,165,0.504950495049505,0.0035893018596469,0.0119131809455631,11,PHM2010,D1,PHM_D1_FROZEN_B11_B12,run_local_probability_variation,none,304,run_id_12_315_common_304,figures/fig4_ablation/A1_A6_lifecycle_variation.csv,DERIVED
A3,C6,166,0.5082508250825083,0.0067721317573202,0.0162218942592314,11,PHM2010,D1,PHM_D1_FROZEN_B11_B12,run_local_probability_variation,none,304,run_id_12_315_common_304,figures/fig4_ablation/A1_A6_lifecycle_variation.csv,DERIVED
A3,C6,167,0.5115511551155115,0.0051363924801576,0.0181317718457754,11,PHM2010,D1,PHM_D1_FROZEN_B11_B12,run_local_probability_variation,none,304,run_id_12_315_common_304,figures/fig4_ablation/A1_A6_lifecycle_variation.csv,DERIVED
A3,C6,168,0.5148514851485149,0.0166002507006698,0.0204691693474129,11,PHM2010,D1,PHM_D1_FROZEN_B11_B12,run_local_probability_variation,none,304,run_id_12_315_common_304,figures/fig4_ablation/A1_A6_lifecycle_variation.csv,DERIVED
A3,C6,169,0.5181518151815182,0.0268867119526637,0.024738730776252,11,PHM2010,D1,PHM_D1_FROZEN_B11_B12,run_local_probability_variation,none,304,run_id_12_315_common_304,figures/fig4_ablation/A1_A6_lifecycle_variation.csv,DERIVED
A3,C6,170,0.5214521452145214,0.0475058570951438,0.0304772013419675,11,PHM2010,D1,PHM_D1_FROZEN_B11_B12,run_local_probability_variation,none,304,run_id_12_315_common_304,figures/fig4_ablation/A1_A6_lifecycle_variation.csv,DERIVED
A3,C6,171,0.5247524752475248,0.0496916657219925,0.0346891072763472,11,PHM2010,D1,PHM_D1_FROZEN_B11_B12,run_local_probability_variation,none,304,run_id_12_315_common_304,figures/fig4_ablation/A1_A6_lifecycle_variation.csv,DERIVED
A3,C6,172,0.528052805280528,0.0346061420595245,0.0374512227177931,11,PHM2010,D1,PHM_D1_FROZEN_B11_B12,run_local_probability_variation,none,304,run_id_12_315_common_304,figures/fig4_ablation/A1_A6_lifecycle_variation.csv,DERIVED
A3,C6,173,0.5313531353135313,0.0285795348676321,0.0397320440659227,11,PHM2010,D1,PHM_D1_FROZEN_B11_B12,run_local_probability_variation,none,304,run_id_12_315_common_304,figures/fig4_ablation/A1_A6_lifecycle_variation.csv,DERIVED
A3,C6,174,0.5346534653465347,0.0473916045401354,0.0410799806678532,11,PHM2010,D1,PHM_D1_FROZEN_B11_B12,run_local_probability_variation,none,304,run_id_12_315_common_304,figures/fig4_ablation/A1_A6_lifecycle_variation.csv,DERIVED
A3,C6,175,0.5379537953795379,0.0684896217267563,0.0451574688092541,11,PHM2010,D1,PHM_D1_FROZEN_B11_B12,run_local_probability_variation,none,304,run_id_12_315_common_304,figures/fig4_ablation/A1_A6_lifecycle_variation.csv,DERIVED
A3,C6,176,0.5412541254125413,0.0499202671378233,0.0437788139241898,11,PHM2010,D1,PHM_D1_FROZEN_B11_B12,run_local_probability_variation,none,304,run_id_12_315_common_304,figures/fig4_ablation/A1_A6_lifecycle_variation.csv,DERIVED
A3,C6,177,0.5445544554455446,0.0371554016132251,0.0413812109321249,11,PHM2010,D1,PHM_D1_FROZEN_B11_B12,run_local_probability_variation,none,304,run_id_12_315_common_304,figures/fig4_ablation/A1_A6_lifecycle_variation.csv,DERIVED
A3,C6,178,0.5478547854785478,0.0302254273095826,0.0395801749023445,11,PHM2010,D1,PHM_D1_FROZEN_B11_B12,run_local_probability_variation,none,304,run_id_12_315_common_304,figures/fig4_ablation/A1_A6_lifecycle_variation.csv,DERIVED
A3,C6,179,0.5511551155115512,0.0314275533219062,0.0377327808795144,11,PHM2010,D1,PHM_D1_FROZEN_B11_B12,run_local_probability_variation,none,304,run_id_12_315_common_304,figures/fig4_ablation/A1_A6_lifecycle_variation.csv,DERIVED
A3,C6,180,0.5544554455445545,0.071739081508073,0.0373932481028716,11,PHM2010,D1,PHM_D1_FROZEN_B11_B12,run_local_probability_variation,none,304,run_id_12_315_common_304,figures/fig4_ablation/A1_A6_lifecycle_variation.csv,DERIVED
A3,C6,181,0.5577557755775577,0.0323406533594368,0.0341739521956395,11,PHM2010,D1,PHM_D1_FROZEN_B11_B12,run_local_probability_variation,none,304,run_id_12_315_common_304,figures/fig4_ablation/A1_A6_lifecycle_variation.csv,DERIVED
A3,C6,182,0.5610561056105611,0.0233180328092789,0.0301442415515648,11,PHM2010,D1,PHM_D1_FROZEN_B11_B12,run_local_probability_variation,none,304,run_id_12_315_common_304,figures/fig4_ablation/A1_A6_lifecycle_variation.csv,DERIVED
A3,C6,183,0.5643564356435643,0.0147947457319399,0.0283630778090293,11,PHM2010,D1,PHM_D1_FROZEN_B11_B12,run_local_probability_variation,none,304,run_id_12_315_common_304,figures/fig4_ablation/A1_A6_lifecycle_variation.csv,DERIVED
A3,C6,184,0.5676567656765676,0.0082582006165005,0.0262334072870997,11,PHM2010,D1,PHM_D1_FROZEN_B11_B12,run_local_probability_variation,none,304,run_id_12_315_common_304,figures/fig4_ablation/A1_A6_lifecycle_variation.csv,DERIVED
A3,C6,185,0.570957095709571,0.0436567439970655,0.0243001342592301,11,PHM2010,D1,PHM_D1_FROZEN_B11_B12,run_local_probability_variation,none,304,run_id_12_315_common_304,figures/fig4_ablation/A1_A6_lifecycle_variation.csv,DERIVED
A3,C6,186,0.5742574257425742,0.0330773667472024,0.0183278839350906,11,PHM2010,D1,PHM_D1_FROZEN_B11_B12,run_local_probability_variation,none,304,run_id_12_315_common_304,figures/fig4_ablation/A1_A6_lifecycle_variation.csv,DERIVED
A3,C6,187,0.5775577557755776,0.0055934500530015,0.0161280770903587,11,PHM2010,D1,PHM_D1_FROZEN_B11_B12,run_local_probability_variation,none,304,run_id_12_315_common_304,figures/fig4_ablation/A1_A6_lifecycle_variation.csv,DERIVED
A3,C6,188,0.5808580858085809,0.0175626004453351,0.0145853604914352,11,PHM2010,D1,PHM_D1_FROZEN_B11_B12,run_local_probability_variation,none,304,run_id_12_315_common_304,figures/fig4_ablation/A1_A6_lifecycle_variation.csv,DERIVED
A3,C6,189,0.5841584158415841,0.0067990515683573,0.0138938659851111,11,PHM2010,D1,PHM_D1_FROZEN_B11_B12,run_local_probability_variation,none,304,run_id_12_315_common_304,figures/fig4_ablation/A1_A6_lifecycle_variation.csv,DERIVED
A3,C6,190,0.5874587458745875,0.0101615500153403,0.0135272152354046,11,PHM2010,D1,PHM_D1_FROZEN_B11_B12,run_local_probability_variation,none,304,run_id_12_315_common_304,figures/fig4_ablation/A1_A6_lifecycle_variation.csv,DERIVED
A3,C6,191,0.5907590759075908,0.0060443279425385,0.0099747532242672,11,PHM2010,D1,PHM_D1_FROZEN_B11_B12,run_local_probability_variation,none,304,run_id_12_315_common_304,figures/fig4_ablation/A1_A6_lifecycle_variation.csv,DERIVED
A3,C6,192,0.594059405940594,0.0081427780673854,0.0072902963767844,11,PHM2010,D1,PHM_D1_FROZEN_B11_B12,run_local_probability_variation,none,304,run_id_12_315_common_304,figures/fig4_ablation/A1_A6_lifecycle_variation.csv,DERIVED
A3,C6,193,0.5973597359735974,0.0063481502211206,0.0070733098274978,11,PHM2010,D1,PHM_D1_FROZEN_B11_B12,run_local_probability_variation,none,304,run_id_12_315_common_304,figures/fig4_ablation/A1_A6_lifecycle_variation.csv,DERIVED
A3,C6,194,0.6006600660066007,0.0071883061623749,0.0056664694633068,11,PHM2010,D1,PHM_D1_FROZEN_B11_B12,run_local_probability_variation,none,304,run_id_12_315_common_304,figures/fig4_ablation/A1_A6_lifecycle_variation.csv,DERIVED
A3,C6,195,0.6039603960396039,0.0042250423697293,0.0051765407520162,11,PHM2010,D1,PHM_D1_FROZEN_B11_B12,run_local_probability_variation,none,304,run_id_12_315_common_304,figures/fig4_ablation/A1_A6_lifecycle_variation.csv,DERIVED
A3,C6,196,0.6072607260726073,0.0045796618745544,0.0044266528901585,11,PHM2010,D1,PHM_D1_FROZEN_B11_B12,run_local_probability_variation,none,304,run_id_12_315_common_304,figures/fig4_ablation/A1_A6_lifecycle_variation.csv,DERIVED
A3,C6,197,0.6105610561056105,0.0035483414248914,0.0039661028906282,11,PHM2010,D1,PHM_D1_FROZEN_B11_B12,run_local_probability_variation,none,304,run_id_12_315_common_304,figures/fig4_ablation/A1_A6_lifecycle_variation.csv,DERIVED
A3,C6,198,0.6138613861386139,0.0032065980108489,0.0034272337352659,11,PHM2010,D1,PHM_D1_FROZEN_B11_B12,run_local_probability_variation,none,304,run_id_12_315_common_304,figures/fig4_ablation/A1_A6_lifecycle_variation.csv,DERIVED
A3,C6,199,0.6171617161716172,0.0020873564392343,0.0031595289050392,11,PHM2010,D1,PHM_D1_FROZEN_B11_B12,run_local_probability_variation,none,304,run_id_12_315_common_304,figures/fig4_ablation/A1_A6_lifecycle_variation.csv,DERIVED
A3,C6,200,0.6204620462046204,0.0014098357441599,0.0029386489746169,11,PHM2010,D1,PHM_D1_FROZEN_B11_B12,run_local_probability_variation,none,304,run_id_12_315_common_304,figures/fig4_ablation/A1_A6_lifecycle_variation.csv,DERIVED
A3,C6,201,0.6237623762376238,0.0019127835349061,0.0028362603459476,11,PHM2010,D1,PHM_D1_FROZEN_B11_B12,run_local_probability_variation,none,304,run_id_12_315_common_304,figures/fig4_ablation/A1_A6_lifecycle_variation.csv,DERIVED
A3,C6,202,0.6270627062706271,0.0009782779477049,0.0028122568056861,11,PHM2010,D1,PHM_D1_FROZEN_B11_B12,run_local_probability_variation,none,304,run_id_12_315_common_304,figures/fig4_ablation/A1_A6_lifecycle_variation.csv,DERIVED
A3,C6,203,0.6303630363036303,0.0022152173584005,0.0026423322215712,11,PHM2010,D1,PHM_D1_FROZEN_B11_B12,run_local_probability_variation,none,304,run_id_12_315_common_304,figures/fig4_ablation/A1_A6_lifecycle_variation.csv,DERIVED
A3,C6,204,0.6336633663366337,0.0034033970886266,0.0029710544398228,11,PHM2010,D1,PHM_D1_FROZEN_B11_B12,run_local_probability_variation,none,304,run_id_12_315_common_304,figures/fig4_ablation/A1_A6_lifecycle_variation.csv,DERIVED
A3,C6,205,0.636963696369637,0.0047586269277294,0.0028935540255895,11,PHM2010,D1,PHM_D1_FROZEN_B11_B12,run_local_probability_variation,none,304,run_id_12_315_common_304,figures/fig4_ablation/A1_A6_lifecycle_variation.csv,DERIVED
A3,C6,206,0.6402640264026402,0.0030987674543672,0.0033645515009337,11,PHM2010,D1,PHM_D1_FROZEN_B11_B12,run_local_probability_variation,none,304,run_id_12_315_common_304,figures/fig4_ablation/A1_A6_lifecycle_variation.csv,DERIVED
A3,C6,207,0.6435643564356436,0.0043156229316775,0.003727560600785,11,PHM2010,D1,PHM_D1_FROZEN_B11_B12,run_local_probability_variation,none,304,run_id_12_315_common_304,figures/fig4_ablation/A1_A6_lifecycle_variation.csv,DERIVED
A3,C6,208,0.6468646864686468,0.0016791709996276,0.0045820516400893,11,PHM2010,D1,PHM_D1_FROZEN_B11_B12,run_local_probability_variation,none,304,run_id_12_315_common_304,figures/fig4_ablation/A1_A6_lifecycle_variation.csv,DERIVED
A3,C6,209,0.6501650165016502,0.0068225424116164,0.0058367375749553,11,PHM2010,D1,PHM_D1_FROZEN_B11_B12,run_local_probability_variation,none,304,run_id_12_315_common_304,figures/fig4_ablation/A1_A6_lifecycle_variation.csv,DERIVED
A3,C6,210,0.6534653465346535,0.0012348518826689,0.0067441265157209,11,PHM2010,D1,PHM_D1_FROZEN_B11_B12,run_local_probability_variation,none,304,run_id_12_315_common_304,figures/fig4_ablation/A1_A6_lifecycle_variation.csv,DERIVED
A3,C6,211,0.6567656765676567,0.0065908079729454,0.0112288817522164,11,PHM2010,D1,PHM_D1_FROZEN_B11_B12,run_local_probability_variation,none,304,run_id_12_315_common_304,figures/fig4_ablation/A1_A6_lifecycle_variation.csv,DERIVED
A3,C6,212,0.6600660066006601,0.0059058836332701,0.0131717208692318,11,PHM2010,D1,PHM_D1_FROZEN_B11_B12,run_local_probability_variation,none,304,run_id_12_315_common_304,figures/fig4_ablation/A1_A6_lifecycle_variation.csv,DERIVED
A3,C6,213,0.6633663366336634,0.0103776793800524,0.0164013796731705,11,PHM2010,D1,PHM_D1_FROZEN_B11_B12,run_local_probability_variation,none,304,run_id_12_315_common_304,figures/fig4_ablation/A1_A6_lifecycle_variation.csv,DERIVED
A3,C6,214,0.6666666666666666,0.0160167626419263,0.0177833936407083,11,PHM2010,D1,PHM_D1_FROZEN_B11_B12,run_local_probability_variation,none,304,run_id_12_315_common_304,figures/fig4_ablation/A1_A6_lifecycle_variation.csv,DERIVED
A3,C6,215,0.66996699669967,0.013384675437049,0.0306702633808059,11,PHM2010,D1,PHM_D1_FROZEN_B11_B12,run_local_probability_variation,none,304,run_id_12_315_common_304,figures/fig4_ablation/A1_A6_lifecycle_variation.csv,DERIVED
A3,C6,216,0.6732673267326733,0.0540909345291801,0.0326069381233992,11,PHM2010,D1,PHM_D1_FROZEN_B11_B12,run_local_probability_variation,none,304,run_id_12_315_common_304,figures/fig4_ablation/A1_A6_lifecycle_variation.csv,DERIVED
A3,C6,217,0.6765676567656765,0.0244699977415365,0.0475020837152946,11,PHM2010,D1,PHM_D1_FROZEN_B11_B12,run_local_probability_variation,none,304,run_id_12_315_common_304,figures/fig4_ablation/A1_A6_lifecycle_variation.csv,DERIVED
A3,C6,218,0.6798679867986799,0.0398418697750026,0.0473434425954355,11,PHM2010,D1,PHM_D1_FROZEN_B11_B12,run_local_probability_variation,none,304,run_id_12_315_common_304,figures/fig4_ablation/A1_A6_lifecycle_variation.csv,DERIVED
A3,C6,219,0.6831683168316832,0.0168813246425433,0.0676411260455922,11,PHM2010,D1,PHM_D1_FROZEN_B11_B12,run_local_probability_variation,none,304,run_id_12_315_common_304,figures/fig4_ablation/A1_A6_lifecycle_variation.csv,DERIVED
A3,C6,220,0.6864686468646864,0.1485781095526909,0.1007193469425838,11,PHM2010,D1,PHM_D1_FROZEN_B11_B12,run_local_probability_variation,none,304,run_id_12_315_common_304,figures/fig4_ablation/A1_A6_lifecycle_variation.csv,DERIVED
A3,C6,221,0.6897689768976898,0.0225382740511946,0.1142601858356283,11,PHM2010,D1,PHM_D1_FROZEN_B11_B12,run_local_probability_variation,none,304,run_id_12_315_common_304,figures/fig4_ablation/A1_A6_lifecycle_variation.csv,DERIVED
A3,C6,222,0.693069306930693,0.1704374094837949,0.1294339687568933,11,PHM2010,D1,PHM_D1_FROZEN_B11_B12,run_local_probability_variation,none,304,run_id_12_315_common_304,figures/fig4_ablation/A1_A6_lifecycle_variation.csv,DERIVED
A3,C6,223,0.6963696369636964,0.0041608313148195,0.1301042040019824,11,PHM2010,D1,PHM_D1_FROZEN_B11_B12,run_local_probability_variation,none,304,run_id_12_315_common_304,figures/fig4_ablation/A1_A6_lifecycle_variation.csv,DERIVED
A3,C6,224,0.6996699669966997,0.2336521973317768,0.1342665019199316,11,PHM2010,D1,PHM_D1_FROZEN_B11_B12,run_local_probability_variation,none,304,run_id_12_315_common_304,figures/fig4_ablation/A1_A6_lifecycle_variation.csv,DERIVED
A3,C6,225,0.7029702970297029,0.3798771925088334,0.1360720525816169,11,PHM2010,D1,PHM_D1_FROZEN_B11_B12,run_local_probability_variation,none,304,run_id_12_315_common_304,figures/fig4_ablation/A1_A6_lifecycle_variation.csv,DERIVED
A3,C6,226,0.7062706270627063,0.1623339032605392,0.1254804768278234,11,PHM2010,D1,PHM_D1_FROZEN_B11_B12,run_local_probability_variation,none,304,run_id_12_315_common_304,figures/fig4_ablation/A1_A6_lifecycle_variation.csv,DERIVED
A3,C6,227,0.7095709570957096,0.2210025466630944,0.125190996710466,11,PHM2010,D1,PHM_D1_FROZEN_B11_B12,run_local_probability_variation,none,304,run_id_12_315_common_304,figures/fig4_ablation/A1_A6_lifecycle_variation.csv,DERIVED
A3,C6,228,0.7128712871287128,0.0318425854375165,0.1113997290989239,11,PHM2010,D1,PHM_D1_FROZEN_B11_B12,run_local_probability_variation,none,304,run_id_12_315_common_304,figures/fig4_ablation/A1_A6_lifecycle_variation.csv,DERIVED
A3,C6,229,0.7161716171617162,0.0856271468724445,0.1118573466781202,11,PHM2010,D1,PHM_D1_FROZEN_B11_B12,run_local_probability_variation,none,304,run_id_12_315_common_304,figures/fig4_ablation/A1_A6_lifecycle_variation.csv,DERIVED
A3,C6,230,0.7194719471947195,0.0367423819210809,0.0916553119165757,11,PHM2010,D1,PHM_D1_FROZEN_B11_B12,run_local_probability_variation,none,304,run_id_12_315_common_304,figures/fig4_ablation/A1_A6_lifecycle_variation.csv,DERIVED
A3,C6,231,0.7227722772277227,0.0320707762609624,0.0575567914516265,11,PHM2010,D1,PHM_D1_FROZEN_B11_B12,run_local_probability_variation,none,304,run_id_12_315_common_304,figures/fig4_ablation/A1_A6_lifecycle_variation.csv,DERIVED
A3,C6,232,0.7260726072607261,0.0193539927602639,0.0438470972524178,11,PHM2010,D1,PHM_D1_FROZEN_B11_B12,run_local_probability_variation,none,304,run_id_12_315_common_304,figures/fig4_ablation/A1_A6_lifecycle_variation.csv,DERIVED
A3,C6,233,0.7293729372937293,0.0187334657568319,0.0238694031896861,11,PHM2010,D1,PHM_D1_FROZEN_B11_B12,run_local_probability_variation,none,304,run_id_12_315_common_304,figures/fig4_ablation/A1_A6_lifecycle_variation.csv,DERIVED
A3,C6,234,0.7326732673267327,0.009194624685979,0.0215493969578135,11,PHM2010,D1,PHM_D1_FROZEN_B11_B12,run_local_probability_variation,none,304,run_id_12_315_common_304,figures/fig4_ablation/A1_A6_lifecycle_variation.csv,DERIVED
A3,C6,235,0.735973597359736,0.0114298149547865,0.0146120580172869,11,PHM2010,D1,PHM_D1_FROZEN_B11_B12,run_local_probability_variation,none,304,run_id_12_315_common_304,figures/fig4_ablation/A1_A6_lifecycle_variation.csv,DERIVED
A3,C6,236,0.7392739273927392,0.004793467394392,0.0121744976643095,11,PHM2010,D1,PHM_D1_FROZEN_B11_B12,run_local_probability_variation,none,304,run_id_12_315_common_304,figures/fig4_ablation/A1_A6_lifecycle_variation.csv,DERIVED
A3,C6,237,0.7425742574257426,0.0115272670692436,0.0095123109035899,11,PHM2010,D1,PHM_D1_FROZEN_B11_B12,run_local_probability_variation,none,304,run_id_12_315_common_304,figures/fig4_ablation/A1_A6_lifecycle_variation.csv,DERIVED
A3,C6,238,0.7458745874587459,0.001247911973046,0.0080634759136817,11,PHM2010,D1,PHM_D1_FROZEN_B11_B12,run_local_probability_variation,none,304,run_id_12_315_common_304,figures/fig4_ablation/A1_A6_lifecycle_variation.csv,DERIVED
A3,C6,239,0.7491749174917491,0.0063225168869174,0.0069125213148714,11,PHM2010,D1,PHM_D1_FROZEN_B11_B12,run_local_probability_variation,none,304,run_id_12_315_common_304,figures/fig4_ablation/A1_A6_lifecycle_variation.csv,DERIVED
A3,C6,240,0.7524752475247525,0.0093164185266529,0.0067618122528121,11,PHM2010,D1,PHM_D1_FROZEN_B11_B12,run_local_probability_variation,none,304,run_id_12_315_common_304,figures/fig4_ablation/A1_A6_lifecycle_variation.csv,DERIVED
A3,C6,241,0.7557755775577558,0.0099292180383284,0.0070025504596291,11,PHM2010,D1,PHM_D1_FROZEN_B11_B12,run_local_probability_variation,none,304,run_id_12_315_common_304,figures/fig4_ablation/A1_A6_lifecycle_variation.csv,DERIVED
A3,C6,242,0.759075907590759,0.0027867218930473,0.0079478522558781,11,PHM2010,D1,PHM_D1_FROZEN_B11_B12,run_local_probability_variation,none,304,run_id_12_315_common_304,figures/fig4_ablation/A1_A6_lifecycle_variation.csv,DERIVED
A3,C6,243,0.7623762376237624,0.0034168078712733,0.007006915810283,11,PHM2010,D1,PHM_D1_FROZEN_B11_B12,run_local_probability_variation,none,304,run_id_12_315_common_304,figures/fig4_ablation/A1_A6_lifecycle_variation.csv,DERIVED
A3,C6,244,0.7656765676567657,0.0060729651699187,0.0072149691973946,11,PHM2010,D1,PHM_D1_FROZEN_B11_B12,run_local_probability_variation,none,304,run_id_12_315_common_304,figures/fig4_ablation/A1_A6_lifecycle_variation.csv,DERIVED
A3,C6,245,0.768976897689769,0.0075368250033274,0.007640829552105,11,PHM2010,D1,PHM_D1_FROZEN_B11_B12,run_local_probability_variation,none,304,run_id_12_315_common_304,figures/fig4_ablation/A1_A6_lifecycle_variation.csv,DERIVED
A3,C6,246,0.7722772277227723,0.0140779352297735,0.0077762489290035,11,PHM2010,D1,PHM_D1_FROZEN_B11_B12,run_local_probability_variation,none,304,run_id_12_315_common_304,figures/fig4_ablation/A1_A6_lifecycle_variation.csv,DERIVED
A3,C6,247,0.7755775577557755,0.0151917871531304,0.00710389119943,11,PHM2010,D1,PHM_D1_FROZEN_B11_B12,run_local_probability_variation,none,304,run_id_12_315_common_304,figures/fig4_ablation/A1_A6_lifecycle_variation.csv,DERIVED
A3,C6,248,0.7788778877887789,0.001176966167698,0.0071442618252578,11,PHM2010,D1,PHM_D1_FROZEN_B11_B12,run_local_probability_variation,none,304,run_id_12_315_common_304,figures/fig4_ablation/A1_A6_lifecycle_variation.csv,DERIVED
A3,C6,249,0.7821782178217822,0.003536499231273,0.0074414747071939,11,PHM2010,D1,PHM_D1_FROZEN_B11_B12,run_local_probability_variation,none,304,run_id_12_315_common_304,figures/fig4_ablation/A1_A6_lifecycle_variation.csv,DERIVED
A3,C6,250,0.7854785478547854,0.0110069807887322,0.0076046886966844,11,PHM2010,D1,PHM_D1_FROZEN_B11_B12,run_local_probability_variation,none,304,run_id_12_315_common_304,figures/fig4_ablation/A1_A6_lifecycle_variation.csv,DERIVED
A3,C6,251,0.7887788778877888,0.0108060316725368,0.0070565622590818,11,PHM2010,D1,PHM_D1_FROZEN_B11_B12,run_local_probability_variation,none,304,run_id_12_315_common_304,figures/fig4_ablation/A1_A6_lifecycle_variation.csv,DERIVED
A3,C6,252,0.7920792079207921,0.0025332830130191,0.0059972606552784,11,PHM2010,D1,PHM_D1_FROZEN_B11_B12,run_local_probability_variation,none,304,run_id_12_315_common_304,figures/fig4_ablation/A1_A6_lifecycle_variation.csv,DERIVED
A3,C6,253,0.7953795379537953,0.0032307987771538,0.004939853391698,11,PHM2010,D1,PHM_D1_FROZEN_B11_B12,run_local_probability_variation,none,304,run_id_12_315_common_304,figures/fig4_ablation/A1_A6_lifecycle_variation.csv,DERIVED
A3,C6,254,0.7986798679867987,0.0066861495725705,0.0048608900803911,11,PHM2010,D1,PHM_D1_FROZEN_B11_B12,run_local_probability_variation,none,304,run_id_12_315_common_304,figures/fig4_ablation/A1_A6_lifecycle_variation.csv,DERIVED
A3,C6,255,0.801980198019802,0.0078683190543141,0.0046491697383787,11,PHM2010,D1,PHM_D1_FROZEN_B11_B12,run_local_probability_variation,none,304,run_id_12_315_common_304,figures/fig4_ablation/A1_A6_lifecycle_variation.csv,DERIVED
A3,C6,256,0.8052805280528053,0.0015074341896981,0.0037866467532913,11,PHM2010,D1,PHM_D1_FROZEN_B11_B12,run_local_probability_variation,none,304,run_id_12_315_common_304,figures/fig4_ablation/A1_A6_lifecycle_variation.csv,DERIVED
A3,C6,257,0.8085808580858086,0.0024256175879359,0.0028193448217728,11,PHM2010,D1,PHM_D1_FROZEN_B11_B12,run_local_probability_variation,none,304,run_id_12_315_common_304,figures/fig4_ablation/A1_A6_lifecycle_variation.csv,DERIVED
A3,C6,258,0.8118811881188119,0.0035603072537468,0.0027010735096887,11,PHM2010,D1,PHM_D1_FROZEN_B11_B12,run_local_probability_variation,none,304,run_id_12_315_common_304,figures/fig4_ablation/A1_A6_lifecycle_variation.csv,DERIVED
A3,C6,259,0.8151815181518152,0.0003083697433222,0.002420639208897,11,PHM2010,D1,PHM_D1_FROZEN_B11_B12,run_local_probability_variation,none,304,run_id_12_315_common_304,figures/fig4_ablation/A1_A6_lifecycle_variation.csv,DERIVED
A3,C6,260,0.8184818481848185,0.0012075754691358,0.0019641506023951,11,PHM2010,D1,PHM_D1_FROZEN_B11_B12,run_local_probability_variation,none,304,run_id_12_315_common_304,figures/fig4_ablation/A1_A6_lifecycle_variation.csv,DERIVED
A3,C6,261,0.8217821782178217,0.0015192279527712,0.0013304581098448,11,PHM2010,D1,PHM_D1_FROZEN_B11_B12,run_local_probability_variation,none,304,run_id_12_315_common_304,figures/fig4_ablation/A1_A6_lifecycle_variation.csv,DERIVED
A3,C6,262,0.8250825082508251,0.0001657104258337,0.0012097781633366,11,PHM2010,D1,PHM_D1_FROZEN_B11_B12,run_local_probability_variation,none,304,run_id_12_315_common_304,figures/fig4_ablation/A1_A6_lifecycle_variation.csv,DERIVED
A3,C6,263,0.8283828382838284,0.0012322985800941,0.0016950699773215,11,PHM2010,D1,PHM_D1_FROZEN_B11_B12,run_local_probability_variation,none,304,run_id_12_315_common_304,figures/fig4_ablation/A1_A6_lifecycle_variation.csv,DERIVED
A3,C6,264,0.8316831683168316,0.000146021468445,0.0019563622421351,11,PHM2010,D1,PHM_D1_FROZEN_B11_B12,run_local_probability_variation,none,304,run_id_12_315_common_304,figures/fig4_ablation/A1_A6_lifecycle_variation.csv,DERIVED
A3,C6,265,0.834983498349835,0.0016647749010497,0.0022569568575598,11,PHM2010,D1,PHM_D1_FROZEN_B11_B12,run_local_probability_variation,none,304,run_id_12_315_common_304,figures/fig4_ablation/A1_A6_lifecycle_variation.csv,DERIVED
A3,C6,266,0.8382838283828383,0.0008977016362603,0.0023036744402103,11,PHM2010,D1,PHM_D1_FROZEN_B11_B12,run_local_probability_variation,none,304,run_id_12_315_common_304,figures/fig4_ablation/A1_A6_lifecycle_variation.csv,DERIVED
A3,C6,267,0.8415841584158416,0.0001799547781078,0.0027084155451182,11,PHM2010,D1,PHM_D1_FROZEN_B11_B12,run_local_probability_variation,none,304,run_id_12_315_common_304,figures/fig4_ablation/A1_A6_lifecycle_variation.csv,DERIVED
A3,C6,268,0.8448844884488449,0.0077638275417698,0.0030605739809843,11,PHM2010,D1,PHM_D1_FROZEN_B11_B12,run_local_probability_variation,none,304,run_id_12_315_common_304,figures/fig4_ablation/A1_A6_lifecycle_variation.csv,DERIVED
A3,C6,269,0.8481848184818482,0.0064345221666962,0.0032752243840597,11,PHM2010,D1,PHM_D1_FROZEN_B11_B12,run_local_probability_variation,none,304,run_id_12_315_common_304,figures/fig4_ablation/A1_A6_lifecycle_variation.csv,DERIVED
A3,C6,270,0.8514851485148515,0.0036149105129942,0.0033346879689625,11,PHM2010,D1,PHM_D1_FROZEN_B11_B12,run_local_probability_variation,none,304,run_id_12_315_common_304,figures/fig4_ablation/A1_A6_lifecycle_variation.csv,DERIVED
A3,C6,271,0.8547854785478548,0.0017214688782911,0.0036449597369281,11,PHM2010,D1,PHM_D1_FROZEN_B11_B12,run_local_probability_variation,none,304,run_id_12_315_common_304,figures/fig4_ablation/A1_A6_lifecycle_variation.csv,DERIVED
A3,C6,272,0.858085808580858,0.0059713801067579,0.0037794988624585,11,PHM2010,D1,PHM_D1_FROZEN_B11_B12,run_local_probability_variation,none,304,run_id_12_315_common_304,figures/fig4_ablation/A1_A6_lifecycle_variation.csv,DERIVED
A3,C6,273,0.8613861386138614,0.0040394532203616,0.0041846246455515,11,PHM2010,D1,PHM_D1_FROZEN_B11_B12,run_local_probability_variation,none,304,run_id_12_315_common_304,figures/fig4_ablation/A1_A6_lifecycle_variation.csv,DERIVED
A3,C6,274,0.8646864686468647,0.0035934530139231,0.0052688580823364,11,PHM2010,D1,PHM_D1_FROZEN_B11_B12,run_local_probability_variation,none,304,run_id_12_315_common_304,figures/fig4_ablation/A1_A6_lifecycle_variation.csv,DERIVED
A3,C6,275,0.8679867986798679,0.000800120902376,0.006315234032294,11,PHM2010,D1,PHM_D1_FROZEN_B11_B12,run_local_probability_variation,none,304,run_id_12_315_common_304,figures/fig4_ablation/A1_A6_lifecycle_variation.csv,DERIVED
A3,C6,276,0.8712871287128713,0.0050777643486714,0.0067506105988011,11,PHM2010,D1,PHM_D1_FROZEN_B11_B12,run_local_probability_variation,none,304,run_id_12_315_common_304,figures/fig4_ablation/A1_A6_lifecycle_variation.csv,DERIVED
A3,C6,277,0.8745874587458746,0.0023776320170941,0.0069665647423762,11,PHM2010,D1,PHM_D1_FROZEN_B11_B12,run_local_probability_variation,none,304,run_id_12_315_common_304,figures/fig4_ablation/A1_A6_lifecycle_variation.csv,DERIVED
A3,C6,278,0.8778877887788779,0.0046363383921312,0.0077308313278637,11,PHM2010,D1,PHM_D1_FROZEN_B11_B12,run_local_probability_variation,none,304,run_id_12_315_common_304,figures/fig4_ablation/A1_A6_lifecycle_variation.csv,DERIVED
A3,C6,279,0.8811881188118812,0.0196903953464037,0.0081587476119064,11,PHM2010,D1,PHM_D1_FROZEN_B11_B12,run_local_probability_variation,none,304,run_id_12_315_common_304,figures/fig4_ablation/A1_A6_lifecycle_variation.csv,DERIVED
A3,C6,280,0.8844884488448845,0.0179446576162293,0.0083566758142437,11,PHM2010,D1,PHM_D1_FROZEN_B11_B12,run_local_probability_variation,none,304,run_id_12_315_common_304,figures/fig4_ablation/A1_A6_lifecycle_variation.csv,DERIVED
A3,C6,281,0.8877887788778878,0.0084040527445723,0.0085294778434993,11,PHM2010,D1,PHM_D1_FROZEN_B11_B12,run_local_probability_variation,none,304,run_id_12_315_common_304,figures/fig4_ablation/A1_A6_lifecycle_variation.csv,DERIVED
A3,C6,282,0.8910891089108911,0.0040969644576174,0.0089656239110886,11,PHM2010,D1,PHM_D1_FROZEN_B11_B12,run_local_probability_variation,none,304,run_id_12_315_common_304,figures/fig4_ablation/A1_A6_lifecycle_variation.csv,DERIVED
A3,C6,283,0.8943894389438944,0.0143783125471206,0.009901640560797,11,PHM2010,D1,PHM_D1_FROZEN_B11_B12,run_local_probability_variation,none,304,run_id_12_315_common_304,figures/fig4_ablation/A1_A6_lifecycle_variation.csv,DERIVED
A3,C6,284,0.8976897689768977,0.0087465323448314,0.0096471498467915,11,PHM2010,D1,PHM_D1_FROZEN_B11_B12,run_local_probability_variation,none,304,run_id_12_315_common_304,figures/fig4_ablation/A1_A6_lifecycle_variation.csv,DERIVED
A3,C6,285,0.900990099009901,0.0057706632396332,0.0083631006202417,11,PHM2010,D1,PHM_D1_FROZEN_B11_B12,run_local_probability_variation,none,304,run_id_12_315_common_304,figures/fig4_ablation/A1_A6_lifecycle_variation.csv,DERIVED
A3,C6,286,0.9042904290429042,0.002700943224188,0.0069506692474038,11,PHM2010,D1,PHM_D1_FROZEN_B11_B12,run_local_probability_variation,none,304,run_id_12_315_common_304,figures/fig4_ablation/A1_A6_lifecycle_variation.csv,DERIVED
A3,C6,287,0.9075907590759076,0.0098753710921532,0.0065202100793782,11,PHM2010,D1,PHM_D1_FROZEN_B11_B12,run_local_probability_variation,none,304,run_id_12_315_common_304,figures/fig4_ablation/A1_A6_lifecycle_variation.csv,DERIVED
A3,C6,288,0.9108910891089108,0.0126738151638867,0.0064358453641072,11,PHM2010,D1,PHM_D1_FROZEN_B11_B12,run_local_probability_variation,none,304,run_id_12_315_common_304,figures/fig4_ablation/A1_A6_lifecycle_variation.csv,DERIVED
A3,C6,289,0.9141914191419142,0.0018369405380711,0.0053775972642183,11,PHM2010,D1,PHM_D1_FROZEN_B11_B12,run_local_probability_variation,none,304,run_id_12_315_common_304,figures/fig4_ablation/A1_A6_lifecycle_variation.csv,DERIVED
A3,C6,290,0.9174917491749176,0.0055658538543557,0.0049467873350526,11,PHM2010,D1,PHM_D1_FROZEN_B11_B12,run_local_probability_variation,none,304,run_id_12_315_common_304,figures/fig4_ablation/A1_A6_lifecycle_variation.csv,DERIVED
A3,C6,291,0.9207920792079208,0.0024079125150123,0.004491756312869,11,PHM2010,D1,PHM_D1_FROZEN_B11_B12,run_local_probability_variation,none,304,run_id_12_315_common_304,figures/fig4_ablation/A1_A6_lifecycle_variation.csv,DERIVED
A3,C6,292,0.924092409240924,0.003669001896291,0.0042976629593644,11,PHM2010,D1,PHM_D1_FROZEN_B11_B12,run_local_probability_variation,none,304,run_id_12_315_common_304,figures/fig4_ablation/A1_A6_lifecycle_variation.csv,DERIVED
A3,C6,293,0.9273927392739274,0.0031689525896359,0.0034510994453268,11,PHM2010,D1,PHM_D1_FROZEN_B11_B12,run_local_probability_variation,none,304,run_id_12_315_common_304,figures/fig4_ablation/A1_A6_lifecycle_variation.csv,DERIVED
A3,C6,294,0.9306930693069309,0.0027375834483427,0.0025130466902589,11,PHM2010,D1,PHM_D1_FROZEN_B11_B12,run_local_probability_variation,none,304,run_id_12_315_common_304,figures/fig4_ablation/A1_A6_lifecycle_variation.csv,DERIVED
A3,C6,295,0.933993399339934,0.0040076231240087,0.0025522386326388,11,PHM2010,D1,PHM_D1_FROZEN_B11_B12,run_local_probability_variation,none,304,run_id_12_315_common_304,figures/fig4_ablation/A1_A6_lifecycle_variation.csv,DERIVED
A3,C6,296,0.9372937293729372,0.0007653219956133,0.002112489028089,11,PHM2010,D1,PHM_D1_FROZEN_B11_B12,run_local_probability_variation,none,304,run_id_12_315_common_304,figures/fig4_ablation/A1_A6_lifecycle_variation.csv,DERIVED
A3,C6,297,0.9405940594059404,0.0005659163356374,0.0021612935720265,11,PHM2010,D1,PHM_D1_FROZEN_B11_B12,run_local_probability_variation,none,304,run_id_12_315_common_304,figures/fig4_ablation/A1_A6_lifecycle_variation.csv,DERIVED
A3,C6,298,0.943894389438944,0.00056317243774,0.0018522796516074,11,PHM2010,D1,PHM_D1_FROZEN_B11_B12,run_local_probability_variation,none,304,run_id_12_315_common_304,figures/fig4_ablation/A1_A6_lifecycle_variation.csv,DERIVED
A3,C6,299,0.9471947194719472,0.0023552348581395,0.0017697538359369,11,PHM2010,D1,PHM_D1_FROZEN_B11_B12,run_local_probability_variation,none,304,run_id_12_315_common_304,figures/fig4_ablation/A1_A6_lifecycle_variation.csv,DERIVED
A3,C6,300,0.9504950495049505,0.0022680519042506,0.0016304313798681,11,PHM2010,D1,PHM_D1_FROZEN_B11_B12,run_local_probability_variation,none,304,run_id_12_315_common_304,figures/fig4_ablation/A1_A6_lifecycle_variation.csv,DERIVED
A3,C6,301,0.9537953795379538,0.0007286082043077,0.0014501767326704,11,PHM2010,D1,PHM_D1_FROZEN_B11_B12,run_local_probability_variation,none,304,run_id_12_315_common_304,figures/fig4_ablation/A1_A6_lifecycle_variation.csv,DERIVED
A3,C6,302,0.9570957095709572,0.002944762498325,0.0013825466805322,11,PHM2010,D1,PHM_D1_FROZEN_B11_B12,run_local_probability_variation,none,304,run_id_12_315_common_304,figures/fig4_ablation/A1_A6_lifecycle_variation.csv,DERIVED
A3,C6,303,0.9603960396039604,0.0002698487716804,0.0014912269967034,11,PHM2010,D1,PHM_D1_FROZEN_B11_B12,run_local_probability_variation,none,304,run_id_12_315_common_304,figures/fig4_ablation/A1_A6_lifecycle_variation.csv,DERIVED
A3,C6,304,0.9636963696369636,0.0022611686172608,0.0015404000386954,11,PHM2010,D1,PHM_D1_FROZEN_B11_B12,run_local_probability_variation,none,304,run_id_12_315_common_304,figures/fig4_ablation/A1_A6_lifecycle_variation.csv,DERIVED
A3,C6,305,0.966996699669967,0.001205036431586,0.0014522321958892,11,PHM2010,D1,PHM_D1_FROZEN_B11_B12,run_local_probability_variation,none,304,run_id_12_315_common_304,figures/fig4_ablation/A1_A6_lifecycle_variation.csv,DERIVED
A3,C6,306,0.9702970297029704,0.002024822004834,0.0016076015675747,11,PHM2010,D1,PHM_D1_FROZEN_B11_B12,run_local_probability_variation,none,304,run_id_12_315_common_304,figures/fig4_ablation/A1_A6_lifecycle_variation.csv,DERIVED
A3,C6,307,0.9735973597359736,2.1391422092845863e-05,0.0018462648258225,11,PHM2010,D1,PHM_D1_FROZEN_B11_B12,run_local_probability_variation,none,304,run_id_12_315_common_304,figures/fig4_ablation/A1_A6_lifecycle_variation.csv,DERIVED
A3,C6,308,0.976897689768977,0.0017613998135205,0.0020271760725995,11,PHM2010,D1,PHM_D1_FROZEN_B11_B12,run_local_probability_variation,none,304,run_id_12_315_common_304,figures/fig4_ablation/A1_A6_lifecycle_variation.csv,DERIVED
A3,C6,309,0.9801980198019802,0.0011040758996517,0.0020243374372659,11,PHM2010,D1,PHM_D1_FROZEN_B11_B12,run_local_probability_variation,none,304,run_id_12_315_common_304,figures/fig4_ablation/A1_A6_lifecycle_variation.csv,DERIVED
A3,C6,310,0.9834983498349836,0.0013853885872714,0.002298166650512,11,PHM2010,D1,PHM_D1_FROZEN_B11_B12,run_local_probability_variation,none,304,run_id_12_315_common_304,figures/fig4_ablation/A1_A6_lifecycle_variation.csv,DERIVED
A3,C6,311,0.9867986798679867,0.0039771149927911,0.0024074796724046,11,PHM2010,D1,PHM_D1_FROZEN_B11_B12,run_local_probability_variation,none,304,run_id_12_315_common_304,figures/fig4_ablation/A1_A6_lifecycle_variation.csv,DERIVED
A3,C6,312,0.99009900990099,0.0033539040450342,0.0024499971910235,11,PHM2010,D1,PHM_D1_FROZEN_B11_B12,run_local_probability_variation,none,304,run_id_12_315_common_304,figures/fig4_ablation/A1_A6_lifecycle_variation.csv,DERIVED
A3,C6,313,0.9933993399339934,0.0049347862128719,0.0027535729121399,11,PHM2010,D1,PHM_D1_FROZEN_B11_B12,run_local_probability_variation,none,304,run_id_12_315_common_304,figures/fig4_ablation/A1_A6_lifecycle_variation.csv,DERIVED
A3,C6,314,0.9966996699669968,0.0002386237830101,0.0028953119262284,11,PHM2010,D1,PHM_D1_FROZEN_B11_B12,run_local_probability_variation,none,304,run_id_12_315_common_304,figures/fig4_ablation/A1_A6_lifecycle_variation.csv,DERIVED
A3,C6,315,1.0,0.0052732899629681,0.0031938512639912,11,PHM2010,D1,PHM_D1_FROZEN_B11_B12,run_local_probability_variation,none,304,run_id_12_315_common_304,figures/fig4_ablation/A1_A6_lifecycle_variation.csv,DERIVED
A4,C6,12,0.0,,0.0040209239658499,11,PHM2010,D1,PHM_D1_FROZEN_B11_B12,run_local_probability_variation,none,304,run_id_12_315_common_304,figures/fig4_ablation/A1_A6_lifecycle_variation.csv,DERIVED
A4,C6,13,0.0033003300330033,0.0083938889875783,0.0036658314953239,11,PHM2010,D1,PHM_D1_FROZEN_B11_B12,run_local_probability_variation,none,304,run_id_12_315_common_304,figures/fig4_ablation/A1_A6_lifecycle_variation.csv,DERIVED
A4,C6,14,0.0066006600660066,0.0012142803605212,0.0044310594555453,11,PHM2010,D1,PHM_D1_FROZEN_B11_B12,run_local_probability_variation,none,304,run_id_12_315_common_304,figures/fig4_ablation/A1_A6_lifecycle_variation.csv,DERIVED
A4,C6,15,0.0099009900990099,0.0024360966509367,0.0039603197496958,11,PHM2010,D1,PHM_D1_FROZEN_B11_B12,run_local_probability_variation,none,304,run_id_12_315_common_304,figures/fig4_ablation/A1_A6_lifecycle_variation.csv,DERIVED
A4,C6,16,0.0132013201320132,0.0026347561000815,0.0050469947871681,11,PHM2010,D1,PHM_D1_FROZEN_B11_B12,run_local_probability_variation,none,304,run_id_12_315_common_304,figures/fig4_ablation/A1_A6_lifecycle_variation.csv,DERIVED
A4,C6,17,0.0165016501650165,0.005425597730132,0.0053100553425882,11,PHM2010,D1,PHM_D1_FROZEN_B11_B12,run_local_probability_variation,none,304,run_id_12_315_common_304,figures/fig4_ablation/A1_A6_lifecycle_variation.csv,DERIVED
A4,C6,18,0.0198019801980198,0.0018903691426938,0.005129756414151,11,PHM2010,D1,PHM_D1_FROZEN_B11_B12,run_local_probability_variation,none,304,run_id_12_315_common_304,figures/fig4_ablation/A1_A6_lifecycle_variation.csv,DERIVED
A4,C6,19,0.0231023102310231,0.0090224272168738,0.0044653951397409,11,PHM2010,D1,PHM_D1_FROZEN_B11_B12,run_local_probability_variation,none,304,run_id_12_315_common_304,figures/fig4_ablation/A1_A6_lifecycle_variation.csv,DERIVED
A4,C6,20,0.0264026402640264,0.0006651418087495,0.004452296688487,11,PHM2010,D1,PHM_D1_FROZEN_B11_B12,run_local_probability_variation,none,304,run_id_12_315_common_304,figures/fig4_ablation/A1_A6_lifecycle_variation.csv,DERIVED
A4,C6,21,0.0297029702970297,0.0137403950869462,0.0043382807688599,11,PHM2010,D1,PHM_D1_FROZEN_B11_B12,run_local_probability_variation,none,304,run_id_12_315_common_304,figures/fig4_ablation/A1_A6_lifecycle_variation.csv,DERIVED
A4,C6,22,0.033003300330033,0.0076776003413692,0.0041614621371047,11,PHM2010,D1,PHM_D1_FROZEN_B11_B12,run_local_probability_variation,none,304,run_id_12_315_common_304,figures/fig4_ablation/A1_A6_lifecycle_variation.csv,DERIVED
A4,C6,23,0.0363036303630363,0.003326767129779,0.003732128790987,11,PHM2010,D1,PHM_D1_FROZEN_B11_B12,run_local_probability_variation,none,304,run_id_12_315_common_304,figures/fig4_ablation/A1_A6_lifecycle_variation.csv,DERIVED
A4,C6,24,0.0396039603960396,0.0010859149690664,0.0036225679160744,11,PHM2010,D1,PHM_D1_FROZEN_B11_B12,run_local_probability_variation,none,304,run_id_12_315_common_304,figures/fig4_ablation/A1_A6_lifecycle_variation.csv,DERIVED
A4,C6,25,0.0429042904290429,0.0010701973967292,0.0028900284119371,11,PHM2010,D1,PHM_D1_FROZEN_B11_B12,run_local_probability_variation,none,304,run_id_12_315_common_304,figures/fig4_ablation/A1_A6_lifecycle_variation.csv,DERIVED
A4,C6,26,0.0462046204620462,0.0011819215350384,0.0029179622648302,11,PHM2010,D1,PHM_D1_FROZEN_B11_B12,run_local_probability_variation,none,304,run_id_12_315_common_304,figures/fig4_ablation/A1_A6_lifecycle_variation.csv,DERIVED
A4,C6,27,0.0495049504950495,0.0006897511507741,0.0017010369068543,11,PHM2010,D1,PHM_D1_FROZEN_B11_B12,run_local_probability_variation,none,304,run_id_12_315_common_304,figures/fig4_ablation/A1_A6_lifecycle_variation.csv,DERIVED
A4,C6,28,0.0528052805280528,0.0007029309228372,0.0010990495755576,11,PHM2010,D1,PHM_D1_FROZEN_B11_B12,run_local_probability_variation,none,304,run_id_12_315_common_304,figures/fig4_ablation/A1_A6_lifecycle_variation.csv,DERIVED
A4,C6,29,0.0561056105610561,0.0006851995186559,0.0008427525569604,11,PHM2010,D1,PHM_D1_FROZEN_B11_B12,run_local_probability_variation,none,304,run_id_12_315_common_304,figures/fig4_ablation/A1_A6_lifecycle_variation.csv,DERIVED
A4,C6,30,0.0594059405940594,0.0009644926713631,0.0007851094861841,11,PHM2010,D1,PHM_D1_FROZEN_B11_B12,run_local_probability_variation,none,304,run_id_12_315_common_304,figures/fig4_ablation/A1_A6_lifecycle_variation.csv,DERIVED
A4,C6,31,0.0627062706270627,0.0009724141905732,0.0007149347076885,11,PHM2010,D1,PHM_D1_FROZEN_B11_B12,run_local_probability_variation,none,304,run_id_12_315_common_304,figures/fig4_ablation/A1_A6_lifecycle_variation.csv,DERIVED
A4,C6,32,0.066006600660066,0.0003542161492113,0.0006514376252342,11,PHM2010,D1,PHM_D1_FROZEN_B11_B12,run_local_probability_variation,none,304,run_id_12_315_common_304,figures/fig4_ablation/A1_A6_lifecycle_variation.csv,DERIVED
A4,C6,33,0.0693069306930693,0.0010557396971053,0.0006663040581205,11,PHM2010,D1,PHM_D1_FROZEN_B11_B12,run_local_probability_variation,none,304,run_id_12_315_common_304,figures/fig4_ablation/A1_A6_lifecycle_variation.csv,DERIVED
A4,C6,34,0.0726072607260726,0.0005074999252099,0.0006324590177377,11,PHM2010,D1,PHM_D1_FROZEN_B11_B12,run_local_probability_variation,none,304,run_id_12_315_common_304,figures/fig4_ablation/A1_A6_lifecycle_variation.csv,DERIVED
A4,C6,35,0.0759075907590759,0.0004518411905271,0.0005833380954649,11,PHM2010,D1,PHM_D1_FROZEN_B11_B12,run_local_probability_variation,none,304,run_id_12_315_common_304,figures/fig4_ablation/A1_A6_lifecycle_variation.csv,DERIVED
A4,C6,36,0.0792079207920792,0.0002982748332783,0.0005064546725303,11,PHM2010,D1,PHM_D1_FROZEN_B11_B12,run_local_probability_variation,none,304,run_id_12_315_common_304,figures/fig4_ablation/A1_A6_lifecycle_variation.csv,DERIVED
A4,C6,37,0.0825082508250825,0.0004834536280407,0.0005083530642264,11,PHM2010,D1,PHM_D1_FROZEN_B11_B12,run_local_probability_variation,none,304,run_id_12_315_common_304,figures/fig4_ablation/A1_A6_lifecycle_variation.csv,DERIVED
A4,C6,38,0.0858085808580858,0.0008532819125235,0.000490996319312,11,PHM2010,D1,PHM_D1_FROZEN_B11_B12,run_local_probability_variation,none,304,run_id_12_315_common_304,figures/fig4_ablation/A1_A6_lifecycle_variation.csv,DERIVED
A4,C6,39,0.0891089108910891,0.0003306354786259,0.000444405018883,11,PHM2010,D1,PHM_D1_FROZEN_B11_B12,run_local_probability_variation,none,304,run_id_12_315_common_304,figures/fig4_ablation/A1_A6_lifecycle_variation.csv,DERIVED
A4,C6,40,0.0924092409240924,0.000144869373656,0.0004723250954349,11,PHM2010,D1,PHM_D1_FROZEN_B11_B12,run_local_probability_variation,none,304,run_id_12_315_common_304,figures/fig4_ablation/A1_A6_lifecycle_variation.csv,DERIVED
A4,C6,41,0.0957095709570957,0.0001187750190826,0.0004516102382844,11,PHM2010,D1,PHM_D1_FROZEN_B11_B12,run_local_probability_variation,none,304,run_id_12_315_common_304,figures/fig4_ablation/A1_A6_lifecycle_variation.csv,DERIVED
A4,C6,42,0.099009900990099,0.0009932964992302,0.0004285105678329,11,PHM2010,D1,PHM_D1_FROZEN_B11_B12,run_local_probability_variation,none,304,run_id_12_315_common_304,figures/fig4_ablation/A1_A6_lifecycle_variation.csv,DERIVED
A4,C6,43,0.1023102310231023,0.0001632919551524,0.0003870042933779,11,PHM2010,D1,PHM_D1_FROZEN_B11_B12,run_local_probability_variation,none,304,run_id_12_315_common_304,figures/fig4_ablation/A1_A6_lifecycle_variation.csv,DERIVED
A4,C6,44,0.1056105610561056,0.0005432353923858,0.0003609382312478,11,PHM2010,D1,PHM_D1_FROZEN_B11_B12,run_local_probability_variation,none,304,run_id_12_315_common_304,figures/fig4_ablation/A1_A6_lifecycle_variation.csv,DERIVED
A4,C6,45,0.1089108910891089,0.0008146207672815,0.0003651891117634,11,PHM2010,D1,PHM_D1_FROZEN_B11_B12,run_local_probability_variation,none,304,run_id_12_315_common_304,figures/fig4_ablation/A1_A6_lifecycle_variation.csv,DERIVED
A4,C6,46,0.1122112211221122,0.0002239777618719,0.0004091808485357,11,PHM2010,D1,PHM_D1_FROZEN_B11_B12,run_local_probability_variation,none,304,run_id_12_315_common_304,figures/fig4_ablation/A1_A6_lifecycle_variation.csv,DERIVED
A4,C6,47,0.1155115511551155,4.417845831133568e-05,0.0004309218731249,11,PHM2010,D1,PHM_D1_FROZEN_B11_B12,run_local_probability_variation,none,304,run_id_12_315_common_304,figures/fig4_ablation/A1_A6_lifecycle_variation.csv,DERIVED
A4,C6,48,0.1188118811881188,2.68846090353686e-05,0.0004644038749082,11,PHM2010,D1,PHM_D1_FROZEN_B11_B12,run_local_probability_variation,none,304,run_id_12_315_common_304,figures/fig4_ablation/A1_A6_lifecycle_variation.csv,DERIVED
A4,C6,49,0.1221122112211221,0.0005665552290934,0.0005123220681149,11,PHM2010,D1,PHM_D1_FROZEN_B11_B12,run_local_probability_variation,none,304,run_id_12_315_common_304,figures/fig4_ablation/A1_A6_lifecycle_variation.csv,DERIVED
A4,C6,50,0.1254125412541254,0.0003773951642967,0.0005299591809998,11,PHM2010,D1,PHM_D1_FROZEN_B11_B12,run_local_probability_variation,none,304,run_id_12_315_common_304,figures/fig4_ablation/A1_A6_lifecycle_variation.csv,DERIVED
A4,C6,51,0.1287128712871287,0.0006287784781517,0.0005333439642753,11,PHM2010,D1,PHM_D1_FROZEN_B11_B12,run_local_probability_variation,none,304,run_id_12_315_common_304,figures/fig4_ablation/A1_A6_lifecycle_variation.csv,DERIVED
A4,C6,52,0.132013201320132,0.0003579262895636,0.0006688784554152,11,PHM2010,D1,PHM_D1_FROZEN_B11_B12,run_local_probability_variation,none,304,run_id_12_315_common_304,figures/fig4_ablation/A1_A6_lifecycle_variation.csv,DERIVED
A4,C6,53,0.1353135313531353,0.0013615985188467,0.0007127485259964,11,PHM2010,D1,PHM_D1_FROZEN_B11_B12,run_local_probability_variation,none,304,run_id_12_315_common_304,figures/fig4_ablation/A1_A6_lifecycle_variation.csv,DERIVED
A4,C6,54,0.1386138613861386,0.0006903920804262,0.0008834508822662,11,PHM2010,D1,PHM_D1_FROZEN_B11_B12,run_local_probability_variation,none,304,run_id_12_315_common_304,figures/fig4_ablation/A1_A6_lifecycle_variation.csv,DERIVED
A4,C6,55,0.1419141914191419,0.0007372436341197,0.0009127882930586,11,PHM2010,D1,PHM_D1_FROZEN_B11_B12,run_local_probability_variation,none,304,run_id_12_315_common_304,figures/fig4_ablation/A1_A6_lifecycle_variation.csv,DERIVED
A4,C6,56,0.1452145214521452,0.0008518533833123,0.0010207263247825,11,PHM2010,D1,PHM_D1_FROZEN_B11_B12,run_local_probability_variation,none,304,run_id_12_315_common_304,figures/fig4_ablation/A1_A6_lifecycle_variation.csv,DERIVED
A4,C6,57,0.1485148514851485,0.0017148571644108,0.0010253140836372,11,PHM2010,D1,PHM_D1_FROZEN_B11_B12,run_local_probability_variation,none,304,run_id_12_315_common_304,figures/fig4_ablation/A1_A6_lifecycle_variation.csv,DERIVED
A4,C6,58,0.1518151815181518,0.0005267492347044,0.0012440234528933,11,PHM2010,D1,PHM_D1_FROZEN_B11_B12,run_local_probability_variation,none,304,run_id_12_315_common_304,figures/fig4_ablation/A1_A6_lifecycle_variation.csv,DERIVED
A4,C6,59,0.1551155115511551,0.0019046105280023,0.0011807924966241,11,PHM2010,D1,PHM_D1_FROZEN_B11_B12,run_local_probability_variation,none,304,run_id_12_315_common_304,figures/fig4_ablation/A1_A6_lifecycle_variation.csv,DERIVED
A4,C6,60,0.1584158415841584,0.0008892667478104,0.0016873256023638,11,PHM2010,D1,PHM_D1_FROZEN_B11_B12,run_local_probability_variation,none,304,run_id_12_315_common_304,figures/fig4_ablation/A1_A6_lifecycle_variation.csv,DERIVED
A4,C6,61,0.1617161716171617,0.001564713513259,0.0017978457600607,11,PHM2010,D1,PHM_D1_FROZEN_B11_B12,run_local_probability_variation,none,304,run_id_12_315_common_304,figures/fig4_ablation/A1_A6_lifecycle_variation.csv,DERIVED
A4,C6,62,0.165016501650165,0.0006792438255535,0.0022425903745443,11,PHM2010,D1,PHM_D1_FROZEN_B11_B12,run_local_probability_variation,none,304,run_id_12_315_common_304,figures/fig4_ablation/A1_A6_lifecycle_variation.csv,DERIVED
A4,C6,63,0.1683168316831683,0.0027637293513813,0.0024623887947442,11,PHM2010,D1,PHM_D1_FROZEN_B11_B12,run_local_probability_variation,none,304,run_id_12_315_common_304,figures/fig4_ablation/A1_A6_lifecycle_variation.csv,DERIVED
A4,C6,64,0.1716171617161716,0.0006660579998855,0.00336241417352,11,PHM2010,D1,PHM_D1_FROZEN_B11_B12,run_local_probability_variation,none,304,run_id_12_315_common_304,figures/fig4_ablation/A1_A6_lifecycle_variation.csv,DERIVED
A4,C6,65,0.1749174917491749,0.0062622562435628,0.0043398902217243,11,PHM2010,D1,PHM_D1_FROZEN_B11_B12,run_local_probability_variation,none,304,run_id_12_315_common_304,figures/fig4_ablation/A1_A6_lifecycle_variation.csv,DERIVED
A4,C6,66,0.1782178217821782,0.0019529653687855,0.0055661149540942,11,PHM2010,D1,PHM_D1_FROZEN_B11_B12,run_local_probability_variation,none,304,run_id_12_315_common_304,figures/fig4_ablation/A1_A6_lifecycle_variation.csv,DERIVED
A4,C6,67,0.1815181518151815,0.0057440441426319,0.0065196330716796,11,PHM2010,D1,PHM_D1_FROZEN_B11_B12,run_local_probability_variation,none,304,run_id_12_315_common_304,figures/fig4_ablation/A1_A6_lifecycle_variation.csv,DERIVED
A4,C6,68,0.1848184818481848,0.0041326397866096,0.0091785264789837,11,PHM2010,D1,PHM_D1_FROZEN_B11_B12,run_local_probability_variation,none,304,run_id_12_315_common_304,figures/fig4_ablation/A1_A6_lifecycle_variation.csv,DERIVED
A4,C6,69,0.1881188118811881,0.0104270284012381,0.0106088138921229,11,PHM2010,D1,PHM_D1_FROZEN_B11_B12,run_local_probability_variation,none,304,run_id_12_315_common_304,figures/fig4_ablation/A1_A6_lifecycle_variation.csv,DERIVED
A4,C6,70,0.1914191419141914,0.0126568470582491,0.0129202380516993,11,PHM2010,D1,PHM_D1_FROZEN_B11_B12,run_local_probability_variation,none,304,run_id_12_315_common_304,figures/fig4_ablation/A1_A6_lifecycle_variation.csv,DERIVED
A4,C6,71,0.1947194719471947,0.0143777388038794,0.0138512927086894,11,PHM2010,D1,PHM_D1_FROZEN_B11_B12,run_local_probability_variation,none,304,run_id_12_315_common_304,figures/fig4_ablation/A1_A6_lifecycle_variation.csv,DERIVED
A4,C6,72,0.198019801980198,0.0120534128066988,0.015745549301567,11,PHM2010,D1,PHM_D1_FROZEN_B11_B12,run_local_probability_variation,none,304,run_id_12_315_common_304,figures/fig4_ablation/A1_A6_lifecycle_variation.csv,DERIVED
A4,C6,73,0.2013201320132013,0.0299270713058989,0.0177042458796549,11,PHM2010,D1,PHM_D1_FROZEN_B11_B12,run_local_probability_variation,none,304,run_id_12_315_common_304,figures/fig4_ablation/A1_A6_lifecycle_variation.csv,DERIVED
A4,C6,74,0.2046204620462046,0.0184968908959123,0.0179597654131822,11,PHM2010,D1,PHM_D1_FROZEN_B11_B12,run_local_probability_variation,none,304,run_id_12_315_common_304,figures/fig4_ablation/A1_A6_lifecycle_variation.csv,DERIVED
A4,C6,75,0.2079207920792079,0.0260917237552254,0.0193308852281627,11,PHM2010,D1,PHM_D1_FROZEN_B11_B12,run_local_probability_variation,none,304,run_id_12_315_common_304,figures/fig4_ablation/A1_A6_lifecycle_variation.csv,DERIVED
A4,C6,76,0.2112211221122112,0.0165038574704542,0.0185253290660939,11,PHM2010,D1,PHM_D1_FROZEN_B11_B12,run_local_probability_variation,none,304,run_id_12_315_common_304,figures/fig4_ablation/A1_A6_lifecycle_variation.csv,DERIVED
A4,C6,77,0.2145214521452145,0.0227897878904389,0.0183979362337322,11,PHM2010,D1,PHM_D1_FROZEN_B11_B12,run_local_probability_variation,none,304,run_id_12_315_common_304,figures/fig4_ablation/A1_A6_lifecycle_variation.csv,DERIVED
A4,C6,78,0.2178217821782178,0.0272897065015989,0.0177871579254206,11,PHM2010,D1,PHM_D1_FROZEN_B11_B12,run_local_probability_variation,none,304,run_id_12_315_common_304,figures/fig4_ablation/A1_A6_lifecycle_variation.csv,DERIVED
A4,C6,79,0.2211221122112211,0.0069433546554098,0.0154029722251111,11,PHM2010,D1,PHM_D1_FROZEN_B11_B12,run_local_probability_variation,none,304,run_id_12_315_common_304,figures/fig4_ablation/A1_A6_lifecycle_variation.csv,DERIVED
A4,C6,80,0.2244224422442244,0.025509346366024,0.0143462229813274,11,PHM2010,D1,PHM_D1_FROZEN_B11_B12,run_local_probability_variation,none,304,run_id_12_315_common_304,figures/fig4_ablation/A1_A6_lifecycle_variation.csv,DERIVED
A4,C6,81,0.2277227722772277,0.003795729275492,0.012724665122232,11,PHM2010,D1,PHM_D1_FROZEN_B11_B12,run_local_probability_variation,none,304,run_id_12_315_common_304,figures/fig4_ablation/A1_A6_lifecycle_variation.csv,DERIVED
A4,C6,82,0.231023102310231,0.012976417647901,0.014031076987809,11,PHM2010,D1,PHM_D1_FROZEN_B11_B12,run_local_probability_variation,none,304,run_id_12_315_common_304,figures/fig4_ablation/A1_A6_lifecycle_variation.csv,DERIVED
A4,C6,83,0.2343234323432343,0.0053348514152711,0.015890165779585,11,PHM2010,D1,PHM_D1_FROZEN_B11_B12,run_local_probability_variation,none,304,run_id_12_315_common_304,figures/fig4_ablation/A1_A6_lifecycle_variation.csv,DERIVED
A4,C6,84,0.2376237623762376,0.0037010286024947,0.0150536896082839,11,PHM2010,D1,PHM_D1_FROZEN_B11_B12,run_local_probability_variation,none,304,run_id_12_315_common_304,figures/fig4_ablation/A1_A6_lifecycle_variation.csv,DERIVED
A4,C6,85,0.2409240924092409,0.0068726492142921,0.019181874349027,11,PHM2010,D1,PHM_D1_FROZEN_B11_B12,run_local_probability_variation,none,304,run_id_12_315_common_304,figures/fig4_ablation/A1_A6_lifecycle_variation.csv,DERIVED
A4,C6,86,0.2442244224422442,0.0082545873051757,0.0199466532417449,11,PHM2010,D1,PHM_D1_FROZEN_B11_B12,run_local_probability_variation,none,304,run_id_12_315_common_304,figures/fig4_ablation/A1_A6_lifecycle_variation.csv,DERIVED
A4,C6,87,0.2475247524752475,0.0308743879918013,0.0243252911911599,11,PHM2010,D1,PHM_D1_FROZEN_B11_B12,run_local_probability_variation,none,304,run_id_12_315_common_304,figures/fig4_ablation/A1_A6_lifecycle_variation.csv,DERIVED
A4,C6,88,0.2508250825082508,0.043239764599974,0.0257170865538003,11,PHM2010,D1,PHM_D1_FROZEN_B11_B12,run_local_probability_variation,none,304,run_id_12_315_common_304,figures/fig4_ablation/A1_A6_lifecycle_variation.csv,DERIVED
A4,C6,89,0.2541254125412541,0.0180884686172868,0.0321855637019849,11,PHM2010,D1,PHM_D1_FROZEN_B11_B12,run_local_probability_variation,none,304,run_id_12_315_common_304,figures/fig4_ablation/A1_A6_lifecycle_variation.csv,DERIVED
A4,C6,90,0.2574257425742574,0.0523533868035841,0.0332243139584965,11,PHM2010,D1,PHM_D1_FROZEN_B11_B12,run_local_probability_variation,none,304,run_id_12_315_common_304,figures/fig4_ablation/A1_A6_lifecycle_variation.csv,DERIVED
A4,C6,91,0.2607260726072607,0.0339219141859211,0.0428874571821822,11,PHM2010,D1,PHM_D1_FROZEN_B11_B12,run_local_probability_variation,none,304,run_id_12_315_common_304,figures/fig4_ablation/A1_A6_lifecycle_variation.csv,DERIVED
A4,C6,92,0.264026402640264,0.0519607467190568,0.05338969506756,11,PHM2010,D1,PHM_D1_FROZEN_B11_B12,run_local_probability_variation,none,304,run_id_12_315_common_304,figures/fig4_ablation/A1_A6_lifecycle_variation.csv,DERIVED
A4,C6,93,0.2673267326732673,0.0282861666369454,0.0581535538256086,11,PHM2010,D1,PHM_D1_FROZEN_B11_B12,run_local_probability_variation,none,304,run_id_12_315_common_304,figures/fig4_ablation/A1_A6_lifecycle_variation.csv,DERIVED
A4,C6,94,0.2706270627062706,0.0764881000453024,0.086618570682939,11,PHM2010,D1,PHM_D1_FROZEN_B11_B12,run_local_probability_variation,none,304,run_id_12_315_common_304,figures/fig4_ablation/A1_A6_lifecycle_variation.csv,DERIVED
A4,C6,95,0.2739273927392739,0.0151272814241222,0.0926844727657239,11,PHM2010,D1,PHM_D1_FROZEN_B11_B12,run_local_probability_variation,none,304,run_id_12_315_common_304,figures/fig4_ablation/A1_A6_lifecycle_variation.csv,DERIVED
A4,C6,96,0.2772277227722772,0.1131672246748349,0.0972753769704266,11,PHM2010,D1,PHM_D1_FROZEN_B11_B12,run_local_probability_variation,none,304,run_id_12_315_common_304,figures/fig4_ablation/A1_A6_lifecycle_variation.csv,DERIVED
A4,C6,97,0.2805280528052805,0.1237792040443316,0.1005109021783453,11,PHM2010,D1,PHM_D1_FROZEN_B11_B12,run_local_probability_variation,none,304,run_id_12_315_common_304,figures/fig4_ablation/A1_A6_lifecycle_variation.csv,DERIVED
A4,C6,98,0.2838283828382838,0.0832768343303351,0.1046740356592368,11,PHM2010,D1,PHM_D1_FROZEN_B11_B12,run_local_probability_variation,none,304,run_id_12_315_common_304,figures/fig4_ablation/A1_A6_lifecycle_variation.csv,DERIVED
A4,C6,99,0.2871287128712871,0.3563549500306084,0.1053259257774415,11,PHM2010,D1,PHM_D1_FROZEN_B11_B12,run_local_probability_variation,none,304,run_id_12_315_common_304,figures/fig4_ablation/A1_A6_lifecycle_variation.csv,DERIVED
A4,C6,100,0.2904290429042904,0.0848133915279211,0.0994283360428492,11,PHM2010,D1,PHM_D1_FROZEN_B11_B12,run_local_probability_variation,none,304,run_id_12_315_common_304,figures/fig4_ablation/A1_A6_lifecycle_variation.csv,DERIVED
A4,C6,101,0.2937293729372937,0.1028533330553137,0.0987480848727274,11,PHM2010,D1,PHM_D1_FROZEN_B11_B12,run_local_probability_variation,none,304,run_id_12_315_common_304,figures/fig4_ablation/A1_A6_lifecycle_variation.csv,DERIVED
A4,C6,102,0.297029702970297,0.0695126914730263,0.0891903546960363,11,PHM2010,D1,PHM_D1_FROZEN_B11_B12,run_local_probability_variation,none,304,run_id_12_315_common_304,figures/fig4_ablation/A1_A6_lifecycle_variation.csv,DERIVED
A4,C6,103,0.3003300330033003,0.0977552150088638,0.0929631236195341,11,PHM2010,D1,PHM_D1_FROZEN_B11_B12,run_local_probability_variation,none,304,run_id_12_315_common_304,figures/fig4_ablation/A1_A6_lifecycle_variation.csv,DERIVED
A4,C6,104,0.3036303630363036,0.0354569579371969,0.0946711982521891,11,PHM2010,D1,PHM_D1_FROZEN_B11_B12,run_local_probability_variation,none,304,run_id_12_315_common_304,figures/fig4_ablation/A1_A6_lifecycle_variation.csv,DERIVED
A4,C6,105,0.3069306930693069,0.0116146129647871,0.067465619052017,11,PHM2010,D1,PHM_D1_FROZEN_B11_B12,run_local_probability_variation,none,304,run_id_12_315_common_304,figures/fig4_ablation/A1_A6_lifecycle_variation.csv,DERIVED
A4,C6,106,0.3102310231023102,0.0076445185527824,0.0667464293754797,11,PHM2010,D1,PHM_D1_FROZEN_B11_B12,run_local_probability_variation,none,304,run_id_12_315_common_304,figures/fig4_ablation/A1_A6_lifecycle_variation.csv,DERIVED
A4,C6,107,0.3135313531353135,0.0080321927312325,0.0650166066189879,11,PHM2010,D1,PHM_D1_FROZEN_B11_B12,run_local_probability_variation,none,304,run_id_12_315_common_304,figures/fig4_ablation/A1_A6_lifecycle_variation.csv,DERIVED
A4,C6,108,0.3168316831683168,0.1652796622028081,0.0689274277479668,11,PHM2010,D1,PHM_D1_FROZEN_B11_B12,run_local_probability_variation,none,304,run_id_12_315_common_304,figures/fig4_ablation/A1_A6_lifecycle_variation.csv,DERIVED
A4,C6,109,0.3201320132013201,0.1020656552895399,0.0624912120589217,11,PHM2010,D1,PHM_D1_FROZEN_B11_B12,run_local_probability_variation,none,304,run_id_12_315_common_304,figures/fig4_ablation/A1_A6_lifecycle_variation.csv,DERIVED
A4,C6,110,0.3234323432343234,0.0570935788287155,0.0658677318211184,11,PHM2010,D1,PHM_D1_FROZEN_B11_B12,run_local_probability_variation,none,304,run_id_12_315_common_304,figures/fig4_ablation/A1_A6_lifecycle_variation.csv,DERIVED
A4,C6,111,0.3267326732673267,0.0769023050860106,0.0668691367450542,11,PHM2010,D1,PHM_D1_FROZEN_B11_B12,run_local_probability_variation,none,304,run_id_12_315_common_304,figures/fig4_ablation/A1_A6_lifecycle_variation.csv,DERIVED
A4,C6,112,0.33003300330033,0.0838252827339037,0.0704639128471271,11,PHM2010,D1,PHM_D1_FROZEN_B11_B12,run_local_probability_variation,none,304,run_id_12_315_common_304,figures/fig4_ablation/A1_A6_lifecycle_variation.csv,DERIVED
A4,C6,113,0.3333333333333333,0.1125317238917945,0.0724528313792835,11,PHM2010,D1,PHM_D1_FROZEN_B11_B12,run_local_probability_variation,none,304,run_id_12_315_common_304,figures/fig4_ablation/A1_A6_lifecycle_variation.csv,DERIVED
A4,C6,114,0.3366336633663366,0.0269568424293676,0.0701693648140034,11,PHM2010,D1,PHM_D1_FROZEN_B11_B12,run_local_probability_variation,none,304,run_id_12_315_common_304,figures/fig4_ablation/A1_A6_lifecycle_variation.csv,DERIVED
A4,C6,115,0.3399339933993399,0.0725986753213606,0.0692787046270707,11,PHM2010,D1,PHM_D1_FROZEN_B11_B12,run_local_probability_variation,none,304,run_id_12_315_common_304,figures/fig4_ablation/A1_A6_lifecycle_variation.csv,DERIVED
A4,C6,116,0.3432343234323432,0.0226300671280803,0.0645078019422542,11,PHM2010,D1,PHM_D1_FROZEN_B11_B12,run_local_probability_variation,none,304,run_id_12_315_common_304,figures/fig4_ablation/A1_A6_lifecycle_variation.csv,DERIVED
A4,C6,117,0.3465346534653465,0.0471870556755852,0.0596375149488395,11,PHM2010,D1,PHM_D1_FROZEN_B11_B12,run_local_probability_variation,none,304,run_id_12_315_common_304,figures/fig4_ablation/A1_A6_lifecycle_variation.csv,DERIVED
A4,C6,118,0.3498349834983498,0.0299102965849525,0.058564197654966,11,PHM2010,D1,PHM_D1_FROZEN_B11_B12,run_local_probability_variation,none,304,run_id_12_315_common_304,figures/fig4_ablation/A1_A6_lifecycle_variation.csv,DERIVED
A4,C6,119,0.3531353135313531,0.1401615299847267,0.0536947962638338,11,PHM2010,D1,PHM_D1_FROZEN_B11_B12,run_local_probability_variation,none,304,run_id_12_315_common_304,figures/fig4_ablation/A1_A6_lifecycle_variation.csv,DERIVED
A4,C6,120,0.3564356435643564,0.0922683932332803,0.0526239581472628,11,PHM2010,D1,PHM_D1_FROZEN_B11_B12,run_local_probability_variation,none,304,run_id_12_315_common_304,figures/fig4_ablation/A1_A6_lifecycle_variation.csv,DERIVED
A4,C6,121,0.3597359735973597,0.0046136492957338,0.0483806565674806,11,PHM2010,D1,PHM_D1_FROZEN_B11_B12,run_local_probability_variation,none,304,run_id_12_315_common_304,figures/fig4_ablation/A1_A6_lifecycle_variation.csv,DERIVED
A4,C6,122,0.363036303630363,0.023329148158449,0.0493107174282208,11,PHM2010,D1,PHM_D1_FROZEN_B11_B12,run_local_probability_variation,none,304,run_id_12_315_common_304,figures/fig4_ablation/A1_A6_lifecycle_variation.csv,DERIVED
A4,C6,123,0.3663366336633663,0.072018792501295,0.0472515184914546,11,PHM2010,D1,PHM_D1_FROZEN_B11_B12,run_local_probability_variation,none,304,run_id_12_315_common_304,figures/fig4_ablation/A1_A6_lifecycle_variation.csv,DERIVED
A4,C6,124,0.3696369636963696,0.0589683085893412,0.0477337970125395,11,PHM2010,D1,PHM_D1_FROZEN_B11_B12,run_local_probability_variation,none,304,run_id_12_315_common_304,figures/fig4_ablation/A1_A6_lifecycle_variation.csv,DERIVED
A4,C6,125,0.3729372937293729,0.0151776231470862,0.0365234758409818,11,PHM2010,D1,PHM_D1_FROZEN_B11_B12,run_local_probability_variation,none,304,run_id_12_315_common_304,figures/fig4_ablation/A1_A6_lifecycle_variation.csv,DERIVED
A4,C6,126,0.3762376237623762,0.0259223579437566,0.0306815172213331,11,PHM2010,D1,PHM_D1_FROZEN_B11_B12,run_local_probability_variation,none,304,run_id_12_315_common_304,figures/fig4_ablation/A1_A6_lifecycle_variation.csv,DERIVED
A4,C6,127,0.3795379537953795,0.0328607365962226,0.0316216398936644,11,PHM2010,D1,PHM_D1_FROZEN_B11_B12,run_local_probability_variation,none,304,run_id_12_315_common_304,figures/fig4_ablation/A1_A6_lifecycle_variation.csv,DERIVED
A4,C6,128,0.3828382838283828,0.0245358673711569,0.0321161499022119,11,PHM2010,D1,PHM_D1_FROZEN_B11_B12,run_local_probability_variation,none,304,run_id_12_315_common_304,figures/fig4_ablation/A1_A6_lifecycle_variation.csv,DERIVED
A4,C6,129,0.3861386138613861,0.0352153603168863,0.0261825859322504,11,PHM2010,D1,PHM_D1_FROZEN_B11_B12,run_local_probability_variation,none,304,run_id_12_315_common_304,figures/fig4_ablation/A1_A6_lifecycle_variation.csv,DERIVED
A4,C6,130,0.3894389438943894,0.0168479970975923,0.0220927494687539,11,PHM2010,D1,PHM_D1_FROZEN_B11_B12,run_local_probability_variation,none,304,run_id_12_315_common_304,figures/fig4_ablation/A1_A6_lifecycle_variation.csv,DERIVED
A4,C6,131,0.3927392739273927,0.028006848417144,0.021008802224964,11,PHM2010,D1,PHM_D1_FROZEN_B11_B12,run_local_probability_variation,none,304,run_id_12_315_common_304,figures/fig4_ablation/A1_A6_lifecycle_variation.csv,DERIVED
A4,C6,132,0.396039603960396,0.0149549986913782,0.0196895251253202,11,PHM2010,D1,PHM_D1_FROZEN_B11_B12,run_local_probability_variation,none,304,run_id_12_315_common_304,figures/fig4_ablation/A1_A6_lifecycle_variation.csv,DERIVED
A4,C6,133,0.3993399339933993,0.0287687582524717,0.0168223659610667,11,PHM2010,D1,PHM_D1_FROZEN_B11_B12,run_local_probability_variation,none,304,run_id_12_315_common_304,figures/fig4_ablation/A1_A6_lifecycle_variation.csv,DERIVED
A4,C6,134,0.4026402640264026,0.0067495888317178,0.015119999218132,11,PHM2010,D1,PHM_D1_FROZEN_B11_B12,run_local_probability_variation,none,304,run_id_12_315_common_304,figures/fig4_ablation/A1_A6_lifecycle_variation.csv,DERIVED
A4,C6,135,0.4059405940594059,0.0139801074908802,0.0122150911120943,11,PHM2010,D1,PHM_D1_FROZEN_B11_B12,run_local_probability_variation,none,304,run_id_12_315_common_304,figures/fig4_ablation/A1_A6_lifecycle_variation.csv,DERIVED
A4,C6,136,0.4092409240924092,0.0032542034653971,0.0111017498551954,11,PHM2010,D1,PHM_D1_FROZEN_B11_B12,run_local_probability_variation,none,304,run_id_12_315_common_304,figures/fig4_ablation/A1_A6_lifecycle_variation.csv,DERIVED
A4,C6,137,0.4125412541254125,0.0114103098476752,0.0085665265251175,11,PHM2010,D1,PHM_D1_FROZEN_B11_B12,run_local_probability_variation,none,304,run_id_12_315_common_304,figures/fig4_ablation/A1_A6_lifecycle_variation.csv,DERIVED
A4,C6,138,0.4158415841584158,0.0013219857894337,0.0073566292505534,11,PHM2010,D1,PHM_D1_FROZEN_B11_B12,run_local_probability_variation,none,304,run_id_12_315_common_304,figures/fig4_ablation/A1_A6_lifecycle_variation.csv,DERIVED
A4,C6,139,0.4191419141914191,0.005809833198875,0.0048932500054904,11,PHM2010,D1,PHM_D1_FROZEN_B11_B12,run_local_probability_variation,none,304,run_id_12_315_common_304,figures/fig4_ablation/A1_A6_lifecycle_variation.csv,DERIVED
A4,C6,140,0.4224422442244224,0.0032613711504721,0.0044744984219707,11,PHM2010,D1,PHM_D1_FROZEN_B11_B12,run_local_probability_variation,none,304,run_id_12_315_common_304,figures/fig4_ablation/A1_A6_lifecycle_variation.csv,DERIVED
A4,C6,141,0.4257425742574257,0.0046012432717048,0.0032518024279834,11,PHM2010,D1,PHM_D1_FROZEN_B11_B12,run_local_probability_variation,none,304,run_id_12_315_common_304,figures/fig4_ablation/A1_A6_lifecycle_variation.csv,DERIVED
A4,C6,142,0.429042904290429,0.0001193917862871,0.0030885137069219,11,PHM2010,D1,PHM_D1_FROZEN_B11_B12,run_local_probability_variation,none,304,run_id_12_315_common_304,figures/fig4_ablation/A1_A6_lifecycle_variation.csv,DERIVED
A4,C6,143,0.4323432343234323,0.0016461286711723,0.0020700026123779,11,PHM2010,D1,PHM_D1_FROZEN_B11_B12,run_local_probability_variation,none,304,run_id_12_315_common_304,figures/fig4_ablation/A1_A6_lifecycle_variation.csv,DERIVED
A4,C6,144,0.4356435643564356,0.0016715865567787,0.0020170375443376,11,PHM2010,D1,PHM_D1_FROZEN_B11_B12,run_local_probability_variation,none,304,run_id_12_315_common_304,figures/fig4_ablation/A1_A6_lifecycle_variation.csv,DERIVED
A4,C6,145,0.4389438943894389,0.0021433214130013,0.0020371361499867,11,PHM2010,D1,PHM_D1_FROZEN_B11_B12,run_local_probability_variation,none,304,run_id_12_315_common_304,figures/fig4_ablation/A1_A6_lifecycle_variation.csv,DERIVED
A4,C6,146,0.4422442244224422,0.00053045155702,0.0020918986139493,11,PHM2010,D1,PHM_D1_FROZEN_B11_B12,run_local_probability_variation,none,304,run_id_12_315_common_304,figures/fig4_ablation/A1_A6_lifecycle_variation.csv,DERIVED
A4,C6,147,0.4455445544554455,0.0014580275337201,0.0017923172855756,11,PHM2010,D1,PHM_D1_FROZEN_B11_B12,run_local_probability_variation,none,304,run_id_12_315_common_304,figures/fig4_ablation/A1_A6_lifecycle_variation.csv,DERIVED
A4,C6,148,0.4488448844884488,0.0002066878076921,0.0019735566936082,11,PHM2010,D1,PHM_D1_FROZEN_B11_B12,run_local_probability_variation,none,304,run_id_12_315_common_304,figures/fig4_ablation/A1_A6_lifecycle_variation.csv,DERIVED
A4,C6,149,0.4521452145214521,0.0007393700409899,0.0020224046229476,11,PHM2010,D1,PHM_D1_FROZEN_B11_B12,run_local_probability_variation,none,304,run_id_12_315_common_304,figures/fig4_ablation/A1_A6_lifecycle_variation.csv,DERIVED
A4,C6,150,0.4554455445544554,0.0060309178610148,0.0020410077480593,11,PHM2010,D1,PHM_D1_FROZEN_B11_B12,run_local_probability_variation,none,304,run_id_12_315_common_304,figures/fig4_ablation/A1_A6_lifecycle_variation.csv,DERIVED
A4,C6,151,0.4587458745874587,0.0038637582540611,0.0018980579544742,11,PHM2010,D1,PHM_D1_FROZEN_B11_B12,run_local_probability_variation,none,304,run_id_12_315_common_304,figures/fig4_ablation/A1_A6_lifecycle_variation.csv,DERIVED
A4,C6,152,0.462046204620462,0.001305848659594,0.0021159383368316,11,PHM2010,D1,PHM_D1_FROZEN_B11_B12,run_local_probability_variation,none,304,run_id_12_315_common_304,figures/fig4_ablation/A1_A6_lifecycle_variation.csv,DERIVED
A4,C6,153,0.4653465346534653,0.002113025274646,0.0020563231510135,11,PHM2010,D1,PHM_D1_FROZEN_B11_B12,run_local_probability_variation,none,304,run_id_12_315_common_304,figures/fig4_ablation/A1_A6_lifecycle_variation.csv,DERIVED
A4,C6,154,0.4686468646864686,0.0021834558939057,0.0022033393241705,11,PHM2010,D1,PHM_D1_FROZEN_B11_B12,run_local_probability_variation,none,304,run_id_12_315_common_304,figures/fig4_ablation/A1_A6_lifecycle_variation.csv,DERIVED
A4,C6,155,0.4719471947194719,0.001876220933007,0.0023736331554265,11,PHM2010,D1,PHM_D1_FROZEN_B11_B12,run_local_probability_variation,none,304,run_id_12_315_common_304,figures/fig4_ablation/A1_A6_lifecycle_variation.csv,DERIVED
A4,C6,156,0.4752475247524752,0.0005708736835654,0.0030819485251469,11,PHM2010,D1,PHM_D1_FROZEN_B11_B12,run_local_probability_variation,none,304,run_id_12_315_common_304,figures/fig4_ablation/A1_A6_lifecycle_variation.csv,DERIVED
A4,C6,157,0.4785478547854785,0.0029271357629513,0.0030012569420127,11,PHM2010,D1,PHM_D1_FROZEN_B11_B12,run_local_probability_variation,none,304,run_id_12_315_common_304,figures/fig4_ablation/A1_A6_lifecycle_variation.csv,DERIVED
A4,C6,158,0.4818481848184818,0.0008022604897207,0.002914540195617,11,PHM2010,D1,PHM_D1_FROZEN_B11_B12,run_local_probability_variation,none,304,run_id_12_315_common_304,figures/fig4_ablation/A1_A6_lifecycle_variation.csv,DERIVED
A4,C6,159,0.4851485148514851,0.0018238657124198,0.0032358249390297,11,PHM2010,D1,PHM_D1_FROZEN_B11_B12,run_local_probability_variation,none,304,run_id_12_315_common_304,figures/fig4_ablation/A1_A6_lifecycle_variation.csv,DERIVED
A4,C6,160,0.4884488448844885,0.0026126021848055,0.0033818032556363,11,PHM2010,D1,PHM_D1_FROZEN_B11_B12,run_local_probability_variation,none,304,run_id_12_315_common_304,figures/fig4_ablation/A1_A6_lifecycle_variation.csv,DERIVED
A4,C6,161,0.4917491749174917,0.0138223869279396,0.0038713058719344,11,PHM2010,D1,PHM_D1_FROZEN_B11_B12,run_local_probability_variation,none,304,run_id_12_315_common_304,figures/fig4_ablation/A1_A6_lifecycle_variation.csv,DERIVED
A4,C6,162,0.495049504950495,0.0029761508395845,0.0043059570164081,11,PHM2010,D1,PHM_D1_FROZEN_B11_B12,run_local_probability_variation,none,304,run_id_12_315_common_304,figures/fig4_ablation/A1_A6_lifecycle_variation.csv,DERIVED
A4,C6,163,0.4983498349834983,0.0003519644492408,0.0056275664177728,11,PHM2010,D1,PHM_D1_FROZEN_B11_B12,run_local_probability_variation,none,304,run_id_12_315_common_304,figures/fig4_ablation/A1_A6_lifecycle_variation.csv,DERIVED
A4,C6,164,0.5016501650165016,0.0056471574521865,0.0080897222504458,11,PHM2010,D1,PHM_D1_FROZEN_B11_B12,run_local_probability_variation,none,304,run_id_12_315_common_304,figures/fig4_ablation/A1_A6_lifecycle_variation.csv,DERIVED
A4,C6,165,0.504950495049505,0.0037892173765781,0.0123680074164518,11,PHM2010,D1,PHM_D1_FROZEN_B11_B12,run_local_probability_variation,none,304,run_id_12_315_common_304,figures/fig4_ablation/A1_A6_lifecycle_variation.csv,DERIVED
A4,C6,166,0.5082508250825083,0.0072607497122856,0.0167372415544048,11,PHM2010,D1,PHM_D1_FROZEN_B11_B12,run_local_probability_variation,none,304,run_id_12_315_common_304,figures/fig4_ablation/A1_A6_lifecycle_variation.csv,DERIVED
A4,C6,167,0.5115511551155115,0.0053520362727765,0.0186785641922924,11,PHM2010,D1,PHM_D1_FROZEN_B11_B12,run_local_probability_variation,none,304,run_id_12_315_common_304,figures/fig4_ablation/A1_A6_lifecycle_variation.csv,DERIVED
A4,C6,168,0.5148514851485149,0.017464839177963,0.0210552955546815,11,PHM2010,D1,PHM_D1_FROZEN_B11_B12,run_local_probability_variation,none,304,run_id_12_315_common_304,figures/fig4_ablation/A1_A6_lifecycle_variation.csv,DERIVED
A4,C6,169,0.5181518151815182,0.0278859746491233,0.0253880203777355,11,PHM2010,D1,PHM_D1_FROZEN_B11_B12,run_local_probability_variation,none,304,run_id_12_315_common_304,figures/fig4_ablation/A1_A6_lifecycle_variation.csv,DERIVED
A4,C6,170,0.5214521452145214,0.0488850025384867,0.031146501963821,11,PHM2010,D1,PHM_D1_FROZEN_B11_B12,run_local_probability_variation,none,304,run_id_12_315_common_304,figures/fig4_ablation/A1_A6_lifecycle_variation.csv,DERIVED
A4,C6,171,0.5247524752475248,0.0506741777022885,0.0354069086632779,11,PHM2010,D1,PHM_D1_FROZEN_B11_B12,run_local_probability_variation,none,304,run_id_12_315_common_304,figures/fig4_ablation/A1_A6_lifecycle_variation.csv,DERIVED
A4,C6,172,0.528052805280528,0.0351769359447034,0.0381671109861901,11,PHM2010,D1,PHM_D1_FROZEN_B11_B12,run_local_probability_variation,none,304,run_id_12_315_common_304,figures/fig4_ablation/A1_A6_lifecycle_variation.csv,DERIVED
A4,C6,173,0.5313531353135313,0.0291201958258645,0.0404494418129569,11,PHM2010,D1,PHM_D1_FROZEN_B11_B12,run_local_probability_variation,none,304,run_id_12_315_common_304,figures/fig4_ablation/A1_A6_lifecycle_variation.csv,DERIVED
A4,C6,174,0.5346534653465347,0.048011937502834,0.0417549035694755,11,PHM2010,D1,PHM_D1_FROZEN_B11_B12,run_local_probability_variation,none,304,run_id_12_315_common_304,figures/fig4_ablation/A1_A6_lifecycle_variation.csv,DERIVED
A4,C6,175,0.5379537953795379,0.0689904548991279,0.0458153961256921,11,PHM2010,D1,PHM_D1_FROZEN_B11_B12,run_local_probability_variation,none,304,run_id_12_315_common_304,figures/fig4_ablation/A1_A6_lifecycle_variation.csv,DERIVED
A4,C6,176,0.5412541254125413,0.0506536910706034,0.0443830036194567,11,PHM2010,D1,PHM_D1_FROZEN_B11_B12,run_local_probability_variation,none,304,run_id_12_315_common_304,figures/fig4_ablation/A1_A6_lifecycle_variation.csv,DERIVED
A4,C6,177,0.5445544554455446,0.0376229752643195,0.0419467346271726,11,PHM2010,D1,PHM_D1_FROZEN_B11_B12,run_local_probability_variation,none,304,run_id_12_315_common_304,figures/fig4_ablation/A1_A6_lifecycle_variation.csv,DERIVED
A4,C6,178,0.5478547854785478,0.0304576753672118,0.0401516062381436,11,PHM2010,D1,PHM_D1_FROZEN_B11_B12,run_local_probability_variation,none,304,run_id_12_315_common_304,figures/fig4_ablation/A1_A6_lifecycle_variation.csv,DERIVED
A4,C6,179,0.5511551155115512,0.0318249184996676,0.0382777082639805,11,PHM2010,D1,PHM_D1_FROZEN_B11_B12,run_local_probability_variation,none,304,run_id_12_315_common_304,figures/fig4_ablation/A1_A6_lifecycle_variation.csv,DERIVED
A4,C6,180,0.5544554455445545,0.0725513927675062,0.037992290928774,11,PHM2010,D1,PHM_D1_FROZEN_B11_B12,run_local_probability_variation,none,304,run_id_12_315_common_304,figures/fig4_ablation/A1_A6_lifecycle_variation.csv,DERIVED
A4,C6,181,0.5577557755775577,0.0331286849698966,0.0348379926854979,11,PHM2010,D1,PHM_D1_FROZEN_B11_B12,run_local_probability_variation,none,304,run_id_12_315_common_304,figures/fig4_ablation/A1_A6_lifecycle_variation.csv,DERIVED
A4,C6,182,0.5610561056105611,0.0238752187871633,0.0307597667881724,11,PHM2010,D1,PHM_D1_FROZEN_B11_B12,run_local_probability_variation,none,304,run_id_12_315_common_304,figures/fig4_ablation/A1_A6_lifecycle_variation.csv,DERIVED
A4,C6,183,0.5643564356435643,0.0154305236653851,0.0290413595165459,11,PHM2010,D1,PHM_D1_FROZEN_B11_B12,run_local_probability_variation,none,304,run_id_12_315_common_304,figures/fig4_ablation/A1_A6_lifecycle_variation.csv,DERIVED
A4,C6,184,0.5676567656765676,0.0085073181100695,0.0269151630255297,11,PHM2010,D1,PHM_D1_FROZEN_B11_B12,run_local_probability_variation,none,304,run_id_12_315_common_304,figures/fig4_ablation/A1_A6_lifecycle_variation.csv,DERIVED
A4,C6,185,0.570957095709571,0.0448723468155627,0.025024307114676,11,PHM2010,D1,PHM_D1_FROZEN_B11_B12,run_local_probability_variation,none,304,run_id_12_315_common_304,figures/fig4_ablation/A1_A6_lifecycle_variation.csv,DERIVED
A4,C6,186,0.5742574257425742,0.0342931742230915,0.0190045004746186,11,PHM2010,D1,PHM_D1_FROZEN_B11_B12,run_local_probability_variation,none,304,run_id_12_315_common_304,figures/fig4_ablation/A1_A6_lifecycle_variation.csv,DERIVED
A4,C6,187,0.5775577557755776,0.0057932062000221,0.0168032301207101,11,PHM2010,D1,PHM_D1_FROZEN_B11_B12,run_local_probability_variation,none,304,run_id_12_315_common_304,figures/fig4_ablation/A1_A6_lifecycle_variation.csv,DERIVED
A4,C6,188,0.5808580858085809,0.018720495276428,0.0151615228901407,11,PHM2010,D1,PHM_D1_FROZEN_B11_B12,run_local_probability_variation,none,304,run_id_12_315_common_304,figures/fig4_ablation/A1_A6_lifecycle_variation.csv,DERIVED
A4,C6,189,0.5841584158415841,0.0070695139660338,0.014451853325781,11,PHM2010,D1,PHM_D1_FROZEN_B11_B12,run_local_probability_variation,none,304,run_id_12_315_common_304,figures/fig4_ablation/A1_A6_lifecycle_variation.csv,DERIVED
A4,C6,190,0.5874587458745875,0.0110255034802775,0.0140947183923653,11,PHM2010,D1,PHM_D1_FROZEN_B11_B12,run_local_probability_variation,none,304,run_id_12_315_common_304,figures/fig4_ablation/A1_A6_lifecycle_variation.csv,DERIVED
A4,C6,191,0.5907590759075908,0.0063335197268741,0.0104611836440391,11,PHM2010,D1,PHM_D1_FROZEN_B11_B12,run_local_probability_variation,none,304,run_id_12_315_common_304,figures/fig4_ablation/A1_A6_lifecycle_variation.csv,DERIVED
A4,C6,192,0.594059405940594,0.0089147110769036,0.0076593041529238,11,PHM2010,D1,PHM_D1_FROZEN_B11_B12,run_local_probability_variation,none,304,run_id_12_315_common_304,figures/fig4_ablation/A1_A6_lifecycle_variation.csv,DERIVED
A4,C6,193,0.5973597359735974,0.0058164392508997,0.00744470239909,11,PHM2010,D1,PHM_D1_FROZEN_B11_B12,run_local_probability_variation,none,304,run_id_12_315_common_304,figures/fig4_ablation/A1_A6_lifecycle_variation.csv,DERIVED
A4,C6,194,0.6006600660066007,0.0076241584574289,0.0059600567230367,11,PHM2010,D1,PHM_D1_FROZEN_B11_B12,run_local_probability_variation,none,304,run_id_12_315_common_304,figures/fig4_ablation/A1_A6_lifecycle_variation.csv,DERIVED
A4,C6,195,0.6039603960396039,0.0045788338424959,0.0054539916670933,11,PHM2010,D1,PHM_D1_FROZEN_B11_B12,run_local_probability_variation,none,304,run_id_12_315_common_304,figures/fig4_ablation/A1_A6_lifecycle_variation.csv,DERIVED
A4,C6,196,0.6072607260726073,0.0049034645839747,0.004616515831634,11,PHM2010,D1,PHM_D1_FROZEN_B11_B12,run_local_probability_variation,none,304,run_id_12_315_common_304,figures/fig4_ablation/A1_A6_lifecycle_variation.csv,DERIVED
A4,C6,197,0.6105610561056105,0.0034724998208239,0.0041356945372987,11,PHM2010,D1,PHM_D1_FROZEN_B11_B12,run_local_probability_variation,none,304,run_id_12_315_common_304,figures/fig4_ablation/A1_A6_lifecycle_variation.csv,DERIVED
A4,C6,198,0.6138613861386139,0.0034325869078497,0.0035189091323061,11,PHM2010,D1,PHM_D1_FROZEN_B11_B12,run_local_probability_variation,none,304,run_id_12_315_common_304,figures/fig4_ablation/A1_A6_lifecycle_variation.csv,DERIVED
A4,C6,199,0.6171617161716172,0.0023893928398419,0.0032654526970993,11,PHM2010,D1,PHM_D1_FROZEN_B11_B12,run_local_probability_variation,none,304,run_id_12_315_common_304,figures/fig4_ablation/A1_A6_lifecycle_variation.csv,DERIVED
A4,C6,200,0.6204620462046204,0.0015027983506567,0.0029427418275369,11,PHM2010,D1,PHM_D1_FROZEN_B11_B12,run_local_probability_variation,none,304,run_id_12_315_common_304,figures/fig4_ablation/A1_A6_lifecycle_variation.csv,DERIVED
A4,C6,201,0.6237623762376238,0.0018132692902251,0.0027802647962918,11,PHM2010,D1,PHM_D1_FROZEN_B11_B12,run_local_probability_variation,none,304,run_id_12_315_common_304,figures/fig4_ablation/A1_A6_lifecycle_variation.csv,DERIVED
A4,C6,202,0.6270627062706271,0.001044485489186,0.0027545289842113,11,PHM2010,D1,PHM_D1_FROZEN_B11_B12,run_local_probability_variation,none,304,run_id_12_315_common_304,figures/fig4_ablation/A1_A6_lifecycle_variation.csv,DERIVED
A4,C6,203,0.6303630363036303,0.0021300716219845,0.0026029816631231,11,PHM2010,D1,PHM_D1_FROZEN_B11_B12,run_local_probability_variation,none,304,run_id_12_315_common_304,figures/fig4_ablation/A1_A6_lifecycle_variation.csv,DERIVED
A4,C6,204,0.6336633663366337,0.0030284184636252,0.0029487547343051,11,PHM2010,D1,PHM_D1_FROZEN_B11_B12,run_local_probability_variation,none,304,run_id_12_315_common_304,figures/fig4_ablation/A1_A6_lifecycle_variation.csv,DERIVED
A4,C6,205,0.636963696369637,0.0040743388922427,0.0028504333612388,11,PHM2010,D1,PHM_D1_FROZEN_B11_B12,run_local_probability_variation,none,304,run_id_12_315_common_304,figures/fig4_ablation/A1_A6_lifecycle_variation.csv,DERIVED
A4,C6,206,0.6402640264026402,0.0027915864987994,0.0033429285287128,11,PHM2010,D1,PHM_D1_FROZEN_B11_B12,run_local_probability_variation,none,304,run_id_12_315_common_304,figures/fig4_ablation/A1_A6_lifecycle_variation.csv,DERIVED
A4,C6,207,0.6435643564356436,0.0046203706510889,0.0037443550278326,11,PHM2010,D1,PHM_D1_FROZEN_B11_B12,run_local_probability_variation,none,304,run_id_12_315_common_304,figures/fig4_ablation/A1_A6_lifecycle_variation.csv,DERIVED
A4,C6,208,0.6468646864686468,0.0018054792888546,0.004636184895286,11,PHM2010,D1,PHM_D1_FROZEN_B11_B12,run_local_probability_variation,none,304,run_id_12_315_common_304,figures/fig4_ablation/A1_A6_lifecycle_variation.csv,DERIVED
A4,C6,209,0.6501650165016502,0.0072360906908516,0.0059625011958077,11,PHM2010,D1,PHM_D1_FROZEN_B11_B12,run_local_probability_variation,none,304,run_id_12_315_common_304,figures/fig4_ablation/A1_A6_lifecycle_variation.csv,DERIVED
A4,C6,210,0.6534653465346535,0.0013078577361119,0.0069608405418377,11,PHM2010,D1,PHM_D1_FROZEN_B11_B12,run_local_probability_variation,none,304,run_id_12_315_common_304,figures/fig4_ablation/A1_A6_lifecycle_variation.csv,DERIVED
A4,C6,211,0.6567656765676567,0.0069202451928709,0.0116943214399684,11,PHM2010,D1,PHM_D1_FROZEN_B11_B12,run_local_probability_variation,none,304,run_id_12_315_common_304,figures/fig4_ablation/A1_A6_lifecycle_variation.csv,DERIVED
A4,C6,212,0.6600660066006601,0.0062289607805425,0.0137500058322046,11,PHM2010,D1,PHM_D1_FROZEN_B11_B12,run_local_probability_variation,none,304,run_id_12_315_common_304,figures/fig4_ablation/A1_A6_lifecycle_variation.csv,DERIVED
A4,C6,213,0.6633663366336634,0.0108546140311733,0.0170647633292964,11,PHM2010,D1,PHM_D1_FROZEN_B11_B12,run_local_probability_variation,none,304,run_id_12_315_common_304,figures/fig4_ablation/A1_A6_lifecycle_variation.csv,DERIVED
A4,C6,214,0.6666666666666666,0.0167195509277237,0.0184609308413266,11,PHM2010,D1,PHM_D1_FROZEN_B11_B12,run_local_probability_variation,none,304,run_id_12_315_common_304,figures/fig4_ablation/A1_A6_lifecycle_variation.csv,DERIVED
A4,C6,215,0.66996699669967,0.0140101512699555,0.0314987039968248,11,PHM2010,D1,PHM_D1_FROZEN_B11_B12,run_local_probability_variation,none,304,run_id_12_315_common_304,figures/fig4_ablation/A1_A6_lifecycle_variation.csv,DERIVED
A4,C6,216,0.6732673267326733,0.0561426287716799,0.0334668570080544,11,PHM2010,D1,PHM_D1_FROZEN_B11_B12,run_local_probability_variation,none,304,run_id_12_315_common_304,figures/fig4_ablation/A1_A6_lifecycle_variation.csv,DERIVED
A4,C6,217,0.6765676567656765,0.0254041148133983,0.0484043237101389,11,PHM2010,D1,PHM_D1_FROZEN_B11_B12,run_local_probability_variation,none,304,run_id_12_315_common_304,figures/fig4_ablation/A1_A6_lifecycle_variation.csv,DERIVED
A4,C6,218,0.6798679867986799,0.0410827031190978,0.0482022445184134,11,PHM2010,D1,PHM_D1_FROZEN_B11_B12,run_local_probability_variation,none,304,run_id_12_315_common_304,figures/fig4_ablation/A1_A6_lifecycle_variation.csv,DERIVED
A4,C6,219,0.6831683168316832,0.0171633219211876,0.0685388821199158,11,PHM2010,D1,PHM_D1_FROZEN_B11_B12,run_local_probability_variation,none,304,run_id_12_315_common_304,figures/fig4_ablation/A1_A6_lifecycle_variation.csv,DERIVED
A4,C6,220,0.6864686468646864,0.1506515954013312,0.1014967000767965,11,PHM2010,D1,PHM_D1_FROZEN_B11_B12,run_local_probability_variation,none,304,run_id_12_315_common_304,figures/fig4_ablation/A1_A6_lifecycle_variation.csv,DERIVED
A4,C6,221,0.6897689768976898,0.0229575408596372,0.1146208632023217,11,PHM2010,D1,PHM_D1_FROZEN_B11_B12,run_local_probability_variation,none,304,run_id_12_315_common_304,figures/fig4_ablation/A1_A6_lifecycle_variation.csv,DERIVED
A4,C6,222,0.693069306930693,0.1712323789158006,0.1286225724417306,11,PHM2010,D1,PHM_D1_FROZEN_B11_B12,run_local_probability_variation,none,304,run_id_12_315_common_304,figures/fig4_ablation/A1_A6_lifecycle_variation.csv,DERIVED
A4,C6,223,0.6963696369636964,0.0040060896715624,0.1289560245075831,11,PHM2010,D1,PHM_D1_FROZEN_B11_B12,run_local_probability_variation,none,304,run_id_12_315_common_304,figures/fig4_ablation/A1_A6_lifecycle_variation.csv,DERIVED
A4,C6,224,0.6996699669966997,0.2345576276476991,0.1321056289931944,11,PHM2010,D1,PHM_D1_FROZEN_B11_B12,run_local_probability_variation,none,304,run_id_12_315_common_304,figures/fig4_ablation/A1_A6_lifecycle_variation.csv,DERIVED
A4,C6,225,0.7029702970297029,0.3792555484534121,0.1334690443332443,11,PHM2010,D1,PHM_D1_FROZEN_B11_B12,run_local_probability_variation,none,304,run_id_12_315_common_304,figures/fig4_ablation/A1_A6_lifecycle_variation.csv,DERIVED
A4,C6,226,0.7062706270627063,0.1583759456507329,0.1223641870483962,11,PHM2010,D1,PHM_D1_FROZEN_B11_B12,run_local_probability_variation,none,304,run_id_12_315_common_304,figures/fig4_ablation/A1_A6_lifecycle_variation.csv,DERIVED
A4,C6,227,0.7095709570957096,0.2101614304051767,0.1218655927779417,11,PHM2010,D1,PHM_D1_FROZEN_B11_B12,run_local_probability_variation,none,304,run_id_12_315_common_304,figures/fig4_ablation/A1_A6_lifecycle_variation.csv,DERIVED
A4,C6,228,0.7128712871287128,0.0290720875377767,0.1078314081871246,11,PHM2010,D1,PHM_D1_FROZEN_B11_B12,run_local_probability_variation,none,304,run_id_12_315_common_304,figures/fig4_ablation/A1_A6_lifecycle_variation.csv,DERIVED
A4,C6,229,0.7161716171617162,0.0757283524608223,0.1082408534013802,11,PHM2010,D1,PHM_D1_FROZEN_B11_B12,run_local_probability_variation,none,304,run_id_12_315_common_304,figures/fig4_ablation/A1_A6_lifecycle_variation.csv,DERIVED
A4,C6,230,0.7194719471947195,0.0321608906617367,0.0878506449228109,11,PHM2010,D1,PHM_D1_FROZEN_B11_B12,run_local_probability_variation,none,304,run_id_12_315_common_304,figures/fig4_ablation/A1_A6_lifecycle_variation.csv,DERIVED
A4,C6,231,0.7227722772277227,0.0284981652680012,0.0536844521223657,11,PHM2010,D1,PHM_D1_FROZEN_B11_B12,run_local_probability_variation,none,304,run_id_12_315_common_304,figures/fig4_ablation/A1_A6_lifecycle_variation.csv,DERIVED
A4,C6,232,0.7260726072607261,0.0174730038846381,0.0401381129154898,11,PHM2010,D1,PHM_D1_FROZEN_B11_B12,run_local_probability_variation,none,304,run_id_12_315_common_304,figures/fig4_ablation/A1_A6_lifecycle_variation.csv,DERIVED
A4,C6,233,0.7293729372937293,0.0168563484168118,0.02109641906535,11,PHM2010,D1,PHM_D1_FROZEN_B11_B12,run_local_probability_variation,none,304,run_id_12_315_common_304,figures/fig4_ablation/A1_A6_lifecycle_variation.csv,DERIVED
A4,C6,234,0.7326732673267327,0.008509987028375,0.0189422956171386,11,PHM2010,D1,PHM_D1_FROZEN_B11_B12,run_local_probability_variation,none,304,run_id_12_315_common_304,figures/fig4_ablation/A1_A6_lifecycle_variation.csv,DERIVED
A4,C6,235,0.735973597359736,0.0102653343834364,0.0127778379731247,11,PHM2010,D1,PHM_D1_FROZEN_B11_B12,run_local_probability_variation,none,304,run_id_12_315_common_304,figures/fig4_ablation/A1_A6_lifecycle_variation.csv,DERIVED
A4,C6,236,0.7392739273927392,0.0034274276485153,0.010628018193261,11,PHM2010,D1,PHM_D1_FROZEN_B11_B12,run_local_probability_variation,none,304,run_id_12_315_common_304,figures/fig4_ablation/A1_A6_lifecycle_variation.csv,DERIVED
A4,C6,237,0.7425742574257426,0.0093662143750979,0.0082391930590117,11,PHM2010,D1,PHM_D1_FROZEN_B11_B12,run_local_probability_variation,none,304,run_id_12_315_common_304,figures/fig4_ablation/A1_A6_lifecycle_variation.csv,DERIVED
A4,C6,238,0.7458745874587459,0.0007027980536387,0.0069202236455178,11,PHM2010,D1,PHM_D1_FROZEN_B11_B12,run_local_probability_variation,none,304,run_id_12_315_common_304,figures/fig4_ablation/A1_A6_lifecycle_variation.csv,DERIVED
A4,C6,239,0.7491749174917491,0.0053767296074508,0.0058705156506637,11,PHM2010,D1,PHM_D1_FROZEN_B11_B12,run_local_probability_variation,none,304,run_id_12_315_common_304,figures/fig4_ablation/A1_A6_lifecycle_variation.csv,DERIVED
A4,C6,240,0.7524752475247525,0.0079193183766699,0.0056903397661931,11,PHM2010,D1,PHM_D1_FROZEN_B11_B12,run_local_probability_variation,none,304,run_id_12_315_common_304,figures/fig4_ablation/A1_A6_lifecycle_variation.csv,DERIVED
A4,C6,241,0.7557755775577558,0.0085128730832363,0.0057715678902902,11,PHM2010,D1,PHM_D1_FROZEN_B11_B12,run_local_probability_variation,none,304,run_id_12_315_common_304,figures/fig4_ablation/A1_A6_lifecycle_variation.csv,DERIVED
A4,C6,242,0.759075907590759,0.0022210887912583,0.0065669233605756,11,PHM2010,D1,PHM_D1_FROZEN_B11_B12,run_local_probability_variation,none,304,run_id_12_315_common_304,figures/fig4_ablation/A1_A6_lifecycle_variation.csv,DERIVED
A4,C6,243,0.7623762376237624,0.0029643403362051,0.0057780250640628,11,PHM2010,D1,PHM_D1_FROZEN_B11_B12,run_local_probability_variation,none,304,run_id_12_315_common_304,figures/fig4_ablation/A1_A6_lifecycle_variation.csv,DERIVED
A4,C6,244,0.7656765676567657,0.0053095604734164,0.0059720879570856,11,PHM2010,D1,PHM_D1_FROZEN_B11_B12,run_local_probability_variation,none,304,run_id_12_315_common_304,figures/fig4_ablation/A1_A6_lifecycle_variation.csv,DERIVED
A4,C6,245,0.768976897689769,0.0065280522991987,0.0063307694112519,11,PHM2010,D1,PHM_D1_FROZEN_B11_B12,run_local_probability_variation,none,304,run_id_12_315_common_304,figures/fig4_ablation/A1_A6_lifecycle_variation.csv,DERIVED
A4,C6,246,0.7722772277227723,0.0111588437485047,0.0064512530325106,11,PHM2010,D1,PHM_D1_FROZEN_B11_B12,run_local_probability_variation,none,304,run_id_12_315_common_304,figures/fig4_ablation/A1_A6_lifecycle_variation.csv,DERIVED
A4,C6,247,0.7755775577557755,0.0121763378216547,0.0058613237865753,11,PHM2010,D1,PHM_D1_FROZEN_B11_B12,run_local_probability_variation,none,304,run_id_12_315_common_304,figures/fig4_ablation/A1_A6_lifecycle_variation.csv,DERIVED
A4,C6,248,0.7788778877887789,0.0006883331134569,0.0059074340386369,11,PHM2010,D1,PHM_D1_FROZEN_B11_B12,run_local_probability_variation,none,304,run_id_12_315_common_304,figures/fig4_ablation/A1_A6_lifecycle_variation.csv,DERIVED
A4,C6,249,0.7821782178217822,0.0028374898768892,0.006168637452905,11,PHM2010,D1,PHM_D1_FROZEN_B11_B12,run_local_probability_variation,none,304,run_id_12_315_common_304,figures/fig4_ablation/A1_A6_lifecycle_variation.csv,DERIVED
A4,C6,250,0.7854785478547854,0.009322225603281,0.0063042305392536,11,PHM2010,D1,PHM_D1_FROZEN_B11_B12,run_local_probability_variation,none,304,run_id_12_315_common_304,figures/fig4_ablation/A1_A6_lifecycle_variation.csv,DERIVED
A4,C6,251,0.7887788778877888,0.009244638210515,0.0058342289297983,11,PHM2010,D1,PHM_D1_FROZEN_B11_B12,run_local_probability_variation,none,304,run_id_12_315_common_304,figures/fig4_ablation/A1_A6_lifecycle_variation.csv,DERIVED
A4,C6,252,0.7920792079207921,0.0020236513779488,0.0050175140606677,11,PHM2010,D1,PHM_D1_FROZEN_B11_B12,run_local_probability_variation,none,304,run_id_12_315_common_304,figures/fig4_ablation/A1_A6_lifecycle_variation.csv,DERIVED
A4,C6,253,0.7953795379537953,0.0027283015639353,0.0042147750987214,11,PHM2010,D1,PHM_D1_FROZEN_B11_B12,run_local_probability_variation,none,304,run_id_12_315_common_304,figures/fig4_ablation/A1_A6_lifecycle_variation.csv,DERIVED
A4,C6,254,0.7986798679867987,0.0058375778931546,0.0041728425633247,11,PHM2010,D1,PHM_D1_FROZEN_B11_B12,run_local_probability_variation,none,304,run_id_12_315_common_304,figures/fig4_ablation/A1_A6_lifecycle_variation.csv,DERIVED
A4,C6,255,0.801980198019802,0.0068010844232509,0.0040122020295863,11,PHM2010,D1,PHM_D1_FROZEN_B11_B12,run_local_probability_variation,none,304,run_id_12_315_common_304,figures/fig4_ablation/A1_A6_lifecycle_variation.csv,DERIVED
A4,C6,256,0.8052805280528053,0.00135803459519,0.0032813004728052,11,PHM2010,D1,PHM_D1_FROZEN_B11_B12,run_local_probability_variation,none,304,run_id_12_315_common_304,figures/fig4_ablation/A1_A6_lifecycle_variation.csv,DERIVED
A4,C6,257,0.8085808580858086,0.0021749801880684,0.0024489596518626,11,PHM2010,D1,PHM_D1_FROZEN_B11_B12,run_local_probability_variation,none,304,run_id_12_315_common_304,figures/fig4_ablation/A1_A6_lifecycle_variation.csv,DERIVED
A4,C6,258,0.8118811881188119,0.0033462092402457,0.0023530082033197,11,PHM2010,D1,PHM_D1_FROZEN_B11_B12,run_local_probability_variation,none,304,run_id_12_315_common_304,figures/fig4_ablation/A1_A6_lifecycle_variation.csv,DERIVED
A4,C6,259,0.8151815181518152,0.0002270752240926,0.0021129134502647,11,PHM2010,D1,PHM_D1_FROZEN_B11_B12,run_local_probability_variation,none,304,run_id_12_315_common_304,figures/fig4_ablation/A1_A6_lifecycle_variation.csv,DERIVED
A4,C6,260,0.8184818481848185,0.0010704440057668,0.0017145915544815,11,PHM2010,D1,PHM_D1_FROZEN_B11_B12,run_local_probability_variation,none,304,run_id_12_315_common_304,figures/fig4_ablation/A1_A6_lifecycle_variation.csv,DERIVED
A4,C6,261,0.8217821782178217,0.0012823084786887,0.0011542825910035,11,PHM2010,D1,PHM_D1_FROZEN_B11_B12,run_local_probability_variation,none,304,run_id_12_315_common_304,figures/fig4_ablation/A1_A6_lifecycle_variation.csv,DERIVED
A4,C6,262,0.8250825082508251,8.88891801467534e-05,0.0010373398052017,11,PHM2010,D1,PHM_D1_FROZEN_B11_B12,run_local_probability_variation,none,304,run_id_12_315_common_304,figures/fig4_ablation/A1_A6_lifecycle_variation.csv,DERIVED
A4,C6,263,0.8283828382838284,0.0009681854439773,0.0013691244617733,11,PHM2010,D1,PHM_D1_FROZEN_B11_B12,run_local_probability_variation,none,304,run_id_12_315_common_304,figures/fig4_ablation/A1_A6_lifecycle_variation.csv,DERIVED
A4,C6,264,0.8316831683168316,8.725928032987662e-05,0.0014804547927985,11,PHM2010,D1,PHM_D1_FROZEN_B11_B12,run_local_probability_variation,none,304,run_id_12_315_common_304,figures/fig4_ablation/A1_A6_lifecycle_variation.csv,DERIVED
A4,C6,265,0.834983498349835,0.0014560370395391,0.0017231663712102,11,PHM2010,D1,PHM_D1_FROZEN_B11_B12,run_local_probability_variation,none,304,run_id_12_315_common_304,figures/fig4_ablation/A1_A6_lifecycle_variation.csv,DERIVED
A4,C6,266,0.8382838283828383,0.0006376858249933,0.0017286960465579,11,PHM2010,D1,PHM_D1_FROZEN_B11_B12,run_local_probability_variation,none,304,run_id_12_315_common_304,figures/fig4_ablation/A1_A6_lifecycle_variation.csv,DERIVED
A4,C6,267,0.8415841584158416,7.16639513697638e-05,0.0020547960597046,11,PHM2010,D1,PHM_D1_FROZEN_B11_B12,run_local_probability_variation,none,304,run_id_12_315_common_304,figures/fig4_ablation/A1_A6_lifecycle_variation.csv,DERIVED
A4,C6,268,0.8448844884488449,0.0058246114103569,0.0023380431085294,11,PHM2010,D1,PHM_D1_FROZEN_B11_B12,run_local_probability_variation,none,304,run_id_12_315_common_304,figures/fig4_ablation/A1_A6_lifecycle_variation.csv,DERIVED
A4,C6,269,0.8481848184818482,0.0045708428815223,0.0025153509665879,11,PHM2010,D1,PHM_D1_FROZEN_B11_B12,run_local_probability_variation,none,304,run_id_12_315_common_304,figures/fig4_ablation/A1_A6_lifecycle_variation.csv,DERIVED
A4,C6,270,0.8514851485148515,0.0028969025866214,0.0025488307763369,11,PHM2010,D1,PHM_D1_FROZEN_B11_B12,run_local_probability_variation,none,304,run_id_12_315_common_304,figures/fig4_ablation/A1_A6_lifecycle_variation.csv,DERIVED
A4,C6,271,0.8547854785478548,0.0011312704345913,0.0028026556953577,11,PHM2010,D1,PHM_D1_FROZEN_B11_B12,run_local_probability_variation,none,304,run_id_12_315_common_304,figures/fig4_ablation/A1_A6_lifecycle_variation.csv,DERIVED
A4,C6,272,0.858085808580858,0.0048694086233025,0.0029267386245871,11,PHM2010,D1,PHM_D1_FROZEN_B11_B12,run_local_probability_variation,none,304,run_id_12_315_common_304,figures/fig4_ablation/A1_A6_lifecycle_variation.csv,DERIVED
A4,C6,273,0.8613861386138614,0.0032046067172199,0.0032652695784843,11,PHM2010,D1,PHM_D1_FROZEN_B11_B12,run_local_probability_variation,none,304,run_id_12_315_common_304,figures/fig4_ablation/A1_A6_lifecycle_variation.csv,DERIVED
A4,C6,274,0.8646864686468647,0.0029185718826206,0.0041042908819881,11,PHM2010,D1,PHM_D1_FROZEN_B11_B12,run_local_probability_variation,none,304,run_id_12_315_common_304,figures/fig4_ablation/A1_A6_lifecycle_variation.csv,DERIVED
A4,C6,275,0.8679867986798679,0.0004555371875694,0.0048886731608249,11,PHM2010,D1,PHM_D1_FROZEN_B11_B12,run_local_probability_variation,none,304,run_id_12_315_common_304,figures/fig4_ablation/A1_A6_lifecycle_variation.csv,DERIVED
A4,C6,276,0.8712871287128713,0.0042481111487674,0.0052270894467015,11,PHM2010,D1,PHM_D1_FROZEN_B11_B12,run_local_probability_variation,none,304,run_id_12_315_common_304,figures/fig4_ablation/A1_A6_lifecycle_variation.csv,DERIVED
A4,C6,277,0.8745874587458746,0.0020025980465162,0.0053925015829182,11,PHM2010,D1,PHM_D1_FROZEN_B11_B12,run_local_probability_variation,none,304,run_id_12_315_common_304,figures/fig4_ablation/A1_A6_lifecycle_variation.csv,DERIVED
A4,C6,278,0.8778877887788779,0.0037955044442393,0.0060421925896044,11,PHM2010,D1,PHM_D1_FROZEN_B11_B12,run_local_probability_variation,none,304,run_id_12_315_common_304,figures/fig4_ablation/A1_A6_lifecycle_variation.csv,DERIVED
A4,C6,279,0.8811881188118812,0.0150538457488989,0.0064117767212147,11,PHM2010,D1,PHM_D1_FROZEN_B11_B12,run_local_probability_variation,none,304,run_id_12_315_common_304,figures/fig4_ablation/A1_A6_lifecycle_variation.csv,DERIVED
A4,C6,280,0.8844884488448845,0.0131990479487267,0.0065904533542203,11,PHM2010,D1,PHM_D1_FROZEN_B11_B12,run_local_probability_variation,none,304,run_id_12_315_common_304,figures/fig4_ablation/A1_A6_lifecycle_variation.csv,DERIVED
A4,C6,281,0.8877887788778878,0.0066194817312646,0.0067633079195037,11,PHM2010,D1,PHM_D1_FROZEN_B11_B12,run_local_probability_variation,none,304,run_id_12_315_common_304,figures/fig4_ablation/A1_A6_lifecycle_variation.csv,DERIVED
A4,C6,282,0.8910891089108911,0.0029508039329751,0.0071352958891117,11,PHM2010,D1,PHM_D1_FROZEN_B11_B12,run_local_probability_variation,none,304,run_id_12_315_common_304,figures/fig4_ablation/A1_A6_lifecycle_variation.csv,DERIVED
A4,C6,283,0.8943894389438944,0.0120160096968498,0.0079254165286146,11,PHM2010,D1,PHM_D1_FROZEN_B11_B12,run_local_probability_variation,none,304,run_id_12_315_common_304,figures/fig4_ablation/A1_A6_lifecycle_variation.csv,DERIVED
A4,C6,284,0.8976897689768977,0.0072700321649337,0.0077265648514367,11,PHM2010,D1,PHM_D1_FROZEN_B11_B12,run_local_probability_variation,none,304,run_id_12_315_common_304,figures/fig4_ablation/A1_A6_lifecycle_variation.csv,DERIVED
A4,C6,285,0.900990099009901,0.0048840148456819,0.0067988815328382,11,PHM2010,D1,PHM_D1_FROZEN_B11_B12,run_local_probability_variation,none,304,run_id_12_315_common_304,figures/fig4_ablation/A1_A6_lifecycle_variation.csv,DERIVED
A4,C6,286,0.9042904290429042,0.0023569374056874,0.0057825342271549,11,PHM2010,D1,PHM_D1_FROZEN_B11_B12,run_local_probability_variation,none,304,run_id_12_315_common_304,figures/fig4_ablation/A1_A6_lifecycle_variation.csv,DERIVED
A4,C6,287,0.9075907590759076,0.008339978814455,0.0054757488435371,11,PHM2010,D1,PHM_D1_FROZEN_B11_B12,run_local_probability_variation,none,304,run_id_12_315_common_304,figures/fig4_ablation/A1_A6_lifecycle_variation.csv,DERIVED
A4,C6,288,0.9108910891089108,0.0106939250810481,0.0054531017707806,11,PHM2010,D1,PHM_D1_FROZEN_B11_B12,run_local_probability_variation,none,304,run_id_12_315_common_304,figures/fig4_ablation/A1_A6_lifecycle_variation.csv,DERIVED
A4,C6,289,0.9141914191419142,0.001608135995282,0.0045769332701191,11,PHM2010,D1,PHM_D1_FROZEN_B11_B12,run_local_probability_variation,none,304,run_id_12_315_common_304,figures/fig4_ablation/A1_A6_lifecycle_variation.csv,DERIVED
A4,C6,290,0.9174917491749176,0.0048493292443162,0.0042243359140947,11,PHM2010,D1,PHM_D1_FROZEN_B11_B12,run_local_probability_variation,none,304,run_id_12_315_common_304,figures/fig4_ablation/A1_A6_lifecycle_variation.csv,DERIVED
A4,C6,291,0.9207920792079208,0.0020192275862103,0.0038693459137282,11,PHM2010,D1,PHM_D1_FROZEN_B11_B12,run_local_probability_variation,none,304,run_id_12_315_common_304,figures/fig4_ablation/A1_A6_lifecycle_variation.csv,DERIVED
A4,C6,292,0.924092409240924,0.0032448425114679,0.0037121873043209,11,PHM2010,D1,PHM_D1_FROZEN_B11_B12,run_local_probability_variation,none,304,run_id_12_315_common_304,figures/fig4_ablation/A1_A6_lifecycle_variation.csv,DERIVED
A4,C6,293,0.9273927392739274,0.0027016861326539,0.0029748485146341,11,PHM2010,D1,PHM_D1_FROZEN_B11_B12,run_local_probability_variation,none,304,run_id_12_315_common_304,figures/fig4_ablation/A1_A6_lifecycle_variation.csv,DERIVED
A4,C6,294,0.9306930693069309,0.0023781561895737,0.0021458422071532,11,PHM2010,D1,PHM_D1_FROZEN_B11_B12,run_local_probability_variation,none,304,run_id_12_315_common_304,figures/fig4_ablation/A1_A6_lifecycle_variation.csv,DERIVED
A4,C6,295,0.933993399339934,0.0033914612486646,0.0021601442724219,11,PHM2010,D1,PHM_D1_FROZEN_B11_B12,run_local_probability_variation,none,304,run_id_12_315_common_304,figures/fig4_ablation/A1_A6_lifecycle_variation.csv,DERIVED
A4,C6,296,0.9372937293729372,0.0009791248416509,0.0017509153590544,11,PHM2010,D1,PHM_D1_FROZEN_B11_B12,run_local_probability_variation,none,304,run_id_12_315_common_304,figures/fig4_ablation/A1_A6_lifecycle_variation.csv,DERIVED
A4,C6,297,0.9405940594059404,0.0006281927022067,0.001771447470768,11,PHM2010,D1,PHM_D1_FROZEN_B11_B12,run_local_probability_variation,none,304,run_id_12_315_common_304,figures/fig4_ablation/A1_A6_lifecycle_variation.csv,DERIVED
A4,C6,298,0.943894389438944,0.000229252127901,0.0015040300895614,11,PHM2010,D1,PHM_D1_FROZEN_B11_B12,run_local_probability_variation,none,304,run_id_12_315_common_304,figures/fig4_ablation/A1_A6_lifecycle_variation.csv,DERIVED
A4,C6,299,0.9471947194719472,0.0015748556987583,0.0014317751650932,11,PHM2010,D1,PHM_D1_FROZEN_B11_B12,run_local_probability_variation,none,304,run_id_12_315_common_304,figures/fig4_ablation/A1_A6_lifecycle_variation.csv,DERIVED
A4,C6,300,0.9504950495049505,0.0017654587132378,0.0012942333849157,11,PHM2010,D1,PHM_D1_FROZEN_B11_B12,run_local_probability_variation,none,304,run_id_12_315_common_304,figures/fig4_ablation/A1_A6_lifecycle_variation.csv,DERIVED
A4,C6,301,0.9537953795379538,0.0003478111972729,0.0011366440666093,11,PHM2010,D1,PHM_D1_FROZEN_B11_B12,run_local_probability_variation,none,304,run_id_12_315_common_304,figures/fig4_ablation/A1_A6_lifecycle_variation.csv,DERIVED
A4,C6,302,0.9570957095709572,0.0022450808150597,0.0010526608613926,11,PHM2010,D1,PHM_D1_FROZEN_B11_B12,run_local_probability_variation,none,304,run_id_12_315_common_304,figures/fig4_ablation/A1_A6_lifecycle_variation.csv,DERIVED
A4,C6,303,0.9603960396039604,0.0003032513181953,0.0011234412809801,11,PHM2010,D1,PHM_D1_FROZEN_B11_B12,run_local_probability_variation,none,304,run_id_12_315_common_304,figures/fig4_ablation/A1_A6_lifecycle_variation.csv,DERIVED
A4,C6,304,0.9636963696369636,0.0019068819635045,0.0011894953109093,11,PHM2010,D1,PHM_D1_FROZEN_B11_B12,run_local_probability_variation,none,304,run_id_12_315_common_304,figures/fig4_ablation/A1_A6_lifecycle_variation.csv,DERIVED
A4,C6,305,0.966996699669967,0.0008651966076211,0.0011414154724893,11,PHM2010,D1,PHM_D1_FROZEN_B11_B12,run_local_probability_variation,none,304,run_id_12_315_common_304,figures/fig4_ablation/A1_A6_lifecycle_variation.csv,DERIVED
A4,C6,306,0.9702970297029704,0.0016579787472938,0.0012513096004571,11,PHM2010,D1,PHM_D1_FROZEN_B11_B12,run_local_probability_variation,none,304,run_id_12_315_common_304,figures/fig4_ablation/A1_A6_lifecycle_variation.csv,DERIVED
A4,C6,307,0.9735973597359736,5.530958426765848e-05,0.0014585831138518,11,PHM2010,D1,PHM_D1_FROZEN_B11_B12,run_local_probability_variation,none,304,run_id_12_315_common_304,figures/fig4_ablation/A1_A6_lifecycle_variation.csv,DERIVED
A4,C6,308,0.976897689768977,0.0014067773176695,0.0016026775940343,11,PHM2010,D1,PHM_D1_FROZEN_B11_B12,run_local_probability_variation,none,304,run_id_12_315_common_304,figures/fig4_ablation/A1_A6_lifecycle_variation.csv,DERIVED
A4,C6,309,0.9801980198019802,0.0009558464571223,0.0015899947515817,11,PHM2010,D1,PHM_D1_FROZEN_B11_B12,run_local_probability_variation,none,304,run_id_12_315_common_304,figures/fig4_ablation/A1_A6_lifecycle_variation.csv,DERIVED
A4,C6,310,0.9834983498349836,0.0010459774761376,0.001803715892509,11,PHM2010,D1,PHM_D1_FROZEN_B11_B12,run_local_probability_variation,none,304,run_id_12_315_common_304,figures/fig4_ablation/A1_A6_lifecycle_variation.csv,DERIVED
A4,C6,311,0.9867986798679867,0.0029742941208836,0.0018975678209978,11,PHM2010,D1,PHM_D1_FROZEN_B11_B12,run_local_probability_variation,none,304,run_id_12_315_common_304,figures/fig4_ablation/A1_A6_lifecycle_variation.csv,DERIVED
A4,C6,312,0.99009900990099,0.0026278198446149,0.0019241888291871,11,PHM2010,D1,PHM_D1_FROZEN_B11_B12,run_local_probability_variation,none,304,run_id_12_315_common_304,figures/fig4_ablation/A1_A6_lifecycle_variation.csv,DERIVED
A4,C6,313,0.9933993399339934,0.0038301200970676,0.0021577987348021,11,PHM2010,D1,PHM_D1_FROZEN_B11_B12,run_local_probability_variation,none,304,run_id_12_315_common_304,figures/fig4_ablation/A1_A6_lifecycle_variation.csv,DERIVED
A4,C6,314,0.9966996699669968,0.0001637400512158,0.0022650875086781,11,PHM2010,D1,PHM_D1_FROZEN_B11_B12,run_local_probability_variation,none,304,run_id_12_315_common_304,figures/fig4_ablation/A1_A6_lifecycle_variation.csv,DERIVED
A4,C6,315,1.0,0.0042578145137052,0.0024832943506041,11,PHM2010,D1,PHM_D1_FROZEN_B11_B12,run_local_probability_variation,none,304,run_id_12_315_common_304,figures/fig4_ablation/A1_A6_lifecycle_variation.csv,DERIVED
A5,C6,12,0.0,,0.0027427598671916,11,PHM2010,D1,PHM_D1_FROZEN_B11_B12,run_local_probability_variation,none,304,run_id_12_315_common_304,figures/fig4_ablation/A1_A6_lifecycle_variation.csv,DERIVED
A5,C6,13,0.0033003300330033,0.0106148371460559,0.0023403140752742,11,PHM2010,D1,PHM_D1_FROZEN_B11_B12,run_local_probability_variation,none,304,run_id_12_315_common_304,figures/fig4_ablation/A1_A6_lifecycle_variation.csv,DERIVED
A5,C6,14,0.0066006600660066,0.0020702073615176,0.0021515628285703,11,PHM2010,D1,PHM_D1_FROZEN_B11_B12,run_local_probability_variation,none,304,run_id_12_315_common_304,figures/fig4_ablation/A1_A6_lifecycle_variation.csv,DERIVED
A5,C6,15,0.0099009900990099,0.0001700931973979,0.0019199794234562,11,PHM2010,D1,PHM_D1_FROZEN_B11_B12,run_local_probability_variation,none,304,run_id_12_315_common_304,figures/fig4_ablation/A1_A6_lifecycle_variation.csv,DERIVED
A5,C6,16,0.0132013201320132,0.0002394585422924,0.0018668194756251,11,PHM2010,D1,PHM_D1_FROZEN_B11_B12,run_local_probability_variation,none,304,run_id_12_315_common_304,figures/fig4_ablation/A1_A6_lifecycle_variation.csv,DERIVED
A5,C6,17,0.0165016501650165,0.0006192030886944,0.0017895459615847,11,PHM2010,D1,PHM_D1_FROZEN_B11_B12,run_local_probability_variation,none,304,run_id_12_315_common_304,figures/fig4_ablation/A1_A6_lifecycle_variation.csv,DERIVED
A5,C6,18,0.0198019801980198,0.0003280851156869,0.0016786162402985,11,PHM2010,D1,PHM_D1_FROZEN_B11_B12,run_local_probability_variation,none,304,run_id_12_315_common_304,figures/fig4_ablation/A1_A6_lifecycle_variation.csv,DERIVED
A5,C6,19,0.0231023102310231,0.0010190553483467,0.0007337671526037,11,PHM2010,D1,PHM_D1_FROZEN_B11_B12,run_local_probability_variation,none,304,run_id_12_315_common_304,figures/fig4_ablation/A1_A6_lifecycle_variation.csv,DERIVED
A5,C6,20,0.0264026402640264,0.0002988955876575,0.0005595017970239,11,PHM2010,D1,PHM_D1_FROZEN_B11_B12,run_local_probability_variation,none,304,run_id_12_315_common_304,figures/fig4_ablation/A1_A6_lifecycle_variation.csv,DERIVED
A5,C6,21,0.0297029702970297,0.0014415398929764,0.000557269314034,11,PHM2010,D1,PHM_D1_FROZEN_B11_B12,run_local_probability_variation,none,304,run_id_12_315_common_304,figures/fig4_ablation/A1_A6_lifecycle_variation.csv,DERIVED
A5,C6,22,0.033003300330033,0.001094084335221,0.0005386717606789,11,PHM2010,D1,PHM_D1_FROZEN_B11_B12,run_local_probability_variation,none,304,run_id_12_315_common_304,figures/fig4_ablation/A1_A6_lifecycle_variation.csv,DERIVED
A5,C6,23,0.0363036303630363,0.0005693190274364,0.0004828789244031,11,PHM2010,D1,PHM_D1_FROZEN_B11_B12,run_local_probability_variation,none,304,run_id_12_315_common_304,figures/fig4_ablation/A1_A6_lifecycle_variation.csv,DERIVED
A5,C6,24,0.0396039603960396,0.000221497181413,0.0004580682014111,11,PHM2010,D1,PHM_D1_FROZEN_B11_B12,run_local_probability_variation,none,304,run_id_12_315_common_304,figures/fig4_ablation/A1_A6_lifecycle_variation.csv,DERIVED
A5,C6,25,0.0429042904290429,0.0001532884501398,0.0003753857017224,11,PHM2010,D1,PHM_D1_FROZEN_B11_B12,run_local_probability_variation,none,304,run_id_12_315_common_304,figures/fig4_ablation/A1_A6_lifecycle_variation.csv,DERIVED
A5,C6,26,0.0462046204620462,0.0001455358845098,0.0003547957205224,11,PHM2010,D1,PHM_D1_FROZEN_B11_B12,run_local_probability_variation,none,304,run_id_12_315_common_304,figures/fig4_ablation/A1_A6_lifecycle_variation.csv,DERIVED
A5,C6,27,0.0495049504950495,3.488545538583699e-05,0.0002254932527067,11,PHM2010,D1,PHM_D1_FROZEN_B11_B12,run_local_probability_variation,none,304,run_id_12_315_common_304,figures/fig4_ablation/A1_A6_lifecycle_variation.csv,DERIVED
A5,C6,28,0.0528052805280528,5.481889660452781e-06,0.0001267629301011,11,PHM2010,D1,PHM_D1_FROZEN_B11_B12,run_local_probability_variation,none,304,run_id_12_315_common_304,figures/fig4_ablation/A1_A6_lifecycle_variation.csv,DERIVED
A5,C6,29,0.0561056105610561,5.516716277495512e-05,7.811589476871998e-05,11,PHM2010,D1,PHM_D1_FROZEN_B11_B12,run_local_probability_variation,none,304,run_id_12_315_common_304,figures/fig4_ablation/A1_A6_lifecycle_variation.csv,DERIVED
A5,C6,30,0.0594059405940594,0.0001095478517714,5.897456186195669e-05,11,PHM2010,D1,PHM_D1_FROZEN_B11_B12,run_local_probability_variation,none,304,run_id_12_315_common_304,figures/fig4_ablation/A1_A6_lifecycle_variation.csv,DERIVED
A5,C6,31,0.0627062706270627,7.240579445787611e-05,4.751101669286371e-05,11,PHM2010,D1,PHM_D1_FROZEN_B11_B12,run_local_probability_variation,none,304,run_id_12_315_common_304,figures/fig4_ablation/A1_A6_lifecycle_variation.csv,DERIVED
A5,C6,32,0.066006600660066,1.921274700390652e-05,3.93009949836714e-05,11,PHM2010,D1,PHM_D1_FROZEN_B11_B12,run_local_probability_variation,none,304,run_id_12_315_common_304,figures/fig4_ablation/A1_A6_lifecycle_variation.csv,DERIVED
A5,C6,33,0.0693069306930693,8.050786558463333e-06,4.419389738840175e-05,11,PHM2010,D1,PHM_D1_FROZEN_B11_B12,run_local_probability_variation,none,304,run_id_12_315_common_304,figures/fig4_ablation/A1_A6_lifecycle_variation.csv,DERIVED
A5,C6,34,0.0726072607260726,3.420163878022246e-05,4.776693064514389e-05,11,PHM2010,D1,PHM_D1_FROZEN_B11_B12,run_local_probability_variation,none,304,run_id_12_315_common_304,figures/fig4_ablation/A1_A6_lifecycle_variation.csv,DERIVED
A5,C6,35,0.0759075907590759,1.0942519438683287e-05,4.324507192693509e-05,11,PHM2010,D1,PHM_D1_FROZEN_B11_B12,run_local_probability_variation,none,304,run_id_12_315_common_304,figures/fig4_ablation/A1_A6_lifecycle_variation.csv,DERIVED
A5,C6,36,0.0792079207920792,2.718945327979735e-05,3.3661108125664674e-05,11,PHM2010,D1,PHM_D1_FROZEN_B11_B12,run_local_probability_variation,none,304,run_id_12_315_common_304,figures/fig4_ablation/A1_A6_lifecycle_variation.csv,DERIVED
A5,C6,37,0.0825082508250825,5.5225645708748976e-05,3.5224464711116614e-05,11,PHM2010,D1,PHM_D1_FROZEN_B11_B12,run_local_probability_variation,none,304,run_id_12_315_common_304,figures/fig4_ablation/A1_A6_lifecycle_variation.csv,DERIVED
A5,C6,38,0.0858085808580858,8.870738183787094e-05,3.5845416159769724e-05,11,PHM2010,D1,PHM_D1_FROZEN_B11_B12,run_local_probability_variation,none,304,run_id_12_315_common_304,figures/fig4_ablation/A1_A6_lifecycle_variation.csv,DERIVED
A5,C6,39,0.0891089108910891,4.4785255484616304e-05,4.045671224286711e-05,11,PHM2010,D1,PHM_D1_FROZEN_B11_B12,run_local_probability_variation,none,304,run_id_12_315_common_304,figures/fig4_ablation/A1_A6_lifecycle_variation.csv,DERIVED
A5,C6,40,0.0924092409240924,5.42671687465824e-06,4.410862003436232e-05,11,PHM2010,D1,PHM_D1_FROZEN_B11_B12,run_local_probability_variation,none,304,run_id_12_315_common_304,figures/fig4_ablation/A1_A6_lifecycle_variation.csv,DERIVED
A5,C6,41,0.0957095709570957,4.124249957467908e-06,4.392242474040385e-05,11,PHM2010,D1,PHM_D1_FROZEN_B11_B12,run_local_probability_variation,none,304,run_id_12_315_common_304,figures/fig4_ablation/A1_A6_lifecycle_variation.csv,DERIVED
A5,C6,42,0.099009900990099,8.960271689784744e-05,4.195688118105447e-05,11,PHM2010,D1,PHM_D1_FROZEN_B11_B12,run_local_probability_variation,none,304,run_id_12_315_common_304,figures/fig4_ablation/A1_A6_lifecycle_variation.csv,DERIVED
A5,C6,43,0.1023102310231023,2.604321293909074e-05,3.697575610577201e-05,11,PHM2010,D1,PHM_D1_FROZEN_B11_B12,run_local_probability_variation,none,304,run_id_12_315_common_304,figures/fig4_ablation/A1_A6_lifecycle_variation.csv,DERIVED
A5,C6,44,0.1056105610561056,5.877504347253453e-05,3.3576934865580814e-05,11,PHM2010,D1,PHM_D1_FROZEN_B11_B12,run_local_probability_variation,none,304,run_id_12_315_common_304,figures/fig4_ablation/A1_A6_lifecycle_variation.csv,DERIVED
A5,C6,45,0.1089108910891089,7.437262448666977e-05,3.3949523891077373e-05,11,PHM2010,D1,PHM_D1_FROZEN_B11_B12,run_local_probability_variation,none,304,run_id_12_315_common_304,figures/fig4_ablation/A1_A6_lifecycle_variation.csv,DERIVED
A5,C6,46,0.1122112211221122,8.894371205140126e-06,3.811327680679083e-05,11,PHM2010,D1,PHM_D1_FROZEN_B11_B12,run_local_probability_variation,none,304,run_id_12_315_common_304,figures/fig4_ablation/A1_A6_lifecycle_variation.csv,DERIVED
A5,C6,47,0.1155115511551155,5.568474126954181e-06,4.1525899294981134e-05,11,PHM2010,D1,PHM_D1_FROZEN_B11_B12,run_local_probability_variation,none,304,run_id_12_315_common_304,figures/fig4_ablation/A1_A6_lifecycle_variation.csv,DERIVED
A5,C6,48,0.1188118811881188,4.332698806419372e-07,4.33256605176335e-05,11,PHM2010,D1,PHM_D1_FROZEN_B11_B12,run_local_probability_variation,none,304,run_id_12_315_common_304,figures/fig4_ablation/A1_A6_lifecycle_variation.csv,DERIVED
A5,C6,49,0.1221122112211221,5.132034819576781e-05,4.755776251837247e-05,11,PHM2010,D1,PHM_D1_FROZEN_B11_B12,run_local_probability_variation,none,304,run_id_12_315_common_304,figures/fig4_ablation/A1_A6_lifecycle_variation.csv,DERIVED
A5,C6,50,0.1254125412541254,4.888373476507837e-05,4.845463917309897e-05,11,PHM2010,D1,PHM_D1_FROZEN_B11_B12,run_local_probability_variation,none,304,run_id_12_315_common_304,figures/fig4_ablation/A1_A6_lifecycle_variation.csv,DERIVED
A5,C6,51,0.1287128712871287,5.122799894750641e-05,5.037106554578296e-05,11,PHM2010,D1,PHM_D1_FROZEN_B11_B12,run_local_probability_variation,none,304,run_id_12_315_common_304,figures/fig4_ablation/A1_A6_lifecycle_variation.csv,DERIVED
A5,C6,52,0.132013201320132,4.166309732756118e-05,6.561936365586605e-05,11,PHM2010,D1,PHM_D1_FROZEN_B11_B12,run_local_probability_variation,none,304,run_id_12_315_common_304,figures/fig4_ablation/A1_A6_lifecycle_variation.csv,DERIVED
A5,C6,53,0.1353135313531353,0.000109400090347,7.20921861463925e-05,11,PHM2010,D1,PHM_D1_FROZEN_B11_B12,run_local_probability_variation,none,304,run_id_12_315_common_304,figures/fig4_ablation/A1_A6_lifecycle_variation.csv,DERIVED
A5,C6,54,0.1386138613861386,7.259633494721945e-05,8.763796968413658e-05,11,PHM2010,D1,PHM_D1_FROZEN_B11_B12,run_local_probability_variation,none,304,run_id_12_315_common_304,figures/fig4_ablation/A1_A6_lifecycle_variation.csv,DERIVED
A5,C6,55,0.1419141914191419,6.864068667452604e-05,9.363267258939264e-05,11,PHM2010,D1,PHM_D1_FROZEN_B11_B12,run_local_probability_variation,none,304,run_id_12_315_common_304,figures/fig4_ablation/A1_A6_lifecycle_variation.csv,DERIVED
A5,C6,56,0.1452145214521452,9.545331458619358e-05,0.0001030582802839,11,PHM2010,D1,PHM_D1_FROZEN_B11_B12,run_local_probability_variation,none,304,run_id_12_315_common_304,figures/fig4_ablation/A1_A6_lifecycle_variation.csv,DERIVED
A5,C6,57,0.1485148514851485,0.000176625650416,0.0001002728959157,11,PHM2010,D1,PHM_D1_FROZEN_B11_B12,run_local_probability_variation,none,304,run_id_12_315_common_304,figures/fig4_ablation/A1_A6_lifecycle_variation.csv,DERIVED
A5,C6,58,0.1518151815181518,7.67695215227452e-05,0.0001173587789846,11,PHM2010,D1,PHM_D1_FROZEN_B11_B12,run_local_probability_variation,none,304,run_id_12_315_common_304,figures/fig4_ablation/A1_A6_lifecycle_variation.csv,DERIVED
A5,C6,59,0.1551155115511551,0.0001714368887958,0.0001176681530308,11,PHM2010,D1,PHM_D1_FROZEN_B11_B12,run_local_probability_variation,none,304,run_id_12_315_common_304,figures/fig4_ablation/A1_A6_lifecycle_variation.csv,DERIVED
A5,C6,60,0.1584158415841584,0.0001172620801535,0.0001527746165884,11,PHM2010,D1,PHM_D1_FROZEN_B11_B12,run_local_probability_variation,none,304,run_id_12_315_common_304,figures/fig4_ablation/A1_A6_lifecycle_variation.csv,DERIVED
A5,C6,61,0.1617161716171617,0.0001525654194053,0.0001740492408963,11,PHM2010,D1,PHM_D1_FROZEN_B11_B12,run_local_probability_variation,none,304,run_id_12_315_common_304,figures/fig4_ablation/A1_A6_lifecycle_variation.csv,DERIVED
A5,C6,62,0.165016501650165,2.05887708974635e-05,0.0002200993998598,11,PHM2010,D1,PHM_D1_FROZEN_B11_B12,run_local_probability_variation,none,304,run_id_12_315_common_304,figures/fig4_ablation/A1_A6_lifecycle_variation.csv,DERIVED
A5,C6,63,0.1683168316831683,0.0002296078110856,0.0002538905371804,11,PHM2010,D1,PHM_D1_FROZEN_B11_B12,run_local_probability_variation,none,304,run_id_12_315_common_304,figures/fig4_ablation/A1_A6_lifecycle_variation.csv,DERIVED
A5,C6,64,0.1716171617161716,0.0001128032048548,0.0003506906501075,11,PHM2010,D1,PHM_D1_FROZEN_B11_B12,run_local_probability_variation,none,304,run_id_12_315_common_304,figures/fig4_ablation/A1_A6_lifecycle_variation.csv,DERIVED
A5,C6,65,0.1749174917491749,0.0004587674340804,0.0004778076967022,11,PHM2010,D1,PHM_D1_FROZEN_B11_B12,run_local_probability_variation,none,304,run_id_12_315_common_304,figures/fig4_ablation/A1_A6_lifecycle_variation.csv,DERIVED
A5,C6,66,0.1782178217821782,0.000302661554062,0.000641392212956,11,PHM2010,D1,PHM_D1_FROZEN_B11_B12,run_local_probability_variation,none,304,run_id_12_315_common_304,figures/fig4_ablation/A1_A6_lifecycle_variation.csv,DERIVED
A5,C6,67,0.1815181518151815,0.0006020050631841,0.0007983198686838,11,PHM2010,D1,PHM_D1_FROZEN_B11_B12,run_local_probability_variation,none,304,run_id_12_315_common_304,figures/fig4_ablation/A1_A6_lifecycle_variation.csv,DERIVED
A5,C6,68,0.1848184818481848,0.0005483281609433,0.0011505549640023,11,PHM2010,D1,PHM_D1_FROZEN_B11_B12,run_local_probability_variation,none,304,run_id_12_315_common_304,figures/fig4_ablation/A1_A6_lifecycle_variation.csv,DERIVED
A5,C6,69,0.1881188118811881,0.0011415707637207,0.0014370734912814,11,PHM2010,D1,PHM_D1_FROZEN_B11_B12,run_local_probability_variation,none,304,run_id_12_315_common_304,figures/fig4_ablation/A1_A6_lifecycle_variation.csv,DERIVED
A5,C6,70,0.1914191419141914,0.0015697244013372,0.001824683039125,11,PHM2010,D1,PHM_D1_FROZEN_B11_B12,run_local_probability_variation,none,304,run_id_12_315_common_304,figures/fig4_ablation/A1_A6_lifecycle_variation.csv,DERIVED
A5,C6,71,0.1947194719471947,0.0019166917589456,0.0018612656786885,11,PHM2010,D1,PHM_D1_FROZEN_B11_B12,run_local_probability_variation,none,304,run_id_12_315_common_304,figures/fig4_ablation/A1_A6_lifecycle_variation.csv,DERIVED
A5,C6,72,0.198019801980198,0.0018787696324108,0.0020943634396115,11,PHM2010,D1,PHM_D1_FROZEN_B11_B12,run_local_probability_variation,none,304,run_id_12_315_common_304,figures/fig4_ablation/A1_A6_lifecycle_variation.csv,DERIVED
A5,C6,73,0.2013201320132013,0.0038951748194004,0.002283652250223,11,PHM2010,D1,PHM_D1_FROZEN_B11_B12,run_local_probability_variation,none,304,run_id_12_315_common_304,figures/fig4_ablation/A1_A6_lifecycle_variation.csv,DERIVED
A5,C6,74,0.2046204620462046,0.0033813116111561,0.0022488756547089,11,PHM2010,D1,PHM_D1_FROZEN_B11_B12,run_local_probability_variation,none,304,run_id_12_315_common_304,figures/fig4_ablation/A1_A6_lifecycle_variation.csv,DERIVED
A5,C6,75,0.2079207920792079,0.0043765082311339,0.0024335419993052,11,PHM2010,D1,PHM_D1_FROZEN_B11_B12,run_local_probability_variation,none,304,run_id_12_315_common_304,figures/fig4_ablation/A1_A6_lifecycle_variation.csv,DERIVED
A5,C6,76,0.2112211221122112,0.0008611764692789,0.0023318561645519,11,PHM2010,D1,PHM_D1_FROZEN_B11_B12,run_local_probability_variation,none,304,run_id_12_315_common_304,figures/fig4_ablation/A1_A6_lifecycle_variation.csv,DERIVED
A5,C6,77,0.2145214521452145,0.0028667369242156,0.0023117295508564,11,PHM2010,D1,PHM_D1_FROZEN_B11_B12,run_local_probability_variation,none,304,run_id_12_315_common_304,figures/fig4_ablation/A1_A6_lifecycle_variation.csv,DERIVED
A5,C6,78,0.2178217821782178,0.0026841819799103,0.0021600896891828,11,PHM2010,D1,PHM_D1_FROZEN_B11_B12,run_local_probability_variation,none,304,run_id_12_315_common_304,figures/fig4_ablation/A1_A6_lifecycle_variation.csv,DERIVED
A5,C6,79,0.2211221122112211,0.0001657856102886,0.0018374204571934,11,PHM2010,D1,PHM_D1_FROZEN_B11_B12,run_local_probability_variation,none,304,run_id_12_315_common_304,figures/fig4_ablation/A1_A6_lifecycle_variation.csv,DERIVED
A5,C6,80,0.2244224422442244,0.0031729005542798,0.001599861001061,11,PHM2010,D1,PHM_D1_FROZEN_B11_B12,run_local_probability_variation,none,304,run_id_12_315_common_304,figures/fig4_ablation/A1_A6_lifecycle_variation.csv,DERIVED
A5,C6,81,0.2277227722772277,0.000451180219051,0.0013195582984997,11,PHM2010,D1,PHM_D1_FROZEN_B11_B12,run_local_probability_variation,none,304,run_id_12_315_common_304,figures/fig4_ablation/A1_A6_lifecycle_variation.csv,DERIVED
A5,C6,82,0.231023102310231,0.0016952990082949,0.0015618621939014,11,PHM2010,D1,PHM_D1_FROZEN_B11_B12,run_local_probability_variation,none,304,run_id_12_315_common_304,figures/fig4_ablation/A1_A6_lifecycle_variation.csv,DERIVED
A5,C6,83,0.2343234323432343,0.0002107311540015,0.0016958362267997,11,PHM2010,D1,PHM_D1_FROZEN_B11_B12,run_local_probability_variation,none,304,run_id_12_315_common_304,figures/fig4_ablation/A1_A6_lifecycle_variation.csv,DERIVED
A5,C6,84,0.2376237623762376,0.0003458132675171,0.0015367356691041,11,PHM2010,D1,PHM_D1_FROZEN_B11_B12,run_local_probability_variation,none,304,run_id_12_315_common_304,figures/fig4_ablation/A1_A6_lifecycle_variation.csv,DERIVED
A5,C6,85,0.2409240924092409,0.0007681575936992,0.0021082833546107,11,PHM2010,D1,PHM_D1_FROZEN_B11_B12,run_local_probability_variation,none,304,run_id_12_315_common_304,figures/fig4_ablation/A1_A6_lifecycle_variation.csv,DERIVED
A5,C6,86,0.2442244224422442,0.0012931785029603,0.0020471650920886,11,PHM2010,D1,PHM_D1_FROZEN_B11_B12,run_local_probability_variation,none,304,run_id_12_315_common_304,figures/fig4_ablation/A1_A6_lifecycle_variation.csv,DERIVED
A5,C6,87,0.2475247524752475,0.0035265193186969,0.0025719401301942,11,PHM2010,D1,PHM_D1_FROZEN_B11_B12,run_local_probability_variation,none,304,run_id_12_315_common_304,figures/fig4_ablation/A1_A6_lifecycle_variation.csv,DERIVED
A5,C6,88,0.2508250825082508,0.0043404512860974,0.0025846678365251,11,PHM2010,D1,PHM_D1_FROZEN_B11_B12,run_local_probability_variation,none,304,run_id_12_315_common_304,figures/fig4_ablation/A1_A6_lifecycle_variation.csv,DERIVED
A5,C6,89,0.2541254125412541,0.0009340758452589,0.0035226145415496,11,PHM2010,D1,PHM_D1_FROZEN_B11_B12,run_local_probability_variation,none,304,run_id_12_315_common_304,figures/fig4_ablation/A1_A6_lifecycle_variation.csv,DERIVED
A5,C6,90,0.2574257425742574,0.0064528101508605,0.0036375986329005,11,PHM2010,D1,PHM_D1_FROZEN_B11_B12,run_local_probability_variation,none,304,run_id_12_315_common_304,figures/fig4_ablation/A1_A6_lifecycle_variation.csv,DERIVED
A5,C6,91,0.2607260726072607,0.0025005996665366,0.0053996787932655,11,PHM2010,D1,PHM_D1_FROZEN_B11_B12,run_local_probability_variation,none,304,run_id_12_315_common_304,figures/fig4_ablation/A1_A6_lifecycle_variation.csv,DERIVED
A5,C6,92,0.264026402640264,0.0062237056382126,0.0087066378276793,11,PHM2010,D1,PHM_D1_FROZEN_B11_B12,run_local_probability_variation,none,304,run_id_12_315_common_304,figures/fig4_ablation/A1_A6_lifecycle_variation.csv,DERIVED
A5,C6,93,0.2673267326732673,0.001835303777935,0.0128627922447609,11,PHM2010,D1,PHM_D1_FROZEN_B11_B12,run_local_probability_variation,none,304,run_id_12_315_common_304,figures/fig4_ablation/A1_A6_lifecycle_variation.csv,DERIVED
A5,C6,94,0.2706270627062706,0.0105281449092715,0.0327683108385296,11,PHM2010,D1,PHM_D1_FROZEN_B11_B12,run_local_probability_variation,none,304,run_id_12_315_common_304,figures/fig4_ablation/A1_A6_lifecycle_variation.csv,DERIVED
A5,C6,95,0.2739273927392739,0.0016106382723762,0.0647322290695849,11,PHM2010,D1,PHM_D1_FROZEN_B11_B12,run_local_probability_variation,none,304,run_id_12_315_common_304,figures/fig4_ablation/A1_A6_lifecycle_variation.csv,DERIVED
A5,C6,96,0.2772277227722772,0.0201510393577142,0.1093281592490312,11,PHM2010,D1,PHM_D1_FROZEN_B11_B12,run_local_probability_variation,none,304,run_id_12_315_common_304,figures/fig4_ablation/A1_A6_lifecycle_variation.csv,DERIVED
A5,C6,97,0.2805280528052805,0.0376697278815126,0.148101275837736,11,PHM2010,D1,PHM_D1_FROZEN_B11_B12,run_local_probability_variation,none,304,run_id_12_315_common_304,figures/fig4_ablation/A1_A6_lifecycle_variation.csv,DERIVED
A5,C6,98,0.2838283828382838,0.0492442179065948,0.168689895411042,11,PHM2010,D1,PHM_D1_FROZEN_B11_B12,run_local_probability_variation,none,304,run_id_12_315_common_304,figures/fig4_ablation/A1_A6_lifecycle_variation.csv,DERIVED
A5,C6,99,0.2871287128712871,0.223301155817552,0.1748027422269013,11,PHM2010,D1,PHM_D1_FROZEN_B11_B12,run_local_probability_variation,none,304,run_id_12_315_common_304,figures/fig4_ablation/A1_A6_lifecycle_variation.csv,DERIVED
A5,C6,100,0.2904290429042904,0.3525371763868672,0.1752897576793075,11,PHM2010,D1,PHM_D1_FROZEN_B11_B12,run_local_probability_variation,none,304,run_id_12_315_common_304,figures/fig4_ablation/A1_A6_lifecycle_variation.csv,DERIVED
A5,C6,101,0.2937293729372937,0.4970080421247704,0.1754497016222561,11,PHM2010,D1,PHM_D1_FROZEN_B11_B12,run_local_probability_variation,none,304,run_id_12_315_common_304,figures/fig4_ablation/A1_A6_lifecycle_variation.csv,DERIVED
A5,C6,102,0.297029702970297,0.42900488214229,0.1736889218668863,11,PHM2010,D1,PHM_D1_FROZEN_B11_B12,run_local_probability_variation,none,304,run_id_12_315_common_304,figures/fig4_ablation/A1_A6_lifecycle_variation.csv,DERIVED
A5,C6,103,0.3003300330033003,0.2326985209445778,0.1705707638027299,11,PHM2010,D1,PHM_D1_FROZEN_B11_B12,run_local_probability_variation,none,304,run_id_12_315_common_304,figures/fig4_ablation/A1_A6_lifecycle_variation.csv,DERIVED
A5,C6,104,0.3036303630363036,0.0690766187523869,0.1662486160444781,11,PHM2010,D1,PHM_D1_FROZEN_B11_B12,run_local_probability_variation,none,304,run_id_12_315_common_304,figures/fig4_ablation/A1_A6_lifecycle_variation.csv,DERIVED
A5,C6,105,0.3069306930693069,0.015885314885741,0.1460288077932451,11,PHM2010,D1,PHM_D1_FROZEN_B11_B12,run_local_probability_variation,none,304,run_id_12_315_common_304,figures/fig4_ablation/A1_A6_lifecycle_variation.csv,DERIVED
A5,C6,106,0.3102310231023102,0.0033700216448099,0.1141075781269818,11,PHM2010,D1,PHM_D1_FROZEN_B11_B12,run_local_probability_variation,none,304,run_id_12_315_common_304,figures/fig4_ablation/A1_A6_lifecycle_variation.csv,DERIVED
A5,C6,107,0.3135313531353135,0.0007824620486462,0.0690594501579115,11,PHM2010,D1,PHM_D1_FROZEN_B11_B12,run_local_probability_variation,none,304,run_id_12_315_common_304,figures/fig4_ablation/A1_A6_lifecycle_variation.csv,DERIVED
A5,C6,108,0.3168316831683168,0.0033699891757923,0.0302405341193671,11,PHM2010,D1,PHM_D1_FROZEN_B11_B12,run_local_probability_variation,none,304,run_id_12_315_common_304,figures/fig4_ablation/A1_A6_lifecycle_variation.csv,DERIVED
A5,C6,109,0.3201320132013201,0.0017005925658259,0.0091072691389703,11,PHM2010,D1,PHM_D1_FROZEN_B11_B12,run_local_probability_variation,none,304,run_id_12_315_common_304,figures/fig4_ablation/A1_A6_lifecycle_variation.csv,DERIVED
A5,C6,110,0.3234323432343234,0.0008832650539884,0.0029401004285213,11,PHM2010,D1,PHM_D1_FROZEN_B11_B12,run_local_probability_variation,none,304,run_id_12_315_common_304,figures/fig4_ablation/A1_A6_lifecycle_variation.csv,DERIVED
A5,C6,111,0.3267326732673267,0.0014036500579706,0.0015106760034357,11,PHM2010,D1,PHM_D1_FROZEN_B11_B12,run_local_probability_variation,none,304,run_id_12_315_common_304,figures/fig4_ablation/A1_A6_lifecycle_variation.csv,DERIVED
A5,C6,112,0.33003300330033,0.001478634464997,0.0012648034516642,11,PHM2010,D1,PHM_D1_FROZEN_B11_B12,run_local_probability_variation,none,304,run_id_12_315_common_304,figures/fig4_ablation/A1_A6_lifecycle_variation.csv,DERIVED
A5,C6,113,0.3333333333333333,0.0019968057183022,0.0012238383062934,11,PHM2010,D1,PHM_D1_FROZEN_B11_B12,run_local_probability_variation,none,304,run_id_12_315_common_304,figures/fig4_ablation/A1_A6_lifecycle_variation.csv,DERIVED
A5,C6,114,0.3366336633663366,0.0002326061602131,0.0011676033800836,11,PHM2010,D1,PHM_D1_FROZEN_B11_B12,run_local_probability_variation,none,304,run_id_12_315_common_304,figures/fig4_ablation/A1_A6_lifecycle_variation.csv,DERIVED
A5,C6,115,0.3399339933993399,0.0012377629374477,0.0010748180777784,11,PHM2010,D1,PHM_D1_FROZEN_B11_B12,run_local_probability_variation,none,304,run_id_12_315_common_304,figures/fig4_ablation/A1_A6_lifecycle_variation.csv,DERIVED
A5,C6,116,0.3432343234323432,0.0001616462097994,0.0010212613750391,11,PHM2010,D1,PHM_D1_FROZEN_B11_B12,run_local_probability_variation,none,304,run_id_12_315_common_304,figures/fig4_ablation/A1_A6_lifecycle_variation.csv,DERIVED
A5,C6,117,0.3465346534653465,0.0006654235753239,0.0009136098449878,11,PHM2010,D1,PHM_D1_FROZEN_B11_B12,run_local_probability_variation,none,304,run_id_12_315_common_304,figures/fig4_ablation/A1_A6_lifecycle_variation.csv,DERIVED
A5,C6,118,0.3498349834983498,0.0003318454495668,0.0009466714270737,11,PHM2010,D1,PHM_D1_FROZEN_B11_B12,run_local_probability_variation,none,304,run_id_12_315_common_304,figures/fig4_ablation/A1_A6_lifecycle_variation.csv,DERIVED
A5,C6,119,0.3531353135313531,0.0027514049874844,0.0008419034680092,11,PHM2010,D1,PHM_D1_FROZEN_B11_B12,run_local_probability_variation,none,304,run_id_12_315_common_304,figures/fig4_ablation/A1_A6_lifecycle_variation.csv,DERIVED
A5,C6,120,0.3564356435643564,0.0006799542404691,0.0008849742428564,11,PHM2010,D1,PHM_D1_FROZEN_B11_B12,run_local_probability_variation,none,304,run_id_12_315_common_304,figures/fig4_ablation/A1_A6_lifecycle_variation.csv,DERIVED
A5,C6,121,0.3597359735973597,0.0002941413238556,0.000826212387997,11,PHM2010,D1,PHM_D1_FROZEN_B11_B12,run_local_probability_variation,none,304,run_id_12_315_common_304,figures/fig4_ablation/A1_A6_lifecycle_variation.csv,DERIVED
A5,C6,122,0.363036303630363,0.0002194832274067,0.0008693293202301,11,PHM2010,D1,PHM_D1_FROZEN_B11_B12,run_local_probability_variation,none,304,run_id_12_315_common_304,figures/fig4_ablation/A1_A6_lifecycle_variation.csv,DERIVED
A5,C6,123,0.3663366336633663,0.0018423118679423,0.0008442955780784,11,PHM2010,D1,PHM_D1_FROZEN_B11_B12,run_local_probability_variation,none,304,run_id_12_315_common_304,figures/fig4_ablation/A1_A6_lifecycle_variation.csv,DERIVED
A5,C6,124,0.3696369636963696,0.0008443581685923,0.000881744860249,11,PHM2010,D1,PHM_D1_FROZEN_B11_B12,run_local_probability_variation,none,304,run_id_12_315_common_304,figures/fig4_ablation/A1_A6_lifecycle_variation.csv,DERIVED
A5,C6,125,0.3729372937293729,0.0007063846835318,0.0007011851935656,11,PHM2010,D1,PHM_D1_FROZEN_B11_B12,run_local_probability_variation,none,304,run_id_12_315_common_304,figures/fig4_ablation/A1_A6_lifecycle_variation.csv,DERIVED
A5,C6,126,0.3762376237623762,0.0005913825339941,0.0007211173437808,11,PHM2010,D1,PHM_D1_FROZEN_B11_B12,run_local_probability_variation,none,304,run_id_12_315_common_304,figures/fig4_ablation/A1_A6_lifecycle_variation.csv,DERIVED
A5,C6,127,0.3795379537953795,0.0006359324643645,0.0007613761503297,11,PHM2010,D1,PHM_D1_FROZEN_B11_B12,run_local_probability_variation,none,304,run_id_12_315_common_304,figures/fig4_ablation/A1_A6_lifecycle_variation.csv,DERIVED
A5,C6,128,0.3828382838283828,0.0003900524116544,0.0008331312268509,11,PHM2010,D1,PHM_D1_FROZEN_B11_B12,run_local_probability_variation,none,304,run_id_12_315_common_304,figures/fig4_ablation/A1_A6_lifecycle_variation.csv,DERIVED
A5,C6,129,0.3861386138613861,0.0007437875534434,0.0007020267062459,11,PHM2010,D1,PHM_D1_FROZEN_B11_B12,run_local_probability_variation,none,304,run_id_12_315_common_304,figures/fig4_ablation/A1_A6_lifecycle_variation.csv,DERIVED
A5,C6,130,0.3894389438943894,0.0007652486539678,0.0006729054961047,11,PHM2010,D1,PHM_D1_FROZEN_B11_B12,run_local_probability_variation,none,304,run_id_12_315_common_304,figures/fig4_ablation/A1_A6_lifecycle_variation.csv,DERIVED
A5,C6,131,0.3927392739273927,0.0008992078928362,0.000625964652968,11,PHM2010,D1,PHM_D1_FROZEN_B11_B12,run_local_probability_variation,none,304,run_id_12_315_common_304,figures/fig4_ablation/A1_A6_lifecycle_variation.csv,DERIVED
A5,C6,132,0.396039603960396,0.0007369881958934,0.0006077857947719,11,PHM2010,D1,PHM_D1_FROZEN_B11_B12,run_local_probability_variation,none,304,run_id_12_315_common_304,figures/fig4_ablation/A1_A6_lifecycle_variation.csv,DERIVED
A5,C6,133,0.3993399339933993,0.00100878906914,0.0005536976258267,11,PHM2010,D1,PHM_D1_FROZEN_B11_B12,run_local_probability_variation,none,304,run_id_12_315_common_304,figures/fig4_ablation/A1_A6_lifecycle_variation.csv,DERIVED
A5,C6,134,0.4026402640264026,0.000400162141287,0.0005382668586413,11,PHM2010,D1,PHM_D1_FROZEN_B11_B12,run_local_probability_variation,none,304,run_id_12_315_common_304,figures/fig4_ablation/A1_A6_lifecycle_variation.csv,DERIVED
A5,C6,135,0.4059405940594059,0.0005240248570386,0.000475767686039,11,PHM2010,D1,PHM_D1_FROZEN_B11_B12,run_local_probability_variation,none,304,run_id_12_315_common_304,figures/fig4_ablation/A1_A6_lifecycle_variation.csv,DERIVED
A5,C6,136,0.4092409240924092,0.0001900354090283,0.0004151582733951,11,PHM2010,D1,PHM_D1_FROZEN_B11_B12,run_local_probability_variation,none,304,run_id_12_315_common_304,figures/fig4_ablation/A1_A6_lifecycle_variation.csv,DERIVED
A5,C6,137,0.4125412541254125,0.0003914150938373,0.0003343839415427,11,PHM2010,D1,PHM_D1_FROZEN_B11_B12,run_local_probability_variation,none,304,run_id_12_315_common_304,figures/fig4_ablation/A1_A6_lifecycle_variation.csv,DERIVED
A5,C6,138,0.4158415841584158,4.096260596704788e-05,0.0002690064463819,11,PHM2010,D1,PHM_D1_FROZEN_B11_B12,run_local_probability_variation,none,304,run_id_12_315_common_304,figures/fig4_ablation/A1_A6_lifecycle_variation.csv,DERIVED
A5,C6,139,0.4191419141914191,0.0002203139726152,0.0001824099530305,11,PHM2010,D1,PHM_D1_FROZEN_B11_B12,run_local_probability_variation,none,304,run_id_12_315_common_304,figures/fig4_ablation/A1_A6_lifecycle_variation.csv,DERIVED
A5,C6,140,0.4224422442244224,5.629665481838583e-05,0.0001496173005764,11,PHM2010,D1,PHM_D1_FROZEN_B11_B12,run_local_probability_variation,none,304,run_id_12_315_common_304,figures/fig4_ablation/A1_A6_lifecycle_variation.csv,DERIVED
A5,C6,141,0.4257425742574257,9.854511488447928e-05,0.0001044998633597,11,PHM2010,D1,PHM_D1_FROZEN_B11_B12,run_local_probability_variation,none,304,run_id_12_315_common_304,figures/fig4_ablation/A1_A6_lifecycle_variation.csv,DERIVED
A5,C6,142,0.429042904290429,1.0690242460650349e-05,9.019562970618708e-05,11,PHM2010,D1,PHM_D1_FROZEN_B11_B12,run_local_probability_variation,none,304,run_id_12_315_common_304,figures/fig4_ablation/A1_A6_lifecycle_variation.csv,DERIVED
A5,C6,143,0.4323432343234323,1.7835749124074196e-05,5.494692990363214e-05,11,PHM2010,D1,PHM_D1_FROZEN_B11_B12,run_local_probability_variation,none,304,run_id_12_315_common_304,figures/fig4_ablation/A1_A6_lifecycle_variation.csv,DERIVED
A5,C6,144,0.4356435643564356,5.62276422745338e-05,5.188679396094199e-05,11,PHM2010,D1,PHM_D1_FROZEN_B11_B12,run_local_probability_variation,none,304,run_id_12_315_common_304,figures/fig4_ablation/A1_A6_lifecycle_variation.csv,DERIVED
A5,C6,145,0.4389438943894389,3.944296429164105e-05,4.0031591640786415e-05,11,PHM2010,D1,PHM_D1_FROZEN_B11_B12,run_local_probability_variation,none,304,run_id_12_315_common_304,figures/fig4_ablation/A1_A6_lifecycle_variation.csv,DERIVED
A5,C6,146,0.4422442244224422,2.7733047655576588e-05,3.849283627638375e-05,11,PHM2010,D1,PHM_D1_FROZEN_B11_B12,run_local_probability_variation,none,304,run_id_12_315_common_304,figures/fig4_ablation/A1_A6_lifecycle_variation.csv,DERIVED
A5,C6,147,0.4455445544554455,3.268883883897952e-05,3.351209811521815e-05,11,PHM2010,D1,PHM_D1_FROZEN_B11_B12,run_local_probability_variation,none,304,run_id_12_315_common_304,figures/fig4_ablation/A1_A6_lifecycle_variation.csv,DERIVED
A5,C6,148,0.4488448844884488,3.6793960092383984e-06,4.177236112458895e-05,11,PHM2010,D1,PHM_D1_FROZEN_B11_B12,run_local_probability_variation,none,304,run_id_12_315_common_304,figures/fig4_ablation/A1_A6_lifecycle_variation.csv,DERIVED
A5,C6,149,0.4521452145214521,7.301110597456083e-06,4.725385807246884e-05,11,PHM2010,D1,PHM_D1_FROZEN_B11_B12,run_local_probability_variation,none,304,run_id_12_315_common_304,figures/fig4_ablation/A1_A6_lifecycle_variation.csv,DERIVED
A5,C6,150,0.4554455445544554,8.990674709357998e-05,5.083257843079547e-05,11,PHM2010,D1,PHM_D1_FROZEN_B11_B12,run_local_probability_variation,none,304,run_id_12_315_common_304,figures/fig4_ablation/A1_A6_lifecycle_variation.csv,DERIVED
A5,C6,151,0.4587458745874587,3.9370345809956514e-05,4.945918984654854e-05,11,PHM2010,D1,PHM_D1_FROZEN_B11_B12,run_local_probability_variation,none,304,run_id_12_315_common_304,figures/fig4_ablation/A1_A6_lifecycle_variation.csv,DERIVED
A5,C6,152,0.462046204620462,4.375699511165773e-05,6.0154227749545806e-05,11,PHM2010,D1,PHM_D1_FROZEN_B11_B12,run_local_probability_variation,none,304,run_id_12_315_common_304,figures/fig4_ablation/A1_A6_lifecycle_variation.csv,DERIVED
A5,C6,153,0.4653465346534653,0.0001015531355637,5.908213425271573e-05,11,PHM2010,D1,PHM_D1_FROZEN_B11_B12,run_local_probability_variation,none,304,run_id_12_315_common_304,figures/fig4_ablation/A1_A6_lifecycle_variation.csv,DERIVED
A5,C6,154,0.4686468646864686,7.813221555075315e-05,6.0590143407309256e-05,11,PHM2010,D1,PHM_D1_FROZEN_B11_B12,run_local_probability_variation,none,304,run_id_12_315_common_304,figures/fig4_ablation/A1_A6_lifecycle_variation.csv,DERIVED
A5,C6,155,0.4719471947194719,9.559356621612672e-05,7.014752509408901e-05,11,PHM2010,D1,PHM_D1_FROZEN_B11_B12,run_local_probability_variation,none,304,run_id_12_315_common_304,figures/fig4_ablation/A1_A6_lifecycle_variation.csv,DERIVED
A5,C6,156,0.4752475247524752,2.4335689864924792e-05,0.0001236043570653,11,PHM2010,D1,PHM_D1_FROZEN_B11_B12,run_local_probability_variation,none,304,run_id_12_315_common_304,figures/fig4_ablation/A1_A6_lifecycle_variation.csv,DERIVED
A5,C6,157,0.4785478547854785,0.0001453784645885,0.0001302708396039,11,PHM2010,D1,PHM_D1_FROZEN_B11_B12,run_local_probability_variation,none,304,run_id_12_315_common_304,figures/fig4_ablation/A1_A6_lifecycle_variation.csv,DERIVED
A5,C6,158,0.4818481848184818,2.089581037384875e-05,0.000126497820319,11,PHM2010,D1,PHM_D1_FROZEN_B11_B12,run_local_probability_variation,none,304,run_id_12_315_common_304,figures/fig4_ablation/A1_A6_lifecycle_variation.csv,DERIVED
A5,C6,159,0.4851485148514851,2.026749670976715e-05,0.0001438221370691,11,PHM2010,D1,PHM_D1_FROZEN_B11_B12,run_local_probability_variation,none,304,run_id_12_315_common_304,figures/fig4_ablation/A1_A6_lifecycle_variation.csv,DERIVED
A5,C6,160,0.4884488448844885,0.000112432309152,0.0001555908283625,11,PHM2010,D1,PHM_D1_FROZEN_B11_B12,run_local_probability_variation,none,304,run_id_12_315_common_304,figures/fig4_ablation/A1_A6_lifecycle_variation.csv,DERIVED
A5,C6,161,0.4917491749174917,0.0006779318987777,0.0001807681677888,11,PHM2010,D1,PHM_D1_FROZEN_B11_B12,run_local_probability_variation,none,304,run_id_12_315_common_304,figures/fig4_ablation/A1_A6_lifecycle_variation.csv,DERIVED
A5,C6,162,0.495049504950495,0.0001127016537341,0.000205614340486,11,PHM2010,D1,PHM_D1_FROZEN_B11_B12,run_local_probability_variation,none,304,run_id_12_315_common_304,figures/fig4_ablation/A1_A6_lifecycle_variation.csv,DERIVED
A5,C6,163,0.4983498349834983,2.2537829780989896e-06,0.000280381695399,11,PHM2010,D1,PHM_D1_FROZEN_B11_B12,run_local_probability_variation,none,304,run_id_12_315_common_304,figures/fig4_ablation/A1_A6_lifecycle_variation.csv,DERIVED
A5,C6,164,0.5016501650165016,0.0002921206198142,0.0004281016245273,11,PHM2010,D1,PHM_D1_FROZEN_B11_B12,run_local_probability_variation,none,304,run_id_12_315_common_304,figures/fig4_ablation/A1_A6_lifecycle_variation.csv,DERIVED
A5,C6,165,0.504950495049505,0.0002075878197788,0.0006889119001534,11,PHM2010,D1,PHM_D1_FROZEN_B11_B12,run_local_probability_variation,none,304,run_id_12_315_common_304,figures/fig4_ablation/A1_A6_lifecycle_variation.csv,DERIVED
A5,C6,166,0.5082508250825083,0.0003725442999053,0.0009979396489766,11,PHM2010,D1,PHM_D1_FROZEN_B11_B12,run_local_probability_variation,none,304,run_id_12_315_common_304,figures/fig4_ablation/A1_A6_lifecycle_variation.csv,DERIVED
A5,C6,167,0.5115511551155115,0.0002976435895335,0.0011813507137764,11,PHM2010,D1,PHM_D1_FROZEN_B11_B12,run_local_probability_variation,none,304,run_id_12_315_common_304,figures/fig4_ablation/A1_A6_lifecycle_variation.csv,DERIVED
A5,C6,168,0.5148514851485149,0.0009678193686323,0.0014134126575268,11,PHM2010,D1,PHM_D1_FROZEN_B11_B12,run_local_probability_variation,none,304,run_id_12_315_common_304,figures/fig4_ablation/A1_A6_lifecycle_variation.csv,DERIVED
A5,C6,169,0.5181518151815182,0.0016458150307845,0.00179520840932,11,PHM2010,D1,PHM_D1_FROZEN_B11_B12,run_local_probability_variation,none,304,run_id_12_315_common_304,figures/fig4_ablation/A1_A6_lifecycle_variation.csv,DERIVED
A5,C6,170,0.5214521452145214,0.0028891805285975,0.0024290463542679,11,PHM2010,D1,PHM_D1_FROZEN_B11_B12,run_local_probability_variation,none,304,run_id_12_315_common_304,figures/fig4_ablation/A1_A6_lifecycle_variation.csv,DERIVED
A5,C6,171,0.5247524752475248,0.0035117375462065,0.0026569816403598,11,PHM2010,D1,PHM_D1_FROZEN_B11_B12,run_local_probability_variation,none,304,run_id_12_315_common_304,figures/fig4_ablation/A1_A6_lifecycle_variation.csv,DERIVED
A5,C6,172,0.528052805280528,0.002695453611576,0.0028790109410963,11,PHM2010,D1,PHM_D1_FROZEN_B11_B12,run_local_probability_variation,none,304,run_id_12_315_common_304,figures/fig4_ablation/A1_A6_lifecycle_variation.csv,DERIVED
A5,C6,173,0.5313531353135313,0.0026653830349879,0.0030481032741174,11,PHM2010,D1,PHM_D1_FROZEN_B11_B12,run_local_probability_variation,none,304,run_id_12_315_common_304,figures/fig4_ablation/A1_A6_lifecycle_variation.csv,DERIVED
A5,C6,174,0.5346534653465347,0.0042020070527032,0.0032582228436838,11,PHM2010,D1,PHM_D1_FROZEN_B11_B12,run_local_probability_variation,none,304,run_id_12_315_common_304,figures/fig4_ablation/A1_A6_lifecycle_variation.csv,DERIVED
A5,C6,175,0.5379537953795379,0.0072643380142412,0.0037236860373229,11,PHM2010,D1,PHM_D1_FROZEN_B11_B12,run_local_probability_variation,none,304,run_id_12_315_common_304,figures/fig4_ablation/A1_A6_lifecycle_variation.csv,DERIVED
A5,C6,176,0.5412541254125413,0.0027148759667904,0.0037742352599623,11,PHM2010,D1,PHM_D1_FROZEN_B11_B12,run_local_probability_variation,none,304,run_id_12_315_common_304,figures/fig4_ablation/A1_A6_lifecycle_variation.csv,DERIVED
A5,C6,177,0.5445544554455446,0.002814866608006,0.0036505803854883,11,PHM2010,D1,PHM_D1_FROZEN_B11_B12,run_local_probability_variation,none,304,run_id_12_315_common_304,figures/fig4_ablation/A1_A6_lifecycle_variation.csv,DERIVED
A5,C6,178,0.5478547854785478,0.0021576592527657,0.0035244894359164,11,PHM2010,D1,PHM_D1_FROZEN_B11_B12,run_local_probability_variation,none,304,run_id_12_315_common_304,figures/fig4_ablation/A1_A6_lifecycle_variation.csv,DERIVED
A5,C6,179,0.5511551155115512,0.0032791346338623,0.0033152498108253,11,PHM2010,D1,PHM_D1_FROZEN_B11_B12,run_local_probability_variation,none,304,run_id_12_315_common_304,figures/fig4_ablation/A1_A6_lifecycle_variation.csv,DERIVED
A5,C6,180,0.5544554455445545,0.0067659101608148,0.0031841324510003,11,PHM2010,D1,PHM_D1_FROZEN_B11_B12,run_local_probability_variation,none,304,run_id_12_315_common_304,figures/fig4_ablation/A1_A6_lifecycle_variation.csv,DERIVED
A5,C6,181,0.5577557755775577,0.0034452219776307,0.0027260583690585,11,PHM2010,D1,PHM_D1_FROZEN_B11_B12,run_local_probability_variation,none,304,run_id_12_315_common_304,figures/fig4_ablation/A1_A6_lifecycle_variation.csv,DERIVED
A5,C6,182,0.5610561056105611,0.0021515339269931,0.0025255820870073,11,PHM2010,D1,PHM_D1_FROZEN_B11_B12,run_local_probability_variation,none,304,run_id_12_315_common_304,figures/fig4_ablation/A1_A6_lifecycle_variation.csv,DERIVED
A5,C6,183,0.5643564356435643,0.0013084531662855,0.0023567127114222,11,PHM2010,D1,PHM_D1_FROZEN_B11_B12,run_local_probability_variation,none,304,run_id_12_315_common_304,figures/fig4_ablation/A1_A6_lifecycle_variation.csv,DERIVED
A5,C6,184,0.5676567656765676,0.0003637471589849,0.0022014140841264,11,PHM2010,D1,PHM_D1_FROZEN_B11_B12,run_local_probability_variation,none,304,run_id_12_315_common_304,figures/fig4_ablation/A1_A6_lifecycle_variation.csv,DERIVED
A5,C6,185,0.570957095709571,0.0027597160946287,0.0019544586734644,11,PHM2010,D1,PHM_D1_FROZEN_B11_B12,run_local_probability_variation,none,304,run_id_12_315_common_304,figures/fig4_ablation/A1_A6_lifecycle_variation.csv,DERIVED
A5,C6,186,0.5742574257425742,0.0022255231128815,0.0013721922281544,11,PHM2010,D1,PHM_D1_FROZEN_B11_B12,run_local_probability_variation,none,304,run_id_12_315_common_304,figures/fig4_ablation/A1_A6_lifecycle_variation.csv,DERIVED
A5,C6,187,0.5775577557755776,0.0005096368642273,0.0010975982792308,11,PHM2010,D1,PHM_D1_FROZEN_B11_B12,run_local_probability_variation,none,304,run_id_12_315_common_304,figures/fig4_ablation/A1_A6_lifecycle_variation.csv,DERIVED
A5,C6,188,0.5808580858085809,0.0009573034765697,0.0009151346970663,11,PHM2010,D1,PHM_D1_FROZEN_B11_B12,run_local_probability_variation,none,304,run_id_12_315_common_304,figures/fig4_ablation/A1_A6_lifecycle_variation.csv,DERIVED
A5,C6,189,0.5841584158415841,0.000449374352512,0.0008311100845906,11,PHM2010,D1,PHM_D1_FROZEN_B11_B12,run_local_probability_variation,none,304,run_id_12_315_common_304,figures/fig4_ablation/A1_A6_lifecycle_variation.csv,DERIVED
A5,C6,190,0.5874587458745875,0.0005626251165799,0.0008190904044517,11,PHM2010,D1,PHM_D1_FROZEN_B11_B12,run_local_probability_variation,none,304,run_id_12_315_common_304,figures/fig4_ablation/A1_A6_lifecycle_variation.csv,DERIVED
A5,C6,191,0.5907590759075908,0.0003609792624048,0.0005917043612532,11,PHM2010,D1,PHM_D1_FROZEN_B11_B12,run_local_probability_variation,none,304,run_id_12_315_common_304,figures/fig4_ablation/A1_A6_lifecycle_variation.csv,DERIVED
A5,C6,192,0.594059405940594,0.0004246885394716,0.0003968922583577,11,PHM2010,D1,PHM_D1_FROZEN_B11_B12,run_local_probability_variation,none,304,run_id_12_315_common_304,figures/fig4_ablation/A1_A6_lifecycle_variation.csv,DERIVED
A5,C6,193,0.5973597359735974,0.0001444345231829,0.0003661740430716,11,PHM2010,D1,PHM_D1_FROZEN_B11_B12,run_local_probability_variation,none,304,run_id_12_315_common_304,figures/fig4_ablation/A1_A6_lifecycle_variation.csv,DERIVED
A5,C6,194,0.6006600660066007,0.0003841824290526,0.0002887718964795,11,PHM2010,D1,PHM_D1_FROZEN_B11_B12,run_local_probability_variation,none,304,run_id_12_315_common_304,figures/fig4_ablation/A1_A6_lifecycle_variation.csv,DERIVED
A5,C6,195,0.6039603960396039,0.0002315306774571,0.0002550386790919,11,PHM2010,D1,PHM_D1_FROZEN_B11_B12,run_local_probability_variation,none,304,run_id_12_315_common_304,figures/fig4_ablation/A1_A6_lifecycle_variation.csv,DERIVED
A5,C6,196,0.6072607260726073,0.0002584696194454,0.0002049384351629,11,PHM2010,D1,PHM_D1_FROZEN_B11_B12,run_local_probability_variation,none,304,run_id_12_315_common_304,figures/fig4_ablation/A1_A6_lifecycle_variation.csv,DERIVED
A5,C6,197,0.6105610561056105,8.258998103106746e-05,0.000176713120104,11,PHM2010,D1,PHM_D1_FROZEN_B11_B12,run_local_probability_variation,none,304,run_id_12_315_common_304,figures/fig4_ablation/A1_A6_lifecycle_variation.csv,DERIVED
A5,C6,198,0.6138613861386139,0.0001717364960803,0.0001472462933474,11,PHM2010,D1,PHM_D1_FROZEN_B11_B12,run_local_probability_variation,none,304,run_id_12_315_common_304,figures/fig4_ablation/A1_A6_lifecycle_variation.csv,DERIVED
A5,C6,199,0.6171617161716172,0.0001058798640572,0.0001358309911875,11,PHM2010,D1,PHM_D1_FROZEN_B11_B12,run_local_probability_variation,none,304,run_id_12_315_common_304,figures/fig4_ablation/A1_A6_lifecycle_variation.csv,DERIVED
A5,C6,200,0.6204620462046204,7.830896124787863e-05,0.0001175383614952,11,PHM2010,D1,PHM_D1_FROZEN_B11_B12,run_local_probability_variation,none,304,run_id_12_315_common_304,figures/fig4_ablation/A1_A6_lifecycle_variation.csv,DERIVED
A5,C6,201,0.6237623762376238,1.1522433360974145e-05,9.800320827840992e-05,11,PHM2010,D1,PHM_D1_FROZEN_B11_B12,run_local_probability_variation,none,304,run_id_12_315_common_304,figures/fig4_ablation/A1_A6_lifecycle_variation.csv,DERIVED
A5,C6,202,0.6270627062706271,5.050079675726106e-05,9.518411268252848e-05,11,PHM2010,D1,PHM_D1_FROZEN_B11_B12,run_local_probability_variation,none,304,run_id_12_315_common_304,figures/fig4_ablation/A1_A6_lifecycle_variation.csv,DERIVED
A5,C6,203,0.6303630363036303,0.0001005534451491,8.946537171129914e-05,11,PHM2010,D1,PHM_D1_FROZEN_B11_B12,run_local_probability_variation,none,304,run_id_12_315_common_304,figures/fig4_ablation/A1_A6_lifecycle_variation.csv,DERIVED
A5,C6,204,0.6336633663366337,1.8866199423861788e-05,0.0001065138863548,11,PHM2010,D1,PHM_D1_FROZEN_B11_B12,run_local_probability_variation,none,304,run_id_12_315_common_304,figures/fig4_ablation/A1_A6_lifecycle_variation.csv,DERIVED
A5,C6,205,0.636963696369637,0.0001829635024377,0.000100431485183,11,PHM2010,D1,PHM_D1_FROZEN_B11_B12,run_local_probability_variation,none,304,run_id_12_315_common_304,figures/fig4_ablation/A1_A6_lifecycle_variation.csv,DERIVED
A5,C6,206,0.6402640264026402,1.664399207152741e-05,0.0001251586473877,11,PHM2010,D1,PHM_D1_FROZEN_B11_B12,run_local_probability_variation,none,304,run_id_12_315_common_304,figures/fig4_ablation/A1_A6_lifecycle_variation.csv,DERIVED
A5,C6,207,0.6435643564356436,0.0002274595678907,0.0001551640757703,11,PHM2010,D1,PHM_D1_FROZEN_B11_B12,run_local_probability_variation,none,304,run_id_12_315_common_304,figures/fig4_ablation/A1_A6_lifecycle_variation.csv,DERIVED
A5,C6,208,0.6468646864686468,1.9683830347544515e-05,0.0002037615947955,11,PHM2010,D1,PHM_D1_FROZEN_B11_B12,run_local_probability_variation,none,304,run_id_12_315_common_304,figures/fig4_ablation/A1_A6_lifecycle_variation.csv,DERIVED
A5,C6,209,0.6501650165016502,0.0003592701571594,0.0002793891585806,11,PHM2010,D1,PHM_D1_FROZEN_B11_B12,run_local_probability_variation,none,304,run_id_12_315_common_304,figures/fig4_ablation/A1_A6_lifecycle_variation.csv,DERIVED
A5,C6,210,0.6534653465346535,3.897345116795687e-05,0.0003397802733167,11,PHM2010,D1,PHM_D1_FROZEN_B11_B12,run_local_probability_variation,none,304,run_id_12_315_common_304,figures/fig4_ablation/A1_A6_lifecycle_variation.csv,DERIVED
A5,C6,211,0.6567656765676567,0.0003503077454994,0.0006011878430645,11,PHM2010,D1,PHM_D1_FROZEN_B11_B12,run_local_probability_variation,none,304,run_id_12_315_common_304,figures/fig4_ablation/A1_A6_lifecycle_variation.csv,DERIVED
A5,C6,212,0.6600660066006601,0.0003415821455693,0.0007044329083866,11,PHM2010,D1,PHM_D1_FROZEN_B11_B12,run_local_probability_variation,none,304,run_id_12_315_common_304,figures/fig4_ablation/A1_A6_lifecycle_variation.csv,DERIVED
A5,C6,213,0.6633663366336634,0.0005850735060342,0.0008917680141641,11,PHM2010,D1,PHM_D1_FROZEN_B11_B12,run_local_probability_variation,none,304,run_id_12_315_common_304,figures/fig4_ablation/A1_A6_lifecycle_variation.csv,DERIVED
A5,C6,214,0.6666666666666666,0.0009324566467857,0.0009591676378382,11,PHM2010,D1,PHM_D1_FROZEN_B11_B12,run_local_probability_variation,none,304,run_id_12_315_common_304,figures/fig4_ablation/A1_A6_lifecycle_variation.csv,DERIVED
A5,C6,215,0.66996699669967,0.0006831684615206,0.0017849227891358,11,PHM2010,D1,PHM_D1_FROZEN_B11_B12,run_local_probability_variation,none,304,run_id_12_315_common_304,figures/fig4_ablation/A1_A6_lifecycle_variation.csv,DERIVED
A5,C6,216,0.6732673267326733,0.003058446769663,0.0021159886935312,11,PHM2010,D1,PHM_D1_FROZEN_B11_B12,run_local_probability_variation,none,304,run_id_12_315_common_304,figures/fig4_ablation/A1_A6_lifecycle_variation.csv,DERIVED
A5,C6,217,0.6765676567656765,0.0011523397106153,0.0035962559975228,11,PHM2010,D1,PHM_D1_FROZEN_B11_B12,run_local_probability_variation,none,304,run_id_12_315_common_304,figures/fig4_ablation/A1_A6_lifecycle_variation.csv,DERIVED
A5,C6,218,0.6798679867986799,0.0022881457314424,0.0040917406023858,11,PHM2010,D1,PHM_D1_FROZEN_B11_B12,run_local_probability_variation,none,304,run_id_12_315_common_304,figures/fig4_ablation/A1_A6_lifecycle_variation.csv,DERIVED
A5,C6,219,0.6831683168316832,0.0007610796907631,0.0073386789065477,11,PHM2010,D1,PHM_D1_FROZEN_B11_B12,run_local_probability_variation,none,304,run_id_12_315_common_304,figures/fig4_ablation/A1_A6_lifecycle_variation.csv,DERIVED
A5,C6,220,0.6864686468646864,0.0094425768214332,0.0195403376082802,11,PHM2010,D1,PHM_D1_FROZEN_B11_B12,run_local_probability_variation,none,304,run_id_12_315_common_304,figures/fig4_ablation/A1_A6_lifecycle_variation.csv,DERIVED
A5,C6,221,0.6897689768976898,0.0036806983995166,0.0450466079056041,11,PHM2010,D1,PHM_D1_FROZEN_B11_B12,run_local_probability_variation,none,304,run_id_12_315_common_304,figures/fig4_ablation/A1_A6_lifecycle_variation.csv,DERIVED
A5,C6,222,0.693069306930693,0.016633248089407,0.1006599269719387,11,PHM2010,D1,PHM_D1_FROZEN_B11_B12,run_local_probability_variation,none,304,run_id_12_315_common_304,figures/fig4_ablation/A1_A6_lifecycle_variation.csv,DERIVED
A5,C6,223,0.6963696369636964,0.0057919127990628,0.1492189287385647,11,PHM2010,D1,PHM_D1_FROZEN_B11_B12,run_local_probability_variation,none,304,run_id_12_315_common_304,figures/fig4_ablation/A1_A6_lifecycle_variation.csv,DERIVED
A5,C6,224,0.6996699669966997,0.0363013948518151,0.1726161699341728,11,PHM2010,D1,PHM_D1_FROZEN_B11_B12,run_local_probability_variation,none,304,run_id_12_315_common_304,figures/fig4_ablation/A1_A6_lifecycle_variation.csv,DERIVED
A5,C6,225,0.7029702970297029,0.1351507023658436,0.1789103751240348,11,PHM2010,D1,PHM_D1_FROZEN_B11_B12,run_local_probability_variation,none,304,run_id_12_315_common_304,figures/fig4_ablation/A1_A6_lifecycle_variation.csv,DERIVED
A5,C6,226,0.7062706270627063,0.2812521417320825,0.1794345998402266,11,PHM2010,D1,PHM_D1_FROZEN_B11_B12,run_local_probability_variation,none,304,run_id_12_315_common_304,figures/fig4_ablation/A1_A6_lifecycle_variation.csv,DERIVED
A5,C6,227,0.7095709570957096,0.6148049564993439,0.1793792814956225,11,PHM2010,D1,PHM_D1_FROZEN_B11_B12,run_local_probability_variation,none,304,run_id_12_315_common_304,figures/fig4_ablation/A1_A6_lifecycle_variation.csv,DERIVED
A5,C6,228,0.7128712871287128,0.5353013591435015,0.1779384819683465,11,PHM2010,D1,PHM_D1_FROZEN_B11_B12,run_local_probability_variation,none,304,run_id_12_315_common_304,figures/fig4_ablation/A1_A6_lifecycle_variation.csv,DERIVED
A5,C6,229,0.7161716171617162,0.259657798883131,0.1774351712886028,11,PHM2010,D1,PHM_D1_FROZEN_B11_B12,run_local_probability_variation,none,304,run_id_12_315_common_304,figures/fig4_ablation/A1_A6_lifecycle_variation.csv,DERIVED
A5,C6,230,0.7194719471947195,0.069997336779246,0.1741525700175044,11,PHM2010,D1,PHM_D1_FROZEN_B11_B12,run_local_probability_variation,none,304,run_id_12_315_common_304,figures/fig4_ablation/A1_A6_lifecycle_variation.csv,DERIVED
A5,C6,231,0.7227722772277227,0.0152090486995425,0.1618673389095414,11,PHM2010,D1,PHM_D1_FROZEN_B11_B12,run_local_probability_variation,none,304,run_id_12_315_common_304,figures/fig4_ablation/A1_A6_lifecycle_variation.csv,DERIVED
A5,C6,232,0.7260726072607261,0.0030721966088718,0.1363107434870179,11,PHM2010,D1,PHM_D1_FROZEN_B11_B12,run_local_probability_variation,none,304,run_id_12_315_common_304,figures/fig4_ablation/A1_A6_lifecycle_variation.csv,DERIVED
A5,C6,233,0.7293729372937293,0.0007844532893705,0.0804206198579443,11,PHM2010,D1,PHM_D1_FROZEN_B11_B12,run_local_probability_variation,none,304,run_id_12_315_common_304,figures/fig4_ablation/A1_A6_lifecycle_variation.csv,DERIVED
A5,C6,234,0.7326732673267327,0.0002554953218822,0.0317639432186619,11,PHM2010,D1,PHM_D1_FROZEN_B11_B12,run_local_probability_variation,none,304,run_id_12_315_common_304,figures/fig4_ablation/A1_A6_lifecycle_variation.csv,DERIVED
A5,C6,235,0.735973597359736,0.0001927808697333,0.0081677616570368,11,PHM2010,D1,PHM_D1_FROZEN_B11_B12,run_local_probability_variation,none,304,run_id_12_315_common_304,figures/fig4_ablation/A1_A6_lifecycle_variation.csv,DERIVED
A5,C6,236,0.7392739273927392,1.316017824991175e-05,0.0018140881845457,11,PHM2010,D1,PHM_D1_FROZEN_B11_B12,run_local_probability_variation,none,304,run_id_12_315_common_304,figures/fig4_ablation/A1_A6_lifecycle_variation.csv,DERIVED
A5,C6,237,0.7425742574257426,0.000129592084324,0.0004328595718327,11,PHM2010,D1,PHM_D1_FROZEN_B11_B12,run_local_probability_variation,none,304,run_id_12_315_common_304,figures/fig4_ablation/A1_A6_lifecycle_variation.csv,DERIVED
A5,C6,238,0.7458745874587459,1.3596579535221612e-05,0.0001571772591198,11,PHM2010,D1,PHM_D1_FROZEN_B11_B12,run_local_probability_variation,none,304,run_id_12_315_common_304,figures/fig4_ablation/A1_A6_lifecycle_variation.csv,DERIVED
A5,C6,239,0.7491749174917491,7.791611139488617e-05,9.244488666570348e-05,11,PHM2010,D1,PHM_D1_FROZEN_B11_B12,run_local_probability_variation,none,304,run_id_12_315_common_304,figures/fig4_ablation/A1_A6_lifecycle_variation.csv,DERIVED
A5,C6,240,0.7524752475247525,9.980170525458452e-05,7.696563476859746e-05,11,PHM2010,D1,PHM_D1_FROZEN_B11_B12,run_local_probability_variation,none,304,run_id_12_315_common_304,figures/fig4_ablation/A1_A6_lifecycle_variation.csv,DERIVED
A5,C6,241,0.7557755775577558,0.0001069285818441,7.209021067511757e-05,11,PHM2010,D1,PHM_D1_FROZEN_B11_B12,run_local_probability_variation,none,304,run_id_12_315_common_304,figures/fig4_ablation/A1_A6_lifecycle_variation.csv,DERIVED
A5,C6,242,0.759075907590759,1.553395969998995e-05,8.435142209310808e-05,11,PHM2010,D1,PHM_D1_FROZEN_B11_B12,run_local_probability_variation,none,304,run_id_12_315_common_304,figures/fig4_ablation/A1_A6_lifecycle_variation.csv,DERIVED
A5,C6,243,0.7623762376237624,3.969116902971418e-05,7.395317024968095e-05,11,PHM2010,D1,PHM_D1_FROZEN_B11_B12,run_local_probability_variation,none,304,run_id_12_315_common_304,figures/fig4_ablation/A1_A6_lifecycle_variation.csv,DERIVED
A5,C6,244,0.7656765676567657,7.23971923747048e-05,7.629743195839191e-05,11,PHM2010,D1,PHM_D1_FROZEN_B11_B12,run_local_probability_variation,none,304,run_id_12_315_common_304,figures/fig4_ablation/A1_A6_lifecycle_variation.csv,DERIVED
A5,C6,245,0.768976897689769,8.522355101403962e-05,8.0668865394176e-05,11,PHM2010,D1,PHM_D1_FROZEN_B11_B12,run_local_probability_variation,none,304,run_id_12_315_common_304,figures/fig4_ablation/A1_A6_lifecycle_variation.csv,DERIVED
A5,C6,246,0.7722772277227723,0.000139151204705,8.191380778186612e-05,11,PHM2010,D1,PHM_D1_FROZEN_B11_B12,run_local_probability_variation,none,304,run_id_12_315_common_304,figures/fig4_ablation/A1_A6_lifecycle_variation.csv,DERIVED
A5,C6,247,0.7755775577557755,0.0001480335038478,7.320623535007048e-05,11,PHM2010,D1,PHM_D1_FROZEN_B11_B12,run_local_probability_variation,none,304,run_id_12_315_common_304,figures/fig4_ablation/A1_A6_lifecycle_variation.csv,DERIVED
A5,C6,248,0.7788778877887789,1.5211314046301765e-05,7.501559841866388e-05,11,PHM2010,D1,PHM_D1_FROZEN_B11_B12,run_local_probability_variation,none,304,run_id_12_315_common_304,figures/fig4_ablation/A1_A6_lifecycle_variation.csv,DERIVED
A5,C6,249,0.7821782178217822,3.93834583310423e-05,7.868326456176267e-05,11,PHM2010,D1,PHM_D1_FROZEN_B11_B12,run_local_probability_variation,none,304,run_id_12_315_common_304,figures/fig4_ablation/A1_A6_lifecycle_variation.csv,DERIVED
A5,C6,250,0.7854785478547854,0.0001260018791885,8.013072075276562e-05,11,PHM2010,D1,PHM_D1_FROZEN_B11_B12,run_local_probability_variation,none,304,run_id_12_315_common_304,figures/fig4_ablation/A1_A6_lifecycle_variation.csv,DERIVED
A5,C6,251,0.7887788778877888,0.0001134960715191,7.313193873913149e-05,11,PHM2010,D1,PHM_D1_FROZEN_B11_B12,run_local_probability_variation,none,304,run_id_12_315_common_304,figures/fig4_ablation/A1_A6_lifecycle_variation.csv,DERIVED
A5,C6,252,0.7920792079207921,1.1145285094403066e-05,6.311553315646175e-05,11,PHM2010,D1,PHM_D1_FROZEN_B11_B12,run_local_probability_variation,none,304,run_id_12_315_common_304,figures/fig4_ablation/A1_A6_lifecycle_variation.csv,DERIVED
A5,C6,253,0.7953795379537953,3.543695345451744e-05,5.458765921707736e-05,11,PHM2010,D1,PHM_D1_FROZEN_B11_B12,run_local_probability_variation,none,304,run_id_12_315_common_304,figures/fig4_ablation/A1_A6_lifecycle_variation.csv,DERIVED
A5,C6,254,0.7986798679867987,8.003549660380088e-05,5.405526550806598e-05,11,PHM2010,D1,PHM_D1_FROZEN_B11_B12,run_local_probability_variation,none,304,run_id_12_315_common_304,figures/fig4_ablation/A1_A6_lifecycle_variation.csv,DERIVED
A5,C6,255,0.801980198019802,8.831921047573732e-05,5.207553173759319e-05,11,PHM2010,D1,PHM_D1_FROZEN_B11_B12,run_local_probability_variation,none,304,run_id_12_315_common_304,figures/fig4_ablation/A1_A6_lifecycle_variation.csv,DERIVED
A5,C6,256,0.8052805280528053,8.23694886406401e-06,4.241836564854839e-05,11,PHM2010,D1,PHM_D1_FROZEN_B11_B12,run_local_probability_variation,none,304,run_id_12_315_common_304,figures/fig4_ablation/A1_A6_lifecycle_variation.csv,DERIVED
A5,C6,257,0.8085808580858086,2.8970743295717984e-05,3.2257213458889764e-05,11,PHM2010,D1,PHM_D1_FROZEN_B11_B12,run_local_probability_variation,none,304,run_id_12_315_common_304,figures/fig4_ablation/A1_A6_lifecycle_variation.csv,DERIVED
A5,C6,258,0.8118811881188119,5.422689051457914e-05,3.244856595437433e-05,11,PHM2010,D1,PHM_D1_FROZEN_B11_B12,run_local_probability_variation,none,304,run_id_12_315_common_304,figures/fig4_ablation/A1_A6_lifecycle_variation.csv,DERIVED
A5,C6,259,0.8151815181518152,9.354983247176651e-06,2.9355803579283264e-05,11,PHM2010,D1,PHM_D1_FROZEN_B11_B12,run_local_probability_variation,none,304,run_id_12_315_common_304,figures/fig4_ablation/A1_A6_lifecycle_variation.csv,DERIVED
A5,C6,260,0.8184818481848185,1.7606386855841503e-05,2.40479094373895e-05,11,PHM2010,D1,PHM_D1_FROZEN_B11_B12,run_local_probability_variation,none,304,run_id_12_315_common_304,figures/fig4_ablation/A1_A6_lifecycle_variation.csv,DERIVED
A5,C6,261,0.8217821782178217,1.977305220901831e-05,1.6428574486230626e-05,11,PHM2010,D1,PHM_D1_FROZEN_B11_B12,run_local_probability_variation,none,304,run_id_12_315_common_304,figures/fig4_ablation/A1_A6_lifecycle_variation.csv,DERIVED
A5,C6,262,0.8250825082508251,1.7233974329310818e-06,1.5731709860648e-05,11,PHM2010,D1,PHM_D1_FROZEN_B11_B12,run_local_probability_variation,none,304,run_id_12_315_common_304,figures/fig4_ablation/A1_A6_lifecycle_variation.csv,DERIVED
A5,C6,263,0.8283828382838284,1.3250162544733344e-05,2.0088752255968253e-05,11,PHM2010,D1,PHM_D1_FROZEN_B11_B12,run_local_probability_variation,none,304,run_id_12_315_common_304,figures/fig4_ablation/A1_A6_lifecycle_variation.csv,DERIVED
A5,C6,264,0.8316831683168316,1.416567328515673e-06,1.9613397262668603e-05,11,PHM2010,D1,PHM_D1_FROZEN_B11_B12,run_local_probability_variation,none,304,run_id_12_315_common_304,figures/fig4_ablation/A1_A6_lifecycle_variation.csv,DERIVED
A5,C6,265,0.834983498349835,2.164866104296948e-05,2.164347383962517e-05,11,PHM2010,D1,PHM_D1_FROZEN_B11_B12,run_local_probability_variation,none,304,run_id_12_315_common_304,figures/fig4_ablation/A1_A6_lifecycle_variation.csv,DERIVED
A5,C6,266,0.8382838283828383,4.506526012989714e-06,2.085735764346968e-05,11,PHM2010,D1,PHM_D1_FROZEN_B11_B12,run_local_probability_variation,none,304,run_id_12_315_common_304,figures/fig4_ablation/A1_A6_lifecycle_variation.csv,DERIVED
A5,C6,267,0.8415841584158416,5.714379826551453e-07,2.5103331424468853e-05,11,PHM2010,D1,PHM_D1_FROZEN_B11_B12,run_local_probability_variation,none,304,run_id_12_315_common_304,figures/fig4_ablation/A1_A6_lifecycle_variation.csv,DERIVED
A5,C6,268,0.8448844884488449,7.689820964424072e-05,2.811131436074317e-05,11,PHM2010,D1,PHM_D1_FROZEN_B11_B12,run_local_probability_variation,none,304,run_id_12_315_common_304,figures/fig4_ablation/A1_A6_lifecycle_variation.csv,DERIVED
A5,C6,269,0.8481848184818482,4.8997985588283016e-05,3.0046705217533177e-05,11,PHM2010,D1,PHM_D1_FROZEN_B11_B12,run_local_probability_variation,none,304,run_id_12_315_common_304,figures/fig4_ablation/A1_A6_lifecycle_variation.csv,DERIVED
A5,C6,270,0.8514851485148515,3.168582559369886e-05,2.994891588616814e-05,11,PHM2010,D1,PHM_D1_FROZEN_B11_B12,run_local_probability_variation,none,304,run_id_12_315_common_304,figures/fig4_ablation/A1_A6_lifecycle_variation.csv,DERIVED
A5,C6,271,0.8547854785478548,8.959108698131137e-06,3.3339777453712066e-05,11,PHM2010,D1,PHM_D1_FROZEN_B11_B12,run_local_probability_variation,none,304,run_id_12_315_common_304,figures/fig4_ablation/A1_A6_lifecycle_variation.csv,DERIVED
A5,C6,272,0.858085808580858,6.647876380000918e-05,3.49194895642914e-05,11,PHM2010,D1,PHM_D1_FROZEN_B11_B12,run_local_probability_variation,none,304,run_id_12_315_common_304,figures/fig4_ablation/A1_A6_lifecycle_variation.csv,DERIVED
A5,C6,273,0.8613861386138614,3.4811209731948635e-05,3.920185911568763e-05,11,PHM2010,D1,PHM_D1_FROZEN_B11_B12,run_local_probability_variation,none,304,run_id_12_315_common_304,figures/fig4_ablation/A1_A6_lifecycle_variation.csv,DERIVED
A5,C6,274,0.8646864686468647,3.45394619694234e-05,5.1027569977297535e-05,11,PHM2010,D1,PHM_D1_FROZEN_B11_B12,run_local_probability_variation,none,304,run_id_12_315_common_304,figures/fig4_ablation/A1_A6_lifecycle_variation.csv,DERIVED
A5,C6,275,0.8679867986798679,3.408846835002636e-07,5.981881145423606e-05,11,PHM2010,D1,PHM_D1_FROZEN_B11_B12,run_local_probability_variation,none,304,run_id_12_315_common_304,figures/fig4_ablation/A1_A6_lifecycle_variation.csv,DERIVED
A5,C6,276,0.8712871287128713,5.894813828595265e-05,6.29680115470407e-05,11,PHM2010,D1,PHM_D1_FROZEN_B11_B12,run_local_probability_variation,none,304,run_id_12_315_common_304,figures/fig4_ablation/A1_A6_lifecycle_variation.csv,DERIVED
A5,C6,277,0.8745874587458746,2.188335922936232e-05,6.474300543448197e-05,11,PHM2010,D1,PHM_D1_FROZEN_B11_B12,run_local_probability_variation,none,304,run_id_12_315_common_304,figures/fig4_ablation/A1_A6_lifecycle_variation.csv,DERIVED
A5,C6,278,0.8778877887788779,4.767750304801371e-05,7.36973342586055e-05,11,PHM2010,D1,PHM_D1_FROZEN_B11_B12,run_local_probability_variation,none,304,run_id_12_315_common_304,figures/fig4_ablation/A1_A6_lifecycle_variation.csv,DERIVED
A5,C6,279,0.8811881188118812,0.0002069810291219,7.735937166030667e-05,11,PHM2010,D1,PHM_D1_FROZEN_B11_B12,run_local_probability_variation,none,304,run_id_12_315_common_304,figures/fig4_ablation/A1_A6_lifecycle_variation.csv,DERIVED
A5,C6,280,0.8844884488448845,0.0001457016418346,7.925375100061018e-05,11,PHM2010,D1,PHM_D1_FROZEN_B11_B12,run_local_probability_variation,none,304,run_id_12_315_common_304,figures/fig4_ablation/A1_A6_lifecycle_variation.csv,DERIVED
A5,C6,281,0.8877887788778878,6.632702661454987e-05,8.146656133191668e-05,11,PHM2010,D1,PHM_D1_FROZEN_B11_B12,run_local_probability_variation,none,304,run_id_12_315_common_304,figures/fig4_ablation/A1_A6_lifecycle_variation.csv,DERIVED
A5,C6,282,0.8910891089108911,2.8484041459984927e-05,8.644035862422102e-05,11,PHM2010,D1,PHM_D1_FROZEN_B11_B12,run_local_probability_variation,none,304,run_id_12_315_common_304,figures/fig4_ablation/A1_A6_lifecycle_variation.csv,DERIVED
A5,C6,283,0.8943894389438944,0.0001649763808653,9.695668471261703e-05,11,PHM2010,D1,PHM_D1_FROZEN_B11_B12,run_local_probability_variation,none,304,run_id_12_315_common_304,figures/fig4_ablation/A1_A6_lifecycle_variation.csv,DERIVED
A5,C6,284,0.8976897689768977,7.509362115066128e-05,9.629118603649708e-05,11,PHM2010,D1,PHM_D1_FROZEN_B11_B12,run_local_probability_variation,none,304,run_id_12_315_common_304,figures/fig4_ablation/A1_A6_lifecycle_variation.csv,DERIVED
A5,C6,285,0.900990099009901,5.537763471276199e-05,8.416154394113422e-05,11,PHM2010,D1,PHM_D1_FROZEN_B11_B12,run_local_probability_variation,none,304,run_id_12_315_common_304,figures/fig4_ablation/A1_A6_lifecycle_variation.csv,DERIVED
A5,C6,286,0.9042904290429042,2.4681798327871803e-05,7.421708917608737e-05,11,PHM2010,D1,PHM_D1_FROZEN_B11_B12,run_local_probability_variation,none,304,run_id_12_315_common_304,figures/fig4_ablation/A1_A6_lifecycle_variation.csv,DERIVED
A5,C6,287,0.9075907590759076,0.0001136599085013,7.290856505138041e-05,11,PHM2010,D1,PHM_D1_FROZEN_B11_B12,run_local_probability_variation,none,304,run_id_12_315_common_304,figures/fig4_ablation/A1_A6_lifecycle_variation.csv,DERIVED
A5,C6,288,0.9108910891089108,0.0001375629462017,7.414981688732928e-05,11,PHM2010,D1,PHM_D1_FROZEN_B11_B12,run_local_probability_variation,none,304,run_id_12_315_common_304,figures/fig4_ablation/A1_A6_lifecycle_variation.csv,DERIVED
A5,C6,289,0.9141914191419142,4.0357017610694106e-05,6.273209089475896e-05,11,PHM2010,D1,PHM_D1_FROZEN_B11_B12,run_local_probability_variation,none,304,run_id_12_315_common_304,figures/fig4_ablation/A1_A6_lifecycle_variation.csv,DERIVED
A5,C6,290,0.9174917491749176,7.355496607295832e-05,6.065183239823836e-05,11,PHM2010,D1,PHM_D1_FROZEN_B11_B12,run_local_probability_variation,none,304,run_id_12_315_common_304,figures/fig4_ablation/A1_A6_lifecycle_variation.csv,DERIVED
A5,C6,291,0.9207920792079208,3.631263941909149e-05,5.759825793293829e-05,11,PHM2010,D1,PHM_D1_FROZEN_B11_B12,run_local_probability_variation,none,304,run_id_12_315_common_304,figures/fig4_ablation/A1_A6_lifecycle_variation.csv,DERIVED
A5,C6,292,0.924092409240924,5.193326124277347e-05,5.639948537101488e-05,11,PHM2010,D1,PHM_D1_FROZEN_B11_B12,run_local_probability_variation,none,304,run_id_12_315_common_304,figures/fig4_ablation/A1_A6_lifecycle_variation.csv,DERIVED
A5,C6,293,0.9273927392739274,4.213781165542232e-05,4.612077281945989e-05,11,PHM2010,D1,PHM_D1_FROZEN_B11_B12,run_local_probability_variation,none,304,run_id_12_315_common_304,figures/fig4_ablation/A1_A6_lifecycle_variation.csv,DERIVED
A5,C6,294,0.9306930693069309,3.9381394947094825e-05,3.542238390434256e-05,11,PHM2010,D1,PHM_D1_FROZEN_B11_B12,run_local_probability_variation,none,304,run_id_12_315_common_304,figures/fig4_ablation/A1_A6_lifecycle_variation.csv,DERIVED
A5,C6,295,0.933993399339934,5.221077768893486e-05,3.405101791368615e-05,11,PHM2010,D1,PHM_D1_FROZEN_B11_B12,run_local_probability_variation,none,304,run_id_12_315_common_304,figures/fig4_ablation/A1_A6_lifecycle_variation.csv,DERIVED
A5,C6,296,0.9372937293729372,2.178831559446114e-05,2.7372322012648576e-05,11,PHM2010,D1,PHM_D1_FROZEN_B11_B12,run_local_probability_variation,none,304,run_id_12_315_common_304,figures/fig4_ablation/A1_A6_lifecycle_variation.csv,DERIVED
A5,C6,297,0.9405940594059404,1.1495300146714258e-05,2.6771779458631914e-05,11,PHM2010,D1,PHM_D1_FROZEN_B11_B12,run_local_probability_variation,none,304,run_id_12_315_common_304,figures/fig4_ablation/A1_A6_lifecycle_variation.csv,DERIVED
A5,C6,298,0.943894389438944,5.940704341956257e-07,2.2802659376514143e-05,11,PHM2010,D1,PHM_D1_FROZEN_B11_B12,run_local_probability_variation,none,304,run_id_12_315_common_304,figures/fig4_ablation/A1_A6_lifecycle_variation.csv,DERIVED
A5,C6,299,0.9471947194719472,1.988066813542776e-05,2.145873566198746e-05,11,PHM2010,D1,PHM_D1_FROZEN_B11_B12,run_local_probability_variation,none,304,run_id_12_315_common_304,figures/fig4_ablation/A1_A6_lifecycle_variation.csv,DERIVED
A5,C6,300,0.9504950495049505,2.5271991713473544e-05,1.858961721090416e-05,11,PHM2010,D1,PHM_D1_FROZEN_B11_B12,run_local_probability_variation,none,304,run_id_12_315_common_304,figures/fig4_ablation/A1_A6_lifecycle_variation.csv,DERIVED
A5,C6,301,0.9537953795379538,8.931116154505076e-08,1.5800611655698507e-05,11,PHM2010,D1,PHM_D1_FROZEN_B11_B12,run_local_probability_variation,none,304,run_id_12_315_common_304,figures/fig4_ablation/A1_A6_lifecycle_variation.csv,DERIVED
A5,C6,302,0.9570957095709572,2.97066713249082e-05,1.4162031727831606e-05,11,PHM2010,D1,PHM_D1_FROZEN_B11_B12,run_local_probability_variation,none,304,run_id_12_315_common_304,figures/fig4_ablation/A1_A6_lifecycle_variation.csv,DERIVED
A5,C6,303,0.9603960396039604,8.27294033947802e-06,1.4928204626107796e-05,11,PHM2010,D1,PHM_D1_FROZEN_B11_B12,run_local_probability_variation,none,304,run_id_12_315_common_304,figures/fig4_ablation/A1_A6_lifecycle_variation.csv,DERIVED
A5,C6,304,0.9636963696369636,2.7354650795628785e-05,1.588297112509196e-05,11,PHM2010,D1,PHM_D1_FROZEN_B11_B12,run_local_probability_variation,none,304,run_id_12_315_common_304,figures/fig4_ablation/A1_A6_lifecycle_variation.csv,DERIVED
A5,C6,305,0.966996699669967,7.821091985178536e-06,1.5197548738092316e-05,11,PHM2010,D1,PHM_D1_FROZEN_B11_B12,run_local_probability_variation,none,304,run_id_12_315_common_304,figures/fig4_ablation/A1_A6_lifecycle_variation.csv,DERIVED
A5,C6,306,0.9702970297029704,2.1531716581672663e-05,1.658312499481685e-05,11,PHM2010,D1,PHM_D1_FROZEN_B11_B12,run_local_probability_variation,none,304,run_id_12_315_common_304,figures/fig4_ablation/A1_A6_lifecycle_variation.csv,DERIVED
A5,C6,307,0.9735973597359736,3.763936387925245e-06,1.931793834468717e-05,11,PHM2010,D1,PHM_D1_FROZEN_B11_B12,run_local_probability_variation,none,304,run_id_12_315_common_304,figures/fig4_ablation/A1_A6_lifecycle_variation.csv,DERIVED
A5,C6,308,0.976897689768977,1.992320202775232e-05,2.0901501183790363e-05,11,PHM2010,D1,PHM_D1_FROZEN_B11_B12,run_local_probability_variation,none,304,run_id_12_315_common_304,figures/fig4_ablation/A1_A6_lifecycle_variation.csv,DERIVED
A5,C6,309,0.9801980198019802,1.1096501923021436e-05,2.052280062573257e-05,11,PHM2010,D1,PHM_D1_FROZEN_B11_B12,run_local_probability_variation,none,304,run_id_12_315_common_304,figures/fig4_ablation/A1_A6_lifecycle_variation.csv,DERIVED
A5,C6,310,0.9834983498349836,1.2341021878431668e-05,2.3311587706371027e-05,11,PHM2010,D1,PHM_D1_FROZEN_B11_B12,run_local_probability_variation,none,304,run_id_12_315_common_304,figures/fig4_ablation/A1_A6_lifecycle_variation.csv,DERIVED
A5,C6,311,0.9867986798679867,4.051333053744341e-05,2.4860637278490272e-05,11,PHM2010,D1,PHM_D1_FROZEN_B11_B12,run_local_probability_variation,none,304,run_id_12_315_common_304,figures/fig4_ablation/A1_A6_lifecycle_variation.csv,DERIVED
A5,C6,312,0.99009900990099,3.01722580101186e-05,2.523051735591445e-05,11,PHM2010,D1,PHM_D1_FROZEN_B11_B12,run_local_probability_variation,none,304,run_id_12_315_common_304,figures/fig4_ablation/A1_A6_lifecycle_variation.csv,DERIVED
A5,C6,313,0.9933993399339934,4.7125862555043314e-05,2.7913839976913107e-05,11,PHM2010,D1,PHM_D1_FROZEN_B11_B12,run_local_probability_variation,none,304,run_id_12_315_common_304,figures/fig4_ablation/A1_A6_lifecycle_variation.csv,DERIVED
A5,C6,314,0.9966996699669968,4.107234200842249e-06,2.9055359683936077e-05,11,PHM2010,D1,PHM_D1_FROZEN_B11_B12,run_local_probability_variation,none,304,run_id_12_315_common_304,figures/fig4_ablation/A1_A6_lifecycle_variation.csv,DERIVED
A5,C6,315,1.0,5.803130868265188e-05,3.204850264408851e-05,11,PHM2010,D1,PHM_D1_FROZEN_B11_B12,run_local_probability_variation,none,304,run_id_12_315_common_304,figures/fig4_ablation/A1_A6_lifecycle_variation.csv,DERIVED
A6,C6,12,0.0,,0.0024474997169702,11,PHM2010,D1,PHM_D1_FROZEN_B11_B12,run_local_probability_variation,none,304,run_id_12_315_common_304,figures/fig4_ablation/A1_A6_lifecycle_variation.csv,DERIVED
A6,C6,13,0.0033003300330033,0.0037339720079662,0.0022895494534655,11,PHM2010,D1,PHM_D1_FROZEN_B11_B12,run_local_probability_variation,none,304,run_id_12_315_common_304,figures/fig4_ablation/A1_A6_lifecycle_variation.csv,DERIVED
A6,C6,14,0.0066006600660066,0.0004582912370698,0.002965554424362,11,PHM2010,D1,PHM_D1_FROZEN_B11_B12,run_local_probability_variation,none,304,run_id_12_315_common_304,figures/fig4_ablation/A1_A6_lifecycle_variation.csv,DERIVED
A6,C6,15,0.0099009900990099,0.0017853045594087,0.0026665098743925,11,PHM2010,D1,PHM_D1_FROZEN_B11_B12,run_local_probability_variation,none,304,run_id_12_315_common_304,figures/fig4_ablation/A1_A6_lifecycle_variation.csv,DERIVED
A6,C6,16,0.0132013201320132,0.0020359317106341,0.0035552639346901,11,PHM2010,D1,PHM_D1_FROZEN_B11_B12,run_local_probability_variation,none,304,run_id_12_315_common_304,figures/fig4_ablation/A1_A6_lifecycle_variation.csv,DERIVED
A6,C6,17,0.0165016501650165,0.0042239990697721,0.0038029096752042,11,PHM2010,D1,PHM_D1_FROZEN_B11_B12,run_local_probability_variation,none,304,run_id_12_315_common_304,figures/fig4_ablation/A1_A6_lifecycle_variation.csv,DERIVED
A6,C6,18,0.0198019801980198,0.0014997981359421,0.0036969547142032,11,PHM2010,D1,PHM_D1_FROZEN_B11_B12,run_local_probability_variation,none,304,run_id_12_315_common_304,figures/fig4_ablation/A1_A6_lifecycle_variation.csv,DERIVED
A6,C6,19,0.0231023102310231,0.0070215842497413,0.0034365763973111,11,PHM2010,D1,PHM_D1_FROZEN_B11_B12,run_local_probability_variation,none,304,run_id_12_315_common_304,figures/fig4_ablation/A1_A6_lifecycle_variation.csv,DERIVED
A6,C6,20,0.0264026402640264,0.000573198024606,0.0034713653903122,11,PHM2010,D1,PHM_D1_FROZEN_B11_B12,run_local_probability_variation,none,304,run_id_12_315_common_304,figures/fig4_ablation/A1_A6_lifecycle_variation.csv,DERIVED
A6,C6,21,0.0297029702970297,0.0106652964170705,0.0033929581687665,11,PHM2010,D1,PHM_D1_FROZEN_B11_B12,run_local_probability_variation,none,304,run_id_12_315_common_304,figures/fig4_ablation/A1_A6_lifecycle_variation.csv,DERIVED
A6,C6,22,0.033003300330033,0.0060317213398315,0.0032550194900566,11,PHM2010,D1,PHM_D1_FROZEN_B11_B12,run_local_probability_variation,none,304,run_id_12_315_common_304,figures/fig4_ablation/A1_A6_lifecycle_variation.csv,DERIVED
A6,C6,23,0.0363036303630363,0.0026374051041931,0.0029190712713993,11,PHM2010,D1,PHM_D1_FROZEN_B11_B12,run_local_probability_variation,none,304,run_id_12_315_common_304,figures/fig4_ablation/A1_A6_lifecycle_variation.csv,DERIVED
A6,C6,24,0.0396039603960396,0.000869810522153,0.0028295643310869,11,PHM2010,D1,PHM_D1_FROZEN_B11_B12,run_local_probability_variation,none,304,run_id_12_315_common_304,figures/fig4_ablation/A1_A6_lifecycle_variation.csv,DERIVED
A6,C6,25,0.0429042904290429,0.0008409701600818,0.0022594890780618,11,PHM2010,D1,PHM_D1_FROZEN_B11_B12,run_local_probability_variation,none,304,run_id_12_315_common_304,figures/fig4_ablation/A1_A6_lifecycle_variation.csv,DERIVED
A6,C6,26,0.0462046204620462,0.0009228251224062,0.0022753267205107,11,PHM2010,D1,PHM_D1_FROZEN_B11_B12,run_local_probability_variation,none,304,run_id_12_315_common_304,figures/fig4_ablation/A1_A6_lifecycle_variation.csv,DERIVED
A6,C6,27,0.0495049504950495,0.0005186062448245,0.0013303420733825,11,PHM2010,D1,PHM_D1_FROZEN_B11_B12,run_local_probability_variation,none,304,run_id_12_315_common_304,figures/fig4_ablation/A1_A6_lifecycle_variation.csv,DERIVED
A6,C6,28,0.0528052805280528,0.0005285686645428,0.0008541689942585,11,PHM2010,D1,PHM_D1_FROZEN_B11_B12,run_local_probability_variation,none,304,run_id_12_315_common_304,figures/fig4_ablation/A1_A6_lifecycle_variation.csv,DERIVED
A6,C6,29,0.0561056105610561,0.0005152217925051,0.0006497844714776,11,PHM2010,D1,PHM_D1_FROZEN_B11_B12,run_local_probability_variation,none,304,run_id_12_315_common_304,figures/fig4_ablation/A1_A6_lifecycle_variation.csv,DERIVED
A6,C6,30,0.0594059405940594,0.0007507564664652,0.0006017668351687,11,PHM2010,D1,PHM_D1_FROZEN_B11_B12,run_local_probability_variation,none,304,run_id_12_315_common_304,figures/fig4_ablation/A1_A6_lifecycle_variation.csv,DERIVED
A6,C6,31,0.0627062706270627,0.0007474120915443,0.0005462698650048,11,PHM2010,D1,PHM_D1_FROZEN_B11_B12,run_local_probability_variation,none,304,run_id_12_315_common_304,figures/fig4_ablation/A1_A6_lifecycle_variation.csv,DERIVED
A6,C6,32,0.066006600660066,0.0002704652986595,0.0004965945477367,11,PHM2010,D1,PHM_D1_FROZEN_B11_B12,run_local_probability_variation,none,304,run_id_12_315_common_304,figures/fig4_ablation/A1_A6_lifecycle_variation.csv,DERIVED
A6,C6,33,0.0693069306930693,0.0007938174694686,0.0005096429145574,11,PHM2010,D1,PHM_D1_FROZEN_B11_B12,run_local_probability_variation,none,304,run_id_12_315_common_304,figures/fig4_ablation/A1_A6_lifecycle_variation.csv,DERIVED
A6,C6,34,0.0726072607260726,0.0003891753536026,0.0004851523925845,11,PHM2010,D1,PHM_D1_FROZEN_B11_B12,run_local_probability_variation,none,304,run_id_12_315_common_304,figures/fig4_ablation/A1_A6_lifecycle_variation.csv,DERIVED
A6,C6,35,0.0759075907590759,0.000341616522755,0.0004483148395804,11,PHM2010,D1,PHM_D1_FROZEN_B11_B12,run_local_probability_variation,none,304,run_id_12_315_common_304,figures/fig4_ablation/A1_A6_lifecycle_variation.csv,DERIVED
A6,C6,36,0.0792079207920792,0.0002305034882786,0.0003881831530959,11,PHM2010,D1,PHM_D1_FROZEN_B11_B12,run_local_probability_variation,none,304,run_id_12_315_common_304,figures/fig4_ablation/A1_A6_lifecycle_variation.csv,DERIVED
A6,C6,37,0.0825082508250825,0.0003763966324578,0.0003899977860144,11,PHM2010,D1,PHM_D1_FROZEN_B11_B12,run_local_probability_variation,none,304,run_id_12_315_common_304,figures/fig4_ablation/A1_A6_lifecycle_variation.csv,DERIVED
A6,C6,38,0.0858085808580858,0.0006621382798519,0.0003765676190907,11,PHM2010,D1,PHM_D1_FROZEN_B11_B12,run_local_probability_variation,none,304,run_id_12_315_common_304,figures/fig4_ablation/A1_A6_lifecycle_variation.csv,DERIVED
A6,C6,39,0.0891089108910891,0.0002591729228406,0.0003427769677897,11,PHM2010,D1,PHM_D1_FROZEN_B11_B12,run_local_probability_variation,none,304,run_id_12_315_common_304,figures/fig4_ablation/A1_A6_lifecycle_variation.csv,DERIVED
A6,C6,40,0.0924092409240924,0.0001100087094607,0.0003646300021515,11,PHM2010,D1,PHM_D1_FROZEN_B11_B12,run_local_probability_variation,none,304,run_id_12_315_common_304,figures/fig4_ablation/A1_A6_lifecycle_variation.csv,DERIVED
A6,C6,41,0.0957095709570957,8.930791513586667e-05,0.0003490473104652,11,PHM2010,D1,PHM_D1_FROZEN_B11_B12,run_local_probability_variation,none,304,run_id_12_315_common_304,figures/fig4_ablation/A1_A6_lifecycle_variation.csv,DERIVED
A6,C6,42,0.099009900990099,0.0007673730536471,0.0003312311717367,11,PHM2010,D1,PHM_D1_FROZEN_B11_B12,run_local_probability_variation,none,304,run_id_12_315_common_304,figures/fig4_ablation/A1_A6_lifecycle_variation.csv,DERIVED
A6,C6,43,0.1023102310231023,0.0001227334624991,0.0002988511671269,11,PHM2010,D1,PHM_D1_FROZEN_B11_B12,run_local_probability_variation,none,304,run_id_12_315_common_304,figures/fig4_ablation/A1_A6_lifecycle_variation.csv,DERIVED
A6,C6,44,0.1056105610561056,0.0004221203051574,0.0002784519152194,11,PHM2010,D1,PHM_D1_FROZEN_B11_B12,run_local_probability_variation,none,304,run_id_12_315_common_304,figures/fig4_ablation/A1_A6_lifecycle_variation.csv,DERIVED
A6,C6,45,0.1089108910891089,0.0006295587315827,0.0002817322965698,11,PHM2010,D1,PHM_D1_FROZEN_B11_B12,run_local_probability_variation,none,304,run_id_12_315_common_304,figures/fig4_ablation/A1_A6_lifecycle_variation.csv,DERIVED
A6,C6,46,0.1122112211221122,0.000170206914205,0.000315767037378,11,PHM2010,D1,PHM_D1_FROZEN_B11_B12,run_local_probability_variation,none,304,run_id_12_315_common_304,figures/fig4_ablation/A1_A6_lifecycle_variation.csv,DERIVED
A6,C6,47,0.1155115511551155,3.452596226528534e-05,0.0003329990897751,11,PHM2010,D1,PHM_D1_FROZEN_B11_B12,run_local_probability_variation,none,304,run_id_12_315_common_304,figures/fig4_ablation/A1_A6_lifecycle_variation.csv,DERIVED
A6,C6,48,0.1188118811881188,2.021658175050539e-05,0.0003585605314183,11,PHM2010,D1,PHM_D1_FROZEN_B11_B12,run_local_probability_variation,none,304,run_id_12_315_common_304,figures/fig4_ablation/A1_A6_lifecycle_variation.csv,DERIVED
A6,C6,49,0.1221122112211221,0.0004377465088689,0.0003961250479235,11,PHM2010,D1,PHM_D1_FROZEN_B11_B12,run_local_probability_variation,none,304,run_id_12_315_common_304,figures/fig4_ablation/A1_A6_lifecycle_variation.csv,DERIVED
A6,C6,50,0.1254125412541254,0.0002952571176954,0.0004095771017508,11,PHM2010,D1,PHM_D1_FROZEN_B11_B12,run_local_probability_variation,none,304,run_id_12_315_common_304,figures/fig4_ablation/A1_A6_lifecycle_variation.csv,DERIVED
A6,C6,51,0.1287128712871287,0.0004843908583508,0.0004125947958007,11,PHM2010,D1,PHM_D1_FROZEN_B11_B12,run_local_probability_variation,none,304,run_id_12_315_common_304,figures/fig4_ablation/A1_A6_lifecycle_variation.csv,DERIVED
A6,C6,52,0.132013201320132,0.0002788604915045,0.0005180577386831,11,PHM2010,D1,PHM_D1_FROZEN_B11_B12,run_local_probability_variation,none,304,run_id_12_315_common_304,figures/fig4_ablation/A1_A6_lifecycle_variation.csv,DERIVED
A6,C6,53,0.1353135313531353,0.0010485489117217,0.0005525784972416,11,PHM2010,D1,PHM_D1_FROZEN_B11_B12,run_local_probability_variation,none,304,run_id_12_315_common_304,figures/fig4_ablation/A1_A6_lifecycle_variation.csv,DERIVED
A6,C6,54,0.1386138613861386,0.0005359431440563,0.000684496727828,11,PHM2010,D1,PHM_D1_FROZEN_B11_B12,run_local_probability_variation,none,304,run_id_12_315_common_304,figures/fig4_ablation/A1_A6_lifecycle_variation.csv,DERIVED
A6,C6,55,0.1419141914191419,0.0005700928972581,0.0007079984616487,11,PHM2010,D1,PHM_D1_FROZEN_B11_B12,run_local_probability_variation,none,304,run_id_12_315_common_304,figures/fig4_ablation/A1_A6_lifecycle_variation.csv,DERIVED
A6,C6,56,0.1452145214521452,0.0006627533661309,0.0007913093136578,11,PHM2010,D1,PHM_D1_FROZEN_B11_B12,run_local_probability_variation,none,304,run_id_12_315_common_304,figures/fig4_ablation/A1_A6_lifecycle_variation.csv,DERIVED
A6,C6,57,0.1485148514851485,0.0013302992859119,0.0007936973949244,11,PHM2010,D1,PHM_D1_FROZEN_B11_B12,run_local_probability_variation,none,304,run_id_12_315_common_304,figures/fig4_ablation/A1_A6_lifecycle_variation.csv,DERIVED
A6,C6,58,0.1518151815181518,0.000414254306409,0.0009620008926338,11,PHM2010,D1,PHM_D1_FROZEN_B11_B12,run_local_probability_variation,none,304,run_id_12_315_common_304,figures/fig4_ablation/A1_A6_lifecycle_variation.csv,DERIVED
A6,C6,59,0.1551155115511551,0.0014713171182005,0.0009146550189434,11,PHM2010,D1,PHM_D1_FROZEN_B11_B12,run_local_probability_variation,none,304,run_id_12_315_common_304,figures/fig4_ablation/A1_A6_lifecycle_variation.csv,DERIVED
A6,C6,60,0.1584158415841584,0.0006962655808962,0.0013033314641375,11,PHM2010,D1,PHM_D1_FROZEN_B11_B12,run_local_probability_variation,none,304,run_id_12_315_common_304,figures/fig4_ablation/A1_A6_lifecycle_variation.csv,DERIVED
A6,C6,61,0.1617161716171617,0.0012116764897954,0.0013914967475923,11,PHM2010,D1,PHM_D1_FROZEN_B11_B12,run_local_probability_variation,none,304,run_id_12_315_common_304,figures/fig4_ablation/A1_A6_lifecycle_variation.csv,DERIVED
A6,C6,62,0.165016501650165,0.0005106597522841,0.0017365677481958,11,PHM2010,D1,PHM_D1_FROZEN_B11_B12,run_local_probability_variation,none,304,run_id_12_315_common_304,figures/fig4_ablation/A1_A6_lifecycle_variation.csv,DERIVED
A6,C6,63,0.1683168316831683,0.0021301989663071,0.0019098643476759,11,PHM2010,D1,PHM_D1_FROZEN_B11_B12,run_local_probability_variation,none,304,run_id_12_315_common_304,figures/fig4_ablation/A1_A6_lifecycle_variation.csv,DERIVED
A6,C6,64,0.1716171617161716,0.0005277443011278,0.0026090834099894,11,PHM2010,D1,PHM_D1_FROZEN_B11_B12,run_local_probability_variation,none,304,run_id_12_315_common_304,figures/fig4_ablation/A1_A6_lifecycle_variation.csv,DERIVED
A6,C6,65,0.1749174917491749,0.0048113840411918,0.0033739697077912,11,PHM2010,D1,PHM_D1_FROZEN_B11_B12,run_local_probability_variation,none,304,run_id_12_315_common_304,figures/fig4_ablation/A1_A6_lifecycle_variation.csv,DERIVED
A6,C6,66,0.1782178217821782,0.0015399110152603,0.004334534386132,11,PHM2010,D1,PHM_D1_FROZEN_B11_B12,run_local_probability_variation,none,304,run_id_12_315_common_304,figures/fig4_ablation/A1_A6_lifecycle_variation.csv,DERIVED
A6,C6,67,0.1815181518151815,0.0044585343727694,0.0050889048882529,11,PHM2010,D1,PHM_D1_FROZEN_B11_B12,run_local_probability_variation,none,304,run_id_12_315_common_304,figures/fig4_ablation/A1_A6_lifecycle_variation.csv,DERIVED
A6,C6,68,0.1848184818481848,0.0032365618801928,0.0071714901093428,11,PHM2010,D1,PHM_D1_FROZEN_B11_B12,run_local_probability_variation,none,304,run_id_12_315_common_304,figures/fig4_ablation/A1_A6_lifecycle_variation.csv,DERIVED
A6,C6,69,0.1881188118811881,0.0081056639918581,0.0083158353010169,11,PHM2010,D1,PHM_D1_FROZEN_B11_B12,run_local_probability_variation,none,304,run_id_12_315_common_304,figures/fig4_ablation/A1_A6_lifecycle_variation.csv,DERIVED
A6,C6,70,0.1914191419141914,0.0098850663940203,0.0101463058076599,11,PHM2010,D1,PHM_D1_FROZEN_B11_B12,run_local_probability_variation,none,304,run_id_12_315_common_304,figures/fig4_ablation/A1_A6_lifecycle_variation.csv,DERIVED
A6,C6,71,0.1947194719471947,0.0112624770426447,0.0108537424602933,11,PHM2010,D1,PHM_D1_FROZEN_B11_B12,run_local_probability_variation,none,304,run_id_12_315_common_304,figures/fig4_ablation/A1_A6_lifecycle_variation.csv,DERIVED
A6,C6,72,0.198019801980198,0.009509752013126,0.0123327528360771,11,PHM2010,D1,PHM_D1_FROZEN_B11_B12,run_local_probability_variation,none,304,run_id_12_315_common_304,figures/fig4_ablation/A1_A6_lifecycle_variation.csv,DERIVED
A6,C6,73,0.2013201320132013,0.0234190971842724,0.0138490974722959,11,PHM2010,D1,PHM_D1_FROZEN_B11_B12,run_local_probability_variation,none,304,run_id_12_315_common_304,figures/fig4_ablation/A1_A6_lifecycle_variation.csv,DERIVED
A6,C6,74,0.2046204620462046,0.0147179960747221,0.0140320429735628,11,PHM2010,D1,PHM_D1_FROZEN_B11_B12,run_local_probability_variation,none,304,run_id_12_315_common_304,figures/fig4_ablation/A1_A6_lifecycle_variation.csv,DERIVED
A6,C6,75,0.2079207920792079,0.0206629198742008,0.0151065494209472,11,PHM2010,D1,PHM_D1_FROZEN_B11_B12,run_local_probability_variation,none,304,run_id_12_315_common_304,figures/fig4_ablation/A1_A6_lifecycle_variation.csv,DERIVED
A6,C6,76,0.2112211221122112,0.0125931872201597,0.0144564526489323,11,PHM2010,D1,PHM_D1_FROZEN_B11_B12,run_local_probability_variation,none,304,run_id_12_315_common_304,figures/fig4_ablation/A1_A6_lifecycle_variation.csv,DERIVED
A6,C6,77,0.2145214521452145,0.0178090251488821,0.0143558763712372,11,PHM2010,D1,PHM_D1_FROZEN_B11_B12,run_local_probability_variation,none,304,run_id_12_315_common_304,figures/fig4_ablation/A1_A6_lifecycle_variation.csv,DERIVED
A6,C6,78,0.2178217821782178,0.0211383253711756,0.0138598740920297,11,PHM2010,D1,PHM_D1_FROZEN_B11_B12,run_local_probability_variation,none,304,run_id_12_315_common_304,figures/fig4_ablation/A1_A6_lifecycle_variation.csv,DERIVED
A6,C6,79,0.2211221122112211,0.0052489623941293,0.0119910675088004,11,PHM2010,D1,PHM_D1_FROZEN_B11_B12,run_local_probability_variation,none,304,run_id_12_315_common_304,figures/fig4_ablation/A1_A6_lifecycle_variation.csv,DERIVED
A6,C6,80,0.2244224422442244,0.0199252349130866,0.0111391157119296,11,PHM2010,D1,PHM_D1_FROZEN_B11_B12,run_local_probability_variation,none,304,run_id_12_315_common_304,figures/fig4_ablation/A1_A6_lifecycle_variation.csv,DERIVED
A6,C6,81,0.2277227722772277,0.0027340019018562,0.0098528716419679,11,PHM2010,D1,PHM_D1_FROZEN_B11_B12,run_local_probability_variation,none,304,run_id_12_315_common_304,figures/fig4_ablation/A1_A6_lifecycle_variation.csv,DERIVED
A6,C6,82,0.231023102310231,0.0101561379879986,0.0108932565150009,11,PHM2010,D1,PHM_D1_FROZEN_B11_B12,run_local_probability_variation,none,304,run_id_12_315_common_304,figures/fig4_ablation/A1_A6_lifecycle_variation.csv,DERIVED
A6,C6,83,0.2343234323432343,0.004053726941843,0.0123210666170574,11,PHM2010,D1,PHM_D1_FROZEN_B11_B12,run_local_probability_variation,none,304,run_id_12_315_common_304,figures/fig4_ablation/A1_A6_lifecycle_variation.csv,DERIVED
A6,C6,84,0.2376237623762376,0.0028622247687502,0.0116539343491577,11,PHM2010,D1,PHM_D1_FROZEN_B11_B12,run_local_probability_variation,none,304,run_id_12_315_common_304,figures/fig4_ablation/A1_A6_lifecycle_variation.csv,DERIVED
A6,C6,85,0.2409240924092409,0.0053465263091437,0.0148929598260915,11,PHM2010,D1,PHM_D1_FROZEN_B11_B12,run_local_probability_variation,none,304,run_id_12_315_common_304,figures/fig4_ablation/A1_A6_lifecycle_variation.csv,DERIVED
A6,C6,86,0.2442244224422442,0.0065142351046215,0.0154512644299994,11,PHM2010,D1,PHM_D1_FROZEN_B11_B12,run_local_probability_variation,none,304,run_id_12_315_common_304,figures/fig4_ablation/A1_A6_lifecycle_variation.csv,DERIVED
A6,C6,87,0.2475247524752475,0.0240374208235236,0.0188869448433619,11,PHM2010,D1,PHM_D1_FROZEN_B11_B12,run_local_probability_variation,none,304,run_id_12_315_common_304,figures/fig4_ablation/A1_A6_lifecycle_variation.csv,DERIVED
A6,C6,88,0.2508250825082508,0.0335149362715027,0.0199339732919249,11,PHM2010,D1,PHM_D1_FROZEN_B11_B12,run_local_probability_variation,none,304,run_id_12_315_common_304,figures/fig4_ablation/A1_A6_lifecycle_variation.csv,DERIVED
A6,C6,89,0.2541254125412541,0.0137998704242791,0.0250198264118749,11,PHM2010,D1,PHM_D1_FROZEN_B11_B12,run_local_probability_variation,none,304,run_id_12_315_common_304,figures/fig4_ablation/A1_A6_lifecycle_variation.csv,DERIVED
A6,C6,90,0.2574257425742574,0.0408782426404008,0.0257544242965337,11,PHM2010,D1,PHM_D1_FROZEN_B11_B12,run_local_probability_variation,none,304,run_id_12_315_common_304,figures/fig4_ablation/A1_A6_lifecycle_variation.csv,DERIVED
A6,C6,91,0.2607260726072607,0.026066585556074,0.0334423017543891,11,PHM2010,D1,PHM_D1_FROZEN_B11_B12,run_local_probability_variation,none,304,run_id_12_315_common_304,figures/fig4_ablation/A1_A6_lifecycle_variation.csv,DERIVED
A6,C6,92,0.264026402640264,0.0405264864488437,0.0421457199270262,11,PHM2010,D1,PHM_D1_FROZEN_B11_B12,run_local_probability_variation,none,304,run_id_12_315_common_304,figures/fig4_ablation/A1_A6_lifecycle_variation.csv,DERIVED
A6,C6,93,0.2673267326732673,0.0216734509221921,0.0467576525998337,11,PHM2010,D1,PHM_D1_FROZEN_B11_B12,run_local_probability_variation,none,304,run_id_12_315_common_304,figures/fig4_ablation/A1_A6_lifecycle_variation.csv,DERIVED
A6,C6,94,0.2706270627062706,0.0599981112612923,0.0730827948912812,11,PHM2010,D1,PHM_D1_FROZEN_B11_B12,run_local_probability_variation,none,304,run_id_12_315_common_304,figures/fig4_ablation/A1_A6_lifecycle_variation.csv,DERIVED
A6,C6,95,0.2739273927392739,0.0109428014999977,0.0856232010111392,11,PHM2010,D1,PHM_D1_FROZEN_B11_B12,run_local_probability_variation,none,304,run_id_12_315_common_304,figures/fig4_ablation/A1_A6_lifecycle_variation.csv,DERIVED
A6,C6,96,0.2772277227722772,0.0899131783455529,0.1002153617095332,11,PHM2010,D1,PHM_D1_FROZEN_B11_B12,run_local_probability_variation,none,304,run_id_12_315_common_304,figures/fig4_ablation/A1_A6_lifecycle_variation.csv,DERIVED
A6,C6,97,0.2805280528052805,0.1022518350036294,0.1123352847626477,11,PHM2010,D1,PHM_D1_FROZEN_B11_B12,run_local_probability_variation,none,304,run_id_12_315_common_304,figures/fig4_ablation/A1_A6_lifecycle_variation.csv,DERIVED
A6,C6,98,0.2838283828382838,0.0747686802244061,0.1206047897666402,11,PHM2010,D1,PHM_D1_FROZEN_B11_B12,run_local_probability_variation,none,304,run_id_12_315_common_304,figures/fig4_ablation/A1_A6_lifecycle_variation.csv,DERIVED
A6,C6,99,0.2871287128712871,0.3230915014774251,0.1226219190592565,11,PHM2010,D1,PHM_D1_FROZEN_B11_B12,run_local_probability_variation,none,304,run_id_12_315_common_304,figures/fig4_ablation/A1_A6_lifecycle_variation.csv,DERIVED
A6,C6,100,0.2904290429042904,0.1517443377427167,0.1183204806214135,11,PHM2010,D1,PHM_D1_FROZEN_B11_B12,run_local_probability_variation,none,304,run_id_12_315_common_304,figures/fig4_ablation/A1_A6_lifecycle_variation.csv,DERIVED
A6,C6,101,0.2937293729372937,0.2013920103227347,0.1178582800613401,11,PHM2010,D1,PHM_D1_FROZEN_B11_B12,run_local_probability_variation,none,304,run_id_12_315_common_304,figures/fig4_ablation/A1_A6_lifecycle_variation.csv,DERIVED
A6,C6,102,0.297029702970297,0.1593857391403347,0.1102497874899794,11,PHM2010,D1,PHM_D1_FROZEN_B11_B12,run_local_probability_variation,none,304,run_id_12_315_common_304,figures/fig4_ablation/A1_A6_lifecycle_variation.csv,DERIVED
A6,C6,103,0.3003300330033003,0.1314910414927602,0.1122998246665625,11,PHM2010,D1,PHM_D1_FROZEN_B11_B12,run_local_probability_variation,none,304,run_id_12_315_common_304,figures/fig4_ablation/A1_A6_lifecycle_variation.csv,DERIVED
A6,C6,104,0.3036303630363036,0.0438618731409713,0.1125003437014898,11,PHM2010,D1,PHM_D1_FROZEN_B11_B12,run_local_probability_variation,none,304,run_id_12_315_common_304,figures/fig4_ablation/A1_A6_lifecycle_variation.csv,DERIVED
A6,C6,105,0.3069306930693069,0.0126822884450197,0.0870412072385448,11,PHM2010,D1,PHM_D1_FROZEN_B11_B12,run_local_probability_variation,none,304,run_id_12_315_common_304,figures/fig4_ablation/A1_A6_lifecycle_variation.csv,DERIVED
A6,C6,106,0.3102310231023102,0.0058585953391898,0.0785215075645702,11,PHM2010,D1,PHM_D1_FROZEN_B11_B12,run_local_probability_variation,none,304,run_id_12_315_common_304,figures/fig4_ablation/A1_A6_lifecycle_variation.csv,DERIVED
A6,C6,107,0.3135313531353135,0.0062197600605856,0.0659621085049281,11,PHM2010,D1,PHM_D1_FROZEN_B11_B12,run_local_probability_variation,none,304,run_id_12_315_common_304,figures/fig4_ablation/A1_A6_lifecycle_variation.csv,DERIVED
A6,C6,108,0.3168316831683168,0.1248022439460437,0.0591904953420263,11,PHM2010,D1,PHM_D1_FROZEN_B11_B12,run_local_probability_variation,none,304,run_id_12_315_common_304,figures/fig4_ablation/A1_A6_lifecycle_variation.csv,DERIVED
A6,C6,109,0.3201320132013201,0.0769743896086058,0.049080017330146,11,PHM2010,D1,PHM_D1_FROZEN_B11_B12,run_local_probability_variation,none,304,run_id_12_315_common_304,figures/fig4_ablation/A1_A6_lifecycle_variation.csv,DERIVED
A6,C6,110,0.3234323432343234,0.0430410003850304,0.0500706149741828,11,PHM2010,D1,PHM_D1_FROZEN_B11_B12,run_local_probability_variation,none,304,run_id_12_315_common_304,figures/fig4_ablation/A1_A6_lifecycle_variation.csv,DERIVED
A6,C6,111,0.3267326732673267,0.0580276413289959,0.0504643125608636,11,PHM2010,D1,PHM_D1_FROZEN_B11_B12,run_local_probability_variation,none,304,run_id_12_315_common_304,figures/fig4_ablation/A1_A6_lifecycle_variation.csv,DERIVED
A6,C6,112,0.33003300330033,0.063238620666672,0.0531641354982569,11,PHM2010,D1,PHM_D1_FROZEN_B11_B12,run_local_probability_variation,none,304,run_id_12_315_common_304,figures/fig4_ablation/A1_A6_lifecycle_variation.csv,DERIVED
A6,C6,113,0.3333333333333333,0.0848979943484143,0.0546455831110313,11,PHM2010,D1,PHM_D1_FROZEN_B11_B12,run_local_probability_variation,none,304,run_id_12_315_common_304,figures/fig4_ablation/A1_A6_lifecycle_variation.csv,DERIVED
A6,C6,114,0.3366336633663366,0.0202757833620772,0.0529189244555187,11,PHM2010,D1,PHM_D1_FROZEN_B11_B12,run_local_probability_variation,none,304,run_id_12_315_common_304,figures/fig4_ablation/A1_A6_lifecycle_variation.csv,DERIVED
A6,C6,115,0.3399339933993399,0.0547584472253767,0.0522277329897427,11,PHM2010,D1,PHM_D1_FROZEN_B11_B12,run_local_probability_variation,none,304,run_id_12_315_common_304,figures/fig4_ablation/A1_A6_lifecycle_variation.csv,DERIVED
A6,C6,116,0.3432343234323432,0.0170129618985083,0.0486277940055419,11,PHM2010,D1,PHM_D1_FROZEN_B11_B12,run_local_probability_variation,none,304,run_id_12_315_common_304,figures/fig4_ablation/A1_A6_lifecycle_variation.csv,DERIVED
A6,C6,117,0.3465346534653465,0.0355566476505161,0.0449481658779683,11,PHM2010,D1,PHM_D1_FROZEN_B11_B12,run_local_probability_variation,none,304,run_id_12_315_common_304,figures/fig4_ablation/A1_A6_lifecycle_variation.csv,DERIVED
A6,C6,118,0.3498349834983498,0.0225156838011033,0.0441514433030846,11,PHM2010,D1,PHM_D1_FROZEN_B11_B12,run_local_probability_variation,none,304,run_id_12_315_common_304,figures/fig4_ablation/A1_A6_lifecycle_variation.csv,DERIVED
A6,C6,119,0.3531353135313531,0.1058089987354052,0.0404732002699696,11,PHM2010,D1,PHM_D1_FROZEN_B11_B12,run_local_probability_variation,none,304,run_id_12_315_common_304,figures/fig4_ablation/A1_A6_lifecycle_variation.csv,DERIVED
A6,C6,120,0.3564356435643564,0.0693712834850698,0.0396808393762532,11,PHM2010,D1,PHM_D1_FROZEN_B11_B12,run_local_probability_variation,none,304,run_id_12_315_common_304,figures/fig4_ablation/A1_A6_lifecycle_variation.csv,DERIVED
A6,C6,121,0.3597359735973597,0.0034416715588219,0.036483672727702,11,PHM2010,D1,PHM_D1_FROZEN_B11_B12,run_local_probability_variation,none,304,run_id_12_315_common_304,figures/fig4_ablation/A1_A6_lifecycle_variation.csv,DERIVED
A6,C6,122,0.363036303630363,0.0175517319256866,0.0371919976063154,11,PHM2010,D1,PHM_D1_FROZEN_B11_B12,run_local_probability_variation,none,304,run_id_12_315_common_304,figures/fig4_ablation/A1_A6_lifecycle_variation.csv,DERIVED
A6,C6,123,0.3663366336633663,0.0544746723429512,0.0356413399682029,11,PHM2010,D1,PHM_D1_FROZEN_B11_B12,run_local_probability_variation,none,304,run_id_12_315_common_304,figures/fig4_ablation/A1_A6_lifecycle_variation.csv,DERIVED
A6,C6,124,0.3696369636963696,0.0444373209841495,0.0360124111795592,11,PHM2010,D1,PHM_D1_FROZEN_B11_B12,run_local_probability_variation,none,304,run_id_12_315_common_304,figures/fig4_ablation/A1_A6_lifecycle_variation.csv,DERIVED
A6,C6,125,0.3729372937293729,0.0115598135311964,0.027559530384221,11,PHM2010,D1,PHM_D1_FROZEN_B11_B12,run_local_probability_variation,none,304,run_id_12_315_common_304,figures/fig4_ablation/A1_A6_lifecycle_variation.csv,DERIVED
A6,C6,126,0.3762376237623762,0.0195896140913136,0.0231830444570387,11,PHM2010,D1,PHM_D1_FROZEN_B11_B12,run_local_probability_variation,none,304,run_id_12_315_common_304,figures/fig4_ablation/A1_A6_lifecycle_variation.csv,DERIVED
A6,C6,127,0.3795379537953795,0.0248045355632553,0.0239065739578281,11,PHM2010,D1,PHM_D1_FROZEN_B11_B12,run_local_probability_variation,none,304,run_id_12_315_common_304,figures/fig4_ablation/A1_A6_lifecycle_variation.csv,DERIVED
A6,C6,128,0.3828382838283828,0.0184994136312793,0.024295395233369,11,PHM2010,D1,PHM_D1_FROZEN_B11_B12,run_local_probability_variation,none,304,run_id_12_315_common_304,figures/fig4_ablation/A1_A6_lifecycle_variation.csv,DERIVED
A6,C6,129,0.3861386138613861,0.0265974671260225,0.019812446125747,11,PHM2010,D1,PHM_D1_FROZEN_B11_B12,run_local_probability_variation,none,304,run_id_12_315_common_304,figures/fig4_ablation/A1_A6_lifecycle_variation.csv,DERIVED
A6,C6,130,0.3894389438943894,0.0128273099866845,0.0167377884755896,11,PHM2010,D1,PHM_D1_FROZEN_B11_B12,run_local_probability_variation,none,304,run_id_12_315_common_304,figures/fig4_ablation/A1_A6_lifecycle_variation.csv,DERIVED
A6,C6,131,0.3927392739273927,0.0212299382860645,0.015913092831963,11,PHM2010,D1,PHM_D1_FROZEN_B11_B12,run_local_probability_variation,none,304,run_id_12_315_common_304,figures/fig4_ablation/A1_A6_lifecycle_variation.csv,DERIVED
A6,C6,132,0.396039603960396,0.0114004960675057,0.0149190902926813,11,PHM2010,D1,PHM_D1_FROZEN_B11_B12,run_local_probability_variation,none,304,run_id_12_315_common_304,figures/fig4_ablation/A1_A6_lifecycle_variation.csv,DERIVED
A6,C6,133,0.3993399339933993,0.021828765956636,0.0127551988772551,11,PHM2010,D1,PHM_D1_FROZEN_B11_B12,run_local_probability_variation,none,304,run_id_12_315_common_304,figures/fig4_ablation/A1_A6_lifecycle_variation.csv,DERIVED
A6,C6,134,0.4026402640264026,0.0051622321591093,0.0114745661282579,11,PHM2010,D1,PHM_D1_FROZEN_B11_B12,run_local_probability_variation,none,304,run_id_12_315_common_304,figures/fig4_ablation/A1_A6_lifecycle_variation.csv,DERIVED
A6,C6,135,0.4059405940594059,0.0106160868324182,0.0092794465452627,11,PHM2010,D1,PHM_D1_FROZEN_B11_B12,run_local_probability_variation,none,304,run_id_12_315_common_304,figures/fig4_ablation/A1_A6_lifecycle_variation.csv,DERIVED
A6,C6,136,0.4092409240924092,0.0024881614513046,0.0084292882494277,11,PHM2010,D1,PHM_D1_FROZEN_B11_B12,run_local_probability_variation,none,304,run_id_12_315_common_304,figures/fig4_ablation/A1_A6_lifecycle_variation.csv,DERIVED
A6,C6,137,0.4125412541254125,0.0086555861592146,0.0065076465733155,11,PHM2010,D1,PHM_D1_FROZEN_B11_B12,run_local_probability_variation,none,304,run_id_12_315_common_304,figures/fig4_ablation/A1_A6_lifecycle_variation.csv,DERIVED
A6,C6,138,0.4158415841584158,0.0010017299935669,0.0055838792436022,11,PHM2010,D1,PHM_D1_FROZEN_B11_B12,run_local_probability_variation,none,304,run_id_12_315_common_304,figures/fig4_ablation/A1_A6_lifecycle_variation.csv,DERIVED
A6,C6,139,0.4191419141914191,0.0044124533923096,0.0037146956864674,11,PHM2010,D1,PHM_D1_FROZEN_B11_B12,run_local_probability_variation,none,304,run_id_12_315_common_304,figures/fig4_ablation/A1_A6_lifecycle_variation.csv,DERIVED
A6,C6,140,0.4224422442244224,0.0024511517130763,0.0033924338357141,11,PHM2010,D1,PHM_D1_FROZEN_B11_B12,run_local_probability_variation,none,304,run_id_12_315_common_304,figures/fig4_ablation/A1_A6_lifecycle_variation.csv,DERIVED
A6,C6,141,0.4257425742574257,0.0034755687324994,0.0024641324809196,11,PHM2010,D1,PHM_D1_FROZEN_B11_B12,run_local_probability_variation,none,304,run_id_12_315_common_304,figures/fig4_ablation/A1_A6_lifecycle_variation.csv,DERIVED
A6,C6,142,0.429042904290429,9.187984882989483e-05,0.0023375623764404,11,PHM2010,D1,PHM_D1_FROZEN_B11_B12,run_local_probability_variation,none,304,run_id_12_315_common_304,figures/fig4_ablation/A1_A6_lifecycle_variation.csv,DERIVED
A6,C6,143,0.4323432343234323,0.0012390554406599,0.0015648297179879,11,PHM2010,D1,PHM_D1_FROZEN_B11_B12,run_local_probability_variation,none,304,run_id_12_315_common_304,figures/fig4_ablation/A1_A6_lifecycle_variation.csv,DERIVED
A6,C6,144,0.4356435643564356,0.0012677468281522,0.001524340882972,11,PHM2010,D1,PHM_D1_FROZEN_B11_B12,run_local_probability_variation,none,304,run_id_12_315_common_304,figures/fig4_ablation/A1_A6_lifecycle_variation.csv,DERIVED
A6,C6,145,0.4389438943894389,0.0016173518008235,0.0015364510366288,11,PHM2010,D1,PHM_D1_FROZEN_B11_B12,run_local_probability_variation,none,304,run_id_12_315_common_304,figures/fig4_ablation/A1_A6_lifecycle_variation.csv,DERIVED
A6,C6,146,0.4422442244224422,0.0004047719296789,0.0015779519060762,11,PHM2010,D1,PHM_D1_FROZEN_B11_B12,run_local_probability_variation,none,304,run_id_12_315_common_304,figures/fig4_ablation/A1_A6_lifecycle_variation.csv,DERIVED
A6,C6,147,0.4455445544554455,0.0010958903020336,0.0013511812561922,11,PHM2010,D1,PHM_D1_FROZEN_B11_B12,run_local_probability_variation,none,304,run_id_12_315_common_304,figures/fig4_ablation/A1_A6_lifecycle_variation.csv,DERIVED
A6,C6,148,0.4488448844884488,0.0001555269162369,0.00148920647356,11,PHM2010,D1,PHM_D1_FROZEN_B11_B12,run_local_probability_variation,none,304,run_id_12_315_common_304,figures/fig4_ablation/A1_A6_lifecycle_variation.csv,DERIVED
A6,C6,149,0.4521452145214521,0.0005563528083918,0.0015272127948015,11,PHM2010,D1,PHM_D1_FROZEN_B11_B12,run_local_probability_variation,none,304,run_id_12_315_common_304,figures/fig4_ablation/A1_A6_lifecycle_variation.csv,DERIVED
A6,C6,150,0.4554455445544554,0.004545665082534,0.0015420598187249,11,PHM2010,D1,PHM_D1_FROZEN_B11_B12,run_local_probability_variation,none,304,run_id_12_315_common_304,figures/fig4_ablation/A1_A6_lifecycle_variation.csv,DERIVED
A6,C6,151,0.4587458745874587,0.0029076612769981,0.0014345041263901,11,PHM2010,D1,PHM_D1_FROZEN_B11_B12,run_local_probability_variation,none,304,run_id_12_315_common_304,figures/fig4_ablation/A1_A6_lifecycle_variation.csv,DERIVED
A6,C6,152,0.462046204620462,0.0009810915837756,0.0016005881726339,11,PHM2010,D1,PHM_D1_FROZEN_B11_B12,run_local_probability_variation,none,304,run_id_12_315_common_304,figures/fig4_ablation/A1_A6_lifecycle_variation.csv,DERIVED
A6,C6,153,0.4653465346534653,0.0016101572398754,0.0015557780686126,11,PHM2010,D1,PHM_D1_FROZEN_B11_B12,run_local_probability_variation,none,304,run_id_12_315_common_304,figures/fig4_ablation/A1_A6_lifecycle_variation.csv,DERIVED
A6,C6,154,0.4686468646864686,0.0016571249743168,0.0016662603666736,11,PHM2010,D1,PHM_D1_FROZEN_B11_B12,run_local_probability_variation,none,304,run_id_12_315_common_304,figures/fig4_ablation/A1_A6_lifecycle_variation.csv,DERIVED
A6,C6,155,0.4719471947194719,0.0014310640913094,0.0017963700855372,11,PHM2010,D1,PHM_D1_FROZEN_B11_B12,run_local_probability_variation,none,304,run_id_12_315_common_304,figures/fig4_ablation/A1_A6_lifecycle_variation.csv,DERIVED
A6,C6,156,0.4752475247524752,0.0004342391851403,0.0023409708208204,11,PHM2010,D1,PHM_D1_FROZEN_B11_B12,run_local_probability_variation,none,304,run_id_12_315_common_304,figures/fig4_ablation/A1_A6_lifecycle_variation.csv,DERIVED
A6,C6,157,0.4785478547854785,0.0022316964383604,0.0022821187541043,11,PHM2010,D1,PHM_D1_FROZEN_B11_B12,run_local_probability_variation,none,304,run_id_12_315_common_304,figures/fig4_ablation/A1_A6_lifecycle_variation.csv,DERIVED
A6,C6,158,0.4818481848184818,0.0006029791578001,0.0022169689790164,11,PHM2010,D1,PHM_D1_FROZEN_B11_B12,run_local_probability_variation,none,304,run_id_12_315_common_304,figures/fig4_ablation/A1_A6_lifecycle_variation.csv,DERIVED
A6,C6,159,0.4851485148514851,0.0013708321949071,0.0024622636157635,11,PHM2010,D1,PHM_D1_FROZEN_B11_B12,run_local_probability_variation,none,304,run_id_12_315_common_304,figures/fig4_ablation/A1_A6_lifecycle_variation.csv,DERIVED
A6,C6,160,0.4884488448844885,0.0019875597158918,0.0025746895260418,11,PHM2010,D1,PHM_D1_FROZEN_B11_B12,run_local_probability_variation,none,304,run_id_12_315_common_304,figures/fig4_ablation/A1_A6_lifecycle_variation.csv,DERIVED
A6,C6,161,0.4917491749174917,0.010536273170649,0.0029481108231218,11,PHM2010,D1,PHM_D1_FROZEN_B11_B12,run_local_probability_variation,none,304,run_id_12_315_common_304,figures/fig4_ablation/A1_A6_lifecycle_variation.csv,DERIVED
A6,C6,162,0.495049504950495,0.0022602885431218,0.0032803107246514,11,PHM2010,D1,PHM_D1_FROZEN_B11_B12,run_local_probability_variation,none,304,run_id_12_315_common_304,figures/fig4_ablation/A1_A6_lifecycle_variation.csv,DERIVED
A6,C6,163,0.4983498349834983,0.0002644440578086,0.004290209614403,11,PHM2010,D1,PHM_D1_FROZEN_B11_B12,run_local_probability_variation,none,304,run_id_12_315_common_304,figures/fig4_ablation/A1_A6_lifecycle_variation.csv,DERIVED
A6,C6,164,0.5016501650165016,0.0043083982440928,0.0061738721555336,11,PHM2010,D1,PHM_D1_FROZEN_B11_B12,run_local_probability_variation,none,304,run_id_12_315_common_304,figures/fig4_ablation/A1_A6_lifecycle_variation.csv,DERIVED
A6,C6,165,0.504950495049505,0.0028938099873781,0.0094479825956338,11,PHM2010,D1,PHM_D1_FROZEN_B11_B12,run_local_probability_variation,none,304,run_id_12_315_common_304,figures/fig4_ablation/A1_A6_lifecycle_variation.csv,DERIVED
A6,C6,166,0.5082508250825083,0.0055386983591898,0.012802165136304,11,PHM2010,D1,PHM_D1_FROZEN_B11_B12,run_local_probability_variation,none,304,run_id_12_315_common_304,figures/fig4_ablation/A1_A6_lifecycle_variation.csv,DERIVED
A6,C6,167,0.5115511551155115,0.0040884381019656,0.0143040098809194,11,PHM2010,D1,PHM_D1_FROZEN_B11_B12,run_local_probability_variation,none,304,run_id_12_315_common_304,figures/fig4_ablation/A1_A6_lifecycle_variation.csv,DERIVED
A6,C6,168,0.5148514851485149,0.0133405842256286,0.0161442583073126,11,PHM2010,D1,PHM_D1_FROZEN_B11_B12,run_local_probability_variation,none,304,run_id_12_315_common_304,figures/fig4_ablation/A1_A6_lifecycle_variation.csv,DERIVED
A6,C6,169,0.5181518151815182,0.0213232671102357,0.0194892592920844,11,PHM2010,D1,PHM_D1_FROZEN_B11_B12,run_local_probability_variation,none,304,run_id_12_315_common_304,figures/fig4_ablation/A1_A6_lifecycle_variation.csv,DERIVED
A6,C6,170,0.5214521452145214,0.0373860470360099,0.023965489022018,11,PHM2010,D1,PHM_D1_FROZEN_B11_B12,run_local_probability_variation,none,304,run_id_12_315_common_304,figures/fig4_ablation/A1_A6_lifecycle_variation.csv,DERIVED
A6,C6,171,0.5247524752475248,0.0388835676632635,0.0272177083277783,11,PHM2010,D1,PHM_D1_FROZEN_B11_B12,run_local_probability_variation,none,304,run_id_12_315_common_304,figures/fig4_ablation/A1_A6_lifecycle_variation.csv,DERIVED
A6,C6,172,0.528052805280528,0.0270565653614184,0.0293432610022336,11,PHM2010,D1,PHM_D1_FROZEN_B11_B12,run_local_probability_variation,none,304,run_id_12_315_common_304,figures/fig4_ablation/A1_A6_lifecycle_variation.csv,DERIVED
A6,C6,173,0.5313531353135313,0.0225030212334476,0.0310969099331544,11,PHM2010,D1,PHM_D1_FROZEN_B11_B12,run_local_probability_variation,none,304,run_id_12_315_common_304,figures/fig4_ablation/A1_A6_lifecycle_variation.csv,DERIVED
A6,C6,174,0.5346534653465347,0.0370594548902979,0.0321285361429349,11,PHM2010,D1,PHM_D1_FROZEN_B11_B12,run_local_probability_variation,none,304,run_id_12_315_common_304,figures/fig4_ablation/A1_A6_lifecycle_variation.csv,DERIVED
A6,C6,175,0.5379537953795379,0.0535469252733625,0.0352905138707161,11,PHM2010,D1,PHM_D1_FROZEN_B11_B12,run_local_probability_variation,none,304,run_id_12_315_common_304,figures/fig4_ablation/A1_A6_lifecycle_variation.csv,DERIVED
A6,C6,176,0.5412541254125413,0.0386682223507413,0.0342288567966994,11,PHM2010,D1,PHM_D1_FROZEN_B11_B12,run_local_probability_variation,none,304,run_id_12_315_common_304,figures/fig4_ablation/A1_A6_lifecycle_variation.csv,DERIVED
A6,C6,177,0.5445544554455446,0.0289197777781984,0.0323707413338681,11,PHM2010,D1,PHM_D1_FROZEN_B11_B12,run_local_probability_variation,none,304,run_id_12_315_common_304,figures/fig4_ablation/A1_A6_lifecycle_variation.csv,DERIVED
A6,C6,178,0.5478547854785478,0.0233785763420946,0.0309928723047036,11,PHM2010,D1,PHM_D1_FROZEN_B11_B12,run_local_probability_variation,none,304,run_id_12_315_common_304,figures/fig4_ablation/A1_A6_lifecycle_variation.csv,DERIVED
A6,C6,179,0.5511551155115512,0.0246884725332144,0.0295354544991445,11,PHM2010,D1,PHM_D1_FROZEN_B11_B12,run_local_probability_variation,none,304,run_id_12_315_common_304,figures/fig4_ablation/A1_A6_lifecycle_variation.csv,DERIVED
A6,C6,180,0.5544554455445545,0.0561050221158282,0.0292886121577834,11,PHM2010,D1,PHM_D1_FROZEN_B11_B12,run_local_probability_variation,none,304,run_id_12_315_common_304,figures/fig4_ablation/A1_A6_lifecycle_variation.csv,DERIVED
A6,C6,181,0.5577557755775577,0.0257078192218269,0.0268094609007082,11,PHM2010,D1,PHM_D1_FROZEN_B11_B12,run_local_probability_variation,none,304,run_id_12_315_common_304,figures/fig4_ablation/A1_A6_lifecycle_variation.csv,DERIVED
A6,C6,182,0.5610561056105611,0.0184442975721186,0.0237007419475565,11,PHM2010,D1,PHM_D1_FROZEN_B11_B12,run_local_probability_variation,none,304,run_id_12_315_common_304,figures/fig4_ablation/A1_A6_lifecycle_variation.csv,DERIVED
A6,C6,183,0.5643564356435643,0.0119000060406087,0.0223698255428532,11,PHM2010,D1,PHM_D1_FROZEN_B11_B12,run_local_probability_variation,none,304,run_id_12_315_common_304,figures/fig4_ablation/A1_A6_lifecycle_variation.csv,DERIVED
A6,C6,184,0.5676567656765676,0.0064714253722979,0.0207367257901766,11,PHM2010,D1,PHM_D1_FROZEN_B11_B12,run_local_probability_variation,none,304,run_id_12_315_common_304,figures/fig4_ablation/A1_A6_lifecycle_variation.csv,DERIVED
A6,C6,185,0.570957095709571,0.0343441891353255,0.0192568450043709,11,PHM2010,D1,PHM_D1_FROZEN_B11_B12,run_local_probability_variation,none,304,run_id_12_315_common_304,figures/fig4_ablation/A1_A6_lifecycle_variation.csv,DERIVED
A6,C6,186,0.5742574257425742,0.0262762614455356,0.0145964234130008,11,PHM2010,D1,PHM_D1_FROZEN_B11_B12,run_local_probability_variation,none,304,run_id_12_315_common_304,figures/fig4_ablation/A1_A6_lifecycle_variation.csv,DERIVED
A6,C6,187,0.5775577557755776,0.004472313866073,0.0128768221603388,11,PHM2010,D1,PHM_D1_FROZEN_B11_B12,run_local_probability_variation,none,304,run_id_12_315_common_304,figures/fig4_ablation/A1_A6_lifecycle_variation.csv,DERIVED
A6,C6,188,0.5808580858085809,0.0142796973264615,0.0115975091162644,11,PHM2010,D1,PHM_D1_FROZEN_B11_B12,run_local_probability_variation,none,304,run_id_12_315_common_304,figures/fig4_ablation/A1_A6_lifecycle_variation.csv,DERIVED
A6,C6,189,0.5841584158415841,0.0054144790626527,0.0110442507898757,11,PHM2010,D1,PHM_D1_FROZEN_B11_B12,run_local_probability_variation,none,304,run_id_12_315_common_304,figures/fig4_ablation/A1_A6_lifecycle_variation.csv,DERIVED
A6,C6,190,0.5874587458745875,0.008409783889352,0.0107733946697792,11,PHM2010,D1,PHM_D1_FROZEN_B11_B12,run_local_probability_variation,none,304,run_id_12_315_common_304,figures/fig4_ablation/A1_A6_lifecycle_variation.csv,DERIVED
A6,C6,191,0.5907590759075908,0.0048403846107565,0.0079913970977352,11,PHM2010,D1,PHM_D1_FROZEN_B11_B12,run_local_probability_variation,none,304,run_id_12_315_common_304,figures/fig4_ablation/A1_A6_lifecycle_variation.csv,DERIVED
A6,C6,192,0.594059405940594,0.0067922054425448,0.0058412844536752,11,PHM2010,D1,PHM_D1_FROZEN_B11_B12,run_local_probability_variation,none,304,run_id_12_315_common_304,figures/fig4_ablation/A1_A6_lifecycle_variation.csv,DERIVED
A6,C6,193,0.5973597359735974,0.0043718540872998,0.0056726535844783,11,PHM2010,D1,PHM_D1_FROZEN_B11_B12,run_local_probability_variation,none,304,run_id_12_315_common_304,figures/fig4_ablation/A1_A6_lifecycle_variation.csv,DERIVED
A6,C6,194,0.6006600660066007,0.005814164450334,0.0045398187907905,11,PHM2010,D1,PHM_D1_FROZEN_B11_B12,run_local_probability_variation,none,304,run_id_12_315_common_304,figures/fig4_ablation/A1_A6_lifecycle_variation.csv,DERIVED
A6,C6,195,0.6039603960396039,0.0034920080512359,0.0041518366944861,11,PHM2010,D1,PHM_D1_FROZEN_B11_B12,run_local_probability_variation,none,304,run_id_12_315_common_304,figures/fig4_ablation/A1_A6_lifecycle_variation.csv,DERIVED
A6,C6,196,0.6072607260726073,0.0037422158428418,0.0035112047569095,11,PHM2010,D1,PHM_D1_FROZEN_B11_B12,run_local_probability_variation,none,304,run_id_12_315_common_304,figures/fig4_ablation/A1_A6_lifecycle_variation.csv,DERIVED
A6,C6,197,0.6105610561056105,0.0026250223608753,0.0031435324573933,11,PHM2010,D1,PHM_D1_FROZEN_B11_B12,run_local_probability_variation,none,304,run_id_12_315_common_304,figures/fig4_ablation/A1_A6_lifecycle_variation.csv,DERIVED
A6,C6,198,0.6138613861386139,0.0026173743049074,0.0026735766969598,11,PHM2010,D1,PHM_D1_FROZEN_B11_B12,run_local_probability_variation,none,304,run_id_12_315_common_304,figures/fig4_ablation/A1_A6_lifecycle_variation.csv,DERIVED
A6,C6,199,0.6171617161716172,0.0018185145958953,0.0024830472706211,11,PHM2010,D1,PHM_D1_FROZEN_B11_B12,run_local_probability_variation,none,304,run_id_12_315_common_304,figures/fig4_ablation/A1_A6_lifecycle_variation.csv,DERIVED
A6,C6,200,0.6204620462046204,0.0011466760033044,0.0022328285157974,11,PHM2010,D1,PHM_D1_FROZEN_B11_B12,run_local_probability_variation,none,304,run_id_12_315_common_304,figures/fig4_ablation/A1_A6_lifecycle_variation.csv,DERIVED
A6,C6,201,0.6237623762376238,0.001362832576009,0.0021060869540593,11,PHM2010,D1,PHM_D1_FROZEN_B11_B12,run_local_probability_variation,none,304,run_id_12_315_common_304,figures/fig4_ablation/A1_A6_lifecycle_variation.csv,DERIVED
A6,C6,202,0.6270627062706271,0.0007959893160787,0.0020860803211,11,PHM2010,D1,PHM_D1_FROZEN_B11_B12,run_local_probability_variation,none,304,run_id_12_315_common_304,figures/fig4_ablation/A1_A6_lifecycle_variation.csv,DERIVED
A6,C6,203,0.6303630363036303,0.0016226920777757,0.0019707912722817,11,PHM2010,D1,PHM_D1_FROZEN_B11_B12,run_local_probability_variation,none,304,run_id_12_315_common_304,figures/fig4_ablation/A1_A6_lifecycle_variation.csv,DERIVED
A6,C6,204,0.6336633663366337,0.0022760303975745,0.0022343832043291,11,PHM2010,D1,PHM_D1_FROZEN_B11_B12,run_local_probability_variation,none,304,run_id_12_315_common_304,figures/fig4_ablation/A1_A6_lifecycle_variation.csv,DERIVED
A6,C6,205,0.636963696369637,0.0030617581472735,0.0021591215742364,11,PHM2010,D1,PHM_D1_FROZEN_B11_B12,run_local_probability_variation,none,304,run_id_12_315_common_304,figures/fig4_ablation/A1_A6_lifecycle_variation.csv,DERIVED
A6,C6,206,0.6402640264026402,0.0020978508721171,0.0025346747403931,11,PHM2010,D1,PHM_D1_FROZEN_B11_B12,run_local_probability_variation,none,304,run_id_12_315_common_304,figures/fig4_ablation/A1_A6_lifecycle_variation.csv,DERIVED
A6,C6,207,0.6435643564356436,0.0035221428802892,0.0028432459718285,11,PHM2010,D1,PHM_D1_FROZEN_B11_B12,run_local_probability_variation,none,304,run_id_12_315_common_304,figures/fig4_ablation/A1_A6_lifecycle_variation.csv,DERIVED
A6,C6,208,0.6468646864686468,0.0013568428238741,0.0035242677521747,11,PHM2010,D1,PHM_D1_FROZEN_B11_B12,run_local_probability_variation,none,304,run_id_12_315_common_304,figures/fig4_ablation/A1_A6_lifecycle_variation.csv,DERIVED
A6,C6,209,0.6501650165016502,0.0055168855574285,0.0045379104346486,11,PHM2010,D1,PHM_D1_FROZEN_B11_B12,run_local_probability_variation,none,304,run_id_12_315_common_304,figures/fig4_ablation/A1_A6_lifecycle_variation.csv,DERIVED
A6,C6,210,0.6534653465346535,0.0009906366648757,0.005301762722855,11,PHM2010,D1,PHM_D1_FROZEN_B11_B12,run_local_probability_variation,none,304,run_id_12_315_common_304,figures/fig4_ablation/A1_A6_lifecycle_variation.csv,DERIVED
A6,C6,211,0.6567656765676567,0.0052777608310277,0.008920534498005,11,PHM2010,D1,PHM_D1_FROZEN_B11_B12,run_local_probability_variation,none,304,run_id_12_315_common_304,figures/fig4_ablation/A1_A6_lifecycle_variation.csv,DERIVED
A6,C6,212,0.6600660066006601,0.0047571161217984,0.0104881090585126,11,PHM2010,D1,PHM_D1_FROZEN_B11_B12,run_local_probability_variation,none,304,run_id_12_315_common_304,figures/fig4_ablation/A1_A6_lifecycle_variation.csv,DERIVED
A6,C6,213,0.6633663366336634,0.0082872288998876,0.0130206901795793,11,PHM2010,D1,PHM_D1_FROZEN_B11_B12,run_local_probability_variation,none,304,run_id_12_315_common_304,figures/fig4_ablation/A1_A6_lifecycle_variation.csv,DERIVED
A6,C6,214,0.6666666666666666,0.0127727615849879,0.0140848645922798,11,PHM2010,D1,PHM_D1_FROZEN_B11_B12,run_local_probability_variation,none,304,run_id_12_315_common_304,figures/fig4_ablation/A1_A6_lifecycle_variation.csv,DERIVED
A6,C6,215,0.66996699669967,0.0106784055678456,0.0240696332467267,11,PHM2010,D1,PHM_D1_FROZEN_B11_B12,run_local_probability_variation,none,304,run_id_12_315_common_304,figures/fig4_ablation/A1_A6_lifecycle_variation.csv,DERIVED
A6,C6,216,0.6732673267326733,0.0428682476739233,0.0256285144812476,11,PHM2010,D1,PHM_D1_FROZEN_B11_B12,run_local_probability_variation,none,304,run_id_12_315_common_304,figures/fig4_ablation/A1_A6_lifecycle_variation.csv,DERIVED
A6,C6,217,0.6765676567656765,0.0193411710377004,0.0371995627483537,11,PHM2010,D1,PHM_D1_FROZEN_B11_B12,run_local_probability_variation,none,304,run_id_12_315_common_304,figures/fig4_ablation/A1_A6_lifecycle_variation.csv,DERIVED
A6,C6,218,0.6798679867986799,0.0313805352120228,0.0369086885252322,11,PHM2010,D1,PHM_D1_FROZEN_B11_B12,run_local_probability_variation,none,304,run_id_12_315_common_304,figures/fig4_ablation/A1_A6_lifecycle_variation.csv,DERIVED
A6,C6,219,0.6831683168316832,0.0130627613635804,0.0529701222723446,11,PHM2010,D1,PHM_D1_FROZEN_B11_B12,run_local_probability_variation,none,304,run_id_12_315_common_304,figures/fig4_ablation/A1_A6_lifecycle_variation.csv,DERIVED
A6,C6,220,0.6864686468646864,0.1153493407563443,0.0807356993758301,11,PHM2010,D1,PHM_D1_FROZEN_B11_B12,run_local_probability_variation,none,304,run_id_12_315_common_304,figures/fig4_ablation/A1_A6_lifecycle_variation.csv,DERIVED
A6,C6,221,0.6897689768976898,0.0181383302446047,0.0969553892943118,11,PHM2010,D1,PHM_D1_FROZEN_B11_B12,run_local_probability_variation,none,304,run_id_12_315_common_304,figures/fig4_ablation/A1_A6_lifecycle_variation.csv,DERIVED
A6,C6,222,0.693069306930693,0.1325592917691949,0.121360304226578,11,PHM2010,D1,PHM_D1_FROZEN_B11_B12,run_local_probability_variation,none,304,run_id_12_315_common_304,figures/fig4_ablation/A1_A6_lifecycle_variation.csv,DERIVED
A6,C6,223,0.6963696369636964,0.0015574996674623,0.1337501437176202,11,PHM2010,D1,PHM_D1_FROZEN_B11_B12,run_local_probability_variation,none,304,run_id_12_315_common_304,figures/fig4_ablation/A1_A6_lifecycle_variation.csv,DERIVED
A6,C6,224,0.6996699669966997,0.1849630001181236,0.1419619781589228,11,PHM2010,D1,PHM_D1_FROZEN_B11_B12,run_local_probability_variation,none,304,run_id_12_315_common_304,figures/fig4_ablation/A1_A6_lifecycle_variation.csv,DERIVED
A6,C6,225,0.7029702970297029,0.3181941097233284,0.1445580909614235,11,PHM2010,D1,PHM_D1_FROZEN_B11_B12,run_local_probability_variation,none,304,run_id_12_315_common_304,figures/fig4_ablation/A1_A6_lifecycle_variation.csv,DERIVED
A6,C6,226,0.7062706270627063,0.189094994671145,0.1363605041768357,11,PHM2010,D1,PHM_D1_FROZEN_B11_B12,run_local_probability_variation,none,304,run_id_12_315_common_304,figures/fig4_ablation/A1_A6_lifecycle_variation.csv,DERIVED
A6,C6,227,0.7095709570957096,0.311322311928851,0.1359727288878438,11,PHM2010,D1,PHM_D1_FROZEN_B11_B12,run_local_probability_variation,none,304,run_id_12_315_common_304,figures/fig4_ablation/A1_A6_lifecycle_variation.csv,DERIVED
A6,C6,228,0.7128712871287128,0.155629405439165,0.1250890091483669,11,PHM2010,D1,PHM_D1_FROZEN_B11_B12,run_local_probability_variation,none,304,run_id_12_315_common_304,figures/fig4_ablation/A1_A6_lifecycle_variation.csv,DERIVED
A6,C6,229,0.7161716171617162,0.1217107140663508,0.1255334513696659,11,PHM2010,D1,PHM_D1_FROZEN_B11_B12,run_local_probability_variation,none,304,run_id_12_315_common_304,figures/fig4_ablation/A1_A6_lifecycle_variation.csv,DERIVED
A6,C6,230,0.7194719471947195,0.0416200021910885,0.1094229237230191,11,PHM2010,D1,PHM_D1_FROZEN_B11_B12,run_local_probability_variation,none,304,run_id_12_315_common_304,figures/fig4_ablation/A1_A6_lifecycle_variation.csv,DERIVED
A6,C6,231,0.7227722772277227,0.0251758861258781,0.0807301738191664,11,PHM2010,D1,PHM_D1_FROZEN_B11_B12,run_local_probability_variation,none,304,run_id_12_315_common_304,figures/fig4_ablation/A1_A6_lifecycle_variation.csv,DERIVED
A6,C6,232,0.7260726072607261,0.0138728020656936,0.0641812705583718,11,PHM2010,D1,PHM_D1_FROZEN_B11_B12,run_local_probability_variation,none,304,run_id_12_315_common_304,figures/fig4_ablation/A1_A6_lifecycle_variation.csv,DERIVED
A6,C6,233,0.7293729372937293,0.0128383746349496,0.0359268570536006,11,PHM2010,D1,PHM_D1_FROZEN_B11_B12,run_local_probability_variation,none,304,run_id_12_315_common_304,figures/fig4_ablation/A1_A6_lifecycle_variation.csv,DERIVED
A6,C6,234,0.7326732673267327,0.0064463641017509,0.0221470953076253,11,PHM2010,D1,PHM_D1_FROZEN_B11_B12,run_local_probability_variation,none,304,run_id_12_315_common_304,figures/fig4_ablation/A1_A6_lifecycle_variation.csv,DERIVED
A6,C6,235,0.735973597359736,0.0077471960050097,0.0116247066842129,11,PHM2010,D1,PHM_D1_FROZEN_B11_B12,run_local_probability_variation,none,304,run_id_12_315_common_304,figures/fig4_ablation/A1_A6_lifecycle_variation.csv,DERIVED
A6,C6,236,0.7392739273927392,0.0025738607809486,0.0084239234811946,11,PHM2010,D1,PHM_D1_FROZEN_B11_B12,run_local_probability_variation,none,304,run_id_12_315_common_304,figures/fig4_ablation/A1_A6_lifecycle_variation.csv,DERIVED
A6,C6,237,0.7425742574257426,0.0070570588024035,0.0062869974773301,11,PHM2010,D1,PHM_D1_FROZEN_B11_B12,run_local_probability_variation,none,304,run_id_12_315_common_304,figures/fig4_ablation/A1_A6_lifecycle_variation.csv,DERIVED
A6,C6,238,0.7458745874587459,0.0005237633763686,0.0052288498390317,11,PHM2010,D1,PHM_D1_FROZEN_B11_B12,run_local_probability_variation,none,304,run_id_12_315_common_304,figures/fig4_ablation/A1_A6_lifecycle_variation.csv,DERIVED
A6,C6,239,0.7491749174917491,0.0040520262334361,0.0044253857497777,11,PHM2010,D1,PHM_D1_FROZEN_B11_B12,run_local_probability_variation,none,304,run_id_12_315_common_304,figures/fig4_ablation/A1_A6_lifecycle_variation.csv,DERIVED
A6,C6,240,0.7524752475247525,0.005964439208815,0.0042863840234505,11,PHM2010,D1,PHM_D1_FROZEN_B11_B12,run_local_probability_variation,none,304,run_id_12_315_common_304,figures/fig4_ablation/A1_A6_lifecycle_variation.csv,DERIVED
A6,C6,241,0.7557755775577558,0.0064113869578872,0.0043460862605,11,PHM2010,D1,PHM_D1_FROZEN_B11_B12,run_local_probability_variation,none,304,run_id_12_315_common_304,figures/fig4_ablation/A1_A6_lifecycle_variation.csv,DERIVED
A6,C6,242,0.759075907590759,0.0016697000833685,0.0049456681660684,11,PHM2010,D1,PHM_D1_FROZEN_B11_B12,run_local_probability_variation,none,304,run_id_12_315_common_304,figures/fig4_ablation/A1_A6_lifecycle_variation.csv,DERIVED
A6,C6,243,0.7623762376237624,0.002233178044411,0.00435070851442,11,PHM2010,D1,PHM_D1_FROZEN_B11_B12,run_local_probability_variation,none,304,run_id_12_315_common_304,figures/fig4_ablation/A1_A6_lifecycle_variation.csv,DERIVED
A6,C6,244,0.7656765676567657,0.0040002696531554,0.0044974539595,11,PHM2010,D1,PHM_D1_FROZEN_B11_B12,run_local_probability_variation,none,304,run_id_12_315_common_304,figures/fig4_ablation/A1_A6_lifecycle_variation.csv,DERIVED
A6,C6,245,0.768976897689769,0.0049173451121519,0.0047675579084838,11,PHM2010,D1,PHM_D1_FROZEN_B11_B12,run_local_probability_variation,none,304,run_id_12_315_common_304,figures/fig4_ablation/A1_A6_lifecycle_variation.csv,DERIVED
A6,C6,246,0.7722772277227723,0.0084039206125537,0.0048582318600247,11,PHM2010,D1,PHM_D1_FROZEN_B11_B12,run_local_probability_variation,none,304,run_id_12_315_common_304,figures/fig4_ablation/A1_A6_lifecycle_variation.csv,DERIVED
A6,C6,247,0.7755775577557755,0.0091692617422017,0.0044136080324654,11,PHM2010,D1,PHM_D1_FROZEN_B11_B12,run_local_probability_variation,none,304,run_id_12_315_common_304,figures/fig4_ablation/A1_A6_lifecycle_variation.csv,DERIVED
A6,C6,248,0.7788778877887789,0.0005125026342706,0.0044486430622787,11,PHM2010,D1,PHM_D1_FROZEN_B11_B12,run_local_probability_variation,none,304,run_id_12_315_common_304,figures/fig4_ablation/A1_A6_lifecycle_variation.csv,DERIVED
A6,C6,249,0.7821782178217822,0.0021379632722493,0.0046454625395155,11,PHM2010,D1,PHM_D1_FROZEN_B11_B12,run_local_probability_variation,none,304,run_id_12_315_common_304,figures/fig4_ablation/A1_A6_lifecycle_variation.csv,DERIVED
A6,C6,250,0.7854785478547854,0.0070231696722569,0.0047475192183247,11,PHM2010,D1,PHM_D1_FROZEN_B11_B12,run_local_probability_variation,none,304,run_id_12_315_common_304,figures/fig4_ablation/A1_A6_lifecycle_variation.csv,DERIVED
A6,C6,251,0.7887788778877888,0.0069618526757652,0.0043932683157298,11,PHM2010,D1,PHM_D1_FROZEN_B11_B12,run_local_probability_variation,none,304,run_id_12_315_common_304,figures/fig4_ablation/A1_A6_lifecycle_variation.csv,DERIVED
A6,C6,252,0.7920792079207921,0.001520524854735,0.0037782280624863,11,PHM2010,D1,PHM_D1_FROZEN_B11_B12,run_local_probability_variation,none,304,run_id_12_315_common_304,figures/fig4_ablation/A1_A6_lifecycle_variation.csv,DERIVED
A6,C6,253,0.7953795379537953,0.0020550854113146,0.0031740418725418,11,PHM2010,D1,PHM_D1_FROZEN_B11_B12,run_local_probability_variation,none,304,run_id_12_315_common_304,figures/fig4_ablation/A1_A6_lifecycle_variation.csv,DERIVED
A6,C6,254,0.7986798679867987,0.0043981922940162,0.0031431457388701,11,PHM2010,D1,PHM_D1_FROZEN_B11_B12,run_local_probability_variation,none,304,run_id_12_315_common_304,figures/fig4_ablation/A1_A6_lifecycle_variation.csv,DERIVED
A6,C6,255,0.801980198019802,0.0051228931200564,0.0030221704051237,11,PHM2010,D1,PHM_D1_FROZEN_B11_B12,run_local_probability_variation,none,304,run_id_12_315_common_304,figures/fig4_ablation/A1_A6_lifecycle_variation.csv,DERIVED
A6,C6,256,0.8052805280528053,0.0010205851836084,0.0024715799460157,11,PHM2010,D1,PHM_D1_FROZEN_B11_B12,run_local_probability_variation,none,304,run_id_12_315_common_304,figures/fig4_ablation/A1_A6_lifecycle_variation.csv,DERIVED
A6,C6,257,0.8085808580858086,0.001638477826875,0.0018447061342433,11,PHM2010,D1,PHM_D1_FROZEN_B11_B12,run_local_probability_variation,none,304,run_id_12_315_common_304,figures/fig4_ablation/A1_A6_lifecycle_variation.csv,DERIVED
A6,C6,258,0.8118811881188119,0.0025232136528125,0.00177279038596,11,PHM2010,D1,PHM_D1_FROZEN_B11_B12,run_local_probability_variation,none,304,run_id_12_315_common_304,figures/fig4_ablation/A1_A6_lifecycle_variation.csv,DERIVED
A6,C6,259,0.8151815181518152,0.0001726451638812,0.0015918827353869,11,PHM2010,D1,PHM_D1_FROZEN_B11_B12,run_local_probability_variation,none,304,run_id_12_315_common_304,figures/fig4_ablation/A1_A6_lifecycle_variation.csv,DERIVED
A6,C6,260,0.8184818481848185,0.0008072346010391,0.001291814340014,11,PHM2010,D1,PHM_D1_FROZEN_B11_B12,run_local_probability_variation,none,304,run_id_12_315_common_304,figures/fig4_ablation/A1_A6_lifecycle_variation.csv,DERIVED
A6,C6,261,0.8217821782178217,0.0009666746220687,0.0008696777836678,11,PHM2010,D1,PHM_D1_FROZEN_B11_B12,run_local_probability_variation,none,304,run_id_12_315_common_304,figures/fig4_ablation/A1_A6_lifecycle_variation.csv,DERIVED
A6,C6,262,0.8250825082508251,6.624074626900532e-05,0.0007817845430038,11,PHM2010,D1,PHM_D1_FROZEN_B11_B12,run_local_probability_variation,none,304,run_id_12_315_common_304,figures/fig4_ablation/A1_A6_lifecycle_variation.csv,DERIVED
A6,C6,263,0.8283828382838284,0.000729451623619,0.0010317122960314,11,PHM2010,D1,PHM_D1_FROZEN_B11_B12,run_local_probability_variation,none,304,run_id_12_315_common_304,figures/fig4_ablation/A1_A6_lifecycle_variation.csv,DERIVED
A6,C6,264,0.8316831683168316,6.510125501036149e-05,0.0011150912055519,11,PHM2010,D1,PHM_D1_FROZEN_B11_B12,run_local_probability_variation,none,304,run_id_12_315_common_304,figures/fig4_ablation/A1_A6_lifecycle_variation.csv,DERIVED
A6,C6,265,0.834983498349835,0.0010974399449146,0.0012976324085049,11,PHM2010,D1,PHM_D1_FROZEN_B11_B12,run_local_probability_variation,none,304,run_id_12_315_common_304,figures/fig4_ablation/A1_A6_lifecycle_variation.csv,DERIVED
A6,C6,266,0.8382838283828383,0.0004793910002481,0.0013015831359666,11,PHM2010,D1,PHM_D1_FROZEN_B11_B12,run_local_probability_variation,none,304,run_id_12_315_common_304,figures/fig4_ablation/A1_A6_lifecycle_variation.csv,DERIVED
A6,C6,267,0.8415841584158416,5.375953630491412e-05,0.0015472196392719,11,PHM2010,D1,PHM_D1_FROZEN_B11_B12,run_local_probability_variation,none,304,run_id_12_315_common_304,figures/fig4_ablation/A1_A6_lifecycle_variation.csv,DERIVED
A6,C6,268,0.8448844884488449,0.0043876831101782,0.0017604848296427,11,PHM2010,D1,PHM_D1_FROZEN_B11_B12,run_local_probability_variation,none,304,run_id_12_315_common_304,figures/fig4_ablation/A1_A6_lifecycle_variation.csv,DERIVED
A6,C6,269,0.8481848184818482,0.0034403816575384,0.0018939495709007,11,PHM2010,D1,PHM_D1_FROZEN_B11_B12,run_local_probability_variation,none,304,run_id_12_315_common_304,figures/fig4_ablation/A1_A6_lifecycle_variation.csv,DERIVED
A6,C6,270,0.8514851485148515,0.0021805983963641,0.0019190855758896,11,PHM2010,D1,PHM_D1_FROZEN_B11_B12,run_local_probability_variation,none,304,run_id_12_315_common_304,figures/fig4_ablation/A1_A6_lifecycle_variation.csv,DERIVED
A6,C6,271,0.8547854785478548,0.0008506926031177,0.002110301980547,11,PHM2010,D1,PHM_D1_FROZEN_B11_B12,run_local_probability_variation,none,304,run_id_12_315_common_304,figures/fig4_ablation/A1_A6_lifecycle_variation.csv,DERIVED
A6,C6,272,0.858085808580858,0.0036686761584264,0.0022037591054966,11,PHM2010,D1,PHM_D1_FROZEN_B11_B12,run_local_probability_variation,none,304,run_id_12_315_common_304,figures/fig4_ablation/A1_A6_lifecycle_variation.csv,DERIVED
A6,C6,273,0.8613861386138614,0.0024121578403477,0.0024587398484636,11,PHM2010,D1,PHM_D1_FROZEN_B11_B12,run_local_probability_variation,none,304,run_id_12_315_common_304,figures/fig4_ablation/A1_A6_lifecycle_variation.csv,DERIVED
A6,C6,274,0.8646864686468647,0.0021975637774575,0.0030909622538067,11,PHM2010,D1,PHM_D1_FROZEN_B11_B12,run_local_probability_variation,none,304,run_id_12_315_common_304,figures/fig4_ablation/A1_A6_lifecycle_variation.csv,DERIVED
A6,C6,275,0.8679867986798679,0.0003415973098876,0.0036814467733034,11,PHM2010,D1,PHM_D1_FROZEN_B11_B12,run_local_probability_variation,none,304,run_id_12_315_common_304,figures/fig4_ablation/A1_A6_lifecycle_variation.csv,DERIVED
A6,C6,276,0.8712871287128713,0.0032008203961465,0.0039360462877341,11,PHM2010,D1,PHM_D1_FROZEN_B11_B12,run_local_probability_variation,none,304,run_id_12_315_common_304,figures/fig4_ablation/A1_A6_lifecycle_variation.csv,DERIVED
A6,C6,277,0.8745874587458746,0.0015074193746941,0.0040605491383685,11,PHM2010,D1,PHM_D1_FROZEN_B11_B12,run_local_probability_variation,none,304,run_id_12_315_common_304,figures/fig4_ablation/A1_A6_lifecycle_variation.csv,DERIVED
A6,C6,278,0.8778877887788779,0.0028585477089409,0.0045500559755891,11,PHM2010,D1,PHM_D1_FROZEN_B11_B12,run_local_probability_variation,none,304,run_id_12_315_common_304,figures/fig4_ablation/A1_A6_lifecycle_variation.csv,DERIVED
A6,C6,279,0.8811881188118812,0.0113421295689532,0.0048281595836472,11,PHM2010,D1,PHM_D1_FROZEN_B11_B12,run_local_probability_variation,none,304,run_id_12_315_common_304,figures/fig4_ablation/A1_A6_lifecycle_variation.csv,DERIVED
A6,C6,280,0.8844884488448845,0.0099357113720023,0.0049626406532364,11,PHM2010,D1,PHM_D1_FROZEN_B11_B12,run_local_probability_variation,none,304,run_id_12_315_common_304,figures/fig4_ablation/A1_A6_lifecycle_variation.csv,DERIVED
A6,C6,281,0.8877887788778878,0.0049811930551014,0.00509284757996,11,PHM2010,D1,PHM_D1_FROZEN_B11_B12,run_local_probability_variation,none,304,run_id_12_315_common_304,figures/fig4_ablation/A1_A6_lifecycle_variation.csv,DERIVED
A6,C6,282,0.8910891089108911,0.002220223960096,0.0053730820064891,11,PHM2010,D1,PHM_D1_FROZEN_B11_B12,run_local_probability_variation,none,304,run_id_12_315_common_304,figures/fig4_ablation/A1_A6_lifecycle_variation.csv,DERIVED
A6,C6,283,0.8943894389438944,0.0090532513678524,0.0059683015676383,11,PHM2010,D1,PHM_D1_FROZEN_B11_B12,run_local_probability_variation,none,304,run_id_12_315_common_304,figures/fig4_ablation/A1_A6_lifecycle_variation.csv,DERIVED
A6,C6,284,0.8976897689768977,0.0054712975289873,0.0058189964350858,11,PHM2010,D1,PHM_D1_FROZEN_B11_B12,run_local_probability_variation,none,304,run_id_12_315_common_304,figures/fig4_ablation/A1_A6_lifecycle_variation.csv,DERIVED
A6,C6,285,0.900990099009901,0.0036768555429391,0.0051202015356133,11,PHM2010,D1,PHM_D1_FROZEN_B11_B12,run_local_probability_variation,none,304,run_id_12_315_common_304,figures/fig4_ablation/A1_A6_lifecycle_variation.csv,DERIVED
A6,C6,286,0.9042904290429042,0.0017738735038472,0.0043554549426596,11,PHM2010,D1,PHM_D1_FROZEN_B11_B12,run_local_probability_variation,none,304,run_id_12_315_common_304,figures/fig4_ablation/A1_A6_lifecycle_variation.csv,DERIVED
A6,C6,287,0.9075907590759076,0.0062833990879658,0.0041250387739151,11,PHM2010,D1,PHM_D1_FROZEN_B11_B12,run_local_probability_variation,none,304,run_id_12_315_common_304,figures/fig4_ablation/A1_A6_lifecycle_variation.csv,DERIVED
A6,C6,288,0.9108910891089108,0.0080548345473356,0.0041083637823067,11,PHM2010,D1,PHM_D1_FROZEN_B11_B12,run_local_probability_variation,none,304,run_id_12_315_common_304,figures/fig4_ablation/A1_A6_lifecycle_variation.csv,DERIVED
A6,C6,289,0.9141914191419142,0.0012161912508638,0.0034483829753126,11,PHM2010,D1,PHM_D1_FROZEN_B11_B12,run_local_probability_variation,none,304,run_id_12_315_common_304,figures/fig4_ablation/A1_A6_lifecycle_variation.csv,DERIVED
A6,C6,290,0.9174917491749176,0.003655385674755,0.0031834148936701,11,PHM2010,D1,PHM_D1_FROZEN_B11_B12,run_local_probability_variation,none,304,run_id_12_315_common_304,figures/fig4_ablation/A1_A6_lifecycle_variation.csv,DERIVED
A6,C6,291,0.9207920792079208,0.0015234988495123,0.002916408999779,11,PHM2010,D1,PHM_D1_FROZEN_B11_B12,run_local_probability_variation,none,304,run_id_12_315_common_304,figures/fig4_ablation/A1_A6_lifecycle_variation.csv,DERIVED
A6,C6,292,0.924092409240924,0.0024466151989112,0.002798240349583,11,PHM2010,D1,PHM_D1_FROZEN_B11_B12,run_local_probability_variation,none,304,run_id_12_315_common_304,figures/fig4_ablation/A1_A6_lifecycle_variation.csv,DERIVED
A6,C6,293,0.9273927392739274,0.002036799052404,0.0022426665791802,11,PHM2010,D1,PHM_D1_FROZEN_B11_B12,run_local_probability_variation,none,304,run_id_12_315_common_304,figures/fig4_ablation/A1_A6_lifecycle_variation.csv,DERIVED
A6,C6,294,0.9306930693069309,0.0017934624909168,0.0016182372513408,11,PHM2010,D1,PHM_D1_FROZEN_B11_B12,run_local_probability_variation,none,304,run_id_12_315_common_304,figures/fig4_ablation/A1_A6_lifecycle_variation.csv,DERIVED
A6,C6,295,0.933993399339934,0.0025566486309204,0.0016286209587947,11,PHM2010,D1,PHM_D1_FROZEN_B11_B12,run_local_probability_variation,none,304,run_id_12_315_common_304,figures/fig4_ablation/A1_A6_lifecycle_variation.csv,DERIVED
A6,C6,296,0.9372937293729372,0.0007397907101366,0.0013200281109709,11,PHM2010,D1,PHM_D1_FROZEN_B11_B12,run_local_probability_variation,none,304,run_id_12_315_common_304,figures/fig4_ablation/A1_A6_lifecycle_variation.csv,DERIVED
A6,C6,297,0.9405940594059404,0.0004740183516918,0.0013352770591176,11,PHM2010,D1,PHM_D1_FROZEN_B11_B12,run_local_probability_variation,none,304,run_id_12_315_common_304,figures/fig4_ablation/A1_A6_lifecycle_variation.csv,DERIVED
A6,C6,298,0.943894389438944,0.0001720876135344,0.0011337217431922,11,PHM2010,D1,PHM_D1_FROZEN_B11_B12,run_local_probability_variation,none,304,run_id_12_315_common_304,figures/fig4_ablation/A1_A6_lifecycle_variation.csv,DERIVED
A6,C6,299,0.9471947194719472,0.0011861119411024,0.0010791945689124,11,PHM2010,D1,PHM_D1_FROZEN_B11_B12,run_local_probability_variation,none,304,run_id_12_315_common_304,figures/fig4_ablation/A1_A6_lifecycle_variation.csv,DERIVED
A6,C6,300,0.9504950495049505,0.0013304120328565,0.0009753209541666,11,PHM2010,D1,PHM_D1_FROZEN_B11_B12,run_local_probability_variation,none,304,run_id_12_315_common_304,figures/fig4_ablation/A1_A6_lifecycle_variation.csv,DERIVED
A6,C6,301,0.9537953795379538,0.0002608643486938,0.0008564317140479,11,PHM2010,D1,PHM_D1_FROZEN_B11_B12,run_local_probability_variation,none,304,run_id_12_315_common_304,figures/fig4_ablation/A1_A6_lifecycle_variation.csv,DERIVED
A6,C6,302,0.9570957095709572,0.0016912372791257,0.0007930346651535,11,PHM2010,D1,PHM_D1_FROZEN_B11_B12,run_local_probability_variation,none,304,run_id_12_315_common_304,figures/fig4_ablation/A1_A6_lifecycle_variation.csv,DERIVED
A6,C6,303,0.9603960396039604,0.0002295067237312,0.0008463115230687,11,PHM2010,D1,PHM_D1_FROZEN_B11_B12,run_local_probability_variation,none,304,run_id_12_315_common_304,figures/fig4_ablation/A1_A6_lifecycle_variation.csv,DERIVED
A6,C6,304,0.9636963696369636,0.0014370001353271,0.0008960907371403,11,PHM2010,D1,PHM_D1_FROZEN_B11_B12,run_local_probability_variation,none,304,run_id_12_315_common_304,figures/fig4_ablation/A1_A6_lifecycle_variation.csv,DERIVED
A6,C6,305,0.966996699669967,0.0006508527287121,0.0008598595027285,11,PHM2010,D1,PHM_D1_FROZEN_B11_B12,run_local_probability_variation,none,304,run_id_12_315_common_304,figures/fig4_ablation/A1_A6_lifecycle_variation.csv,DERIVED
A6,C6,306,0.9702970297029704,0.0012488669896156,0.0009426264927685,11,PHM2010,D1,PHM_D1_FROZEN_B11_B12,run_local_probability_variation,none,304,run_id_12_315_common_304,figures/fig4_ablation/A1_A6_lifecycle_variation.csv,DERIVED
A6,C6,307,0.9735973597359736,4.242317229788753e-05,0.0010987668199749,11,PHM2010,D1,PHM_D1_FROZEN_B11_B12,run_local_probability_variation,none,304,run_id_12_315_common_304,figures/fig4_ablation/A1_A6_lifecycle_variation.csv,DERIVED
A6,C6,308,0.976897689768977,0.0010600637887588,0.0012072335708215,11,PHM2010,D1,PHM_D1_FROZEN_B11_B12,run_local_probability_variation,none,304,run_id_12_315_common_304,figures/fig4_ablation/A1_A6_lifecycle_variation.csv,DERIVED
A6,C6,309,0.9801980198019802,0.0007196589683223,0.0011974400713788,11,PHM2010,D1,PHM_D1_FROZEN_B11_B12,run_local_probability_variation,none,304,run_id_12_315_common_304,figures/fig4_ablation/A1_A6_lifecycle_variation.csv,DERIVED
A6,C6,310,0.9834983498349836,0.0007875683625727,0.0013584281238445,11,PHM2010,D1,PHM_D1_FROZEN_B11_B12,run_local_probability_variation,none,304,run_id_12_315_common_304,figures/fig4_ablation/A1_A6_lifecycle_variation.csv,DERIVED
A6,C6,311,0.9867986798679867,0.0022408489232967,0.0014291856633577,11,PHM2010,D1,PHM_D1_FROZEN_B11_B12,run_local_probability_variation,none,304,run_id_12_315_common_304,figures/fig4_ablation/A1_A6_lifecycle_variation.csv,DERIVED
A6,C6,312,0.99009900990099,0.0019784079479634,0.0014492210715513,11,PHM2010,D1,PHM_D1_FROZEN_B11_B12,run_local_probability_variation,none,304,run_id_12_315_common_304,figures/fig4_ablation/A1_A6_lifecycle_variation.csv,DERIVED
A6,C6,313,0.9933993399339934,0.0028843715384391,0.001625070808958,11,PHM2010,D1,PHM_D1_FROZEN_B11_B12,run_local_probability_variation,none,304,run_id_12_315_common_304,figures/fig4_ablation/A1_A6_lifecycle_variation.csv,DERIVED
A6,C6,314,0.9966996699669968,0.0001217782298616,0.0017057860975579,11,PHM2010,D1,PHM_D1_FROZEN_B11_B12,run_local_probability_variation,none,304,run_id_12_315_common_304,figures/fig4_ablation/A1_A6_lifecycle_variation.csv,DERIVED
A6,C6,315,1.0,0.0032078687124492,0.0018701406190971,11,PHM2010,D1,PHM_D1_FROZEN_B11_B12,run_local_probability_variation,none,304,run_id_12_315_common_304,figures/fig4_ablation/A1_A6_lifecycle_variation.csv,DERIVED
