condition,run_id,subwindow,stage_original,stage_original_id,VB,stage_unified,stage_unified_id
C1,1,0,initial,0,48.89261732,early,0
C1,1,1,initial,0,48.89261732,early,0
C1,1,2,initial,0,48.89261732,early,0
C1,1,3,initial,0,48.89261732,early,0
C1,1,4,initial,0,48.89261732,early,0
C1,2,0,initial,0,49.57081504,early,0
C1,2,1,initial,0,49.57081504,early,0
C1,2,2,initial,0,49.57081504,early,0
C1,2,3,initial,0,49.57081504,early,0
C1,2,4,initial,0,49.57081504,early,0
C1,3,0,initial,0,50.30286727,early,0
C1,3,1,initial,0,50.30286727,early,0
C1,3,2,initial,0,50.30286727,early,0
C1,3,3,initial,0,50.30286727,early,0
C1,3,4,initial,0,50.30286727,early,0
C1,4,0,initial,0,51.08365203,early,0
C1,4,1,initial,0,51.08365203,early,0
C1,4,2,initial,0,51.08365203,early,0
C1,4,3,initial,0,51.08365203,early,0
C1,4,4,initial,0,51.08365203,early,0
C1,5,0,initial,0,52.25032922,early,0
C1,5,1,initial,0,52.25032922,early,0
C1,5,2,initial,0,52.25032922,early,0
C1,5,3,initial,0,52.25032922,early,0
C1,5,4,initial,0,52.25032922,early,0
C1,6,0,initial,0,56.28276562,early,0
C1,6,1,initial,0,56.28276562,early,0
C1,6,2,initial,0,56.28276562,early,0
C1,6,3,initial,0,56.28276562,early,0
C1,6,4,initial,0,56.28276562,early,0
C1,7,0,initial,0,59.97661561,early,0
C1,7,1,initial,0,59.97661561,early,0
C1,7,2,initial,0,59.97661561,early,0
C1,7,3,initial,0,59.97661561,early,0
C1,7,4,initial,0,59.97661561,early,0
C1,8,0,initial,0,63.3512879,early,0
C1,8,1,initial,0,63.3512879,early,0
C1,8,2,initial,0,63.3512879,early,0
C1,8,3,initial,0,63.3512879,early,0
C1,8,4,initial,0,63.3512879,early,0
C1,9,0,initial,0,66.4253909,early,0
C1,9,1,initial,0,66.4253909,early,0
C1,9,2,initial,0,66.4253909,early,0
C1,9,3,initial,0,66.4253909,early,0
C1,9,4,initial,0,66.4253909,early,0
C1,10,0,initial,0,69.21675719,early,0
C1,10,1,initial,0,69.21675719,early,0
C1,10,2,initial,0,69.21675719,early,0
C1,10,3,initial,0,69.21675719,early,0
C1,10,4,initial,0,69.21675719,early,0
C1,11,0,initial,0,71.74246752,early,0
C1,11,1,initial,0,71.74246752,early,0
C1,11,2,initial,0,71.74246752,early,0
C1,11,3,initial,0,71.74246752,early,0
C1,11,4,initial,0,71.74246752,early,0
C1,12,0,initial,0,74.01887416,early,0
C1,12,1,initial,0,74.01887416,early,0
C1,12,2,initial,0,74.01887416,early,0
C1,12,3,initial,0,74.01887416,early,0
C1,12,4,initial,0,74.01887416,early,0
C1,13,0,initial,0,76.06162381,early,0
C1,13,1,initial,0,76.06162381,early,0
C1,13,2,initial,0,76.06162381,early,0
C1,13,3,initial,0,76.06162381,early,0
C1,13,4,initial,0,76.06162381,early,0
C1,14,0,initial,0,77.88567991,early,0
C1,14,1,initial,0,77.88567991,early,0
C1,14,2,initial,0,77.88567991,early,0
C1,14,3,initial,0,77.88567991,early,0
C1,14,4,initial,0,77.88567991,early,0
C1,15,0,initial,0,79.50534445,early,0
C1,15,1,initial,0,79.50534445,early,0
C1,15,2,initial,0,79.50534445,early,0
C1,15,3,initial,0,79.50534445,early,0
C1,15,4,initial,0,79.50534445,early,0
C1,16,0,initial,0,80.93427925,early,0
C1,16,1,initial,0,80.93427925,early,0
C1,16,2,initial,0,80.93427925,early,0
C1,16,3,initial,0,80.93427925,early,0
C1,16,4,initial,0,80.93427925,early,0
C1,17,0,initial,0,82.18552678,early,0
C1,17,1,initial,0,82.18552678,early,0
C1,17,2,initial,0,82.18552678,early,0
C1,17,3,initial,0,82.18552678,early,0
C1,17,4,initial,0,82.18552678,early,0
C1,18,0,initial,0,83.27153045,early,0
C1,18,1,initial,0,83.27153045,early,0
C1,18,2,initial,0,83.27153045,early,0
C1,18,3,initial,0,83.27153045,early,0
C1,18,4,initial,0,83.27153045,early,0
C1,19,0,initial,0,84.20415441,early,0
C1,19,1,initial,0,84.20415441,early,0
C1,19,2,initial,0,84.20415441,early,0
C1,19,3,initial,0,84.20415441,early,0
C1,19,4,initial,0,84.20415441,early,0
C1,20,0,initial,0,84.99470288,early,0
C1,20,1,initial,0,84.99470288,early,0
C1,20,2,initial,0,84.99470288,early,0
C1,20,3,initial,0,84.99470288,early,0
C1,20,4,initial,0,84.99470288,early,0
C1,21,0,initial,0,85.653939,early,0
C1,21,1,initial,0,85.653939,early,0
C1,21,2,initial,0,85.653939,early,0
C1,21,3,initial,0,85.653939,early,0
C1,21,4,initial,0,85.653939,early,0
C1,22,0,initial,0,86.19210327,early,0
C1,22,1,initial,0,86.19210327,early,0
C1,22,2,initial,0,86.19210327,early,0
C1,22,3,initial,0,86.19210327,early,0
C1,22,4,initial,0,86.19210327,early,0
C1,23,0,initial,0,86.61893145,early,0
C1,23,1,initial,0,86.61893145,early,0
C1,23,2,initial,0,86.61893145,early,0
C1,23,3,initial,0,86.61893145,early,0
C1,23,4,initial,0,86.61893145,early,0
C1,24,0,initial,0,86.94367205,early,0
C1,24,1,initial,0,86.94367205,early,0
C1,24,2,initial,0,86.94367205,early,0
C1,24,3,initial,0,86.94367205,early,0
C1,24,4,initial,0,86.94367205,early,0
C1,25,0,initial,0,87.17510345,early,0
C1,25,1,initial,0,87.17510345,early,0
C1,25,2,initial,0,87.17510345,early,0
C1,25,3,initial,0,87.17510345,early,0
C1,25,4,initial,0,87.17510345,early,0
C1,26,0,initial,0,87.32155046,early,0
C1,26,1,initial,0,87.32155046,early,0
C1,26,2,initial,0,87.32155046,early,0
C1,26,3,initial,0,87.32155046,early,0
C1,26,4,initial,0,87.32155046,early,0
C1,27,0,initial,0,87.39090058,early,0
C1,27,1,initial,0,87.39090058,early,0
C1,27,2,initial,0,87.39090058,early,0
C1,27,3,initial,0,87.39090058,early,0
C1,27,4,initial,0,87.39090058,early,0
C1,28,0,initial,0,87.39090058,early,0
C1,28,1,initial,0,87.39090058,early,0
C1,28,2,initial,0,87.39090058,early,0
C1,28,3,initial,0,87.39090058,early,0
C1,28,4,initial,0,87.39090058,early,0
C1,29,0,initial,0,87.39090058,early,0
C1,29,1,initial,0,87.39090058,early,0
C1,29,2,initial,0,87.39090058,early,0
C1,29,3,initial,0,87.39090058,early,0
C1,29,4,initial,0,87.39090058,early,0
C1,30,0,initial,0,87.39090058,early,0
C1,30,1,initial,0,87.39090058,early,0
C1,30,2,initial,0,87.39090058,early,0
C1,30,3,initial,0,87.39090058,early,0
C1,30,4,initial,0,87.39090058,early,0
C1,31,0,initial,0,87.39090058,early,0
C1,31,1,initial,0,87.39090058,early,0
C1,31,2,initial,0,87.39090058,early,0
C1,31,3,initial,0,87.39090058,early,0
C1,31,4,initial,0,87.39090058,early,0
C1,32,0,initial,0,87.39090058,early,0
C1,32,1,initial,0,87.39090058,early,0
C1,32,2,initial,0,87.39090058,early,0
C1,32,3,initial,0,87.39090058,early,0
C1,32,4,initial,0,87.39090058,early,0
C1,33,0,initial,0,87.39090058,early,0
C1,33,1,initial,0,87.39090058,early,0
C1,33,2,initial,0,87.39090058,early,0
C1,33,3,initial,0,87.39090058,early,0
C1,33,4,initial,0,87.39090058,early,0
C1,34,0,initial,0,87.39090058,early,0
C1,34,1,initial,0,87.39090058,early,0
C1,34,2,initial,0,87.39090058,early,0
C1,34,3,initial,0,87.39090058,early,0
C1,34,4,initial,0,87.39090058,early,0
C1,35,0,initial,0,87.39090058,early,0
C1,35,1,initial,0,87.39090058,early,0
C1,35,2,initial,0,87.39090058,early,0
C1,35,3,initial,0,87.39090058,early,0
C1,35,4,initial,0,87.39090058,early,0
C1,36,0,initial,0,87.39090058,early,0
C1,36,1,initial,0,87.39090058,early,0
C1,36,2,initial,0,87.39090058,early,0
C1,36,3,initial,0,87.39090058,early,0
C1,36,4,initial,0,87.39090058,early,0
C1,37,0,initial,0,87.39090058,early,0
C1,37,1,initial,0,87.39090058,early,0
C1,37,2,initial,0,87.39090058,early,0
C1,37,3,initial,0,87.39090058,early,0
C1,37,4,initial,0,87.39090058,early,0
C1,38,0,initial,0,87.39090058,early,0
C1,38,1,initial,0,87.39090058,early,0
C1,38,2,initial,0,87.39090058,early,0
C1,38,3,initial,0,87.39090058,early,0
C1,38,4,initial,0,87.39090058,early,0
C1,39,0,initial,0,87.39090058,early,0
C1,39,1,initial,0,87.39090058,early,0
C1,39,2,initial,0,87.39090058,early,0
C1,39,3,initial,0,87.39090058,early,0
C1,39,4,initial,0,87.39090058,early,0
C1,40,0,initial,0,87.39090058,early,0
C1,40,1,initial,0,87.39090058,early,0
C1,40,2,initial,0,87.39090058,early,0
C1,40,3,initial,0,87.39090058,early,0
C1,40,4,initial,0,87.39090058,early,0
C1,41,0,initial,0,87.39090058,early,0
C1,41,1,initial,0,87.39090058,early,0
C1,41,2,initial,0,87.39090058,early,0
C1,41,3,initial,0,87.39090058,early,0
C1,41,4,initial,0,87.39090058,early,0
C1,42,0,initial,0,87.39090058,early,0
C1,42,1,initial,0,87.39090058,early,0
C1,42,2,initial,0,87.39090058,early,0
C1,42,3,initial,0,87.39090058,early,0
C1,42,4,initial,0,87.39090058,early,0
C1,43,0,initial,0,87.39090058,early,0
C1,43,1,initial,0,87.39090058,early,0
C1,43,2,initial,0,87.39090058,early,0
C1,43,3,initial,0,87.39090058,early,0
C1,43,4,initial,0,87.39090058,early,0
C1,44,0,initial,0,87.39090058,early,0
C1,44,1,initial,0,87.39090058,early,0
C1,44,2,initial,0,87.39090058,early,0
C1,44,3,initial,0,87.39090058,early,0
C1,44,4,initial,0,87.39090058,early,0
C1,45,0,initial,0,87.39554943,early,0
C1,45,1,initial,0,87.39554943,early,0
C1,45,2,initial,0,87.39554943,early,0
C1,45,3,initial,0,87.39554943,early,0
C1,45,4,initial,0,87.39554943,early,0
C1,46,0,initial,0,87.92458016,early,0
C1,46,1,initial,0,87.92458016,early,0
C1,46,2,initial,0,87.92458016,early,0
C1,46,3,initial,0,87.92458016,early,0
C1,46,4,initial,0,87.92458016,early,0
C1,47,0,initial,0,88.42988794,early,0
C1,47,1,initial,0,88.42988794,early,0
C1,47,2,initial,0,88.42988794,early,0
C1,47,3,initial,0,88.42988794,early,0
C1,47,4,initial,0,88.42988794,early,0
C1,48,0,initial,0,88.91169574,early,0
C1,48,1,initial,0,88.91169574,early,0
C1,48,2,initial,0,88.91169574,early,0
C1,48,3,initial,0,88.91169574,early,0
C1,48,4,initial,0,88.91169574,early,0
C1,49,0,initial,0,89.37026282,early,0
C1,49,1,initial,0,89.37026282,early,0
C1,49,2,initial,0,89.37026282,early,0
C1,49,3,initial,0,89.37026282,early,0
C1,49,4,initial,0,89.37026282,early,0
C1,50,0,initial,0,89.80588243,early,0
C1,50,1,initial,0,89.80588243,early,0
C1,50,2,initial,0,89.80588243,early,0
C1,50,3,initial,0,89.80588243,early,0
C1,50,4,initial,0,89.80588243,early,0
C1,51,0,normal,1,90.21887955,early,0
C1,51,1,normal,1,90.21887955,early,0
C1,51,2,normal,1,90.21887955,early,0
C1,51,3,normal,1,90.21887955,early,0
C1,51,4,normal,1,90.21887955,early,0
C1,52,0,normal,1,90.60960878,early,0
C1,52,1,normal,1,90.60960878,early,0
C1,52,2,normal,1,90.60960878,early,0
C1,52,3,normal,1,90.60960878,early,0
C1,52,4,normal,1,90.60960878,early,0
C1,53,0,normal,1,90.97845225,early,0
C1,53,1,normal,1,90.97845225,early,0
C1,53,2,normal,1,90.97845225,early,0
C1,53,3,normal,1,90.97845225,early,0
C1,53,4,normal,1,90.97845225,early,0
C1,54,0,normal,1,91.32581757,early,0
C1,54,1,normal,1,91.32581757,early,0
C1,54,2,normal,1,91.32581757,early,0
C1,54,3,normal,1,91.32581757,early,0
C1,54,4,normal,1,91.32581757,early,0
C1,55,0,normal,1,91.65213593,early,0
C1,55,1,normal,1,91.65213593,early,0
C1,55,2,normal,1,91.65213593,early,0
C1,55,3,normal,1,91.65213593,early,0
C1,55,4,normal,1,91.65213593,early,0
C1,56,0,normal,1,91.95786023,early,0
C1,56,1,normal,1,91.95786023,early,0
C1,56,2,normal,1,91.95786023,early,0
C1,56,3,normal,1,91.95786023,early,0
C1,56,4,normal,1,91.95786023,early,0
C1,57,0,normal,1,92.24346325,early,0
C1,57,1,normal,1,92.24346325,early,0
C1,57,2,normal,1,92.24346325,early,0
C1,57,3,normal,1,92.24346325,early,0
C1,57,4,normal,1,92.24346325,early,0
C1,58,0,normal,1,92.50943591,early,0
C1,58,1,normal,1,92.50943591,early,0
C1,58,2,normal,1,92.50943591,early,0
C1,58,3,normal,1,92.50943591,early,0
C1,58,4,normal,1,92.50943591,early,0
C1,59,0,normal,1,92.7562856,early,0
C1,59,1,normal,1,92.7562856,early,0
C1,59,2,normal,1,92.7562856,early,0
C1,59,3,normal,1,92.7562856,early,0
C1,59,4,normal,1,92.7562856,early,0
C1,60,0,normal,1,92.98453457,early,0
C1,60,1,normal,1,92.98453457,early,0
C1,60,2,normal,1,92.98453457,early,0
C1,60,3,normal,1,92.98453457,early,0
C1,60,4,normal,1,92.98453457,early,0
C1,61,0,normal,1,93.19471836,early,0
C1,61,1,normal,1,93.19471836,early,0
C1,61,2,normal,1,93.19471836,early,0
C1,61,3,normal,1,93.19471836,early,0
C1,61,4,normal,1,93.19471836,early,0
C1,62,0,normal,1,93.38738431,early,0
C1,62,1,normal,1,93.38738431,early,0
C1,62,2,normal,1,93.38738431,early,0
C1,62,3,normal,1,93.38738431,early,0
C1,62,4,normal,1,93.38738431,early,0
C1,63,0,normal,1,93.56309014,early,0
C1,63,1,normal,1,93.56309014,early,0
C1,63,2,normal,1,93.56309014,early,0
C1,63,3,normal,1,93.56309014,early,0
C1,63,4,normal,1,93.56309014,early,0
C1,64,0,normal,1,93.72240252,early,0
C1,64,1,normal,1,93.72240252,early,0
C1,64,2,normal,1,93.72240252,early,0
C1,64,3,normal,1,93.72240252,early,0
C1,64,4,normal,1,93.72240252,early,0
C1,65,0,normal,1,93.86589581,early,0
C1,65,1,normal,1,93.86589581,early,0
C1,65,2,normal,1,93.86589581,early,0
C1,65,3,normal,1,93.86589581,early,0
C1,65,4,normal,1,93.86589581,early,0
C1,66,0,normal,1,93.99415074,early,0
C1,66,1,normal,1,93.99415074,early,0
C1,66,2,normal,1,93.99415074,early,0
C1,66,3,normal,1,93.99415074,early,0
C1,66,4,normal,1,93.99415074,early,0
C1,67,0,normal,1,94.10775318,early,0
C1,67,1,normal,1,94.10775318,early,0
C1,67,2,normal,1,94.10775318,early,0
C1,67,3,normal,1,94.10775318,early,0
C1,67,4,normal,1,94.10775318,early,0
C1,68,0,normal,1,94.20729304,early,0
C1,68,1,normal,1,94.20729304,early,0
C1,68,2,normal,1,94.20729304,early,0
C1,68,3,normal,1,94.20729304,early,0
C1,68,4,normal,1,94.20729304,early,0
C1,69,0,normal,1,94.29336308,early,0
C1,69,1,normal,1,94.29336308,early,0
C1,69,2,normal,1,94.29336308,early,0
C1,69,3,normal,1,94.29336308,early,0
C1,69,4,normal,1,94.29336308,early,0
C1,70,0,normal,1,94.36655788,early,0
C1,70,1,normal,1,94.36655788,early,0
C1,70,2,normal,1,94.36655788,early,0
C1,70,3,normal,1,94.36655788,early,0
C1,70,4,normal,1,94.36655788,early,0
C1,71,0,normal,1,94.42747281,early,0
C1,71,1,normal,1,94.42747281,early,0
C1,71,2,normal,1,94.42747281,early,0
C1,71,3,normal,1,94.42747281,early,0
C1,71,4,normal,1,94.42747281,early,0
C1,72,0,normal,1,94.47670304,early,0
C1,72,1,normal,1,94.47670304,early,0
C1,72,2,normal,1,94.47670304,early,0
C1,72,3,normal,1,94.47670304,early,0
C1,72,4,normal,1,94.47670304,early,0
C1,73,0,normal,1,94.51484266,early,0
C1,73,1,normal,1,94.51484266,early,0
C1,73,2,normal,1,94.51484266,early,0
C1,73,3,normal,1,94.51484266,early,0
C1,73,4,normal,1,94.51484266,early,0
C1,74,0,normal,1,94.54248373,early,0
C1,74,1,normal,1,94.54248373,early,0
C1,74,2,normal,1,94.54248373,early,0
C1,74,3,normal,1,94.54248373,early,0
C1,74,4,normal,1,94.54248373,early,0
C1,75,0,normal,1,94.5602155,early,0
C1,75,1,normal,1,94.5602155,early,0
C1,75,2,normal,1,94.5602155,early,0
C1,75,3,normal,1,94.5602155,early,0
C1,75,4,normal,1,94.5602155,early,0
C1,76,0,normal,1,94.56862356,early,0
C1,76,1,normal,1,94.56862356,early,0
C1,76,2,normal,1,94.56862356,early,0
C1,76,3,normal,1,94.56862356,early,0
C1,76,4,normal,1,94.56862356,early,0
C1,77,0,normal,1,94.56862356,early,0
C1,77,1,normal,1,94.56862356,early,0
C1,77,2,normal,1,94.56862356,early,0
C1,77,3,normal,1,94.56862356,early,0
C1,77,4,normal,1,94.56862356,early,0
C1,78,0,normal,1,94.56862356,early,0
C1,78,1,normal,1,94.56862356,early,0
C1,78,2,normal,1,94.56862356,early,0
C1,78,3,normal,1,94.56862356,early,0
C1,78,4,normal,1,94.56862356,early,0
C1,79,0,normal,1,94.56862356,early,0
C1,79,1,normal,1,94.56862356,early,0
C1,79,2,normal,1,94.56862356,early,0
C1,79,3,normal,1,94.56862356,early,0
C1,79,4,normal,1,94.56862356,early,0
C1,80,0,normal,1,94.56862356,early,0
C1,80,1,normal,1,94.56862356,early,0
C1,80,2,normal,1,94.56862356,early,0
C1,80,3,normal,1,94.56862356,early,0
C1,80,4,normal,1,94.56862356,early,0
C1,81,0,normal,1,94.56862356,early,0
C1,81,1,normal,1,94.56862356,early,0
C1,81,2,normal,1,94.56862356,early,0
C1,81,3,normal,1,94.56862356,early,0
C1,81,4,normal,1,94.56862356,early,0
C1,82,0,normal,1,94.56862356,early,0
C1,82,1,normal,1,94.56862356,early,0
C1,82,2,normal,1,94.56862356,early,0
C1,82,3,normal,1,94.56862356,early,0
C1,82,4,normal,1,94.56862356,early,0
C1,83,0,normal,1,94.56862356,early,0
C1,83,1,normal,1,94.56862356,early,0
C1,83,2,normal,1,94.56862356,early,0
C1,83,3,normal,1,94.56862356,early,0
C1,83,4,normal,1,94.56862356,early,0
C1,84,0,normal,1,94.56862356,early,0
C1,84,1,normal,1,94.56862356,early,0
C1,84,2,normal,1,94.56862356,early,0
C1,84,3,normal,1,94.56862356,early,0
C1,84,4,normal,1,94.56862356,early,0
C1,85,0,normal,1,94.56862356,early,0
C1,85,1,normal,1,94.56862356,early,0
C1,85,2,normal,1,94.56862356,early,0
C1,85,3,normal,1,94.56862356,early,0
C1,85,4,normal,1,94.56862356,early,0
C1,86,0,normal,1,94.56862356,early,0
C1,86,1,normal,1,94.56862356,early,0
C1,86,2,normal,1,94.56862356,early,0
C1,86,3,normal,1,94.56862356,early,0
C1,86,4,normal,1,94.56862356,early,0
C1,87,0,normal,1,94.56862356,early,0
C1,87,1,normal,1,94.56862356,early,0
C1,87,2,normal,1,94.56862356,early,0
C1,87,3,normal,1,94.56862356,early,0
C1,87,4,normal,1,94.56862356,early,0
C1,88,0,normal,1,94.56862356,early,0
C1,88,1,normal,1,94.56862356,early,0
C1,88,2,normal,1,94.56862356,early,0
C1,88,3,normal,1,94.56862356,early,0
C1,88,4,normal,1,94.56862356,early,0
C1,89,0,normal,1,94.56862356,early,0
C1,89,1,normal,1,94.56862356,early,0
C1,89,2,normal,1,94.56862356,early,0
C1,89,3,normal,1,94.56862356,early,0
C1,89,4,normal,1,94.56862356,early,0
C1,90,0,normal,1,94.56862356,early,0
C1,90,1,normal,1,94.56862356,early,0
C1,90,2,normal,1,94.56862356,early,0
C1,90,3,normal,1,94.56862356,early,0
C1,90,4,normal,1,94.56862356,early,0
C1,91,0,normal,1,94.56862356,early,0
C1,91,1,normal,1,94.56862356,early,0
C1,91,2,normal,1,94.56862356,early,0
C1,91,3,normal,1,94.56862356,early,0
C1,91,4,normal,1,94.56862356,early,0
C1,92,0,normal,1,94.56862356,early,0
C1,92,1,normal,1,94.56862356,early,0
C1,92,2,normal,1,94.56862356,early,0
C1,92,3,normal,1,94.56862356,early,0
C1,92,4,normal,1,94.56862356,early,0
C1,93,0,normal,1,94.56862356,early,0
C1,93,1,normal,1,94.56862356,early,0
C1,93,2,normal,1,94.56862356,early,0
C1,93,3,normal,1,94.56862356,early,0
C1,93,4,normal,1,94.56862356,early,0
C1,94,0,normal,1,94.56862356,early,0
C1,94,1,normal,1,94.56862356,early,0
C1,94,2,normal,1,94.56862356,early,0
C1,94,3,normal,1,94.56862356,early,0
C1,94,4,normal,1,94.56862356,early,0
C1,95,0,normal,1,94.56862356,early,0
C1,95,1,normal,1,94.56862356,early,0
C1,95,2,normal,1,94.56862356,early,0
C1,95,3,normal,1,94.56862356,early,0
C1,95,4,normal,1,94.56862356,early,0
C1,96,0,normal,1,94.56862356,early,0
C1,96,1,normal,1,94.56862356,early,0
C1,96,2,normal,1,94.56862356,early,0
C1,96,3,normal,1,94.56862356,early,0
C1,96,4,normal,1,94.56862356,early,0
C1,97,0,normal,1,94.56862356,early,0
C1,97,1,normal,1,94.56862356,early,0
C1,97,2,normal,1,94.56862356,early,0
C1,97,3,normal,1,94.56862356,early,0
C1,97,4,normal,1,94.56862356,early,0
C1,98,0,normal,1,94.56862356,early,0
C1,98,1,normal,1,94.56862356,early,0
C1,98,2,normal,1,94.56862356,early,0
C1,98,3,normal,1,94.56862356,early,0
C1,98,4,normal,1,94.56862356,early,0
C1,99,0,normal,1,94.56862356,early,0
C1,99,1,normal,1,94.56862356,early,0
C1,99,2,normal,1,94.56862356,early,0
C1,99,3,normal,1,94.56862356,early,0
C1,99,4,normal,1,94.56862356,early,0
C1,100,0,normal,1,94.56862356,early,0
C1,100,1,normal,1,94.56862356,early,0
C1,100,2,normal,1,94.56862356,early,0
C1,100,3,normal,1,94.56862356,early,0
C1,100,4,normal,1,94.56862356,early,0
C1,101,0,normal,1,94.56862356,early,0
C1,101,1,normal,1,94.56862356,early,0
C1,101,2,normal,1,94.56862356,early,0
C1,101,3,normal,1,94.56862356,early,0
C1,101,4,normal,1,94.56862356,early,0
C1,102,0,normal,1,94.56862356,early,0
C1,102,1,normal,1,94.56862356,early,0
C1,102,2,normal,1,94.56862356,early,0
C1,102,3,normal,1,94.56862356,early,0
C1,102,4,normal,1,94.56862356,early,0
C1,103,0,normal,1,94.56862356,early,0
C1,103,1,normal,1,94.56862356,early,0
C1,103,2,normal,1,94.56862356,early,0
C1,103,3,normal,1,94.56862356,early,0
C1,103,4,normal,1,94.56862356,early,0
C1,104,0,normal,1,94.56862356,early,0
C1,104,1,normal,1,94.56862356,early,0
C1,104,2,normal,1,94.56862356,early,0
C1,104,3,normal,1,94.56862356,early,0
C1,104,4,normal,1,94.56862356,early,0
C1,105,0,normal,1,94.56862356,early,0
C1,105,1,normal,1,94.56862356,early,0
C1,105,2,normal,1,94.56862356,early,0
C1,105,3,normal,1,94.56862356,early,0
C1,105,4,normal,1,94.56862356,early,0
C1,106,0,normal,1,94.56862356,early,0
C1,106,1,normal,1,94.56862356,early,0
C1,106,2,normal,1,94.56862356,early,0
C1,106,3,normal,1,94.56862356,early,0
C1,106,4,normal,1,94.56862356,early,0
C1,107,0,normal,1,94.56862356,early,0
C1,107,1,normal,1,94.56862356,early,0
C1,107,2,normal,1,94.56862356,early,0
C1,107,3,normal,1,94.56862356,early,0
C1,107,4,normal,1,94.56862356,early,0
C1,108,0,normal,1,94.56862356,early,0
C1,108,1,normal,1,94.56862356,early,0
C1,108,2,normal,1,94.56862356,early,0
C1,108,3,normal,1,94.56862356,early,0
C1,108,4,normal,1,94.56862356,early,0
C1,109,0,normal,1,94.56862356,early,0
C1,109,1,normal,1,94.56862356,early,0
C1,109,2,normal,1,94.56862356,early,0
C1,109,3,normal,1,94.56862356,early,0
C1,109,4,normal,1,94.56862356,early,0
C1,110,0,normal,1,94.56862356,early,0
C1,110,1,normal,1,94.56862356,early,0
C1,110,2,normal,1,94.56862356,early,0
C1,110,3,normal,1,94.56862356,early,0
C1,110,4,normal,1,94.56862356,early,0
C1,111,0,normal,1,94.56862356,early,0
C1,111,1,normal,1,94.56862356,early,0
C1,111,2,normal,1,94.56862356,early,0
C1,111,3,normal,1,94.56862356,early,0
C1,111,4,normal,1,94.56862356,early,0
C1,112,0,normal,1,94.56862356,early,0
C1,112,1,normal,1,94.56862356,early,0
C1,112,2,normal,1,94.56862356,early,0
C1,112,3,normal,1,94.56862356,early,0
C1,112,4,normal,1,94.56862356,early,0
C1,113,0,normal,1,94.56862356,early,0
C1,113,1,normal,1,94.56862356,early,0
C1,113,2,normal,1,94.56862356,early,0
C1,113,3,normal,1,94.56862356,early,0
C1,113,4,normal,1,94.56862356,early,0
C1,114,0,normal,1,94.56862356,early,0
C1,114,1,normal,1,94.56862356,early,0
C1,114,2,normal,1,94.56862356,early,0
C1,114,3,normal,1,94.56862356,early,0
C1,114,4,normal,1,94.56862356,early,0
C1,115,0,normal,1,94.56862356,early,0
C1,115,1,normal,1,94.56862356,early,0
C1,115,2,normal,1,94.56862356,early,0
C1,115,3,normal,1,94.56862356,early,0
C1,115,4,normal,1,94.56862356,early,0
C1,116,0,normal,1,94.56862356,early,0
C1,116,1,normal,1,94.56862356,early,0
C1,116,2,normal,1,94.56862356,early,0
C1,116,3,normal,1,94.56862356,early,0
C1,116,4,normal,1,94.56862356,early,0
C1,117,0,normal,1,94.56862356,middle,1
C1,117,1,normal,1,94.56862356,middle,1
C1,117,2,normal,1,94.56862356,middle,1
C1,117,3,normal,1,94.56862356,middle,1
C1,117,4,normal,1,94.56862356,middle,1
C1,118,0,normal,1,94.56862356,middle,1
C1,118,1,normal,1,94.56862356,middle,1
C1,118,2,normal,1,94.56862356,middle,1
C1,118,3,normal,1,94.56862356,middle,1
C1,118,4,normal,1,94.56862356,middle,1
C1,119,0,normal,1,94.56862356,middle,1
C1,119,1,normal,1,94.56862356,middle,1
C1,119,2,normal,1,94.56862356,middle,1
C1,119,3,normal,1,94.56862356,middle,1
C1,119,4,normal,1,94.56862356,middle,1
C1,120,0,normal,1,94.58162515,middle,1
C1,120,1,normal,1,94.58162515,middle,1
C1,120,2,normal,1,94.58162515,middle,1
C1,120,3,normal,1,94.58162515,middle,1
C1,120,4,normal,1,94.58162515,middle,1
C1,121,0,normal,1,94.88972237,middle,1
C1,121,1,normal,1,94.88972237,middle,1
C1,121,2,normal,1,94.88972237,middle,1
C1,121,3,normal,1,94.88972237,middle,1
C1,121,4,normal,1,94.88972237,middle,1
C1,122,0,normal,1,95.19110376,middle,1
C1,122,1,normal,1,95.19110376,middle,1
C1,122,2,normal,1,95.19110376,middle,1
C1,122,3,normal,1,95.19110376,middle,1
C1,122,4,normal,1,95.19110376,middle,1
C1,123,0,normal,1,95.48569329,middle,1
C1,123,1,normal,1,95.48569329,middle,1
C1,123,2,normal,1,95.48569329,middle,1
C1,123,3,normal,1,95.48569329,middle,1
C1,123,4,normal,1,95.48569329,middle,1
C1,124,0,normal,1,95.77343457,middle,1
C1,124,1,normal,1,95.77343457,middle,1
C1,124,2,normal,1,95.77343457,middle,1
C1,124,3,normal,1,95.77343457,middle,1
C1,124,4,normal,1,95.77343457,middle,1
C1,125,0,normal,1,96.05429047,middle,1
C1,125,1,normal,1,96.05429047,middle,1
C1,125,2,normal,1,96.05429047,middle,1
C1,125,3,normal,1,96.05429047,middle,1
C1,125,4,normal,1,96.05429047,middle,1
C1,126,0,normal,1,96.32824273,middle,1
C1,126,1,normal,1,96.32824273,middle,1
C1,126,2,normal,1,96.32824273,middle,1
C1,126,3,normal,1,96.32824273,middle,1
C1,126,4,normal,1,96.32824273,middle,1
C1,127,0,normal,1,96.59529149,middle,1
C1,127,1,normal,1,96.59529149,middle,1
C1,127,2,normal,1,96.59529149,middle,1
C1,127,3,normal,1,96.59529149,middle,1
C1,127,4,normal,1,96.59529149,middle,1
C1,128,0,normal,1,96.85545491,middle,1
C1,128,1,normal,1,96.85545491,middle,1
C1,128,2,normal,1,96.85545491,middle,1
C1,128,3,normal,1,96.85545491,middle,1
C1,128,4,normal,1,96.85545491,middle,1
C1,129,0,normal,1,97.10876863,middle,1
C1,129,1,normal,1,97.10876863,middle,1
C1,129,2,normal,1,97.10876863,middle,1
C1,129,3,normal,1,97.10876863,middle,1
C1,129,4,normal,1,97.10876863,middle,1
C1,130,0,normal,1,97.35528535,middle,1
C1,130,1,normal,1,97.35528535,middle,1
C1,130,2,normal,1,97.35528535,middle,1
C1,130,3,normal,1,97.35528535,middle,1
C1,130,4,normal,1,97.35528535,middle,1
C1,131,0,normal,1,97.59507432,middle,1
C1,131,1,normal,1,97.59507432,middle,1
C1,131,2,normal,1,97.59507432,middle,1
C1,131,3,normal,1,97.59507432,middle,1
C1,131,4,normal,1,97.59507432,middle,1
C1,132,0,normal,1,97.82822082,middle,1
C1,132,1,normal,1,97.82822082,middle,1
C1,132,2,normal,1,97.82822082,middle,1
C1,132,3,normal,1,97.82822082,middle,1
C1,132,4,normal,1,97.82822082,middle,1
C1,133,0,normal,1,98.05482567,middle,1
C1,133,1,normal,1,98.05482567,middle,1
C1,133,2,normal,1,98.05482567,middle,1
C1,133,3,normal,1,98.05482567,middle,1
C1,133,4,normal,1,98.05482567,middle,1
C1,134,0,normal,1,98.27500469,middle,1
C1,134,1,normal,1,98.27500469,middle,1
C1,134,2,normal,1,98.27500469,middle,1
C1,134,3,normal,1,98.27500469,middle,1
C1,134,4,normal,1,98.27500469,middle,1
C1,135,0,normal,1,98.48888816,middle,1
C1,135,1,normal,1,98.48888816,middle,1
C1,135,2,normal,1,98.48888816,middle,1
C1,135,3,normal,1,98.48888816,middle,1
C1,135,4,normal,1,98.48888816,middle,1
C1,136,0,normal,1,98.69662026,middle,1
C1,136,1,normal,1,98.69662026,middle,1
C1,136,2,normal,1,98.69662026,middle,1
C1,136,3,normal,1,98.69662026,middle,1
C1,136,4,normal,1,98.69662026,middle,1
C1,137,0,normal,1,98.89835857,middle,1
C1,137,1,normal,1,98.89835857,middle,1
C1,137,2,normal,1,98.89835857,middle,1
C1,137,3,normal,1,98.89835857,middle,1
C1,137,4,normal,1,98.89835857,middle,1
C1,138,0,normal,1,99.09427345,middle,1
C1,138,1,normal,1,99.09427345,middle,1
C1,138,2,normal,1,99.09427345,middle,1
C1,138,3,normal,1,99.09427345,middle,1
C1,138,4,normal,1,99.09427345,middle,1
C1,139,0,normal,1,99.2845475,middle,1
C1,139,1,normal,1,99.2845475,middle,1
C1,139,2,normal,1,99.2845475,middle,1
C1,139,3,normal,1,99.2845475,middle,1
C1,139,4,normal,1,99.2845475,middle,1
C1,140,0,normal,1,99.469375,middle,1
C1,140,1,normal,1,99.469375,middle,1
C1,140,2,normal,1,99.469375,middle,1
C1,140,3,normal,1,99.469375,middle,1
C1,140,4,normal,1,99.469375,middle,1
C1,141,0,normal,1,99.64896132,middle,1
C1,141,1,normal,1,99.64896132,middle,1
C1,141,2,normal,1,99.64896132,middle,1
C1,141,3,normal,1,99.64896132,middle,1
C1,141,4,normal,1,99.64896132,middle,1
C1,142,0,normal,1,99.82352237,middle,1
C1,142,1,normal,1,99.82352237,middle,1
C1,142,2,normal,1,99.82352237,middle,1
C1,142,3,normal,1,99.82352237,middle,1
C1,142,4,normal,1,99.82352237,middle,1
C1,143,0,normal,1,99.99328397,middle,1
C1,143,1,normal,1,99.99328397,middle,1
C1,143,2,normal,1,99.99328397,middle,1
C1,143,3,normal,1,99.99328397,middle,1
C1,143,4,normal,1,99.99328397,middle,1
C1,144,0,normal,1,100.1584813,middle,1
C1,144,1,normal,1,100.1584813,middle,1
C1,144,2,normal,1,100.1584813,middle,1
C1,144,3,normal,1,100.1584813,middle,1
C1,144,4,normal,1,100.1584813,middle,1
C1,145,0,normal,1,100.3193584,middle,1
C1,145,1,normal,1,100.3193584,middle,1
C1,145,2,normal,1,100.3193584,middle,1
C1,145,3,normal,1,100.3193584,middle,1
C1,145,4,normal,1,100.3193584,middle,1
C1,146,0,normal,1,100.4761675,middle,1
C1,146,1,normal,1,100.4761675,middle,1
C1,146,2,normal,1,100.4761675,middle,1
C1,146,3,normal,1,100.4761675,middle,1
C1,146,4,normal,1,100.4761675,middle,1
C1,147,0,normal,1,100.6291683,middle,1
C1,147,1,normal,1,100.6291683,middle,1
C1,147,2,normal,1,100.6291683,middle,1
C1,147,3,normal,1,100.6291683,middle,1
C1,147,4,normal,1,100.6291683,middle,1
C1,148,0,normal,1,100.7786279,middle,1
C1,148,1,normal,1,100.7786279,middle,1
C1,148,2,normal,1,100.7786279,middle,1
C1,148,3,normal,1,100.7786279,middle,1
C1,148,4,normal,1,100.7786279,middle,1
C1,149,0,normal,1,100.9248194,middle,1
C1,149,1,normal,1,100.9248194,middle,1
C1,149,2,normal,1,100.9248194,middle,1
C1,149,3,normal,1,100.9248194,middle,1
C1,149,4,normal,1,100.9248194,middle,1
C1,150,0,normal,1,101.1797629,middle,1
C1,150,1,normal,1,101.1797629,middle,1
C1,150,2,normal,1,101.1797629,middle,1
C1,150,3,normal,1,101.1797629,middle,1
C1,150,4,normal,1,101.1797629,middle,1
C1,151,0,normal,1,101.5974715,middle,1
C1,151,1,normal,1,101.5974715,middle,1
C1,151,2,normal,1,101.5974715,middle,1
C1,151,3,normal,1,101.5974715,middle,1
C1,151,4,normal,1,101.5974715,middle,1
C1,152,0,normal,1,102.0215369,middle,1
C1,152,1,normal,1,102.0215369,middle,1
C1,152,2,normal,1,102.0215369,middle,1
C1,152,3,normal,1,102.0215369,middle,1
C1,152,4,normal,1,102.0215369,middle,1
C1,153,0,normal,1,102.4516511,middle,1
C1,153,1,normal,1,102.4516511,middle,1
C1,153,2,normal,1,102.4516511,middle,1
C1,153,3,normal,1,102.4516511,middle,1
C1,153,4,normal,1,102.4516511,middle,1
C1,154,0,normal,1,102.887502,middle,1
C1,154,1,normal,1,102.887502,middle,1
C1,154,2,normal,1,102.887502,middle,1
C1,154,3,normal,1,102.887502,middle,1
C1,154,4,normal,1,102.887502,middle,1
C1,155,0,normal,1,103.328774,middle,1
C1,155,1,normal,1,103.328774,middle,1
C1,155,2,normal,1,103.328774,middle,1
C1,155,3,normal,1,103.328774,middle,1
C1,155,4,normal,1,103.328774,middle,1
C1,156,0,normal,1,103.7751482,middle,1
C1,156,1,normal,1,103.7751482,middle,1
C1,156,2,normal,1,103.7751482,middle,1
C1,156,3,normal,1,103.7751482,middle,1
C1,156,4,normal,1,103.7751482,middle,1
C1,157,0,normal,1,104.2263032,middle,1
C1,157,1,normal,1,104.2263032,middle,1
C1,157,2,normal,1,104.2263032,middle,1
C1,157,3,normal,1,104.2263032,middle,1
C1,157,4,normal,1,104.2263032,middle,1
C1,158,0,normal,1,104.6819154,middle,1
C1,158,1,normal,1,104.6819154,middle,1
C1,158,2,normal,1,104.6819154,middle,1
C1,158,3,normal,1,104.6819154,middle,1
C1,158,4,normal,1,104.6819154,middle,1
C1,159,0,normal,1,105.1416593,middle,1
C1,159,1,normal,1,105.1416593,middle,1
C1,159,2,normal,1,105.1416593,middle,1
C1,159,3,normal,1,105.1416593,middle,1
C1,159,4,normal,1,105.1416593,middle,1
C1,160,0,normal,1,105.6052085,middle,1
C1,160,1,normal,1,105.6052085,middle,1
C1,160,2,normal,1,105.6052085,middle,1
C1,160,3,normal,1,105.6052085,middle,1
C1,160,4,normal,1,105.6052085,middle,1
C1,161,0,normal,1,106.0722354,middle,1
C1,161,1,normal,1,106.0722354,middle,1
C1,161,2,normal,1,106.0722354,middle,1
C1,161,3,normal,1,106.0722354,middle,1
C1,161,4,normal,1,106.0722354,middle,1
C1,162,0,normal,1,106.5424124,middle,1
C1,162,1,normal,1,106.5424124,middle,1
C1,162,2,normal,1,106.5424124,middle,1
C1,162,3,normal,1,106.5424124,middle,1
C1,162,4,normal,1,106.5424124,middle,1
C1,163,0,normal,1,107.0154117,middle,1
C1,163,1,normal,1,107.0154117,middle,1
C1,163,2,normal,1,107.0154117,middle,1
C1,163,3,normal,1,107.0154117,middle,1
C1,163,4,normal,1,107.0154117,middle,1
C1,164,0,normal,1,107.4909062,middle,1
C1,164,1,normal,1,107.4909062,middle,1
C1,164,2,normal,1,107.4909062,middle,1
C1,164,3,normal,1,107.4909062,middle,1
C1,164,4,normal,1,107.4909062,middle,1
C1,165,0,normal,1,107.9685697,middle,1
C1,165,1,normal,1,107.9685697,middle,1
C1,165,2,normal,1,107.9685697,middle,1
C1,165,3,normal,1,107.9685697,middle,1
C1,165,4,normal,1,107.9685697,middle,1
C1,166,0,normal,1,108.4480774,middle,1
C1,166,1,normal,1,108.4480774,middle,1
C1,166,2,normal,1,108.4480774,middle,1
C1,166,3,normal,1,108.4480774,middle,1
C1,166,4,normal,1,108.4480774,middle,1
C1,167,0,normal,1,108.9291061,middle,1
C1,167,1,normal,1,108.9291061,middle,1
C1,167,2,normal,1,108.9291061,middle,1
C1,167,3,normal,1,108.9291061,middle,1
C1,167,4,normal,1,108.9291061,middle,1
C1,168,0,normal,1,109.4113349,middle,1
C1,168,1,normal,1,109.4113349,middle,1
C1,168,2,normal,1,109.4113349,middle,1
C1,168,3,normal,1,109.4113349,middle,1
C1,168,4,normal,1,109.4113349,middle,1
C1,169,0,normal,1,109.8944454,middle,1
C1,169,1,normal,1,109.8944454,middle,1
C1,169,2,normal,1,109.8944454,middle,1
C1,169,3,normal,1,109.8944454,middle,1
C1,169,4,normal,1,109.8944454,middle,1
C1,170,0,normal,1,110.3781221,middle,1
C1,170,1,normal,1,110.3781221,middle,1
C1,170,2,normal,1,110.3781221,middle,1
C1,170,3,normal,1,110.3781221,middle,1
C1,170,4,normal,1,110.3781221,middle,1
C1,171,0,normal,1,110.8620528,middle,1
C1,171,1,normal,1,110.8620528,middle,1
C1,171,2,normal,1,110.8620528,middle,1
C1,171,3,normal,1,110.8620528,middle,1
C1,171,4,normal,1,110.8620528,middle,1
C1,172,0,normal,1,111.3459291,middle,1
C1,172,1,normal,1,111.3459291,middle,1
C1,172,2,normal,1,111.3459291,middle,1
C1,172,3,normal,1,111.3459291,middle,1
C1,172,4,normal,1,111.3459291,middle,1
C1,173,0,normal,1,111.8294463,middle,1
C1,173,1,normal,1,111.8294463,middle,1
C1,173,2,normal,1,111.8294463,middle,1
C1,173,3,normal,1,111.8294463,middle,1
C1,173,4,normal,1,111.8294463,middle,1
C1,174,0,normal,1,112.3123042,middle,1
C1,174,1,normal,1,112.3123042,middle,1
C1,174,2,normal,1,112.3123042,middle,1
C1,174,3,normal,1,112.3123042,middle,1
C1,174,4,normal,1,112.3123042,middle,1
C1,175,0,normal,1,112.7942074,middle,1
C1,175,1,normal,1,112.7942074,middle,1
C1,175,2,normal,1,112.7942074,middle,1
C1,175,3,normal,1,112.7942074,middle,1
C1,175,4,normal,1,112.7942074,middle,1
C1,176,0,severe,2,113.2748654,middle,1
C1,176,1,severe,2,113.2748654,middle,1
C1,176,2,severe,2,113.2748654,middle,1
C1,176,3,severe,2,113.2748654,middle,1
C1,176,4,severe,2,113.2748654,middle,1
C1,177,0,severe,2,113.7539929,middle,1
C1,177,1,severe,2,113.7539929,middle,1
C1,177,2,severe,2,113.7539929,middle,1
C1,177,3,severe,2,113.7539929,middle,1
C1,177,4,severe,2,113.7539929,middle,1
C1,178,0,severe,2,114.2313103,middle,1
C1,178,1,severe,2,114.2313103,middle,1
C1,178,2,severe,2,114.2313103,middle,1
C1,178,3,severe,2,114.2313103,middle,1
C1,178,4,severe,2,114.2313103,middle,1
C1,179,0,severe,2,114.7065438,middle,1
C1,179,1,severe,2,114.7065438,middle,1
C1,179,2,severe,2,114.7065438,middle,1
C1,179,3,severe,2,114.7065438,middle,1
C1,179,4,severe,2,114.7065438,middle,1
C1,180,0,severe,2,115.179426,middle,1
C1,180,1,severe,2,115.179426,middle,1
C1,180,2,severe,2,115.179426,middle,1
C1,180,3,severe,2,115.179426,middle,1
C1,180,4,severe,2,115.179426,middle,1
C1,181,0,severe,2,115.6496958,middle,1
C1,181,1,severe,2,115.6496958,middle,1
C1,181,2,severe,2,115.6496958,middle,1
C1,181,3,severe,2,115.6496958,middle,1
C1,181,4,severe,2,115.6496958,middle,1
C1,182,0,severe,2,116.1170987,middle,1
C1,182,1,severe,2,116.1170987,middle,1
C1,182,2,severe,2,116.1170987,middle,1
C1,182,3,severe,2,116.1170987,middle,1
C1,182,4,severe,2,116.1170987,middle,1
C1,183,0,severe,2,116.5813874,middle,1
C1,183,1,severe,2,116.5813874,middle,1
C1,183,2,severe,2,116.5813874,middle,1
C1,183,3,severe,2,116.5813874,middle,1
C1,183,4,severe,2,116.5813874,middle,1
C1,184,0,severe,2,117.0423215,middle,1
C1,184,1,severe,2,117.0423215,middle,1
C1,184,2,severe,2,117.0423215,middle,1
C1,184,3,severe,2,117.0423215,middle,1
C1,184,4,severe,2,117.0423215,middle,1
C1,185,0,severe,2,117.4996682,middle,1
C1,185,1,severe,2,117.4996682,middle,1
C1,185,2,severe,2,117.4996682,middle,1
C1,185,3,severe,2,117.4996682,middle,1
C1,185,4,severe,2,117.4996682,middle,1
C1,186,0,severe,2,117.9532024,middle,1
C1,186,1,severe,2,117.9532024,middle,1
C1,186,2,severe,2,117.9532024,middle,1
C1,186,3,severe,2,117.9532024,middle,1
C1,186,4,severe,2,117.9532024,middle,1
C1,187,0,severe,2,118.4027067,middle,1
C1,187,1,severe,2,118.4027067,middle,1
C1,187,2,severe,2,118.4027067,middle,1
C1,187,3,severe,2,118.4027067,middle,1
C1,187,4,severe,2,118.4027067,middle,1
C1,188,0,severe,2,118.8479717,middle,1
C1,188,1,severe,2,118.8479717,middle,1
C1,188,2,severe,2,118.8479717,middle,1
C1,188,3,severe,2,118.8479717,middle,1
C1,188,4,severe,2,118.8479717,middle,1
C1,189,0,severe,2,119.2887964,middle,1
C1,189,1,severe,2,119.2887964,middle,1
C1,189,2,severe,2,119.2887964,middle,1
C1,189,3,severe,2,119.2887964,middle,1
C1,189,4,severe,2,119.2887964,middle,1
C1,190,0,severe,2,119.724988,middle,1
C1,190,1,severe,2,119.724988,middle,1
C1,190,2,severe,2,119.724988,middle,1
C1,190,3,severe,2,119.724988,middle,1
C1,190,4,severe,2,119.724988,middle,1
C1,191,0,severe,2,120.1563624,middle,1
C1,191,1,severe,2,120.1563624,middle,1
C1,191,2,severe,2,120.1563624,middle,1
C1,191,3,severe,2,120.1563624,middle,1
C1,191,4,severe,2,120.1563624,middle,1
C1,192,0,severe,2,120.5827442,middle,1
C1,192,1,severe,2,120.5827442,middle,1
C1,192,2,severe,2,120.5827442,middle,1
C1,192,3,severe,2,120.5827442,middle,1
C1,192,4,severe,2,120.5827442,middle,1
C1,193,0,severe,2,121.0039667,middle,1
C1,193,1,severe,2,121.0039667,middle,1
C1,193,2,severe,2,121.0039667,middle,1
C1,193,3,severe,2,121.0039667,middle,1
C1,193,4,severe,2,121.0039667,middle,1
C1,194,0,severe,2,121.4198724,middle,1
C1,194,1,severe,2,121.4198724,middle,1
C1,194,2,severe,2,121.4198724,middle,1
C1,194,3,severe,2,121.4198724,middle,1
C1,194,4,severe,2,121.4198724,middle,1
C1,195,0,severe,2,121.8303128,middle,1
C1,195,1,severe,2,121.8303128,middle,1
C1,195,2,severe,2,121.8303128,middle,1
C1,195,3,severe,2,121.8303128,middle,1
C1,195,4,severe,2,121.8303128,middle,1
C1,196,0,severe,2,122.2351485,middle,1
C1,196,1,severe,2,122.2351485,middle,1
C1,196,2,severe,2,122.2351485,middle,1
C1,196,3,severe,2,122.2351485,middle,1
C1,196,4,severe,2,122.2351485,middle,1
C1,197,0,severe,2,122.6342497,middle,1
C1,197,1,severe,2,122.6342497,middle,1
C1,197,2,severe,2,122.6342497,middle,1
C1,197,3,severe,2,122.6342497,middle,1
C1,197,4,severe,2,122.6342497,middle,1
C1,198,0,severe,2,123.0274957,middle,1
C1,198,1,severe,2,123.0274957,middle,1
C1,198,2,severe,2,123.0274957,middle,1
C1,198,3,severe,2,123.0274957,middle,1
C1,198,4,severe,2,123.0274957,middle,1
C1,199,0,severe,2,123.4147755,middle,1
C1,199,1,severe,2,123.4147755,middle,1
C1,199,2,severe,2,123.4147755,middle,1
C1,199,3,severe,2,123.4147755,middle,1
C1,199,4,severe,2,123.4147755,middle,1
C1,200,0,severe,2,123.7959876,middle,1
C1,200,1,severe,2,123.7959876,middle,1
C1,200,2,severe,2,123.7959876,middle,1
C1,200,3,severe,2,123.7959876,middle,1
C1,200,4,severe,2,123.7959876,middle,1
C1,201,0,severe,2,124.1710401,middle,1
C1,201,1,severe,2,124.1710401,middle,1
C1,201,2,severe,2,124.1710401,middle,1
C1,201,3,severe,2,124.1710401,middle,1
C1,201,4,severe,2,124.1710401,middle,1
C1,202,0,severe,2,124.5398507,middle,1
C1,202,1,severe,2,124.5398507,middle,1
C1,202,2,severe,2,124.5398507,middle,1
C1,202,3,severe,2,124.5398507,middle,1
C1,202,4,severe,2,124.5398507,middle,1
C1,203,0,severe,2,124.9023469,middle,1
C1,203,1,severe,2,124.9023469,middle,1
C1,203,2,severe,2,124.9023469,middle,1
C1,203,3,severe,2,124.9023469,middle,1
C1,203,4,severe,2,124.9023469,middle,1
C1,204,0,severe,2,125.2584659,middle,1
C1,204,1,severe,2,125.2584659,middle,1
C1,204,2,severe,2,125.2584659,middle,1
C1,204,3,severe,2,125.2584659,middle,1
C1,204,4,severe,2,125.2584659,middle,1
C1,205,0,severe,2,125.6081548,middle,1
C1,205,1,severe,2,125.6081548,middle,1
C1,205,2,severe,2,125.6081548,middle,1
C1,205,3,severe,2,125.6081548,middle,1
C1,205,4,severe,2,125.6081548,middle,1
C1,206,0,severe,2,125.9513701,middle,1
C1,206,1,severe,2,125.9513701,middle,1
C1,206,2,severe,2,125.9513701,middle,1
C1,206,3,severe,2,125.9513701,middle,1
C1,206,4,severe,2,125.9513701,middle,1
C1,207,0,severe,2,126.2880785,middle,1
C1,207,1,severe,2,126.2880785,middle,1
C1,207,2,severe,2,126.2880785,middle,1
C1,207,3,severe,2,126.2880785,middle,1
C1,207,4,severe,2,126.2880785,middle,1
C1,208,0,severe,2,126.6182561,middle,1
C1,208,1,severe,2,126.6182561,middle,1
C1,208,2,severe,2,126.6182561,middle,1
C1,208,3,severe,2,126.6182561,middle,1
C1,208,4,severe,2,126.6182561,middle,1
C1,209,0,severe,2,126.941889,middle,1
C1,209,1,severe,2,126.941889,middle,1
C1,209,2,severe,2,126.941889,middle,1
C1,209,3,severe,2,126.941889,middle,1
C1,209,4,severe,2,126.941889,middle,1
C1,210,0,severe,2,127.2589728,middle,1
C1,210,1,severe,2,127.2589728,middle,1
C1,210,2,severe,2,127.2589728,middle,1
C1,210,3,severe,2,127.2589728,middle,1
C1,210,4,severe,2,127.2589728,middle,1
C1,211,0,severe,2,127.5695129,middle,1
C1,211,1,severe,2,127.5695129,middle,1
C1,211,2,severe,2,127.5695129,middle,1
C1,211,3,severe,2,127.5695129,middle,1
C1,211,4,severe,2,127.5695129,middle,1
C1,212,0,severe,2,127.8735244,middle,1
C1,212,1,severe,2,127.8735244,middle,1
C1,212,2,severe,2,127.8735244,middle,1
C1,212,3,severe,2,127.8735244,middle,1
C1,212,4,severe,2,127.8735244,middle,1
C1,213,0,severe,2,128.1710319,middle,1
C1,213,1,severe,2,128.1710319,middle,1
C1,213,2,severe,2,128.1710319,middle,1
C1,213,3,severe,2,128.1710319,middle,1
C1,213,4,severe,2,128.1710319,middle,1
C1,214,0,severe,2,128.4620693,middle,1
C1,214,1,severe,2,128.4620693,middle,1
C1,214,2,severe,2,128.4620693,middle,1
C1,214,3,severe,2,128.4620693,middle,1
C1,214,4,severe,2,128.4620693,middle,1
C1,215,0,severe,2,128.7466804,middle,1
C1,215,1,severe,2,128.7466804,middle,1
C1,215,2,severe,2,128.7466804,middle,1
C1,215,3,severe,2,128.7466804,middle,1
C1,215,4,severe,2,128.7466804,middle,1
C1,216,0,severe,2,129.024918,middle,1
C1,216,1,severe,2,129.024918,middle,1
C1,216,2,severe,2,129.024918,middle,1
C1,216,3,severe,2,129.024918,middle,1
C1,216,4,severe,2,129.024918,middle,1
C1,217,0,severe,2,129.2968443,middle,1
C1,217,1,severe,2,129.2968443,middle,1
C1,217,2,severe,2,129.2968443,middle,1
C1,217,3,severe,2,129.2968443,middle,1
C1,217,4,severe,2,129.2968443,middle,1
C1,218,0,severe,2,129.5625308,middle,1
C1,218,1,severe,2,129.5625308,middle,1
C1,218,2,severe,2,129.5625308,middle,1
C1,218,3,severe,2,129.5625308,middle,1
C1,218,4,severe,2,129.5625308,middle,1
C1,219,0,severe,2,129.8220578,middle,1
C1,219,1,severe,2,129.8220578,middle,1
C1,219,2,severe,2,129.8220578,middle,1
C1,219,3,severe,2,129.8220578,middle,1
C1,219,4,severe,2,129.8220578,middle,1
C1,220,0,severe,2,130.0755148,middle,1
C1,220,1,severe,2,130.0755148,middle,1
C1,220,2,severe,2,130.0755148,middle,1
C1,220,3,severe,2,130.0755148,middle,1
C1,220,4,severe,2,130.0755148,middle,1
C1,221,0,severe,2,130.3230002,middle,1
C1,221,1,severe,2,130.3230002,middle,1
C1,221,2,severe,2,130.3230002,middle,1
C1,221,3,severe,2,130.3230002,middle,1
C1,221,4,severe,2,130.3230002,middle,1
C1,222,0,severe,2,130.5646208,middle,1
C1,222,1,severe,2,130.5646208,middle,1
C1,222,2,severe,2,130.5646208,middle,1
C1,222,3,severe,2,130.5646208,middle,1
C1,222,4,severe,2,130.5646208,middle,1
C1,223,0,severe,2,130.8004924,middle,1
C1,223,1,severe,2,130.8004924,middle,1
C1,223,2,severe,2,130.8004924,middle,1
C1,223,3,severe,2,130.8004924,middle,1
C1,223,4,severe,2,130.8004924,middle,1
C1,224,0,severe,2,131.030739,middle,1
C1,224,1,severe,2,131.030739,middle,1
C1,224,2,severe,2,131.030739,middle,1
C1,224,3,severe,2,131.030739,middle,1
C1,224,4,severe,2,131.030739,middle,1
C1,225,0,severe,2,131.2554931,middle,1
C1,225,1,severe,2,131.2554931,middle,1
C1,225,2,severe,2,131.2554931,middle,1
C1,225,3,severe,2,131.2554931,middle,1
C1,225,4,severe,2,131.2554931,middle,1
C1,226,0,severe,2,131.474895,middle,1
C1,226,1,severe,2,131.474895,middle,1
C1,226,2,severe,2,131.474895,middle,1
C1,226,3,severe,2,131.474895,middle,1
C1,226,4,severe,2,131.474895,middle,1
C1,227,0,severe,2,131.6890935,middle,1
C1,227,1,severe,2,131.6890935,middle,1
C1,227,2,severe,2,131.6890935,middle,1
C1,227,3,severe,2,131.6890935,middle,1
C1,227,4,severe,2,131.6890935,middle,1
C1,228,0,severe,2,131.8982448,late,2
C1,228,1,severe,2,131.8982448,late,2
C1,228,2,severe,2,131.8982448,late,2
C1,228,3,severe,2,131.8982448,late,2
C1,228,4,severe,2,131.8982448,late,2
C1,229,0,severe,2,132.1025129,late,2
C1,229,1,severe,2,132.1025129,late,2
C1,229,2,severe,2,132.1025129,late,2
C1,229,3,severe,2,132.1025129,late,2
C1,229,4,severe,2,132.1025129,late,2
C1,230,0,severe,2,132.3020694,late,2
C1,230,1,severe,2,132.3020694,late,2
C1,230,2,severe,2,132.3020694,late,2
C1,230,3,severe,2,132.3020694,late,2
C1,230,4,severe,2,132.3020694,late,2
C1,231,0,severe,2,132.4970931,late,2
C1,231,1,severe,2,132.4970931,late,2
C1,231,2,severe,2,132.4970931,late,2
C1,231,3,severe,2,132.4970931,late,2
C1,231,4,severe,2,132.4970931,late,2
C1,232,0,severe,2,132.6877699,late,2
C1,232,1,severe,2,132.6877699,late,2
C1,232,2,severe,2,132.6877699,late,2
C1,232,3,severe,2,132.6877699,late,2
C1,232,4,severe,2,132.6877699,late,2
C1,233,0,severe,2,132.8742926,late,2
C1,233,1,severe,2,132.8742926,late,2
C1,233,2,severe,2,132.8742926,late,2
C1,233,3,severe,2,132.8742926,late,2
C1,233,4,severe,2,132.8742926,late,2
C1,234,0,severe,2,133.0568608,late,2
C1,234,1,severe,2,133.0568608,late,2
C1,234,2,severe,2,133.0568608,late,2
C1,234,3,severe,2,133.0568608,late,2
C1,234,4,severe,2,133.0568608,late,2
C1,235,0,severe,2,133.2356806,late,2
C1,235,1,severe,2,133.2356806,late,2
C1,235,2,severe,2,133.2356806,late,2
C1,235,3,severe,2,133.2356806,late,2
C1,235,4,severe,2,133.2356806,late,2
C1,236,0,severe,2,133.4109642,late,2
C1,236,1,severe,2,133.4109642,late,2
C1,236,2,severe,2,133.4109642,late,2
C1,236,3,severe,2,133.4109642,late,2
C1,236,4,severe,2,133.4109642,late,2
C1,237,0,severe,2,133.5829302,late,2
C1,237,1,severe,2,133.5829302,late,2
C1,237,2,severe,2,133.5829302,late,2
C1,237,3,severe,2,133.5829302,late,2
C1,237,4,severe,2,133.5829302,late,2
C1,238,0,severe,2,133.7518028,late,2
C1,238,1,severe,2,133.7518028,late,2
C1,238,2,severe,2,133.7518028,late,2
C1,238,3,severe,2,133.7518028,late,2
C1,238,4,severe,2,133.7518028,late,2
C1,239,0,severe,2,133.9178121,late,2
C1,239,1,severe,2,133.9178121,late,2
C1,239,2,severe,2,133.9178121,late,2
C1,239,3,severe,2,133.9178121,late,2
C1,239,4,severe,2,133.9178121,late,2
C1,240,0,severe,2,134.0811934,late,2
C1,240,1,severe,2,134.0811934,late,2
C1,240,2,severe,2,134.0811934,late,2
C1,240,3,severe,2,134.0811934,late,2
C1,240,4,severe,2,134.0811934,late,2
C1,241,0,severe,2,134.2421873,late,2
C1,241,1,severe,2,134.2421873,late,2
C1,241,2,severe,2,134.2421873,late,2
C1,241,3,severe,2,134.2421873,late,2
C1,241,4,severe,2,134.2421873,late,2
C1,242,0,severe,2,134.4010394,late,2
C1,242,1,severe,2,134.4010394,late,2
C1,242,2,severe,2,134.4010394,late,2
C1,242,3,severe,2,134.4010394,late,2
C1,242,4,severe,2,134.4010394,late,2
C1,243,0,severe,2,134.5579999,late,2
C1,243,1,severe,2,134.5579999,late,2
C1,243,2,severe,2,134.5579999,late,2
C1,243,3,severe,2,134.5579999,late,2
C1,243,4,severe,2,134.5579999,late,2
C1,244,0,severe,2,134.7133235,late,2
C1,244,1,severe,2,134.7133235,late,2
C1,244,2,severe,2,134.7133235,late,2
C1,244,3,severe,2,134.7133235,late,2
C1,244,4,severe,2,134.7133235,late,2
C1,245,0,severe,2,134.8672693,late,2
C1,245,1,severe,2,134.8672693,late,2
C1,245,2,severe,2,134.8672693,late,2
C1,245,3,severe,2,134.8672693,late,2
C1,245,4,severe,2,134.8672693,late,2
C1,246,0,severe,2,135.0201002,late,2
C1,246,1,severe,2,135.0201002,late,2
C1,246,2,severe,2,135.0201002,late,2
C1,246,3,severe,2,135.0201002,late,2
C1,246,4,severe,2,135.0201002,late,2
C1,247,0,severe,2,135.172083,late,2
C1,247,1,severe,2,135.172083,late,2
C1,247,2,severe,2,135.172083,late,2
C1,247,3,severe,2,135.172083,late,2
C1,247,4,severe,2,135.172083,late,2
C1,248,0,severe,2,135.6291837,late,2
C1,248,1,severe,2,135.6291837,late,2
C1,248,2,severe,2,135.6291837,late,2
C1,248,3,severe,2,135.6291837,late,2
C1,248,4,severe,2,135.6291837,late,2
C1,249,0,severe,2,136.2650196,late,2
C1,249,1,severe,2,136.2650196,late,2
C1,249,2,severe,2,136.2650196,late,2
C1,249,3,severe,2,136.2650196,late,2
C1,249,4,severe,2,136.2650196,late,2
C1,250,0,severe,2,136.902076,late,2
C1,250,1,severe,2,136.902076,late,2
C1,250,2,severe,2,136.902076,late,2
C1,250,3,severe,2,136.902076,late,2
C1,250,4,severe,2,136.902076,late,2
C1,251,0,severe,2,137.540114,late,2
C1,251,1,severe,2,137.540114,late,2
C1,251,2,severe,2,137.540114,late,2
C1,251,3,severe,2,137.540114,late,2
C1,251,4,severe,2,137.540114,late,2
C1,252,0,severe,2,138.1788957,late,2
C1,252,1,severe,2,138.1788957,late,2
C1,252,2,severe,2,138.1788957,late,2
C1,252,3,severe,2,138.1788957,late,2
C1,252,4,severe,2,138.1788957,late,2
C1,253,0,severe,2,138.8181847,late,2
C1,253,1,severe,2,138.8181847,late,2
C1,253,2,severe,2,138.8181847,late,2
C1,253,3,severe,2,138.8181847,late,2
C1,253,4,severe,2,138.8181847,late,2
C1,254,0,severe,2,139.4577462,late,2
C1,254,1,severe,2,139.4577462,late,2
C1,254,2,severe,2,139.4577462,late,2
C1,254,3,severe,2,139.4577462,late,2
C1,254,4,severe,2,139.4577462,late,2
C1,255,0,severe,2,140.0973471,late,2
C1,255,1,severe,2,140.0973471,late,2
C1,255,2,severe,2,140.0973471,late,2
C1,255,3,severe,2,140.0973471,late,2
C1,255,4,severe,2,140.0973471,late,2
C1,256,0,severe,2,140.7367569,late,2
C1,256,1,severe,2,140.7367569,late,2
C1,256,2,severe,2,140.7367569,late,2
C1,256,3,severe,2,140.7367569,late,2
C1,256,4,severe,2,140.7367569,late,2
C1,257,0,severe,2,141.375747,late,2
C1,257,1,severe,2,141.375747,late,2
C1,257,2,severe,2,141.375747,late,2
C1,257,3,severe,2,141.375747,late,2
C1,257,4,severe,2,141.375747,late,2
C1,258,0,severe,2,142.0140922,late,2
C1,258,1,severe,2,142.0140922,late,2
C1,258,2,severe,2,142.0140922,late,2
C1,258,3,severe,2,142.0140922,late,2
C1,258,4,severe,2,142.0140922,late,2
C1,259,0,severe,2,142.6515699,late,2
C1,259,1,severe,2,142.6515699,late,2
C1,259,2,severe,2,142.6515699,late,2
C1,259,3,severe,2,142.6515699,late,2
C1,259,4,severe,2,142.6515699,late,2
C1,260,0,severe,2,143.2879608,late,2
C1,260,1,severe,2,143.2879608,late,2
C1,260,2,severe,2,143.2879608,late,2
C1,260,3,severe,2,143.2879608,late,2
C1,260,4,severe,2,143.2879608,late,2
C1,261,0,severe,2,143.9230495,late,2
C1,261,1,severe,2,143.9230495,late,2
C1,261,2,severe,2,143.9230495,late,2
C1,261,3,severe,2,143.9230495,late,2
C1,261,4,severe,2,143.9230495,late,2
C1,262,0,severe,2,144.556624,late,2
C1,262,1,severe,2,144.556624,late,2
C1,262,2,severe,2,144.556624,late,2
C1,262,3,severe,2,144.556624,late,2
C1,262,4,severe,2,144.556624,late,2
C1,263,0,severe,2,145.1884767,late,2
C1,263,1,severe,2,145.1884767,late,2
C1,263,2,severe,2,145.1884767,late,2
C1,263,3,severe,2,145.1884767,late,2
C1,263,4,severe,2,145.1884767,late,2
C1,264,0,severe,2,145.8184043,late,2
C1,264,1,severe,2,145.8184043,late,2
C1,264,2,severe,2,145.8184043,late,2
C1,264,3,severe,2,145.8184043,late,2
C1,264,4,severe,2,145.8184043,late,2
C1,265,0,severe,2,146.4462078,late,2
C1,265,1,severe,2,146.4462078,late,2
C1,265,2,severe,2,146.4462078,late,2
C1,265,3,severe,2,146.4462078,late,2
C1,265,4,severe,2,146.4462078,late,2
C1,266,0,severe,2,147.0716935,late,2
C1,266,1,severe,2,147.0716935,late,2
C1,266,2,severe,2,147.0716935,late,2
C1,266,3,severe,2,147.0716935,late,2
C1,266,4,severe,2,147.0716935,late,2
C1,267,0,severe,2,147.6946724,late,2
C1,267,1,severe,2,147.6946724,late,2
C1,267,2,severe,2,147.6946724,late,2
C1,267,3,severe,2,147.6946724,late,2
C1,267,4,severe,2,147.6946724,late,2
C1,268,0,severe,2,148.3149609,late,2
C1,268,1,severe,2,148.3149609,late,2
C1,268,2,severe,2,148.3149609,late,2
C1,268,3,severe,2,148.3149609,late,2
C1,268,4,severe,2,148.3149609,late,2
C1,269,0,severe,2,148.9323811,late,2
C1,269,1,severe,2,148.9323811,late,2
C1,269,2,severe,2,148.9323811,late,2
C1,269,3,severe,2,148.9323811,late,2
C1,269,4,severe,2,148.9323811,late,2
C1,270,0,severe,2,149.5467607,late,2
C1,270,1,severe,2,149.5467607,late,2
C1,270,2,severe,2,149.5467607,late,2
C1,270,3,severe,2,149.5467607,late,2
C1,270,4,severe,2,149.5467607,late,2
C1,271,0,severe,2,150.1579333,late,2
C1,271,1,severe,2,150.1579333,late,2
C1,271,2,severe,2,150.1579333,late,2
C1,271,3,severe,2,150.1579333,late,2
C1,271,4,severe,2,150.1579333,late,2
C1,272,0,severe,2,150.765739,late,2
C1,272,1,severe,2,150.765739,late,2
C1,272,2,severe,2,150.765739,late,2
C1,272,3,severe,2,150.765739,late,2
C1,272,4,severe,2,150.765739,late,2
C1,273,0,severe,2,151.3700239,late,2
C1,273,1,severe,2,151.3700239,late,2
C1,273,2,severe,2,151.3700239,late,2
C1,273,3,severe,2,151.3700239,late,2
C1,273,4,severe,2,151.3700239,late,2
C1,274,0,severe,2,151.970641,late,2
C1,274,1,severe,2,151.970641,late,2
C1,274,2,severe,2,151.970641,late,2
C1,274,3,severe,2,151.970641,late,2
C1,274,4,severe,2,151.970641,late,2
C1,275,0,severe,2,152.5674499,late,2
C1,275,1,severe,2,152.5674499,late,2
C1,275,2,severe,2,152.5674499,late,2
C1,275,3,severe,2,152.5674499,late,2
C1,275,4,severe,2,152.5674499,late,2
C1,276,0,severe,2,153.1603172,late,2
C1,276,1,severe,2,153.1603172,late,2
C1,276,2,severe,2,153.1603172,late,2
C1,276,3,severe,2,153.1603172,late,2
C1,276,4,severe,2,153.1603172,late,2
C1,277,0,severe,2,153.7491167,late,2
C1,277,1,severe,2,153.7491167,late,2
C1,277,2,severe,2,153.7491167,late,2
C1,277,3,severe,2,153.7491167,late,2
C1,277,4,severe,2,153.7491167,late,2
C1,278,0,severe,2,154.3337295,late,2
C1,278,1,severe,2,154.3337295,late,2
C1,278,2,severe,2,154.3337295,late,2
C1,278,3,severe,2,154.3337295,late,2
C1,278,4,severe,2,154.3337295,late,2
C1,279,0,severe,2,154.914044,late,2
C1,279,1,severe,2,154.914044,late,2
C1,279,2,severe,2,154.914044,late,2
C1,279,3,severe,2,154.914044,late,2
C1,279,4,severe,2,154.914044,late,2
C1,280,0,severe,2,155.4899564,late,2
C1,280,1,severe,2,155.4899564,late,2
C1,280,2,severe,2,155.4899564,late,2
C1,280,3,severe,2,155.4899564,late,2
C1,280,4,severe,2,155.4899564,late,2
C1,281,0,severe,2,156.0613707,late,2
C1,281,1,severe,2,156.0613707,late,2
C1,281,2,severe,2,156.0613707,late,2
C1,281,3,severe,2,156.0613707,late,2
C1,281,4,severe,2,156.0613707,late,2
C1,282,0,severe,2,156.6281987,late,2
C1,282,1,severe,2,156.6281987,late,2
C1,282,2,severe,2,156.6281987,late,2
C1,282,3,severe,2,156.6281987,late,2
C1,282,4,severe,2,156.6281987,late,2
C1,283,0,severe,2,157.1903603,late,2
C1,283,1,severe,2,157.1903603,late,2
C1,283,2,severe,2,157.1903603,late,2
C1,283,3,severe,2,157.1903603,late,2
C1,283,4,severe,2,157.1903603,late,2
C1,284,0,severe,2,157.7477835,late,2
C1,284,1,severe,2,157.7477835,late,2
C1,284,2,severe,2,157.7477835,late,2
C1,284,3,severe,2,157.7477835,late,2
C1,284,4,severe,2,157.7477835,late,2
C1,285,0,severe,2,158.3004046,late,2
C1,285,1,severe,2,158.3004046,late,2
C1,285,2,severe,2,158.3004046,late,2
C1,285,3,severe,2,158.3004046,late,2
C1,285,4,severe,2,158.3004046,late,2
C1,286,0,severe,2,158.8481684,late,2
C1,286,1,severe,2,158.8481684,late,2
C1,286,2,severe,2,158.8481684,late,2
C1,286,3,severe,2,158.8481684,late,2
C1,286,4,severe,2,158.8481684,late,2
C1,287,0,severe,2,159.3910281,late,2
C1,287,1,severe,2,159.3910281,late,2
C1,287,2,severe,2,159.3910281,late,2
C1,287,3,severe,2,159.3910281,late,2
C1,287,4,severe,2,159.3910281,late,2
C1,288,0,severe,2,159.9289454,late,2
C1,288,1,severe,2,159.9289454,late,2
C1,288,2,severe,2,159.9289454,late,2
C1,288,3,severe,2,159.9289454,late,2
C1,288,4,severe,2,159.9289454,late,2
C1,289,0,severe,2,160.4618907,late,2
C1,289,1,severe,2,160.4618907,late,2
C1,289,2,severe,2,160.4618907,late,2
C1,289,3,severe,2,160.4618907,late,2
C1,289,4,severe,2,160.4618907,late,2
C1,290,0,severe,2,160.9898432,late,2
C1,290,1,severe,2,160.9898432,late,2
C1,290,2,severe,2,160.9898432,late,2
C1,290,3,severe,2,160.9898432,late,2
C1,290,4,severe,2,160.9898432,late,2
C1,291,0,severe,2,161.5127908,late,2
C1,291,1,severe,2,161.5127908,late,2
C1,291,2,severe,2,161.5127908,late,2
C1,291,3,severe,2,161.5127908,late,2
C1,291,4,severe,2,161.5127908,late,2
C1,292,0,severe,2,162.0307303,late,2
C1,292,1,severe,2,162.0307303,late,2
C1,292,2,severe,2,162.0307303,late,2
C1,292,3,severe,2,162.0307303,late,2
C1,292,4,severe,2,162.0307303,late,2
C1,293,0,severe,2,162.5436673,late,2
C1,293,1,severe,2,162.5436673,late,2
C1,293,2,severe,2,162.5436673,late,2
C1,293,3,severe,2,162.5436673,late,2
C1,293,4,severe,2,162.5436673,late,2
C1,294,0,severe,2,163.0516165,late,2
C1,294,1,severe,2,163.0516165,late,2
C1,294,2,severe,2,163.0516165,late,2
C1,294,3,severe,2,163.0516165,late,2
C1,294,4,severe,2,163.0516165,late,2
C1,295,0,severe,2,163.5546014,late,2
C1,295,1,severe,2,163.5546014,late,2
C1,295,2,severe,2,163.5546014,late,2
C1,295,3,severe,2,163.5546014,late,2
C1,295,4,severe,2,163.5546014,late,2
C1,296,0,severe,2,164.0526545,late,2
C1,296,1,severe,2,164.0526545,late,2
C1,296,2,severe,2,164.0526545,late,2
C1,296,3,severe,2,164.0526545,late,2
C1,296,4,severe,2,164.0526545,late,2
C1,297,0,severe,2,164.5458173,late,2
C1,297,1,severe,2,164.5458173,late,2
C1,297,2,severe,2,164.5458173,late,2
C1,297,3,severe,2,164.5458173,late,2
C1,297,4,severe,2,164.5458173,late,2
C1,298,0,severe,2,165.0341403,late,2
C1,298,1,severe,2,165.0341403,late,2
C1,298,2,severe,2,165.0341403,late,2
C1,298,3,severe,2,165.0341403,late,2
C1,298,4,severe,2,165.0341403,late,2
C1,299,0,severe,2,165.5176828,late,2
C1,299,1,severe,2,165.5176828,late,2
C1,299,2,severe,2,165.5176828,late,2
C1,299,3,severe,2,165.5176828,late,2
C1,299,4,severe,2,165.5176828,late,2
C1,300,0,severe,2,165.9965134,late,2
C1,300,1,severe,2,165.9965134,late,2
C1,300,2,severe,2,165.9965134,late,2
C1,300,3,severe,2,165.9965134,late,2
C1,300,4,severe,2,165.9965134,late,2
C1,301,0,severe,2,166.4707092,late,2
C1,301,1,severe,2,166.4707092,late,2
C1,301,2,severe,2,166.4707092,late,2
C1,301,3,severe,2,166.4707092,late,2
C1,301,4,severe,2,166.4707092,late,2
C1,302,0,severe,2,166.9403565,late,2
C1,302,1,severe,2,166.9403565,late,2
C1,302,2,severe,2,166.9403565,late,2
C1,302,3,severe,2,166.9403565,late,2
C1,302,4,severe,2,166.9403565,late,2
C1,303,0,severe,2,167.4055503,late,2
C1,303,1,severe,2,167.4055503,late,2
C1,303,2,severe,2,167.4055503,late,2
C1,303,3,severe,2,167.4055503,late,2
C1,303,4,severe,2,167.4055503,late,2
C1,304,0,severe,2,167.8663945,late,2
C1,304,1,severe,2,167.8663945,late,2
C1,304,2,severe,2,167.8663945,late,2
C1,304,3,severe,2,167.8663945,late,2
C1,304,4,severe,2,167.8663945,late,2
C1,305,0,severe,2,168.3230015,late,2
C1,305,1,severe,2,168.3230015,late,2
C1,305,2,severe,2,168.3230015,late,2
C1,305,3,severe,2,168.3230015,late,2
C1,305,4,severe,2,168.3230015,late,2
C1,306,0,severe,2,168.7754925,late,2
C1,306,1,severe,2,168.7754925,late,2
C1,306,2,severe,2,168.7754925,late,2
C1,306,3,severe,2,168.7754925,late,2
C1,306,4,severe,2,168.7754925,late,2
C1,307,0,severe,2,169.2239972,late,2
C1,307,1,severe,2,169.2239972,late,2
C1,307,2,severe,2,169.2239972,late,2
C1,307,3,severe,2,169.2239972,late,2
C1,307,4,severe,2,169.2239972,late,2
C1,308,0,severe,2,169.6686538,late,2
C1,308,1,severe,2,169.6686538,late,2
C1,308,2,severe,2,169.6686538,late,2
C1,308,3,severe,2,169.6686538,late,2
C1,308,4,severe,2,169.6686538,late,2
C1,309,0,severe,2,170.109609,late,2
C1,309,1,severe,2,170.109609,late,2
C1,309,2,severe,2,170.109609,late,2
C1,309,3,severe,2,170.109609,late,2
C1,309,4,severe,2,170.109609,late,2
C1,310,0,severe,2,170.5470173,late,2
C1,310,1,severe,2,170.5470173,late,2
C1,310,2,severe,2,170.5470173,late,2
C1,310,3,severe,2,170.5470173,late,2
C1,310,4,severe,2,170.5470173,late,2
C1,311,0,severe,2,170.9810419,late,2
C1,311,1,severe,2,170.9810419,late,2
C1,311,2,severe,2,170.9810419,late,2
C1,311,3,severe,2,170.9810419,late,2
C1,311,4,severe,2,170.9810419,late,2
C1,312,0,severe,2,171.4118535,late,2
C1,312,1,severe,2,171.4118535,late,2
C1,312,2,severe,2,171.4118535,late,2
C1,312,3,severe,2,171.4118535,late,2
C1,312,4,severe,2,171.4118535,late,2
C1,313,0,severe,2,171.839631,late,2
C1,313,1,severe,2,171.839631,late,2
C1,313,2,severe,2,171.839631,late,2
C1,313,3,severe,2,171.839631,late,2
C1,313,4,severe,2,171.839631,late,2
C1,314,0,severe,2,172.2645609,late,2
C1,314,1,severe,2,172.2645609,late,2
C1,314,2,severe,2,172.2645609,late,2
C1,314,3,severe,2,172.2645609,late,2
C1,314,4,severe,2,172.2645609,late,2
C1,315,0,severe,2,172.6868372,late,2
C1,315,1,severe,2,172.6868372,late,2
C1,315,2,severe,2,172.6868372,late,2
C1,315,3,severe,2,172.6868372,late,2
C1,315,4,severe,2,172.6868372,late,2
C4,1,0,initial,0,31.41635516,early,0
C4,1,1,initial,0,31.41635516,early,0
C4,1,2,initial,0,31.41635516,early,0
C4,1,3,initial,0,31.41635516,early,0
C4,1,4,initial,0,31.41635516,early,0
C4,2,0,initial,0,34.8927704,early,0
C4,2,1,initial,0,34.8927704,early,0
C4,2,2,initial,0,34.8927704,early,0
C4,2,3,initial,0,34.8927704,early,0
C4,2,4,initial,0,34.8927704,early,0
C4,3,0,initial,0,38.10284657,early,0
C4,3,1,initial,0,38.10284657,early,0
C4,3,2,initial,0,38.10284657,early,0
C4,3,3,initial,0,38.10284657,early,0
C4,3,4,initial,0,38.10284657,early,0
C4,4,0,initial,0,41.06102301,early,0
C4,4,1,initial,0,41.06102301,early,0
C4,4,2,initial,0,41.06102301,early,0
C4,4,3,initial,0,41.06102301,early,0
C4,4,4,initial,0,41.06102301,early,0
C4,5,0,initial,0,43.78119133,early,0
C4,5,1,initial,0,43.78119133,early,0
C4,5,2,initial,0,43.78119133,early,0
C4,5,3,initial,0,43.78119133,early,0
C4,5,4,initial,0,43.78119133,early,0
C4,6,0,initial,0,46.27671037,early,0
C4,6,1,initial,0,46.27671037,early,0
C4,6,2,initial,0,46.27671037,early,0
C4,6,3,initial,0,46.27671037,early,0
C4,6,4,initial,0,46.27671037,early,0
C4,7,0,initial,0,48.56042098,early,0
C4,7,1,initial,0,48.56042098,early,0
C4,7,2,initial,0,48.56042098,early,0
C4,7,3,initial,0,48.56042098,early,0
C4,7,4,initial,0,48.56042098,early,0
C4,8,0,initial,0,50.64466037,early,0
C4,8,1,initial,0,50.64466037,early,0
C4,8,2,initial,0,50.64466037,early,0
C4,8,3,initial,0,50.64466037,early,0
C4,8,4,initial,0,50.64466037,early,0
C4,9,0,initial,0,52.54127629,early,0
C4,9,1,initial,0,52.54127629,early,0
C4,9,2,initial,0,52.54127629,early,0
C4,9,3,initial,0,52.54127629,early,0
C4,9,4,initial,0,52.54127629,early,0
C4,10,0,initial,0,54.26164088,early,0
C4,10,1,initial,0,54.26164088,early,0
C4,10,2,initial,0,54.26164088,early,0
C4,10,3,initial,0,54.26164088,early,0
C4,10,4,initial,0,54.26164088,early,0
C4,11,0,initial,0,55.81666418,early,0
C4,11,1,initial,0,55.81666418,early,0
C4,11,2,initial,0,55.81666418,early,0
C4,11,3,initial,0,55.81666418,early,0
C4,11,4,initial,0,55.81666418,early,0
C4,12,0,initial,0,57.21680745,early,0
C4,12,1,initial,0,57.21680745,early,0
C4,12,2,initial,0,57.21680745,early,0
C4,12,3,initial,0,57.21680745,early,0
C4,12,4,initial,0,57.21680745,early,0
C4,13,0,initial,0,58.47209617,early,0
C4,13,1,initial,0,58.47209617,early,0
C4,13,2,initial,0,58.47209617,early,0
C4,13,3,initial,0,58.47209617,early,0
C4,13,4,initial,0,58.47209617,early,0
C4,14,0,initial,0,59.59213275,early,0
C4,14,1,initial,0,59.59213275,early,0
C4,14,2,initial,0,59.59213275,early,0
C4,14,3,initial,0,59.59213275,early,0
C4,14,4,initial,0,59.59213275,early,0
C4,15,0,initial,0,60.58610902,early,0
C4,15,1,initial,0,60.58610902,early,0
C4,15,2,initial,0,60.58610902,early,0
C4,15,3,initial,0,60.58610902,early,0
C4,15,4,initial,0,60.58610902,early,0
C4,16,0,initial,0,61.46281844,early,0
C4,16,1,initial,0,61.46281844,early,0
C4,16,2,initial,0,61.46281844,early,0
C4,16,3,initial,0,61.46281844,early,0
C4,16,4,initial,0,61.46281844,early,0
C4,17,0,initial,0,62.23066801,early,0
C4,17,1,initial,0,62.23066801,early,0
C4,17,2,initial,0,62.23066801,early,0
C4,17,3,initial,0,62.23066801,early,0
C4,17,4,initial,0,62.23066801,early,0
C4,18,0,initial,0,62.89769001,early,0
C4,18,1,initial,0,62.89769001,early,0
C4,18,2,initial,0,62.89769001,early,0
C4,18,3,initial,0,62.89769001,early,0
C4,18,4,initial,0,62.89769001,early,0
C4,19,0,initial,0,63.47155339,early,0
C4,19,1,initial,0,63.47155339,early,0
C4,19,2,initial,0,63.47155339,early,0
C4,19,3,initial,0,63.47155339,early,0
C4,19,4,initial,0,63.47155339,early,0
C4,20,0,initial,0,63.959575,early,0
C4,20,1,initial,0,63.959575,early,0
C4,20,2,initial,0,63.959575,early,0
C4,20,3,initial,0,63.959575,early,0
C4,20,4,initial,0,63.959575,early,0
C4,21,0,initial,0,64.36873051,early,0
C4,21,1,initial,0,64.36873051,early,0
C4,21,2,initial,0,64.36873051,early,0
C4,21,3,initial,0,64.36873051,early,0
C4,21,4,initial,0,64.36873051,early,0
C4,22,0,initial,0,64.70566514,early,0
C4,22,1,initial,0,64.70566514,early,0
C4,22,2,initial,0,64.70566514,early,0
C4,22,3,initial,0,64.70566514,early,0
C4,22,4,initial,0,64.70566514,early,0
C4,23,0,initial,0,64.9767041,early,0
C4,23,1,initial,0,64.9767041,early,0
C4,23,2,initial,0,64.9767041,early,0
C4,23,3,initial,0,64.9767041,early,0
C4,23,4,initial,0,64.9767041,early,0
C4,24,0,initial,0,65.1878629,early,0
C4,24,1,initial,0,65.1878629,early,0
C4,24,2,initial,0,65.1878629,early,0
C4,24,3,initial,0,65.1878629,early,0
C4,24,4,initial,0,65.1878629,early,0
C4,25,0,initial,0,65.34485725,early,0
C4,25,1,initial,0,65.34485725,early,0
C4,25,2,initial,0,65.34485725,early,0
C4,25,3,initial,0,65.34485725,early,0
C4,25,4,initial,0,65.34485725,early,0
C4,26,0,initial,0,65.45311297,early,0
C4,26,1,initial,0,65.45311297,early,0
C4,26,2,initial,0,65.45311297,early,0
C4,26,3,initial,0,65.45311297,early,0
C4,26,4,initial,0,65.45311297,early,0
C4,27,0,initial,0,65.51777545,early,0
C4,27,1,initial,0,65.51777545,early,0
C4,27,2,initial,0,65.51777545,early,0
C4,27,3,initial,0,65.51777545,early,0
C4,27,4,initial,0,65.51777545,early,0
C4,28,0,initial,0,65.54371906,early,0
C4,28,1,initial,0,65.54371906,early,0
C4,28,2,initial,0,65.54371906,early,0
C4,28,3,initial,0,65.54371906,early,0
C4,28,4,initial,0,65.54371906,early,0
C4,29,0,initial,0,65.54371906,early,0
C4,29,1,initial,0,65.54371906,early,0
C4,29,2,initial,0,65.54371906,early,0
C4,29,3,initial,0,65.54371906,early,0
C4,29,4,initial,0,65.54371906,early,0
C4,30,0,initial,0,65.54371906,early,0
C4,30,1,initial,0,65.54371906,early,0
C4,30,2,initial,0,65.54371906,early,0
C4,30,3,initial,0,65.54371906,early,0
C4,30,4,initial,0,65.54371906,early,0
C4,31,0,initial,0,65.54371906,early,0
C4,31,1,initial,0,65.54371906,early,0
C4,31,2,initial,0,65.54371906,early,0
C4,31,3,initial,0,65.54371906,early,0
C4,31,4,initial,0,65.54371906,early,0
C4,32,0,initial,0,65.54371906,early,0
C4,32,1,initial,0,65.54371906,early,0
C4,32,2,initial,0,65.54371906,early,0
C4,32,3,initial,0,65.54371906,early,0
C4,32,4,initial,0,65.54371906,early,0
C4,33,0,initial,0,65.54371906,early,0
C4,33,1,initial,0,65.54371906,early,0
C4,33,2,initial,0,65.54371906,early,0
C4,33,3,initial,0,65.54371906,early,0
C4,33,4,initial,0,65.54371906,early,0
C4,34,0,initial,0,65.54371906,early,0
C4,34,1,initial,0,65.54371906,early,0
C4,34,2,initial,0,65.54371906,early,0
C4,34,3,initial,0,65.54371906,early,0
C4,34,4,initial,0,65.54371906,early,0
C4,35,0,initial,0,65.54371906,early,0
C4,35,1,initial,0,65.54371906,early,0
C4,35,2,initial,0,65.54371906,early,0
C4,35,3,initial,0,65.54371906,early,0
C4,35,4,initial,0,65.54371906,early,0
C4,36,0,initial,0,65.9459689,early,0
C4,36,1,initial,0,65.9459689,early,0
C4,36,2,initial,0,65.9459689,early,0
C4,36,3,initial,0,65.9459689,early,0
C4,36,4,initial,0,65.9459689,early,0
C4,37,0,initial,0,66.35836702,early,0
C4,37,1,initial,0,66.35836702,early,0
C4,37,2,initial,0,66.35836702,early,0
C4,37,3,initial,0,66.35836702,early,0
C4,37,4,initial,0,66.35836702,early,0
C4,38,0,initial,0,66.76413333,early,0
C4,38,1,initial,0,66.76413333,early,0
C4,38,2,initial,0,66.76413333,early,0
C4,38,3,initial,0,66.76413333,early,0
C4,38,4,initial,0,66.76413333,early,0
C4,39,0,initial,0,67.16474862,early,0
C4,39,1,initial,0,67.16474862,early,0
C4,39,2,initial,0,67.16474862,early,0
C4,39,3,initial,0,67.16474862,early,0
C4,39,4,initial,0,67.16474862,early,0
C4,40,0,initial,0,67.56156165,early,0
C4,40,1,initial,0,67.56156165,early,0
C4,40,2,initial,0,67.56156165,early,0
C4,40,3,initial,0,67.56156165,early,0
C4,40,4,initial,0,67.56156165,early,0
C4,41,0,initial,0,67.95579535,early,0
C4,41,1,initial,0,67.95579535,early,0
C4,41,2,initial,0,67.95579535,early,0
C4,41,3,initial,0,67.95579535,early,0
C4,41,4,initial,0,67.95579535,early,0
C4,42,0,initial,0,68.34855283,early,0
C4,42,1,initial,0,68.34855283,early,0
C4,42,2,initial,0,68.34855283,early,0
C4,42,3,initial,0,68.34855283,early,0
C4,42,4,initial,0,68.34855283,early,0
C4,43,0,initial,0,68.74082317,early,0
C4,43,1,initial,0,68.74082317,early,0
C4,43,2,initial,0,68.74082317,early,0
C4,43,3,initial,0,68.74082317,early,0
C4,43,4,initial,0,68.74082317,early,0
C4,44,0,initial,0,69.1334871,early,0
C4,44,1,initial,0,69.1334871,early,0
C4,44,2,initial,0,69.1334871,early,0
C4,44,3,initial,0,69.1334871,early,0
C4,44,4,initial,0,69.1334871,early,0
C4,45,0,initial,0,69.52732244,early,0
C4,45,1,initial,0,69.52732244,early,0
C4,45,2,initial,0,69.52732244,early,0
C4,45,3,initial,0,69.52732244,early,0
C4,45,4,initial,0,69.52732244,early,0
C4,46,0,initial,0,69.92300941,early,0
C4,46,1,initial,0,69.92300941,early,0
C4,46,2,initial,0,69.92300941,early,0
C4,46,3,initial,0,69.92300941,early,0
C4,46,4,initial,0,69.92300941,early,0
C4,47,0,initial,0,70.32113581,early,0
C4,47,1,initial,0,70.32113581,early,0
C4,47,2,initial,0,70.32113581,early,0
C4,47,3,initial,0,70.32113581,early,0
C4,47,4,initial,0,70.32113581,early,0
C4,48,0,initial,0,70.72220197,early,0
C4,48,1,initial,0,70.72220197,early,0
C4,48,2,initial,0,70.72220197,early,0
C4,48,3,initial,0,70.72220197,early,0
C4,48,4,initial,0,70.72220197,early,0
C4,49,0,initial,0,71.12662555,early,0
C4,49,1,initial,0,71.12662555,early,0
C4,49,2,initial,0,71.12662555,early,0
C4,49,3,initial,0,71.12662555,early,0
C4,49,4,initial,0,71.12662555,early,0
C4,50,0,initial,0,71.53474627,early,0
C4,50,1,initial,0,71.53474627,early,0
C4,50,2,initial,0,71.53474627,early,0
C4,50,3,initial,0,71.53474627,early,0
C4,50,4,initial,0,71.53474627,early,0
C4,51,0,normal,1,71.94683041,early,0
C4,51,1,normal,1,71.94683041,early,0
C4,51,2,normal,1,71.94683041,early,0
C4,51,3,normal,1,71.94683041,early,0
C4,51,4,normal,1,71.94683041,early,0
C4,52,0,normal,1,72.36307514,early,0
C4,52,1,normal,1,72.36307514,early,0
C4,52,2,normal,1,72.36307514,early,0
C4,52,3,normal,1,72.36307514,early,0
C4,52,4,normal,1,72.36307514,early,0
C4,53,0,normal,1,72.78361282,early,0
C4,53,1,normal,1,72.78361282,early,0
C4,53,2,normal,1,72.78361282,early,0
C4,53,3,normal,1,72.78361282,early,0
C4,53,4,normal,1,72.78361282,early,0
C4,54,0,normal,1,73.208515,early,0
C4,54,1,normal,1,73.208515,early,0
C4,54,2,normal,1,73.208515,early,0
C4,54,3,normal,1,73.208515,early,0
C4,54,4,normal,1,73.208515,early,0
C4,55,0,normal,1,73.63779647,early,0
C4,55,1,normal,1,73.63779647,early,0
C4,55,2,normal,1,73.63779647,early,0
C4,55,3,normal,1,73.63779647,early,0
C4,55,4,normal,1,73.63779647,early,0
C4,56,0,normal,1,74.07141897,early,0
C4,56,1,normal,1,74.07141897,early,0
C4,56,2,normal,1,74.07141897,early,0
C4,56,3,normal,1,74.07141897,early,0
C4,56,4,normal,1,74.07141897,early,0
C4,57,0,normal,1,74.50929495,early,0
C4,57,1,normal,1,74.50929495,early,0
C4,57,2,normal,1,74.50929495,early,0
C4,57,3,normal,1,74.50929495,early,0
C4,57,4,normal,1,74.50929495,early,0
C4,58,0,normal,1,74.95129106,early,0
C4,58,1,normal,1,74.95129106,early,0
C4,58,2,normal,1,74.95129106,early,0
C4,58,3,normal,1,74.95129106,early,0
C4,58,4,normal,1,74.95129106,early,0
C4,59,0,normal,1,75.39723162,early,0
C4,59,1,normal,1,75.39723162,early,0
C4,59,2,normal,1,75.39723162,early,0
C4,59,3,normal,1,75.39723162,early,0
C4,59,4,normal,1,75.39723162,early,0
C4,60,0,normal,1,75.84690187,early,0
C4,60,1,normal,1,75.84690187,early,0
C4,60,2,normal,1,75.84690187,early,0
C4,60,3,normal,1,75.84690187,early,0
C4,60,4,normal,1,75.84690187,early,0
C4,61,0,normal,1,76.3000512,early,0
C4,61,1,normal,1,76.3000512,early,0
C4,61,2,normal,1,76.3000512,early,0
C4,61,3,normal,1,76.3000512,early,0
C4,61,4,normal,1,76.3000512,early,0
C4,62,0,normal,1,76.75639617,early,0
C4,62,1,normal,1,76.75639617,early,0
C4,62,2,normal,1,76.75639617,early,0
C4,62,3,normal,1,76.75639617,early,0
C4,62,4,normal,1,76.75639617,early,0
C4,63,0,normal,1,77.21562347,early,0
C4,63,1,normal,1,77.21562347,early,0
C4,63,2,normal,1,77.21562347,early,0
C4,63,3,normal,1,77.21562347,early,0
C4,63,4,normal,1,77.21562347,early,0
C4,64,0,normal,1,77.67739272,early,0
C4,64,1,normal,1,77.67739272,early,0
C4,64,2,normal,1,77.67739272,early,0
C4,64,3,normal,1,77.67739272,early,0
C4,64,4,normal,1,77.67739272,early,0
C4,65,0,normal,1,78.14133923,early,0
C4,65,1,normal,1,78.14133923,early,0
C4,65,2,normal,1,78.14133923,early,0
C4,65,3,normal,1,78.14133923,early,0
C4,65,4,normal,1,78.14133923,early,0
C4,66,0,normal,1,78.60707661,early,0
C4,66,1,normal,1,78.60707661,early,0
C4,66,2,normal,1,78.60707661,early,0
C4,66,3,normal,1,78.60707661,early,0
C4,66,4,normal,1,78.60707661,early,0
C4,67,0,normal,1,79.07419922,early,0
C4,67,1,normal,1,79.07419922,early,0
C4,67,2,normal,1,79.07419922,early,0
C4,67,3,normal,1,79.07419922,early,0
C4,67,4,normal,1,79.07419922,early,0
C4,68,0,normal,1,79.54228463,early,0
C4,68,1,normal,1,79.54228463,early,0
C4,68,2,normal,1,79.54228463,early,0
C4,68,3,normal,1,79.54228463,early,0
C4,68,4,normal,1,79.54228463,early,0
C4,69,0,normal,1,80.01089589,early,0
C4,69,1,normal,1,80.01089589,early,0
C4,69,2,normal,1,80.01089589,early,0
C4,69,3,normal,1,80.01089589,early,0
C4,69,4,normal,1,80.01089589,early,0
C4,70,0,normal,1,80.47958375,early,0
C4,70,1,normal,1,80.47958375,early,0
C4,70,2,normal,1,80.47958375,early,0
C4,70,3,normal,1,80.47958375,early,0
C4,70,4,normal,1,80.47958375,early,0
C4,71,0,normal,1,80.94788874,early,0
C4,71,1,normal,1,80.94788874,early,0
C4,71,2,normal,1,80.94788874,early,0
C4,71,3,normal,1,80.94788874,early,0
C4,71,4,normal,1,80.94788874,early,0
C4,72,0,normal,1,81.41534322,early,0
C4,72,1,normal,1,81.41534322,early,0
C4,72,2,normal,1,81.41534322,early,0
C4,72,3,normal,1,81.41534322,early,0
C4,72,4,normal,1,81.41534322,early,0
C4,73,0,normal,1,81.88147329,early,0
C4,73,1,normal,1,81.88147329,early,0
C4,73,2,normal,1,81.88147329,early,0
C4,73,3,normal,1,81.88147329,early,0
C4,73,4,normal,1,81.88147329,early,0
C4,74,0,normal,1,82.34580059,early,0
C4,74,1,normal,1,82.34580059,early,0
C4,74,2,normal,1,82.34580059,early,0
C4,74,3,normal,1,82.34580059,early,0
C4,74,4,normal,1,82.34580059,early,0
C4,75,0,normal,1,82.8078441,early,0
C4,75,1,normal,1,82.8078441,early,0
C4,75,2,normal,1,82.8078441,early,0
C4,75,3,normal,1,82.8078441,early,0
C4,75,4,normal,1,82.8078441,early,0
C4,76,0,normal,1,83.26712176,early,0
C4,76,1,normal,1,83.26712176,early,0
C4,76,2,normal,1,83.26712176,early,0
C4,76,3,normal,1,83.26712176,early,0
C4,76,4,normal,1,83.26712176,early,0
C4,77,0,normal,1,83.72315207,early,0
C4,77,1,normal,1,83.72315207,early,0
C4,77,2,normal,1,83.72315207,early,0
C4,77,3,normal,1,83.72315207,early,0
C4,77,4,normal,1,83.72315207,early,0
C4,78,0,normal,1,84.17545561,early,0
C4,78,1,normal,1,84.17545561,early,0
C4,78,2,normal,1,84.17545561,early,0
C4,78,3,normal,1,84.17545561,early,0
C4,78,4,normal,1,84.17545561,early,0
C4,79,0,normal,1,84.6235564,early,0
C4,79,1,normal,1,84.6235564,early,0
C4,79,2,normal,1,84.6235564,early,0
C4,79,3,normal,1,84.6235564,early,0
C4,79,4,normal,1,84.6235564,early,0
C4,80,0,normal,1,85.06698331,early,0
C4,80,1,normal,1,85.06698331,early,0
C4,80,2,normal,1,85.06698331,early,0
C4,80,3,normal,1,85.06698331,early,0
C4,80,4,normal,1,85.06698331,early,0
C4,81,0,normal,1,85.50527131,early,0
C4,81,1,normal,1,85.50527131,early,0
C4,81,2,normal,1,85.50527131,early,0
C4,81,3,normal,1,85.50527131,early,0
C4,81,4,normal,1,85.50527131,early,0
C4,82,0,normal,1,85.93796266,early,0
C4,82,1,normal,1,85.93796266,early,0
C4,82,2,normal,1,85.93796266,early,0
C4,82,3,normal,1,85.93796266,early,0
C4,82,4,normal,1,85.93796266,early,0
C4,83,0,normal,1,86.36460805,early,0
C4,83,1,normal,1,86.36460805,early,0
C4,83,2,normal,1,86.36460805,early,0
C4,83,3,normal,1,86.36460805,early,0
C4,83,4,normal,1,86.36460805,early,0
C4,84,0,normal,1,86.78476767,early,0
C4,84,1,normal,1,86.78476767,early,0
C4,84,2,normal,1,86.78476767,early,0
C4,84,3,normal,1,86.78476767,early,0
C4,84,4,normal,1,86.78476767,early,0
C4,85,0,normal,1,87.19801218,early,0
C4,85,1,normal,1,87.19801218,early,0
C4,85,2,normal,1,87.19801218,early,0
C4,85,3,normal,1,87.19801218,early,0
C4,85,4,normal,1,87.19801218,early,0
C4,86,0,normal,1,87.60392369,early,0
C4,86,1,normal,1,87.60392369,early,0
C4,86,2,normal,1,87.60392369,early,0
C4,86,3,normal,1,87.60392369,early,0
C4,86,4,normal,1,87.60392369,early,0
C4,87,0,normal,1,88.00209657,early,0
C4,87,1,normal,1,88.00209657,early,0
C4,87,2,normal,1,88.00209657,early,0
C4,87,3,normal,1,88.00209657,early,0
C4,87,4,normal,1,88.00209657,early,0
C4,88,0,normal,1,88.39213832,early,0
C4,88,1,normal,1,88.39213832,early,0
C4,88,2,normal,1,88.39213832,early,0
C4,88,3,normal,1,88.39213832,early,0
C4,88,4,normal,1,88.39213832,early,0
C4,89,0,normal,1,88.77367027,early,0
C4,89,1,normal,1,88.77367027,early,0
C4,89,2,normal,1,88.77367027,early,0
C4,89,3,normal,1,88.77367027,early,0
C4,89,4,normal,1,88.77367027,early,0
C4,90,0,normal,1,89.14632832,early,0
C4,90,1,normal,1,89.14632832,early,0
C4,90,2,normal,1,89.14632832,early,0
C4,90,3,normal,1,89.14632832,early,0
C4,90,4,normal,1,89.14632832,early,0
C4,91,0,normal,1,89.50976354,early,0
C4,91,1,normal,1,89.50976354,early,0
C4,91,2,normal,1,89.50976354,early,0
C4,91,3,normal,1,89.50976354,early,0
C4,91,4,normal,1,89.50976354,early,0
C4,92,0,normal,1,89.86364278,early,0
C4,92,1,normal,1,89.86364278,early,0
C4,92,2,normal,1,89.86364278,early,0
C4,92,3,normal,1,89.86364278,early,0
C4,92,4,normal,1,89.86364278,early,0
C4,93,0,normal,1,90.20764919,early,0
C4,93,1,normal,1,90.20764919,early,0
C4,93,2,normal,1,90.20764919,early,0
C4,93,3,normal,1,90.20764919,early,0
C4,93,4,normal,1,90.20764919,early,0
C4,94,0,normal,1,90.54148272,early,0
C4,94,1,normal,1,90.54148272,early,0
C4,94,2,normal,1,90.54148272,early,0
C4,94,3,normal,1,90.54148272,early,0
C4,94,4,normal,1,90.54148272,early,0
C4,95,0,normal,1,90.86486054,early,0
C4,95,1,normal,1,90.86486054,early,0
C4,95,2,normal,1,90.86486054,early,0
C4,95,3,normal,1,90.86486054,early,0
C4,95,4,normal,1,90.86486054,early,0
C4,96,0,normal,1,91.17751744,middle,1
C4,96,1,normal,1,91.17751744,middle,1
C4,96,2,normal,1,91.17751744,middle,1
C4,96,3,normal,1,91.17751744,middle,1
C4,96,4,normal,1,91.17751744,middle,1
C4,97,0,normal,1,91.47920614,middle,1
C4,97,1,normal,1,91.47920614,middle,1
C4,97,2,normal,1,91.47920614,middle,1
C4,97,3,normal,1,91.47920614,middle,1
C4,97,4,normal,1,91.47920614,middle,1
C4,98,0,normal,1,91.76969765,middle,1
C4,98,1,normal,1,91.76969765,middle,1
C4,98,2,normal,1,91.76969765,middle,1
C4,98,3,normal,1,91.76969765,middle,1
C4,98,4,normal,1,91.76969765,middle,1
C4,99,0,normal,1,92.04878148,middle,1
C4,99,1,normal,1,92.04878148,middle,1
C4,99,2,normal,1,92.04878148,middle,1
C4,99,3,normal,1,92.04878148,middle,1
C4,99,4,normal,1,92.04878148,middle,1
C4,100,0,normal,1,92.31626586,middle,1
C4,100,1,normal,1,92.31626586,middle,1
C4,100,2,normal,1,92.31626586,middle,1
C4,100,3,normal,1,92.31626586,middle,1
C4,100,4,normal,1,92.31626586,middle,1
C4,101,0,normal,1,92.57197792,middle,1
C4,101,1,normal,1,92.57197792,middle,1
C4,101,2,normal,1,92.57197792,middle,1
C4,101,3,normal,1,92.57197792,middle,1
C4,101,4,normal,1,92.57197792,middle,1
C4,102,0,normal,1,92.81576385,middle,1
C4,102,1,normal,1,92.81576385,middle,1
C4,102,2,normal,1,92.81576385,middle,1
C4,102,3,normal,1,92.81576385,middle,1
C4,102,4,normal,1,92.81576385,middle,1
C4,103,0,normal,1,93.04748896,middle,1
C4,103,1,normal,1,93.04748896,middle,1
C4,103,2,normal,1,93.04748896,middle,1
C4,103,3,normal,1,93.04748896,middle,1
C4,103,4,normal,1,93.04748896,middle,1
C4,104,0,normal,1,93.26703779,middle,1
C4,104,1,normal,1,93.26703779,middle,1
C4,104,2,normal,1,93.26703779,middle,1
C4,104,3,normal,1,93.26703779,middle,1
C4,104,4,normal,1,93.26703779,middle,1
C4,105,0,normal,1,93.47431411,middle,1
C4,105,1,normal,1,93.47431411,middle,1
C4,105,2,normal,1,93.47431411,middle,1
C4,105,3,normal,1,93.47431411,middle,1
C4,105,4,normal,1,93.47431411,middle,1
C4,106,0,normal,1,93.66924092,middle,1
C4,106,1,normal,1,93.66924092,middle,1
C4,106,2,normal,1,93.66924092,middle,1
C4,106,3,normal,1,93.66924092,middle,1
C4,106,4,normal,1,93.66924092,middle,1
C4,107,0,normal,1,93.85176045,middle,1
C4,107,1,normal,1,93.85176045,middle,1
C4,107,2,normal,1,93.85176045,middle,1
C4,107,3,normal,1,93.85176045,middle,1
C4,107,4,normal,1,93.85176045,middle,1
C4,108,0,normal,1,94.02183405,middle,1
C4,108,1,normal,1,94.02183405,middle,1
C4,108,2,normal,1,94.02183405,middle,1
C4,108,3,normal,1,94.02183405,middle,1
C4,108,4,normal,1,94.02183405,middle,1
C4,109,0,normal,1,94.17944214,middle,1
C4,109,1,normal,1,94.17944214,middle,1
C4,109,2,normal,1,94.17944214,middle,1
C4,109,3,normal,1,94.17944214,middle,1
C4,109,4,normal,1,94.17944214,middle,1
C4,110,0,normal,1,94.32458407,middle,1
C4,110,1,normal,1,94.32458407,middle,1
C4,110,2,normal,1,94.32458407,middle,1
C4,110,3,normal,1,94.32458407,middle,1
C4,110,4,normal,1,94.32458407,middle,1
C4,111,0,normal,1,94.45727798,middle,1
C4,111,1,normal,1,94.45727798,middle,1
C4,111,2,normal,1,94.45727798,middle,1
C4,111,3,normal,1,94.45727798,middle,1
C4,111,4,normal,1,94.45727798,middle,1
C4,112,0,normal,1,94.57756064,middle,1
C4,112,1,normal,1,94.57756064,middle,1
C4,112,2,normal,1,94.57756064,middle,1
C4,112,3,normal,1,94.57756064,middle,1
C4,112,4,normal,1,94.57756064,middle,1
C4,113,0,normal,1,94.68548722,middle,1
C4,113,1,normal,1,94.68548722,middle,1
C4,113,2,normal,1,94.68548722,middle,1
C4,113,3,normal,1,94.68548722,middle,1
C4,113,4,normal,1,94.68548722,middle,1
C4,114,0,normal,1,94.78113112,middle,1
C4,114,1,normal,1,94.78113112,middle,1
C4,114,2,normal,1,94.78113112,middle,1
C4,114,3,normal,1,94.78113112,middle,1
C4,114,4,normal,1,94.78113112,middle,1
C4,115,0,normal,1,94.86458369,middle,1
C4,115,1,normal,1,94.86458369,middle,1
C4,115,2,normal,1,94.86458369,middle,1
C4,115,3,normal,1,94.86458369,middle,1
C4,115,4,normal,1,94.86458369,middle,1
C4,116,0,normal,1,94.935954,middle,1
C4,116,1,normal,1,94.935954,middle,1
C4,116,2,normal,1,94.935954,middle,1
C4,116,3,normal,1,94.935954,middle,1
C4,116,4,normal,1,94.935954,middle,1
C4,117,0,normal,1,94.99536852,middle,1
C4,117,1,normal,1,94.99536852,middle,1
C4,117,2,normal,1,94.99536852,middle,1
C4,117,3,normal,1,94.99536852,middle,1
C4,117,4,normal,1,94.99536852,middle,1
C4,118,0,normal,1,95.04297086,middle,1
C4,118,1,normal,1,95.04297086,middle,1
C4,118,2,normal,1,95.04297086,middle,1
C4,118,3,normal,1,95.04297086,middle,1
C4,118,4,normal,1,95.04297086,middle,1
C4,119,0,normal,1,95.07892145,middle,1
C4,119,1,normal,1,95.07892145,middle,1
C4,119,2,normal,1,95.07892145,middle,1
C4,119,3,normal,1,95.07892145,middle,1
C4,119,4,normal,1,95.07892145,middle,1
C4,120,0,normal,1,95.10339716,middle,1
C4,120,1,normal,1,95.10339716,middle,1
C4,120,2,normal,1,95.10339716,middle,1
C4,120,3,normal,1,95.10339716,middle,1
C4,120,4,normal,1,95.10339716,middle,1
C4,121,0,normal,1,95.11659101,middle,1
C4,121,1,normal,1,95.11659101,middle,1
C4,121,2,normal,1,95.11659101,middle,1
C4,121,3,normal,1,95.11659101,middle,1
C4,121,4,normal,1,95.11659101,middle,1
C4,122,0,normal,1,95.11871175,middle,1
C4,122,1,normal,1,95.11871175,middle,1
C4,122,2,normal,1,95.11871175,middle,1
C4,122,3,normal,1,95.11871175,middle,1
C4,122,4,normal,1,95.11871175,middle,1
C4,123,0,normal,1,95.11871175,middle,1
C4,123,1,normal,1,95.11871175,middle,1
C4,123,2,normal,1,95.11871175,middle,1
C4,123,3,normal,1,95.11871175,middle,1
C4,123,4,normal,1,95.11871175,middle,1
C4,124,0,normal,1,95.11871175,middle,1
C4,124,1,normal,1,95.11871175,middle,1
C4,124,2,normal,1,95.11871175,middle,1
C4,124,3,normal,1,95.11871175,middle,1
C4,124,4,normal,1,95.11871175,middle,1
C4,125,0,normal,1,95.11871175,middle,1
C4,125,1,normal,1,95.11871175,middle,1
C4,125,2,normal,1,95.11871175,middle,1
C4,125,3,normal,1,95.11871175,middle,1
C4,125,4,normal,1,95.11871175,middle,1
C4,126,0,normal,1,95.11871175,middle,1
C4,126,1,normal,1,95.11871175,middle,1
C4,126,2,normal,1,95.11871175,middle,1
C4,126,3,normal,1,95.11871175,middle,1
C4,126,4,normal,1,95.11871175,middle,1
C4,127,0,normal,1,95.11871175,middle,1
C4,127,1,normal,1,95.11871175,middle,1
C4,127,2,normal,1,95.11871175,middle,1
C4,127,3,normal,1,95.11871175,middle,1
C4,127,4,normal,1,95.11871175,middle,1
C4,128,0,normal,1,95.11871175,middle,1
C4,128,1,normal,1,95.11871175,middle,1
C4,128,2,normal,1,95.11871175,middle,1
C4,128,3,normal,1,95.11871175,middle,1
C4,128,4,normal,1,95.11871175,middle,1
C4,129,0,normal,1,95.11871175,middle,1
C4,129,1,normal,1,95.11871175,middle,1
C4,129,2,normal,1,95.11871175,middle,1
C4,129,3,normal,1,95.11871175,middle,1
C4,129,4,normal,1,95.11871175,middle,1
C4,130,0,normal,1,95.11871175,middle,1
C4,130,1,normal,1,95.11871175,middle,1
C4,130,2,normal,1,95.11871175,middle,1
C4,130,3,normal,1,95.11871175,middle,1
C4,130,4,normal,1,95.11871175,middle,1
C4,131,0,normal,1,95.11871175,middle,1
C4,131,1,normal,1,95.11871175,middle,1
C4,131,2,normal,1,95.11871175,middle,1
C4,131,3,normal,1,95.11871175,middle,1
C4,131,4,normal,1,95.11871175,middle,1
C4,132,0,normal,1,95.11871175,middle,1
C4,132,1,normal,1,95.11871175,middle,1
C4,132,2,normal,1,95.11871175,middle,1
C4,132,3,normal,1,95.11871175,middle,1
C4,132,4,normal,1,95.11871175,middle,1
C4,133,0,normal,1,95.20726268,middle,1
C4,133,1,normal,1,95.20726268,middle,1
C4,133,2,normal,1,95.20726268,middle,1
C4,133,3,normal,1,95.20726268,middle,1
C4,133,4,normal,1,95.20726268,middle,1
C4,134,0,normal,1,95.44025205,middle,1
C4,134,1,normal,1,95.44025205,middle,1
C4,134,2,normal,1,95.44025205,middle,1
C4,134,3,normal,1,95.44025205,middle,1
C4,134,4,normal,1,95.44025205,middle,1
C4,135,0,normal,1,95.66161694,middle,1
C4,135,1,normal,1,95.66161694,middle,1
C4,135,2,normal,1,95.66161694,middle,1
C4,135,3,normal,1,95.66161694,middle,1
C4,135,4,normal,1,95.66161694,middle,1
C4,136,0,normal,1,95.87144806,middle,1
C4,136,1,normal,1,95.87144806,middle,1
C4,136,2,normal,1,95.87144806,middle,1
C4,136,3,normal,1,95.87144806,middle,1
C4,136,4,normal,1,95.87144806,middle,1
C4,137,0,normal,1,96.06985284,middle,1
C4,137,1,normal,1,96.06985284,middle,1
C4,137,2,normal,1,96.06985284,middle,1
C4,137,3,normal,1,96.06985284,middle,1
C4,137,4,normal,1,96.06985284,middle,1
C4,138,0,normal,1,96.25695507,middle,1
C4,138,1,normal,1,96.25695507,middle,1
C4,138,2,normal,1,96.25695507,middle,1
C4,138,3,normal,1,96.25695507,middle,1
C4,138,4,normal,1,96.25695507,middle,1
C4,139,0,normal,1,96.43289455,middle,1
C4,139,1,normal,1,96.43289455,middle,1
C4,139,2,normal,1,96.43289455,middle,1
C4,139,3,normal,1,96.43289455,middle,1
C4,139,4,normal,1,96.43289455,middle,1
C4,140,0,normal,1,96.59782671,middle,1
C4,140,1,normal,1,96.59782671,middle,1
C4,140,2,normal,1,96.59782671,middle,1
C4,140,3,normal,1,96.59782671,middle,1
C4,140,4,normal,1,96.59782671,middle,1
C4,141,0,normal,1,96.75192223,middle,1
C4,141,1,normal,1,96.75192223,middle,1
C4,141,2,normal,1,96.75192223,middle,1
C4,141,3,normal,1,96.75192223,middle,1
C4,141,4,normal,1,96.75192223,middle,1
C4,142,0,normal,1,96.89536664,middle,1
C4,142,1,normal,1,96.89536664,middle,1
C4,142,2,normal,1,96.89536664,middle,1
C4,142,3,normal,1,96.89536664,middle,1
C4,142,4,normal,1,96.89536664,middle,1
C4,143,0,normal,1,97.02835992,middle,1
C4,143,1,normal,1,97.02835992,middle,1
C4,143,2,normal,1,97.02835992,middle,1
C4,143,3,normal,1,97.02835992,middle,1
C4,143,4,normal,1,97.02835992,middle,1
C4,144,0,normal,1,97.15111612,middle,1
C4,144,1,normal,1,97.15111612,middle,1
C4,144,2,normal,1,97.15111612,middle,1
C4,144,3,normal,1,97.15111612,middle,1
C4,144,4,normal,1,97.15111612,middle,1
C4,145,0,normal,1,97.26386291,middle,1
C4,145,1,normal,1,97.26386291,middle,1
C4,145,2,normal,1,97.26386291,middle,1
C4,145,3,normal,1,97.26386291,middle,1
C4,145,4,normal,1,97.26386291,middle,1
C4,146,0,normal,1,97.36684116,middle,1
C4,146,1,normal,1,97.36684116,middle,1
C4,146,2,normal,1,97.36684116,middle,1
C4,146,3,normal,1,97.36684116,middle,1
C4,146,4,normal,1,97.36684116,middle,1
C4,147,0,normal,1,97.46030457,middle,1
C4,147,1,normal,1,97.46030457,middle,1
C4,147,2,normal,1,97.46030457,middle,1
C4,147,3,normal,1,97.46030457,middle,1
C4,147,4,normal,1,97.46030457,middle,1
C4,148,0,normal,1,97.54451915,middle,1
C4,148,1,normal,1,97.54451915,middle,1
C4,148,2,normal,1,97.54451915,middle,1
C4,148,3,normal,1,97.54451915,middle,1
C4,148,4,normal,1,97.54451915,middle,1
C4,149,0,normal,1,97.61976286,middle,1
C4,149,1,normal,1,97.61976286,middle,1
C4,149,2,normal,1,97.61976286,middle,1
C4,149,3,normal,1,97.61976286,middle,1
C4,149,4,normal,1,97.61976286,middle,1
C4,150,0,normal,1,97.68632512,middle,1
C4,150,1,normal,1,97.68632512,middle,1
C4,150,2,normal,1,97.68632512,middle,1
C4,150,3,normal,1,97.68632512,middle,1
C4,150,4,normal,1,97.68632512,middle,1
C4,151,0,normal,1,97.7445064,middle,1
C4,151,1,normal,1,97.7445064,middle,1
C4,151,2,normal,1,97.7445064,middle,1
C4,151,3,normal,1,97.7445064,middle,1
C4,151,4,normal,1,97.7445064,middle,1
C4,152,0,normal,1,97.79461776,middle,1
C4,152,1,normal,1,97.79461776,middle,1
C4,152,2,normal,1,97.79461776,middle,1
C4,152,3,normal,1,97.79461776,middle,1
C4,152,4,normal,1,97.79461776,middle,1
C4,153,0,normal,1,97.83698037,middle,1
C4,153,1,normal,1,97.83698037,middle,1
C4,153,2,normal,1,97.83698037,middle,1
C4,153,3,normal,1,97.83698037,middle,1
C4,153,4,normal,1,97.83698037,middle,1
C4,154,0,normal,1,97.87192512,middle,1
C4,154,1,normal,1,97.87192512,middle,1
C4,154,2,normal,1,97.87192512,middle,1
C4,154,3,normal,1,97.87192512,middle,1
C4,154,4,normal,1,97.87192512,middle,1
C4,155,0,normal,1,97.89979211,middle,1
C4,155,1,normal,1,97.89979211,middle,1
C4,155,2,normal,1,97.89979211,middle,1
C4,155,3,normal,1,97.89979211,middle,1
C4,155,4,normal,1,97.89979211,middle,1
C4,156,0,normal,1,97.92093022,middle,1
C4,156,1,normal,1,97.92093022,middle,1
C4,156,2,normal,1,97.92093022,middle,1
C4,156,3,normal,1,97.92093022,middle,1
C4,156,4,normal,1,97.92093022,middle,1
C4,157,0,normal,1,97.93569664,middle,1
C4,157,1,normal,1,97.93569664,middle,1
C4,157,2,normal,1,97.93569664,middle,1
C4,157,3,normal,1,97.93569664,middle,1
C4,157,4,normal,1,97.93569664,middle,1
C4,158,0,normal,1,97.94445643,middle,1
C4,158,1,normal,1,97.94445643,middle,1
C4,158,2,normal,1,97.94445643,middle,1
C4,158,3,normal,1,97.94445643,middle,1
C4,158,4,normal,1,97.94445643,middle,1
C4,159,0,normal,1,97.94758207,middle,1
C4,159,1,normal,1,97.94758207,middle,1
C4,159,2,normal,1,97.94758207,middle,1
C4,159,3,normal,1,97.94758207,middle,1
C4,159,4,normal,1,97.94758207,middle,1
C4,160,0,normal,1,97.94758207,middle,1
C4,160,1,normal,1,97.94758207,middle,1
C4,160,2,normal,1,97.94758207,middle,1
C4,160,3,normal,1,97.94758207,middle,1
C4,160,4,normal,1,97.94758207,middle,1
C4,161,0,normal,1,97.94758207,middle,1
C4,161,1,normal,1,97.94758207,middle,1
C4,161,2,normal,1,97.94758207,middle,1
C4,161,3,normal,1,97.94758207,middle,1
C4,161,4,normal,1,97.94758207,middle,1
C4,162,0,normal,1,97.94758207,middle,1
C4,162,1,normal,1,97.94758207,middle,1
C4,162,2,normal,1,97.94758207,middle,1
C4,162,3,normal,1,97.94758207,middle,1
C4,162,4,normal,1,97.94758207,middle,1
C4,163,0,normal,1,97.94758207,middle,1
C4,163,1,normal,1,97.94758207,middle,1
C4,163,2,normal,1,97.94758207,middle,1
C4,163,3,normal,1,97.94758207,middle,1
C4,163,4,normal,1,97.94758207,middle,1
C4,164,0,normal,1,97.94758207,middle,1
C4,164,1,normal,1,97.94758207,middle,1
C4,164,2,normal,1,97.94758207,middle,1
C4,164,3,normal,1,97.94758207,middle,1
C4,164,4,normal,1,97.94758207,middle,1
C4,165,0,normal,1,97.94758207,middle,1
C4,165,1,normal,1,97.94758207,middle,1
C4,165,2,normal,1,97.94758207,middle,1
C4,165,3,normal,1,97.94758207,middle,1
C4,165,4,normal,1,97.94758207,middle,1
C4,166,0,normal,1,97.94758207,middle,1
C4,166,1,normal,1,97.94758207,middle,1
C4,166,2,normal,1,97.94758207,middle,1
C4,166,3,normal,1,97.94758207,middle,1
C4,166,4,normal,1,97.94758207,middle,1
C4,167,0,normal,1,97.94758207,middle,1
C4,167,1,normal,1,97.94758207,middle,1
C4,167,2,normal,1,97.94758207,middle,1
C4,167,3,normal,1,97.94758207,middle,1
C4,167,4,normal,1,97.94758207,middle,1
C4,168,0,normal,1,97.94758207,middle,1
C4,168,1,normal,1,97.94758207,middle,1
C4,168,2,normal,1,97.94758207,middle,1
C4,168,3,normal,1,97.94758207,middle,1
C4,168,4,normal,1,97.94758207,middle,1
C4,169,0,normal,1,97.94758207,middle,1
C4,169,1,normal,1,97.94758207,middle,1
C4,169,2,normal,1,97.94758207,middle,1
C4,169,3,normal,1,97.94758207,middle,1
C4,169,4,normal,1,97.94758207,middle,1
C4,170,0,normal,1,97.94758207,middle,1
C4,170,1,normal,1,97.94758207,middle,1
C4,170,2,normal,1,97.94758207,middle,1
C4,170,3,normal,1,97.94758207,middle,1
C4,170,4,normal,1,97.94758207,middle,1
C4,171,0,normal,1,97.94758207,middle,1
C4,171,1,normal,1,97.94758207,middle,1
C4,171,2,normal,1,97.94758207,middle,1
C4,171,3,normal,1,97.94758207,middle,1
C4,171,4,normal,1,97.94758207,middle,1
C4,172,0,normal,1,97.94758207,middle,1
C4,172,1,normal,1,97.94758207,middle,1
C4,172,2,normal,1,97.94758207,middle,1
C4,172,3,normal,1,97.94758207,middle,1
C4,172,4,normal,1,97.94758207,middle,1
C4,173,0,normal,1,97.94758207,middle,1
C4,173,1,normal,1,97.94758207,middle,1
C4,173,2,normal,1,97.94758207,middle,1
C4,173,3,normal,1,97.94758207,middle,1
C4,173,4,normal,1,97.94758207,middle,1
C4,174,0,normal,1,97.94758207,middle,1
C4,174,1,normal,1,97.94758207,middle,1
C4,174,2,normal,1,97.94758207,middle,1
C4,174,3,normal,1,97.94758207,middle,1
C4,174,4,normal,1,97.94758207,middle,1
C4,175,0,normal,1,97.94758207,middle,1
C4,175,1,normal,1,97.94758207,middle,1
C4,175,2,normal,1,97.94758207,middle,1
C4,175,3,normal,1,97.94758207,middle,1
C4,175,4,normal,1,97.94758207,middle,1
C4,176,0,severe,2,97.94758207,middle,1
C4,176,1,severe,2,97.94758207,middle,1
C4,176,2,severe,2,97.94758207,middle,1
C4,176,3,severe,2,97.94758207,middle,1
C4,176,4,severe,2,97.94758207,middle,1
C4,177,0,severe,2,97.94758207,middle,1
C4,177,1,severe,2,97.94758207,middle,1
C4,177,2,severe,2,97.94758207,middle,1
C4,177,3,severe,2,97.94758207,middle,1
C4,177,4,severe,2,97.94758207,middle,1
C4,178,0,severe,2,97.94758207,middle,1
C4,178,1,severe,2,97.94758207,middle,1
C4,178,2,severe,2,97.94758207,middle,1
C4,178,3,severe,2,97.94758207,middle,1
C4,178,4,severe,2,97.94758207,middle,1
C4,179,0,severe,2,97.94758207,middle,1
C4,179,1,severe,2,97.94758207,middle,1
C4,179,2,severe,2,97.94758207,middle,1
C4,179,3,severe,2,97.94758207,middle,1
C4,179,4,severe,2,97.94758207,middle,1
C4,180,0,severe,2,97.94758207,middle,1
C4,180,1,severe,2,97.94758207,middle,1
C4,180,2,severe,2,97.94758207,middle,1
C4,180,3,severe,2,97.94758207,middle,1
C4,180,4,severe,2,97.94758207,middle,1
C4,181,0,severe,2,97.94758207,middle,1
C4,181,1,severe,2,97.94758207,middle,1
C4,181,2,severe,2,97.94758207,middle,1
C4,181,3,severe,2,97.94758207,middle,1
C4,181,4,severe,2,97.94758207,middle,1
C4,182,0,severe,2,97.94758207,middle,1
C4,182,1,severe,2,97.94758207,middle,1
C4,182,2,severe,2,97.94758207,middle,1
C4,182,3,severe,2,97.94758207,middle,1
C4,182,4,severe,2,97.94758207,middle,1
C4,183,0,severe,2,97.94758207,middle,1
C4,183,1,severe,2,97.94758207,middle,1
C4,183,2,severe,2,97.94758207,middle,1
C4,183,3,severe,2,97.94758207,middle,1
C4,183,4,severe,2,97.94758207,middle,1
C4,184,0,severe,2,97.94758207,middle,1
C4,184,1,severe,2,97.94758207,middle,1
C4,184,2,severe,2,97.94758207,middle,1
C4,184,3,severe,2,97.94758207,middle,1
C4,184,4,severe,2,97.94758207,middle,1
C4,185,0,severe,2,97.94758207,middle,1
C4,185,1,severe,2,97.94758207,middle,1
C4,185,2,severe,2,97.94758207,middle,1
C4,185,3,severe,2,97.94758207,middle,1
C4,185,4,severe,2,97.94758207,middle,1
C4,186,0,severe,2,97.94758207,middle,1
C4,186,1,severe,2,97.94758207,middle,1
C4,186,2,severe,2,97.94758207,middle,1
C4,186,3,severe,2,97.94758207,middle,1
C4,186,4,severe,2,97.94758207,middle,1
C4,187,0,severe,2,97.94758207,middle,1
C4,187,1,severe,2,97.94758207,middle,1
C4,187,2,severe,2,97.94758207,middle,1
C4,187,3,severe,2,97.94758207,middle,1
C4,187,4,severe,2,97.94758207,middle,1
C4,188,0,severe,2,97.94758207,middle,1
C4,188,1,severe,2,97.94758207,middle,1
C4,188,2,severe,2,97.94758207,middle,1
C4,188,3,severe,2,97.94758207,middle,1
C4,188,4,severe,2,97.94758207,middle,1
C4,189,0,severe,2,97.94758207,middle,1
C4,189,1,severe,2,97.94758207,middle,1
C4,189,2,severe,2,97.94758207,middle,1
C4,189,3,severe,2,97.94758207,middle,1
C4,189,4,severe,2,97.94758207,middle,1
C4,190,0,severe,2,97.94758207,middle,1
C4,190,1,severe,2,97.94758207,middle,1
C4,190,2,severe,2,97.94758207,middle,1
C4,190,3,severe,2,97.94758207,middle,1
C4,190,4,severe,2,97.94758207,middle,1
C4,191,0,severe,2,97.94758207,middle,1
C4,191,1,severe,2,97.94758207,middle,1
C4,191,2,severe,2,97.94758207,middle,1
C4,191,3,severe,2,97.94758207,middle,1
C4,191,4,severe,2,97.94758207,middle,1
C4,192,0,severe,2,97.94758207,middle,1
C4,192,1,severe,2,97.94758207,middle,1
C4,192,2,severe,2,97.94758207,middle,1
C4,192,3,severe,2,97.94758207,middle,1
C4,192,4,severe,2,97.94758207,middle,1
C4,193,0,severe,2,97.94758207,middle,1
C4,193,1,severe,2,97.94758207,middle,1
C4,193,2,severe,2,97.94758207,middle,1
C4,193,3,severe,2,97.94758207,middle,1
C4,193,4,severe,2,97.94758207,middle,1
C4,194,0,severe,2,97.94758207,middle,1
C4,194,1,severe,2,97.94758207,middle,1
C4,194,2,severe,2,97.94758207,middle,1
C4,194,3,severe,2,97.94758207,middle,1
C4,194,4,severe,2,97.94758207,middle,1
C4,195,0,severe,2,97.94758207,middle,1
C4,195,1,severe,2,97.94758207,middle,1
C4,195,2,severe,2,97.94758207,middle,1
C4,195,3,severe,2,97.94758207,middle,1
C4,195,4,severe,2,97.94758207,middle,1
C4,196,0,severe,2,97.94758207,middle,1
C4,196,1,severe,2,97.94758207,middle,1
C4,196,2,severe,2,97.94758207,middle,1
C4,196,3,severe,2,97.94758207,middle,1
C4,196,4,severe,2,97.94758207,middle,1
C4,197,0,severe,2,97.94758207,middle,1
C4,197,1,severe,2,97.94758207,middle,1
C4,197,2,severe,2,97.94758207,middle,1
C4,197,3,severe,2,97.94758207,middle,1
C4,197,4,severe,2,97.94758207,middle,1
C4,198,0,severe,2,98.04939711,middle,1
C4,198,1,severe,2,98.04939711,middle,1
C4,198,2,severe,2,98.04939711,middle,1
C4,198,3,severe,2,98.04939711,middle,1
C4,198,4,severe,2,98.04939711,middle,1
C4,199,0,severe,2,98.16385952,middle,1
C4,199,1,severe,2,98.16385952,middle,1
C4,199,2,severe,2,98.16385952,middle,1
C4,199,3,severe,2,98.16385952,middle,1
C4,199,4,severe,2,98.16385952,middle,1
C4,200,0,severe,2,98.28908463,middle,1
C4,200,1,severe,2,98.28908463,middle,1
C4,200,2,severe,2,98.28908463,middle,1
C4,200,3,severe,2,98.28908463,middle,1
C4,200,4,severe,2,98.28908463,middle,1
C4,201,0,severe,2,98.42538882,middle,1
C4,201,1,severe,2,98.42538882,middle,1
C4,201,2,severe,2,98.42538882,middle,1
C4,201,3,severe,2,98.42538882,middle,1
C4,201,4,severe,2,98.42538882,middle,1
C4,202,0,severe,2,98.57308034,middle,1
C4,202,1,severe,2,98.57308034,middle,1
C4,202,2,severe,2,98.57308034,middle,1
C4,202,3,severe,2,98.57308034,middle,1
C4,202,4,severe,2,98.57308034,middle,1
C4,203,0,severe,2,98.73245902,middle,1
C4,203,1,severe,2,98.73245902,middle,1
C4,203,2,severe,2,98.73245902,middle,1
C4,203,3,severe,2,98.73245902,middle,1
C4,203,4,severe,2,98.73245902,middle,1
C4,204,0,severe,2,98.90381609,middle,1
C4,204,1,severe,2,98.90381609,middle,1
C4,204,2,severe,2,98.90381609,middle,1
C4,204,3,severe,2,98.90381609,middle,1
C4,204,4,severe,2,98.90381609,middle,1
C4,205,0,severe,2,99.08743402,middle,1
C4,205,1,severe,2,99.08743402,middle,1
C4,205,2,severe,2,99.08743402,middle,1
C4,205,3,severe,2,99.08743402,middle,1
C4,205,4,severe,2,99.08743402,middle,1
C4,206,0,severe,2,99.28358632,middle,1
C4,206,1,severe,2,99.28358632,middle,1
C4,206,2,severe,2,99.28358632,middle,1
C4,206,3,severe,2,99.28358632,middle,1
C4,206,4,severe,2,99.28358632,middle,1
C4,207,0,severe,2,99.49253735,middle,1
C4,207,1,severe,2,99.49253735,middle,1
C4,207,2,severe,2,99.49253735,middle,1
C4,207,3,severe,2,99.49253735,middle,1
C4,207,4,severe,2,99.49253735,middle,1
C4,208,0,severe,2,99.71454217,middle,1
C4,208,1,severe,2,99.71454217,middle,1
C4,208,2,severe,2,99.71454217,middle,1
C4,208,3,severe,2,99.71454217,middle,1
C4,208,4,severe,2,99.71454217,middle,1
C4,209,0,severe,2,99.94984642,middle,1
C4,209,1,severe,2,99.94984642,middle,1
C4,209,2,severe,2,99.94984642,middle,1
C4,209,3,severe,2,99.94984642,middle,1
C4,209,4,severe,2,99.94984642,middle,1
C4,210,0,severe,2,100.1986861,middle,1
C4,210,1,severe,2,100.1986861,middle,1
C4,210,2,severe,2,100.1986861,middle,1
C4,210,3,severe,2,100.1986861,middle,1
C4,210,4,severe,2,100.1986861,middle,1
C4,211,0,severe,2,100.4612875,middle,1
C4,211,1,severe,2,100.4612875,middle,1
C4,211,2,severe,2,100.4612875,middle,1
C4,211,3,severe,2,100.4612875,middle,1
C4,211,4,severe,2,100.4612875,middle,1
C4,212,0,severe,2,100.737867,middle,1
C4,212,1,severe,2,100.737867,middle,1
C4,212,2,severe,2,100.737867,middle,1
C4,212,3,severe,2,100.737867,middle,1
C4,212,4,severe,2,100.737867,middle,1
C4,213,0,severe,2,101.0286311,middle,1
C4,213,1,severe,2,101.0286311,middle,1
C4,213,2,severe,2,101.0286311,middle,1
C4,213,3,severe,2,101.0286311,middle,1
C4,213,4,severe,2,101.0286311,middle,1
C4,214,0,severe,2,101.3337761,middle,1
C4,214,1,severe,2,101.3337761,middle,1
C4,214,2,severe,2,101.3337761,middle,1
C4,214,3,severe,2,101.3337761,middle,1
C4,214,4,severe,2,101.3337761,middle,1
C4,215,0,severe,2,101.6534881,middle,1
C4,215,1,severe,2,101.6534881,middle,1
C4,215,2,severe,2,101.6534881,middle,1
C4,215,3,severe,2,101.6534881,middle,1
C4,215,4,severe,2,101.6534881,middle,1
C4,216,0,severe,2,101.9879429,middle,1
C4,216,1,severe,2,101.9879429,middle,1
C4,216,2,severe,2,101.9879429,middle,1
C4,216,3,severe,2,101.9879429,middle,1
C4,216,4,severe,2,101.9879429,middle,1
C4,217,0,severe,2,102.337306,middle,1
C4,217,1,severe,2,102.337306,middle,1
C4,217,2,severe,2,102.337306,middle,1
C4,217,3,severe,2,102.337306,middle,1
C4,217,4,severe,2,102.337306,middle,1
C4,218,0,severe,2,102.7017323,middle,1
C4,218,1,severe,2,102.7017323,middle,1
C4,218,2,severe,2,102.7017323,middle,1
C4,218,3,severe,2,102.7017323,middle,1
C4,218,4,severe,2,102.7017323,middle,1
C4,219,0,severe,2,103.0813662,middle,1
C4,219,1,severe,2,103.0813662,middle,1
C4,219,2,severe,2,103.0813662,middle,1
C4,219,3,severe,2,103.0813662,middle,1
C4,219,4,severe,2,103.0813662,middle,1
C4,220,0,severe,2,103.4763417,middle,1
C4,220,1,severe,2,103.4763417,middle,1
C4,220,2,severe,2,103.4763417,middle,1
C4,220,3,severe,2,103.4763417,middle,1
C4,220,4,severe,2,103.4763417,middle,1
C4,221,0,severe,2,103.8867818,middle,1
C4,221,1,severe,2,103.8867818,middle,1
C4,221,2,severe,2,103.8867818,middle,1
C4,221,3,severe,2,103.8867818,middle,1
C4,221,4,severe,2,103.8867818,middle,1
C4,222,0,severe,2,104.3127991,middle,1
C4,222,1,severe,2,104.3127991,middle,1
C4,222,2,severe,2,104.3127991,middle,1
C4,222,3,severe,2,104.3127991,middle,1
C4,222,4,severe,2,104.3127991,middle,1
C4,223,0,severe,2,104.7544953,middle,1
C4,223,1,severe,2,104.7544953,middle,1
C4,223,2,severe,2,104.7544953,middle,1
C4,223,3,severe,2,104.7544953,middle,1
C4,223,4,severe,2,104.7544953,middle,1
C4,224,0,severe,2,105.362396,middle,1
C4,224,1,severe,2,105.362396,middle,1
C4,224,2,severe,2,105.362396,middle,1
C4,224,3,severe,2,105.362396,middle,1
C4,224,4,severe,2,105.362396,middle,1
C4,225,0,severe,2,106.1176442,middle,1
C4,225,1,severe,2,106.1176442,middle,1
C4,225,2,severe,2,106.1176442,middle,1
C4,225,3,severe,2,106.1176442,middle,1
C4,225,4,severe,2,106.1176442,middle,1
C4,226,0,severe,2,106.8910702,middle,1
C4,226,1,severe,2,106.8910702,middle,1
C4,226,2,severe,2,106.8910702,middle,1
C4,226,3,severe,2,106.8910702,middle,1
C4,226,4,severe,2,106.8910702,middle,1
C4,227,0,severe,2,107.6825431,middle,1
C4,227,1,severe,2,107.6825431,middle,1
C4,227,2,severe,2,107.6825431,middle,1
C4,227,3,severe,2,107.6825431,middle,1
C4,227,4,severe,2,107.6825431,middle,1
C4,228,0,severe,2,108.4919199,late,2
C4,228,1,severe,2,108.4919199,late,2
C4,228,2,severe,2,108.4919199,late,2
C4,228,3,severe,2,108.4919199,late,2
C4,228,4,severe,2,108.4919199,late,2
C4,229,0,severe,2,109.3190454,late,2
C4,229,1,severe,2,109.3190454,late,2
C4,229,2,severe,2,109.3190454,late,2
C4,229,3,severe,2,109.3190454,late,2
C4,229,4,severe,2,109.3190454,late,2
C4,230,0,severe,2,110.1637529,late,2
C4,230,1,severe,2,110.1637529,late,2
C4,230,2,severe,2,110.1637529,late,2
C4,230,3,severe,2,110.1637529,late,2
C4,230,4,severe,2,110.1637529,late,2
C4,231,0,severe,2,111.0258638,late,2
C4,231,1,severe,2,111.0258638,late,2
C4,231,2,severe,2,111.0258638,late,2
C4,231,3,severe,2,111.0258638,late,2
C4,231,4,severe,2,111.0258638,late,2
C4,232,0,severe,2,111.9051881,late,2
C4,232,1,severe,2,111.9051881,late,2
C4,232,2,severe,2,111.9051881,late,2
C4,232,3,severe,2,111.9051881,late,2
C4,232,4,severe,2,111.9051881,late,2
C4,233,0,severe,2,112.8015244,late,2
C4,233,1,severe,2,112.8015244,late,2
C4,233,2,severe,2,112.8015244,late,2
C4,233,3,severe,2,112.8015244,late,2
C4,233,4,severe,2,112.8015244,late,2
C4,234,0,severe,2,113.7146603,late,2
C4,234,1,severe,2,113.7146603,late,2
C4,234,2,severe,2,113.7146603,late,2
C4,234,3,severe,2,113.7146603,late,2
C4,234,4,severe,2,113.7146603,late,2
C4,235,0,severe,2,114.6443724,late,2
C4,235,1,severe,2,114.6443724,late,2
C4,235,2,severe,2,114.6443724,late,2
C4,235,3,severe,2,114.6443724,late,2
C4,235,4,severe,2,114.6443724,late,2
C4,236,0,severe,2,115.5904267,late,2
C4,236,1,severe,2,115.5904267,late,2
C4,236,2,severe,2,115.5904267,late,2
C4,236,3,severe,2,115.5904267,late,2
C4,236,4,severe,2,115.5904267,late,2
C4,237,0,severe,2,116.5525786,late,2
C4,237,1,severe,2,116.5525786,late,2
C4,237,2,severe,2,116.5525786,late,2
C4,237,3,severe,2,116.5525786,late,2
C4,237,4,severe,2,116.5525786,late,2
C4,238,0,severe,2,117.5305732,late,2
C4,238,1,severe,2,117.5305732,late,2
C4,238,2,severe,2,117.5305732,late,2
C4,238,3,severe,2,117.5305732,late,2
C4,238,4,severe,2,117.5305732,late,2
C4,239,0,severe,2,118.5241458,late,2
C4,239,1,severe,2,118.5241458,late,2
C4,239,2,severe,2,118.5241458,late,2
C4,239,3,severe,2,118.5241458,late,2
C4,239,4,severe,2,118.5241458,late,2
C4,240,0,severe,2,119.5330215,late,2
C4,240,1,severe,2,119.5330215,late,2
C4,240,2,severe,2,119.5330215,late,2
C4,240,3,severe,2,119.5330215,late,2
C4,240,4,severe,2,119.5330215,late,2
C4,241,0,severe,2,120.556916,late,2
C4,241,1,severe,2,120.556916,late,2
C4,241,2,severe,2,120.556916,late,2
C4,241,3,severe,2,120.556916,late,2
C4,241,4,severe,2,120.556916,late,2
C4,242,0,severe,2,121.5955358,late,2
C4,242,1,severe,2,121.5955358,late,2
C4,242,2,severe,2,121.5955358,late,2
C4,242,3,severe,2,121.5955358,late,2
C4,242,4,severe,2,121.5955358,late,2
C4,243,0,severe,2,122.648578,late,2
C4,243,1,severe,2,122.648578,late,2
C4,243,2,severe,2,122.648578,late,2
C4,243,3,severe,2,122.648578,late,2
C4,243,4,severe,2,122.648578,late,2
C4,244,0,severe,2,123.715731,late,2
C4,244,1,severe,2,123.715731,late,2
C4,244,2,severe,2,123.715731,late,2
C4,244,3,severe,2,123.715731,late,2
C4,244,4,severe,2,123.715731,late,2
C4,245,0,severe,2,124.7966747,late,2
C4,245,1,severe,2,124.7966747,late,2
C4,245,2,severe,2,124.7966747,late,2
C4,245,3,severe,2,124.7966747,late,2
C4,245,4,severe,2,124.7966747,late,2
C4,246,0,severe,2,125.8910804,late,2
C4,246,1,severe,2,125.8910804,late,2
C4,246,2,severe,2,125.8910804,late,2
C4,246,3,severe,2,125.8910804,late,2
C4,246,4,severe,2,125.8910804,late,2
C4,247,0,severe,2,126.9986117,late,2
C4,247,1,severe,2,126.9986117,late,2
C4,247,2,severe,2,126.9986117,late,2
C4,247,3,severe,2,126.9986117,late,2
C4,247,4,severe,2,126.9986117,late,2
C4,248,0,severe,2,128.1189241,late,2
C4,248,1,severe,2,128.1189241,late,2
C4,248,2,severe,2,128.1189241,late,2
C4,248,3,severe,2,128.1189241,late,2
C4,248,4,severe,2,128.1189241,late,2
C4,249,0,severe,2,129.2516656,late,2
C4,249,1,severe,2,129.2516656,late,2
C4,249,2,severe,2,129.2516656,late,2
C4,249,3,severe,2,129.2516656,late,2
C4,249,4,severe,2,129.2516656,late,2
C4,250,0,severe,2,130.3964771,late,2
C4,250,1,severe,2,130.3964771,late,2
C4,250,2,severe,2,130.3964771,late,2
C4,250,3,severe,2,130.3964771,late,2
C4,250,4,severe,2,130.3964771,late,2
C4,251,0,severe,2,131.5529925,late,2
C4,251,1,severe,2,131.5529925,late,2
C4,251,2,severe,2,131.5529925,late,2
C4,251,3,severe,2,131.5529925,late,2
C4,251,4,severe,2,131.5529925,late,2
C4,252,0,severe,2,132.7208389,late,2
C4,252,1,severe,2,132.7208389,late,2
C4,252,2,severe,2,132.7208389,late,2
C4,252,3,severe,2,132.7208389,late,2
C4,252,4,severe,2,132.7208389,late,2
C4,253,0,severe,2,133.8996371,late,2
C4,253,1,severe,2,133.8996371,late,2
C4,253,2,severe,2,133.8996371,late,2
C4,253,3,severe,2,133.8996371,late,2
C4,253,4,severe,2,133.8996371,late,2
C4,254,0,severe,2,135.0890018,late,2
C4,254,1,severe,2,135.0890018,late,2
C4,254,2,severe,2,135.0890018,late,2
C4,254,3,severe,2,135.0890018,late,2
C4,254,4,severe,2,135.0890018,late,2
C4,255,0,severe,2,136.2885418,late,2
C4,255,1,severe,2,136.2885418,late,2
C4,255,2,severe,2,136.2885418,late,2
C4,255,3,severe,2,136.2885418,late,2
C4,255,4,severe,2,136.2885418,late,2
C4,256,0,severe,2,137.4978605,late,2
C4,256,1,severe,2,137.4978605,late,2
C4,256,2,severe,2,137.4978605,late,2
C4,256,3,severe,2,137.4978605,late,2
C4,256,4,severe,2,137.4978605,late,2
C4,257,0,severe,2,138.716556,late,2
C4,257,1,severe,2,138.716556,late,2
C4,257,2,severe,2,138.716556,late,2
C4,257,3,severe,2,138.716556,late,2
C4,257,4,severe,2,138.716556,late,2
C4,258,0,severe,2,139.9442215,late,2
C4,258,1,severe,2,139.9442215,late,2
C4,258,2,severe,2,139.9442215,late,2
C4,258,3,severe,2,139.9442215,late,2
C4,258,4,severe,2,139.9442215,late,2
C4,259,0,severe,2,141.1804455,late,2
C4,259,1,severe,2,141.1804455,late,2
C4,259,2,severe,2,141.1804455,late,2
C4,259,3,severe,2,141.1804455,late,2
C4,259,4,severe,2,141.1804455,late,2
C4,260,0,severe,2,142.4248124,late,2
C4,260,1,severe,2,142.4248124,late,2
C4,260,2,severe,2,142.4248124,late,2
C4,260,3,severe,2,142.4248124,late,2
C4,260,4,severe,2,142.4248124,late,2
C4,261,0,severe,2,143.6769023,late,2
C4,261,1,severe,2,143.6769023,late,2
C4,261,2,severe,2,143.6769023,late,2
C4,261,3,severe,2,143.6769023,late,2
C4,261,4,severe,2,143.6769023,late,2
C4,262,0,severe,2,144.9362918,late,2
C4,262,1,severe,2,144.9362918,late,2
C4,262,2,severe,2,144.9362918,late,2
C4,262,3,severe,2,144.9362918,late,2
C4,262,4,severe,2,144.9362918,late,2
C4,263,0,severe,2,146.202554,late,2
C4,263,1,severe,2,146.202554,late,2
C4,263,2,severe,2,146.202554,late,2
C4,263,3,severe,2,146.202554,late,2
C4,263,4,severe,2,146.202554,late,2
C4,264,0,severe,2,147.475259,late,2
C4,264,1,severe,2,147.475259,late,2
C4,264,2,severe,2,147.475259,late,2
C4,264,3,severe,2,147.475259,late,2
C4,264,4,severe,2,147.475259,late,2
C4,265,0,severe,2,148.7539741,late,2
C4,265,1,severe,2,148.7539741,late,2
C4,265,2,severe,2,148.7539741,late,2
C4,265,3,severe,2,148.7539741,late,2
C4,265,4,severe,2,148.7539741,late,2
C4,266,0,severe,2,150.0382639,late,2
C4,266,1,severe,2,150.0382639,late,2
C4,266,2,severe,2,150.0382639,late,2
C4,266,3,severe,2,150.0382639,late,2
C4,266,4,severe,2,150.0382639,late,2
C4,267,0,severe,2,151.3276912,late,2
C4,267,1,severe,2,151.3276912,late,2
C4,267,2,severe,2,151.3276912,late,2
C4,267,3,severe,2,151.3276912,late,2
C4,267,4,severe,2,151.3276912,late,2
C4,268,0,severe,2,152.6218167,late,2
C4,268,1,severe,2,152.6218167,late,2
C4,268,2,severe,2,152.6218167,late,2
C4,268,3,severe,2,152.6218167,late,2
C4,268,4,severe,2,152.6218167,late,2
C4,269,0,severe,2,153.9201996,late,2
C4,269,1,severe,2,153.9201996,late,2
C4,269,2,severe,2,153.9201996,late,2
C4,269,3,severe,2,153.9201996,late,2
C4,269,4,severe,2,153.9201996,late,2
C4,270,0,severe,2,155.2223977,late,2
C4,270,1,severe,2,155.2223977,late,2
C4,270,2,severe,2,155.2223977,late,2
C4,270,3,severe,2,155.2223977,late,2
C4,270,4,severe,2,155.2223977,late,2
C4,271,0,severe,2,156.5279683,late,2
C4,271,1,severe,2,156.5279683,late,2
C4,271,2,severe,2,156.5279683,late,2
C4,271,3,severe,2,156.5279683,late,2
C4,271,4,severe,2,156.5279683,late,2
C4,272,0,severe,2,157.8364676,late,2
C4,272,1,severe,2,157.8364676,late,2
C4,272,2,severe,2,157.8364676,late,2
C4,272,3,severe,2,157.8364676,late,2
C4,272,4,severe,2,157.8364676,late,2
C4,273,0,severe,2,159.1474517,late,2
C4,273,1,severe,2,159.1474517,late,2
C4,273,2,severe,2,159.1474517,late,2
C4,273,3,severe,2,159.1474517,late,2
C4,273,4,severe,2,159.1474517,late,2
C4,274,0,severe,2,160.4604766,late,2
C4,274,1,severe,2,160.4604766,late,2
C4,274,2,severe,2,160.4604766,late,2
C4,274,3,severe,2,160.4604766,late,2
C4,274,4,severe,2,160.4604766,late,2
C4,275,0,severe,2,161.7750987,late,2
C4,275,1,severe,2,161.7750987,late,2
C4,275,2,severe,2,161.7750987,late,2
C4,275,3,severe,2,161.7750987,late,2
C4,275,4,severe,2,161.7750987,late,2
C4,276,0,severe,2,163.090875,late,2
C4,276,1,severe,2,163.090875,late,2
C4,276,2,severe,2,163.090875,late,2
C4,276,3,severe,2,163.090875,late,2
C4,276,4,severe,2,163.090875,late,2
C4,277,0,severe,2,164.4073631,late,2
C4,277,1,severe,2,164.4073631,late,2
C4,277,2,severe,2,164.4073631,late,2
C4,277,3,severe,2,164.4073631,late,2
C4,277,4,severe,2,164.4073631,late,2
C4,278,0,severe,2,165.724122,late,2
C4,278,1,severe,2,165.724122,late,2
C4,278,2,severe,2,165.724122,late,2
C4,278,3,severe,2,165.724122,late,2
C4,278,4,severe,2,165.724122,late,2
C4,279,0,severe,2,167.0407123,late,2
C4,279,1,severe,2,167.0407123,late,2
C4,279,2,severe,2,167.0407123,late,2
C4,279,3,severe,2,167.0407123,late,2
C4,279,4,severe,2,167.0407123,late,2
C4,280,0,severe,2,168.3566961,late,2
C4,280,1,severe,2,168.3566961,late,2
C4,280,2,severe,2,168.3566961,late,2
C4,280,3,severe,2,168.3566961,late,2
C4,280,4,severe,2,168.3566961,late,2
C4,281,0,severe,2,169.6716378,late,2
C4,281,1,severe,2,169.6716378,late,2
C4,281,2,severe,2,169.6716378,late,2
C4,281,3,severe,2,169.6716378,late,2
C4,281,4,severe,2,169.6716378,late,2
C4,282,0,severe,2,170.9851038,late,2
C4,282,1,severe,2,170.9851038,late,2
C4,282,2,severe,2,170.9851038,late,2
C4,282,3,severe,2,170.9851038,late,2
C4,282,4,severe,2,170.9851038,late,2
C4,283,0,severe,2,172.2966636,late,2
C4,283,1,severe,2,172.2966636,late,2
C4,283,2,severe,2,172.2966636,late,2
C4,283,3,severe,2,172.2966636,late,2
C4,283,4,severe,2,172.2966636,late,2
C4,284,0,severe,2,173.6058893,late,2
C4,284,1,severe,2,173.6058893,late,2
C4,284,2,severe,2,173.6058893,late,2
C4,284,3,severe,2,173.6058893,late,2
C4,284,4,severe,2,173.6058893,late,2
C4,285,0,severe,2,174.9123562,late,2
C4,285,1,severe,2,174.9123562,late,2
C4,285,2,severe,2,174.9123562,late,2
C4,285,3,severe,2,174.9123562,late,2
C4,285,4,severe,2,174.9123562,late,2
C4,286,0,severe,2,176.2156432,late,2
C4,286,1,severe,2,176.2156432,late,2
C4,286,2,severe,2,176.2156432,late,2
C4,286,3,severe,2,176.2156432,late,2
C4,286,4,severe,2,176.2156432,late,2
C4,287,0,severe,2,177.5153329,late,2
C4,287,1,severe,2,177.5153329,late,2
C4,287,2,severe,2,177.5153329,late,2
C4,287,3,severe,2,177.5153329,late,2
C4,287,4,severe,2,177.5153329,late,2
C4,288,0,severe,2,178.8110119,late,2
C4,288,1,severe,2,178.8110119,late,2
C4,288,2,severe,2,178.8110119,late,2
C4,288,3,severe,2,178.8110119,late,2
C4,288,4,severe,2,178.8110119,late,2
C4,289,0,severe,2,180.102271,late,2
C4,289,1,severe,2,180.102271,late,2
C4,289,2,severe,2,180.102271,late,2
C4,289,3,severe,2,180.102271,late,2
C4,289,4,severe,2,180.102271,late,2
C4,290,0,severe,2,181.3887056,late,2
C4,290,1,severe,2,181.3887056,late,2
C4,290,2,severe,2,181.3887056,late,2
C4,290,3,severe,2,181.3887056,late,2
C4,290,4,severe,2,181.3887056,late,2
C4,291,0,severe,2,182.6699161,late,2
C4,291,1,severe,2,182.6699161,late,2
C4,291,2,severe,2,182.6699161,late,2
C4,291,3,severe,2,182.6699161,late,2
C4,291,4,severe,2,182.6699161,late,2
C4,292,0,severe,2,183.9455075,late,2
C4,292,1,severe,2,183.9455075,late,2
C4,292,2,severe,2,183.9455075,late,2
C4,292,3,severe,2,183.9455075,late,2
C4,292,4,severe,2,183.9455075,late,2
C4,293,0,severe,2,185.2150905,late,2
C4,293,1,severe,2,185.2150905,late,2
C4,293,2,severe,2,185.2150905,late,2
C4,293,3,severe,2,185.2150905,late,2
C4,293,4,severe,2,185.2150905,late,2
C4,294,0,severe,2,186.4782811,late,2
C4,294,1,severe,2,186.4782811,late,2
C4,294,2,severe,2,186.4782811,late,2
C4,294,3,severe,2,186.4782811,late,2
C4,294,4,severe,2,186.4782811,late,2
C4,295,0,severe,2,187.7347013,late,2
C4,295,1,severe,2,187.7347013,late,2
C4,295,2,severe,2,187.7347013,late,2
C4,295,3,severe,2,187.7347013,late,2
C4,295,4,severe,2,187.7347013,late,2
C4,296,0,severe,2,188.9839787,late,2
C4,296,1,severe,2,188.9839787,late,2
C4,296,2,severe,2,188.9839787,late,2
C4,296,3,severe,2,188.9839787,late,2
C4,296,4,severe,2,188.9839787,late,2
C4,297,0,severe,2,190.2257477,late,2
C4,297,1,severe,2,190.2257477,late,2
C4,297,2,severe,2,190.2257477,late,2
C4,297,3,severe,2,190.2257477,late,2
C4,297,4,severe,2,190.2257477,late,2
C4,298,0,severe,2,191.4596487,late,2
C4,298,1,severe,2,191.4596487,late,2
C4,298,2,severe,2,191.4596487,late,2
C4,298,3,severe,2,191.4596487,late,2
C4,298,4,severe,2,191.4596487,late,2
C4,299,0,severe,2,192.685329,late,2
C4,299,1,severe,2,192.685329,late,2
C4,299,2,severe,2,192.685329,late,2
C4,299,3,severe,2,192.685329,late,2
C4,299,4,severe,2,192.685329,late,2
C4,300,0,severe,2,193.9024428,late,2
C4,300,1,severe,2,193.9024428,late,2
C4,300,2,severe,2,193.9024428,late,2
C4,300,3,severe,2,193.9024428,late,2
C4,300,4,severe,2,193.9024428,late,2
C4,301,0,severe,2,195.1106513,late,2
C4,301,1,severe,2,195.1106513,late,2
C4,301,2,severe,2,195.1106513,late,2
C4,301,3,severe,2,195.1106513,late,2
C4,301,4,severe,2,195.1106513,late,2
C4,302,0,severe,2,196.3096231,late,2
C4,302,1,severe,2,196.3096231,late,2
C4,302,2,severe,2,196.3096231,late,2
C4,302,3,severe,2,196.3096231,late,2
C4,302,4,severe,2,196.3096231,late,2
C4,303,0,severe,2,197.4990343,late,2
C4,303,1,severe,2,197.4990343,late,2
C4,303,2,severe,2,197.4990343,late,2
C4,303,3,severe,2,197.4990343,late,2
C4,303,4,severe,2,197.4990343,late,2
C4,304,0,severe,2,198.6785687,late,2
C4,304,1,severe,2,198.6785687,late,2
C4,304,2,severe,2,198.6785687,late,2
C4,304,3,severe,2,198.6785687,late,2
C4,304,4,severe,2,198.6785687,late,2
C4,305,0,severe,2,199.8479179,late,2
C4,305,1,severe,2,199.8479179,late,2
C4,305,2,severe,2,199.8479179,late,2
C4,305,3,severe,2,199.8479179,late,2
C4,305,4,severe,2,199.8479179,late,2
C4,306,0,severe,2,201.0067816,late,2
C4,306,1,severe,2,201.0067816,late,2
C4,306,2,severe,2,201.0067816,late,2
C4,306,3,severe,2,201.0067816,late,2
C4,306,4,severe,2,201.0067816,late,2
C4,307,0,severe,2,202.1548679,late,2
C4,307,1,severe,2,202.1548679,late,2
C4,307,2,severe,2,202.1548679,late,2
C4,307,3,severe,2,202.1548679,late,2
C4,307,4,severe,2,202.1548679,late,2
C4,308,0,severe,2,203.291893,late,2
C4,308,1,severe,2,203.291893,late,2
C4,308,2,severe,2,203.291893,late,2
C4,308,3,severe,2,203.291893,late,2
C4,308,4,severe,2,203.291893,late,2
C4,309,0,severe,2,204.417582,late,2
C4,309,1,severe,2,204.417582,late,2
C4,309,2,severe,2,204.417582,late,2
C4,309,3,severe,2,204.417582,late,2
C4,309,4,severe,2,204.417582,late,2
C4,310,0,severe,2,205.5316685,late,2
C4,310,1,severe,2,205.5316685,late,2
C4,310,2,severe,2,205.5316685,late,2
C4,310,3,severe,2,205.5316685,late,2
C4,310,4,severe,2,205.5316685,late,2
C4,311,0,severe,2,206.6338951,late,2
C4,311,1,severe,2,206.6338951,late,2
C4,311,2,severe,2,206.6338951,late,2
C4,311,3,severe,2,206.6338951,late,2
C4,311,4,severe,2,206.6338951,late,2
C4,312,0,severe,2,207.7240132,late,2
C4,312,1,severe,2,207.7240132,late,2
C4,312,2,severe,2,207.7240132,late,2
C4,312,3,severe,2,207.7240132,late,2
C4,312,4,severe,2,207.7240132,late,2
C4,313,0,severe,2,208.8017835,late,2
C4,313,1,severe,2,208.8017835,late,2
C4,313,2,severe,2,208.8017835,late,2
C4,313,3,severe,2,208.8017835,late,2
C4,313,4,severe,2,208.8017835,late,2
C4,314,0,severe,2,209.8669762,late,2
C4,314,1,severe,2,209.8669762,late,2
C4,314,2,severe,2,209.8669762,late,2
C4,314,3,severe,2,209.8669762,late,2
C4,314,4,severe,2,209.8669762,late,2
C4,315,0,severe,2,210.9193705,late,2
C4,315,1,severe,2,210.9193705,late,2
C4,315,2,severe,2,210.9193705,late,2
C4,315,3,severe,2,210.9193705,late,2
C4,315,4,severe,2,210.9193705,late,2
C6,1,0,initial,0,62.78864802,early,0
C6,1,1,initial,0,62.78864802,early,0
C6,1,2,initial,0,62.78864802,early,0
C6,1,3,initial,0,62.78864802,early,0
C6,1,4,initial,0,62.78864802,early,0
C6,2,0,initial,0,64.13604296,early,0
C6,2,1,initial,0,64.13604296,early,0
C6,2,2,initial,0,64.13604296,early,0
C6,2,3,initial,0,64.13604296,early,0
C6,2,4,initial,0,64.13604296,early,0
C6,3,0,initial,0,65.36527295,early,0
C6,3,1,initial,0,65.36527295,early,0
C6,3,2,initial,0,65.36527295,early,0
C6,3,3,initial,0,65.36527295,early,0
C6,3,4,initial,0,65.36527295,early,0
C6,4,0,initial,0,66.4868801,early,0
C6,4,1,initial,0,66.4868801,early,0
C6,4,2,initial,0,66.4868801,early,0
C6,4,3,initial,0,66.4868801,early,0
C6,4,4,initial,0,66.4868801,early,0
C6,5,0,initial,0,67.51080822,early,0
C6,5,1,initial,0,67.51080822,early,0
C6,5,2,initial,0,67.51080822,early,0
C6,5,3,initial,0,67.51080822,early,0
C6,5,4,initial,0,67.51080822,early,0
C6,6,0,initial,0,68.44642494,early,0
C6,6,1,initial,0,68.44642494,early,0
C6,6,2,initial,0,68.44642494,early,0
C6,6,3,initial,0,68.44642494,early,0
C6,6,4,initial,0,68.44642494,early,0
C6,7,0,initial,0,69.30254323,early,0
C6,7,1,initial,0,69.30254323,early,0
C6,7,2,initial,0,69.30254323,early,0
C6,7,3,initial,0,69.30254323,early,0
C6,7,4,initial,0,69.30254323,early,0
C6,8,0,initial,0,70.08744241,early,0
C6,8,1,initial,0,70.08744241,early,0
C6,8,2,initial,0,70.08744241,early,0
C6,8,3,initial,0,70.08744241,early,0
C6,8,4,initial,0,70.08744241,early,0
C6,9,0,initial,0,70.8088887,early,0
C6,9,1,initial,0,70.8088887,early,0
C6,9,2,initial,0,70.8088887,early,0
C6,9,3,initial,0,70.8088887,early,0
C6,9,4,initial,0,70.8088887,early,0
C6,10,0,initial,0,71.47415519,early,0
C6,10,1,initial,0,71.47415519,early,0
C6,10,2,initial,0,71.47415519,early,0
C6,10,3,initial,0,71.47415519,early,0
C6,10,4,initial,0,71.47415519,early,0
C6,11,0,initial,0,72.09004135,early,0
C6,11,1,initial,0,72.09004135,early,0
C6,11,2,initial,0,72.09004135,early,0
C6,11,3,initial,0,72.09004135,early,0
C6,11,4,initial,0,72.09004135,early,0
C6,12,0,initial,0,74.13432456,early,0
C6,12,1,initial,0,74.13432456,early,0
C6,12,2,initial,0,74.13432456,early,0
C6,12,3,initial,0,74.13432456,early,0
C6,12,4,initial,0,74.13432456,early,0
C6,13,0,initial,0,75.21507024,early,0
C6,13,1,initial,0,75.21507024,early,0
C6,13,2,initial,0,75.21507024,early,0
C6,13,3,initial,0,75.21507024,early,0
C6,13,4,initial,0,75.21507024,early,0
C6,14,0,initial,0,76.29581591,early,0
C6,14,1,initial,0,76.29581591,early,0
C6,14,2,initial,0,76.29581591,early,0
C6,14,3,initial,0,76.29581591,early,0
C6,14,4,initial,0,76.29581591,early,0
C6,15,0,initial,0,77.37656158,early,0
C6,15,1,initial,0,77.37656158,early,0
C6,15,2,initial,0,77.37656158,early,0
C6,15,3,initial,0,77.37656158,early,0
C6,15,4,initial,0,77.37656158,early,0
C6,16,0,initial,0,78.45730726,early,0
C6,16,1,initial,0,78.45730726,early,0
C6,16,2,initial,0,78.45730726,early,0
C6,16,3,initial,0,78.45730726,early,0
C6,16,4,initial,0,78.45730726,early,0
C6,17,0,initial,0,79.53805293,early,0
C6,17,1,initial,0,79.53805293,early,0
C6,17,2,initial,0,79.53805293,early,0
C6,17,3,initial,0,79.53805293,early,0
C6,17,4,initial,0,79.53805293,early,0
C6,18,0,initial,0,80.6187986,early,0
C6,18,1,initial,0,80.6187986,early,0
C6,18,2,initial,0,80.6187986,early,0
C6,18,3,initial,0,80.6187986,early,0
C6,18,4,initial,0,80.6187986,early,0
C6,19,0,initial,0,81.69954428,early,0
C6,19,1,initial,0,81.69954428,early,0
C6,19,2,initial,0,81.69954428,early,0
C6,19,3,initial,0,81.69954428,early,0
C6,19,4,initial,0,81.69954428,early,0
C6,20,0,initial,0,82.78028995,early,0
C6,20,1,initial,0,82.78028995,early,0
C6,20,2,initial,0,82.78028995,early,0
C6,20,3,initial,0,82.78028995,early,0
C6,20,4,initial,0,82.78028995,early,0
C6,21,0,initial,0,83.61749165,early,0
C6,21,1,initial,0,83.61749165,early,0
C6,21,2,initial,0,83.61749165,early,0
C6,21,3,initial,0,83.61749165,early,0
C6,21,4,initial,0,83.61749165,early,0
C6,22,0,initial,0,84.45469334,early,0
C6,22,1,initial,0,84.45469334,early,0
C6,22,2,initial,0,84.45469334,early,0
C6,22,3,initial,0,84.45469334,early,0
C6,22,4,initial,0,84.45469334,early,0
C6,23,0,initial,0,85.29189504,early,0
C6,23,1,initial,0,85.29189504,early,0
C6,23,2,initial,0,85.29189504,early,0
C6,23,3,initial,0,85.29189504,early,0
C6,23,4,initial,0,85.29189504,early,0
C6,24,0,initial,0,86.12909673,early,0
C6,24,1,initial,0,86.12909673,early,0
C6,24,2,initial,0,86.12909673,early,0
C6,24,3,initial,0,86.12909673,early,0
C6,24,4,initial,0,86.12909673,early,0
C6,25,0,initial,0,86.96629843,early,0
C6,25,1,initial,0,86.96629843,early,0
C6,25,2,initial,0,86.96629843,early,0
C6,25,3,initial,0,86.96629843,early,0
C6,25,4,initial,0,86.96629843,early,0
C6,26,0,initial,0,87.80350012,early,0
C6,26,1,initial,0,87.80350012,early,0
C6,26,2,initial,0,87.80350012,early,0
C6,26,3,initial,0,87.80350012,early,0
C6,26,4,initial,0,87.80350012,early,0
C6,27,0,initial,0,88.64070181,early,0
C6,27,1,initial,0,88.64070181,early,0
C6,27,2,initial,0,88.64070181,early,0
C6,27,3,initial,0,88.64070181,early,0
C6,27,4,initial,0,88.64070181,early,0
C6,28,0,initial,0,89.47790351,early,0
C6,28,1,initial,0,89.47790351,early,0
C6,28,2,initial,0,89.47790351,early,0
C6,28,3,initial,0,89.47790351,early,0
C6,28,4,initial,0,89.47790351,early,0
C6,29,0,initial,0,90.3151052,early,0
C6,29,1,initial,0,90.3151052,early,0
C6,29,2,initial,0,90.3151052,early,0
C6,29,3,initial,0,90.3151052,early,0
C6,29,4,initial,0,90.3151052,early,0
C6,30,0,initial,0,91.1523069,early,0
C6,30,1,initial,0,91.1523069,early,0
C6,30,2,initial,0,91.1523069,early,0
C6,30,3,initial,0,91.1523069,early,0
C6,30,4,initial,0,91.1523069,early,0
C6,31,0,initial,0,91.98950859,early,0
C6,31,1,initial,0,91.98950859,early,0
C6,31,2,initial,0,91.98950859,early,0
C6,31,3,initial,0,91.98950859,early,0
C6,31,4,initial,0,91.98950859,early,0
C6,32,0,initial,0,92.82671029,early,0
C6,32,1,initial,0,92.82671029,early,0
C6,32,2,initial,0,92.82671029,early,0
C6,32,3,initial,0,92.82671029,early,0
C6,32,4,initial,0,92.82671029,early,0
C6,33,0,initial,0,93.25202035,early,0
C6,33,1,initial,0,93.25202035,early,0
C6,33,2,initial,0,93.25202035,early,0
C6,33,3,initial,0,93.25202035,early,0
C6,33,4,initial,0,93.25202035,early,0
C6,34,0,initial,0,93.67733042,early,0
C6,34,1,initial,0,93.67733042,early,0
C6,34,2,initial,0,93.67733042,early,0
C6,34,3,initial,0,93.67733042,early,0
C6,34,4,initial,0,93.67733042,early,0
C6,35,0,initial,0,94.10264048,early,0
C6,35,1,initial,0,94.10264048,early,0
C6,35,2,initial,0,94.10264048,early,0
C6,35,3,initial,0,94.10264048,early,0
C6,35,4,initial,0,94.10264048,early,0
C6,36,0,initial,0,94.52795055,early,0
C6,36,1,initial,0,94.52795055,early,0
C6,36,2,initial,0,94.52795055,early,0
C6,36,3,initial,0,94.52795055,early,0
C6,36,4,initial,0,94.52795055,early,0
C6,37,0,initial,0,94.95326061,early,0
C6,37,1,initial,0,94.95326061,early,0
C6,37,2,initial,0,94.95326061,early,0
C6,37,3,initial,0,94.95326061,early,0
C6,37,4,initial,0,94.95326061,early,0
C6,38,0,initial,0,95.37857068,early,0
C6,38,1,initial,0,95.37857068,early,0
C6,38,2,initial,0,95.37857068,early,0
C6,38,3,initial,0,95.37857068,early,0
C6,38,4,initial,0,95.37857068,early,0
C6,39,0,initial,0,95.80388075,early,0
C6,39,1,initial,0,95.80388075,early,0
C6,39,2,initial,0,95.80388075,early,0
C6,39,3,initial,0,95.80388075,early,0
C6,39,4,initial,0,95.80388075,early,0
C6,40,0,initial,0,96.22919081,early,0
C6,40,1,initial,0,96.22919081,early,0
C6,40,2,initial,0,96.22919081,early,0
C6,40,3,initial,0,96.22919081,early,0
C6,40,4,initial,0,96.22919081,early,0
C6,41,0,initial,0,96.65450088,early,0
C6,41,1,initial,0,96.65450088,early,0
C6,41,2,initial,0,96.65450088,early,0
C6,41,3,initial,0,96.65450088,early,0
C6,41,4,initial,0,96.65450088,early,0
C6,42,0,initial,0,97.07981094,early,0
C6,42,1,initial,0,97.07981094,early,0
C6,42,2,initial,0,97.07981094,early,0
C6,42,3,initial,0,97.07981094,early,0
C6,42,4,initial,0,97.07981094,early,0
C6,43,0,initial,0,97.50512101,early,0
C6,43,1,initial,0,97.50512101,early,0
C6,43,2,initial,0,97.50512101,early,0
C6,43,3,initial,0,97.50512101,early,0
C6,43,4,initial,0,97.50512101,early,0
C6,44,0,initial,0,97.93043107,early,0
C6,44,1,initial,0,97.93043107,early,0
C6,44,2,initial,0,97.93043107,early,0
C6,44,3,initial,0,97.93043107,early,0
C6,44,4,initial,0,97.93043107,early,0
C6,45,0,initial,0,98.35574114,early,0
C6,45,1,initial,0,98.35574114,early,0
C6,45,2,initial,0,98.35574114,early,0
C6,45,3,initial,0,98.35574114,early,0
C6,45,4,initial,0,98.35574114,early,0
C6,46,0,initial,0,98.7810512,early,0
C6,46,1,initial,0,98.7810512,early,0
C6,46,2,initial,0,98.7810512,early,0
C6,46,3,initial,0,98.7810512,early,0
C6,46,4,initial,0,98.7810512,early,0
C6,47,0,initial,0,99.20636127,early,0
C6,47,1,initial,0,99.20636127,early,0
C6,47,2,initial,0,99.20636127,early,0
C6,47,3,initial,0,99.20636127,early,0
C6,47,4,initial,0,99.20636127,early,0
C6,48,0,initial,0,99.63167133,early,0
C6,48,1,initial,0,99.63167133,early,0
C6,48,2,initial,0,99.63167133,early,0
C6,48,3,initial,0,99.63167133,early,0
C6,48,4,initial,0,99.63167133,early,0
C6,49,0,initial,0,100.0569814,early,0
C6,49,1,initial,0,100.0569814,early,0
C6,49,2,initial,0,100.0569814,early,0
C6,49,3,initial,0,100.0569814,early,0
C6,49,4,initial,0,100.0569814,early,0
C6,50,0,initial,0,100.4822915,early,0
C6,50,1,initial,0,100.4822915,early,0
C6,50,2,initial,0,100.4822915,early,0
C6,50,3,initial,0,100.4822915,early,0
C6,50,4,initial,0,100.4822915,early,0
C6,51,0,normal,1,100.9076015,early,0
C6,51,1,normal,1,100.9076015,early,0
C6,51,2,normal,1,100.9076015,early,0
C6,51,3,normal,1,100.9076015,early,0
C6,51,4,normal,1,100.9076015,early,0
C6,52,0,normal,1,101.3329116,early,0
C6,52,1,normal,1,101.3329116,early,0
C6,52,2,normal,1,101.3329116,early,0
C6,52,3,normal,1,101.3329116,early,0
C6,52,4,normal,1,101.3329116,early,0
C6,53,0,normal,1,101.7582217,early,0
C6,53,1,normal,1,101.7582217,early,0
C6,53,2,normal,1,101.7582217,early,0
C6,53,3,normal,1,101.7582217,early,0
C6,53,4,normal,1,101.7582217,early,0
C6,54,0,normal,1,102.1835317,early,0
C6,54,1,normal,1,102.1835317,early,0
C6,54,2,normal,1,102.1835317,early,0
C6,54,3,normal,1,102.1835317,early,0
C6,54,4,normal,1,102.1835317,early,0
C6,55,0,normal,1,102.6088418,early,0
C6,55,1,normal,1,102.6088418,early,0
C6,55,2,normal,1,102.6088418,early,0
C6,55,3,normal,1,102.6088418,early,0
C6,55,4,normal,1,102.6088418,early,0
C6,56,0,normal,1,103.0341519,early,0
C6,56,1,normal,1,103.0341519,early,0
C6,56,2,normal,1,103.0341519,early,0
C6,56,3,normal,1,103.0341519,early,0
C6,56,4,normal,1,103.0341519,early,0
C6,57,0,normal,1,103.4594619,early,0
C6,57,1,normal,1,103.4594619,early,0
C6,57,2,normal,1,103.4594619,early,0
C6,57,3,normal,1,103.4594619,early,0
C6,57,4,normal,1,103.4594619,early,0
C6,58,0,normal,1,103.884772,early,0
C6,58,1,normal,1,103.884772,early,0
C6,58,2,normal,1,103.884772,early,0
C6,58,3,normal,1,103.884772,early,0
C6,58,4,normal,1,103.884772,early,0
C6,59,0,normal,1,104.3100821,early,0
C6,59,1,normal,1,104.3100821,early,0
C6,59,2,normal,1,104.3100821,early,0
C6,59,3,normal,1,104.3100821,early,0
C6,59,4,normal,1,104.3100821,early,0
C6,60,0,normal,1,104.7353921,early,0
C6,60,1,normal,1,104.7353921,early,0
C6,60,2,normal,1,104.7353921,early,0
C6,60,3,normal,1,104.7353921,early,0
C6,60,4,normal,1,104.7353921,early,0
C6,61,0,normal,1,105.1607022,early,0
C6,61,1,normal,1,105.1607022,early,0
C6,61,2,normal,1,105.1607022,early,0
C6,61,3,normal,1,105.1607022,early,0
C6,61,4,normal,1,105.1607022,early,0
C6,62,0,normal,1,105.5860122,early,0
C6,62,1,normal,1,105.5860122,early,0
C6,62,2,normal,1,105.5860122,early,0
C6,62,3,normal,1,105.5860122,early,0
C6,62,4,normal,1,105.5860122,early,0
C6,63,0,normal,1,106.0113223,early,0
C6,63,1,normal,1,106.0113223,early,0
C6,63,2,normal,1,106.0113223,early,0
C6,63,3,normal,1,106.0113223,early,0
C6,63,4,normal,1,106.0113223,early,0
C6,64,0,normal,1,106.4366324,early,0
C6,64,1,normal,1,106.4366324,early,0
C6,64,2,normal,1,106.4366324,early,0
C6,64,3,normal,1,106.4366324,early,0
C6,64,4,normal,1,106.4366324,early,0
C6,65,0,normal,1,106.4907197,early,0
C6,65,1,normal,1,106.4907197,early,0
C6,65,2,normal,1,106.4907197,early,0
C6,65,3,normal,1,106.4907197,early,0
C6,65,4,normal,1,106.4907197,early,0
C6,66,0,normal,1,106.5448071,early,0
C6,66,1,normal,1,106.5448071,early,0
C6,66,2,normal,1,106.5448071,early,0
C6,66,3,normal,1,106.5448071,early,0
C6,66,4,normal,1,106.5448071,early,0
C6,67,0,normal,1,106.5988945,early,0
C6,67,1,normal,1,106.5988945,early,0
C6,67,2,normal,1,106.5988945,early,0
C6,67,3,normal,1,106.5988945,early,0
C6,67,4,normal,1,106.5988945,early,0
C6,68,0,normal,1,106.6529819,early,0
C6,68,1,normal,1,106.6529819,early,0
C6,68,2,normal,1,106.6529819,early,0
C6,68,3,normal,1,106.6529819,early,0
C6,68,4,normal,1,106.6529819,early,0
C6,69,0,normal,1,106.7070692,early,0
C6,69,1,normal,1,106.7070692,early,0
C6,69,2,normal,1,106.7070692,early,0
C6,69,3,normal,1,106.7070692,early,0
C6,69,4,normal,1,106.7070692,early,0
C6,70,0,normal,1,106.7611566,early,0
C6,70,1,normal,1,106.7611566,early,0
C6,70,2,normal,1,106.7611566,early,0
C6,70,3,normal,1,106.7611566,early,0
C6,70,4,normal,1,106.7611566,early,0
C6,71,0,normal,1,106.8304699,early,0
C6,71,1,normal,1,106.8304699,early,0
C6,71,2,normal,1,106.8304699,early,0
C6,71,3,normal,1,106.8304699,early,0
C6,71,4,normal,1,106.8304699,early,0
C6,72,0,normal,1,107.4013983,early,0
C6,72,1,normal,1,107.4013983,early,0
C6,72,2,normal,1,107.4013983,early,0
C6,72,3,normal,1,107.4013983,early,0
C6,72,4,normal,1,107.4013983,early,0
C6,73,0,normal,1,107.9568315,early,0
C6,73,1,normal,1,107.9568315,early,0
C6,73,2,normal,1,107.9568315,early,0
C6,73,3,normal,1,107.9568315,early,0
C6,73,4,normal,1,107.9568315,early,0
C6,74,0,normal,1,108.4961893,early,0
C6,74,1,normal,1,108.4961893,early,0
C6,74,2,normal,1,108.4961893,early,0
C6,74,3,normal,1,108.4961893,early,0
C6,74,4,normal,1,108.4961893,early,0
C6,75,0,normal,1,109.0189324,early,0
C6,75,1,normal,1,109.0189324,early,0
C6,75,2,normal,1,109.0189324,early,0
C6,75,3,normal,1,109.0189324,early,0
C6,75,4,normal,1,109.0189324,early,0
C6,76,0,normal,1,109.524563,early,0
C6,76,1,normal,1,109.524563,early,0
C6,76,2,normal,1,109.524563,early,0
C6,76,3,normal,1,109.524563,early,0
C6,76,4,normal,1,109.524563,early,0
C6,77,0,normal,1,110.0126251,early,0
C6,77,1,normal,1,110.0126251,early,0
C6,77,2,normal,1,110.0126251,early,0
C6,77,3,normal,1,110.0126251,early,0
C6,77,4,normal,1,110.0126251,early,0
C6,78,0,normal,1,110.4827052,early,0
C6,78,1,normal,1,110.4827052,early,0
C6,78,2,normal,1,110.4827052,early,0
C6,78,3,normal,1,110.4827052,early,0
C6,78,4,normal,1,110.4827052,early,0
C6,79,0,normal,1,110.9344325,early,0
C6,79,1,normal,1,110.9344325,early,0
C6,79,2,normal,1,110.9344325,early,0
C6,79,3,normal,1,110.9344325,early,0
C6,79,4,normal,1,110.9344325,early,0
C6,80,0,normal,1,111.3674791,early,0
C6,80,1,normal,1,111.3674791,early,0
C6,80,2,normal,1,111.3674791,early,0
C6,80,3,normal,1,111.3674791,early,0
C6,80,4,normal,1,111.3674791,early,0
C6,81,0,normal,1,111.7815604,early,0
C6,81,1,normal,1,111.7815604,early,0
C6,81,2,normal,1,111.7815604,early,0
C6,81,3,normal,1,111.7815604,early,0
C6,81,4,normal,1,111.7815604,early,0
C6,82,0,normal,1,112.1764343,early,0
C6,82,1,normal,1,112.1764343,early,0
C6,82,2,normal,1,112.1764343,early,0
C6,82,3,normal,1,112.1764343,early,0
C6,82,4,normal,1,112.1764343,early,0
C6,83,0,normal,1,112.5519021,early,0
C6,83,1,normal,1,112.5519021,early,0
C6,83,2,normal,1,112.5519021,early,0
C6,83,3,normal,1,112.5519021,early,0
C6,83,4,normal,1,112.5519021,early,0
C6,84,0,normal,1,112.9078077,early,0
C6,84,1,normal,1,112.9078077,early,0
C6,84,2,normal,1,112.9078077,early,0
C6,84,3,normal,1,112.9078077,early,0
C6,84,4,normal,1,112.9078077,early,0
C6,85,0,normal,1,113.2440373,early,0
C6,85,1,normal,1,113.2440373,early,0
C6,85,2,normal,1,113.2440373,early,0
C6,85,3,normal,1,113.2440373,early,0
C6,85,4,normal,1,113.2440373,early,0
C6,86,0,normal,1,113.5605194,early,0
C6,86,1,normal,1,113.5605194,early,0
C6,86,2,normal,1,113.5605194,early,0
C6,86,3,normal,1,113.5605194,early,0
C6,86,4,normal,1,113.5605194,early,0
C6,87,0,normal,1,113.8572241,early,0
C6,87,1,normal,1,113.8572241,early,0
C6,87,2,normal,1,113.8572241,early,0
C6,87,3,normal,1,113.8572241,early,0
C6,87,4,normal,1,113.8572241,early,0
C6,88,0,normal,1,114.1341627,early,0
C6,88,1,normal,1,114.1341627,early,0
C6,88,2,normal,1,114.1341627,early,0
C6,88,3,normal,1,114.1341627,early,0
C6,88,4,normal,1,114.1341627,early,0
C6,89,0,normal,1,114.391387,early,0
C6,89,1,normal,1,114.391387,early,0
C6,89,2,normal,1,114.391387,early,0
C6,89,3,normal,1,114.391387,early,0
C6,89,4,normal,1,114.391387,early,0
C6,90,0,normal,1,114.6289887,early,0
C6,90,1,normal,1,114.6289887,early,0
C6,90,2,normal,1,114.6289887,early,0
C6,90,3,normal,1,114.6289887,early,0
C6,90,4,normal,1,114.6289887,early,0
C6,91,0,normal,1,114.8470987,early,0
C6,91,1,normal,1,114.8470987,early,0
C6,91,2,normal,1,114.8470987,early,0
C6,91,3,normal,1,114.8470987,early,0
C6,91,4,normal,1,114.8470987,early,0
C6,92,0,normal,1,115.0458861,early,0
C6,92,1,normal,1,115.0458861,early,0
C6,92,2,normal,1,115.0458861,early,0
C6,92,3,normal,1,115.0458861,early,0
C6,92,4,normal,1,115.0458861,early,0
C6,93,0,normal,1,115.2255578,early,0
C6,93,1,normal,1,115.2255578,early,0
C6,93,2,normal,1,115.2255578,early,0
C6,93,3,normal,1,115.2255578,early,0
C6,93,4,normal,1,115.2255578,early,0
C6,94,0,normal,1,115.386357,early,0
C6,94,1,normal,1,115.386357,early,0
C6,94,2,normal,1,115.386357,early,0
C6,94,3,normal,1,115.386357,early,0
C6,94,4,normal,1,115.386357,early,0
C6,95,0,normal,1,115.5285627,early,0
C6,95,1,normal,1,115.5285627,early,0
C6,95,2,normal,1,115.5285627,early,0
C6,95,3,normal,1,115.5285627,early,0
C6,95,4,normal,1,115.5285627,early,0
C6,96,0,normal,1,115.6524886,middle,1
C6,96,1,normal,1,115.6524886,middle,1
C6,96,2,normal,1,115.6524886,middle,1
C6,96,3,normal,1,115.6524886,middle,1
C6,96,4,normal,1,115.6524886,middle,1
C6,97,0,normal,1,115.7584818,middle,1
C6,97,1,normal,1,115.7584818,middle,1
C6,97,2,normal,1,115.7584818,middle,1
C6,97,3,normal,1,115.7584818,middle,1
C6,97,4,normal,1,115.7584818,middle,1
C6,98,0,normal,1,115.8469217,middle,1
C6,98,1,normal,1,115.8469217,middle,1
C6,98,2,normal,1,115.8469217,middle,1
C6,98,3,normal,1,115.8469217,middle,1
C6,98,4,normal,1,115.8469217,middle,1
C6,99,0,normal,1,115.9182194,middle,1
C6,99,1,normal,1,115.9182194,middle,1
C6,99,2,normal,1,115.9182194,middle,1
C6,99,3,normal,1,115.9182194,middle,1
C6,99,4,normal,1,115.9182194,middle,1
C6,100,0,normal,1,115.9728158,middle,1
C6,100,1,normal,1,115.9728158,middle,1
C6,100,2,normal,1,115.9728158,middle,1
C6,100,3,normal,1,115.9728158,middle,1
C6,100,4,normal,1,115.9728158,middle,1
C6,101,0,normal,1,116.0111807,middle,1
C6,101,1,normal,1,116.0111807,middle,1
C6,101,2,normal,1,116.0111807,middle,1
C6,101,3,normal,1,116.0111807,middle,1
C6,101,4,normal,1,116.0111807,middle,1
C6,102,0,normal,1,116.0338116,middle,1
C6,102,1,normal,1,116.0338116,middle,1
C6,102,2,normal,1,116.0338116,middle,1
C6,102,3,normal,1,116.0338116,middle,1
C6,102,4,normal,1,116.0338116,middle,1
C6,103,0,normal,1,116.0412323,middle,1
C6,103,1,normal,1,116.0412323,middle,1
C6,103,2,normal,1,116.0412323,middle,1
C6,103,3,normal,1,116.0412323,middle,1
C6,103,4,normal,1,116.0412323,middle,1
C6,104,0,normal,1,116.0412323,middle,1
C6,104,1,normal,1,116.0412323,middle,1
C6,104,2,normal,1,116.0412323,middle,1
C6,104,3,normal,1,116.0412323,middle,1
C6,104,4,normal,1,116.0412323,middle,1
C6,105,0,normal,1,116.0412323,middle,1
C6,105,1,normal,1,116.0412323,middle,1
C6,105,2,normal,1,116.0412323,middle,1
C6,105,3,normal,1,116.0412323,middle,1
C6,105,4,normal,1,116.0412323,middle,1
C6,106,0,normal,1,116.0412323,middle,1
C6,106,1,normal,1,116.0412323,middle,1
C6,106,2,normal,1,116.0412323,middle,1
C6,106,3,normal,1,116.0412323,middle,1
C6,106,4,normal,1,116.0412323,middle,1
C6,107,0,normal,1,116.0412323,middle,1
C6,107,1,normal,1,116.0412323,middle,1
C6,107,2,normal,1,116.0412323,middle,1
C6,107,3,normal,1,116.0412323,middle,1
C6,107,4,normal,1,116.0412323,middle,1
C6,108,0,normal,1,116.0412323,middle,1
C6,108,1,normal,1,116.0412323,middle,1
C6,108,2,normal,1,116.0412323,middle,1
C6,108,3,normal,1,116.0412323,middle,1
C6,108,4,normal,1,116.0412323,middle,1
C6,109,0,normal,1,116.0412323,middle,1
C6,109,1,normal,1,116.0412323,middle,1
C6,109,2,normal,1,116.0412323,middle,1
C6,109,3,normal,1,116.0412323,middle,1
C6,109,4,normal,1,116.0412323,middle,1
C6,110,0,normal,1,116.0412323,middle,1
C6,110,1,normal,1,116.0412323,middle,1
C6,110,2,normal,1,116.0412323,middle,1
C6,110,3,normal,1,116.0412323,middle,1
C6,110,4,normal,1,116.0412323,middle,1
C6,111,0,normal,1,116.0412323,middle,1
C6,111,1,normal,1,116.0412323,middle,1
C6,111,2,normal,1,116.0412323,middle,1
C6,111,3,normal,1,116.0412323,middle,1
C6,111,4,normal,1,116.0412323,middle,1
C6,112,0,normal,1,116.0412323,middle,1
C6,112,1,normal,1,116.0412323,middle,1
C6,112,2,normal,1,116.0412323,middle,1
C6,112,3,normal,1,116.0412323,middle,1
C6,112,4,normal,1,116.0412323,middle,1
C6,113,0,normal,1,116.0412323,middle,1
C6,113,1,normal,1,116.0412323,middle,1
C6,113,2,normal,1,116.0412323,middle,1
C6,113,3,normal,1,116.0412323,middle,1
C6,113,4,normal,1,116.0412323,middle,1
C6,114,0,normal,1,116.0412323,middle,1
C6,114,1,normal,1,116.0412323,middle,1
C6,114,2,normal,1,116.0412323,middle,1
C6,114,3,normal,1,116.0412323,middle,1
C6,114,4,normal,1,116.0412323,middle,1
C6,115,0,normal,1,116.0412323,middle,1
C6,115,1,normal,1,116.0412323,middle,1
C6,115,2,normal,1,116.0412323,middle,1
C6,115,3,normal,1,116.0412323,middle,1
C6,115,4,normal,1,116.0412323,middle,1
C6,116,0,normal,1,116.0412323,middle,1
C6,116,1,normal,1,116.0412323,middle,1
C6,116,2,normal,1,116.0412323,middle,1
C6,116,3,normal,1,116.0412323,middle,1
C6,116,4,normal,1,116.0412323,middle,1
C6,117,0,normal,1,116.0412323,middle,1
C6,117,1,normal,1,116.0412323,middle,1
C6,117,2,normal,1,116.0412323,middle,1
C6,117,3,normal,1,116.0412323,middle,1
C6,117,4,normal,1,116.0412323,middle,1
C6,118,0,normal,1,116.0412323,middle,1
C6,118,1,normal,1,116.0412323,middle,1
C6,118,2,normal,1,116.0412323,middle,1
C6,118,3,normal,1,116.0412323,middle,1
C6,118,4,normal,1,116.0412323,middle,1
C6,119,0,normal,1,116.0412323,middle,1
C6,119,1,normal,1,116.0412323,middle,1
C6,119,2,normal,1,116.0412323,middle,1
C6,119,3,normal,1,116.0412323,middle,1
C6,119,4,normal,1,116.0412323,middle,1
C6,120,0,normal,1,116.0412323,middle,1
C6,120,1,normal,1,116.0412323,middle,1
C6,120,2,normal,1,116.0412323,middle,1
C6,120,3,normal,1,116.0412323,middle,1
C6,120,4,normal,1,116.0412323,middle,1
C6,121,0,normal,1,116.0412323,middle,1
C6,121,1,normal,1,116.0412323,middle,1
C6,121,2,normal,1,116.0412323,middle,1
C6,121,3,normal,1,116.0412323,middle,1
C6,121,4,normal,1,116.0412323,middle,1
C6,122,0,normal,1,116.0412323,middle,1
C6,122,1,normal,1,116.0412323,middle,1
C6,122,2,normal,1,116.0412323,middle,1
C6,122,3,normal,1,116.0412323,middle,1
C6,122,4,normal,1,116.0412323,middle,1
C6,123,0,normal,1,116.0412323,middle,1
C6,123,1,normal,1,116.0412323,middle,1
C6,123,2,normal,1,116.0412323,middle,1
C6,123,3,normal,1,116.0412323,middle,1
C6,123,4,normal,1,116.0412323,middle,1
C6,124,0,normal,1,116.0412323,middle,1
C6,124,1,normal,1,116.0412323,middle,1
C6,124,2,normal,1,116.0412323,middle,1
C6,124,3,normal,1,116.0412323,middle,1
C6,124,4,normal,1,116.0412323,middle,1
C6,125,0,normal,1,116.0412323,middle,1
C6,125,1,normal,1,116.0412323,middle,1
C6,125,2,normal,1,116.0412323,middle,1
C6,125,3,normal,1,116.0412323,middle,1
C6,125,4,normal,1,116.0412323,middle,1
C6,126,0,normal,1,116.0412323,middle,1
C6,126,1,normal,1,116.0412323,middle,1
C6,126,2,normal,1,116.0412323,middle,1
C6,126,3,normal,1,116.0412323,middle,1
C6,126,4,normal,1,116.0412323,middle,1
C6,127,0,normal,1,116.0412323,middle,1
C6,127,1,normal,1,116.0412323,middle,1
C6,127,2,normal,1,116.0412323,middle,1
C6,127,3,normal,1,116.0412323,middle,1
C6,127,4,normal,1,116.0412323,middle,1
C6,128,0,normal,1,116.0412323,middle,1
C6,128,1,normal,1,116.0412323,middle,1
C6,128,2,normal,1,116.0412323,middle,1
C6,128,3,normal,1,116.0412323,middle,1
C6,128,4,normal,1,116.0412323,middle,1
C6,129,0,normal,1,116.0603334,middle,1
C6,129,1,normal,1,116.0603334,middle,1
C6,129,2,normal,1,116.0603334,middle,1
C6,129,3,normal,1,116.0603334,middle,1
C6,129,4,normal,1,116.0603334,middle,1
C6,130,0,normal,1,116.2732426,middle,1
C6,130,1,normal,1,116.2732426,middle,1
C6,130,2,normal,1,116.2732426,middle,1
C6,130,3,normal,1,116.2732426,middle,1
C6,130,4,normal,1,116.2732426,middle,1
C6,131,0,normal,1,116.4861517,middle,1
C6,131,1,normal,1,116.4861517,middle,1
C6,131,2,normal,1,116.4861517,middle,1
C6,131,3,normal,1,116.4861517,middle,1
C6,131,4,normal,1,116.4861517,middle,1
C6,132,0,normal,1,116.6990608,middle,1
C6,132,1,normal,1,116.6990608,middle,1
C6,132,2,normal,1,116.6990608,middle,1
C6,132,3,normal,1,116.6990608,middle,1
C6,132,4,normal,1,116.6990608,middle,1
C6,133,0,normal,1,116.9119699,middle,1
C6,133,1,normal,1,116.9119699,middle,1
C6,133,2,normal,1,116.9119699,middle,1
C6,133,3,normal,1,116.9119699,middle,1
C6,133,4,normal,1,116.9119699,middle,1
C6,134,0,normal,1,117.1248791,middle,1
C6,134,1,normal,1,117.1248791,middle,1
C6,134,2,normal,1,117.1248791,middle,1
C6,134,3,normal,1,117.1248791,middle,1
C6,134,4,normal,1,117.1248791,middle,1
C6,135,0,normal,1,117.3377882,middle,1
C6,135,1,normal,1,117.3377882,middle,1
C6,135,2,normal,1,117.3377882,middle,1
C6,135,3,normal,1,117.3377882,middle,1
C6,135,4,normal,1,117.3377882,middle,1
C6,136,0,normal,1,117.5506973,middle,1
C6,136,1,normal,1,117.5506973,middle,1
C6,136,2,normal,1,117.5506973,middle,1
C6,136,3,normal,1,117.5506973,middle,1
C6,136,4,normal,1,117.5506973,middle,1
C6,137,0,normal,1,117.7636065,middle,1
C6,137,1,normal,1,117.7636065,middle,1
C6,137,2,normal,1,117.7636065,middle,1
C6,137,3,normal,1,117.7636065,middle,1
C6,137,4,normal,1,117.7636065,middle,1
C6,138,0,normal,1,117.9765156,middle,1
C6,138,1,normal,1,117.9765156,middle,1
C6,138,2,normal,1,117.9765156,middle,1
C6,138,3,normal,1,117.9765156,middle,1
C6,138,4,normal,1,117.9765156,middle,1
C6,139,0,normal,1,118.1894247,middle,1
C6,139,1,normal,1,118.1894247,middle,1
C6,139,2,normal,1,118.1894247,middle,1
C6,139,3,normal,1,118.1894247,middle,1
C6,139,4,normal,1,118.1894247,middle,1
C6,140,0,normal,1,118.4023338,middle,1
C6,140,1,normal,1,118.4023338,middle,1
C6,140,2,normal,1,118.4023338,middle,1
C6,140,3,normal,1,118.4023338,middle,1
C6,140,4,normal,1,118.4023338,middle,1
C6,141,0,normal,1,118.615243,middle,1
C6,141,1,normal,1,118.615243,middle,1
C6,141,2,normal,1,118.615243,middle,1
C6,141,3,normal,1,118.615243,middle,1
C6,141,4,normal,1,118.615243,middle,1
C6,142,0,normal,1,118.8281521,middle,1
C6,142,1,normal,1,118.8281521,middle,1
C6,142,2,normal,1,118.8281521,middle,1
C6,142,3,normal,1,118.8281521,middle,1
C6,142,4,normal,1,118.8281521,middle,1
C6,143,0,normal,1,119.0410612,middle,1
C6,143,1,normal,1,119.0410612,middle,1
C6,143,2,normal,1,119.0410612,middle,1
C6,143,3,normal,1,119.0410612,middle,1
C6,143,4,normal,1,119.0410612,middle,1
C6,144,0,normal,1,119.2539704,middle,1
C6,144,1,normal,1,119.2539704,middle,1
C6,144,2,normal,1,119.2539704,middle,1
C6,144,3,normal,1,119.2539704,middle,1
C6,144,4,normal,1,119.2539704,middle,1
C6,145,0,normal,1,119.4668795,middle,1
C6,145,1,normal,1,119.4668795,middle,1
C6,145,2,normal,1,119.4668795,middle,1
C6,145,3,normal,1,119.4668795,middle,1
C6,145,4,normal,1,119.4668795,middle,1
C6,146,0,normal,1,119.6797886,middle,1
C6,146,1,normal,1,119.6797886,middle,1
C6,146,2,normal,1,119.6797886,middle,1
C6,146,3,normal,1,119.6797886,middle,1
C6,146,4,normal,1,119.6797886,middle,1
C6,147,0,normal,1,119.8926977,middle,1
C6,147,1,normal,1,119.8926977,middle,1
C6,147,2,normal,1,119.8926977,middle,1
C6,147,3,normal,1,119.8926977,middle,1
C6,147,4,normal,1,119.8926977,middle,1
C6,148,0,normal,1,120.1056069,middle,1
C6,148,1,normal,1,120.1056069,middle,1
C6,148,2,normal,1,120.1056069,middle,1
C6,148,3,normal,1,120.1056069,middle,1
C6,148,4,normal,1,120.1056069,middle,1
C6,149,0,normal,1,120.318516,middle,1
C6,149,1,normal,1,120.318516,middle,1
C6,149,2,normal,1,120.318516,middle,1
C6,149,3,normal,1,120.318516,middle,1
C6,149,4,normal,1,120.318516,middle,1
C6,150,0,normal,1,120.5314251,middle,1
C6,150,1,normal,1,120.5314251,middle,1
C6,150,2,normal,1,120.5314251,middle,1
C6,150,3,normal,1,120.5314251,middle,1
C6,150,4,normal,1,120.5314251,middle,1
C6,151,0,normal,1,120.7443343,middle,1
C6,151,1,normal,1,120.7443343,middle,1
C6,151,2,normal,1,120.7443343,middle,1
C6,151,3,normal,1,120.7443343,middle,1
C6,151,4,normal,1,120.7443343,middle,1
C6,152,0,normal,1,120.9572434,middle,1
C6,152,1,normal,1,120.9572434,middle,1
C6,152,2,normal,1,120.9572434,middle,1
C6,152,3,normal,1,120.9572434,middle,1
C6,152,4,normal,1,120.9572434,middle,1
C6,153,0,normal,1,121.1701525,middle,1
C6,153,1,normal,1,121.1701525,middle,1
C6,153,2,normal,1,121.1701525,middle,1
C6,153,3,normal,1,121.1701525,middle,1
C6,153,4,normal,1,121.1701525,middle,1
C6,154,0,normal,1,121.3830616,middle,1
C6,154,1,normal,1,121.3830616,middle,1
C6,154,2,normal,1,121.3830616,middle,1
C6,154,3,normal,1,121.3830616,middle,1
C6,154,4,normal,1,121.3830616,middle,1
C6,155,0,normal,1,121.5959708,middle,1
C6,155,1,normal,1,121.5959708,middle,1
C6,155,2,normal,1,121.5959708,middle,1
C6,155,3,normal,1,121.5959708,middle,1
C6,155,4,normal,1,121.5959708,middle,1
C6,156,0,normal,1,121.8088799,middle,1
C6,156,1,normal,1,121.8088799,middle,1
C6,156,2,normal,1,121.8088799,middle,1
C6,156,3,normal,1,121.8088799,middle,1
C6,156,4,normal,1,121.8088799,middle,1
C6,157,0,normal,1,122.021789,middle,1
C6,157,1,normal,1,122.021789,middle,1
C6,157,2,normal,1,122.021789,middle,1
C6,157,3,normal,1,122.021789,middle,1
C6,157,4,normal,1,122.021789,middle,1
C6,158,0,normal,1,122.2346982,middle,1
C6,158,1,normal,1,122.2346982,middle,1
C6,158,2,normal,1,122.2346982,middle,1
C6,158,3,normal,1,122.2346982,middle,1
C6,158,4,normal,1,122.2346982,middle,1
C6,159,0,normal,1,122.4476073,middle,1
C6,159,1,normal,1,122.4476073,middle,1
C6,159,2,normal,1,122.4476073,middle,1
C6,159,3,normal,1,122.4476073,middle,1
C6,159,4,normal,1,122.4476073,middle,1
C6,160,0,normal,1,122.6605164,middle,1
C6,160,1,normal,1,122.6605164,middle,1
C6,160,2,normal,1,122.6605164,middle,1
C6,160,3,normal,1,122.6605164,middle,1
C6,160,4,normal,1,122.6605164,middle,1
C6,161,0,normal,1,122.9007941,middle,1
C6,161,1,normal,1,122.9007941,middle,1
C6,161,2,normal,1,122.9007941,middle,1
C6,161,3,normal,1,122.9007941,middle,1
C6,161,4,normal,1,122.9007941,middle,1
C6,162,0,normal,1,123.1410717,middle,1
C6,162,1,normal,1,123.1410717,middle,1
C6,162,2,normal,1,123.1410717,middle,1
C6,162,3,normal,1,123.1410717,middle,1
C6,162,4,normal,1,123.1410717,middle,1
C6,163,0,normal,1,123.3813494,middle,1
C6,163,1,normal,1,123.3813494,middle,1
C6,163,2,normal,1,123.3813494,middle,1
C6,163,3,normal,1,123.3813494,middle,1
C6,163,4,normal,1,123.3813494,middle,1
C6,164,0,normal,1,123.6216271,middle,1
C6,164,1,normal,1,123.6216271,middle,1
C6,164,2,normal,1,123.6216271,middle,1
C6,164,3,normal,1,123.6216271,middle,1
C6,164,4,normal,1,123.6216271,middle,1
C6,165,0,normal,1,123.8619047,middle,1
C6,165,1,normal,1,123.8619047,middle,1
C6,165,2,normal,1,123.8619047,middle,1
C6,165,3,normal,1,123.8619047,middle,1
C6,165,4,normal,1,123.8619047,middle,1
C6,166,0,normal,1,124.1021824,middle,1
C6,166,1,normal,1,124.1021824,middle,1
C6,166,2,normal,1,124.1021824,middle,1
C6,166,3,normal,1,124.1021824,middle,1
C6,166,4,normal,1,124.1021824,middle,1
C6,167,0,normal,1,124.34246,middle,1
C6,167,1,normal,1,124.34246,middle,1
C6,167,2,normal,1,124.34246,middle,1
C6,167,3,normal,1,124.34246,middle,1
C6,167,4,normal,1,124.34246,middle,1
C6,168,0,normal,1,124.5827377,middle,1
C6,168,1,normal,1,124.5827377,middle,1
C6,168,2,normal,1,124.5827377,middle,1
C6,168,3,normal,1,124.5827377,middle,1
C6,168,4,normal,1,124.5827377,middle,1
C6,169,0,normal,1,124.8230154,middle,1
C6,169,1,normal,1,124.8230154,middle,1
C6,169,2,normal,1,124.8230154,middle,1
C6,169,3,normal,1,124.8230154,middle,1
C6,169,4,normal,1,124.8230154,middle,1
C6,170,0,normal,1,125.063293,middle,1
C6,170,1,normal,1,125.063293,middle,1
C6,170,2,normal,1,125.063293,middle,1
C6,170,3,normal,1,125.063293,middle,1
C6,170,4,normal,1,125.063293,middle,1
C6,171,0,normal,1,125.3035707,middle,1
C6,171,1,normal,1,125.3035707,middle,1
C6,171,2,normal,1,125.3035707,middle,1
C6,171,3,normal,1,125.3035707,middle,1
C6,171,4,normal,1,125.3035707,middle,1
C6,172,0,normal,1,125.5438483,middle,1
C6,172,1,normal,1,125.5438483,middle,1
C6,172,2,normal,1,125.5438483,middle,1
C6,172,3,normal,1,125.5438483,middle,1
C6,172,4,normal,1,125.5438483,middle,1
C6,173,0,normal,1,125.784126,middle,1
C6,173,1,normal,1,125.784126,middle,1
C6,173,2,normal,1,125.784126,middle,1
C6,173,3,normal,1,125.784126,middle,1
C6,173,4,normal,1,125.784126,middle,1
C6,174,0,normal,1,126.0244037,middle,1
C6,174,1,normal,1,126.0244037,middle,1
C6,174,2,normal,1,126.0244037,middle,1
C6,174,3,normal,1,126.0244037,middle,1
C6,174,4,normal,1,126.0244037,middle,1
C6,175,0,normal,1,126.2646813,middle,1
C6,175,1,normal,1,126.2646813,middle,1
C6,175,2,normal,1,126.2646813,middle,1
C6,175,3,normal,1,126.2646813,middle,1
C6,175,4,normal,1,126.2646813,middle,1
C6,176,0,severe,2,126.504959,middle,1
C6,176,1,severe,2,126.504959,middle,1
C6,176,2,severe,2,126.504959,middle,1
C6,176,3,severe,2,126.504959,middle,1
C6,176,4,severe,2,126.504959,middle,1
C6,177,0,severe,2,126.7452367,middle,1
C6,177,1,severe,2,126.7452367,middle,1
C6,177,2,severe,2,126.7452367,middle,1
C6,177,3,severe,2,126.7452367,middle,1
C6,177,4,severe,2,126.7452367,middle,1
C6,178,0,severe,2,126.9855143,middle,1
C6,178,1,severe,2,126.9855143,middle,1
C6,178,2,severe,2,126.9855143,middle,1
C6,178,3,severe,2,126.9855143,middle,1
C6,178,4,severe,2,126.9855143,middle,1
C6,179,0,severe,2,127.225792,middle,1
C6,179,1,severe,2,127.225792,middle,1
C6,179,2,severe,2,127.225792,middle,1
C6,179,3,severe,2,127.225792,middle,1
C6,179,4,severe,2,127.225792,middle,1
C6,180,0,severe,2,127.4660696,middle,1
C6,180,1,severe,2,127.4660696,middle,1
C6,180,2,severe,2,127.4660696,middle,1
C6,180,3,severe,2,127.4660696,middle,1
C6,180,4,severe,2,127.4660696,middle,1
C6,181,0,severe,2,127.7063473,middle,1
C6,181,1,severe,2,127.7063473,middle,1
C6,181,2,severe,2,127.7063473,middle,1
C6,181,3,severe,2,127.7063473,middle,1
C6,181,4,severe,2,127.7063473,middle,1
C6,182,0,severe,2,127.946625,middle,1
C6,182,1,severe,2,127.946625,middle,1
C6,182,2,severe,2,127.946625,middle,1
C6,182,3,severe,2,127.946625,middle,1
C6,182,4,severe,2,127.946625,middle,1
C6,183,0,severe,2,128.1869026,middle,1
C6,183,1,severe,2,128.1869026,middle,1
C6,183,2,severe,2,128.1869026,middle,1
C6,183,3,severe,2,128.1869026,middle,1
C6,183,4,severe,2,128.1869026,middle,1
C6,184,0,severe,2,128.4271803,middle,1
C6,184,1,severe,2,128.4271803,middle,1
C6,184,2,severe,2,128.4271803,middle,1
C6,184,3,severe,2,128.4271803,middle,1
C6,184,4,severe,2,128.4271803,middle,1
C6,185,0,severe,2,128.6674579,middle,1
C6,185,1,severe,2,128.6674579,middle,1
C6,185,2,severe,2,128.6674579,middle,1
C6,185,3,severe,2,128.6674579,middle,1
C6,185,4,severe,2,128.6674579,middle,1
C6,186,0,severe,2,128.9077356,middle,1
C6,186,1,severe,2,128.9077356,middle,1
C6,186,2,severe,2,128.9077356,middle,1
C6,186,3,severe,2,128.9077356,middle,1
C6,186,4,severe,2,128.9077356,middle,1
C6,187,0,severe,2,129.1480133,middle,1
C6,187,1,severe,2,129.1480133,middle,1
C6,187,2,severe,2,129.1480133,middle,1
C6,187,3,severe,2,129.1480133,middle,1
C6,187,4,severe,2,129.1480133,middle,1
C6,188,0,severe,2,129.3882909,middle,1
C6,188,1,severe,2,129.3882909,middle,1
C6,188,2,severe,2,129.3882909,middle,1
C6,188,3,severe,2,129.3882909,middle,1
C6,188,4,severe,2,129.3882909,middle,1
C6,189,0,severe,2,129.6285686,middle,1
C6,189,1,severe,2,129.6285686,middle,1
C6,189,2,severe,2,129.6285686,middle,1
C6,189,3,severe,2,129.6285686,middle,1
C6,189,4,severe,2,129.6285686,middle,1
C6,190,0,severe,2,129.8688462,middle,1
C6,190,1,severe,2,129.8688462,middle,1
C6,190,2,severe,2,129.8688462,middle,1
C6,190,3,severe,2,129.8688462,middle,1
C6,190,4,severe,2,129.8688462,middle,1
C6,191,0,severe,2,130.1091239,middle,1
C6,191,1,severe,2,130.1091239,middle,1
C6,191,2,severe,2,130.1091239,middle,1
C6,191,3,severe,2,130.1091239,middle,1
C6,191,4,severe,2,130.1091239,middle,1
C6,192,0,severe,2,130.3494016,middle,1
C6,192,1,severe,2,130.3494016,middle,1
C6,192,2,severe,2,130.3494016,middle,1
C6,192,3,severe,2,130.3494016,middle,1
C6,192,4,severe,2,130.3494016,middle,1
C6,193,0,severe,2,131.0330779,middle,1
C6,193,1,severe,2,131.0330779,middle,1
C6,193,2,severe,2,131.0330779,middle,1
C6,193,3,severe,2,131.0330779,middle,1
C6,193,4,severe,2,131.0330779,middle,1
C6,194,0,severe,2,131.7167543,middle,1
C6,194,1,severe,2,131.7167543,middle,1
C6,194,2,severe,2,131.7167543,middle,1
C6,194,3,severe,2,131.7167543,middle,1
C6,194,4,severe,2,131.7167543,middle,1
C6,195,0,severe,2,132.4004307,middle,1
C6,195,1,severe,2,132.4004307,middle,1
C6,195,2,severe,2,132.4004307,middle,1
C6,195,3,severe,2,132.4004307,middle,1
C6,195,4,severe,2,132.4004307,middle,1
C6,196,0,severe,2,133.084107,middle,1
C6,196,1,severe,2,133.084107,middle,1
C6,196,2,severe,2,133.084107,middle,1
C6,196,3,severe,2,133.084107,middle,1
C6,196,4,severe,2,133.084107,middle,1
C6,197,0,severe,2,133.7677834,middle,1
C6,197,1,severe,2,133.7677834,middle,1
C6,197,2,severe,2,133.7677834,middle,1
C6,197,3,severe,2,133.7677834,middle,1
C6,197,4,severe,2,133.7677834,middle,1
C6,198,0,severe,2,134.4514598,middle,1
C6,198,1,severe,2,134.4514598,middle,1
C6,198,2,severe,2,134.4514598,middle,1
C6,198,3,severe,2,134.4514598,middle,1
C6,198,4,severe,2,134.4514598,middle,1
C6,199,0,severe,2,135.1351362,middle,1
C6,199,1,severe,2,135.1351362,middle,1
C6,199,2,severe,2,135.1351362,middle,1
C6,199,3,severe,2,135.1351362,middle,1
C6,199,4,severe,2,135.1351362,middle,1
C6,200,0,severe,2,135.8188125,middle,1
C6,200,1,severe,2,135.8188125,middle,1
C6,200,2,severe,2,135.8188125,middle,1
C6,200,3,severe,2,135.8188125,middle,1
C6,200,4,severe,2,135.8188125,middle,1
C6,201,0,severe,2,136.5024889,middle,1
C6,201,1,severe,2,136.5024889,middle,1
C6,201,2,severe,2,136.5024889,middle,1
C6,201,3,severe,2,136.5024889,middle,1
C6,201,4,severe,2,136.5024889,middle,1
C6,202,0,severe,2,137.1861653,middle,1
C6,202,1,severe,2,137.1861653,middle,1
C6,202,2,severe,2,137.1861653,middle,1
C6,202,3,severe,2,137.1861653,middle,1
C6,202,4,severe,2,137.1861653,middle,1
C6,203,0,severe,2,137.8698416,middle,1
C6,203,1,severe,2,137.8698416,middle,1
C6,203,2,severe,2,137.8698416,middle,1
C6,203,3,severe,2,137.8698416,middle,1
C6,203,4,severe,2,137.8698416,middle,1
C6,204,0,severe,2,138.553518,middle,1
C6,204,1,severe,2,138.553518,middle,1
C6,204,2,severe,2,138.553518,middle,1
C6,204,3,severe,2,138.553518,middle,1
C6,204,4,severe,2,138.553518,middle,1
C6,205,0,severe,2,139.2371944,middle,1
C6,205,1,severe,2,139.2371944,middle,1
C6,205,2,severe,2,139.2371944,middle,1
C6,205,3,severe,2,139.2371944,middle,1
C6,205,4,severe,2,139.2371944,middle,1
C6,206,0,severe,2,139.9208707,middle,1
C6,206,1,severe,2,139.9208707,middle,1
C6,206,2,severe,2,139.9208707,middle,1
C6,206,3,severe,2,139.9208707,middle,1
C6,206,4,severe,2,139.9208707,middle,1
C6,207,0,severe,2,140.6045471,middle,1
C6,207,1,severe,2,140.6045471,middle,1
C6,207,2,severe,2,140.6045471,middle,1
C6,207,3,severe,2,140.6045471,middle,1
C6,207,4,severe,2,140.6045471,middle,1
C6,208,0,severe,2,141.2882235,middle,1
C6,208,1,severe,2,141.2882235,middle,1
C6,208,2,severe,2,141.2882235,middle,1
C6,208,3,severe,2,141.2882235,middle,1
C6,208,4,severe,2,141.2882235,middle,1
C6,209,0,severe,2,141.9718998,middle,1
C6,209,1,severe,2,141.9718998,middle,1
C6,209,2,severe,2,141.9718998,middle,1
C6,209,3,severe,2,141.9718998,middle,1
C6,209,4,severe,2,141.9718998,middle,1
C6,210,0,severe,2,142.6555762,middle,1
C6,210,1,severe,2,142.6555762,middle,1
C6,210,2,severe,2,142.6555762,middle,1
C6,210,3,severe,2,142.6555762,middle,1
C6,210,4,severe,2,142.6555762,middle,1
C6,211,0,severe,2,143.3392526,middle,1
C6,211,1,severe,2,143.3392526,middle,1
C6,211,2,severe,2,143.3392526,middle,1
C6,211,3,severe,2,143.3392526,middle,1
C6,211,4,severe,2,143.3392526,middle,1
C6,212,0,severe,2,144.022929,middle,1
C6,212,1,severe,2,144.022929,middle,1
C6,212,2,severe,2,144.022929,middle,1
C6,212,3,severe,2,144.022929,middle,1
C6,212,4,severe,2,144.022929,middle,1
C6,213,0,severe,2,144.7066053,middle,1
C6,213,1,severe,2,144.7066053,middle,1
C6,213,2,severe,2,144.7066053,middle,1
C6,213,3,severe,2,144.7066053,middle,1
C6,213,4,severe,2,144.7066053,middle,1
C6,214,0,severe,2,145.3902817,middle,1
C6,214,1,severe,2,145.3902817,middle,1
C6,214,2,severe,2,145.3902817,middle,1
C6,214,3,severe,2,145.3902817,middle,1
C6,214,4,severe,2,145.3902817,middle,1
C6,215,0,severe,2,146.0739581,middle,1
C6,215,1,severe,2,146.0739581,middle,1
C6,215,2,severe,2,146.0739581,middle,1
C6,215,3,severe,2,146.0739581,middle,1
C6,215,4,severe,2,146.0739581,middle,1
C6,216,0,severe,2,146.7576344,middle,1
C6,216,1,severe,2,146.7576344,middle,1
C6,216,2,severe,2,146.7576344,middle,1
C6,216,3,severe,2,146.7576344,middle,1
C6,216,4,severe,2,146.7576344,middle,1
C6,217,0,severe,2,147.4413108,middle,1
C6,217,1,severe,2,147.4413108,middle,1
C6,217,2,severe,2,147.4413108,middle,1
C6,217,3,severe,2,147.4413108,middle,1
C6,217,4,severe,2,147.4413108,middle,1
C6,218,0,severe,2,148.1249872,middle,1
C6,218,1,severe,2,148.1249872,middle,1
C6,218,2,severe,2,148.1249872,middle,1
C6,218,3,severe,2,148.1249872,middle,1
C6,218,4,severe,2,148.1249872,middle,1
C6,219,0,severe,2,148.8086635,middle,1
C6,219,1,severe,2,148.8086635,middle,1
C6,219,2,severe,2,148.8086635,middle,1
C6,219,3,severe,2,148.8086635,middle,1
C6,219,4,severe,2,148.8086635,middle,1
C6,220,0,severe,2,149.4923399,middle,1
C6,220,1,severe,2,149.4923399,middle,1
C6,220,2,severe,2,149.4923399,middle,1
C6,220,3,severe,2,149.4923399,middle,1
C6,220,4,severe,2,149.4923399,middle,1
C6,221,0,severe,2,150.1760163,middle,1
C6,221,1,severe,2,150.1760163,middle,1
C6,221,2,severe,2,150.1760163,middle,1
C6,221,3,severe,2,150.1760163,middle,1
C6,221,4,severe,2,150.1760163,middle,1
C6,222,0,severe,2,150.8596926,middle,1
C6,222,1,severe,2,150.8596926,middle,1
C6,222,2,severe,2,150.8596926,middle,1
C6,222,3,severe,2,150.8596926,middle,1
C6,222,4,severe,2,150.8596926,middle,1
C6,223,0,severe,2,151.543369,middle,1
C6,223,1,severe,2,151.543369,middle,1
C6,223,2,severe,2,151.543369,middle,1
C6,223,3,severe,2,151.543369,middle,1
C6,223,4,severe,2,151.543369,middle,1
C6,224,0,severe,2,152.2270454,middle,1
C6,224,1,severe,2,152.2270454,middle,1
C6,224,2,severe,2,152.2270454,middle,1
C6,224,3,severe,2,152.2270454,middle,1
C6,224,4,severe,2,152.2270454,middle,1
C6,225,0,severe,2,153.5255936,late,2
C6,225,1,severe,2,153.5255936,late,2
C6,225,2,severe,2,153.5255936,late,2
C6,225,3,severe,2,153.5255936,late,2
C6,225,4,severe,2,153.5255936,late,2
C6,226,0,severe,2,154.8241418,late,2
C6,226,1,severe,2,154.8241418,late,2
C6,226,2,severe,2,154.8241418,late,2
C6,226,3,severe,2,154.8241418,late,2
C6,226,4,severe,2,154.8241418,late,2
C6,227,0,severe,2,156.12269,late,2
C6,227,1,severe,2,156.12269,late,2
C6,227,2,severe,2,156.12269,late,2
C6,227,3,severe,2,156.12269,late,2
C6,227,4,severe,2,156.12269,late,2
C6,228,0,severe,2,157.4212382,late,2
C6,228,1,severe,2,157.4212382,late,2
C6,228,2,severe,2,157.4212382,late,2
C6,228,3,severe,2,157.4212382,late,2
C6,228,4,severe,2,157.4212382,late,2
C6,229,0,severe,2,158.7197863,late,2
C6,229,1,severe,2,158.7197863,late,2
C6,229,2,severe,2,158.7197863,late,2
C6,229,3,severe,2,158.7197863,late,2
C6,229,4,severe,2,158.7197863,late,2
C6,230,0,severe,2,160.0183345,late,2
C6,230,1,severe,2,160.0183345,late,2
C6,230,2,severe,2,160.0183345,late,2
C6,230,3,severe,2,160.0183345,late,2
C6,230,4,severe,2,160.0183345,late,2
C6,231,0,severe,2,161.3168827,late,2
C6,231,1,severe,2,161.3168827,late,2
C6,231,2,severe,2,161.3168827,late,2
C6,231,3,severe,2,161.3168827,late,2
C6,231,4,severe,2,161.3168827,late,2
C6,232,0,severe,2,162.6154309,late,2
C6,232,1,severe,2,162.6154309,late,2
C6,232,2,severe,2,162.6154309,late,2
C6,232,3,severe,2,162.6154309,late,2
C6,232,4,severe,2,162.6154309,late,2
C6,233,0,severe,2,163.9139791,late,2
C6,233,1,severe,2,163.9139791,late,2
C6,233,2,severe,2,163.9139791,late,2
C6,233,3,severe,2,163.9139791,late,2
C6,233,4,severe,2,163.9139791,late,2
C6,234,0,severe,2,165.2125273,late,2
C6,234,1,severe,2,165.2125273,late,2
C6,234,2,severe,2,165.2125273,late,2
C6,234,3,severe,2,165.2125273,late,2
C6,234,4,severe,2,165.2125273,late,2
C6,235,0,severe,2,166.5110755,late,2
C6,235,1,severe,2,166.5110755,late,2
C6,235,2,severe,2,166.5110755,late,2
C6,235,3,severe,2,166.5110755,late,2
C6,235,4,severe,2,166.5110755,late,2
C6,236,0,severe,2,167.8096237,late,2
C6,236,1,severe,2,167.8096237,late,2
C6,236,2,severe,2,167.8096237,late,2
C6,236,3,severe,2,167.8096237,late,2
C6,236,4,severe,2,167.8096237,late,2
C6,237,0,severe,2,169.1081719,late,2
C6,237,1,severe,2,169.1081719,late,2
C6,237,2,severe,2,169.1081719,late,2
C6,237,3,severe,2,169.1081719,late,2
C6,237,4,severe,2,169.1081719,late,2
C6,238,0,severe,2,170.4067201,late,2
C6,238,1,severe,2,170.4067201,late,2
C6,238,2,severe,2,170.4067201,late,2
C6,238,3,severe,2,170.4067201,late,2
C6,238,4,severe,2,170.4067201,late,2
C6,239,0,severe,2,171.7052683,late,2
C6,239,1,severe,2,171.7052683,late,2
C6,239,2,severe,2,171.7052683,late,2
C6,239,3,severe,2,171.7052683,late,2
C6,239,4,severe,2,171.7052683,late,2
C6,240,0,severe,2,173.0038165,late,2
C6,240,1,severe,2,173.0038165,late,2
C6,240,2,severe,2,173.0038165,late,2
C6,240,3,severe,2,173.0038165,late,2
C6,240,4,severe,2,173.0038165,late,2
C6,241,0,severe,2,174.3023646,late,2
C6,241,1,severe,2,174.3023646,late,2
C6,241,2,severe,2,174.3023646,late,2
C6,241,3,severe,2,174.3023646,late,2
C6,241,4,severe,2,174.3023646,late,2
C6,242,0,severe,2,175.6009128,late,2
C6,242,1,severe,2,175.6009128,late,2
C6,242,2,severe,2,175.6009128,late,2
C6,242,3,severe,2,175.6009128,late,2
C6,242,4,severe,2,175.6009128,late,2
C6,243,0,severe,2,176.899461,late,2
C6,243,1,severe,2,176.899461,late,2
C6,243,2,severe,2,176.899461,late,2
C6,243,3,severe,2,176.899461,late,2
C6,243,4,severe,2,176.899461,late,2
C6,244,0,severe,2,178.1980092,late,2
C6,244,1,severe,2,178.1980092,late,2
C6,244,2,severe,2,178.1980092,late,2
C6,244,3,severe,2,178.1980092,late,2
C6,244,4,severe,2,178.1980092,late,2
C6,245,0,severe,2,179.4965574,late,2
C6,245,1,severe,2,179.4965574,late,2
C6,245,2,severe,2,179.4965574,late,2
C6,245,3,severe,2,179.4965574,late,2
C6,245,4,severe,2,179.4965574,late,2
C6,246,0,severe,2,180.7951056,late,2
C6,246,1,severe,2,180.7951056,late,2
C6,246,2,severe,2,180.7951056,late,2
C6,246,3,severe,2,180.7951056,late,2
C6,246,4,severe,2,180.7951056,late,2
C6,247,0,severe,2,182.0936538,late,2
C6,247,1,severe,2,182.0936538,late,2
C6,247,2,severe,2,182.0936538,late,2
C6,247,3,severe,2,182.0936538,late,2
C6,247,4,severe,2,182.0936538,late,2
C6,248,0,severe,2,183.392202,late,2
C6,248,1,severe,2,183.392202,late,2
C6,248,2,severe,2,183.392202,late,2
C6,248,3,severe,2,183.392202,late,2
C6,248,4,severe,2,183.392202,late,2
C6,249,0,severe,2,184.6907502,late,2
C6,249,1,severe,2,184.6907502,late,2
C6,249,2,severe,2,184.6907502,late,2
C6,249,3,severe,2,184.6907502,late,2
C6,249,4,severe,2,184.6907502,late,2
C6,250,0,severe,2,185.9892984,late,2
C6,250,1,severe,2,185.9892984,late,2
C6,250,2,severe,2,185.9892984,late,2
C6,250,3,severe,2,185.9892984,late,2
C6,250,4,severe,2,185.9892984,late,2
C6,251,0,severe,2,187.2878466,late,2
C6,251,1,severe,2,187.2878466,late,2
C6,251,2,severe,2,187.2878466,late,2
C6,251,3,severe,2,187.2878466,late,2
C6,251,4,severe,2,187.2878466,late,2
C6,252,0,severe,2,188.5863948,late,2
C6,252,1,severe,2,188.5863948,late,2
C6,252,2,severe,2,188.5863948,late,2
C6,252,3,severe,2,188.5863948,late,2
C6,252,4,severe,2,188.5863948,late,2
C6,253,0,severe,2,189.8849429,late,2
C6,253,1,severe,2,189.8849429,late,2
C6,253,2,severe,2,189.8849429,late,2
C6,253,3,severe,2,189.8849429,late,2
C6,253,4,severe,2,189.8849429,late,2
C6,254,0,severe,2,191.1834911,late,2
C6,254,1,severe,2,191.1834911,late,2
C6,254,2,severe,2,191.1834911,late,2
C6,254,3,severe,2,191.1834911,late,2
C6,254,4,severe,2,191.1834911,late,2
C6,255,0,severe,2,192.4820393,late,2
C6,255,1,severe,2,192.4820393,late,2
C6,255,2,severe,2,192.4820393,late,2
C6,255,3,severe,2,192.4820393,late,2
C6,255,4,severe,2,192.4820393,late,2
C6,256,0,severe,2,193.7805875,late,2
C6,256,1,severe,2,193.7805875,late,2
C6,256,2,severe,2,193.7805875,late,2
C6,256,3,severe,2,193.7805875,late,2
C6,256,4,severe,2,193.7805875,late,2
C6,257,0,severe,2,194.9262222,late,2
C6,257,1,severe,2,194.9262222,late,2
C6,257,2,severe,2,194.9262222,late,2
C6,257,3,severe,2,194.9262222,late,2
C6,257,4,severe,2,194.9262222,late,2
C6,258,0,severe,2,196.0718569,late,2
C6,258,1,severe,2,196.0718569,late,2
C6,258,2,severe,2,196.0718569,late,2
C6,258,3,severe,2,196.0718569,late,2
C6,258,4,severe,2,196.0718569,late,2
C6,259,0,severe,2,197.2174916,late,2
C6,259,1,severe,2,197.2174916,late,2
C6,259,2,severe,2,197.2174916,late,2
C6,259,3,severe,2,197.2174916,late,2
C6,259,4,severe,2,197.2174916,late,2
C6,260,0,severe,2,198.3631263,late,2
C6,260,1,severe,2,198.3631263,late,2
C6,260,2,severe,2,198.3631263,late,2
C6,260,3,severe,2,198.3631263,late,2
C6,260,4,severe,2,198.3631263,late,2
C6,261,0,severe,2,199.5087611,late,2
C6,261,1,severe,2,199.5087611,late,2
C6,261,2,severe,2,199.5087611,late,2
C6,261,3,severe,2,199.5087611,late,2
C6,261,4,severe,2,199.5087611,late,2
C6,262,0,severe,2,200.6543958,late,2
C6,262,1,severe,2,200.6543958,late,2
C6,262,2,severe,2,200.6543958,late,2
C6,262,3,severe,2,200.6543958,late,2
C6,262,4,severe,2,200.6543958,late,2
C6,263,0,severe,2,201.8000305,late,2
C6,263,1,severe,2,201.8000305,late,2
C6,263,2,severe,2,201.8000305,late,2
C6,263,3,severe,2,201.8000305,late,2
C6,263,4,severe,2,201.8000305,late,2
C6,264,0,severe,2,202.9456652,late,2
C6,264,1,severe,2,202.9456652,late,2
C6,264,2,severe,2,202.9456652,late,2
C6,264,3,severe,2,202.9456652,late,2
C6,264,4,severe,2,202.9456652,late,2
C6,265,0,severe,2,204.0912999,late,2
C6,265,1,severe,2,204.0912999,late,2
C6,265,2,severe,2,204.0912999,late,2
C6,265,3,severe,2,204.0912999,late,2
C6,265,4,severe,2,204.0912999,late,2
C6,266,0,severe,2,205.2369346,late,2
C6,266,1,severe,2,205.2369346,late,2
C6,266,2,severe,2,205.2369346,late,2
C6,266,3,severe,2,205.2369346,late,2
C6,266,4,severe,2,205.2369346,late,2
C6,267,0,severe,2,206.3825693,late,2
C6,267,1,severe,2,206.3825693,late,2
C6,267,2,severe,2,206.3825693,late,2
C6,267,3,severe,2,206.3825693,late,2
C6,267,4,severe,2,206.3825693,late,2
C6,268,0,severe,2,207.528204,late,2
C6,268,1,severe,2,207.528204,late,2
C6,268,2,severe,2,207.528204,late,2
C6,268,3,severe,2,207.528204,late,2
C6,268,4,severe,2,207.528204,late,2
C6,269,0,severe,2,208.6738387,late,2
C6,269,1,severe,2,208.6738387,late,2
C6,269,2,severe,2,208.6738387,late,2
C6,269,3,severe,2,208.6738387,late,2
C6,269,4,severe,2,208.6738387,late,2
C6,270,0,severe,2,209.8194734,late,2
C6,270,1,severe,2,209.8194734,late,2
C6,270,2,severe,2,209.8194734,late,2
C6,270,3,severe,2,209.8194734,late,2
C6,270,4,severe,2,209.8194734,late,2
C6,271,0,severe,2,210.9651081,late,2
C6,271,1,severe,2,210.9651081,late,2
C6,271,2,severe,2,210.9651081,late,2
C6,271,3,severe,2,210.9651081,late,2
C6,271,4,severe,2,210.9651081,late,2
C6,272,0,severe,2,212.1107428,late,2
C6,272,1,severe,2,212.1107428,late,2
C6,272,2,severe,2,212.1107428,late,2
C6,272,3,severe,2,212.1107428,late,2
C6,272,4,severe,2,212.1107428,late,2
C6,273,0,severe,2,213.2563775,late,2
C6,273,1,severe,2,213.2563775,late,2
C6,273,2,severe,2,213.2563775,late,2
C6,273,3,severe,2,213.2563775,late,2
C6,273,4,severe,2,213.2563775,late,2
C6,274,0,severe,2,214.4020122,late,2
C6,274,1,severe,2,214.4020122,late,2
C6,274,2,severe,2,214.4020122,late,2
C6,274,3,severe,2,214.4020122,late,2
C6,274,4,severe,2,214.4020122,late,2
C6,275,0,severe,2,215.5476469,late,2
C6,275,1,severe,2,215.5476469,late,2
C6,275,2,severe,2,215.5476469,late,2
C6,275,3,severe,2,215.5476469,late,2
C6,275,4,severe,2,215.5476469,late,2
C6,276,0,severe,2,216.6932816,late,2
C6,276,1,severe,2,216.6932816,late,2
C6,276,2,severe,2,216.6932816,late,2
C6,276,3,severe,2,216.6932816,late,2
C6,276,4,severe,2,216.6932816,late,2
C6,277,0,severe,2,217.8389164,late,2
C6,277,1,severe,2,217.8389164,late,2
C6,277,2,severe,2,217.8389164,late,2
C6,277,3,severe,2,217.8389164,late,2
C6,277,4,severe,2,217.8389164,late,2
C6,278,0,severe,2,218.9845511,late,2
C6,278,1,severe,2,218.9845511,late,2
C6,278,2,severe,2,218.9845511,late,2
C6,278,3,severe,2,218.9845511,late,2
C6,278,4,severe,2,218.9845511,late,2
C6,279,0,severe,2,220.1301858,late,2
C6,279,1,severe,2,220.1301858,late,2
C6,279,2,severe,2,220.1301858,late,2
C6,279,3,severe,2,220.1301858,late,2
C6,279,4,severe,2,220.1301858,late,2
C6,280,0,severe,2,221.2758205,late,2
C6,280,1,severe,2,221.2758205,late,2
C6,280,2,severe,2,221.2758205,late,2
C6,280,3,severe,2,221.2758205,late,2
C6,280,4,severe,2,221.2758205,late,2
C6,281,0,severe,2,222.4214552,late,2
C6,281,1,severe,2,222.4214552,late,2
C6,281,2,severe,2,222.4214552,late,2
C6,281,3,severe,2,222.4214552,late,2
C6,281,4,severe,2,222.4214552,late,2
C6,282,0,severe,2,223.5670899,late,2
C6,282,1,severe,2,223.5670899,late,2
C6,282,2,severe,2,223.5670899,late,2
C6,282,3,severe,2,223.5670899,late,2
C6,282,4,severe,2,223.5670899,late,2
C6,283,0,severe,2,224.7127246,late,2
C6,283,1,severe,2,224.7127246,late,2
C6,283,2,severe,2,224.7127246,late,2
C6,283,3,severe,2,224.7127246,late,2
C6,283,4,severe,2,224.7127246,late,2
C6,284,0,severe,2,225.8583593,late,2
C6,284,1,severe,2,225.8583593,late,2
C6,284,2,severe,2,225.8583593,late,2
C6,284,3,severe,2,225.8583593,late,2
C6,284,4,severe,2,225.8583593,late,2
C6,285,0,severe,2,227.003994,late,2
C6,285,1,severe,2,227.003994,late,2
C6,285,2,severe,2,227.003994,late,2
C6,285,3,severe,2,227.003994,late,2
C6,285,4,severe,2,227.003994,late,2
C6,286,0,severe,2,228.1496287,late,2
C6,286,1,severe,2,228.1496287,late,2
C6,286,2,severe,2,228.1496287,late,2
C6,286,3,severe,2,228.1496287,late,2
C6,286,4,severe,2,228.1496287,late,2
C6,287,0,severe,2,229.2952634,late,2
C6,287,1,severe,2,229.2952634,late,2
C6,287,2,severe,2,229.2952634,late,2
C6,287,3,severe,2,229.2952634,late,2
C6,287,4,severe,2,229.2952634,late,2
C6,288,0,severe,2,230.4408981,late,2
C6,288,1,severe,2,230.4408981,late,2
C6,288,2,severe,2,230.4408981,late,2
C6,288,3,severe,2,230.4408981,late,2
C6,288,4,severe,2,230.4408981,late,2
C6,289,0,severe,2,230.5992333,late,2
C6,289,1,severe,2,230.5992333,late,2
C6,289,2,severe,2,230.5992333,late,2
C6,289,3,severe,2,230.5992333,late,2
C6,289,4,severe,2,230.5992333,late,2
C6,290,0,severe,2,230.7575685,late,2
C6,290,1,severe,2,230.7575685,late,2
C6,290,2,severe,2,230.7575685,late,2
C6,290,3,severe,2,230.7575685,late,2
C6,290,4,severe,2,230.7575685,late,2
C6,291,0,severe,2,230.9159037,late,2
C6,291,1,severe,2,230.9159037,late,2
C6,291,2,severe,2,230.9159037,late,2
C6,291,3,severe,2,230.9159037,late,2
C6,291,4,severe,2,230.9159037,late,2
C6,292,0,severe,2,231.0742389,late,2
C6,292,1,severe,2,231.0742389,late,2
C6,292,2,severe,2,231.0742389,late,2
C6,292,3,severe,2,231.0742389,late,2
C6,292,4,severe,2,231.0742389,late,2
C6,293,0,severe,2,231.2325741,late,2
C6,293,1,severe,2,231.2325741,late,2
C6,293,2,severe,2,231.2325741,late,2
C6,293,3,severe,2,231.2325741,late,2
C6,293,4,severe,2,231.2325741,late,2
C6,294,0,severe,2,231.3909093,late,2
C6,294,1,severe,2,231.3909093,late,2
C6,294,2,severe,2,231.3909093,late,2
C6,294,3,severe,2,231.3909093,late,2
C6,294,4,severe,2,231.3909093,late,2
C6,295,0,severe,2,231.5492445,late,2
C6,295,1,severe,2,231.5492445,late,2
C6,295,2,severe,2,231.5492445,late,2
C6,295,3,severe,2,231.5492445,late,2
C6,295,4,severe,2,231.5492445,late,2
C6,296,0,severe,2,231.7075797,late,2
C6,296,1,severe,2,231.7075797,late,2
C6,296,2,severe,2,231.7075797,late,2
C6,296,3,severe,2,231.7075797,late,2
C6,296,4,severe,2,231.7075797,late,2
C6,297,0,severe,2,231.8659149,late,2
C6,297,1,severe,2,231.8659149,late,2
C6,297,2,severe,2,231.8659149,late,2
C6,297,3,severe,2,231.8659149,late,2
C6,297,4,severe,2,231.8659149,late,2
C6,298,0,severe,2,232.0242501,late,2
C6,298,1,severe,2,232.0242501,late,2
C6,298,2,severe,2,232.0242501,late,2
C6,298,3,severe,2,232.0242501,late,2
C6,298,4,severe,2,232.0242501,late,2
C6,299,0,severe,2,232.1825853,late,2
C6,299,1,severe,2,232.1825853,late,2
C6,299,2,severe,2,232.1825853,late,2
C6,299,3,severe,2,232.1825853,late,2
C6,299,4,severe,2,232.1825853,late,2
C6,300,0,severe,2,232.3409205,late,2
C6,300,1,severe,2,232.3409205,late,2
C6,300,2,severe,2,232.3409205,late,2
C6,300,3,severe,2,232.3409205,late,2
C6,300,4,severe,2,232.3409205,late,2
C6,301,0,severe,2,232.4992557,late,2
C6,301,1,severe,2,232.4992557,late,2
C6,301,2,severe,2,232.4992557,late,2
C6,301,3,severe,2,232.4992557,late,2
C6,301,4,severe,2,232.4992557,late,2
C6,302,0,severe,2,232.6575909,late,2
C6,302,1,severe,2,232.6575909,late,2
C6,302,2,severe,2,232.6575909,late,2
C6,302,3,severe,2,232.6575909,late,2
C6,302,4,severe,2,232.6575909,late,2
C6,303,0,severe,2,232.8159261,late,2
C6,303,1,severe,2,232.8159261,late,2
C6,303,2,severe,2,232.8159261,late,2
C6,303,3,severe,2,232.8159261,late,2
C6,303,4,severe,2,232.8159261,late,2
C6,304,0,severe,2,232.9742613,late,2
C6,304,1,severe,2,232.9742613,late,2
C6,304,2,severe,2,232.9742613,late,2
C6,304,3,severe,2,232.9742613,late,2
C6,304,4,severe,2,232.9742613,late,2
C6,305,0,severe,2,233.1325965,late,2
C6,305,1,severe,2,233.1325965,late,2
C6,305,2,severe,2,233.1325965,late,2
C6,305,3,severe,2,233.1325965,late,2
C6,305,4,severe,2,233.1325965,late,2
C6,306,0,severe,2,233.2909317,late,2
C6,306,1,severe,2,233.2909317,late,2
C6,306,2,severe,2,233.2909317,late,2
C6,306,3,severe,2,233.2909317,late,2
C6,306,4,severe,2,233.2909317,late,2
C6,307,0,severe,2,233.4492669,late,2
C6,307,1,severe,2,233.4492669,late,2
C6,307,2,severe,2,233.4492669,late,2
C6,307,3,severe,2,233.4492669,late,2
C6,307,4,severe,2,233.4492669,late,2
C6,308,0,severe,2,233.6076021,late,2
C6,308,1,severe,2,233.6076021,late,2
C6,308,2,severe,2,233.6076021,late,2
C6,308,3,severe,2,233.6076021,late,2
C6,308,4,severe,2,233.6076021,late,2
C6,309,0,severe,2,233.7659373,late,2
C6,309,1,severe,2,233.7659373,late,2
C6,309,2,severe,2,233.7659373,late,2
C6,309,3,severe,2,233.7659373,late,2
C6,309,4,severe,2,233.7659373,late,2
C6,310,0,severe,2,233.9242725,late,2
C6,310,1,severe,2,233.9242725,late,2
C6,310,2,severe,2,233.9242725,late,2
C6,310,3,severe,2,233.9242725,late,2
C6,310,4,severe,2,233.9242725,late,2
C6,311,0,severe,2,234.0826077,late,2
C6,311,1,severe,2,234.0826077,late,2
C6,311,2,severe,2,234.0826077,late,2
C6,311,3,severe,2,234.0826077,late,2
C6,311,4,severe,2,234.0826077,late,2
C6,312,0,severe,2,234.2409429,late,2
C6,312,1,severe,2,234.2409429,late,2
C6,312,2,severe,2,234.2409429,late,2
C6,312,3,severe,2,234.2409429,late,2
C6,312,4,severe,2,234.2409429,late,2
C6,313,0,severe,2,234.3992781,late,2
C6,313,1,severe,2,234.3992781,late,2
C6,313,2,severe,2,234.3992781,late,2
C6,313,3,severe,2,234.3992781,late,2
C6,313,4,severe,2,234.3992781,late,2
C6,314,0,severe,2,234.5576133,late,2
C6,314,1,severe,2,234.5576133,late,2
C6,314,2,severe,2,234.5576133,late,2
C6,314,3,severe,2,234.5576133,late,2
C6,314,4,severe,2,234.5576133,late,2
C6,315,0,severe,2,234.7159485,late,2
C6,315,1,severe,2,234.7159485,late,2
C6,315,2,severe,2,234.7159485,late,2
C6,315,3,severe,2,234.7159485,late,2
C6,315,4,severe,2,234.7159485,late,2
