ID,Configuration,condition,run_id,relative_tool_life,true_stage,true_stage_id,q_true,q_hat,p_E,p_M,p_L,pred_stage,pred_stage_id
A1,Temperature-scaled raw stage head,C6,12,0.0,early,0,0.0543003305631503,0.3089219033718109,0.9538131356239319,0.031579405069351196,0.014607513323426247,early,0
A1,Temperature-scaled raw stage head,C6,13,0.0033003300330033004,early,0,0.0607357409228696,0.31158775091171265,0.951775848865509,0.03332993760704994,0.014894207939505577,early,0
A1,Temperature-scaled raw stage head,C6,14,0.006600660066006601,early,0,0.0675207371477249,0.3116450011730194,0.9515972137451172,0.03372728452086449,0.014675544574856758,early,0
A1,Temperature-scaled raw stage head,C6,15,0.009900990099009901,early,0,0.0746968680474152,0.31120169162750244,0.9504542946815491,0.03486131131649017,0.014684424735605717,early,0
A1,Temperature-scaled raw stage head,C6,16,0.013201320132013201,early,0,0.0810622745661246,0.31120771169662476,0.9495334625244141,0.035907257348299026,0.014559304341673851,early,0
A1,Temperature-scaled raw stage head,C6,17,0.0165016501650165,early,0,0.0874276810764199,0.31131523847579956,0.9472925662994385,0.03804312273859978,0.014664357528090477,early,0
A1,Temperature-scaled raw stage head,C6,18,0.019801980198019802,early,0,0.0935881687037735,0.3107154369354248,0.9463121891021729,0.039160195738077164,0.014527571387588978,early,0
A1,Temperature-scaled raw stage head,C6,19,0.0231023102310231,early,0,0.0995437374397715,0.31223905086517334,0.9430472254753113,0.04218946024775505,0.014763331040740013,early,0
A1,Temperature-scaled raw stage head,C6,20,0.026402640264026403,early,0,0.1052943872844138,0.3116161525249481,0.9423462748527527,0.042881786823272705,0.014772036112844944,early,0
A1,Temperature-scaled raw stage head,C6,21,0.0297029702970297,early,0,0.1108401182377004,0.30951738357543945,0.9472349882125854,0.038021717220544815,0.014743245206773281,early,0
A1,Temperature-scaled raw stage head,C6,22,0.033003300330033,early,0,0.1161809303080454,0.3078916370868683,0.9496849775314331,0.03578796237707138,0.014526991173624992,early,0
A1,Temperature-scaled raw stage head,C6,23,0.036303630363036306,early,0,0.1213168234786207,0.3078649938106537,0.9508822560310364,0.034465573728084564,0.014652173966169357,early,0
A1,Temperature-scaled raw stage head,C6,24,0.039603960396039604,early,0,0.1262477977578404,0.3084639608860016,0.9514207243919373,0.03375725820660591,0.014822049997746944,early,0
A1,Temperature-scaled raw stage head,C6,25,0.0429042904290429,early,0,0.13117877203706,0.30903297662734985,0.9520650506019592,0.033043503761291504,0.014891460537910461,early,0
A1,Temperature-scaled raw stage head,C6,26,0.0462046204620462,early,0,0.1361097463162796,0.309581995010376,0.9525678753852844,0.03234870359301567,0.015083422884345055,early,0
A1,Temperature-scaled raw stage head,C6,27,0.04950495049504951,early,0,0.1410407205954993,0.3101050853729248,0.9525939226150513,0.032066214829683304,0.01533990353345871,early,0
A1,Temperature-scaled raw stage head,C6,28,0.052805280528052806,early,0,0.1459716948747189,0.31057819724082947,0.9525578022003174,0.03183599188923836,0.01560609508305788,early,0
A1,Temperature-scaled raw stage head,C6,29,0.056105610561056105,early,0,0.1509026691539386,0.3107044994831085,0.9525649547576904,0.031569384038448334,0.01586563140153885,early,0
A1,Temperature-scaled raw stage head,C6,30,0.0594059405940594,early,0,0.1554870761471252,0.3104238212108612,0.9527426958084106,0.03134768083691597,0.015909617766737938,early,0
A1,Temperature-scaled raw stage head,C6,31,0.0627062706270627,early,0,0.1597249158626929,0.31037449836730957,0.9531236290931702,0.03122749924659729,0.015648797154426575,early,0
A1,Temperature-scaled raw stage head,C6,32,0.066006600660066,early,0,0.1636161882838135,0.31071460247039795,0.953166663646698,0.03116650879383087,0.015666846185922623,early,0
A1,Temperature-scaled raw stage head,C6,33,0.06930693069306931,early,0,0.1671608934273151,0.3109871447086334,0.9529496431350708,0.030952977016568184,0.016097458079457283,early,0
A1,Temperature-scaled raw stage head,C6,34,0.07260726072607261,early,0,0.1703590312763698,0.3110054135322571,0.953183114528656,0.030821457505226135,0.0159954521805048,early,0
A1,Temperature-scaled raw stage head,C6,35,0.07590759075907591,early,0,0.1732106018478054,0.31121525168418884,0.9531115293502808,0.03074481151998043,0.0161436740309,early,0
A1,Temperature-scaled raw stage head,C6,36,0.07920792079207921,early,0,0.175715605133208,0.31113216280937195,0.9531773924827576,0.030696885660290718,0.016125746071338654,early,0
A1,Temperature-scaled raw stage head,C6,37,0.08250825082508251,early,0,0.1782206084186106,0.31100887060165405,0.953300952911377,0.030571380630135536,0.016127631068229675,early,0
A1,Temperature-scaled raw stage head,C6,38,0.0858085808580858,early,0,0.1807256117040133,0.3106935918331146,0.9534687995910645,0.03046334721148014,0.01606786623597145,early,0
A1,Temperature-scaled raw stage head,C6,39,0.0891089108910891,early,0,0.183230614989416,0.31049010157585144,0.9535147547721863,0.030455298721790314,0.016029993072152138,early,0
A1,Temperature-scaled raw stage head,C6,40,0.0924092409240924,early,0,0.1857356182748186,0.3105015158653259,0.9534692168235779,0.030520057305693626,0.016010697931051254,early,0
A1,Temperature-scaled raw stage head,C6,41,0.09570957095709572,early,0,0.1882406215602211,0.3105050325393677,0.9535230994224548,0.030516797676682472,0.015960123389959335,early,0
A1,Temperature-scaled raw stage head,C6,42,0.09900990099009901,early,0,0.1907456248456237,0.30999210476875305,0.9536473155021667,0.03045993484556675,0.015892749652266502,early,0
A1,Temperature-scaled raw stage head,C6,43,0.10231023102310231,early,0,0.1932506281226124,0.3100661039352417,0.9536505937576294,0.03039557859301567,0.015953894704580307,early,0
A1,Temperature-scaled raw stage head,C6,44,0.10561056105610561,early,0,0.195755631408015,0.3098283112049103,0.9537405967712402,0.030324339866638184,0.01593516767024994,early,0
A1,Temperature-scaled raw stage head,C6,45,0.10891089108910891,early,0,0.1982606346850036,0.3096039295196533,0.9539487957954407,0.030227985233068466,0.015823181718587875,early,0
A1,Temperature-scaled raw stage head,C6,46,0.11221122112211221,early,0,0.2007656379704062,0.3096730411052704,0.9538984894752502,0.030279362574219704,0.01582210697233677,early,0
A1,Temperature-scaled raw stage head,C6,47,0.11551155115511551,early,0,0.2032706412810509,0.30967026948928833,0.9538277387619019,0.030345091596245766,0.01582714356482029,early,0
A1,Temperature-scaled raw stage head,C6,48,0.1188118811881188,early,0,0.2057756445412115,0.3095974028110504,0.9538148641586304,0.030344944447278976,0.015840208157896996,early,0
A1,Temperature-scaled raw stage head,C6,49,0.12211221122112212,early,0,0.2082806478266142,0.30986014008522034,0.9537163972854614,0.030403465032577515,0.015880189836025238,early,0
A1,Temperature-scaled raw stage head,C6,50,0.1254125412541254,early,0,0.2107856511456729,0.30998045206069946,0.9536588191986084,0.030464906245470047,0.015876226127147675,early,0
A1,Temperature-scaled raw stage head,C6,51,0.12871287128712872,early,0,0.2132906544058334,0.31007686257362366,0.9534433484077454,0.030554015189409256,0.01600266620516777,early,0
A1,Temperature-scaled raw stage head,C6,52,0.132013201320132,early,0,0.21579565769965,0.31022506952285767,0.9533939361572266,0.030578378587961197,0.016027692705392838,early,0
A1,Temperature-scaled raw stage head,C6,53,0.1353135313531353,early,0,0.2183006610187089,0.3107087016105652,0.9530602097511292,0.030701015144586563,0.016238797456026077,early,0
A1,Temperature-scaled raw stage head,C6,54,0.13861386138613863,early,0,0.2208056642536273,0.31093835830688477,0.9529060125350952,0.030752189457416534,0.016341781243681908,early,0
A1,Temperature-scaled raw stage head,C6,55,0.1419141914191419,early,0,0.2233106675726861,0.3110228478908539,0.9526597261428833,0.030878575518727303,0.016461756080389023,early,0
A1,Temperature-scaled raw stage head,C6,56,0.14521452145214522,early,0,0.2258156708917448,0.3114282190799713,0.9525459408760071,0.030959341675043106,0.016494672745466232,early,0
A1,Temperature-scaled raw stage head,C6,57,0.1485148514851485,early,0,0.2283206741266631,0.3120516538619995,0.9521991610527039,0.031188856810331345,0.016611944884061813,early,0
A1,Temperature-scaled raw stage head,C6,58,0.15181518151815182,early,0,0.230825677445722,0.3124416470527649,0.9521390795707703,0.031188296154141426,0.016672706231474876,early,0
A1,Temperature-scaled raw stage head,C6,59,0.1551155115511551,early,0,0.2333306806806404,0.31282496452331543,0.9515952467918396,0.03149384260177612,0.016910916194319725,early,0
A1,Temperature-scaled raw stage head,C6,60,0.15841584158415842,early,0,0.2358356839155588,0.31308361887931824,0.9516506195068359,0.03167717158794403,0.016672229394316673,early,0
A1,Temperature-scaled raw stage head,C6,61,0.1617161716171617,early,0,0.2383406872346176,0.3133983016014099,0.951187252998352,0.03194108232855797,0.016871696338057518,early,0
A1,Temperature-scaled raw stage head,C6,62,0.16501650165016502,early,0,0.2405333421859526,0.31313028931617737,0.9513248801231384,0.03207451477646828,0.016600586473941803,early,0
A1,Temperature-scaled raw stage head,C6,63,0.16831683168316833,early,0,0.2424136488537044,0.31385356187820435,0.9505762457847595,0.0324738435447216,0.016949955374002457,early,0
A1,Temperature-scaled raw stage head,C6,64,0.1716171617161716,early,0,0.2439816073220131,0.31401264667510986,0.9504362940788269,0.032696790993213654,0.016866907477378845,early,0
A1,Temperature-scaled raw stage head,C6,65,0.17491749174917492,early,0,0.2452372175067385,0.315245121717453,0.9482681751251221,0.03367692977190018,0.01805489882826805,early,0
A1,Temperature-scaled raw stage head,C6,66,0.1782178217821782,early,0,0.2461804794078805,0.3159659802913666,0.9477221369743347,0.03419221565127373,0.01808559149503708,early,0
A1,Temperature-scaled raw stage head,C6,67,0.18151815181518152,early,0,0.2468113930254392,0.3172479569911957,0.9459684491157532,0.03548918664455414,0.018542326986789703,early,0
A1,Temperature-scaled raw stage head,C6,68,0.1848184818481848,early,0,0.2471427694933539,0.31758931279182434,0.9443592429161072,0.03690330311655998,0.018737439066171646,early,0
A1,Temperature-scaled raw stage head,C6,69,0.18811881188118812,early,0,0.2479090181565044,0.3202665448188782,0.9413667917251587,0.03919052332639694,0.019442742690443993,early,0
A1,Temperature-scaled raw stage head,C6,70,0.19141914191419143,early,0,0.2490971012066999,0.32274913787841797,0.9371427893638611,0.042766690254211426,0.020090512931346893,early,0
A1,Temperature-scaled raw stage head,C6,71,0.19471947194719472,early,0,0.2506934927372599,0.32510966062545776,0.9319100379943848,0.04734519124031067,0.020744750276207924,early,0
A1,Temperature-scaled raw stage head,C6,72,0.19801980198019803,early,0,0.252684213072299,0.3270651400089264,0.9274467825889587,0.05163772776722908,0.02091541886329651,early,0
A1,Temperature-scaled raw stage head,C6,73,0.20132013201320131,early,0,0.255054863769136,0.33261561393737793,0.9162877798080444,0.06131759285926819,0.0223946962505579,early,0
A1,Temperature-scaled raw stage head,C6,74,0.20462046204620463,early,0,0.2577906625365613,0.334667444229126,0.9081835150718689,0.06884802132844925,0.02296840399503708,early,0
A1,Temperature-scaled raw stage head,C6,75,0.2079207920792079,early,0,0.2608636681129916,0.3361213803291321,0.8950241804122925,0.08102581650018692,0.023950016126036644,early,0
A1,Temperature-scaled raw stage head,C6,76,0.21122112211221122,early,0,0.2638363774010046,0.33464404940605164,0.9027579426765442,0.07378630340099335,0.023455824702978134,early,0
A1,Temperature-scaled raw stage head,C6,77,0.2145214521452145,early,0,0.266706110107996,0.335044264793396,0.8905656933784485,0.08545758575201035,0.023976776748895645,early,0
A1,Temperature-scaled raw stage head,C6,78,0.21782178217821782,early,0,0.2694704346603989,0.33370253443717957,0.9048151969909668,0.07271558046340942,0.022469211369752884,early,0
A1,Temperature-scaled raw stage head,C6,79,0.22112211221122113,early,0,0.2721271695499306,0.33459335565567017,0.90184485912323,0.07572010159492493,0.02243504859507084,early,0
A1,Temperature-scaled raw stage head,C6,80,0.22442244224422442,early,0,0.2746743849322597,0.3317588269710541,0.9133342504501343,0.06564657390117645,0.021019253879785538,early,0
A1,Temperature-scaled raw stage head,C6,81,0.22772277227722773,early,0,0.2771104033001299,0.3314158022403717,0.9112527966499329,0.06745186448097229,0.021295322105288506,early,0
A1,Temperature-scaled raw stage head,C6,82,0.23102310231023102,early,0,0.2794337993150789,0.33018967509269714,0.9169702529907227,0.06248898059129715,0.02054080367088318,early,0
A1,Temperature-scaled raw stage head,C6,83,0.23432343234323433,early,0,0.2816433994708767,0.33043262362480164,0.9145652055740356,0.06477893143892288,0.02065582200884819,early,0
A1,Temperature-scaled raw stage head,C6,84,0.2376237623762376,early,0,0.2837382809997008,0.33064618706703186,0.9165960550308228,0.06313355267047882,0.020270410925149918,early,0
A1,Temperature-scaled raw stage head,C6,85,0.24092409240924093,early,0,0.2857177701051873,0.3312995433807373,0.9135992527008057,0.06594046950340271,0.02046024799346924,early,0
A1,Temperature-scaled raw stage head,C6,86,0.24422442244224424,early,0,0.2875814402796224,0.33101293444633484,0.9089104533195496,0.07048389315605164,0.02060566656291485,early,0
A1,Temperature-scaled raw stage head,C6,87,0.24752475247524752,early,0,0.2893291093590293,0.32748177647590637,0.9222020506858826,0.058065809309482574,0.019732125103473663,early,0
A1,Temperature-scaled raw stage head,C6,88,0.2508250825082508,early,0,0.2909608366623936,0.3314131796360016,0.902335524559021,0.0761542022228241,0.021510321646928787,early,0
A1,Temperature-scaled raw stage head,C6,89,0.25412541254125415,early,0,0.292476919541907,0.3302106261253357,0.9112846255302429,0.06830281764268875,0.02041260525584221,early,0
A1,Temperature-scaled raw stage head,C6,90,0.25742574257425743,early,0,0.2938778895966487,0.3326147794723511,0.883976936340332,0.09311401098966599,0.02290898934006691,early,0
A1,Temperature-scaled raw stage head,C6,91,0.2607260726072607,early,0,0.2951645082131444,0.33392423391342163,0.9039337038993835,0.07465581595897675,0.02141055092215538,early,0
A1,Temperature-scaled raw stage head,C6,92,0.264026402640264,early,0,0.2963377620217843,0.33415162563323975,0.8746984004974365,0.10137543082237244,0.023926235735416412,early,0
A1,Temperature-scaled raw stage head,C6,93,0.26732673267326734,early,0,0.2973988580166796,0.33380651473999023,0.8906856179237366,0.08689887821674347,0.02241560071706772,early,0
A1,Temperature-scaled raw stage head,C6,94,0.2706270627062706,early,0,0.2983492180865358,0.333255797624588,0.84426349401474,0.12993045151233673,0.025806037709116936,early,0
A1,Temperature-scaled raw stage head,C6,95,0.2739273927392739,early,0,0.2991904732089655,0.33521968126296997,0.8553918600082397,0.11943110078573227,0.02517707645893097,early,0
A1,Temperature-scaled raw stage head,C6,96,0.27722772277227725,middle,1,0.2999244579813612,0.3373226821422577,0.7834638953208923,0.18651796877384186,0.030018175020813942,early,0
A1,Temperature-scaled raw stage head,C6,97,0.28052805280528054,middle,1,0.3005532038896633,0.34093204140663147,0.6984309554100037,0.2670489251613617,0.03452014550566673,early,0
A1,Temperature-scaled raw stage head,C6,98,0.2838283828382838,middle,1,0.3010789330819709,0.3407261371612549,0.6346250176429749,0.3288787603378296,0.03649624437093735,early,0
A1,Temperature-scaled raw stage head,C6,99,0.2871287128712871,middle,1,0.3015040515531672,0.3496839702129364,0.36248934268951416,0.5978859663009644,0.03962472453713417,middle,1
A1,Temperature-scaled raw stage head,C6,100,0.29042904290429045,middle,1,0.3018311420771272,0.3530406057834625,0.30065760016441345,0.6600238084793091,0.03931856527924538,middle,1
A1,Temperature-scaled raw stage head,C6,101,0.29372937293729373,middle,1,0.3020690494932344,0.3592841625213623,0.23077362775802612,0.7301220893859863,0.03910425305366516,middle,1
A1,Temperature-scaled raw stage head,C6,102,0.297029702970297,middle,1,0.3022325432192163,0.36500686407089233,0.18706242740154266,0.774116039276123,0.03882152959704399,middle,1
A1,Temperature-scaled raw stage head,C6,103,0.30033003300330036,middle,1,0.302336046771595,0.3781692385673523,0.13393636047840118,0.8271718621253967,0.03889172896742821,middle,1
A1,Temperature-scaled raw stage head,C6,104,0.30363036303630364,middle,1,0.3023936126918466,0.38504308462142944,0.11732424050569534,0.8425677418708801,0.040108051151037216,middle,1
A1,Temperature-scaled raw stage head,C6,105,0.3069306930693069,middle,1,0.302418898229824,0.3891671299934387,0.11373157799243927,0.8424013257026672,0.043867077678442,middle,1
A1,Temperature-scaled raw stage head,C6,106,0.3102310231023102,middle,1,0.3024251420368648,0.39413201808929443,0.11647175997495651,0.8357145190238953,0.04781379550695419,middle,1
A1,Temperature-scaled raw stage head,C6,107,0.31353135313531355,middle,1,0.3024251420368648,0.3975559175014496,0.11424628645181656,0.835455060005188,0.05029864236712456,middle,1
A1,Temperature-scaled raw stage head,C6,108,0.31683168316831684,middle,1,0.3024251420368648,0.38123711943626404,0.20326673984527588,0.736822247505188,0.059910960495471954,middle,1
A1,Temperature-scaled raw stage head,C6,109,0.3201320132013201,middle,1,0.3024251420368648,0.3917933404445648,0.1475425809621811,0.7984219789505005,0.05403542518615723,middle,1
A1,Temperature-scaled raw stage head,C6,110,0.3234323432343234,middle,1,0.3024251420368648,0.3877370059490204,0.18160086870193481,0.7620987296104431,0.05630040913820267,middle,1
A1,Temperature-scaled raw stage head,C6,111,0.32673267326732675,middle,1,0.3024251420368648,0.3961142301559448,0.13886472582817078,0.808013916015625,0.05312132462859154,middle,1
A1,Temperature-scaled raw stage head,C6,112,0.33003300330033003,middle,1,0.3024251420368648,0.39156052470207214,0.18921039998531342,0.7537918090820312,0.05699780955910683,middle,1
A1,Temperature-scaled raw stage head,C6,113,0.3333333333333333,middle,1,0.3024251420368648,0.3999877870082855,0.12371525913476944,0.8241108059883118,0.052173953503370285,middle,1
A1,Temperature-scaled raw stage head,C6,114,0.33663366336633666,middle,1,0.3024251420368648,0.39979586005210876,0.13965196907520294,0.8065503239631653,0.053797703236341476,middle,1
A1,Temperature-scaled raw stage head,C6,115,0.33993399339933994,middle,1,0.3024251420368648,0.40596628189086914,0.09986953437328339,0.8491182923316956,0.05101212486624718,middle,1
A1,Temperature-scaled raw stage head,C6,116,0.3432343234323432,middle,1,0.3024251420368648,0.4059394896030426,0.11376409232616425,0.8347123861312866,0.05152353644371033,middle,1
A1,Temperature-scaled raw stage head,C6,117,0.3465346534653465,middle,1,0.3024251420368648,0.4113992154598236,0.0887920930981636,0.8607588410377502,0.05044908821582794,middle,1
A1,Temperature-scaled raw stage head,C6,118,0.34983498349834985,middle,1,0.3024251420368648,0.4197269082069397,0.07618100196123123,0.8724938035011292,0.05132519453763962,middle,1
A1,Temperature-scaled raw stage head,C6,119,0.35313531353135313,middle,1,0.3024251420368648,0.3979281783103943,0.13918501138687134,0.798744261264801,0.062070734798908234,middle,1
A1,Temperature-scaled raw stage head,C6,120,0.3564356435643564,middle,1,0.3024251420368648,0.4191836714744568,0.09521006792783737,0.8405860066413879,0.0642039030790329,middle,1
A1,Temperature-scaled raw stage head,C6,121,0.35973597359735976,middle,1,0.3024251420368648,0.42013537883758545,0.09843945503234863,0.8392990231513977,0.06226157397031784,middle,1
A1,Temperature-scaled raw stage head,C6,122,0.36303630363036304,middle,1,0.3024251420368648,0.42659351229667664,0.08811171352863312,0.8473545908927917,0.06453365087509155,middle,1
A1,Temperature-scaled raw stage head,C6,123,0.36633663366336633,middle,1,0.3024251420368648,0.4262668788433075,0.12384548783302307,0.8017935156822205,0.07436104863882065,middle,1
A1,Temperature-scaled raw stage head,C6,124,0.3696369636963696,middle,1,0.3024251420368648,0.43316465616226196,0.09221652895212173,0.8363949656486511,0.07138853520154953,middle,1
A1,Temperature-scaled raw stage head,C6,125,0.37293729372937295,middle,1,0.3024251420368648,0.4333382546901703,0.08734174072742462,0.8455895185470581,0.06706879287958145,middle,1
A1,Temperature-scaled raw stage head,C6,126,0.37623762376237624,middle,1,0.3024412137797824,0.4377652406692505,0.07600247114896774,0.8590559959411621,0.06494148820638657,middle,1
A1,Temperature-scaled raw stage head,C6,127,0.3795379537953795,middle,1,0.3026364281860637,0.4334155023097992,0.09060748666524887,0.8412401676177979,0.06815234571695328,middle,1
A1,Temperature-scaled raw stage head,C6,128,0.38283828382838286,middle,1,0.3030107851715685,0.4364373981952667,0.07881633192300797,0.8547945022583008,0.06638913601636887,middle,1
A1,Temperature-scaled raw stage head,C6,129,0.38613861386138615,middle,1,0.3035642847362966,0.4446551501750946,0.06478222459554672,0.8718650937080383,0.06335272639989853,middle,1
A1,Temperature-scaled raw stage head,C6,130,0.38943894389438943,middle,1,0.3042969268802481,0.44123417139053345,0.05956566706299782,0.8826507925987244,0.0577835850417614,middle,1
A1,Temperature-scaled raw stage head,C6,131,0.3927392739273927,middle,1,0.3052087116875634,0.442484050989151,0.05059950426220894,0.8974893093109131,0.051911212503910065,middle,1
A1,Temperature-scaled raw stage head,C6,132,0.39603960396039606,middle,1,0.3062996390741022,0.4391639828681946,0.046936605125665665,0.9067181348800659,0.046345245093107224,middle,1
A1,Temperature-scaled raw stage head,C6,133,0.39933993399339934,middle,1,0.3075536372969468,0.4388996362686157,0.0393533818423748,0.9216490387916565,0.038997583091259,middle,1
A1,Temperature-scaled raw stage head,C6,134,0.40264026402640263,middle,1,0.3088076355197915,0.43563637137413025,0.03770851343870163,0.9262296557426453,0.036061860620975494,middle,1
A1,Temperature-scaled raw stage head,C6,135,0.40594059405940597,middle,1,0.310061633742636,0.43309086561203003,0.033940110355615616,0.9339566230773926,0.03210322931408882,middle,1
A1,Temperature-scaled raw stage head,C6,136,0.40924092409240925,middle,1,0.3113156319654807,0.4312250018119812,0.03307541459798813,0.9362135529518127,0.030711106956005096,middle,1
A1,Temperature-scaled raw stage head,C6,137,0.41254125412541254,middle,1,0.3125696301883253,0.42990371584892273,0.030148331075906754,0.9420765042304993,0.02777521312236786,middle,1
A1,Temperature-scaled raw stage head,C6,138,0.4158415841584158,middle,1,0.3138236284111699,0.43029606342315674,0.02980184555053711,0.9425428509712219,0.027655240148305893,middle,1
A1,Temperature-scaled raw stage head,C6,139,0.41914191419141916,middle,1,0.3150776266340144,0.42874759435653687,0.02829189971089363,0.9457879066467285,0.025920173153281212,middle,1
A1,Temperature-scaled raw stage head,C6,140,0.42244224422442245,middle,1,0.3163316248568591,0.4263884127140045,0.028838111087679863,0.9456631541252136,0.02549872174859047,middle,1
A1,Temperature-scaled raw stage head,C6,141,0.42574257425742573,middle,1,0.3175856230797036,0.42744770646095276,0.02773148939013481,0.9473757743835449,0.02489272877573967,middle,1
A1,Temperature-scaled raw stage head,C6,142,0.429042904290429,middle,1,0.3188396213025483,0.42739763855934143,0.027709631249308586,0.9474508762359619,0.02483949437737465,middle,1
A1,Temperature-scaled raw stage head,C6,143,0.43234323432343236,middle,1,0.3200936195253929,0.42825859785079956,0.02734353393316269,0.9478708505630493,0.02478559873998165,middle,1
A1,Temperature-scaled raw stage head,C6,144,0.43564356435643564,middle,1,0.3213476177482375,0.4287724494934082,0.02783031202852726,0.9469448924064636,0.025224843993782997,middle,1
A1,Temperature-scaled raw stage head,C6,145,0.4389438943894389,middle,1,0.3226016159710823,0.4291303753852844,0.027255836874246597,0.9477728605270386,0.02497129887342453,middle,1
A1,Temperature-scaled raw stage head,C6,146,0.44224422442244227,middle,1,0.3238556141939268,0.42859500646591187,0.02716401405632496,0.9481091499328613,0.024726830422878265,middle,1
A1,Temperature-scaled raw stage head,C6,147,0.44554455445544555,middle,1,0.3251096124167714,0.42979878187179565,0.02698812261223793,0.9479807615280151,0.02503107115626335,middle,1
A1,Temperature-scaled raw stage head,C6,148,0.44884488448844884,middle,1,0.326363610639616,0.43002158403396606,0.026969384402036667,0.9479784369468689,0.025052204728126526,middle,1
A1,Temperature-scaled raw stage head,C6,149,0.4521452145214521,middle,1,0.3276176088624607,0.4305769205093384,0.026862673461437225,0.9481079578399658,0.02502935566008091,middle,1
A1,Temperature-scaled raw stage head,C6,150,0.45544554455445546,middle,1,0.3288716070853052,0.4278234839439392,0.028159568086266518,0.9463492035865784,0.02549121342599392,middle,1
A1,Temperature-scaled raw stage head,C6,151,0.45874587458745875,middle,1,0.3301256053081499,0.43024733662605286,0.027398640289902687,0.94725102186203,0.02535036765038967,middle,1
A1,Temperature-scaled raw stage head,C6,152,0.46204620462046203,middle,1,0.3313796035309944,0.4287784695625305,0.02739543840289116,0.9476304650306702,0.02497410587966442,middle,1
A1,Temperature-scaled raw stage head,C6,153,0.46534653465346537,middle,1,0.3326336017538391,0.4315391182899475,0.027637537568807602,0.9465075731277466,0.02585483342409134,middle,1
A1,Temperature-scaled raw stage head,C6,154,0.46864686468646866,middle,1,0.3338875999766836,0.4321834444999695,0.028274981305003166,0.9452955722808838,0.026429414749145508,middle,1
A1,Temperature-scaled raw stage head,C6,155,0.47194719471947194,middle,1,0.3351415981995282,0.4340552091598511,0.028299817815423012,0.9444723725318909,0.027227818965911865,middle,1
A1,Temperature-scaled raw stage head,C6,156,0.4752475247524752,middle,1,0.3363955964223728,0.43387433886528015,0.028282780200242996,0.9447457194328308,0.02697150968015194,middle,1
A1,Temperature-scaled raw stage head,C6,157,0.47854785478547857,middle,1,0.3376495946452175,0.4355609714984894,0.028950160369277,0.9428317546844482,0.028218107298016548,middle,1
A1,Temperature-scaled raw stage head,C6,158,0.48184818481848185,middle,1,0.3389266209189708,0.43666067719459534,0.028918476775288582,0.9427236914634705,0.028357870876789093,middle,1
A1,Temperature-scaled raw stage head,C6,159,0.48514851485148514,middle,1,0.3402266750753522,0.43485450744628906,0.02914014272391796,0.9427087306976318,0.028151143342256546,middle,1
A1,Temperature-scaled raw stage head,C6,160,0.4884488448844885,middle,1,0.3415497572826421,0.43394482135772705,0.028523117303848267,0.9442461133003235,0.027230801060795784,middle,1
A1,Temperature-scaled raw stage head,C6,161,0.49174917491749176,middle,1,0.3428958675408408,0.4502932131290436,0.028741640970110893,0.937895655632019,0.033362746238708496,middle,1
A1,Temperature-scaled raw stage head,C6,162,0.49504950495049505,middle,1,0.3442650056816676,0.44622305035591125,0.02851625718176365,0.9394864439964294,0.03199724853038788,middle,1
A1,Temperature-scaled raw stage head,C6,163,0.49834983498349833,middle,1,0.3456571718734029,0.4466346502304077,0.028466055169701576,0.9394838213920593,0.032050132751464844,middle,1
A1,Temperature-scaled raw stage head,C6,164,0.5016501650165016,middle,1,0.3470723660319067,0.44980674982070923,0.029265400022268295,0.9360584020614624,0.03467618674039841,middle,1
A1,Temperature-scaled raw stage head,C6,165,0.504950495049505,middle,1,0.3484875601904105,0.4536552429199219,0.02917897328734398,0.9344063997268677,0.03641468286514282,middle,1
A1,Temperature-scaled raw stage head,C6,166,0.5082508250825083,middle,1,0.3499027544330546,0.456484317779541,0.0303348358720541,0.9300392270088196,0.03962591663002968,middle,1
A1,Temperature-scaled raw stage head,C6,167,0.5115511551155115,middle,1,0.3513179485915584,0.46158847212791443,0.030031472444534302,0.9277981519699097,0.04217034578323364,middle,1
A1,Temperature-scaled raw stage head,C6,168,0.5148514851485149,middle,1,0.3527331427500622,0.4708063006401062,0.03231735900044441,0.9168726205825806,0.050809964537620544,middle,1
A1,Temperature-scaled raw stage head,C6,169,0.5181518151815182,middle,1,0.3541483369085658,0.483792245388031,0.03493621200323105,0.8996706008911133,0.06539318710565567,middle,1
A1,Temperature-scaled raw stage head,C6,170,0.5214521452145214,middle,1,0.3555635310670696,0.49402931332588196,0.03919839859008789,0.8701746463775635,0.09062691777944565,middle,1
A1,Temperature-scaled raw stage head,C6,171,0.5247524752475248,middle,1,0.3569787253097137,0.5034048557281494,0.04263921454548836,0.8379225730895996,0.11943820118904114,middle,1
A1,Temperature-scaled raw stage head,C6,172,0.528052805280528,middle,1,0.3583939194682176,0.5054937601089478,0.04680879786610603,0.8152022957801819,0.1379888653755188,middle,1
A1,Temperature-scaled raw stage head,C6,173,0.5313531353135313,middle,1,0.3598091136267213,0.5135019421577454,0.047405943274497986,0.7958627939224243,0.1567312777042389,middle,1
A1,Temperature-scaled raw stage head,C6,174,0.5346534653465347,middle,1,0.3612243078693654,0.5183797478675842,0.050521332770586014,0.7625957131385803,0.186882883310318,middle,1
A1,Temperature-scaled raw stage head,C6,175,0.5379537953795379,middle,1,0.3626395020278692,0.5287415385246277,0.052094779908657074,0.7125036716461182,0.23540151119232178,middle,1
A1,Temperature-scaled raw stage head,C6,176,0.5412541254125413,middle,1,0.3640546962705133,0.5208195447921753,0.05257311835885048,0.7476142048835754,0.19981268048286438,middle,1
A1,Temperature-scaled raw stage head,C6,177,0.5445544554455446,middle,1,0.365469890429017,0.5270336866378784,0.05222286283969879,0.7216073870658875,0.22616973519325256,middle,1
A1,Temperature-scaled raw stage head,C6,178,0.5478547854785478,middle,1,0.3668850845875208,0.522067666053772,0.0517377145588398,0.7436690926551819,0.20459318161010742,middle,1
A1,Temperature-scaled raw stage head,C6,179,0.5511551155115512,middle,1,0.368300278830165,0.5193758010864258,0.04931846633553505,0.7661425471305847,0.1845390349626541,middle,1
A1,Temperature-scaled raw stage head,C6,180,0.5544554455445545,middle,1,0.3697154729886687,0.5074442625045776,0.04626166820526123,0.816247820854187,0.13749058544635773,middle,1
A1,Temperature-scaled raw stage head,C6,181,0.5577557755775577,middle,1,0.3711306671471724,0.5026271939277649,0.043147552758455276,0.8377500176429749,0.11910241842269897,middle,1
A1,Temperature-scaled raw stage head,C6,182,0.5610561056105611,middle,1,0.3725458613056763,0.4975444972515106,0.041720494627952576,0.8531668782234192,0.10511261969804764,middle,1
A1,Temperature-scaled raw stage head,C6,183,0.5643564356435643,middle,1,0.3739610554641798,0.4935872554779053,0.042009416967630386,0.8618742823600769,0.09611629694700241,middle,1
A1,Temperature-scaled raw stage head,C6,184,0.5676567656765676,middle,1,0.3753762497068241,0.4972103536128998,0.04144720733165741,0.8575405478477478,0.1010122299194336,middle,1
A1,Temperature-scaled raw stage head,C6,185,0.570957095709571,middle,1,0.3767914438653277,0.4852977395057678,0.03830773010849953,0.8857163190841675,0.0759759396314621,middle,1
A1,Temperature-scaled raw stage head,C6,186,0.5742574257425742,middle,1,0.3782066380238316,0.4747133255004883,0.034733399748802185,0.9066436290740967,0.05862296745181084,middle,1
A1,Temperature-scaled raw stage head,C6,187,0.5775577557755776,middle,1,0.3796218321823353,0.4707041084766388,0.034917160868644714,0.9094333648681641,0.05564950034022331,middle,1
A1,Temperature-scaled raw stage head,C6,188,0.5808580858085809,middle,1,0.3810370263408391,0.464846670627594,0.03202919289469719,0.9203951954841614,0.047575607895851135,middle,1
A1,Temperature-scaled raw stage head,C6,189,0.5841584158415841,middle,1,0.3824522205834832,0.4610072672367096,0.03155624493956566,0.9243881702423096,0.04405563697218895,middle,1
A1,Temperature-scaled raw stage head,C6,190,0.5874587458745875,middle,1,0.3842404922043516,0.45684540271759033,0.029717285186052322,0.9309027791023254,0.03937987610697746,middle,1
A1,Temperature-scaled raw stage head,C6,191,0.5907590759075908,middle,1,0.3864018412875842,0.45218369364738464,0.029718609526753426,0.9338901042938232,0.0363912470638752,middle,1
A1,Temperature-scaled raw stage head,C6,192,0.594059405940594,middle,1,0.3889362679173217,0.4492962956428528,0.028087260201573372,0.9389766454696655,0.03293608874082565,middle,1
A1,Temperature-scaled raw stage head,C6,193,0.5973597359735974,middle,1,0.3918437719252833,0.45529457926750183,0.027070259675383568,0.9384621381759644,0.034467604011297226,middle,1
A1,Temperature-scaled raw stage head,C6,194,0.6006600660066007,middle,1,0.3951243534797499,0.4503404498100281,0.026150789111852646,0.9428611397743225,0.030988071113824844,middle,1
A1,Temperature-scaled raw stage head,C6,195,0.6039603960396039,middle,1,0.3987780124965807,0.4486912488937378,0.025336777791380882,0.9454876780509949,0.029175525531172752,middle,1
A1,Temperature-scaled raw stage head,C6,196,0.6072607260726073,middle,1,0.4028047489757763,0.44505786895751953,0.024628134444355965,0.9483476281166077,0.02702423371374607,middle,1
A1,Temperature-scaled raw stage head,C6,197,0.6105610561056105,middle,1,0.4068314854549716,0.44626227021217346,0.02384389191865921,0.9495939016342163,0.026562176644802094,middle,1
A1,Temperature-scaled raw stage head,C6,198,0.6138613861386139,middle,1,0.4108582219341671,0.4423477351665497,0.023572323843836784,0.9513293504714966,0.025098368525505066,middle,1
A1,Temperature-scaled raw stage head,C6,199,0.6171617161716172,middle,1,0.4148849584133625,0.4412427842617035,0.022978590801358223,0.9527379274368286,0.02428346499800682,middle,1
A1,Temperature-scaled raw stage head,C6,200,0.6204620462046204,middle,1,0.4189116948925581,0.4398568570613861,0.0228029303252697,0.9535530209541321,0.02364402823150158,middle,1
A1,Temperature-scaled raw stage head,C6,201,0.6237623762376238,middle,1,0.4229384313717534,0.4411245584487915,0.02243468537926674,0.9538310170173645,0.023734308779239655,middle,1
A1,Temperature-scaled raw stage head,C6,202,0.6270627062706271,middle,1,0.4269651678509489,0.43984389305114746,0.022352280095219612,0.9543519020080566,0.023295842111110687,middle,1
A1,Temperature-scaled raw stage head,C6,203,0.6303630363036303,middle,1,0.4309919042460039,0.4425044357776642,0.02239694632589817,0.9534170031547546,0.024186016991734505,middle,1
A1,Temperature-scaled raw stage head,C6,204,0.6336633663366337,middle,1,0.4350186407251992,0.43976467847824097,0.0228741317987442,0.9531120657920837,0.02401384897530079,middle,1
A1,Temperature-scaled raw stage head,C6,205,0.636963696369637,middle,1,0.4390453772043946,0.4453408122062683,0.022856438532471657,0.9515073895454407,0.02563621662557125,middle,1
A1,Temperature-scaled raw stage head,C6,206,0.6402640264026402,middle,1,0.4430721135994497,0.44291701912879944,0.023373713716864586,0.9510719776153564,0.025554295629262924,middle,1
A1,Temperature-scaled raw stage head,C6,207,0.6435643564356436,middle,1,0.4470988500786451,0.44705930352211,0.023657608777284622,0.9487993121147156,0.027543121948838234,middle,1
A1,Temperature-scaled raw stage head,C6,208,0.6468646864686468,middle,1,0.4511255865578406,0.44638481736183167,0.024190979078412056,0.9482932686805725,0.027515782043337822,middle,1
A1,Temperature-scaled raw stage head,C6,209,0.6501650165016502,middle,1,0.455152323037036,0.4520557224750519,0.024336867034435272,0.9449495077133179,0.030713653191924095,middle,1
A1,Temperature-scaled raw stage head,C6,210,0.6534653465346535,middle,1,0.4591790595162315,0.4517180323600769,0.02471279539167881,0.9444665312767029,0.030820665881037712,middle,1
A1,Temperature-scaled raw stage head,C6,211,0.6567656765676567,middle,1,0.4632057959954269,0.4572190046310425,0.02501017414033413,0.9410187602043152,0.0339711457490921,middle,1
A1,Temperature-scaled raw stage head,C6,212,0.6600660066006601,middle,1,0.4672325324746222,0.46025845408439636,0.025692027062177658,0.9374288320541382,0.036879170686006546,middle,1
A1,Temperature-scaled raw stage head,C6,213,0.6633663366336634,middle,1,0.4712592689538178,0.46684691309928894,0.02650422416627407,0.9314369559288025,0.042058780789375305,middle,1
A1,Temperature-scaled raw stage head,C6,214,0.6666666666666666,middle,1,0.4752860054330132,0.4762156903743744,0.02812344580888748,0.9215709567070007,0.0503055602312088,middle,1
A1,Temperature-scaled raw stage head,C6,215,0.66996699669967,middle,1,0.4793127419122085,0.46967369318008423,0.02745022065937519,0.9291589856147766,0.04339083656668663,middle,1
A1,Temperature-scaled raw stage head,C6,216,0.6732673267326733,middle,1,0.4833394783072636,0.4927422106266022,0.03153331205248833,0.8959155678749084,0.07255115360021591,middle,1
A1,Temperature-scaled raw stage head,C6,217,0.6765676567656765,middle,1,0.4873662147864592,0.4811960458755493,0.03026973456144333,0.9106441736221313,0.05908609926700592,middle,1
A1,Temperature-scaled raw stage head,C6,218,0.6798679867986799,middle,1,0.4913929512656543,0.4955751299858093,0.032764069736003876,0.8857430219650269,0.08149295300245285,middle,1
A1,Temperature-scaled raw stage head,C6,219,0.6831683168316832,middle,1,0.4954196876607095,0.486940860748291,0.03243878856301308,0.8955783247947693,0.07198287546634674,middle,1
A1,Temperature-scaled raw stage head,C6,220,0.6864686468646864,middle,1,0.4994464241399048,0.5170926451683044,0.039988622069358826,0.7981289029121399,0.16188250482082367,middle,1
A1,Temperature-scaled raw stage head,C6,221,0.6897689768976898,middle,1,0.5034731606191004,0.5217438340187073,0.041201282292604446,0.7825399041175842,0.17625881731510162,middle,1
A1,Temperature-scaled raw stage head,C6,222,0.693069306930693,middle,1,0.5080172527216286,0.5436135530471802,0.04384231939911842,0.657207190990448,0.2989504635334015,middle,1
A1,Temperature-scaled raw stage head,C6,223,0.6963696369636964,middle,1,0.5130787005316301,0.5437044501304626,0.04388203099370003,0.6604233384132385,0.29569464921951294,middle,1
A1,Temperature-scaled raw stage head,C6,224,0.6996699669966997,middle,1,0.5186575039649646,0.5656942129135132,0.04347175732254982,0.48093181848526,0.4755963981151581,middle,1
A1,Temperature-scaled raw stage head,C6,225,0.7029702970297029,late,2,0.5247536630216317,0.5991626381874084,0.03393152356147766,0.21397189795970917,0.7520965337753296,late,2
A1,Temperature-scaled raw stage head,C6,226,0.7062706270627063,late,2,0.5313671777016317,0.6180862784385681,0.027288297191262245,0.12598037719726562,0.8467313647270203,late,2
A1,Temperature-scaled raw stage head,C6,227,0.7095709570957096,late,2,0.5384980480049646,0.6518903970718384,0.01763990707695484,0.04300549253821373,0.9393545389175415,late,2
A1,Temperature-scaled raw stage head,C6,228,0.7128712871287128,late,2,0.5461462739316305,0.6584046483039856,0.016305549070239067,0.03544755280017853,0.9482468366622925,late,2
A1,Temperature-scaled raw stage head,C6,229,0.7161716171617162,late,2,0.5537944998582961,0.6787477135658264,0.012964785099029541,0.020335860550403595,0.9666993618011475,late,2
A1,Temperature-scaled raw stage head,C6,230,0.7194719471947195,late,2,0.5614427257849618,0.6884734034538269,0.01170423161238432,0.015373306348919868,0.9729223847389221,late,2
A1,Temperature-scaled raw stage head,C6,231,0.7227722772277227,late,2,0.5690909517116278,0.6971931457519531,0.01034944225102663,0.011653966270387173,0.9779965281486511,late,2
A1,Temperature-scaled raw stage head,C6,232,0.7260726072607261,late,2,0.5767391776382933,0.7030099630355835,0.009657984599471092,0.009776747785508633,0.9805652499198914,late,2
A1,Temperature-scaled raw stage head,C6,233,0.7293729372937293,late,2,0.5843874036490995,0.7090097069740295,0.008955542929470539,0.00825241208076477,0.9827920794487,late,2
A1,Temperature-scaled raw stage head,C6,234,0.7326732673267327,late,2,0.5920356296599056,0.7121283411979675,0.008674840442836285,0.007549128495156765,0.9837760329246521,late,2
A1,Temperature-scaled raw stage head,C6,235,0.735973597359736,late,2,0.5996838556707117,0.7162657976150513,0.008304928429424763,0.00685321306809783,0.9848418235778809,late,2
A1,Temperature-scaled raw stage head,C6,236,0.7392739273927392,late,2,0.6073320816815179,0.7144902944564819,0.00863234605640173,0.006954549346119165,0.9844130873680115,late,2
A1,Temperature-scaled raw stage head,C6,237,0.7425742574257426,late,2,0.6149803076923238,0.7188800573348999,0.00815084483474493,0.006483402568846941,0.9853657484054565,late,2
A1,Temperature-scaled raw stage head,C6,238,0.7458745874587459,late,2,0.6226285336189898,0.7184065580368042,0.008292078971862793,0.006453401409089565,0.9852545261383057,late,2
A1,Temperature-scaled raw stage head,C6,239,0.7491749174917491,late,2,0.6302767595456554,0.7208566665649414,0.008054714649915695,0.006173612084239721,0.985771656036377,late,2
A1,Temperature-scaled raw stage head,C6,240,0.7524752475247525,late,2,0.6379249854723213,0.7173290252685547,0.008431259542703629,0.006612781900912523,0.9849559664726257,late,2
A1,Temperature-scaled raw stage head,C6,241,0.7557755775577558,late,2,0.645573211398987,0.7211048007011414,0.008071127347648144,0.0061151087284088135,0.9858137965202332,late,2
A1,Temperature-scaled raw stage head,C6,242,0.759075907590759,late,2,0.6532214373256527,0.7199857234954834,0.008180600591003895,0.006209677085280418,0.9856097102165222,late,2
A1,Temperature-scaled raw stage head,C6,243,0.7623762376237624,late,2,0.6608696632523182,0.7212919592857361,0.008058974519371986,0.006034701596945524,0.9859063625335693,late,2
A1,Temperature-scaled raw stage head,C6,244,0.7656765676567657,late,2,0.6685178891789844,0.7188504338264465,0.0082112280651927,0.0063163829036056995,0.9854723811149597,late,2
A1,Temperature-scaled raw stage head,C6,245,0.768976897689769,late,2,0.6761661151897903,0.7218670845031738,0.008011062629520893,0.005964670330286026,0.9860243201255798,late,2
A1,Temperature-scaled raw stage head,C6,246,0.7722772277227723,late,2,0.6838143412005964,0.7163330316543579,0.008642463944852352,0.006420665420591831,0.9849368929862976,late,2
A1,Temperature-scaled raw stage head,C6,247,0.7755775577557755,late,2,0.6914625672114025,0.7223656177520752,0.008007724769413471,0.005921388976275921,0.9860708117485046,late,2
A1,Temperature-scaled raw stage head,C6,248,0.7788778877887789,late,2,0.6991107932222087,0.7219022512435913,0.008127518929541111,0.005900821182876825,0.9859716296195984,late,2
A1,Temperature-scaled raw stage head,C6,249,0.7821782178217822,late,2,0.7067590192330147,0.7233020663261414,0.007956179790198803,0.0057860915549099445,0.9862577319145203,late,2
A1,Temperature-scaled raw stage head,C6,250,0.7854785478547854,late,2,0.7144072451596807,0.7189350724220276,0.008338779211044312,0.006254131440073252,0.9854071140289307,late,2
A1,Temperature-scaled raw stage head,C6,251,0.7887788778877888,late,2,0.7220554710863463,0.7231736779212952,0.007970104925334454,0.005755196791142225,0.986274778842926,late,2
A1,Temperature-scaled raw stage head,C6,252,0.7920792079207921,late,2,0.729703697013012,0.7221792936325073,0.008089330047369003,0.005846650805324316,0.986064076423645,late,2
A1,Temperature-scaled raw stage head,C6,253,0.7953795379537953,late,2,0.7373519229396778,0.7234305739402771,0.00795059371739626,0.005705136340111494,0.9863442182540894,late,2
A1,Temperature-scaled raw stage head,C6,254,0.7986798679867987,late,2,0.7448714868279991,0.7206906080245972,0.008121609687805176,0.005995876621454954,0.9858825206756592,late,2
A1,Temperature-scaled raw stage head,C6,255,0.801980198019802,late,2,0.752262388677976,0.7239552140235901,0.007933560758829117,0.005665595643222332,0.986400842666626,late,2
A1,Temperature-scaled raw stage head,C6,256,0.8052805280528053,late,2,0.7595246284896082,0.7233153581619263,0.007956868037581444,0.005734331905841827,0.986308753490448,late,2
A1,Temperature-scaled raw stage head,C6,257,0.8085808580858086,late,2,0.7666582063470367,0.7242591381072998,0.007859667763113976,0.005620976909995079,0.9865192770957947,late,2
A1,Temperature-scaled raw stage head,C6,258,0.8118811881188119,late,2,0.7736631222502615,0.7257577180862427,0.007806478999555111,0.005440118256956339,0.9867532849311829,late,2
A1,Temperature-scaled raw stage head,C6,259,0.8151815181518152,late,2,0.7805393761151413,0.7258719801902771,0.007776264101266861,0.005437780171632767,0.9867859482765198,late,2
A1,Temperature-scaled raw stage head,C6,260,0.8184818481848185,late,2,0.7872869679416767,0.726431667804718,0.007771227974444628,0.005396140273660421,0.9868326187133789,late,2
A1,Temperature-scaled raw stage head,C6,261,0.8217821782178217,late,2,0.7940345597682124,0.7270734906196594,0.007714799139648676,0.005347757134586573,0.9869374632835388,late,2
A1,Temperature-scaled raw stage head,C6,262,0.8250825082508251,late,2,0.8007821515947479,0.7269973158836365,0.007725988514721394,0.005344296805560589,0.9869296550750732,late,2
A1,Temperature-scaled raw stage head,C6,263,0.8283828382838284,late,2,0.8075297434212836,0.7275460958480835,0.007681684102863073,0.0053211599588394165,0.986997127532959,late,2
A1,Temperature-scaled raw stage head,C6,264,0.8316831683168316,late,2,0.8142773352478189,0.727502167224884,0.007705411873757839,0.0053204880096018314,0.9869740009307861,late,2
A1,Temperature-scaled raw stage head,C6,265,0.834983498349835,late,2,0.8210249269902141,0.7282594442367554,0.007680825423449278,0.005264529958367348,0.987054705619812,late,2
A1,Temperature-scaled raw stage head,C6,266,0.8382838283828383,late,2,0.8277725187326093,0.7278720736503601,0.0077382358722388744,0.005267299711704254,0.9869944453239441,late,2
A1,Temperature-scaled raw stage head,C6,267,0.8415841584158416,late,2,0.8345201104750046,0.7277765274047852,0.007757763843983412,0.0052485219202935696,0.9869937300682068,late,2
A1,Temperature-scaled raw stage head,C6,268,0.8448844884488449,late,2,0.8412677022173995,0.7243426442146301,0.008073645643889904,0.005357963033020496,0.9865683317184448,late,2
A1,Temperature-scaled raw stage head,C6,269,0.8481848184818482,late,2,0.8480152939597948,0.7272355556488037,0.007793672848492861,0.0053188796155154705,0.9868873953819275,late,2
A1,Temperature-scaled raw stage head,C6,270,0.8514851485148515,late,2,0.8547628857021901,0.7256739735603333,0.007953314110636711,0.00538560701534152,0.9866610169410706,late,2
A1,Temperature-scaled raw stage head,C6,271,0.8547854785478548,late,2,0.8615104774445851,0.7264611124992371,0.007853477261960506,0.005406427662819624,0.9867401123046875,late,2
A1,Temperature-scaled raw stage head,C6,272,0.858085808580858,late,2,0.8682580691869803,0.7238814830780029,0.008042880333960056,0.0055726198479533195,0.9863844513893127,late,2
A1,Temperature-scaled raw stage head,C6,273,0.8613861386138614,late,2,0.8750056609293755,0.7256038188934326,0.007896718569099903,0.005465000867843628,0.9866381883621216,late,2
A1,Temperature-scaled raw stage head,C6,274,0.8646864686468647,late,2,0.8817532527559108,0.7241317629814148,0.008047022856771946,0.005583157762885094,0.9863698482513428,late,2
A1,Temperature-scaled raw stage head,C6,275,0.8679867986798679,late,2,0.8885008445824465,0.7244839072227478,0.007988221943378448,0.005598023533821106,0.9864137768745422,late,2
A1,Temperature-scaled raw stage head,C6,276,0.8712871287128713,late,2,0.895248436408982,0.7224072217941284,0.008171540684998035,0.005782995838671923,0.9860454201698303,late,2
A1,Temperature-scaled raw stage head,C6,277,0.8745874587458746,late,2,0.9019960282355176,0.7234477996826172,0.008137146010994911,0.005696791224181652,0.9861660003662109,late,2
A1,Temperature-scaled raw stage head,C6,278,0.8778877887788779,late,2,0.9087436200620532,0.7216209173202515,0.008354325778782368,0.005860087927430868,0.9857855439186096,late,2
A1,Temperature-scaled raw stage head,C6,279,0.8811881188118812,late,2,0.9154912118885886,0.7137296795845032,0.009295555762946606,0.0062947822734713554,0.9844095706939697,late,2
A1,Temperature-scaled raw stage head,C6,280,0.8844884488448845,late,2,0.9222388037151243,0.7210907936096191,0.008433625102043152,0.006031520664691925,0.9855347871780396,late,2
A1,Temperature-scaled raw stage head,C6,281,0.8877887788778878,late,2,0.9289863954575196,0.7177897691726685,0.008889180608093739,0.006238313391804695,0.9848724603652954,late,2
A1,Temperature-scaled raw stage head,C6,282,0.8910891089108911,late,2,0.9357339871999144,0.7195366024971008,0.008678413927555084,0.00623033894225955,0.9850912094116211,late,2
A1,Temperature-scaled raw stage head,C6,283,0.8943894389438944,late,2,0.9424815789423098,0.7140557765960693,0.009251784533262253,0.0068471371196210384,0.9839010834693909,late,2
A1,Temperature-scaled raw stage head,C6,284,0.8976897689768977,late,2,0.949229170684705,0.7171854376792908,0.008813918568193913,0.006420436780899763,0.9847656488418579,late,2
A1,Temperature-scaled raw stage head,C6,285,0.900990099009901,late,2,0.9559767624271,0.7151452898979187,0.009118389338254929,0.006709108129143715,0.9841724634170532,late,2
A1,Temperature-scaled raw stage head,C6,286,0.9042904290429042,late,2,0.9618936363706976,0.7161264419555664,0.0090002017095685,0.0065719084814190865,0.9844279885292053,late,2
A1,Temperature-scaled raw stage head,C6,287,0.9075907590759076,late,2,0.9669797925154976,0.7124785780906677,0.009437001310288906,0.0070073483511805534,0.9835556149482727,late,2
A1,Temperature-scaled raw stage head,C6,288,0.9108910891089109,late,2,0.9712352308615,0.7172314524650574,0.008962941356003284,0.006410181522369385,0.9846269488334656,late,2
A1,Temperature-scaled raw stage head,C6,289,0.9141914191419142,late,2,0.9746599514087048,0.71781986951828,0.008826043456792831,0.006308728829026222,0.9848651885986328,late,2
A1,Temperature-scaled raw stage head,C6,290,0.9174917491749175,late,2,0.9772539541571122,0.7199126482009888,0.008589603006839752,0.006048071663826704,0.9853622913360596,late,2
A1,Temperature-scaled raw stage head,C6,291,0.9207920792079208,late,2,0.9790172391067218,0.7207693457603455,0.008442510850727558,0.005938475951552391,0.985619068145752,late,2
A1,Temperature-scaled raw stage head,C6,292,0.9240924092409241,late,2,0.979949806257534,0.7222225666046143,0.00833453331142664,0.005760067608207464,0.9859053492546082,late,2
A1,Temperature-scaled raw stage head,C6,293,0.9273927392739274,late,2,0.980882373408346,0.7234032154083252,0.008153444156050682,0.0056310691870749,0.9862154722213745,late,2
A1,Temperature-scaled raw stage head,C6,294,0.9306930693069307,late,2,0.9818149405591582,0.724524974822998,0.008067655377089977,0.005518283229321241,0.9864140152931213,late,2
A1,Temperature-scaled raw stage head,C6,295,0.933993399339934,late,2,0.9827475077099702,0.7262020707130432,0.00792468711733818,0.005383732262998819,0.9866915941238403,late,2
A1,Temperature-scaled raw stage head,C6,296,0.9372937293729373,late,2,0.9836800748607823,0.7264900803565979,0.007930938154459,0.005310487002134323,0.9867586493492126,late,2
A1,Temperature-scaled raw stage head,C6,297,0.9405940594059405,late,2,0.9846126420115944,0.7266719341278076,0.007901947945356369,0.005262137856334448,0.9868358373641968,late,2
A1,Temperature-scaled raw stage head,C6,298,0.9438943894389439,late,2,0.9855452091624064,0.7263810038566589,0.007932190783321857,0.005236015189439058,0.986831784248352,late,2
A1,Temperature-scaled raw stage head,C6,299,0.9471947194719472,late,2,0.9864777763132186,0.725306510925293,0.00803903304040432,0.005236171185970306,0.9867247343063354,late,2
A1,Temperature-scaled raw stage head,C6,300,0.9504950495049505,late,2,0.9874103434640308,0.7243700623512268,0.008152428083121777,0.0052880230359733105,0.9865596294403076,late,2
A1,Temperature-scaled raw stage head,C6,301,0.9537953795379538,late,2,0.9883429106148428,0.7246748208999634,0.008100087754428387,0.005289202090352774,0.9866107106208801,late,2
A1,Temperature-scaled raw stage head,C6,302,0.9570957095709571,late,2,0.9892754777656552,0.7233991622924805,0.008223270997405052,0.005334570072591305,0.9864420890808105,late,2
A1,Temperature-scaled raw stage head,C6,303,0.9603960396039604,late,2,0.9902080449164672,0.7233057022094727,0.00823388621211052,0.005354936700314283,0.9864112734794617,late,2
A1,Temperature-scaled raw stage head,C6,304,0.9636963696369637,late,2,0.9911406120672792,0.7223679423332214,0.00831723865121603,0.005423875525593758,0.986258864402771,late,2
A1,Temperature-scaled raw stage head,C6,305,0.966996699669967,late,2,0.9920731792180912,0.7228854894638062,0.008268889971077442,0.0054033780470490456,0.9863277673721313,late,2
A1,Temperature-scaled raw stage head,C6,306,0.9702970297029703,late,2,0.9930057463689036,0.7220547199249268,0.008350389078259468,0.005463665816932917,0.9861859083175659,late,2
A1,Temperature-scaled raw stage head,C6,307,0.9735973597359736,late,2,0.9939383135197154,0.7220582365989685,0.008353132754564285,0.0054709832184016705,0.9861759543418884,late,2
A1,Temperature-scaled raw stage head,C6,308,0.976897689768977,late,2,0.9948708806705276,0.721315860748291,0.008417622186243534,0.005513566546142101,0.9860687255859375,late,2
A1,Temperature-scaled raw stage head,C6,309,0.9801980198019802,late,2,0.9958034478213396,0.7217666506767273,0.008388928137719631,0.005466172005981207,0.9861449003219604,late,2
A1,Temperature-scaled raw stage head,C6,310,0.9834983498349835,late,2,0.996736014972152,0.7211832404136658,0.00845020730048418,0.0054896557703614235,0.9860600233078003,late,2
A1,Temperature-scaled raw stage head,C6,311,0.9867986798679867,late,2,0.9976685821229638,0.7195386290550232,0.008642799220979214,0.0055550821125507355,0.9858021140098572,late,2
A1,Temperature-scaled raw stage head,C6,312,0.9900990099009901,late,2,0.998601149273776,0.7209161520004272,0.008502439595758915,0.005473594181239605,0.9860239028930664,late,2
A1,Temperature-scaled raw stage head,C6,313,0.9933993399339934,late,2,0.999067432849182,0.7188729643821716,0.008720479905605316,0.005568644963204861,0.9857109189033508,late,2
A1,Temperature-scaled raw stage head,C6,314,0.9966996699669967,late,2,0.9995337164245882,0.7189801931381226,0.008716645650565624,0.005564131774008274,0.9857191443443298,late,2
A1,Temperature-scaled raw stage head,C6,315,1.0,late,2,0.999999999999994,0.7169004082679749,0.008958633057773113,0.0057141659781336784,0.9853271245956421,late,2
A2,Raw plus fine-state stage probability,C6,12,0.0,early,0,0.0543003305631503,0.3089219033718109,0.8078061018562924,0.16137723098280357,0.03081666715990396,early,0
A2,Raw plus fine-state stage probability,C6,13,0.0033003300330033004,early,0,0.0607357409228696,0.31158775091171265,0.8045956792655523,0.16421564715363737,0.03118867357981023,early,0
A2,Raw plus fine-state stage probability,C6,14,0.006600660066006601,early,0,0.0675207371477249,0.3116450011730194,0.8040632670475535,0.16514601779304253,0.030790715158403953,early,0
A2,Raw plus fine-state stage probability,C6,15,0.009900990099009901,early,0,0.0746968680474152,0.31120169162750244,0.8018752967025918,0.1674851905216119,0.030639512774796363,early,0
A2,Raw plus fine-state stage probability,C6,16,0.013201320132013201,early,0,0.0810622745661246,0.31120771169662476,0.8002260529316864,0.1693791817750911,0.03039476529222262,early,0
A2,Raw plus fine-state stage probability,C6,17,0.0165016501650165,early,0,0.0874276810764199,0.31131523847579956,0.7966484029404164,0.17290105708446446,0.03045053997411908,early,0
A2,Raw plus fine-state stage probability,C6,18,0.019801980198019802,early,0,0.0935881687037735,0.3107154369354248,0.795064555766487,0.17476364605498826,0.030171798177524675,early,0
A2,Raw plus fine-state stage probability,C6,19,0.0231023102310231,early,0,0.0995437374397715,0.31223905086517334,0.7908982460280402,0.17875103527769398,0.030350718693265832,early,0
A2,Raw plus fine-state stage probability,C6,20,0.026402640264026403,early,0,0.1052943872844138,0.3116161525249481,0.790007289089772,0.179659490160874,0.030333220748353998,early,0
A2,Raw plus fine-state stage probability,C6,21,0.0297029702970297,early,0,0.1108401182377004,0.30951738357543945,0.7969825815233894,0.1725514596936073,0.03046595878200323,early,0
A2,Raw plus fine-state stage probability,C6,22,0.033003300330033,early,0,0.1161809303080454,0.3078916370868683,0.8004816263431442,0.16929898022620693,0.030219393429648786,early,0
A2,Raw plus fine-state stage probability,C6,23,0.036303630363036306,early,0,0.1213168234786207,0.3078649938106537,0.802543978659668,0.16695466429973665,0.030501357039595438,early,0
A2,Raw plus fine-state stage probability,C6,24,0.039603960396039604,early,0,0.1262477977578404,0.3084639608860016,0.8036183322470538,0.16554414990440763,0.030837517847538628,early,0
A2,Raw plus fine-state stage probability,C6,25,0.0429042904290429,early,0,0.13117877203706,0.30903297662734985,0.8047574378431175,0.16423354059001696,0.031009021565865554,early,0
A2,Raw plus fine-state stage probability,C6,26,0.0462046204620462,early,0,0.1361097463162796,0.309581995010376,0.8058943478321512,0.16274829878367597,0.03135735338317284,early,0
A2,Raw plus fine-state stage probability,C6,27,0.04950495049504951,early,0,0.1410407205954993,0.3101050853729248,0.8061841872260194,0.16202438192802826,0.0317914308449524,early,0
A2,Raw plus fine-state stage probability,C6,28,0.052805280528052806,early,0,0.1459716948747189,0.31057819724082947,0.8063649955949664,0.16141054453047263,0.03222445987356099,early,0
A2,Raw plus fine-state stage probability,C6,29,0.056105610561056105,early,0,0.1509026691539386,0.3107044994831085,0.806608148702298,0.1607446714275856,0.03264717986911631,early,0
A2,Raw plus fine-state stage probability,C6,30,0.0594059405940594,early,0,0.1554870761471252,0.3104238212108612,0.8069540139647585,0.16029315530925148,0.03275283072498996,early,0
A2,Raw plus fine-state stage probability,C6,31,0.0627062706270627,early,0,0.1597249158626929,0.31037449836730957,0.8074843182176731,0.16012362461351895,0.03239205716780795,early,0
A2,Raw plus fine-state stage probability,C6,32,0.066006600660066,early,0,0.1636161882838135,0.31071460247039795,0.8075432345030097,0.16003021748895233,0.032426548007037904,early,0
A2,Raw plus fine-state stage probability,C6,33,0.06930693069306931,early,0,0.1671608934273151,0.3109871447086334,0.8074902454377736,0.1595081977077804,0.03300155685344598,early,0
A2,Raw plus fine-state stage probability,C6,34,0.07260726072607261,early,0,0.1703590312763698,0.3110054135322571,0.8077902577665618,0.15935435619212812,0.03285538604031008,early,0
A2,Raw plus fine-state stage probability,C6,35,0.07590759075907591,early,0,0.1732106018478054,0.31121525168418884,0.8077094028197962,0.15922212013673176,0.03306847704247213,early,0
A2,Raw plus fine-state stage probability,C6,36,0.07920792079207921,early,0,0.175715605133208,0.31113216280937195,0.8078610216007269,0.15907042743151914,0.033068550966753874,early,0
A2,Raw plus fine-state stage probability,C6,37,0.08250825082508251,early,0,0.1782206084186106,0.31100887060165405,0.8080404841256603,0.15884135333830082,0.033118162535038805,early,0
A2,Raw plus fine-state stage probability,C6,38,0.0858085808580858,early,0,0.1807256117040133,0.3106935918331146,0.8083511815601271,0.15861044851470654,0.033038369924166346,early,0
A2,Raw plus fine-state stage probability,C6,39,0.0891089108910891,early,0,0.183230614989416,0.31049010157585144,0.8083351437740594,0.15867400137261778,0.0329908548523228,early,0
A2,Raw plus fine-state stage probability,C6,40,0.0924092409240924,early,0,0.1857356182748186,0.3105015158653259,0.808315904706501,0.15873138066425255,0.032952714628246275,early,0
A2,Raw plus fine-state stage probability,C6,41,0.09570957095709572,early,0,0.1882406215602211,0.3105050325393677,0.8082982058529834,0.1588089769086482,0.032892817237368525,early,0
A2,Raw plus fine-state stage probability,C6,42,0.09900990099009901,early,0,0.1907456248456237,0.30999210476875305,0.8085126134585977,0.15868656326938246,0.032800823271019845,early,0
A2,Raw plus fine-state stage probability,C6,43,0.10231023102310231,early,0,0.1932506281226124,0.3100661039352417,0.8085930140098885,0.15850334235821725,0.0329036436308943,early,0
A2,Raw plus fine-state stage probability,C6,44,0.10561056105610561,early,0,0.195755631408015,0.3098283112049103,0.8087563951115091,0.15835160631040246,0.032891998577088424,early,0
A2,Raw plus fine-state stage probability,C6,45,0.10891089108910891,early,0,0.1982606346850036,0.3096039295196533,0.8090929247122525,0.1581708092028228,0.03273626608392475,early,0
A2,Raw plus fine-state stage probability,C6,46,0.11221122112211221,early,0,0.2007656379704062,0.3096730411052704,0.8090034976386146,0.15826759451484443,0.032728907845540875,early,0
A2,Raw plus fine-state stage probability,C6,47,0.11551155115511551,early,0,0.2032706412810509,0.30967026948928833,0.8090952635337556,0.15817113755907047,0.03273359890617397,early,0
A2,Raw plus fine-state stage probability,C6,48,0.1188118811881188,early,0,0.2057756445412115,0.3095974028110504,0.8089465820914761,0.1583107557156453,0.032742662191878644,early,0
A2,Raw plus fine-state stage probability,C6,49,0.12211221122112212,early,0,0.2082806478266142,0.30986014008522034,0.8088245491207773,0.15838098140024146,0.03279446947798127,early,0
A2,Raw plus fine-state stage probability,C6,50,0.1254125412541254,early,0,0.2107856511456729,0.30998045206069946,0.8086255206115207,0.15859657050780748,0.03277790887967175,early,0
A2,Raw plus fine-state stage probability,C6,51,0.12871287128712872,early,0,0.2132906544058334,0.31007686257362366,0.8083393892508077,0.15872422959821245,0.032936381149979876,early,0
A2,Raw plus fine-state stage probability,C6,52,0.132013201320132,early,0,0.21579565769965,0.31022506952285767,0.8081928476059301,0.15882453467202262,0.03298261772104724,early,0
A2,Raw plus fine-state stage probability,C6,53,0.1353135313531353,early,0,0.2183006610187089,0.3107087016105652,0.8078401262549374,0.15889612567448405,0.03326374806957837,early,0
A2,Raw plus fine-state stage probability,C6,54,0.13861386138613863,early,0,0.2208056642536273,0.31093835830688477,0.8075901024216602,0.1589913752939469,0.03341852228339287,early,0
A2,Raw plus fine-state stage probability,C6,55,0.1419141914191419,early,0,0.2233106675726861,0.3110228478908539,0.8071675014812147,0.15926340173954906,0.03356909677823621,early,0
A2,Raw plus fine-state stage probability,C6,56,0.14521452145214522,early,0,0.2258156708917448,0.3114282190799713,0.8069209977727613,0.15944745929712303,0.03363154292911581,early,0
A2,Raw plus fine-state stage probability,C6,57,0.1485148514851485,early,0,0.2283206741266631,0.3120516538619995,0.806297439597126,0.1599152027947534,0.033787357607120656,early,0
A2,Raw plus fine-state stage probability,C6,58,0.15181518151815182,early,0,0.230825677445722,0.3124416470527649,0.8064412491282974,0.15964522412909982,0.033913526741602786,early,0
A2,Raw plus fine-state stage probability,C6,59,0.1551155115511551,early,0,0.2333306806806404,0.31282496452331543,0.8054724141019323,0.16032359648056832,0.03420398941649944,early,0
A2,Raw plus fine-state stage probability,C6,60,0.15841584158415842,early,0,0.2358356839155588,0.31308361887931824,0.8053536493762454,0.16077191931437526,0.03387443130837927,early,0
A2,Raw plus fine-state stage probability,C6,61,0.1617161716171617,early,0,0.2383406872346176,0.3133983016014099,0.8045976227852488,0.1612960041638536,0.03410637304989762,early,0
A2,Raw plus fine-state stage probability,C6,62,0.16501650165016502,early,0,0.2405333421859526,0.31313028931617737,0.8047035475667166,0.161583969262075,0.03371248317020835,early,0
A2,Raw plus fine-state stage probability,C6,63,0.16831683168316833,early,0,0.2424136488537044,0.31385356187820435,0.803571706060458,0.1622485977996379,0.03417969613890403,early,0
A2,Raw plus fine-state stage probability,C6,64,0.1716171617161716,early,0,0.2439816073220131,0.31401264667510986,0.8034825851357131,0.16246315277045625,0.03405426209283056,early,0
A2,Raw plus fine-state stage probability,C6,65,0.17491749174917492,early,0,0.2452372175067385,0.315245121717453,0.8012067889799018,0.16308395519644175,0.03570925582265647,early,0
A2,Raw plus fine-state stage probability,C6,66,0.1782178217821782,early,0,0.2461804794078805,0.3159659802913666,0.8008699415786515,0.16349958070024315,0.03563047772010526,early,0
A2,Raw plus fine-state stage probability,C6,67,0.18151815181518152,early,0,0.2468113930254392,0.3172479569911957,0.7983831251267038,0.16544213374630423,0.03617474112599195,early,0
A2,Raw plus fine-state stage probability,C6,68,0.1848184818481848,early,0,0.2471427694933539,0.31758931279182434,0.7960368588066781,0.16761260114986423,0.03635054004245779,early,0
A2,Raw plus fine-state stage probability,C6,69,0.18811881188118812,early,0,0.2479090181565044,0.3202665448188782,0.7917659769857416,0.17103122530179327,0.03720279771146522,early,0
A2,Raw plus fine-state stage probability,C6,70,0.19141914191419143,early,0,0.2490971012066999,0.32274913787841797,0.7860447997511637,0.1760629762228011,0.03789222402503528,early,0
A2,Raw plus fine-state stage probability,C6,71,0.19471947194719472,early,0,0.2506934927372599,0.32510966062545776,0.7792697580197742,0.1821629260601742,0.03856731591905163,early,0
A2,Raw plus fine-state stage probability,C6,72,0.19801980198019803,early,0,0.252684213072299,0.3270651400089264,0.773435215465266,0.18785725780053758,0.0387075267331966,early,0
A2,Raw plus fine-state stage probability,C6,73,0.20132013201320131,early,0,0.255054863769136,0.33261561393737793,0.7605491637054227,0.19906518797989256,0.04038564831368469,early,0
A2,Raw plus fine-state stage probability,C6,74,0.20462046204620463,early,0,0.2577906625365613,0.334667444229126,0.7513198856311738,0.20775478519466944,0.0409253291731567,early,0
A2,Raw plus fine-state stage probability,C6,75,0.2079207920792079,early,0,0.2608636681129916,0.3361213803291321,0.7377291584231842,0.22054997217797073,0.04172086939784509,early,0
A2,Raw plus fine-state stage probability,C6,76,0.21122112211221122,early,0,0.2638363774010046,0.33464404940605164,0.7463319186400496,0.21250874127820327,0.0411593400807472,early,0
A2,Raw plus fine-state stage probability,C6,77,0.2145214521452145,early,0,0.266706110107996,0.335044264793396,0.7333516429143314,0.2251074252588468,0.04154093182582178,early,0
A2,Raw plus fine-state stage probability,C6,78,0.21782178217821782,early,0,0.2694704346603989,0.33370253443717957,0.7471328024329799,0.21282542272198007,0.0400417748440401,early,0
A2,Raw plus fine-state stage probability,C6,79,0.22112211221122113,early,0,0.2721271695499306,0.33459335565567017,0.7438553895342178,0.21623363904874535,0.03991097141603702,early,0
A2,Raw plus fine-state stage probability,C6,80,0.22442244224422442,early,0,0.2746743849322597,0.3317588269710541,0.7560342903368882,0.20560395571273163,0.038361753949380226,early,0
A2,Raw plus fine-state stage probability,C6,81,0.22772277227722773,early,0,0.2771104033001299,0.3314158022403717,0.7532480861766171,0.20799708262136138,0.03875483120102148,early,0
A2,Raw plus fine-state stage probability,C6,82,0.23102310231023102,early,0,0.2794337993150789,0.33018967509269714,0.7600001633748437,0.2020817642634227,0.03791807236073375,early,0
A2,Raw plus fine-state stage probability,C6,83,0.23432343234323433,early,0,0.2816433994708767,0.33043262362480164,0.7566697762678303,0.20532571374701034,0.03800450998415949,early,0
A2,Raw plus fine-state stage probability,C6,84,0.2376237623762376,early,0,0.2837382809997008,0.33064618706703186,0.7590144361825624,0.20342364447320338,0.037561919343234114,early,0
A2,Raw plus fine-state stage probability,C6,85,0.24092409240924093,early,0,0.2857177701051873,0.3312995433807373,0.7553168365575675,0.20692371361203268,0.03775944982939961,early,0
A2,Raw plus fine-state stage probability,C6,86,0.24422442244224424,early,0,0.2875814402796224,0.33101293444633484,0.7504529444821634,0.21174047108228916,0.03780658443454741,early,0
A2,Raw plus fine-state stage probability,C6,87,0.24752475247524752,early,0,0.2893291093590293,0.32748177647590637,0.7659976952037435,0.19714856229296118,0.036853742502295256,early,0
A2,Raw plus fine-state stage probability,C6,88,0.2508250825082508,early,0,0.2909608366623936,0.3314131796360016,0.7442848597276627,0.21698973067358723,0.03872540959775006,early,0
A2,Raw plus fine-state stage probability,C6,89,0.25412541254125415,early,0,0.292476919541907,0.3302106261253357,0.7532331443413192,0.20919383980605438,0.037573015851626486,early,0
A2,Raw plus fine-state stage probability,C6,90,0.25742574257425743,early,0,0.2938778895966487,0.3326147794723511,0.7261291833726223,0.23393697839477262,0.03993383823160503,early,0
A2,Raw plus fine-state stage probability,C6,91,0.2607260726072607,early,0,0.2951645082131444,0.33392423391342163,0.746416180365951,0.2149741983185575,0.03860962131449142,early,0
A2,Raw plus fine-state stage probability,C6,92,0.264026402640264,early,0,0.2963377620217843,0.33415162563323975,0.7175445803724729,0.2413934768922201,0.041061942734306904,early,0
A2,Raw plus fine-state stage probability,C6,93,0.26732673267326734,early,0,0.2973988580166796,0.33380651473999023,0.732999497814641,0.22741921591753006,0.039581286266828844,early,0
A2,Raw plus fine-state stage probability,C6,94,0.2706270627062706,early,0,0.2983492180865358,0.333255797624588,0.6909425621981178,0.26643402513633185,0.04262341266455039,early,0
A2,Raw plus fine-state stage probability,C6,95,0.2739273927392739,early,0,0.2991904732089655,0.33521968126296997,0.7007355399476111,0.2570422856564609,0.04222217439492808,early,0
A2,Raw plus fine-state stage probability,C6,96,0.27722772277227725,middle,1,0.2999244579813612,0.3373226821422577,0.6418050439971418,0.3117000924982397,0.046494863503618505,early,0
A2,Raw plus fine-state stage probability,C6,97,0.28052805280528054,middle,1,0.3005532038896633,0.34093204140663147,0.5794631642287859,0.3701060511577657,0.050430784612448445,early,0
A2,Raw plus fine-state stage probability,C6,98,0.2838283828382838,middle,1,0.3010789330819709,0.3407261371612549,0.5362690484382063,0.41158059550915543,0.052150356051638216,early,0
A2,Raw plus fine-state stage probability,C6,99,0.2871287128712871,middle,1,0.3015040515531672,0.3496839702129364,0.35702817302057815,0.587481172289798,0.05549065468862385,middle,1
A2,Raw plus fine-state stage probability,C6,100,0.29042904290429045,middle,1,0.3018311420771272,0.3530406057834625,0.31489843812724233,0.6292036965490486,0.055897865322708976,middle,1
A2,Raw plus fine-state stage probability,C6,101,0.29372937293729373,middle,1,0.3020690494932344,0.3592841625213623,0.26524226774091303,0.6778225612635801,0.056935170994506866,middle,1
A2,Raw plus fine-state stage probability,C6,102,0.297029702970297,middle,1,0.3022325432192163,0.36500686407089233,0.23276583593817612,0.7094493915129326,0.05778477254789122,middle,1
A2,Raw plus fine-state stage probability,C6,103,0.30033003300330036,middle,1,0.302336046771595,0.3781692385673523,0.18951942188815915,0.7506013773742195,0.059879200736621264,middle,1
A2,Raw plus fine-state stage probability,C6,104,0.30363036303630364,middle,1,0.3023936126918466,0.38504308462142944,0.17487690028310646,0.7629062615752203,0.06221683814067312,middle,1
A2,Raw plus fine-state stage probability,C6,105,0.3069306930693069,middle,1,0.302418898229824,0.3891671299934387,0.170983965382334,0.7622398369638198,0.06677619765284606,middle,1
A2,Raw plus fine-state stage probability,C6,106,0.3102310231023102,middle,1,0.3024251420368648,0.39413201808929443,0.1722846775727729,0.7565914181276131,0.07112390429861391,middle,1
A2,Raw plus fine-state stage probability,C6,107,0.31353135313531355,middle,1,0.3024251420368648,0.3975559175014496,0.16973133884151562,0.7563401684629973,0.07392849269448706,middle,1
A2,Raw plus fine-state stage probability,C6,108,0.31683168316831684,middle,1,0.3024251420368648,0.38123711943626404,0.24014360490922548,0.679506200747647,0.08035019434212742,middle,1
A2,Raw plus fine-state stage probability,C6,109,0.3201320132013201,middle,1,0.3024251420368648,0.3917933404445648,0.1972770656629188,0.7266455321521809,0.07607740218390027,middle,1
A2,Raw plus fine-state stage probability,C6,110,0.3234323432343234,middle,1,0.3024251420368648,0.3877370059490204,0.22322970604493236,0.6997937871282564,0.07697650682581127,middle,1
A2,Raw plus fine-state stage probability,C6,111,0.32673267326732675,middle,1,0.3024251420368648,0.3961142301559448,0.18966358694055235,0.7349152620592556,0.07542115099919197,middle,1
A2,Raw plus fine-state stage probability,C6,112,0.33003300330033003,middle,1,0.3024251420368648,0.39156052470207214,0.22843969387540353,0.6940805153997172,0.07747979072387944,middle,1
A2,Raw plus fine-state stage probability,C6,113,0.3333333333333333,middle,1,0.3024251420368648,0.3999877870082855,0.1770226047854175,0.7476913441896492,0.07528605102393322,middle,1
A2,Raw plus fine-state stage probability,C6,114,0.33663366336633666,middle,1,0.3024251420368648,0.39979586005210876,0.18993321567308363,0.7336448059792967,0.07642197834661948,middle,1
A2,Raw plus fine-state stage probability,C6,115,0.33993399339933994,middle,1,0.3024251420368648,0.40596628189086914,0.1559219801129429,0.7685501625681291,0.07552785731792805,middle,1
A2,Raw plus fine-state stage probability,C6,116,0.3432343234323432,middle,1,0.3024251420368648,0.4059394896030426,0.16772504805712835,0.7568321195458638,0.07544283239600791,middle,1
A2,Raw plus fine-state stage probability,C6,117,0.3465346534653465,middle,1,0.3024251420368648,0.4113992154598236,0.1452537801372817,0.7790235616137166,0.07572265824800181,middle,1
A2,Raw plus fine-state stage probability,C6,118,0.34983498349834985,middle,1,0.3024251420368648,0.4197269082069397,0.13254944178696215,0.7900733991745917,0.07737715903744621,middle,1
A2,Raw plus fine-state stage probability,C6,119,0.35313531353135313,middle,1,0.3024251420368648,0.3979281783103943,0.18860669806579541,0.7259897906326049,0.08540351130059955,middle,1
A2,Raw plus fine-state stage probability,C6,120,0.3564356435643564,middle,1,0.3024251420368648,0.4191836714744568,0.14908961457770295,0.7610463895489095,0.08986399587238753,middle,1
A2,Raw plus fine-state stage probability,C6,121,0.35973597359735976,middle,1,0.3024251420368648,0.42013537883758545,0.1519227111139369,0.7607374251586677,0.08733986372639542,middle,1
A2,Raw plus fine-state stage probability,C6,122,0.36303630363036304,middle,1,0.3024251420368648,0.42659351229667664,0.1413934807841786,0.7682465621996417,0.0903599570151798,middle,1
A2,Raw plus fine-state stage probability,C6,123,0.36633663366336633,middle,1,0.3024251420368648,0.4262668788433075,0.1713540746806501,0.7305600683561743,0.09808585696217564,middle,1
A2,Raw plus fine-state stage probability,C6,124,0.3696369636963696,middle,1,0.3024251420368648,0.43316465616226196,0.14374396822071742,0.7592114670329289,0.09704456474535378,middle,1
A2,Raw plus fine-state stage probability,C6,125,0.37293729372937295,middle,1,0.3024251420368648,0.4333382546901703,0.13982943034973394,0.7671592892889353,0.09301128036033077,middle,1
A2,Raw plus fine-state stage probability,C6,126,0.37623762376237624,middle,1,0.3024412137797824,0.4377652406692505,0.12830456491412,0.7802067880958821,0.09148864698899788,middle,1
A2,Raw plus fine-state stage probability,C6,127,0.3795379537953795,middle,1,0.3026364281860637,0.4334155023097992,0.14224485422205657,0.7635844013875347,0.0941707443894089,middle,1
A2,Raw plus fine-state stage probability,C6,128,0.38283828382838286,middle,1,0.3030107851715685,0.4364373981952667,0.13109085299670298,0.7758681369656542,0.09304101003664271,middle,1
A2,Raw plus fine-state stage probability,C6,129,0.38613861386138615,middle,1,0.3035642847362966,0.4446551501750946,0.11601863335265854,0.7935022207709792,0.09047914587536231,middle,1
A2,Raw plus fine-state stage probability,C6,130,0.38943894389438943,middle,1,0.3042969268802481,0.44123417139053345,0.1114811758764543,0.8033418750671901,0.08517694905535554,middle,1
A2,Raw plus fine-state stage probability,C6,131,0.3927392739273927,middle,1,0.3052087116875634,0.442484050989151,0.10211086281044834,0.8184595915838385,0.07942954560471312,middle,1
A2,Raw plus fine-state stage probability,C6,132,0.39603960396039606,middle,1,0.3062996390741022,0.4391639828681946,0.09930505434270159,0.8272264300039176,0.0734685156523806,middle,1
A2,Raw plus fine-state stage probability,C6,133,0.39933993399339934,middle,1,0.3075536372969468,0.4388996362686157,0.09149912366217199,0.8429873504563471,0.0655135258804809,middle,1
A2,Raw plus fine-state stage probability,C6,134,0.40264026402640263,middle,1,0.3088076355197915,0.43563637137413025,0.0903744192722286,0.8474186111944406,0.06220696953233082,middle,1
A2,Raw plus fine-state stage probability,C6,135,0.40594059405940597,middle,1,0.310061633742636,0.43309086561203003,0.08658626869130229,0.8559078318447774,0.057505899462920375,middle,1
A2,Raw plus fine-state stage probability,C6,136,0.40924092409240925,middle,1,0.3113156319654807,0.4312250018119812,0.08593574900829246,0.858238721596861,0.05582552939384658,middle,1
A2,Raw plus fine-state stage probability,C6,137,0.41254125412541254,middle,1,0.3125696301883253,0.42990371584892273,0.08283289625827794,0.8650037834628672,0.05216332027785488,middle,1
A2,Raw plus fine-state stage probability,C6,138,0.4158415841584158,middle,1,0.3138236284111699,0.43029606342315674,0.08229816299462042,0.8656282429434927,0.05207359406088679,middle,1
A2,Raw plus fine-state stage probability,C6,139,0.41914191419141916,middle,1,0.3150776266340144,0.42874759435653687,0.08078147860694178,0.8693771440074962,0.04984137738456186,middle,1
A2,Raw plus fine-state stage probability,C6,140,0.42244224422442245,middle,1,0.3163316248568591,0.4263884127140045,0.08187701333074478,0.8689308607743254,0.04919212589392998,middle,1
A2,Raw plus fine-state stage probability,C6,141,0.42574257425742573,middle,1,0.3175856230797036,0.42744770646095276,0.08047112259435854,0.8711161984267234,0.048412678977918074,middle,1
A2,Raw plus fine-state stage probability,C6,142,0.429042904290429,middle,1,0.3188396213025483,0.42739763855934143,0.08052716603595933,0.8711256736420434,0.0483471603209972,middle,1
A2,Raw plus fine-state stage probability,C6,143,0.43234323432343236,middle,1,0.3200936195253929,0.42825859785079956,0.0798791460036037,0.871780964106425,0.04833988988897132,middle,1
A2,Raw plus fine-state stage probability,C6,144,0.43564356435643564,middle,1,0.3213476177482375,0.4287724494934082,0.08045162383879945,0.8706195373376683,0.048928838822532274,middle,1
A2,Raw plus fine-state stage probability,C6,145,0.4389438943894389,middle,1,0.3226016159710823,0.4291303753852844,0.07963579642649392,0.8717436305885381,0.048620572983967984,middle,1
A2,Raw plus fine-state stage probability,C6,146,0.44224422442244227,middle,1,0.3238556141939268,0.42859500646591187,0.07952856866065092,0.8721165922697637,0.04835483906858529,middle,1
A2,Raw plus fine-state stage probability,C6,147,0.44554455445544555,middle,1,0.3251096124167714,0.42979878187179565,0.07903104180632863,0.8721940113697554,0.04877494682291601,middle,1
A2,Raw plus fine-state stage probability,C6,148,0.44884488448844884,middle,1,0.326363610639616,0.43002158403396606,0.07900493494187182,0.8721897169009379,0.04880534815619031,middle,1
A2,Raw plus fine-state stage probability,C6,149,0.4521452145214521,middle,1,0.3276176088624607,0.4305769205093384,0.07873950932204503,0.8724447249030808,0.048815765773874156,middle,1
A2,Raw plus fine-state stage probability,C6,150,0.45544554455445546,middle,1,0.3288716070853052,0.4278234839439392,0.08076334849427926,0.8700057610100924,0.04923089049462834,middle,1
A2,Raw plus fine-state stage probability,C6,151,0.45874587458745875,middle,1,0.3301256053081499,0.43024733662605286,0.07958145549483976,0.871312410257266,0.04910613424689416,middle,1
A2,Raw plus fine-state stage probability,C6,152,0.46204620462046203,middle,1,0.3313796035309944,0.4287784695625305,0.07994819807004167,0.871478896618664,0.0485729053102943,middle,1
A2,Raw plus fine-state stage probability,C6,153,0.46534653465346537,middle,1,0.3326336017538391,0.4315391182899475,0.07968188563707884,0.8704595210686289,0.04985859329329219,middle,1
A2,Raw plus fine-state stage probability,C6,154,0.46864686468646866,middle,1,0.3338875999766836,0.4321834444999695,0.08038476117109537,0.869006600417199,0.0506086384107056,middle,1
A2,Raw plus fine-state stage probability,C6,155,0.47194719471947194,middle,1,0.3351415981995282,0.4340552091598511,0.07988194614286659,0.8683898465592149,0.051728207296918474,middle,1
A2,Raw plus fine-state stage probability,C6,156,0.4752475247524752,middle,1,0.3363955964223728,0.43387433886528015,0.07997957842404807,0.8686080618779529,0.05141235969699893,middle,1
A2,Raw plus fine-state stage probability,C6,157,0.47854785478547857,middle,1,0.3376495946452175,0.4355609714984894,0.08048113962579241,0.8664671326387323,0.05305172773447527,middle,1
A2,Raw plus fine-state stage probability,C6,158,0.48184818481848185,middle,1,0.3389266209189708,0.43666067719459534,0.08043171253312788,0.8663674385163561,0.05320084894951602,middle,1
A2,Raw plus fine-state stage probability,C6,159,0.48514851485148514,middle,1,0.3402266750753522,0.43485450744628906,0.08093209017883304,0.8661406422036889,0.05292726761647809,middle,1
A2,Raw plus fine-state stage probability,C6,160,0.4884488448844885,middle,1,0.3415497572826421,0.43394482135772705,0.08047448151099884,0.8678165233614495,0.05170899512655165,middle,1
A2,Raw plus fine-state stage probability,C6,161,0.49174917491749176,middle,1,0.3428958675408408,0.4502932131290436,0.07770939803645097,0.8627248744968374,0.05956572746571156,middle,1
A2,Raw plus fine-state stage probability,C6,162,0.49504950495049505,middle,1,0.3442650056816676,0.44622305035591125,0.07765289237704798,0.8643954421476584,0.0579516654742936,middle,1
A2,Raw plus fine-state stage probability,C6,163,0.49834983498349833,middle,1,0.3456571718734029,0.4466346502304077,0.07756378525503634,0.8644153021642039,0.05802091257975969,middle,1
A2,Raw plus fine-state stage probability,C6,164,0.5016501650165016,middle,1,0.3470723660319067,0.44980674982070923,0.07778634496376217,0.8610416664563671,0.061171988578870726,middle,1
A2,Raw plus fine-state stage probability,C6,165,0.504950495049505,middle,1,0.3484875601904105,0.4536552429199219,0.07682921796040604,0.8598709500016813,0.06329983203691258,middle,1
A2,Raw plus fine-state stage probability,C6,166,0.5082508250825083,middle,1,0.3499027544330546,0.456484317779541,0.07728481835735074,0.8556705208647456,0.06704466077690369,middle,1
A2,Raw plus fine-state stage probability,C6,167,0.5115511551155115,middle,1,0.3513179485915584,0.46158847212791443,0.07611000789444398,0.853917728766542,0.06997226333801394,middle,1
A2,Raw plus fine-state stage probability,C6,168,0.5148514851485149,middle,1,0.3527331427500622,0.4708063006401062,0.07666501950751618,0.8436665567243454,0.0796684237671385,middle,1
A2,Raw plus fine-state stage probability,C6,169,0.5181518151815182,middle,1,0.3541483369085658,0.483792245388031,0.07706403290695116,0.8281587495211458,0.09477721757090302,middle,1
A2,Raw plus fine-state stage probability,C6,170,0.5214521452145214,middle,1,0.3555635310670696,0.49402931332588196,0.0789197638705872,0.8021072452346689,0.11897299089374379,middle,1
A2,Raw plus fine-state stage probability,C6,171,0.5247524752475248,middle,1,0.3569787253097137,0.5034048557281494,0.08011862079600122,0.7756238924065129,0.14425748679648595,middle,1
A2,Raw plus fine-state stage probability,C6,172,0.528052805280528,middle,1,0.3583939194682176,0.5054937601089478,0.08339368774953985,0.7573694982347858,0.1592368140146743,middle,1
A2,Raw plus fine-state stage probability,C6,173,0.5313531353135313,middle,1,0.3598091136267213,0.5135019421577454,0.08281389712234466,0.742758419831111,0.17442768304554426,middle,1
A2,Raw plus fine-state stage probability,C6,174,0.5346534653465347,middle,1,0.3612243078693654,0.5183797478675842,0.0847876504373063,0.718028729289879,0.1971836202718147,middle,1
A2,Raw plus fine-state stage probability,C6,175,0.5379537953795379,middle,1,0.3626395020278692,0.5287415385246277,0.08411200218908582,0.6830470665299437,0.23284093127997021,middle,1
A2,Raw plus fine-state stage probability,C6,176,0.5412541254125413,middle,1,0.3640546962705133,0.5208195447921753,0.08635025681342132,0.7069913186958202,0.20665842448975838,middle,1
A2,Raw plus fine-state stage probability,C6,177,0.5445544554455446,middle,1,0.365469890429017,0.5270336866378784,0.08470604940023943,0.689278535883899,0.2260154147148617,middle,1
A2,Raw plus fine-state stage probability,C6,178,0.5478547854785478,middle,1,0.3668850845875208,0.522067666053772,0.08507574548663546,0.704408633548343,0.2105156209640214,middle,1
A2,Raw plus fine-state stage probability,C6,179,0.5511551155115512,middle,1,0.368300278830165,0.5193758010864258,0.08342918045339068,0.7207846855055652,0.1957861340400442,middle,1
A2,Raw plus fine-state stage probability,C6,180,0.5544554455445545,middle,1,0.3697154729886687,0.5074442625045776,0.08275325229507344,0.7580080783586571,0.15923866934526945,middle,1
A2,Raw plus fine-state stage probability,C6,181,0.5577557755775577,middle,1,0.3711306671471724,0.5026271939277649,0.08046581402570689,0.7754917910558082,0.1440423949174848,middle,1
A2,Raw plus fine-state stage probability,C6,182,0.5610561056105611,middle,1,0.3725458613056763,0.4975444972515106,0.07996748207548114,0.788079450756922,0.13195306716659688,middle,1
A2,Raw plus fine-state stage probability,C6,183,0.5643564356435643,middle,1,0.3739610554641798,0.4935872554779053,0.08140871540554989,0.795095220181898,0.1234960644115519,middle,1
A2,Raw plus fine-state stage probability,C6,184,0.5676567656765676,middle,1,0.3753762497068241,0.4972103536128998,0.08029282273764946,0.7916668167189334,0.12804036054241708,middle,1
A2,Raw plus fine-state stage probability,C6,185,0.570957095709571,middle,1,0.3767914438653277,0.4852977395057678,0.07968824361031054,0.8155211934149617,0.1047905629737279,middle,1
A2,Raw plus fine-state stage probability,C6,186,0.5742574257425742,middle,1,0.3782066380238316,0.4747133255004883,0.07813492877177691,0.8340862225817114,0.08777884864551165,middle,1
A2,Raw plus fine-state stage probability,C6,187,0.5775577557755776,middle,1,0.3796218321823353,0.4707041084766388,0.07932541283649076,0.8360253904551994,0.08464919670730983,middle,1
A2,Raw plus fine-state stage probability,C6,188,0.5808580858085809,middle,1,0.3810370263408391,0.464846670627594,0.07730145414150008,0.846736515396355,0.07596203046114497,middle,1
A2,Raw plus fine-state stage probability,C6,189,0.5841584158415841,middle,1,0.3824522205834832,0.4610072672367096,0.07766805929501457,0.8502202066898136,0.0721117340141718,middle,1
A2,Raw plus fine-state stage probability,C6,190,0.5874587458745875,middle,1,0.3842404922043516,0.45684540271759033,0.07647507842332987,0.8567409041390455,0.06678401743662458,middle,1
A2,Raw plus fine-state stage probability,C6,191,0.5907590759075908,middle,1,0.3864018412875842,0.45218369364738464,0.07778499666014276,0.858935136180728,0.06327986715812915,middle,1
A2,Raw plus fine-state stage probability,C6,192,0.594059405940594,middle,1,0.3889362679173217,0.4492962956428528,0.07664546771276426,0.8642930802302847,0.05906145205595105,middle,1
A2,Raw plus fine-state stage probability,C6,193,0.5973597359735974,middle,1,0.3918437719252833,0.45529457926750183,0.07435757755257237,0.8646058907971124,0.061036531649315225,middle,1
A2,Raw plus fine-state stage probability,C6,194,0.6006600660066007,middle,1,0.3951243534797499,0.4503404498100281,0.07425376215263965,0.8690302797699893,0.05671595807637122,middle,1
A2,Raw plus fine-state stage probability,C6,195,0.6039603960396039,middle,1,0.3987780124965807,0.4486912488937378,0.07382869730014358,0.8717324534094651,0.05443884928939127,middle,1
A2,Raw plus fine-state stage probability,C6,196,0.6072607260726073,middle,1,0.4028047489757763,0.44505786895751953,0.0738972341080826,0.8744934187211706,0.051609347169746765,middle,1
A2,Raw plus fine-state stage probability,C6,197,0.6105610561056105,middle,1,0.4068314854549716,0.44626227021217346,0.07278258530803797,0.8761411867601704,0.05107622793079163,middle,1
A2,Raw plus fine-state stage probability,C6,198,0.6138613861386139,middle,1,0.4108582219341671,0.4423477351665497,0.07314656709730091,0.8777571521379999,0.04909628076369893,middle,1
A2,Raw plus fine-state stage probability,C6,199,0.6171617161716172,middle,1,0.4148849584133625,0.4412427842617035,0.07267061439996418,0.87930422435863,0.048025161240405935,middle,1
A2,Raw plus fine-state stage probability,C6,200,0.6204620462046204,middle,1,0.4189116948925581,0.4398568570613861,0.07274382514669755,0.8800908691614707,0.04716530569083155,middle,1
A2,Raw plus fine-state stage probability,C6,201,0.6237623762376238,middle,1,0.4229384313717534,0.4411245584487915,0.07195329045371256,0.8807401001066664,0.047306609438621056,middle,1
A2,Raw plus fine-state stage probability,C6,202,0.6270627062706271,middle,1,0.4269651678509489,0.43984389305114746,0.07205091135462974,0.8812419640820699,0.046707124562300355,middle,1
A2,Raw plus fine-state stage probability,C6,203,0.6303630363036303,middle,1,0.4309919042460039,0.4425044357776642,0.07150056905292475,0.8805638852213977,0.04793554572467756,middle,1
A2,Raw plus fine-state stage probability,C6,204,0.6336633663366337,middle,1,0.4350186407251992,0.43976467847824097,0.07257730322223553,0.8797297594980862,0.04769293727867831,middle,1
A2,Raw plus fine-state stage probability,C6,205,0.636963696369637,middle,1,0.4390453772043946,0.4453408122062683,0.07133846981751528,0.8788095494761536,0.04985198070533099,middle,1
A2,Raw plus fine-state stage probability,C6,206,0.6402640264026402,middle,1,0.4430721135994497,0.44291701912879944,0.07237588528541941,0.8779433091507631,0.04968080556281722,middle,1
A2,Raw plus fine-state stage probability,C6,207,0.6435643564356436,middle,1,0.4470988500786451,0.44705930352211,0.07145071317999883,0.8762027569246597,0.05234652989434153,middle,1
A2,Raw plus fine-state stage probability,C6,208,0.6468646864686468,middle,1,0.4511255865578406,0.44638481736183167,0.07250081249519114,0.8752307916284524,0.052268395875356324,middle,1
A2,Raw plus fine-state stage probability,C6,209,0.6501650165016502,middle,1,0.455152323037036,0.4520557224750519,0.07086321013373006,0.8727678756520469,0.056368914213223126,middle,1
A2,Raw plus fine-state stage probability,C6,210,0.6534653465346535,middle,1,0.4591790595162315,0.4517180323600769,0.07142976702740285,0.8720287732883072,0.056541459683289844,middle,1
A2,Raw plus fine-state stage probability,C6,211,0.6567656765676567,middle,1,0.4632057959954269,0.4572190046310425,0.07058206822137283,0.8690320060746555,0.0603859257029717,middle,1
A2,Raw plus fine-state stage probability,C6,212,0.6600660066006601,middle,1,0.4672325324746222,0.46025845408439636,0.07056332695802177,0.8655593436092509,0.06387732943172728,middle,1
A2,Raw plus fine-state stage probability,C6,213,0.6633663366336634,middle,1,0.4712592689538178,0.46684691309928894,0.07001099991109107,0.8601279398809538,0.06986106020695519,middle,1
A2,Raw plus fine-state stage probability,C6,214,0.6666666666666666,middle,1,0.4752860054330132,0.4762156903743744,0.07007071204474496,0.8508885326166743,0.07904075533758077,middle,1
A2,Raw plus fine-state stage probability,C6,215,0.66996699669967,middle,1,0.4793127419122085,0.46967369318008423,0.07115032469651379,0.8575437174049408,0.07130595789754544,middle,1
A2,Raw plus fine-state stage probability,C6,216,0.6732673267326733,middle,1,0.4833394783072636,0.4927422106266022,0.07067568933001862,0.8275533951026794,0.10177091556630183,middle,1
A2,Raw plus fine-state stage probability,C6,217,0.6765676567656765,middle,1,0.4873662147864592,0.4811960458755493,0.07143549186365725,0.8405854532262452,0.08797905490909748,middle,1
A2,Raw plus fine-state stage probability,C6,218,0.6798679867986799,middle,1,0.4913929512656543,0.4955751299858093,0.07129287250520464,0.8187390821237045,0.10996804537009092,middle,1
A2,Raw plus fine-state stage probability,C6,219,0.6831683168316832,middle,1,0.4954196876607095,0.486940860748291,0.07227798087642134,0.8266646315381669,0.10105738758441178,middle,1
A2,Raw plus fine-state stage probability,C6,220,0.6864686468646864,middle,1,0.4994464241399048,0.5170926451683044,0.07406204856915868,0.7489197670140877,0.17701818441575362,middle,1
A2,Raw plus fine-state stage probability,C6,221,0.6897689768976898,middle,1,0.5034731606191004,0.5217438340187073,0.07470266244089821,0.7369518519744194,0.18834548558368233,middle,1
A2,Raw plus fine-state stage probability,C6,222,0.693069306930693,middle,1,0.5080172527216286,0.5436135530471802,0.07317087236544824,0.6510415715197337,0.275787556113818,middle,1
A2,Raw plus fine-state stage probability,C6,223,0.6963696369636964,middle,1,0.5130787005316301,0.5437044501304626,0.07310699883799963,0.6529279579658303,0.2739650431951701,middle,1
A2,Raw plus fine-state stage probability,C6,224,0.6996699669966997,middle,1,0.5186575039649646,0.5656942129135132,0.06922508974616721,0.5384747178652373,0.39230019238759545,middle,1
A2,Raw plus fine-state stage probability,C6,225,0.7029702970297029,late,2,0.5247536630216317,0.5991626381874084,0.0571733280869413,0.36162395669574887,0.5812027152163098,late,2
A2,Raw plus fine-state stage probability,C6,226,0.7062706270627063,late,2,0.5313671777016317,0.6180862784385681,0.04960697165577195,0.2946199575129923,0.6557730708302357,late,2
A2,Raw plus fine-state stage probability,C6,227,0.7095709570957096,late,2,0.5384980480049646,0.6518903970718384,0.03753381048160491,0.21426037245214113,0.7482058170652539,late,2
A2,Raw plus fine-state stage probability,C6,228,0.7128712871287128,late,2,0.5461462739316305,0.6584046483039856,0.035748628098032906,0.20474175861652139,0.7595096132844457,late,2
A2,Raw plus fine-state stage probability,C6,229,0.7161716171617162,late,2,0.5537944998582961,0.6787477135658264,0.030913935370059844,0.18326086859430898,0.7858251960346311,late,2
A2,Raw plus fine-state stage probability,C6,230,0.7194719471947195,late,2,0.5614427257849618,0.6884734034538269,0.029029770096152617,0.1744096616732493,0.7965605682295981,late,2
A2,Raw plus fine-state stage probability,C6,231,0.7227722772277227,late,2,0.5690909517116278,0.6971931457519531,0.027068141702231558,0.1662902535916245,0.8066416047051439,late,2
A2,Raw plus fine-state stage probability,C6,232,0.7260726072607261,late,2,0.5767391776382933,0.7030099630355835,0.026141186608393825,0.1606751937647065,0.8131836196258997,late,2
A2,Raw plus fine-state stage probability,C6,233,0.7293729372937293,late,2,0.5843874036490995,0.7090097069740295,0.025157083260881206,0.1554210931338368,0.819421823604282,late,2
A2,Raw plus fine-state stage probability,C6,234,0.7326732673267327,late,2,0.5920356296599056,0.7121283411979675,0.02484768875469911,0.1522742380597028,0.8228780731845979,late,2
A2,Raw plus fine-state stage probability,C6,235,0.735973597359736,late,2,0.5996838556707117,0.7162657976150513,0.024414245362990562,0.1489335749262682,0.8266521797097411,late,2
A2,Raw plus fine-state stage probability,C6,236,0.7392739273927392,late,2,0.6073320816815179,0.7144902944564819,0.025080882257764777,0.14838693881889548,0.8265321789223397,late,2
A2,Raw plus fine-state stage probability,C6,237,0.7425742574257426,late,2,0.6149803076923238,0.7188800573348999,0.02430459361044966,0.1470013484218316,0.8286940579667187,late,2
A2,Raw plus fine-state stage probability,C6,238,0.7458745874587459,late,2,0.6226285336189898,0.7184065580368042,0.024615233980095717,0.14640614083969616,0.8289786251792081,late,2
A2,Raw plus fine-state stage probability,C6,239,0.7491749174917491,late,2,0.6302767595456554,0.7208566665649414,0.024244158099824647,0.145192270408953,0.8305635714902223,late,2
A2,Raw plus fine-state stage probability,C6,240,0.7524752475247525,late,2,0.6379249854723213,0.7173290252685547,0.024836287693656145,0.14692984982847615,0.8282338624768677,late,2
A2,Raw plus fine-state stage probability,C6,241,0.7557755775577558,late,2,0.645573211398987,0.7211048007011414,0.024297977924902327,0.1448641255032194,0.8308378965708784,late,2
A2,Raw plus fine-state stage probability,C6,242,0.759075907590759,late,2,0.6532214373256527,0.7199857234954834,0.02450981627682991,0.14510292626150037,0.8303872574606697,late,2
A2,Raw plus fine-state stage probability,C6,243,0.7623762376237624,late,2,0.6608696632523182,0.7212919592857361,0.024304595521486765,0.14435385563965392,0.8313415488378594,late,2
A2,Raw plus fine-state stage probability,C6,244,0.7656765676567657,late,2,0.6685178891789844,0.7188504338264465,0.024501984065422814,0.14592060851984007,0.8295774074137371,late,2
A2,Raw plus fine-state stage probability,C6,245,0.768976897689769,late,2,0.6761661151897903,0.7218670845031738,0.02423949294858113,0.14409597497523247,0.8316645320751863,late,2
A2,Raw plus fine-state stage probability,C6,246,0.7722772277227723,late,2,0.6838143412005964,0.7163330316543579,0.0253356457666127,0.1451736373033064,0.8294907169290809,late,2
A2,Raw plus fine-state stage probability,C6,247,0.7755775577557755,late,2,0.6914625672114025,0.7223656177520752,0.024292565742626577,0.14364657263652048,0.832060861619853,late,2
A2,Raw plus fine-state stage probability,C6,248,0.7788778877887789,late,2,0.6991107932222087,0.7219022512435913,0.02460072679963167,0.1431125062396291,0.8322867669597392,late,2
A2,Raw plus fine-state stage probability,C6,249,0.7821782178217822,late,2,0.7067590192330147,0.7233020663261414,0.024265453522526438,0.14284454549173736,0.8328900009847362,late,2
A2,Raw plus fine-state stage probability,C6,250,0.7854785478547854,late,2,0.7144072451596807,0.7189350724220276,0.02484100418013684,0.14496455991940793,0.8301944358994553,late,2
A2,Raw plus fine-state stage probability,C6,251,0.7887788778877888,late,2,0.7220554710863463,0.7231736779212952,0.02428758384758981,0.14271728685238938,0.8329951292990208,late,2
A2,Raw plus fine-state stage probability,C6,252,0.7920792079207921,late,2,0.729703697013012,0.7221792936325073,0.024527224391425906,0.14289490175661226,0.8325778738509618,late,2
A2,Raw plus fine-state stage probability,C6,253,0.7953795379537953,late,2,0.7373519229396778,0.7234305739402771,0.024270320440573794,0.1423739016742519,0.8333557778841744,late,2
A2,Raw plus fine-state stage probability,C6,254,0.7986798679867987,late,2,0.7448714868279991,0.7206906080245972,0.024478916649339492,0.14409409411941157,0.8314269892302489,late,2
A2,Raw plus fine-state stage probability,C6,255,0.801980198019802,late,2,0.752262388677976,0.7239552140235901,0.024249176747283895,0.1421683988794154,0.8335824243723007,late,2
A2,Raw plus fine-state stage probability,C6,256,0.8052805280528053,late,2,0.7595246284896082,0.7233153581619263,0.024278636440277168,0.14264365695709105,0.8330777066016318,late,2
A2,Raw plus fine-state stage probability,C6,257,0.8085808580858086,late,2,0.7666582063470367,0.7242591381072998,0.024128630857667355,0.1419985827455121,0.8338727863958206,late,2
A2,Raw plus fine-state stage probability,C6,258,0.8118811881188119,late,2,0.7736631222502615,0.7257577180862427,0.024138142865655313,0.1405657471331526,0.8352961100001922,late,2
A2,Raw plus fine-state stage probability,C6,259,0.8151815181518152,late,2,0.7805393761151413,0.7258719801902771,0.02405839399794301,0.14062680199458646,0.8353148040064705,late,2
A2,Raw plus fine-state stage probability,C6,260,0.8184818481848185,late,2,0.7872869679416767,0.726431667804718,0.024069999454914056,0.14023996124199553,0.8356900393020904,late,2
A2,Raw plus fine-state stage probability,C6,261,0.8217821782178217,late,2,0.7940345597682124,0.7270734906196594,0.023967987815341717,0.13997722469531976,0.8360547874883385,late,2
A2,Raw plus fine-state stage probability,C6,262,0.8250825082508251,late,2,0.8007821515947479,0.7269973158836365,0.02399232923135872,0.13990770308274153,0.8360999676848997,late,2
A2,Raw plus fine-state stage probability,C6,263,0.8283828382838284,late,2,0.8075297434212836,0.7275460958480835,0.02390632762318949,0.1398177439610582,0.8362759284147524,late,2
A2,Raw plus fine-state stage probability,C6,264,0.8316831683168316,late,2,0.8142773352478189,0.727502167224884,0.02395680511640367,0.13974234022187448,0.8363008546607217,late,2
A2,Raw plus fine-state stage probability,C6,265,0.834983498349835,late,2,0.8210249269902141,0.7282594442367554,0.023942419829566172,0.13927223449403836,0.8367853456753955,late,2
A2,Raw plus fine-state stage probability,C6,266,0.8382838283828383,late,2,0.8277725187326093,0.7278720736503601,0.024067552815677018,0.13916259264061262,0.8367698545427104,late,2
A2,Raw plus fine-state stage probability,C6,267,0.8415841584158416,late,2,0.8345201104750046,0.7277765274047852,0.024124130620943696,0.13899571615745374,0.8368801532206026,late,2
A2,Raw plus fine-state stage probability,C6,268,0.8448844884488449,late,2,0.8412677022173995,0.7243426442146301,0.024690774544047882,0.1390789591195462,0.8362302663354059,late,2
A2,Raw plus fine-state stage probability,C6,269,0.8481848184818482,late,2,0.8480152939597948,0.7272355556488037,0.024183025536718406,0.13947557918548403,0.8363413952767974,late,2
A2,Raw plus fine-state stage probability,C6,270,0.8514851485148515,late,2,0.8547628857021901,0.7256739735603333,0.024478310409981625,0.13979106969142988,0.8357306198975885,late,2
A2,Raw plus fine-state stage probability,C6,271,0.8547854785478548,late,2,0.8615104774445851,0.7264611124992371,0.02425540976897078,0.14013689996612835,0.8356076902639009,late,2
A2,Raw plus fine-state stage probability,C6,272,0.858085808580858,late,2,0.8682580691869803,0.7238814830780029,0.024569167239433958,0.14097221340995172,0.8344586193496143,late,2
A2,Raw plus fine-state stage probability,C6,273,0.8613861386138614,late,2,0.8750056609293755,0.7256038188934326,0.024313799137316718,0.14059926574045756,0.8350869351212257,late,2
A2,Raw plus fine-state stage probability,C6,274,0.8646864686468647,late,2,0.8817532527559108,0.7241317629814148,0.02457600568939221,0.14100898380983942,0.8344150104997684,late,2
A2,Raw plus fine-state stage probability,C6,275,0.8679867986798679,late,2,0.8885008445824465,0.7244839072227478,0.02442710425948122,0.14133213097990693,0.834240764759612,late,2
A2,Raw plus fine-state stage probability,C6,276,0.8712871287128713,late,2,0.895248436408982,0.7224072217941284,0.02471556239122595,0.14219979968932445,0.8330846379184497,late,2
A2,Raw plus fine-state stage probability,C6,277,0.8745874587458746,late,2,0.9019960282355176,0.7234477996826172,0.02468314698057036,0.14166845570906292,0.8336483973093668,late,2
A2,Raw plus fine-state stage probability,C6,278,0.8778877887788779,late,2,0.9087436200620532,0.7216209173202515,0.025053992942229406,0.14221438903031616,0.8327316180264545,late,2
A2,Raw plus fine-state stage probability,C6,279,0.8811881188118812,late,2,0.9154912118885886,0.7137296795845032,0.02669366867583959,0.1426923283073996,0.8306140030157607,late,2
A2,Raw plus fine-state stage probability,C6,280,0.8844884488448845,late,2,0.9222388037151243,0.7210907936096191,0.025172911341242412,0.1431501062797202,0.8316769823780374,late,2
A2,Raw plus fine-state stage probability,C6,281,0.8877887788778878,late,2,0.9289863954575196,0.7177897691726685,0.025969981607380677,0.14358077736368832,0.8304492410279309,late,2
A2,Raw plus fine-state stage probability,C6,282,0.8910891089108911,late,2,0.9357339871999144,0.7195366024971008,0.02553089552749612,0.14388164875583476,0.8305874557156692,late,2
A2,Raw plus fine-state stage probability,C6,283,0.8943894389438944,late,2,0.9424815789423098,0.7140557765960693,0.026449914248977482,0.14621461489079554,0.827335470859227,late,2
A2,Raw plus fine-state stage probability,C6,284,0.8976897689768977,late,2,0.949229170684705,0.7171854376792908,0.025698367437838775,0.14505372916268133,0.8292479033984799,late,2
A2,Raw plus fine-state stage probability,C6,285,0.900990099009901,late,2,0.9559767624271,0.7151452898979187,0.02621891924568068,0.14594076165140374,0.8278403191019156,late,2
A2,Raw plus fine-state stage probability,C6,286,0.9042904290429042,late,2,0.9618936363706976,0.7161264419555664,0.025969978450560746,0.145412573865264,0.8286174476831752,late,2
A2,Raw plus fine-state stage probability,C6,287,0.9075907590759076,late,2,0.9669797925154976,0.7124785780906677,0.02666666824209648,0.14709458249030796,0.8262387492665957,late,2
A2,Raw plus fine-state stage probability,C6,288,0.9108910891089109,late,2,0.9712352308615,0.7172314524650574,0.025980993793410494,0.14474316616178148,0.8292758400438079,late,2
A2,Raw plus fine-state stage probability,C6,289,0.9141914191419142,late,2,0.9746599514087048,0.71781986951828,0.025787222876558012,0.14439980771424668,0.8298129694081953,late,2
A2,Raw plus fine-state stage probability,C6,290,0.9174917491749175,late,2,0.9772539541571122,0.7199126482009888,0.02541789149424644,0.1431804198527798,0.8314016886519737,late,2
A2,Raw plus fine-state stage probability,C6,291,0.9207920792079208,late,2,0.9790172391067218,0.7207693457603455,0.025160251010860474,0.1428819122933295,0.83195783669481,late,2
A2,Raw plus fine-state stage probability,C6,292,0.9240924092409241,late,2,0.979949806257534,0.7222225666046143,0.0250209163230627,0.14189367834102048,0.8330854053349168,late,2
A2,Raw plus fine-state stage probability,C6,293,0.9273927392739274,late,2,0.980882373408346,0.7234032154083252,0.024702266460713582,0.14140662933685486,0.8338911042014314,late,2
A2,Raw plus fine-state stage probability,C6,294,0.9306930693069307,late,2,0.9818149405591582,0.724524974822998,0.02457843596803128,0.14076071353664732,0.8346608504943214,late,2
A2,Raw plus fine-state stage probability,C6,295,0.933993399339934,late,2,0.9827475077099702,0.7262020707130432,0.024355607731289513,0.1400066666702916,0.8356377255974189,late,2
A2,Raw plus fine-state stage probability,C6,296,0.9372937293729373,late,2,0.9836800748607823,0.7264900803565979,0.024400393144123865,0.1392676675957556,0.8363319392591205,late,2
A2,Raw plus fine-state stage probability,C6,297,0.9405940594059405,late,2,0.9846126420115944,0.7266719341278076,0.024363584673717797,0.13891772395406066,0.8367186913712215,late,2
A2,Raw plus fine-state stage probability,C6,298,0.9438943894389439,late,2,0.9855452091624064,0.7263810038566589,0.024447869748770647,0.1385584912481463,0.836993639002083,late,2
A2,Raw plus fine-state stage probability,C6,299,0.9471947194719472,late,2,0.9864777763132186,0.725306510925293,0.02466058894650547,0.13822275754717891,0.8371166535053156,late,2
A2,Raw plus fine-state stage probability,C6,300,0.9504950495049505,late,2,0.9874103434640308,0.7243700623512268,0.02487179280998394,0.1383079243174713,0.8368202828715446,late,2
A2,Raw plus fine-state stage probability,C6,301,0.9537953795379538,late,2,0.9883429106148428,0.7246748208999634,0.02478370249219429,0.13866637221149858,0.8365499252953073,late,2
A2,Raw plus fine-state stage probability,C6,302,0.9570957095709571,late,2,0.9892754777656552,0.7233991622924805,0.025014345343826055,0.13874197447025371,0.8362436801849202,late,2
A2,Raw plus fine-state stage probability,C6,303,0.9603960396039604,late,2,0.9902080449164672,0.7233057022094727,0.025029939414740954,0.13891697569603725,0.8360530848882218,late,2
A2,Raw plus fine-state stage probability,C6,304,0.9636963696369637,late,2,0.9911406120672792,0.7223679423332214,0.025177792026908237,0.13930922963623987,0.8355129783358519,late,2
A2,Raw plus fine-state stage probability,C6,305,0.966996699669967,late,2,0.9920731792180912,0.7228854894638062,0.025092425169812554,0.13935847798415066,0.8355490968450368,late,2
A2,Raw plus fine-state stage probability,C6,306,0.9702970297029703,late,2,0.9930057463689036,0.7220547199249268,0.02522831713042442,0.13962359159672205,0.8351480912718534,late,2
A2,Raw plus fine-state stage probability,C6,307,0.9735973597359736,late,2,0.9939383135197154,0.7220582365989685,0.025221840506356605,0.13969729420212784,0.8350808652905155,late,2
A2,Raw plus fine-state stage probability,C6,308,0.976897689768977,late,2,0.9948708806705276,0.721315860748291,0.025326871214784028,0.13988192590737575,0.8347912028768402,late,2
A2,Raw plus fine-state stage probability,C6,309,0.9801980198019802,late,2,0.9958034478213396,0.7217666506767273,0.025286681697198655,0.13961712654601766,0.8350961917557838,late,2
A2,Raw plus fine-state stage probability,C6,310,0.9834983498349835,late,2,0.996736014972152,0.7211832404136658,0.025398373374319924,0.13963244397730903,0.8349691826473711,late,2
A2,Raw plus fine-state stage probability,C6,311,0.9867986798679867,late,2,0.9976685821229638,0.7195386290550232,0.025746325531064578,0.13960168119711436,0.8346519932708211,late,2
A2,Raw plus fine-state stage probability,C6,312,0.9900990099009901,late,2,0.998601149273776,0.7209161520004272,0.02552269821686468,0.1393584968228293,0.835118804959306,late,2
A2,Raw plus fine-state stage probability,C6,313,0.9933993399339934,late,2,0.999067432849182,0.7188729643821716,0.025914762632874143,0.13959271532024842,0.8344925220458774,late,2
A2,Raw plus fine-state stage probability,C6,314,0.9966996699669967,late,2,0.9995337164245882,0.7189801931381226,0.025909484126450565,0.13960348815482412,0.8344870277177252,late,2
A2,Raw plus fine-state stage probability,C6,315,1.0,late,2,0.999999999999994,0.7169004082679749,0.026337053250915565,0.1401201049297384,0.833542841818346,late,2
A3,Raw plus q-hat degradation-position prior,C6,12,0.0,early,0,0.0543003305631503,0.3089219033718109,0.8197640351594283,0.15907055792505656,0.021165406914514923,early,0
A3,Raw plus q-hat degradation-position prior,C6,13,0.0033003300330033004,early,0,0.0607357409228696,0.31158775091171265,0.8151442955643327,0.16337219710378248,0.021483507330884964,early,0
A3,Raw plus q-hat degradation-position prior,C6,14,0.006600660066006601,early,0,0.0675207371477249,0.3116450011730194,0.8149401121076688,0.1638408099444097,0.02121907794692138,early,0
A3,Raw plus q-hat degradation-position prior,C6,15,0.009900990099009901,early,0,0.0746968680474152,0.31120169162750244,0.8142063159880327,0.16457837638283487,0.021215307628132476,early,0
A3,Raw plus q-hat degradation-position prior,C6,16,0.013201320132013201,early,0,0.0810622745661246,0.31120771169662476,0.8132975452184495,0.16564863448854486,0.021053820292005622,early,0
A3,Raw plus q-hat degradation-position prior,C6,17,0.0165016501650165,early,0,0.0874276810764199,0.31131523847579956,0.8109553968360421,0.16789200522595235,0.021152597937005357,early,0
A3,Raw plus q-hat degradation-position prior,C6,18,0.019801980198019802,early,0,0.0935881687037735,0.3107154369354248,0.8105788912497526,0.16844401648336643,0.02097709226588099,early,0
A3,Raw plus q-hat degradation-position prior,C6,19,0.0231023102310231,early,0,0.0995437374397715,0.31223905086517334,0.8059198616970342,0.17285902812160364,0.02122111018036202,early,0
A3,Raw plus q-hat degradation-position prior,C6,20,0.026402640264026403,early,0,0.1052943872844138,0.3116161525249481,0.8058318390823465,0.17294479160649046,0.02122336931016292,early,0
A3,Raw plus q-hat degradation-position prior,C6,21,0.0297029702970297,early,0,0.1108401182377004,0.30951738357543945,0.8125774184035629,0.166176522458929,0.021246059136508125,early,0
A3,Raw plus q-hat degradation-position prior,C6,22,0.033003300330033,early,0,0.1161809303080454,0.3078916370868683,0.8165618280103601,0.16242168032672924,0.021016491661910452,early,0
A3,Raw plus q-hat degradation-position prior,C6,23,0.036303630363036306,early,0,0.1213168234786207,0.3078649938106537,0.8177682922795105,0.16105012491680296,0.02118158280268654,early,0
A3,Raw plus q-hat degradation-position prior,C6,24,0.039603960396039604,early,0,0.1262477977578404,0.3084639608860016,0.8177288743793891,0.16087897753689642,0.02139214808271447,early,0
A3,Raw plus q-hat degradation-position prior,C6,25,0.0429042904290429,early,0,0.13117877203706,0.30903297662734985,0.8178401158871621,0.16067624053111437,0.02148364358072362,early,0
A3,Raw plus q-hat degradation-position prior,C6,26,0.0462046204620462,early,0,0.1361097463162796,0.309581995010376,0.8178114617467026,0.16046854306594738,0.021719995186350143,early,0
A3,Raw plus q-hat degradation-position prior,C6,27,0.04950495049504951,early,0,0.1410407205954993,0.3101050853729248,0.8173140038666109,0.16065935475053436,0.022026641381854693,early,0
A3,Raw plus q-hat degradation-position prior,C6,28,0.052805280528052806,early,0,0.1459716948747189,0.31057819724082947,0.8167991532313363,0.16085769573890038,0.022343151028763334,early,0
A3,Raw plus q-hat degradation-position prior,C6,29,0.056105610561056105,early,0,0.1509026691539386,0.3107044994831085,0.8166562390541157,0.16069234740089042,0.022651413543993942,early,0
A3,Raw plus q-hat degradation-position prior,C6,30,0.0594059405940594,early,0,0.1554870761471252,0.3104238212108612,0.8170970715423239,0.16019693097205986,0.022705997484616224,early,0
A3,Raw plus q-hat degradation-position prior,C6,31,0.0627062706270627,early,0,0.1597249158626929,0.31037449836730957,0.8175643798557701,0.16003395906846546,0.022401661074764472,early,0
A3,Raw plus q-hat degradation-position prior,C6,32,0.066006600660066,early,0,0.1636161882838135,0.31071460247039795,0.8172861184840461,0.1602901352946434,0.0224237462203104,early,0
A3,Raw plus q-hat degradation-position prior,C6,33,0.06930693069306931,early,0,0.1671608934273151,0.3109871447086334,0.8167569636166551,0.1603116227411341,0.02293141364121084,early,0
A3,Raw plus q-hat degradation-position prior,C6,34,0.07260726072607261,early,0,0.1703590312763698,0.3110054135322571,0.8169908868508958,0.16019515996923062,0.022813953178873508,early,0
A3,Raw plus q-hat degradation-position prior,C6,35,0.07590759075907591,early,0,0.1732106018478054,0.31121525168418884,0.8167027952634189,0.1603087824109542,0.022988422324626962,early,0
A3,Raw plus q-hat degradation-position prior,C6,36,0.07920792079207921,early,0,0.175715605133208,0.31113216280937195,0.8168508692382188,0.1601809887893527,0.022968141971428546,early,0
A3,Raw plus q-hat degradation-position prior,C6,37,0.08250825082508251,early,0,0.1782206084186106,0.31100887060165405,0.8170940452077438,0.1599338393807027,0.022972115410553492,early,0
A3,Raw plus q-hat degradation-position prior,C6,38,0.0858085808580858,early,0,0.1807256117040133,0.3106935918331146,0.8175703762447748,0.1595258896708689,0.02290373408335638,early,0
A3,Raw plus q-hat degradation-position prior,C6,39,0.0891089108910891,early,0,0.183230614989416,0.31049010157585144,0.8178134177806793,0.15932707838170498,0.02285950383661553,early,0
A3,Raw plus q-hat degradation-position prior,C6,40,0.0924092409240924,early,0,0.1857356182748186,0.3105015158653259,0.8177580304289445,0.15940596538075863,0.02283600418929672,early,0
A3,Raw plus q-hat degradation-position prior,C6,41,0.09570957095709572,early,0,0.1882406215602211,0.3105050325393677,0.8178157405187614,0.15940742427991045,0.022776835200328246,early,0
A3,Raw plus q-hat degradation-position prior,C6,42,0.09900990099009901,early,0,0.1907456248456237,0.30999210476875305,0.8184333490443768,0.1588680271564329,0.022698623798190282,early,0
A3,Raw plus q-hat degradation-position prior,C6,43,0.10231023102310231,early,0,0.1932506281226124,0.3100661039352417,0.8183603148302542,0.15886849012824997,0.022771195040495854,early,0
A3,Raw plus q-hat degradation-position prior,C6,44,0.10561056105610561,early,0,0.195755631408015,0.3098283112049103,0.8186783196384066,0.15857143909599827,0.022750241264595048,early,0
A3,Raw plus q-hat degradation-position prior,C6,45,0.10891089108910891,early,0,0.1982606346850036,0.3096039295196533,0.8191159646432892,0.15826376517674756,0.022620270178963207,early,0
A3,Raw plus q-hat degradation-position prior,C6,46,0.11221122112211221,early,0,0.2007656379704062,0.3096730411052704,0.8189994369078247,0.1583822698729325,0.022618293218242828,early,0
A3,Raw plus q-hat degradation-position prior,C6,47,0.11551155115511551,early,0,0.2032706412810509,0.30967026948928833,0.8189285526253991,0.1584481735167631,0.022623273856837784,early,0
A3,Raw plus q-hat degradation-position prior,C6,48,0.1188118811881188,early,0,0.2057756445412115,0.3095974028110504,0.8189820947544943,0.15837931236080163,0.02263859288370405,early,0
A3,Raw plus q-hat degradation-position prior,C6,49,0.12211221122112212,early,0,0.2082806478266142,0.30986014008522034,0.8186297122925843,0.1586856011240512,0.02268468658236451,early,0
A3,Raw plus q-hat degradation-position prior,C6,50,0.1254125412541254,early,0,0.2107856511456729,0.30998045206069946,0.8184580356157454,0.15886277376673483,0.02267919061651974,early,0
A3,Raw plus q-hat degradation-position prior,C6,51,0.12871287128712872,early,0,0.2132906544058334,0.31007686257362366,0.8181315358573711,0.15904239174796014,0.022826072393668694,early,0
A3,Raw plus q-hat degradation-position prior,C6,52,0.132013201320132,early,0,0.21579565769965,0.31022506952285767,0.8179386777840589,0.15920628287205782,0.022855039342883285,early,0
A3,Raw plus q-hat degradation-position prior,C6,53,0.1353135313531353,early,0,0.2183006610187089,0.3107087016105652,0.8171172737067366,0.15978264319623553,0.023100083096027776,early,0
A3,Raw plus q-hat degradation-position prior,C6,54,0.13861386138613863,early,0,0.2208056642536273,0.31093835830688477,0.8167312895778367,0.1600492009866995,0.023219509434463735,early,0
A3,Raw plus q-hat degradation-position prior,C6,55,0.1419141914191419,early,0,0.2233106675726861,0.3110228478908539,0.8163858016707993,0.16025672071386302,0.023357477614337686,early,0
A3,Raw plus q-hat degradation-position prior,C6,56,0.14521452145214522,early,0,0.2258156708917448,0.3114282190799713,0.8158829794149135,0.16072234890332218,0.02339467168076437,early,0
A3,Raw plus q-hat degradation-position prior,C6,57,0.1485148514851485,early,0,0.2283206741266631,0.3120516538619995,0.8149253206584636,0.16154688974759296,0.023527789592943466,early,0
A3,Raw plus q-hat degradation-position prior,C6,58,0.15181518151815182,early,0,0.230825677445722,0.3124416470527649,0.8144874385488869,0.1619141333135534,0.02359842813655966,early,0
A3,Raw plus q-hat degradation-position prior,C6,59,0.1551155115511551,early,0,0.2333306806806404,0.31282496452331543,0.8135422174687561,0.16258755988734058,0.023870222642903373,early,0
A3,Raw plus q-hat degradation-position prior,C6,60,0.15841584158415842,early,0,0.2358356839155588,0.31308361887931824,0.8133785010194423,0.16303061206414507,0.023590886915412584,early,0
A3,Raw plus q-hat degradation-position prior,C6,61,0.1617161716171617,early,0,0.2383406872346176,0.3133983016014099,0.8125848599061131,0.1635967735134593,0.02381836657942766,early,0
A3,Raw plus q-hat degradation-position prior,C6,62,0.16501650165016502,early,0,0.2405333421859526,0.31313028931617737,0.8130100958335748,0.16348790179866893,0.02350200236675629,early,0
A3,Raw plus q-hat degradation-position prior,C6,63,0.16831683168316833,early,0,0.2424136488537044,0.31385356187820435,0.8115210783709846,0.16457762995400133,0.023901291674013895,early,0
A3,Raw plus q-hat degradation-position prior,C6,64,0.1716171617161716,early,0,0.2439816073220131,0.31401264667510986,0.811236568355577,0.1649614335378545,0.0238019981055684,early,0
A3,Raw plus q-hat degradation-position prior,C6,65,0.17491749174917492,early,0,0.2452372175067385,0.315245121717453,0.807738869391237,0.16710753050879715,0.025153600098965875,early,0
A3,Raw plus q-hat degradation-position prior,C6,66,0.1782178217821782,early,0,0.2461804794078805,0.3159659802913666,0.8064945666693324,0.16832438055630047,0.025181052773367147,early,0
A3,Raw plus q-hat degradation-position prior,C6,67,0.18151815181518152,early,0,0.2468113930254392,0.3172479569911957,0.80345745647543,0.170860824909131,0.02568171861443904,early,0
A3,Raw plus q-hat degradation-position prior,C6,68,0.1848184818481848,early,0,0.2471427694933539,0.31758931279182434,0.8015111136221484,0.1726070056758929,0.025881880700958797,early,0
A3,Raw plus q-hat degradation-position prior,C6,69,0.18811881188118812,early,0,0.2479090181565044,0.3202665448188782,0.795893614115951,0.1774630033469894,0.02664338253605957,early,0
A3,Raw plus q-hat degradation-position prior,C6,70,0.19141914191419143,early,0,0.2490971012066999,0.32274913787841797,0.7893049421748779,0.18337980690350084,0.027315250920621318,early,0
A3,Raw plus q-hat degradation-position prior,C6,71,0.19471947194719472,early,0,0.2506934927372599,0.32510966062545776,0.7819387180569881,0.1900865033563916,0.02797477858562026,early,0
A3,Raw plus q-hat degradation-position prior,C6,72,0.19801980198019803,early,0,0.252684213072299,0.3270651400089264,0.7758296557184212,0.19606733317592892,0.02810301110464999,early,0
A3,Raw plus q-hat degradation-position prior,C6,73,0.20132013201320131,early,0,0.255054863769136,0.33261561393737793,0.7599757698255688,0.21043839548999624,0.02958583468343482,early,0
A3,Raw plus q-hat degradation-position prior,C6,74,0.20462046204620463,early,0,0.2577906625365613,0.334667444229126,0.7507191097888809,0.21917512634067074,0.03010576386944829,early,0
A3,Raw plus q-hat degradation-position prior,C6,75,0.2079207920792079,early,0,0.2608636681129916,0.3361213803291321,0.737906761624287,0.2310922355377293,0.031001002836983618,early,0
A3,Raw plus q-hat degradation-position prior,C6,76,0.21122112211221122,early,0,0.2638363774010046,0.33464404940605164,0.7460083340102406,0.22342729049625074,0.03056437549250872,early,0
A3,Raw plus q-hat degradation-position prior,C6,77,0.2145214521452145,early,0,0.266706110107996,0.335044264793396,0.7352928893995204,0.23373048372756935,0.030976626871910187,early,0
A3,Raw plus q-hat degradation-position prior,C6,78,0.21782178217821782,early,0,0.2694704346603989,0.33370253443717957,0.7488793256783847,0.22159914755533922,0.02952152676527611,early,0
A3,Raw plus q-hat degradation-position prior,C6,79,0.22112211221122113,early,0,0.2721271695499306,0.33459335565567017,0.7454529615628076,0.22509802245487542,0.02944901598131703,early,0
A3,Raw plus q-hat degradation-position prior,C6,80,0.22442244224422442,early,0,0.2746743849322597,0.3317588269710541,0.7584543943373945,0.213509168087434,0.0280364375741715,early,0
A3,Raw plus q-hat degradation-position prior,C6,81,0.22772277227722773,early,0,0.2771104033001299,0.3314158022403717,0.7569372466378733,0.21474743861190165,0.02831531474922477,early,0
A3,Raw plus q-hat degradation-position prior,C6,82,0.23102310231023102,early,0,0.2794337993150789,0.33018967509269714,0.7633123690157058,0.2091368206774492,0.027550810305845032,early,0
A3,Raw plus q-hat degradation-position prior,C6,83,0.23432343234323433,early,0,0.2816433994708767,0.33043262362480164,0.7609290696220893,0.21142183529065858,0.02764909508625216,early,0
A3,Raw plus q-hat degradation-position prior,C6,84,0.2376237623762376,early,0,0.2837382809997008,0.33064618706703186,0.7625678072318431,0.21018641345486183,0.02724577931229496,early,0
A3,Raw plus q-hat degradation-position prior,C6,85,0.24092409240924093,early,0,0.2857177701051873,0.3312995433807373,0.7592434576323466,0.2133356665444918,0.027420875822161652,early,0
A3,Raw plus q-hat degradation-position prior,C6,86,0.24422442244224424,early,0,0.2875814402796224,0.33101293444633484,0.7554318490181084,0.21704130029748286,0.027526850683408603,early,0
A3,Raw plus q-hat degradation-position prior,C6,87,0.24752475247524752,early,0,0.2893291093590293,0.32748177647590637,0.7708229472744322,0.2024646474117068,0.026712405312860905,early,0
A3,Raw plus q-hat degradation-position prior,C6,88,0.2508250825082508,early,0,0.2909608366623936,0.3314131796360016,0.749242902049914,0.22231094010130933,0.0284461578477767,early,0
A3,Raw plus q-hat degradation-position prior,C6,89,0.25412541254125415,early,0,0.292476919541907,0.3302106261253357,0.758328257656409,0.2143312577361943,0.027340484606396792,early,0
A3,Raw plus q-hat degradation-position prior,C6,90,0.25742574257425743,early,0,0.2938778895966487,0.3326147794723511,0.7325489646404332,0.237691463548821,0.029759571809745703,early,0
A3,Raw plus q-hat degradation-position prior,C6,91,0.2607260726072607,early,0,0.2951645082131444,0.33392423391342163,0.7480844760618075,0.22355956670279106,0.028355957234401406,early,0
A3,Raw plus q-hat degradation-position prior,C6,92,0.264026402640264,early,0,0.2963377620217843,0.33415162563323975,0.7233431998311146,0.24590876033135248,0.03074803983653284,early,0
A3,Raw plus q-hat degradation-position prior,C6,93,0.26732673267326734,early,0,0.2973988580166796,0.33380651473999023,0.7369240685251465,0.23377509238500924,0.02930083908884427,early,0
A3,Raw plus q-hat degradation-position prior,C6,94,0.2706270627062706,early,0,0.2983492180865358,0.333255797624588,0.7003141123284404,0.26726602049974846,0.03241986717081112,early,0
A3,Raw plus q-hat degradation-position prior,C6,95,0.2739273927392739,early,0,0.2991904732089655,0.33521968126296997,0.7069223228816021,0.26120618498426695,0.031871492133130994,early,0
A3,Raw plus q-hat degradation-position prior,C6,96,0.27722772277227725,middle,1,0.2999244579813612,0.3373226821422577,0.651344517806921,0.31247890503270387,0.03617657715937508,early,0
A3,Raw plus q-hat degradation-position prior,C6,97,0.28052805280528054,middle,1,0.3005532038896633,0.34093204140663147,0.589648749104551,0.3703575227283312,0.03999372816611786,early,0
A3,Raw plus q-hat degradation-position prior,C6,98,0.2838283828382838,middle,1,0.3010789330819709,0.3407261371612549,0.5486770599217028,0.4097620040704146,0.041560936006882626,early,0
A3,Raw plus q-hat degradation-position prior,C6,99,0.2871287128712871,middle,1,0.3015040515531672,0.3496839702129364,0.3709553279359659,0.584716025421329,0.04432864664170501,middle,1
A3,Raw plus q-hat degradation-position prior,C6,100,0.29042904290429045,middle,1,0.3018311420771272,0.3530406057834625,0.32842993465602327,0.6272767872399362,0.0442932781030404,middle,1
A3,Raw plus q-hat degradation-position prior,C6,101,0.29372937293729373,middle,1,0.3020690494932344,0.3592841625213623,0.2762444840677975,0.6792345400412099,0.044520975889992556,middle,1
A3,Raw plus q-hat degradation-position prior,C6,102,0.297029702970297,middle,1,0.3022325432192163,0.36500686407089233,0.24051103235966592,0.7148666635566465,0.04462230408268756,middle,1
A3,Raw plus q-hat degradation-position prior,C6,103,0.30033003300330036,middle,1,0.302336046771595,0.3781692385673523,0.1892200562319132,0.7655070677896894,0.04527287597739719,middle,1
A3,Raw plus q-hat degradation-position prior,C6,104,0.30363036303630364,middle,1,0.3023936126918466,0.38504308462142944,0.17016902410750956,0.7831784047012683,0.04665257119022207,middle,1
A3,Raw plus q-hat degradation-position prior,C6,105,0.3069306930693069,middle,1,0.302418898229824,0.3891671299934387,0.16354127266156396,0.7862265227128937,0.05023220462454215,middle,1
A3,Raw plus q-hat degradation-position prior,C6,106,0.3102310231023102,middle,1,0.3024251420368648,0.39413201808929443,0.1612541823185139,0.7849165455092855,0.05382927217120066,middle,1
A3,Raw plus q-hat degradation-position prior,C6,107,0.31353135313531355,middle,1,0.3024251420368648,0.3975559175014496,0.1566111898238867,0.7872605268852068,0.05612828328990662,middle,1
A3,Raw plus q-hat degradation-position prior,C6,108,0.31683168316831684,middle,1,0.3024251420368648,0.38123711943626404,0.23460245018064957,0.7021324686183511,0.06326508119999946,middle,1
A3,Raw plus q-hat degradation-position prior,C6,109,0.3201320132013201,middle,1,0.3024251420368648,0.3917933404445648,0.18624602293993342,0.7548339375089365,0.058920039550130206,middle,1
A3,Raw plus q-hat degradation-position prior,C6,110,0.3234323432343234,middle,1,0.3024251420368648,0.3877370059490204,0.2140099150448871,0.7255607004986785,0.060429384455434144,middle,1
A3,Raw plus q-hat degradation-position prior,C6,111,0.32673267326732675,middle,1,0.3024251420368648,0.3961142301559448,0.17630944302869547,0.7654388577325437,0.05825169923776073,middle,1
A3,Raw plus q-hat degradation-position prior,C6,112,0.33003300330033003,middle,1,0.3024251420368648,0.39156052470207214,0.21598890871497284,0.7230642614909862,0.060946829793040946,middle,1
A3,Raw plus q-hat degradation-position prior,C6,113,0.3333333333333333,middle,1,0.3024251420368648,0.3999877870082855,0.16187252382120848,0.78046799478944,0.057659481388351475,middle,1
A3,Raw plus q-hat degradation-position prior,C6,114,0.33663366336633666,middle,1,0.3024251420368648,0.39979586005210876,0.1739191981804972,0.7672330522871854,0.058847749531317294,middle,1
A3,Raw plus q-hat degradation-position prior,C6,115,0.33993399339933994,middle,1,0.3024251420368648,0.40596628189086914,0.13881508002874948,0.8041298104072292,0.057055109563021324,middle,1
A3,Raw plus q-hat degradation-position prior,C6,116,0.3432343234323432,middle,1,0.3024251420368648,0.4059394896030426,0.14974929211407279,0.7929874951824283,0.05726321270249884,middle,1
A3,Raw plus q-hat degradation-position prior,C6,117,0.3465346534653465,middle,1,0.3024251420368648,0.4113992154598236,0.1260374245426942,0.8171819169216238,0.05678065853468192,middle,1
A3,Raw plus q-hat degradation-position prior,C6,118,0.34983498349834985,middle,1,0.3024251420368648,0.4197269082069397,0.11011764341786505,0.8319990400729952,0.05788331650813966,middle,1
A3,Raw plus q-hat degradation-position prior,C6,119,0.35313531353135313,middle,1,0.3024251420368648,0.3979281783103943,0.17459304237427015,0.7593480651733275,0.06605889245140222,middle,1
A3,Raw plus q-hat degradation-position prior,C6,120,0.3564356435643564,middle,1,0.3024251420368648,0.4191836714744568,0.12562294013110953,0.8055266502485674,0.06885040961932304,middle,1
A3,Raw plus q-hat degradation-position prior,C6,121,0.35973597359735976,middle,1,0.3024251420368648,0.42013537883758545,0.1277042196839621,0.8051954681163375,0.0671003121987005,middle,1
A3,Raw plus q-hat degradation-position prior,C6,122,0.36303630363036304,middle,1,0.3024251420368648,0.42659351229667664,0.11555306971210923,0.8151019958722928,0.06934493441459791,middle,1
A3,Raw plus q-hat degradation-position prior,C6,123,0.36633663366336633,middle,1,0.3024251420368648,0.4262668788433075,0.14334674947766635,0.7798113557328539,0.07684189478847973,middle,1
A3,Raw plus q-hat degradation-position prior,C6,124,0.3696369636963696,middle,1,0.3024251420368648,0.43316465616226196,0.1152047678549155,0.8096524052923456,0.07514282685173886,middle,1
A3,Raw plus q-hat degradation-position prior,C6,125,0.37293729372937295,middle,1,0.3024251420368648,0.4333382546901703,0.11132092610697814,0.8170873551448331,0.07159171874718871,middle,1
A3,Raw plus q-hat degradation-position prior,C6,126,0.37623762376237624,middle,1,0.3024412137797824,0.4377652406692505,0.09989868592158209,0.830011539901682,0.07008977417573589,middle,1
A3,Raw plus q-hat degradation-position prior,C6,127,0.3795379537953795,middle,1,0.3026364281860637,0.4334155023097992,0.11389966286963436,0.8136634652079577,0.07243687192140795,middle,1
A3,Raw plus q-hat degradation-position prior,C6,128,0.38283828382838286,middle,1,0.3030107851715685,0.4364373981952667,0.10282113661770637,0.8259246266538754,0.07125423672741796,middle,1
A3,Raw plus q-hat degradation-position prior,C6,129,0.38613861386138615,middle,1,0.3035642847362966,0.4446551501750946,0.08739421605682528,0.8435209909636552,0.06908479297851951,middle,1
A3,Raw plus q-hat degradation-position prior,C6,130,0.38943894389438943,middle,1,0.3042969268802481,0.44123417139053345,0.08438562712815369,0.8513382799064164,0.06427609296442988,middle,1
A3,Raw plus q-hat degradation-position prior,C6,131,0.3927392739273927,middle,1,0.3052087116875634,0.442484050989151,0.07591105420745017,0.8648641502686701,0.05922479552287979,middle,1
A3,Raw plus q-hat degradation-position prior,C6,132,0.39603960396039606,middle,1,0.3062996390741022,0.4391639828681946,0.074086474540298,0.8717890757253349,0.054124449733367046,middle,1
A3,Raw plus q-hat degradation-position prior,C6,133,0.39933993399339934,middle,1,0.3075536372969468,0.4388996362686157,0.06714178593078482,0.8855835085689164,0.04727470549929868,middle,1
A3,Raw plus q-hat degradation-position prior,C6,134,0.40264026402640263,middle,1,0.3088076355197915,0.43563637137413025,0.06710184940389122,0.8885055317038179,0.04439261889129102,middle,1
A3,Raw plus q-hat degradation-position prior,C6,135,0.40594059405940597,middle,1,0.310061633742636,0.43309086561203003,0.06467105185182892,0.8948530853471592,0.04047586280001183,middle,1
A3,Raw plus q-hat degradation-position prior,C6,136,0.40924092409240925,middle,1,0.3113156319654807,0.4312250018119812,0.06476607721421088,0.8961785636429785,0.039055359141810596,middle,1
A3,Raw plus q-hat degradation-position prior,C6,137,0.41254125412541254,middle,1,0.3125696301883253,0.42990371584892273,0.06251481775369412,0.9014294727344583,0.036055709510847675,middle,1
A3,Raw plus q-hat degradation-position prior,C6,138,0.4158415841584158,middle,1,0.3138236284111699,0.43029606342315674,0.06195422695582218,0.9021061228066427,0.03593965023653509,middle,1
A3,Raw plus q-hat degradation-position prior,C6,139,0.41914191419141916,middle,1,0.3150776266340144,0.42874759435653687,0.06122901007589889,0.9046493317784091,0.0341216581446919,middle,1
A3,Raw plus q-hat degradation-position prior,C6,140,0.42244224422442245,middle,1,0.3163316248568591,0.4263884127140045,0.06308904601603504,0.9032664350456507,0.033644518937314245,middle,1
A3,Raw plus q-hat degradation-position prior,C6,141,0.42574257425742573,middle,1,0.3175856230797036,0.42744770646095276,0.061360280464182536,0.9056164641029837,0.033023255431833695,middle,1
A3,Raw plus q-hat degradation-position prior,C6,142,0.429042904290429,middle,1,0.3188396213025483,0.42739763855934143,0.06136561269132519,0.9056683322987941,0.03296605500888056,middle,1
A3,Raw plus q-hat degradation-position prior,C6,143,0.43234323432343236,middle,1,0.3200936195253929,0.42825859785079956,0.060515667508646225,0.9065632997220395,0.032921032768314255,middle,1
A3,Raw plus q-hat degradation-position prior,C6,144,0.43564356435643564,middle,1,0.3213476177482375,0.4287724494934082,0.06074615059799601,0.9058670636538075,0.03338678574719626,middle,1
A3,Raw plus q-hat degradation-position prior,C6,145,0.4389438943894389,middle,1,0.3226016159710823,0.4291303753852844,0.05995515658020666,0.9069162532698642,0.033128590148928966,middle,1
A3,Raw plus q-hat degradation-position prior,C6,146,0.44224422442244227,middle,1,0.3238556141939268,0.42859500646591187,0.0601472283946822,0.9069891894609536,0.03286358214336419,middle,1
A3,Raw plus q-hat degradation-position prior,C6,147,0.44554455445544555,middle,1,0.3251096124167714,0.42979878187179565,0.05931900595102036,0.907477963359033,0.03320303068894668,middle,1
A3,Raw plus q-hat degradation-position prior,C6,148,0.44884488448844884,middle,1,0.326363610639616,0.43002158403396606,0.059182560458864664,0.9075897775949014,0.03322766194523401,middle,1
A3,Raw plus q-hat degradation-position prior,C6,149,0.4521452145214521,middle,1,0.3276176088624607,0.4305769205093384,0.058782302326753244,0.9080086099089758,0.03320908776327091,middle,1
A3,Raw plus q-hat degradation-position prior,C6,150,0.45544554455445546,middle,1,0.3288716070853052,0.4278234839439392,0.06159430242498526,0.9047460816766745,0.033659615897340234,middle,1
A3,Raw plus q-hat degradation-position prior,C6,151,0.45874587458745875,middle,1,0.3301256053081499,0.43024733662605286,0.05951359314781338,0.9069459164665008,0.03354049038468562,middle,1
A3,Raw plus q-hat degradation-position prior,C6,152,0.46204620462046203,middle,1,0.3313796035309944,0.4287784695625305,0.060289166801008376,0.9065844516013936,0.033126381596597816,middle,1
A3,Raw plus q-hat degradation-position prior,C6,153,0.46534653465346537,middle,1,0.3326336017538391,0.4315391182899475,0.0590923939003831,0.9068229298699851,0.03408467622863163,middle,1
A3,Raw plus q-hat degradation-position prior,C6,154,0.46864686468646866,middle,1,0.3338875999766836,0.4321834444999695,0.0594257403961784,0.9058859987963795,0.03468826080644192,middle,1
A3,Raw plus q-hat degradation-position prior,C6,155,0.47194719471947194,middle,1,0.3351415981995282,0.4340552091598511,0.0585090837102224,0.9059423129099933,0.035548603378784405,middle,1
A3,Raw plus q-hat degradation-position prior,C6,156,0.4752475247524752,middle,1,0.3363955964223728,0.43387433886528015,0.05858518887444725,0.9061386114054925,0.035276199719060236,middle,1
A3,Raw plus q-hat degradation-position prior,C6,157,0.47854785478547857,middle,1,0.3376495946452175,0.4355609714984894,0.058445341485080335,0.9049653412487646,0.036589317265155095,middle,1
A3,Raw plus q-hat degradation-position prior,C6,158,0.48184818481848185,middle,1,0.3389266209189708,0.43666067719459534,0.05789348131785018,0.9053609616678016,0.03674555701334828,middle,1
A3,Raw plus q-hat degradation-position prior,C6,159,0.48514851485148514,middle,1,0.3402266750753522,0.43485450744628906,0.05898179497856221,0.9045090566981031,0.03650914832233472,middle,1
A3,Raw plus q-hat degradation-position prior,C6,160,0.4884488448844885,middle,1,0.3415497572826421,0.43394482135772705,0.05879710472966081,0.9056569663339239,0.03554592893541532,middle,1
A3,Raw plus q-hat degradation-position prior,C6,161,0.49174917491749176,middle,1,0.3428958675408408,0.4502932131290436,0.05199836042589056,0.9059497481202342,0.04205189145287501,middle,1
A3,Raw plus q-hat degradation-position prior,C6,162,0.49504950495049505,middle,1,0.3442650056816676,0.44622305035591125,0.05331565346410022,0.9060665362568346,0.040617810278065096,middle,1
A3,Raw plus q-hat degradation-position prior,C6,163,0.49834983498349833,middle,1,0.3456571718734029,0.4466346502304077,0.05310243905264758,0.9062198096145613,0.04067775133179111,middle,1
A3,Raw plus q-hat degradation-position prior,C6,164,0.5016501650165016,middle,1,0.3470723660319067,0.44980674982070923,0.052690906039375894,0.9039481198758902,0.04336097408373397,middle,1
A3,Raw plus q-hat degradation-position prior,C6,165,0.504950495049505,middle,1,0.3484875601904105,0.4536552429199219,0.05121950713117434,0.9036248678542682,0.04515562501355742,middle,1
A3,Raw plus q-hat degradation-position prior,C6,166,0.5082508250825083,middle,1,0.3499027544330546,0.456484317779541,0.05142318872032433,0.900238801975608,0.04833800930306752,middle,1
A3,Raw plus q-hat degradation-position prior,C6,167,0.5115511551155115,middle,1,0.3513179485915584,0.46158847212791443,0.04952388072106547,0.8995699137347881,0.05090620554314645,middle,1
A3,Raw plus q-hat degradation-position prior,C6,168,0.5148514851485149,middle,1,0.3527331427500622,0.4708063006401062,0.049305281051191335,0.8914883880543273,0.05920633089348136,middle,1
A3,Raw plus q-hat degradation-position prior,C6,169,0.5181518151815182,middle,1,0.3541483369085658,0.483792245388031,0.04903538238566442,0.8783149307435223,0.07264968686981318,middle,1
A3,Raw plus q-hat degradation-position prior,C6,170,0.5214521452145214,middle,1,0.3555635310670696,0.49402931332588196,0.05118102560343606,0.8545620021959504,0.09425697219961342,middle,1
A3,Raw plus q-hat degradation-position prior,C6,171,0.5247524752475248,middle,1,0.3569787253097137,0.5034048557281494,0.05286189120616485,0.8297161693349542,0.117421939457881,middle,1
A3,Raw plus q-hat degradation-position prior,C6,172,0.528052805280528,middle,1,0.3583939194682176,0.5054937601089478,0.056221259286377306,0.8124130983051918,0.13136564240743076,middle,1
A3,Raw plus q-hat degradation-position prior,C6,173,0.5313531353135313,middle,1,0.3598091136267213,0.5135019421577454,0.05578494831541157,0.7985596418423415,0.1456554098412469,middle,1
A3,Raw plus q-hat degradation-position prior,C6,174,0.5346534653465347,middle,1,0.3612243078693654,0.5183797478675842,0.05783806315271468,0.7748638395722738,0.16729809727401151,middle,1
A3,Raw plus q-hat degradation-position prior,C6,175,0.5379537953795379,middle,1,0.3626395020278692,0.5287415385246277,0.058085682377353814,0.7406190287088955,0.20129528891275045,middle,1
A3,Raw plus q-hat degradation-position prior,C6,176,0.5412541254125413,middle,1,0.3640546962705133,0.5208195447921753,0.05933512717776646,0.7643297174773946,0.17633515534383884,middle,1
A3,Raw plus q-hat degradation-position prior,C6,177,0.5445544554455446,middle,1,0.365469890429017,0.5270336866378784,0.058376835116492755,0.7467103087320558,0.19491285615045145,middle,1
A3,Raw plus q-hat degradation-position prior,C6,178,0.5478547854785478,middle,1,0.3668850845875208,0.522067666053772,0.05846747475010676,0.7617323827532331,0.1798001424956601,middle,1
A3,Raw plus q-hat degradation-position prior,C6,179,0.5511551155115512,middle,1,0.368300278830165,0.5193758010864258,0.05672411669295716,0.7774461594141862,0.16582972389185657,middle,1
A3,Raw plus q-hat degradation-position prior,C6,180,0.5544554455445545,middle,1,0.3697154729886687,0.5074442625045776,0.055538225577604565,0.8133157001682227,0.13114607425317276,middle,1
A3,Raw plus q-hat degradation-position prior,C6,181,0.5577557755775577,middle,1,0.3711306671471724,0.5026271939277649,0.053423444381022235,0.829486026847941,0.1170905287700365,middle,1
A3,Raw plus q-hat degradation-position prior,C6,182,0.5610561056105611,middle,1,0.3725458613056763,0.4975444972515106,0.052888341801571134,0.8411450432525807,0.10596661494484828,middle,1
A3,Raw plus q-hat degradation-position prior,C6,183,0.5643564356435643,middle,1,0.3739610554641798,0.4935872554779053,0.053817310325147215,0.8476134475949745,0.0985692420788782,middle,1
A3,Raw plus q-hat degradation-position prior,C6,184,0.5676567656765676,middle,1,0.3753762497068241,0.4972103536128998,0.05273733798506391,0.8445643196268076,0.10269834238712851,middle,1
A3,Raw plus q-hat degradation-position prior,C6,185,0.570957095709571,middle,1,0.3767914438653277,0.4852977395057678,0.05188324667828817,0.8663926916253404,0.0817240616953715,middle,1
A3,Raw plus q-hat degradation-position prior,C6,186,0.5742574257425742,middle,1,0.3782066380238316,0.4747133255004883,0.050703026703678836,0.8829313749989416,0.06636559829637959,middle,1
A3,Raw plus q-hat degradation-position prior,C6,187,0.5775577557755776,middle,1,0.3796218321823353,0.4707041084766388,0.051836867875969514,0.8845942588531517,0.06356887326987885,middle,1
A3,Raw plus q-hat degradation-position prior,C6,188,0.5808580858085809,middle,1,0.3810370263408391,0.464846670627594,0.05055979128852536,0.8933755590758192,0.05606464963465545,middle,1
A3,Raw plus q-hat degradation-position prior,C6,189,0.5841584158415841,middle,1,0.3824522205834832,0.4610072672367096,0.05121322114669766,0.8961216550018255,0.052665123850476704,middle,1
A3,Raw plus q-hat degradation-position prior,C6,190,0.5874587458745875,middle,1,0.3842404922043516,0.45684540271759033,0.050677536126008414,0.9012024300094957,0.04812003386349579,middle,1
A3,Raw plus q-hat degradation-position prior,C6,191,0.5907590759075908,middle,1,0.3864018412875842,0.45218369364738464,0.052281320472810616,0.9026208096339627,0.04509786989222645,middle,1
A3,Raw plus q-hat degradation-position prior,C6,192,0.594059405940594,middle,1,0.3889362679173217,0.4492962956428528,0.05168490212886518,0.9066921986676555,0.04162289920247923,middle,1
A3,Raw plus q-hat degradation-position prior,C6,193,0.5973597359735974,middle,1,0.3918437719252833,0.45529457926750183,0.048510827018304926,0.9082074283371957,0.04328174464349942,middle,1
A3,Raw plus q-hat degradation-position prior,C6,194,0.6006600660066007,middle,1,0.3951243534797499,0.4503404498100281,0.04930137301081947,0.9110110354258686,0.03968759156231192,middle,1
A3,Raw plus q-hat degradation-position prior,C6,195,0.6039603960396039,middle,1,0.3987780124965807,0.4486912488937378,0.04907129688130458,0.9131235566107332,0.03780514650696209,middle,1
A3,Raw plus q-hat degradation-position prior,C6,196,0.6072607260726073,middle,1,0.4028047489757763,0.44505786895751953,0.04975021579878884,0.9147344686305262,0.03551531556968496,middle,1
A3,Raw plus q-hat degradation-position prior,C6,197,0.6105610561056105,middle,1,0.4068314854549716,0.44626227021217346,0.04843640361115536,0.9165086393429719,0.035054957044872694,middle,1
A3,Raw plus q-hat degradation-position prior,C6,198,0.6138613861386139,middle,1,0.4108582219341671,0.4423477351665497,0.04975143167662519,0.9167969102829265,0.0334516580394482,middle,1
A3,Raw plus q-hat degradation-position prior,C6,199,0.6171617161716172,middle,1,0.4148849584133625,0.4412427842617035,0.04958665455431558,0.9178405885025438,0.032572756942140735,middle,1
A3,Raw plus q-hat degradation-position prior,C6,200,0.6204620462046204,middle,1,0.4189116948925581,0.4398568570613861,0.05000711815012353,0.9181250427788157,0.031867839070060584,middle,1
A3,Raw plus q-hat degradation-position prior,C6,201,0.6237623762376238,middle,1,0.4229384313717534,0.4411245584487915,0.04905072638267049,0.9189632485265399,0.03198602508978951,middle,1
A3,Raw plus q-hat degradation-position prior,C6,202,0.6270627062706271,middle,1,0.4269651678509489,0.43984389305114746,0.04952392982286313,0.9189791840601996,0.031496886115936984,middle,1
A3,Raw plus q-hat degradation-position prior,C6,203,0.6303630363036303,middle,1,0.4309919042460039,0.4425044357776642,0.048416321143662955,0.9190917792218584,0.032491899633478656,middle,1
A3,Raw plus q-hat degradation-position prior,C6,204,0.6336633663366337,middle,1,0.4350186407251992,0.43976467847824097,0.050118019687976294,0.9176134900038031,0.032268490307220635,middle,1
A3,Raw plus q-hat degradation-position prior,C6,205,0.636963696369637,middle,1,0.4390453772043946,0.4453408122062683,0.04773870622411154,0.918184086010909,0.034077207763979496,middle,1
A3,Raw plus q-hat degradation-position prior,C6,206,0.6402640264026402,middle,1,0.4430721135994497,0.44291701912879944,0.049288089951295175,0.9167593910066978,0.03395251904100705,middle,1
A3,Raw plus q-hat degradation-position prior,C6,207,0.6435643564356436,middle,1,0.4470988500786451,0.44705930352211,0.04790617929039402,0.9159834902017602,0.036110330506845874,middle,1
A3,Raw plus q-hat degradation-position prior,C6,208,0.6468646864686468,middle,1,0.4511255865578406,0.44638481736183167,0.048745764790207764,0.9151931716966903,0.03606106351210177,middle,1
A3,Raw plus q-hat degradation-position prior,C6,209,0.6501650165016502,middle,1,0.455152323037036,0.4520557224750519,0.046756517120028554,0.9137711481610614,0.039472334717910076,middle,1
A3,Raw plus q-hat degradation-position prior,C6,210,0.6534653465346535,middle,1,0.4591790595162315,0.4517180323600769,0.04727732747249737,0.9131537222197269,0.03956895030677565,middle,1
A3,Raw plus q-hat degradation-position prior,C6,211,0.6567656765676567,middle,1,0.4632057959954269,0.4572190046310425,0.045716585973584946,0.9114190597321666,0.04286435429324841,middle,1
A3,Raw plus q-hat degradation-position prior,C6,212,0.6600660066006601,middle,1,0.4672325324746222,0.46025845408439636,0.045469958568521186,0.9087127453205953,0.04581729610988352,middle,1
A3,Raw plus q-hat degradation-position prior,C6,213,0.6633663366336634,middle,1,0.4712592689538178,0.46684691309928894,0.04443484449892522,0.9045590197001651,0.051006135799909716,middle,1
A3,Raw plus q-hat degradation-position prior,C6,214,0.6666666666666666,middle,1,0.4752860054330132,0.4762156903743744,0.04383543619543905,0.897150046682688,0.05901451712087294,middle,1
A3,Raw plus q-hat degradation-position prior,C6,215,0.66996699669967,middle,1,0.4793127419122085,0.46967369318008423,0.0447089007489941,0.9029689198476575,0.052322179402348366,middle,1
A3,Raw plus q-hat degradation-position prior,C6,216,0.6732673267326733,middle,1,0.4833394783072636,0.4927422106266022,0.04413574347997803,0.8764966098520834,0.07936764666693838,middle,1
A3,Raw plus q-hat degradation-position prior,C6,217,0.6765676567656765,middle,1,0.4873662147864592,0.4811960458755493,0.044924584775142704,0.8879427674276871,0.06713264779617013,middle,1
A3,Raw plus q-hat degradation-position prior,C6,218,0.6798679867986799,middle,1,0.4913929512656543,0.4955751299858093,0.04484848315217875,0.8680979341631497,0.08705358268367146,middle,1
A3,Raw plus q-hat degradation-position prior,C6,219,0.6831683168316832,middle,1,0.4954196876607095,0.486940860748291,0.045916455073936754,0.8754706245626634,0.07861292036239986,middle,1
A3,Raw plus q-hat degradation-position prior,C6,220,0.6864686468646864,middle,1,0.4994464241399048,0.5170926451683044,0.04863015937512711,0.8011815697863178,0.1501882708375548,middle,1
A3,Raw plus q-hat degradation-position prior,C6,221,0.6897689768976898,middle,1,0.5034731606191004,0.5217438340187073,0.049280471367124726,0.7899124327607207,0.1608070958711546,middle,1
A3,Raw plus q-hat degradation-position prior,C6,222,0.693069306930693,middle,1,0.5080172527216286,0.5436135530471802,0.04966550711065131,0.7046937280188232,0.24564076486952555,middle,1
A3,Raw plus q-hat degradation-position prior,C6,223,0.6963696369636964,middle,1,0.5130787005316301,0.5437044501304626,0.04971533537035256,0.7067243154165317,0.2435603492121157,middle,1
A3,Raw plus q-hat degradation-position prior,C6,224,0.6996699669966997,middle,1,0.5186575039649646,0.5656942129135132,0.048275716948116214,0.5913378351728796,0.3603864478780041,middle,1
A3,Raw plus q-hat degradation-position prior,C6,225,0.7029702970297029,late,2,0.5247536630216317,0.5991626381874084,0.040000217038611535,0.4096747388279675,0.5503250441324208,late,2
A3,Raw plus q-hat degradation-position prior,C6,226,0.7062706270627063,late,2,0.5313671777016317,0.6180862784385681,0.034097513544371336,0.3344104906919382,0.6314919957626904,late,2
A3,Raw plus q-hat degradation-position prior,C6,227,0.7095709570957096,late,2,0.5384980480049646,0.6518903970718384,0.02458802574618796,0.23341870515857438,0.7419932690942377,late,2
A3,Raw plus q-hat degradation-position prior,C6,228,0.7128712871287128,late,2,0.5461462739316305,0.6584046483039856,0.023142731924965583,0.21894270626103843,0.7579145618129959,late,2
A3,Raw plus q-hat degradation-position prior,C6,229,0.7161716171617162,late,2,0.5537944998582961,0.6787477135658264,0.019346471215895306,0.17992539353388645,0.8007281352492182,late,2
A3,Raw plus q-hat degradation-position prior,C6,230,0.7194719471947195,late,2,0.5614427257849618,0.6884734034538269,0.01784923052883422,0.16305144326040716,0.8190993262097587,late,2
A3,Raw plus q-hat degradation-position prior,C6,231,0.7227722772277227,late,2,0.5690909517116278,0.6971931457519531,0.01617850272540608,0.1486867829333541,0.8351347143402399,late,2
A3,Raw plus q-hat degradation-position prior,C6,232,0.7260726072607261,late,2,0.5767391776382933,0.7030099630355835,0.015307535755629181,0.13988075352299895,0.8448117107203718,late,2
A3,Raw plus q-hat degradation-position prior,C6,233,0.7293729372937293,late,2,0.5843874036490995,0.7090097069740295,0.0144038912578208,0.1314176651423914,0.8541784435987878,late,2
A3,Raw plus q-hat degradation-position prior,C6,234,0.7326732673267327,late,2,0.5920356296599056,0.7121283411979675,0.014040006157977567,0.12718423789924507,0.8587757559417774,late,2
A3,Raw plus q-hat degradation-position prior,C6,235,0.735973597359736,late,2,0.5996838556707117,0.7162657976150513,0.013553501440273385,0.12195583513955595,0.8644906634191706,late,2
A3,Raw plus q-hat degradation-position prior,C6,236,0.7392739273927392,late,2,0.6073320816815179,0.7144902944564819,0.013991474062736167,0.1239145962142892,0.8620939297219745,late,2
A3,Raw plus q-hat degradation-position prior,C6,237,0.7425742574257426,late,2,0.6149803076923238,0.7188800573348999,0.0133505946543835,0.11879184208802003,0.8678575632565964,late,2
A3,Raw plus q-hat degradation-position prior,C6,238,0.7458745874587459,late,2,0.6226285336189898,0.7184065580368042,0.013541636306950034,0.11922475642197655,0.8672336072700734,late,2
A3,Raw plus q-hat degradation-position prior,C6,239,0.7491749174917491,late,2,0.6302767595456554,0.7208566665649414,0.013224717719327714,0.11638041656614016,0.8703948657135321,late,2
A3,Raw plus q-hat degradation-position prior,C6,240,0.7524752475247525,late,2,0.6379249854723213,0.7173290252685547,0.01372665243900335,0.12053669110979094,0.8657366564502056,late,2
A3,Raw plus q-hat degradation-position prior,C6,241,0.7557755775577558,late,2,0.645573211398987,0.7211048007011414,0.013247766541008484,0.11605096798862169,0.8707012654693699,late,2
A3,Raw plus q-hat degradation-position prior,C6,242,0.759075907590759,late,2,0.6532214373256527,0.7199857234954834,0.013394597097634764,0.11729749837851908,0.8693079045228462,late,2
A3,Raw plus q-hat degradation-position prior,C6,243,0.7623762376237624,late,2,0.6608696632523182,0.7212919592857361,0.013232441354052457,0.11575125018646464,0.8710163084584829,late,2
A3,Raw plus q-hat degradation-position prior,C6,244,0.7656765676567657,late,2,0.6685178891789844,0.7188504338264465,0.01343455094528006,0.11858562318019637,0.8679798258735235,late,2
A3,Raw plus q-hat degradation-position prior,C6,245,0.768976897689769,late,2,0.6761661151897903,0.7218670845031738,0.01316844225452581,0.11508331936928691,0.8717482383751872,late,2
A3,Raw plus q-hat degradation-position prior,C6,246,0.7722772277227723,late,2,0.6838143412005964,0.7163330316543579,0.0140126388416581,0.1212780903970414,0.8647092707603005,late,2
A3,Raw plus q-hat degradation-position prior,C6,247,0.7755775577557755,late,2,0.6914625672114025,0.7223656177520752,0.013164480144328259,0.11453035551780598,0.8723051643368657,late,2
A3,Raw plus q-hat degradation-position prior,C6,248,0.7788778877887789,late,2,0.6991107932222087,0.7219022512435913,0.01332711226956714,0.11495620647641612,0.8717166812530166,late,2
A3,Raw plus q-hat degradation-position prior,C6,249,0.7821782178217822,late,2,0.7067590192330147,0.7233020663261414,0.013096368624268941,0.1134187005060779,0.8734849308686532,late,2
A3,Raw plus q-hat degradation-position prior,C6,250,0.7854785478547854,late,2,0.7144072451596807,0.7189350724220276,0.013607362402326982,0.118411197122386,0.867981440474287,late,2
A3,Raw plus q-hat degradation-position prior,C6,251,0.7887788778877888,late,2,0.7220554710863463,0.7231736779212952,0.013115750338727136,0.11349979334971741,0.8733844563105555,late,2
A3,Raw plus q-hat degradation-position prior,C6,252,0.7920792079207921,late,2,0.729703697013012,0.7221792936325073,0.013276186359540693,0.11460599883541345,0.8721178148040459,late,2
A3,Raw plus q-hat degradation-position prior,C6,253,0.7953795379537953,late,2,0.7373519229396778,0.7234305739402771,0.01308994877516673,0.1131768370312105,0.8737332141926228,late,2
A3,Raw plus q-hat degradation-position prior,C6,254,0.7986798679867987,late,2,0.7448714868279991,0.7206906080245972,0.01331787929407673,0.11629198129858566,0.8703901394063375,late,2
A3,Raw plus q-hat degradation-position prior,C6,255,0.801980198019802,late,2,0.752262388677976,0.7239552140235901,0.013067316216136287,0.11260838484936907,0.8743242989334946,late,2
A3,Raw plus q-hat degradation-position prior,C6,256,0.8052805280528053,late,2,0.7595246284896082,0.7233153581619263,0.013098056401789585,0.11333136175856486,0.8735705818386456,late,2
A3,Raw plus q-hat degradation-position prior,C6,257,0.8085808580858086,late,2,0.7666582063470367,0.7242591381072998,0.012967421216242763,0.1122491881501437,0.8747833906326136,late,2
A3,Raw plus q-hat degradation-position prior,C6,258,0.8118811881188119,late,2,0.7736631222502615,0.7257577180862427,0.012897417325823803,0.11053903841368927,0.876563544259487,late,2
A3,Raw plus q-hat degradation-position prior,C6,259,0.8151815181518152,late,2,0.7805393761151413,0.7258719801902771,0.012856228447513126,0.11042604242033882,0.8767177291311481,late,2
A3,Raw plus q-hat degradation-position prior,C6,260,0.8184818481848185,late,2,0.7872869679416767,0.726431667804718,0.01284990941383394,0.1098285737194501,0.877321516865716,late,2
A3,Raw plus q-hat degradation-position prior,C6,261,0.8217821782178217,late,2,0.7940345597682124,0.7270734906196594,0.012773489826609459,0.10914537933028892,0.8780811308421016,late,2
A3,Raw plus q-hat degradation-position prior,C6,262,0.8250825082508251,late,2,0.8007821515947479,0.7269973158836365,0.012788838477099867,0.10921288589271529,0.8779982756291846,late,2
A3,Raw plus q-hat degradation-position prior,C6,263,0.8283828382838284,late,2,0.8075297434212836,0.7275460958480835,0.012728556513319398,0.1086570185664488,0.8786144249192318,late,2
A3,Raw plus q-hat degradation-position prior,C6,264,0.8316831683168316,late,2,0.8142773352478189,0.727502167224884,0.012761011746613291,0.10869757406737739,0.8785414141850092,late,2
A3,Raw plus q-hat degradation-position prior,C6,265,0.834983498349835,late,2,0.8210249269902141,0.7282594442367554,0.012728132172207201,0.10789806619125868,0.8793738016355341,late,2
A3,Raw plus q-hat degradation-position prior,C6,266,0.8382838283828383,late,2,0.8277725187326093,0.7278720736503601,0.012806599236997816,0.10826844994459822,0.878924950817404,late,2
A3,Raw plus q-hat degradation-position prior,C6,267,0.8415841584158416,late,2,0.8345201104750046,0.7277765274047852,0.012833540142861952,0.10833148642778806,0.87883497342835,late,2
A3,Raw plus q-hat degradation-position prior,C6,268,0.8448844884488449,late,2,0.8412677022173995,0.7243426442146301,0.01326194661986346,0.11178499372167143,0.8749530596574651,late,2
A3,Raw plus q-hat degradation-position prior,C6,269,0.8481848184818482,late,2,0.8480152939597948,0.7272355556488037,0.012881573595877988,0.10894810566230877,0.8781703207408131,late,2
A3,Raw plus q-hat degradation-position prior,C6,270,0.8514851485148515,late,2,0.8547628857021901,0.7256739735603333,0.01309808955741918,0.11053904495726469,0.876362865484316,late,2
A3,Raw plus q-hat degradation-position prior,C6,271,0.8547854785478548,late,2,0.8615104774445851,0.7264611124992371,0.012961874667968519,0.10981452540756978,0.8772235999234615,late,2
A3,Raw plus q-hat degradation-position prior,C6,272,0.858085808580858,late,2,0.8682580691869803,0.7238814830780029,0.013217088298884658,0.11254500183003269,0.8742379098700827,late,2
A3,Raw plus q-hat degradation-position prior,C6,273,0.8613861386138614,late,2,0.8750056609293755,0.7256038188934326,0.013019971258471581,0.11072239226026495,0.8762576364802634,late,2
A3,Raw plus q-hat degradation-position prior,C6,274,0.8646864686468647,late,2,0.8817532527559108,0.7241317629814148,0.013222518830866444,0.11231657119483165,0.8744609099733018,late,2
A3,Raw plus q-hat degradation-position prior,C6,275,0.8679867986798679,late,2,0.8885008445824465,0.7244839072227478,0.013142485767709551,0.11199654380680052,0.8748609704244898,late,2
A3,Raw plus q-hat degradation-position prior,C6,276,0.8712871287128713,late,2,0.895248436408982,0.7224072217941284,0.01338831128978038,0.11428960045906549,0.8723220882501542,late,2
A3,Raw plus q-hat degradation-position prior,C6,277,0.8745874587458746,late,2,0.9019960282355176,0.7234477996826172,0.013342958131694725,0.11314613760860406,0.8735109042587013,late,2
A3,Raw plus q-hat degradation-position prior,C6,278,0.8778877887788779,late,2,0.9087436200620532,0.7216209173202515,0.013633803285990344,0.11517346165037401,0.8711927350626356,late,2
A3,Raw plus q-hat degradation-position prior,C6,279,0.8811881188118812,late,2,0.9154912118885886,0.7137296795845032,0.01488240429102846,0.12377005831853774,0.8613475373894337,late,2
A3,Raw plus q-hat degradation-position prior,C6,280,0.8844884488448845,late,2,0.9222388037151243,0.7210907936096191,0.013737936687425557,0.11594219711402601,0.8703198661975484,late,2
A3,Raw plus q-hat degradation-position prior,C6,281,0.8877887788778878,late,2,0.9289863954575196,0.7177897691726685,0.014344250257315743,0.11953790991642202,0.8661178398252622,late,2
A3,Raw plus q-hat degradation-position prior,C6,282,0.8910891089108911,late,2,0.9357339871999144,0.7195366024971008,0.014063112094663549,0.1177705658502655,0.868166322054071,late,2
A3,Raw plus q-hat degradation-position prior,C6,283,0.8943894389438944,late,2,0.9424815789423098,0.7140557765960693,0.014815836516152583,0.1242069977023367,0.8609771657805105,late,2
A3,Raw plus q-hat degradation-position prior,C6,284,0.8976897689768977,late,2,0.949229170684705,0.7171854376792908,0.014241332555076784,0.1204082354909969,0.8653504319529264,late,2
A3,Raw plus q-hat degradation-position prior,C6,285,0.900990099009901,late,2,0.9559767624271,0.7151452898979187,0.014641500483074455,0.12289339918281575,0.8624651003331096,late,2
A3,Raw plus q-hat degradation-position prior,C6,286,0.9042904290429042,late,2,0.9618936363706976,0.7161264419555664,0.014486836652116341,0.12169759140167995,0.8638155719452038,late,2
A3,Raw plus q-hat degradation-position prior,C6,287,0.9075907590759076,late,2,0.9669797925154976,0.7124785780906677,0.01505760003510575,0.12606451356476717,0.8588778863991271,late,2
A3,Raw plus q-hat degradation-position prior,C6,288,0.9108910891089109,late,2,0.9712352308615,0.7172314524650574,0.01443971180044592,0.12034549421748357,0.8652147939810704,late,2
A3,Raw plus q-hat degradation-position prior,C6,289,0.9141914191419142,late,2,0.9746599514087048,0.71781986951828,0.014259103288069692,0.11960763246082437,0.8661332642501061,late,2
A3,Raw plus q-hat degradation-position prior,C6,290,0.9174917491749175,late,2,0.9772539541571122,0.7199126482009888,0.013947043885314845,0.11713676493640124,0.8689161911772838,late,2
A3,Raw plus q-hat degradation-position prior,C6,291,0.9207920792079208,late,2,0.9790172391067218,0.7207693457603455,0.013751313247977105,0.11612853931623277,0.8701201474347899,late,2
A3,Raw plus q-hat degradation-position prior,C6,292,0.9240924092409241,late,2,0.979949806257534,0.7222225666046143,0.013608587320233378,0.11443676429583104,0.8719546483829356,late,2
A3,Raw plus q-hat degradation-position prior,C6,293,0.9273927392739274,late,2,0.980882373408346,0.7234032154083252,0.013365995323565902,0.1130948799976805,0.8735391246777535,late,2
A3,Raw plus q-hat degradation-position prior,C6,294,0.9306930693069307,late,2,0.9818149405591582,0.724524974822998,0.013251407827514229,0.11184067576956078,0.8749079164019249,late,2
A3,Raw plus q-hat degradation-position prior,C6,295,0.933993399339934,late,2,0.9827475077099702,0.7262020707130432,0.01305914530486528,0.11002912673020541,0.8769117279639294,late,2
A3,Raw plus q-hat degradation-position prior,C6,296,0.9372937293729373,late,2,0.9836800748607823,0.7264900803565979,0.013068704481629877,0.10964646573239867,0.8772848297849714,late,2
A3,Raw plus q-hat degradation-position prior,C6,297,0.9405940594059405,late,2,0.9846126420115944,0.7266719341278076,0.01302997772158874,0.10940223432462108,0.8775677879527901,late,2
A3,Raw plus q-hat degradation-position prior,C6,298,0.9438943894389439,late,2,0.9855452091624064,0.7263810038566589,0.013071533022424388,0.1096422652426554,0.87728620173392,late,2
A3,Raw plus q-hat degradation-position prior,C6,299,0.9471947194719472,late,2,0.9864777763132186,0.725306510925293,0.013216748817266363,0.11067466687688332,0.8761085843048504,late,2
A3,Raw plus q-hat degradation-position prior,C6,300,0.9504950495049505,late,2,0.9874103434640308,0.7243700623512268,0.01336967232155507,0.11165576932471989,0.874974558352725,late,2
A3,Raw plus q-hat degradation-position prior,C6,301,0.9537953795379538,late,2,0.9883429106148428,0.7246748208999634,0.013298777013502504,0.1113623605306186,0.8753388624548789,late,2
A3,Raw plus q-hat degradation-position prior,C6,302,0.9570957095709571,late,2,0.9892754777656552,0.7233991622924805,0.013464845983482706,0.11266867280980092,0.8738664812057164,late,2
A3,Raw plus q-hat degradation-position prior,C6,303,0.9603960396039604,late,2,0.9902080449164672,0.7233057022094727,0.013478881996530767,0.11278956118259298,0.8737315568198761,late,2
A3,Raw plus q-hat degradation-position prior,C6,304,0.9636963696369637,late,2,0.9911406120672792,0.7223679423332214,0.01359039089718648,0.11380863659056775,0.8726009725112458,late,2
A3,Raw plus q-hat degradation-position prior,C6,305,0.966996699669967,late,2,0.9920731792180912,0.7228854894638062,0.013525440431823703,0.11327106884013743,0.8732034907270387,late,2
A3,Raw plus q-hat degradation-position prior,C6,306,0.9702970297029703,late,2,0.9930057463689036,0.7220547199249268,0.013634480293521723,0.11417443998085651,0.8721910797246217,late,2
A3,Raw plus q-hat degradation-position prior,C6,307,0.9735973597359736,late,2,0.9939383135197154,0.7220582365989685,0.013638062093313004,0.11418155389211168,0.8721803840135753,late,2
A3,Raw plus q-hat degradation-position prior,C6,308,0.976897689768977,late,2,0.9948708806705276,0.721315860748291,0.013724289407121356,0.11497602648506353,0.871299684106815,late,2
A3,Raw plus q-hat degradation-position prior,C6,309,0.9801980198019802,late,2,0.9958034478213396,0.7217666506767273,0.013686363949301868,0.11446191399305718,0.871851722056641,late,2
A3,Raw plus q-hat degradation-position prior,C6,310,0.9834983498349835,late,2,0.996736014972152,0.7211832404136658,0.013768476847491917,0.11507249538850288,0.8711590277630052,late,2
A3,Raw plus q-hat degradation-position prior,C6,311,0.9867986798679867,late,2,0.9976685821229638,0.7195386290550232,0.014025938751160962,0.11680359098122925,0.8691704702666095,late,2
A3,Raw plus q-hat degradation-position prior,C6,312,0.9900990099009901,late,2,0.998601149273776,0.7209161520004272,0.013838912184968345,0.11531366552490485,0.8708474222891268,late,2
A3,Raw plus q-hat degradation-position prior,C6,313,0.9933993399339934,late,2,0.999067432849182,0.7188729643821716,0.014129683480106387,0.11749028733620281,0.8683800291826909,late,2
A3,Raw plus q-hat degradation-position prior,C6,314,0.9966996699669967,late,2,0.9995337164245882,0.7189801931381226,0.014124620312483016,0.11737603861232104,0.8684993410741959,late,2
A3,Raw plus q-hat degradation-position prior,C6,315,1.0,late,2,0.999999999999994,0.7169004082679749,0.014445021713910187,0.11969228219237799,0.8658626960927118,late,2
A4,Raw plus weighted fine/prior mixture,C6,12,0.0,early,0,0.0543003305631503,0.3089219033718109,0.8161766551684877,0.1597625598423807,0.024060784988131585,early,0
A4,Raw plus weighted fine/prior mixture,C6,13,0.0033003300330033004,early,0,0.0607357409228696,0.31158775091171265,0.8119797106746985,0.16362523211873894,0.024395057205562492,early,0
A4,Raw plus weighted fine/prior mixture,C6,14,0.006600660066006601,early,0,0.0675207371477249,0.3116450011730194,0.8116770585896342,0.16423237229899953,0.0240905691103661,early,0
A4,Raw plus weighted fine/prior mixture,C6,15,0.009900990099009901,early,0,0.0746968680474152,0.31120169162750244,0.8105070102024005,0.16545042062446796,0.024042569172131593,early,0
A4,Raw plus weighted fine/prior mixture,C6,16,0.013201320132013201,early,0,0.0810622745661246,0.31120771169662476,0.8093760975324206,0.1667677986745087,0.02385610379207067,early,0
A4,Raw plus weighted fine/prior mixture,C6,17,0.0165016501650165,early,0,0.0874276810764199,0.31131523847579956,0.8066632986673545,0.16939472078350598,0.023941980548139428,early,0
A4,Raw plus weighted fine/prior mixture,C6,18,0.019801980198019802,early,0,0.0935881687037735,0.3107154369354248,0.805924590604773,0.1703399053548529,0.023735504039374043,early,0
A4,Raw plus weighted fine/prior mixture,C6,19,0.0231023102310231,early,0,0.0995437374397715,0.31223905086517334,0.801413376996336,0.1746266302684307,0.023959992734233108,early,0
A4,Raw plus weighted fine/prior mixture,C6,20,0.026402640264026403,early,0,0.1052943872844138,0.3116161525249481,0.8010844740845742,0.1749592011728055,0.023956324741620193,early,0
A4,Raw plus weighted fine/prior mixture,C6,21,0.0297029702970297,early,0,0.1108401182377004,0.30951738357543945,0.8078989673395109,0.1680890036293325,0.02401202903015661,early,0
A4,Raw plus weighted fine/prior mixture,C6,22,0.033003300330033,early,0,0.1161809303080454,0.3078916370868683,0.8117377675101956,0.16448487029657252,0.0237773621922319,early,0
A4,Raw plus weighted fine/prior mixture,C6,23,0.036303630363036306,early,0,0.1213168234786207,0.3078649938106537,0.8132009981935578,0.162821486731683,0.023977515073759156,early,0
A4,Raw plus weighted fine/prior mixture,C6,24,0.039603960396039604,early,0,0.1262477977578404,0.3084639608860016,0.8134957117396886,0.16227852924714978,0.024225759012161664,early,0
A4,Raw plus weighted fine/prior mixture,C6,25,0.0429042904290429,early,0,0.13117877203706,0.30903297662734985,0.8139153124739488,0.16174343054878515,0.024341256976266146,early,0
A4,Raw plus weighted fine/prior mixture,C6,26,0.0462046204620462,early,0,0.1361097463162796,0.309581995010376,0.8142363275723372,0.16115246978126593,0.02461120264539689,early,0
A4,Raw plus weighted fine/prior mixture,C6,27,0.04950495049504951,early,0,0.1410407205954993,0.3101050853729248,0.8139750588744336,0.16106886290378256,0.024956078220783957,early,0
A4,Raw plus weighted fine/prior mixture,C6,28,0.052805280528052806,early,0,0.1459716948747189,0.31057819724082947,0.8136689059404254,0.16102355037637203,0.025307543682202577,early,0
A4,Raw plus weighted fine/prior mixture,C6,29,0.056105610561056105,early,0,0.1509026691539386,0.3107044994831085,0.8136418119485705,0.16070804460889898,0.025650143441530604,early,0
A4,Raw plus weighted fine/prior mixture,C6,30,0.0594059405940594,early,0,0.1554870761471252,0.3104238212108612,0.8140541542690544,0.16022579827321737,0.02572004745672829,early,0
A4,Raw plus weighted fine/prior mixture,C6,31,0.0627062706270627,early,0,0.1597249158626929,0.31037449836730957,0.8145403613643409,0.1600608587319815,0.02539877990267746,early,0
A4,Raw plus weighted fine/prior mixture,C6,32,0.066006600660066,early,0,0.1636161882838135,0.31071460247039795,0.8143632532897352,0.16021215995293606,0.025424586756328596,early,0
A4,Raw plus weighted fine/prior mixture,C6,33,0.06930693069306931,early,0,0.1671608934273151,0.3109871447086334,0.8139769481629907,0.16007059523112802,0.025952456604881324,early,0
A4,Raw plus weighted fine/prior mixture,C6,34,0.07260726072607261,early,0,0.1703590312763698,0.3110054135322571,0.8142306981255956,0.15994291883609985,0.025826383037304425,early,0
A4,Raw plus weighted fine/prior mixture,C6,35,0.07590759075907591,early,0,0.1732106018478054,0.31121525168418884,0.8140047775303321,0.15998278372868743,0.026012438739980458,early,0
A4,Raw plus weighted fine/prior mixture,C6,36,0.07920792079207921,early,0,0.175715605133208,0.31113216280937195,0.8141539149469713,0.15984782038200265,0.02599826467002609,early,0
A4,Raw plus weighted fine/prior mixture,C6,37,0.08250825082508251,early,0,0.1782206084186106,0.31100887060165405,0.8143779768831186,0.15960609356798214,0.02601592954789903,early,0
A4,Raw plus weighted fine/prior mixture,C6,38,0.0858085808580858,early,0,0.1807256117040133,0.3106935918331146,0.8148046178393805,0.15925125732402018,0.025944124835599314,early,0
A4,Raw plus weighted fine/prior mixture,C6,39,0.0891089108910891,early,0,0.183230614989416,0.31049010157585144,0.8149699355786935,0.15913115527897884,0.02589890914132766,early,0
A4,Raw plus weighted fine/prior mixture,C6,40,0.0924092409240924,early,0,0.1857356182748186,0.3105015158653259,0.8149253927122115,0.15920358996580683,0.025871017320981536,early,0
A4,Raw plus weighted fine/prior mixture,C6,41,0.09570957095709572,early,0,0.1882406215602211,0.3105050325393677,0.814960480119028,0.15922789006853175,0.025811629811440272,early,0
A4,Raw plus weighted fine/prior mixture,C6,42,0.09900990099009901,early,0,0.1907456248456237,0.30999210476875305,0.8154571283686431,0.15881358799031778,0.025729283640039097,early,0
A4,Raw plus weighted fine/prior mixture,C6,43,0.10231023102310231,early,0,0.1932506281226124,0.3100661039352417,0.8154301245841445,0.15875894579724015,0.02581092961761533,early,0
A4,Raw plus weighted fine/prior mixture,C6,44,0.10561056105610561,early,0,0.195755631408015,0.3098283112049103,0.8157017422803374,0.1585054892603195,0.025792768458343003,early,0
A4,Raw plus weighted fine/prior mixture,C6,45,0.10891089108910891,early,0,0.1982606346850036,0.3096039295196533,0.8161090526639783,0.15823587838457015,0.025655068950451613,early,0
A4,Raw plus weighted fine/prior mixture,C6,46,0.11221122112211221,early,0,0.2007656379704062,0.3096730411052704,0.8160006551270617,0.15834786726550604,0.02565147760643218,early,0
A4,Raw plus weighted fine/prior mixture,C6,47,0.11551155115511551,early,0,0.2032706412810509,0.30967026948928833,0.815978565897906,0.15836506272945527,0.025656371371638582,early,0
A4,Raw plus weighted fine/prior mixture,C6,48,0.1188118811881188,early,0,0.2057756445412115,0.3095974028110504,0.8159714409555889,0.15835874536725472,0.02566981367615637,early,0
A4,Raw plus weighted fine/prior mixture,C6,49,0.12211221122112212,early,0,0.2082806478266142,0.30986014008522034,0.8156881633410422,0.1585942152069083,0.025717621451049482,early,0
A4,Raw plus weighted fine/prior mixture,C6,50,0.1254125412541254,early,0,0.2107856511456729,0.30998045206069946,0.8155082811144779,0.1587829127890566,0.025708806095465282,early,0
A4,Raw plus weighted fine/prior mixture,C6,51,0.12871287128712872,early,0,0.2132906544058334,0.31007686257362366,0.8151938918754021,0.15894694310303586,0.025859165020561996,early,0
A4,Raw plus weighted fine/prior mixture,C6,52,0.132013201320132,early,0,0.21579565769965,0.31022506952285767,0.8150149287306203,0.15909175841204723,0.025893312856332416,early,0
A4,Raw plus weighted fine/prior mixture,C6,53,0.1353135313531353,early,0,0.2183006610187089,0.3107087016105652,0.8143341294711969,0.1595166879397101,0.026149182588092897,early,0
A4,Raw plus weighted fine/prior mixture,C6,54,0.13861386138613863,early,0,0.2208056642536273,0.31093835830688477,0.8139889334309838,0.15973185327887374,0.02627921328914242,early,0
A4,Raw plus weighted fine/prior mixture,C6,55,0.1419141914191419,early,0,0.2233106675726861,0.3110228478908539,0.8136203116139239,0.1599587250215688,0.026420963363507185,early,0
A4,Raw plus weighted fine/prior mixture,C6,56,0.14521452145214522,early,0,0.2258156708917448,0.3114282190799713,0.8131943849222678,0.16033988202146246,0.02646573305526975,early,0
A4,Raw plus weighted fine/prior mixture,C6,57,0.1485148514851485,early,0,0.2283206741266631,0.3120516538619995,0.8123369563400624,0.16105738366174113,0.026605659997196572,early,0
A4,Raw plus weighted fine/prior mixture,C6,58,0.15181518151815182,early,0,0.230825677445722,0.3124416470527649,0.8120735817227102,0.16123346055821733,0.02669295771807254,early,0
A4,Raw plus weighted fine/prior mixture,C6,59,0.1551155115511551,early,0,0.2333306806806404,0.31282496452331543,0.811121276458709,0.1619083708653089,0.026970352674982136,early,0
A4,Raw plus weighted fine/prior mixture,C6,60,0.15841584158415842,early,0,0.2358356839155588,0.31308361887931824,0.8109710455264834,0.16235300423921414,0.026675950233302537,early,0
A4,Raw plus weighted fine/prior mixture,C6,61,0.1617161716171617,early,0,0.2383406872346176,0.3133983016014099,0.8101886887698538,0.1629065427085776,0.02690476852056859,early,0
A4,Raw plus weighted fine/prior mixture,C6,62,0.16501650165016502,early,0,0.2405333421859526,0.31313028931617737,0.8105181313535175,0.16291672203769075,0.026565146607791856,early,0
A4,Raw plus weighted fine/prior mixture,C6,63,0.16831683168316833,early,0,0.2424136488537044,0.31385356187820435,0.8091362666778267,0.1638789203076923,0.026984813013480883,early,0
A4,Raw plus weighted fine/prior mixture,C6,64,0.1716171617161716,early,0,0.2439816073220131,0.31401264667510986,0.8089103733896178,0.16421194930763505,0.026877677301746995,early,0
A4,Raw plus weighted fine/prior mixture,C6,65,0.17491749174917492,early,0,0.2452372175067385,0.315245121717453,0.8057792452678364,0.16590045791509053,0.028320296816072992,early,0
A4,Raw plus weighted fine/prior mixture,C6,66,0.1782178217821782,early,0,0.2461804794078805,0.3159659802913666,0.8048071791421281,0.16687694059948327,0.02831588025738853,early,0
A4,Raw plus weighted fine/prior mixture,C6,67,0.18151815181518152,early,0,0.2468113930254392,0.3172479569911957,0.8019351570708121,0.16923521756028295,0.02882962536790486,early,0
A4,Raw plus weighted fine/prior mixture,C6,68,0.1848184818481848,early,0,0.2471427694933539,0.31758931279182434,0.7998688371775073,0.1711086843180843,0.029022478503408437,early,0
A4,Raw plus weighted fine/prior mixture,C6,69,0.18811881188118812,early,0,0.2479090181565044,0.3202665448188782,0.7946553229768882,0.17553346993343058,0.029811207088681214,early,0
A4,Raw plus weighted fine/prior mixture,C6,70,0.19141914191419143,early,0,0.2490971012066999,0.32274913787841797,0.7883268994477637,0.18118475769929093,0.030488342851945457,early,0
A4,Raw plus weighted fine/prior mixture,C6,71,0.19471947194719472,early,0,0.2506934927372599,0.32510966062545776,0.7811380300458238,0.1877094301675264,0.031152539785649618,early,0
A4,Raw plus weighted fine/prior mixture,C6,72,0.19801980198019803,early,0,0.252684213072299,0.3270651400089264,0.7751113236424745,0.19360431056331157,0.03128436579321393,early,0
A4,Raw plus weighted fine/prior mixture,C6,73,0.20132013201320131,early,0,0.255054863769136,0.33261561393737793,0.760147787989525,0.2070264332369652,0.03282577877250974,early,0
A4,Raw plus weighted fine/prior mixture,C6,74,0.20462046204620463,early,0,0.2577906625365613,0.334667444229126,0.7508993425415689,0.2157490239968704,0.03335163346056077,early,0
A4,Raw plus weighted fine/prior mixture,C6,75,0.2079207920792079,early,0,0.2608636681129916,0.3361213803291321,0.7378534806639561,0.2279295565298018,0.034216962805242015,early,0
A4,Raw plus weighted fine/prior mixture,C6,76,0.21122112211221122,early,0,0.2638363774010046,0.33464404940605164,0.7461054093991832,0.22015172573083652,0.033742864868980225,early,0
A4,Raw plus weighted fine/prior mixture,C6,77,0.2145214521452145,early,0,0.266706110107996,0.335044264793396,0.7347105154539638,0.23114356618695261,0.03414591835808363,early,0
A4,Raw plus weighted fine/prior mixture,C6,78,0.21782178217821782,early,0,0.2694704346603989,0.33370253443717957,0.7483553687047633,0.2189670301053315,0.03267760118890527,early,0
A4,Raw plus weighted fine/prior mixture,C6,79,0.22112211221122113,early,0,0.2721271695499306,0.33459335565567017,0.7449736899542306,0.2224387074330364,0.03258760261173298,early,0
A4,Raw plus weighted fine/prior mixture,C6,80,0.22442244224422442,early,0,0.2746743849322597,0.3317588269710541,0.7577283631372427,0.21113760437502332,0.03113403248673407,early,0
A4,Raw plus weighted fine/prior mixture,C6,81,0.22772277227722773,early,0,0.2771104033001299,0.3314158022403717,0.7558304984994966,0.2127223318147396,0.031447169684763736,early,0
A4,Raw plus weighted fine/prior mixture,C6,82,0.23102310231023102,early,0,0.2794337993150789,0.33018967509269714,0.7623187073234472,0.20702030375324132,0.03066098892231161,early,0
A4,Raw plus weighted fine/prior mixture,C6,83,0.23432343234323433,early,0,0.2816433994708767,0.33043262362480164,0.7596512816158115,0.2095929988275641,0.03075571955562431,early,0
A4,Raw plus weighted fine/prior mixture,C6,84,0.2376237623762376,early,0,0.2837382809997008,0.33064618706703186,0.7615017959170588,0.20815758276036428,0.03034062132157666,early,0
A4,Raw plus weighted fine/prior mixture,C6,85,0.24092409240924093,early,0,0.2857177701051873,0.3312995433807373,0.7580654713099128,0.21141208066475403,0.03052244802433299,early,0
A4,Raw plus weighted fine/prior mixture,C6,86,0.24422442244224424,early,0,0.2875814402796224,0.33101293444633484,0.753938177657325,0.2154510515329248,0.0306107708087502,early,0
A4,Raw plus weighted fine/prior mixture,C6,87,0.24752475247524752,early,0,0.2893291093590293,0.32748177647590637,0.7693753716532257,0.20086982187608318,0.02975480646969117,early,0
A4,Raw plus weighted fine/prior mixture,C6,88,0.2508250825082508,early,0,0.2909608366623936,0.3314131796360016,0.7477554893532387,0.22071457727299273,0.031529933372768666,early,0
A4,Raw plus weighted fine/prior mixture,C6,89,0.25412541254125415,early,0,0.292476919541907,0.3302106261253357,0.7567997236618821,0.21279003235715233,0.03041024397996565,early,0
A4,Raw plus weighted fine/prior mixture,C6,90,0.25742574257425743,early,0,0.2938778895966487,0.3326147794723511,0.73062303026009,0.23656511800260654,0.032811851736303466,early,0
A4,Raw plus weighted fine/prior mixture,C6,91,0.2607260726072607,early,0,0.2951645082131444,0.33392423391342163,0.7475839873530505,0.22098395618752104,0.031432056458428365,early,0
A4,Raw plus weighted fine/prior mixture,C6,92,0.264026402640264,early,0,0.2963377620217843,0.33415162563323975,0.7216036139935221,0.2445541752996128,0.03384221070586502,early,0
A4,Raw plus weighted fine/prior mixture,C6,93,0.26732673267326734,early,0,0.2973988580166796,0.33380651473999023,0.7357466973119948,0.2318683294447655,0.0323849732422396,early,0
A4,Raw plus weighted fine/prior mixture,C6,94,0.2706270627062706,early,0,0.2983492180865358,0.333255797624588,0.6975026472893436,0.2670164218907235,0.03548093081893285,early,0
A4,Raw plus weighted fine/prior mixture,C6,95,0.2739273927392739,early,0,0.2991904732089655,0.33521968126296997,0.7050662880014048,0.25995701518592523,0.03497669681167007,early,0
A4,Raw plus weighted fine/prior mixture,C6,96,0.27722772277227725,middle,1,0.2999244579813612,0.3373226821422577,0.6484826756639872,0.31224526127236457,0.03927206306264806,early,0
A4,Raw plus weighted fine/prior mixture,C6,97,0.28052805280528054,middle,1,0.3005532038896633,0.34093204140663147,0.5865930736418216,0.3702820812571616,0.04312484510001701,early,0
A4,Raw plus weighted fine/prior mixture,C6,98,0.2838283828382838,middle,1,0.3010789330819709,0.3407261371612549,0.5449546564766539,0.41030758150203683,0.04473776202030926,early,0
A4,Raw plus weighted fine/prior mixture,C6,99,0.2871287128712871,middle,1,0.3015040515531672,0.3496839702129364,0.3667771814613496,0.5855455694818696,0.047677249055780614,middle,1
A4,Raw plus weighted fine/prior mixture,C6,100,0.29042904290429045,middle,1,0.3018311420771272,0.3530406057834625,0.324370485697389,0.6278548600326699,0.04777465426894093,middle,1
A4,Raw plus weighted fine/prior mixture,C6,101,0.29372937293729373,middle,1,0.3020690494932344,0.3592841625213623,0.2729438191697322,0.678810946407921,0.048245234421346817,middle,1
A4,Raw plus weighted fine/prior mixture,C6,102,0.297029702970297,middle,1,0.3022325432192163,0.36500686407089233,0.23818747343321903,0.7132414819435323,0.04857104462224863,middle,1
A4,Raw plus weighted fine/prior mixture,C6,103,0.30033003300330036,middle,1,0.302336046771595,0.3781692385673523,0.189309865928787,0.7610353606650484,0.049654773405164394,middle,1
A4,Raw plus weighted fine/prior mixture,C6,104,0.30363036303630364,middle,1,0.3023936126918466,0.38504308462142944,0.17158138696018863,0.777096761763454,0.05132185127535737,middle,1
A4,Raw plus weighted fine/prior mixture,C6,105,0.3069306930693069,middle,1,0.302418898229824,0.3891671299934387,0.16577408047779496,0.7790305169881715,0.0551954025330333,middle,1
A4,Raw plus weighted fine/prior mixture,C6,106,0.3102310231023102,middle,1,0.3024251420368648,0.39413201808929443,0.1645633308947916,0.7764190072947837,0.059017661809424624,middle,1
A4,Raw plus weighted fine/prior mixture,C6,107,0.31353135313531355,middle,1,0.3024251420368648,0.3975559175014496,0.16054723452917535,0.7779844193585439,0.061468346111280735,middle,1
A4,Raw plus weighted fine/prior mixture,C6,108,0.31683168316831684,middle,1,0.3024251420368648,0.38123711943626404,0.23626479659922234,0.6953445882571399,0.06839061514263782,middle,1
A4,Raw plus weighted fine/prior mixture,C6,109,0.3201320132013201,middle,1,0.3024251420368648,0.3917933404445648,0.189555335756829,0.7463774159019099,0.0640672483402612,middle,1
A4,Raw plus weighted fine/prior mixture,C6,110,0.3234323432343234,middle,1,0.3024251420368648,0.3877370059490204,0.21677585234490065,0.717830626487552,0.06539352116654727,middle,1
A4,Raw plus weighted fine/prior mixture,C6,111,0.32673267326732675,middle,1,0.3024251420368648,0.3961142301559448,0.18031568620225252,0.7562817790305574,0.06340253476619008,middle,1
A4,Raw plus weighted fine/prior mixture,C6,112,0.33003300330033003,middle,1,0.3024251420368648,0.39156052470207214,0.21972414426310205,0.7143691376636055,0.06590671807229248,middle,1
A4,Raw plus weighted fine/prior mixture,C6,113,0.3333333333333333,middle,1,0.3024251420368648,0.3999877870082855,0.16641754811047116,0.7706349996095027,0.06294745227902598,middle,1
A4,Raw plus weighted fine/prior mixture,C6,114,0.33663366336633666,middle,1,0.3024251420368648,0.39979586005210876,0.17872340342827311,0.7571565783948189,0.06412001817590793,middle,1
A4,Raw plus weighted fine/prior mixture,C6,115,0.33993399339933994,middle,1,0.3024251420368648,0.40596628189086914,0.1439471500540075,0.7934559160554993,0.06259693388949333,middle,1
A4,Raw plus weighted fine/prior mixture,C6,116,0.3432343234323432,middle,1,0.3024251420368648,0.4059394896030426,0.15514201889698948,0.7821408824914591,0.06271709861055155,middle,1
A4,Raw plus weighted fine/prior mixture,C6,117,0.3465346534653465,middle,1,0.3024251420368648,0.4113992154598236,0.13180233122107043,0.8057344103292516,0.062463258448677866,middle,1
A4,Raw plus weighted fine/prior mixture,C6,118,0.34983498349834985,middle,1,0.3024251420368648,0.4197269082069397,0.11684718292859417,0.8194213478034742,0.06373146926693161,middle,1
A4,Raw plus weighted fine/prior mixture,C6,119,0.35313531353135313,middle,1,0.3024251420368648,0.3979281783103943,0.17879713908172767,0.7493405828111107,0.0718622781061614,middle,1
A4,Raw plus weighted fine/prior mixture,C6,120,0.3564356435643564,middle,1,0.3024251420368648,0.4191836714744568,0.13266294246508747,0.7921825720386699,0.07515448549524235,middle,1
A4,Raw plus weighted fine/prior mixture,C6,121,0.35973597359735976,middle,1,0.3024251420368648,0.42013537883758545,0.1349697671129545,0.7918580552290365,0.07317217765700897,middle,1
A4,Raw plus weighted fine/prior mixture,C6,122,0.36303630363036304,middle,1,0.3024251420368648,0.42659351229667664,0.12330519303373003,0.8010453657704976,0.07564944119477249,middle,1
A4,Raw plus weighted fine/prior mixture,C6,123,0.36633663366336633,middle,1,0.3024251420368648,0.4262668788433075,0.15174894703856145,0.76503596951985,0.08321508344058849,middle,1
A4,Raw plus weighted fine/prior mixture,C6,124,0.3696369636963696,middle,1,0.3024251420368648,0.43316465616226196,0.12376652796465605,0.7945201238145206,0.0817133482198233,middle,1
A4,Raw plus weighted fine/prior mixture,C6,125,0.37293729372937295,middle,1,0.3024251420368648,0.4333382546901703,0.11987347737980485,0.8021089353880637,0.07801758723113131,middle,1
A4,Raw plus weighted fine/prior mixture,C6,126,0.37623762376237624,middle,1,0.3024412137797824,0.4377652406692505,0.10842044961934345,0.8150701143599421,0.0765094360197145,middle,1
A4,Raw plus weighted fine/prior mixture,C6,127,0.3795379537953795,middle,1,0.3026364281860637,0.4334155023097992,0.12240322027536098,0.7986397460618307,0.0789570336618082,middle,1
A4,Raw plus weighted fine/prior mixture,C6,128,0.38283828382838286,middle,1,0.3030107851715685,0.4364373981952667,0.11130205153140532,0.8109076797474092,0.07779026872018537,middle,1
A4,Raw plus weighted fine/prior mixture,C6,129,0.38613861386138615,middle,1,0.3035642847362966,0.4446551501750946,0.09598154124557524,0.8285153599058525,0.07550309884757232,middle,1
A4,Raw plus weighted fine/prior mixture,C6,130,0.38943894389438943,middle,1,0.3042969268802481,0.44123417139053345,0.09251429175264383,0.8369393584546486,0.07054634979170755,middle,1
A4,Raw plus weighted fine/prior mixture,C6,131,0.3927392739273927,middle,1,0.3052087116875634,0.442484050989151,0.08377099678834958,0.8509427826632207,0.06528622054742977,middle,1
A4,Raw plus weighted fine/prior mixture,C6,132,0.39603960396039606,middle,1,0.3062996390741022,0.4391639828681946,0.08165204848101905,0.8584202820089097,0.059927669509071094,middle,1
A4,Raw plus weighted fine/prior mixture,C6,133,0.39933993399339934,middle,1,0.3075536372969468,0.4388996362686157,0.07444898725020094,0.8728046611351457,0.052746351613653326,middle,1
A4,Raw plus weighted fine/prior mixture,C6,134,0.40264026402640263,middle,1,0.3088076355197915,0.43563637137413025,0.07408362036439241,0.8761794555510046,0.04973692408360294,middle,1
A4,Raw plus weighted fine/prior mixture,C6,135,0.40594059405940597,middle,1,0.310061633742636,0.43309086561203003,0.07124561690367091,0.8831695092964448,0.04558487379888438,middle,1
A4,Raw plus weighted fine/prior mixture,C6,136,0.40924092409240925,middle,1,0.3113156319654807,0.4312250018119812,0.07111697875243533,0.8847966110291433,0.04408641021742138,middle,1
A4,Raw plus weighted fine/prior mixture,C6,137,0.41254125412541254,middle,1,0.3125696301883253,0.42990371584892273,0.06861024130506924,0.8905017659529809,0.04088799274094982,middle,1
A4,Raw plus weighted fine/prior mixture,C6,138,0.4158415841584158,middle,1,0.3138236284111699,0.43029606342315674,0.06805740776746162,0.8911627588476978,0.04077983338384059,middle,1
A4,Raw plus weighted fine/prior mixture,C6,139,0.41914191419141916,middle,1,0.3150776266340144,0.42874759435653687,0.06709475063521175,0.8940676754471353,0.03883757391665287,middle,1
A4,Raw plus weighted fine/prior mixture,C6,140,0.42244224422442245,middle,1,0.3163316248568591,0.4263884127140045,0.06872543621044795,0.8929657627642532,0.038308801024298955,middle,1
A4,Raw plus weighted fine/prior mixture,C6,141,0.42574257425742573,middle,1,0.3175856230797036,0.42744770646095276,0.06709353310323532,0.8952663844001054,0.03764008249565899,middle,1
A4,Raw plus weighted fine/prior mixture,C6,142,0.429042904290429,middle,1,0.3188396213025483,0.42739763855934143,0.06711407869471542,0.895305534701769,0.037580386602515545,middle,1
A4,Raw plus weighted fine/prior mixture,C6,143,0.43234323432343236,middle,1,0.3200936195253929,0.42825859785079956,0.06632471105713343,0.8961285990373552,0.037546689904511356,middle,1
A4,Raw plus weighted fine/prior mixture,C6,144,0.43564356435643564,middle,1,0.3213476177482375,0.4287724494934082,0.06665779257023703,0.8952928057589657,0.038049401669797055,middle,1
A4,Raw plus weighted fine/prior mixture,C6,145,0.4389438943894389,middle,1,0.3226016159710823,0.4291303753852844,0.06585934853409284,0.8963644664654665,0.037776184999440666,middle,1
A4,Raw plus weighted fine/prior mixture,C6,146,0.44224422442244227,middle,1,0.3238556141939268,0.42859500646591187,0.06596163047447279,0.8965274103035965,0.0375109592209305,middle,1
A4,Raw plus weighted fine/prior mixture,C6,147,0.44554455445544555,middle,1,0.3251096124167714,0.42979878187179565,0.06523261670761281,0.8968927777622497,0.03787460552913746,middle,1
A4,Raw plus weighted fine/prior mixture,C6,148,0.44884488448844884,middle,1,0.326363610639616,0.43002158403396606,0.0651292728037668,0.8969697593867124,0.03790096780852088,middle,1
A4,Raw plus weighted fine/prior mixture,C6,149,0.4521452145214521,middle,1,0.3276176088624607,0.4305769205093384,0.06476946442534075,0.8973394444072073,0.03789109116645187,middle,1
A4,Raw plus weighted fine/prior mixture,C6,150,0.45544554455445546,middle,1,0.3288716070853052,0.4278234839439392,0.06734501624577345,0.8943239854766999,0.03833099827652666,middle,1
A4,Raw plus weighted fine/prior mixture,C6,151,0.45874587458745875,middle,1,0.3301256053081499,0.43024733662605286,0.06553395185192128,0.8962558646037304,0.038210183543348174,middle,1
A4,Raw plus weighted fine/prior mixture,C6,152,0.46204620462046203,middle,1,0.3313796035309944,0.4287784695625305,0.06618687618171835,0.8960527851065748,0.037760338710706755,middle,1
A4,Raw plus weighted fine/prior mixture,C6,153,0.46534653465346537,middle,1,0.3326336017538391,0.4315391182899475,0.0652692414213918,0.8959139072295783,0.03881685134802978,middle,1
A4,Raw plus weighted fine/prior mixture,C6,154,0.46864686468646866,middle,1,0.3338875999766836,0.4321834444999695,0.06571344662865346,0.8948221792826254,0.039464374087721,middle,1
A4,Raw plus weighted fine/prior mixture,C6,155,0.47194719471947194,middle,1,0.3351415981995282,0.4340552091598511,0.06492094244001563,0.8946765730047598,0.040402484554224606,middle,1
A4,Raw plus weighted fine/prior mixture,C6,156,0.4752475247524752,middle,1,0.3363955964223728,0.43387433886528015,0.06500350573932748,0.8948794465472306,0.04011704771244183,middle,1
A4,Raw plus weighted fine/prior mixture,C6,157,0.47854785478547857,middle,1,0.3376495946452175,0.4355609714984894,0.06505608092729394,0.893415878665755,0.041528040405951136,middle,1
A4,Raw plus weighted fine/prior mixture,C6,158,0.48184818481848185,middle,1,0.3389266209189708,0.43666067719459534,0.06465495068243346,0.8936629047223679,0.04168214459419859,middle,1
A4,Raw plus weighted fine/prior mixture,C6,159,0.48514851485148514,middle,1,0.3402266750753522,0.43485450744628906,0.06556688353864344,0.8929985323497789,0.04143458411057772,middle,1
A4,Raw plus weighted fine/prior mixture,C6,160,0.4884488448844885,middle,1,0.3415497572826421,0.43394482135772705,0.06530031776406219,0.8943048334421817,0.040394848792756205,middle,1
A4,Raw plus weighted fine/prior mixture,C6,161,0.49174917491749176,middle,1,0.3428958675408408,0.4502932131290436,0.05971167170905866,0.8929822860332153,0.04730604225672595,middle,1
A4,Raw plus weighted fine/prior mixture,C6,162,0.49504950495049505,middle,1,0.3442650056816676,0.44622305035591125,0.060616825137984526,0.8935652080240817,0.045817966836933635,middle,1
A4,Raw plus weighted fine/prior mixture,C6,163,0.49834983498349833,middle,1,0.3456571718734029,0.4466346502304077,0.060440842913364184,0.8936784573794542,0.045880699706181666,middle,1
A4,Raw plus weighted fine/prior mixture,C6,164,0.5016501650165016,middle,1,0.3470723660319067,0.44980674982070923,0.06021953771669175,0.8910761838500334,0.04870427843227498,middle,1
A4,Raw plus weighted fine/prior mixture,C6,165,0.504950495049505,middle,1,0.3484875601904105,0.4536552429199219,0.05890242037994381,0.8904986924984921,0.05059888712056394,middle,1
A4,Raw plus weighted fine/prior mixture,C6,166,0.5082508250825083,middle,1,0.3499027544330546,0.456484317779541,0.05918167761143222,0.8868683176423493,0.05395000474521835,middle,1
A4,Raw plus weighted fine/prior mixture,C6,167,0.5115511551155115,middle,1,0.3513179485915584,0.46158847212791443,0.05749971887307899,0.8858742582443143,0.05662602288160667,middle,1
A4,Raw plus weighted fine/prior mixture,C6,168,0.5148514851485149,middle,1,0.3527331427500622,0.4708063006401062,0.05751320258808875,0.8771418386553328,0.06534495875557847,middle,1
A4,Raw plus weighted fine/prior mixture,C6,169,0.5181518151815182,middle,1,0.3541483369085658,0.483792245388031,0.05744397754205041,0.8632680763768095,0.07928794608014011,middle,1
A4,Raw plus weighted fine/prior mixture,C6,170,0.5214521452145214,middle,1,0.3555635310670696,0.49402931332588196,0.05950264708358137,0.8388255751075661,0.1016717778078525,middle,1
A4,Raw plus weighted fine/prior mixture,C6,171,0.5247524752475248,middle,1,0.3569787253097137,0.5034048557281494,0.06103891008311573,0.8134884862564219,0.12547260365946247,middle,1
A4,Raw plus weighted fine/prior mixture,C6,172,0.528052805280528,middle,1,0.3583939194682176,0.5054937601089478,0.06437298782532604,0.7959000182840701,0.13972699388960377,middle,1
A4,Raw plus weighted fine/prior mixture,C6,173,0.5313531353135313,middle,1,0.3598091136267213,0.5135019421577454,0.06389363295749147,0.7818192752389724,0.15428709180253605,middle,1
A4,Raw plus weighted fine/prior mixture,C6,174,0.5346534653465347,middle,1,0.3612243078693654,0.5183797478675842,0.06592293933809214,0.7578133064875554,0.17626375417335244,middle,1
A4,Raw plus weighted fine/prior mixture,C6,175,0.5379537953795379,middle,1,0.3626395020278692,0.5287415385246277,0.0658935783208734,0.7233474400552101,0.2107589816229164,middle,1
A4,Raw plus weighted fine/prior mixture,C6,176,0.5412541254125413,middle,1,0.3640546962705133,0.5208195447921753,0.0674396660684629,0.7471281978429224,0.1854321360876147,middle,1
A4,Raw plus weighted fine/prior mixture,C6,177,0.5445544554455446,middle,1,0.365469890429017,0.5270336866378784,0.06627559940161674,0.7294807768776088,0.2042436237197745,middle,1
A4,Raw plus weighted fine/prior mixture,C6,178,0.5478547854785478,middle,1,0.3668850845875208,0.522067666053772,0.06644995597106534,0.744535257991766,0.18901478603616842,middle,1
A4,Raw plus weighted fine/prior mixture,C6,179,0.5511551155115512,middle,1,0.368300278830165,0.5193758010864258,0.06473563582108718,0.7604477172415999,0.1748166469363128,middle,1
A4,Raw plus weighted fine/prior mixture,C6,180,0.5544554455445545,middle,1,0.3697154729886687,0.5074442625045776,0.0637027335928452,0.796723413625353,0.13957385278080173,middle,1
A4,Raw plus weighted fine/prior mixture,C6,181,0.5577557755775577,middle,1,0.3711306671471724,0.5026271939277649,0.0615361552744276,0.8132877561103014,0.12517608861427099,middle,1
A4,Raw plus weighted fine/prior mixture,C6,182,0.5610561056105611,middle,1,0.3725458613056763,0.4975444972515106,0.0610120838837441,0.825225365503883,0.11376255061137283,middle,1
A4,Raw plus weighted fine/prior mixture,C6,183,0.5643564356435643,middle,1,0.3739610554641798,0.4935872554779053,0.062094731849267976,0.8318579793710518,0.10604728877868028,middle,1
A4,Raw plus weighted fine/prior mixture,C6,184,0.5676567656765676,middle,1,0.3753762497068241,0.4972103536128998,0.06100398341083955,0.8286950687544454,0.11030094783371507,middle,1
A4,Raw plus weighted fine/prior mixture,C6,185,0.570957095709571,middle,1,0.3767914438653277,0.4852977395057678,0.06022474575789485,0.8511312421622268,0.08864401207887838,middle,1
A4,Raw plus weighted fine/prior mixture,C6,186,0.5742574257425742,middle,1,0.3782066380238316,0.4747133255004883,0.05893259732410821,0.8682778292737725,0.07278957340111916,middle,1
A4,Raw plus weighted fine/prior mixture,C6,187,0.5775577557755776,middle,1,0.3796218321823353,0.4707041084766388,0.060083431364125854,0.870023598333766,0.06989297030110811,middle,1
A4,Raw plus weighted fine/prior mixture,C6,188,0.5808580858085809,middle,1,0.3810370263408391,0.464846670627594,0.058582290144417744,0.87938384597198,0.06203386388260227,middle,1
A4,Raw plus weighted fine/prior mixture,C6,189,0.5841584158415841,middle,1,0.3824522205834832,0.4610072672367096,0.0591496725911927,0.8823512205082219,0.05849910689958521,middle,1
A4,Raw plus weighted fine/prior mixture,C6,190,0.5874587458745875,middle,1,0.3842404922043516,0.45684540271759033,0.058416798815204826,0.8878639722483608,0.053719228935434404,middle,1
A4,Raw plus weighted fine/prior mixture,C6,191,0.5907590759075908,middle,1,0.3864018412875842,0.45218369364738464,0.05993242332901022,0.8895151075979923,0.05055246907199724,middle,1
A4,Raw plus weighted fine/prior mixture,C6,192,0.594059405940594,middle,1,0.3889362679173217,0.4492962956428528,0.05917307180403487,0.8939724631364442,0.046854465058520756,middle,1
A4,Raw plus weighted fine/prior mixture,C6,193,0.5973597359735974,middle,1,0.3918437719252833,0.45529457926750183,0.05626485217858514,0.8951269670751708,0.048608180745244145,middle,1
A4,Raw plus weighted fine/prior mixture,C6,194,0.6006600660066007,middle,1,0.3951243534797499,0.4503404498100281,0.0567870897533655,0.8984168087291049,0.044796101516529685,middle,1
A4,Raw plus weighted fine/prior mixture,C6,195,0.6039603960396039,middle,1,0.3987780124965807,0.4486912488937378,0.05649851700695625,0.9007062256503527,0.042795257341690825,middle,1
A4,Raw plus weighted fine/prior mixture,C6,196,0.6072607260726073,middle,1,0.4028047489757763,0.44505786895751953,0.05699432129157693,0.9026621536577195,0.04034352504970348,middle,1
A4,Raw plus weighted fine/prior mixture,C6,197,0.6105610561056105,middle,1,0.4068314854549716,0.44626227021217346,0.05574025812022011,0.9043984035681315,0.03986133831064836,middle,1
A4,Raw plus weighted fine/prior mixture,C6,198,0.6138613861386139,middle,1,0.4108582219341671,0.4423477351665497,0.05676997230282788,0.9050849828394485,0.038145044856723404,middle,1
A4,Raw plus weighted fine/prior mixture,C6,199,0.6171617161716172,middle,1,0.4148849584133625,0.4412427842617035,0.05651184250801013,0.9062796792593696,0.037208478231620275,middle,1
A4,Raw plus weighted fine/prior mixture,C6,200,0.6204620462046204,middle,1,0.4189116948925581,0.4398568570613861,0.05682813024909571,0.9067147906936124,0.03645707905629186,middle,1
A4,Raw plus weighted fine/prior mixture,C6,201,0.6237623762376238,middle,1,0.4229384313717534,0.4411245584487915,0.05592149560398308,0.9074963040005778,0.036582200394438956,middle,1
A4,Raw plus weighted fine/prior mixture,C6,202,0.6270627062706271,middle,1,0.4269651678509489,0.43984389305114746,0.056282024282393095,0.9076580180667608,0.036059957649845986,middle,1
A4,Raw plus weighted fine/prior mixture,C6,203,0.6303630363036303,middle,1,0.4309919042460039,0.4425044357776642,0.05534159551644147,0.9075334110217202,0.03712499346083831,middle,1
A4,Raw plus weighted fine/prior mixture,C6,204,0.6336633663366337,middle,1,0.4350186407251992,0.43976467847824097,0.056855804748254045,0.906248370852088,0.03689582439865793,middle,1
A4,Raw plus weighted fine/prior mixture,C6,205,0.636963696369637,middle,1,0.4390453772043946,0.4453408122062683,0.054818635302132636,0.9063717250504824,0.038809639646384925,middle,1
A4,Raw plus weighted fine/prior mixture,C6,206,0.6402640264026402,middle,1,0.4430721135994497,0.44291701912879944,0.056214428551532435,0.9051145664499175,0.03867100499755009,middle,1
A4,Raw plus weighted fine/prior mixture,C6,207,0.6435643564356436,middle,1,0.4470988500786451,0.44705930352211,0.05496953945727544,0.90404927021863,0.040981190323094545,middle,1
A4,Raw plus weighted fine/prior mixture,C6,208,0.6468646864686468,middle,1,0.4511255865578406,0.44638481736183167,0.055872279101702754,0.9032044576762192,0.040923263221078116,middle,1
A4,Raw plus weighted fine/prior mixture,C6,209,0.6501650165016502,middle,1,0.455152323037036,0.4520557224750519,0.053988525024138985,0.9014701664083571,0.04454130856650397,middle,1
A4,Raw plus weighted fine/prior mixture,C6,210,0.6534653465346535,middle,1,0.4591790595162315,0.4517180323600769,0.05452305933896899,0.900816237540301,0.044660703119729896,middle,1
A4,Raw plus weighted fine/prior mixture,C6,211,0.6567656765676567,middle,1,0.4632057959954269,0.4572190046310425,0.05317623064792128,0.8987029436349133,0.048120825716165376,middle,1
A4,Raw plus weighted fine/prior mixture,C6,212,0.6600660066006601,middle,1,0.4672325324746222,0.46025845408439636,0.052997969085371334,0.895766724807192,0.051235306106436625,middle,1
A4,Raw plus weighted fine/prior mixture,C6,213,0.6633663366336634,middle,1,0.4712592689538178,0.46684691309928894,0.05210769112257495,0.8912296957544017,0.056662613122023336,middle,1
A4,Raw plus weighted fine/prior mixture,C6,214,0.6666666666666666,middle,1,0.4752860054330132,0.4762156903743744,0.05170601895023078,0.883271592462884,0.06502238858588527,middle,1
A4,Raw plus weighted fine/prior mixture,C6,215,0.66996699669967,middle,1,0.4793127419122085,0.46967369318008423,0.05264132793324997,0.8893413591148426,0.058017312950907465,middle,1
A4,Raw plus weighted fine/prior mixture,C6,216,0.6732673267326733,middle,1,0.4833394783072636,0.4927422106266022,0.05209772723499017,0.8618136454272624,0.0860886273367474,middle,1
A4,Raw plus weighted fine/prior mixture,C6,217,0.6765676567656765,middle,1,0.4873662147864592,0.4811960458755493,0.05287785690169703,0.8737355731672547,0.0733865699300483,middle,1
A4,Raw plus weighted fine/prior mixture,C6,218,0.6798679867986799,middle,1,0.4913929512656543,0.4955751299858093,0.05278179995808648,0.8532902785513163,0.09392792148959726,middle,1
A4,Raw plus weighted fine/prior mixture,C6,219,0.6831683168316832,middle,1,0.4954196876607095,0.486940860748291,0.05382491281468208,0.8608288266553146,0.0853462605290034,middle,1
A4,Raw plus weighted fine/prior mixture,C6,220,0.6864686468646864,middle,1,0.4994464241399048,0.5170926451683044,0.05625972613333656,0.7855030289546489,0.15823724491101443,middle,1
A4,Raw plus weighted fine/prior mixture,C6,221,0.6897689768976898,middle,1,0.5034731606191004,0.5217438340187073,0.05690712868925674,0.7740242585248303,0.1690686127849129,middle,1
A4,Raw plus weighted fine/prior mixture,C6,222,0.693069306930693,middle,1,0.5080172527216286,0.5436135530471802,0.056717116687090396,0.6885980810690964,0.25468480224281326,middle,1
A4,Raw plus weighted fine/prior mixture,C6,223,0.6963696369636964,middle,1,0.5130787005316301,0.5437044501304626,0.056732834410646686,0.6905854081813213,0.252681757407032,middle,1
A4,Raw plus weighted fine/prior mixture,C6,224,0.6996699669966997,middle,1,0.5186575039649646,0.5656942129135132,0.05456052878753154,0.5754788999805868,0.3699605712308815,middle,1
A4,Raw plus weighted fine/prior mixture,C6,225,0.7029702970297029,late,2,0.5247536630216317,0.5991626381874084,0.04515215035311053,0.39525950418830175,0.5595883454575876,late,2
A4,Raw plus weighted fine/prior mixture,C6,226,0.7062706270627063,late,2,0.5313671777016317,0.6180862784385681,0.038750350977791594,0.32247333073825424,0.6387763182829541,late,2
A4,Raw plus weighted fine/prior mixture,C6,227,0.7095709570957096,late,2,0.5384980480049646,0.6518903970718384,0.028471761166813096,0.22767120534664428,0.7438570334855424,late,2
A4,Raw plus weighted fine/prior mixture,C6,228,0.7128712871287128,late,2,0.5461462739316305,0.6584046483039856,0.02692450077688583,0.21468242196768322,0.7583930772544308,late,2
A4,Raw plus weighted fine/prior mixture,C6,229,0.7161716171617162,late,2,0.5537944998582961,0.6787477135658264,0.0228167104621447,0.18092603605201324,0.7962572534848421,late,2
A4,Raw plus weighted fine/prior mixture,C6,230,0.7194719471947195,late,2,0.5614427257849618,0.6884734034538269,0.021203392399029766,0.16645890878425984,0.8123376988157105,late,2
A4,Raw plus weighted fine/prior mixture,C6,231,0.7227722772277227,late,2,0.5690909517116278,0.6971931457519531,0.01944539441845374,0.15396782413083523,0.8265867814497111,late,2
A4,Raw plus weighted fine/prior mixture,C6,232,0.7260726072607261,late,2,0.5767391776382933,0.7030099630355835,0.018557631011458582,0.14611908559551123,0.8353232833920301,late,2
A4,Raw plus weighted fine/prior mixture,C6,233,0.7293729372937293,late,2,0.5843874036490995,0.7090097069740295,0.01762984885873892,0.13861869353982498,0.843751457600436,late,2
A4,Raw plus weighted fine/prior mixture,C6,234,0.7326732673267327,late,2,0.5920356296599056,0.7121283411979675,0.017282310936994026,0.13471123794738238,0.8480064511146236,late,2
A4,Raw plus weighted fine/prior mixture,C6,235,0.735973597359736,late,2,0.5996838556707117,0.7162657976150513,0.016811724617088533,0.1300491570755696,0.8531391183063418,late,2
A4,Raw plus weighted fine/prior mixture,C6,236,0.7392739273927392,late,2,0.6073320816815179,0.7144902944564819,0.01731829652124475,0.13125629899567107,0.8514254044820841,late,2
A4,Raw plus weighted fine/prior mixture,C6,237,0.7425742574257426,late,2,0.6149803076923238,0.7188800573348999,0.01663679434120334,0.12725469398816347,0.8561085116696331,late,2
A4,Raw plus weighted fine/prior mixture,C6,238,0.7458745874587459,late,2,0.6226285336189898,0.7184065580368042,0.016863715608893732,0.12737917174729244,0.8557571126428137,late,2
A4,Raw plus weighted fine/prior mixture,C6,239,0.7491749174917491,late,2,0.6302767595456554,0.7208566665649414,0.016530549833476786,0.125023972718984,0.8584454774465392,late,2
A4,Raw plus weighted fine/prior mixture,C6,240,0.7524752475247525,late,2,0.6379249854723213,0.7173290252685547,0.017059543015399182,0.12845463872539647,0.8544858182582041,late,2
A4,Raw plus weighted fine/prior mixture,C6,241,0.7557755775577558,late,2,0.645573211398987,0.7211048007011414,0.01656282995617663,0.12469491524300097,0.8587422547998225,late,2
A4,Raw plus weighted fine/prior mixture,C6,242,0.759075907590759,late,2,0.6532214373256527,0.7199857234954834,0.0167291628513933,0.12563912674341343,0.8576317104041933,late,2
A4,Raw plus weighted fine/prior mixture,C6,243,0.7623762376237624,late,2,0.6608696632523182,0.7212919592857361,0.01655408760428274,0.12433203182242139,0.8591138805722959,late,2
A4,Raw plus weighted fine/prior mixture,C6,244,0.7656765676567657,late,2,0.6685178891789844,0.7188504338264465,0.01675478088132288,0.12678611878208945,0.8564591003355876,late,2
A4,Raw plus weighted fine/prior mixture,C6,245,0.768976897689769,late,2,0.6761661151897903,0.7218670845031738,0.016489757462742397,0.12378711605107054,0.8597231264851869,late,2
A4,Raw plus weighted fine/prior mixture,C6,246,0.7722772277227723,late,2,0.6838143412005964,0.7163330316543579,0.017409540919144477,0.1284467544689209,0.8541437046109346,late,2
A4,Raw plus weighted fine/prior mixture,C6,247,0.7755775577557755,late,2,0.6914625672114025,0.7223656177520752,0.01650290582381774,0.1232652206534203,0.860231873521762,late,2
A4,Raw plus weighted fine/prior mixture,C6,248,0.7788778877887789,late,2,0.6991107932222087,0.7219022512435913,0.01670919662858649,0.12340309640538,0.8598877069650335,late,2
A4,Raw plus weighted fine/prior mixture,C6,249,0.7821782178217822,late,2,0.7067590192330147,0.7233020663261414,0.01644709409374618,0.12224645400177572,0.8613064519034781,late,2
A4,Raw plus weighted fine/prior mixture,C6,250,0.7854785478547854,late,2,0.7144072451596807,0.7189350724220276,0.016977454935669933,0.12637720596149254,0.8566453391018376,late,2
A4,Raw plus weighted fine/prior mixture,C6,251,0.7887788778877888,late,2,0.7220554710863463,0.7231736779212952,0.016467300391385924,0.12226504140051896,0.861267658207095,late,2
A4,Raw plus weighted fine/prior mixture,C6,252,0.7920792079207921,late,2,0.729703697013012,0.7221792936325073,0.016651497769106245,0.12309266971177307,0.8602558325181207,late,2
A4,Raw plus weighted fine/prior mixture,C6,253,0.7953795379537953,late,2,0.7373519229396778,0.7234305739402771,0.016444060274788837,0.12193595642412287,0.8616199833000884,late,2
A4,Raw plus weighted fine/prior mixture,C6,254,0.7986798679867987,late,2,0.7448714868279991,0.7206906080245972,0.016666190500655553,0.12463261514483341,0.858701194353511,late,2
A4,Raw plus weighted fine/prior mixture,C6,255,0.801980198019802,late,2,0.752262388677976,0.7239552140235901,0.016421874375480556,0.12147638905838291,0.8621017365651364,late,2
A4,Raw plus weighted fine/prior mixture,C6,256,0.8052805280528053,late,2,0.7595246284896082,0.7233153581619263,0.016452230413335846,0.12212505031812268,0.8614227192675414,late,2
A4,Raw plus weighted fine/prior mixture,C6,257,0.8085808580858086,late,2,0.7666582063470367,0.7242591381072998,0.016315784108670125,0.12117400652875418,0.8625102093615756,late,2
A4,Raw plus weighted fine/prior mixture,C6,258,0.8118811881188119,late,2,0.7736631222502615,0.7257577180862427,0.01626963498777324,0.11954705102952823,0.8641833139816986,late,2
A4,Raw plus weighted fine/prior mixture,C6,259,0.8151815181518152,late,2,0.7805393761151413,0.7258719801902771,0.016216878112642077,0.11948627029261308,0.8642968515937449,late,2
A4,Raw plus weighted fine/prior mixture,C6,260,0.8184818481848185,late,2,0.7872869679416767,0.726431667804718,0.01621593642615796,0.11895198997621367,0.8648320735966283,late,2
A4,Raw plus weighted fine/prior mixture,C6,261,0.8217821782178217,late,2,0.7940345597682124,0.7270734906196594,0.016131839223229125,0.11839493293979812,0.8654732278359727,late,2
A4,Raw plus weighted fine/prior mixture,C6,262,0.8250825082508251,late,2,0.8007821515947479,0.7269973158836365,0.01614988570337751,0.11842133104972313,0.8654287832458993,late,2
A4,Raw plus weighted fine/prior mixture,C6,263,0.8283828382838284,late,2,0.8075297434212836,0.7275460958480835,0.01608188784628041,0.11800523618483158,0.865912875967888,late,2
A4,Raw plus weighted fine/prior mixture,C6,264,0.8316831683168316,late,2,0.8142773352478189,0.727502167224884,0.016119749757550386,0.11801100391372646,0.865869246327723,late,2
A4,Raw plus weighted fine/prior mixture,C6,265,0.834983498349835,late,2,0.8210249269902141,0.7282594442367554,0.016092418469414876,0.11731031668209252,0.8665972648474927,late,2
A4,Raw plus weighted fine/prior mixture,C6,266,0.8382838283828383,late,2,0.8277725187326093,0.7278720736503601,0.01618488531060156,0.11753669275340249,0.8662784219349959,late,2
A4,Raw plus weighted fine/prior mixture,C6,267,0.8415841584158416,late,2,0.8345201104750046,0.7277765274047852,0.01622071728628646,0.1175307553466877,0.8662485273660259,late,2
A4,Raw plus weighted fine/prior mixture,C6,268,0.8448844884488449,late,2,0.8412677022173995,0.7243426442146301,0.016690594997118773,0.11997318334103382,0.8633362216608473,late,2
A4,Raw plus weighted fine/prior mixture,C6,269,0.8481848184818482,late,2,0.8480152939597948,0.7272355556488037,0.016272009178130094,0.1181063477192613,0.8656216431016085,late,2
A4,Raw plus weighted fine/prior mixture,C6,270,0.8514851485148515,late,2,0.8547628857021901,0.7256739735603333,0.016512155813187903,0.11931465237751421,0.8641731918082978,late,2
A4,Raw plus weighted fine/prior mixture,C6,271,0.8547854785478548,late,2,0.8615104774445851,0.7264611124992371,0.016349935198269182,0.1189112377751373,0.8647388270255935,late,2
A4,Raw plus weighted fine/prior mixture,C6,272,0.858085808580858,late,2,0.8682580691869803,0.7238814830780029,0.016622711981049434,0.12107316530400837,0.8623041227139422,late,2
A4,Raw plus weighted fine/prior mixture,C6,273,0.8613861386138614,late,2,0.8750056609293755,0.7256038188934326,0.016408119622125107,0.11968545430432269,0.8639064260725521,late,2
A4,Raw plus weighted fine/prior mixture,C6,274,0.8646864686468647,late,2,0.8817532527559108,0.7241317629814148,0.016628564888424163,0.12092429497933396,0.8624471401312418,late,2
A4,Raw plus weighted fine/prior mixture,C6,275,0.8679867986798679,late,2,0.8885008445824465,0.7244839072227478,0.01652787131524104,0.12079721995873242,0.8626749087250266,late,2
A4,Raw plus weighted fine/prior mixture,C6,276,0.8712871287128713,late,2,0.895248436408982,0.7224072217941284,0.01678648662021404,0.12266266022814314,0.8605508531506428,late,2
A4,Raw plus weighted fine/prior mixture,C6,277,0.8745874587458746,late,2,0.9019960282355176,0.7234477996826172,0.016745014786357402,0.12170283303874169,0.861552152173901,late,2
A4,Raw plus weighted fine/prior mixture,C6,278,0.8778877887788779,late,2,0.9087436200620532,0.7216209173202515,0.01705986018286205,0.12328573986435662,0.8596543999517813,late,2
A4,Raw plus weighted fine/prior mixture,C6,279,0.8811881188118812,late,2,0.9154912118885886,0.7137296795845032,0.018425783606471794,0.1294467393151963,0.8521274770773317,late,2
A4,Raw plus weighted fine/prior mixture,C6,280,0.8844884488448845,late,2,0.9222388037151243,0.7210907936096191,0.0171684290835706,0.12410456986373423,0.8587270010516952,late,2
A4,Raw plus weighted fine/prior mixture,C6,281,0.8877887788778878,late,2,0.9289863954575196,0.7177897691726685,0.017831969662335214,0.12675077015060188,0.8554172601860628,late,2
A4,Raw plus weighted fine/prior mixture,C6,282,0.8910891089108911,late,2,0.9357339871999144,0.7195366024971008,0.01750344712451331,0.12560389072193626,0.8568926621525504,late,2
A4,Raw plus weighted fine/prior mixture,C6,283,0.8943894389438944,late,2,0.9424815789423098,0.7140557765960693,0.01830605983600005,0.13080928285887433,0.8508846573041254,late,2
A4,Raw plus weighted fine/prior mixture,C6,284,0.8976897689768977,late,2,0.949229170684705,0.7171854376792908,0.017678443019905375,0.1278018835925022,0.8545196733865924,late,2
A4,Raw plus weighted fine/prior mixture,C6,285,0.900990099009901,late,2,0.9559767624271,0.7151452898979187,0.01811472611185632,0.12980760792339213,0.8520776659637513,late,2
A4,Raw plus weighted fine/prior mixture,C6,286,0.9042904290429042,late,2,0.9618936363706976,0.7161264419555664,0.01793177919164966,0.12881208614075518,0.8532561346665952,late,2
A4,Raw plus weighted fine/prior mixture,C6,287,0.9075907590759076,late,2,0.9669797925154976,0.7124785780906677,0.01854032049720297,0.1323735342424294,0.8490861452593677,late,2
A4,Raw plus weighted fine/prior mixture,C6,288,0.9108910891089109,late,2,0.9712352308615,0.7172314524650574,0.017902096398335284,0.12766479580077295,0.8544331077998917,late,2
A4,Raw plus weighted fine/prior mixture,C6,289,0.9141914191419142,late,2,0.9746599514087048,0.71781986951828,0.017717539164616183,0.12704528503685106,0.8552371757975328,late,2
A4,Raw plus weighted fine/prior mixture,C6,290,0.9174917491749175,late,2,0.9772539541571122,0.7199126482009888,0.017388298167994316,0.12494986141131478,0.8576618404196908,late,2
A4,Raw plus weighted fine/prior mixture,C6,291,0.9207920792079208,late,2,0.9790172391067218,0.7207693457603455,0.017173994576842107,0.12415455120936175,0.858671454212796,late,2
A4,Raw plus weighted fine/prior mixture,C6,292,0.9240924092409241,late,2,0.979949806257534,0.7222225666046143,0.017032286021082164,0.12267383850938784,0.8602938754685301,late,2
A4,Raw plus weighted fine/prior mixture,C6,293,0.9273927392739274,late,2,0.980882373408346,0.7234032154083252,0.016766876664710197,0.12158840479943277,0.861644718534857,late,2
A4,Raw plus weighted fine/prior mixture,C6,294,0.9306930693069307,late,2,0.9818149405591582,0.724524974822998,0.01664951626966933,0.12051668709968671,0.8628337966296439,late,2
A4,Raw plus weighted fine/prior mixture,C6,295,0.933993399339934,late,2,0.9827475077099702,0.7262020707130432,0.01644808403279253,0.11902238871223121,0.8645295272539762,late,2
A4,Raw plus weighted fine/prior mixture,C6,296,0.9372937293729373,late,2,0.9836800748607823,0.7264900803565979,0.016468211080378055,0.1185328262914057,0.8649989626272162,late,2
A4,Raw plus weighted fine/prior mixture,C6,297,0.9405940594059405,late,2,0.9846126420115944,0.7266719341278076,0.01643005980722744,0.11825688121345292,0.8653130589783196,late,2
A4,Raw plus weighted fine/prior mixture,C6,298,0.9438943894389439,late,2,0.9855452091624064,0.7263810038566589,0.01648443404032825,0.11831713304430264,0.865198432914369,late,2
A4,Raw plus weighted fine/prior mixture,C6,299,0.9471947194719472,late,2,0.9864777763132186,0.725306510925293,0.016649900856038076,0.11893909407797193,0.8644110050649898,late,2
A4,Raw plus weighted fine/prior mixture,C6,300,0.9504950495049505,late,2,0.9874103434640308,0.7243700623512268,0.016820308468083717,0.11965141582254529,0.863528275708371,late,2
A4,Raw plus weighted fine/prior mixture,C6,301,0.9537953795379538,late,2,0.9883429106148428,0.7246748208999634,0.016744254657110026,0.11955356403488254,0.8637021813070075,late,2
A4,Raw plus weighted fine/prior mixture,C6,302,0.9570957095709571,late,2,0.9892754777656552,0.7233991622924805,0.0169296957915857,0.12049066330793672,0.8625796408994776,late,2
A4,Raw plus weighted fine/prior mixture,C6,303,0.9603960396039604,late,2,0.9902080449164672,0.7233057022094727,0.016944199221993812,0.12062778553662623,0.8624280152403798,late,2
A4,Raw plus weighted fine/prior mixture,C6,304,0.9636963696369637,late,2,0.9911406120672792,0.7223679423332214,0.017066611236102997,0.12145881450426935,0.8614745742586276,late,2
A4,Raw plus weighted fine/prior mixture,C6,305,0.966996699669967,late,2,0.9920731792180912,0.7228854894638062,0.016995535853220344,0.12109729158334136,0.8619071725624381,late,2
A4,Raw plus weighted fine/prior mixture,C6,306,0.9702970297029703,late,2,0.9930057463689036,0.7220547199249268,0.017112631344592517,0.12180918546561613,0.8610781831887911,late,2
A4,Raw plus weighted fine/prior mixture,C6,307,0.9735973597359736,late,2,0.9939383135197154,0.7220582365989685,0.017113195617226074,0.1218362759851165,0.8610505283966574,late,2
A4,Raw plus weighted fine/prior mixture,C6,308,0.976897689768977,late,2,0.9948708806705276,0.721315860748291,0.01720506394942015,0.12244779631175717,0.8603471397378226,late,2
A4,Raw plus weighted fine/prior mixture,C6,309,0.9801980198019802,late,2,0.9958034478213396,0.7217666506767273,0.017166459273670893,0.1220084777589453,0.8608250629663838,late,2
A4,Raw plus weighted fine/prior mixture,C6,310,0.9834983498349835,late,2,0.996736014972152,0.7211832404136658,0.01725744580554031,0.12244047996514469,0.860302074228315,late,2
A4,Raw plus weighted fine/prior mixture,C6,311,0.9867986798679867,late,2,0.9976685821229638,0.7195386290550232,0.017542054785132037,0.12364301804599477,0.8588149271678731,late,2
A4,Raw plus weighted fine/prior mixture,C6,312,0.9900990099009901,late,2,0.998601149273776,0.7209161520004272,0.017344047994537235,0.12252711491428214,0.8601288370901806,late,2
A4,Raw plus weighted fine/prior mixture,C6,313,0.9933993399339934,late,2,0.999067432849182,0.7188729643821716,0.01766520722593671,0.12412101573141647,0.8582137770416468,late,2
A4,Raw plus weighted fine/prior mixture,C6,314,0.9966996699669967,late,2,0.9995337164245882,0.7189801931381226,0.01766007945667327,0.12404427347507195,0.8582956470672547,late,2
A4,Raw plus weighted fine/prior mixture,C6,315,1.0,late,2,0.999999999999994,0.7169004082679749,0.018012631175011794,0.12582062901358612,0.8561667398104021,late,2
A5,Causal ordered filter applied to A4 mix,C6,12,0.0,early,0,0.0543003305631503,0.3089219033718109,0.9787134853070146,0.021286482633486075,3.205816696372442e-08,early,0
A5,Causal ordered filter applied to A4 mix,C6,13,0.0033003300330033004,early,0,0.0607357409228696,0.31158775091171265,0.9838363747724637,0.01597906406046583,0.00018456116575367158,early,0
A5,Causal ordered filter applied to A4 mix,C6,14,0.006600660066006601,early,0,0.0675207371477249,0.3116450011730194,0.984871478453225,0.014947078568260013,0.00018144297720316298,early,0
A5,Causal ordered filter applied to A4 mix,C6,15,0.009900990099009901,early,0,0.0746968680474152,0.31120169162750244,0.9849565250519235,0.014863542710671881,0.00017993223609195788,early,0
A5,Causal ordered filter applied to A4 mix,C6,16,0.013201320132013201,early,0,0.0810622745661246,0.31120771169662476,0.9848381169391951,0.014983271981817396,0.00017861107767344457,early,0
A5,Causal ordered filter applied to A4 mix,C6,17,0.0165016501650165,early,0,0.0874276810764199,0.31131523847579956,0.9845285153948458,0.015291571567705787,0.00017991303613013867,early,0
A5,Causal ordered filter applied to A4 mix,C6,18,0.019801980198019802,early,0,0.0935881687037735,0.3107154369354248,0.9843654565228265,0.01545561412554855,0.00017892935030525635,early,0
A5,Causal ordered filter applied to A4 mix,C6,19,0.0231023102310231,early,0,0.0995437374397715,0.31223905086517334,0.9838559288486497,0.015962345158945474,0.0001817259910783221,early,0
A5,Causal ordered filter applied to A4 mix,C6,20,0.026402640264026403,early,0,0.1052943872844138,0.3116161525249481,0.9837064810548204,0.016111028495033132,0.00018249044881892836,early,0
A5,Causal ordered filter applied to A4 mix,C6,21,0.0297029702970297,early,0,0.1108401182377004,0.30951738357543945,0.9844272510013136,0.0153910282913141,0.00018172070605472422,early,0
A5,Causal ordered filter applied to A4 mix,C6,22,0.033003300330033,early,0,0.1161809303080454,0.3078916370868683,0.9849742931689274,0.014847453279272308,0.00017825355048927205,early,0
A5,Causal ordered filter applied to A4 mix,C6,23,0.036303630363036306,early,0,0.1213168234786207,0.3078649938106537,0.9852585269751912,0.014562793765555325,0.0001786792579449242,early,0
A5,Causal ordered filter applied to A4 mix,C6,24,0.039603960396039604,early,0,0.1262477977578404,0.3084639608860016,0.9853678252019258,0.014452045174849175,0.0001801296219172985,early,0
A5,Causal ordered filter applied to A4 mix,C6,25,0.0429042904290429,early,0,0.13117877203706,0.30903297662734985,0.9854437878579249,0.014375400949779692,0.00018081119098856252,early,0
A5,Causal ordered filter applied to A4 mix,C6,26,0.0462046204620462,early,0,0.1361097463162796,0.309581995010376,0.9855146882164384,0.014302633007524932,0.0001826787747301299,early,0
A5,Causal ordered filter applied to A4 mix,C6,27,0.04950495049504951,early,0,0.1410407205954993,0.3101050853729248,0.9855295451806435,0.014285190279831876,0.0001852645382177984,early,0
A5,Causal ordered filter applied to A4 mix,C6,28,0.052805280528052806,early,0,0.1459716948747189,0.31057819724082947,0.9855290006907557,0.014282993824889205,0.00018800548304773594,early,0
A5,Causal ordered filter applied to A4 mix,C6,29,0.056105610561056105,early,0,0.1509026691539386,0.3107044994831085,0.9855539399651171,0.01425541024350177,0.00019064979007383284,early,0
A5,Causal ordered filter applied to A4 mix,C6,30,0.0594059405940594,early,0,0.1554870761471252,0.3104238212108612,0.9856082303784884,0.01420063631761635,0.00019113330258850602,early,0
A5,Causal ordered filter applied to A4 mix,C6,31,0.0627062706270627,early,0,0.1597249158626929,0.31037449836730957,0.9856444332757177,0.014166984726060485,0.0001885819969157719,early,0
A5,Causal ordered filter applied to A4 mix,C6,32,0.066006600660066,early,0,0.1636161882838135,0.31071460247039795,0.9856348269022157,0.014176489704329937,0.00018868339214822395,early,0
A5,Causal ordered filter applied to A4 mix,C6,33,0.06930693069306931,early,0,0.1671608934273151,0.3109871447086334,0.9856346820559633,0.014172609157302831,0.00019270878542714516,early,0
A5,Causal ordered filter applied to A4 mix,C6,34,0.07260726072607261,early,0,0.1703590312763698,0.3110054135322571,0.9856517828753535,0.014156371763944459,0.0001918453593955096,early,0
A5,Causal ordered filter applied to A4 mix,C6,35,0.07590759075907591,early,0,0.1732106018478054,0.31121525168418884,0.985646311615634,0.014160459945947244,0.00019322843711190468,early,0
A5,Causal ordered filter applied to A4 mix,C6,36,0.07920792079207921,early,0,0.175715605133208,0.31113216280937195,0.9856599063422741,0.014146951040548058,0.00019314261587138123,early,0
A5,Causal ordered filter applied to A4 mix,C6,37,0.08250825082508251,early,0,0.1782206084186106,0.31100887060165405,0.9856874572965121,0.01411933821769383,0.00019320448448789372,early,0
A5,Causal ordered filter applied to A4 mix,C6,38,0.0858085808580858,early,0,0.1807256117040133,0.3106935918331146,0.9857318109874313,0.014075646022649248,0.0001925429886138686,early,0
A5,Causal ordered filter applied to A4 mix,C6,39,0.0891089108910891,early,0,0.183230614989416,0.31049010157585144,0.9857542036151737,0.014053705897981656,0.00019209048553924015,early,0
A5,Causal ordered filter applied to A4 mix,C6,40,0.0924092409240924,early,0,0.1857356182748186,0.3105015158653259,0.9857517324339993,0.014056419256419074,0.00019184830827646842,early,0
A5,Causal ordered filter applied to A4 mix,C6,41,0.09570957095709572,early,0,0.1882406215602211,0.3105050325393677,0.9857501236106684,0.014058481381397786,0.00019139500662860226,early,0
A5,Causal ordered filter applied to A4 mix,C6,42,0.09900990099009901,early,0,0.1907456248456237,0.30999210476875305,0.9857949249691177,0.014014410403207377,0.0001906646263704729,early,0
A5,Causal ordered filter applied to A4 mix,C6,43,0.10231023102310231,early,0,0.1932506281226124,0.3100661039352417,0.9858074175833176,0.014001388796737813,0.0001911936186401114,early,0
A5,Causal ordered filter applied to A4 mix,C6,44,0.10561056105610561,early,0,0.195755631408015,0.3098283112049103,0.985836805105054,0.01397219394887167,0.0001910009447701439,early,0
A5,Causal ordered filter applied to A4 mix,C6,45,0.10891089108910891,early,0,0.1982606346850036,0.3096039295196533,0.9858739914172977,0.013936161130057374,0.00018984745134146782,early,0
A5,Causal ordered filter applied to A4 mix,C6,46,0.11221122112211221,early,0,0.2007656379704062,0.3096730411052704,0.985869633700697,0.013940608315659868,0.00018975798233950039,early,0
A5,Causal ordered filter applied to A4 mix,C6,47,0.11551155115511551,early,0,0.2032706412810509,0.30967026948928833,0.9858668494636336,0.013943348654689897,0.0001898018803729676,early,0
A5,Causal ordered filter applied to A4 mix,C6,48,0.1188118811881188,early,0,0.2057756445412115,0.3095974028110504,0.9858666328286932,0.013943459039682431,0.00018990813032075595,early,0
A5,Causal ordered filter applied to A4 mix,C6,49,0.12211221122112212,early,0,0.2082806478266142,0.30986014008522034,0.9858409726545951,0.013968700725601817,0.00019032661849903,early,0
A5,Causal ordered filter applied to A4 mix,C6,50,0.1254125412541254,early,0,0.2107856511456729,0.30998045206069946,0.9858165307872124,0.013993122214547682,0.00019034699693553614,early,0
A5,Causal ordered filter applied to A4 mix,C6,51,0.12871287128712872,early,0,0.2132906544058334,0.31007686257362366,0.9857909167877384,0.014017519858205145,0.00019156335275159604,early,0
A5,Causal ordered filter applied to A4 mix,C6,52,0.132013201320132,early,0,0.21579565769965,0.31022506952285767,0.9857700852390745,0.014037986089338402,0.0001919286702819538,early,0
A5,Causal ordered filter applied to A4 mix,C6,53,0.1353135313531353,early,0,0.2183006610187089,0.3107087016105652,0.9857153851939005,0.014090597448537065,0.00019401735625626429,early,0
A5,Causal ordered filter applied to A4 mix,C6,54,0.13861386138613863,early,0,0.2208056642536273,0.31093835830688477,0.9856790870264266,0.014125710710688421,0.00019520226157826947,early,0
A5,Causal ordered filter applied to A4 mix,C6,55,0.1419141914191419,early,0,0.2233106675726861,0.3110228478908539,0.985644766683089,0.014158806114997044,0.00019642720060655943,early,0
A5,Causal ordered filter applied to A4 mix,C6,56,0.14521452145214522,early,0,0.2258156708917448,0.3114282190799713,0.9855970400257956,0.014206017739822586,0.00019694223307385432,early,0
A5,Causal ordered filter applied to A4 mix,C6,57,0.1485148514851485,early,0,0.2283206741266631,0.3120516538619995,0.9855087272005869,0.014293013323863155,0.0001982594742406257,early,0
A5,Causal ordered filter applied to A4 mix,C6,58,0.15181518151815182,early,0,0.230825677445722,0.3124416470527649,0.9854703424398252,0.014330521262528121,0.00019913629633672655,early,0
A5,Causal ordered filter applied to A4 mix,C6,59,0.1551155115511551,early,0,0.2333306806806404,0.31282496452331543,0.9853846239954266,0.014413866800117175,0.00020150920314485852,early,0
A5,Causal ordered filter applied to A4 mix,C6,60,0.15841584158415842,early,0,0.2358356839155588,0.31308361887931824,0.9853279660736256,0.01447249784019389,0.00019953608486897293,early,0
A5,Causal ordered filter applied to A4 mix,C6,61,0.1617161716171617,early,0,0.2383406872346176,0.3133983016014099,0.9852516833639222,0.014546874862860588,0.00020144177190424374,early,0
A5,Causal ordered filter applied to A4 mix,C6,62,0.16501650165016502,early,0,0.2405333421859526,0.31313028931617737,0.9852438427447113,0.014557169248309557,0.00019898800566663506,early,0
A5,Causal ordered filter applied to A4 mix,C6,63,0.16831683168316833,early,0,0.2424136488537044,0.31385356187820435,0.9851290388391675,0.014668579312250655,0.00020238184726733115,early,0
A5,Causal ordered filter applied to A4 mix,C6,64,0.1716171617161716,early,0,0.2439816073220131,0.31401264667510986,0.9850731166140047,0.014724980914677931,0.0002019024700025773,early,0
A5,Causal ordered filter applied to A4 mix,C6,65,0.17491749174917492,early,0,0.2452372175067385,0.315245121717453,0.9848437328969619,0.014942682674657261,0.00021358442706096754,early,0
A5,Causal ordered filter applied to A4 mix,C6,66,0.1782178217821782,early,0,0.2461804794078805,0.3159659802913666,0.98469240211993,0.015093056651999188,0.00021454122674924685,early,0
A5,Causal ordered filter applied to A4 mix,C6,67,0.18151815181518152,early,0,0.2468113930254392,0.3172479569911957,0.9843913995883358,0.015389180687472333,0.00021941972286596253,early,0
A5,Causal ordered filter applied to A4 mix,C6,68,0.1848184818481848,early,0,0.2471427694933539,0.31758931279182434,0.9841172355078623,0.01566071545373364,0.00022204903707453416,early,0
A5,Causal ordered filter applied to A4 mix,C6,69,0.18811881188118812,early,0,0.2479090181565044,0.3202665448188782,0.9835464501259978,0.016223557237605914,0.00022999263505851198,early,0
A5,Causal ordered filter applied to A4 mix,C6,70,0.19141914191419143,early,0,0.2490971012066999,0.32274913787841797,0.982761587925324,0.017000228306358126,0.00023818376696971936,early,0
A5,Causal ordered filter applied to A4 mix,C6,71,0.19471947194719472,early,0,0.2506934927372599,0.32510966062545776,0.981803242045845,0.01794969626888301,0.00024706168391157204,early,0
A5,Causal ordered filter applied to A4 mix,C6,72,0.19801980198019803,early,0,0.252684213072299,0.3270651400089264,0.9808638572296343,0.018884302969568705,0.0002518397994259803,early,0
A5,Causal ordered filter applied to A4 mix,C6,73,0.20132013201320131,early,0,0.255054863769136,0.33261561393737793,0.9789162698199213,0.020812843837469,0.0002708863412130881,early,0
A5,Causal ordered filter applied to A4 mix,C6,74,0.20462046204620463,early,0,0.2577906625365613,0.334667444229126,0.9772256140143345,0.02249163327651291,0.00028275270773851183,early,0
A5,Causal ordered filter applied to A4 mix,C6,75,0.2079207920792079,early,0,0.2608636681129916,0.3361213803291321,0.9750373598987554,0.02466410954242698,0.0002985305573793276,early,0
A5,Causal ordered filter applied to A4 mix,C6,76,0.21122112211221122,early,0,0.2638363774010046,0.33464404940605164,0.9754679481334009,0.024235727958660358,0.0002963239065125087,early,0
A5,Causal ordered filter applied to A4 mix,C6,77,0.2145214521452145,early,0,0.266706110107996,0.335044264793396,0.9740345796712835,0.02566233448375992,0.0003030858435111642,early,0
A5,Causal ordered filter applied to A4 mix,C6,78,0.21782178217821782,early,0,0.2694704346603989,0.33370253443717957,0.9753766706612498,0.024335123458677166,0.00028820587864982036,early,0
A5,Causal ordered filter applied to A4 mix,C6,79,0.22112211221122113,early,0,0.2721271695499306,0.33459335565567017,0.975296528551093,0.024418016263819297,0.00028545518366009776,early,0
A5,Causal ordered filter applied to A4 mix,C6,80,0.22442244224422442,early,0,0.2746743849322597,0.3317588269710541,0.9768829788282437,0.022848422838405442,0.00026859833194488336,early,0
A5,Causal ordered filter applied to A4 mix,C6,81,0.22772277227722773,early,0,0.2771104033001299,0.3314158022403717,0.9771085689377684,0.02262299306998329,0.0002684379908407552,early,0
A5,Causal ordered filter applied to A4 mix,C6,82,0.23102310231023102,early,0,0.2794337993150789,0.33018967509269714,0.9779562184419214,0.02178446125606148,0.00025932030062059944,early,0
A5,Causal ordered filter applied to A4 mix,C6,83,0.23432343234323433,early,0,0.2816433994708767,0.33043262362480164,0.9778510416811396,0.021889826833060545,0.0002591314843999072,early,0
A5,Causal ordered filter applied to A4 mix,C6,84,0.2376237623762376,early,0,0.2837382809997008,0.33064618706703186,0.9780239483148996,0.021720817992906767,0.00025523369079656264,early,0
A5,Causal ordered filter applied to A4 mix,C6,85,0.24092409240924093,early,0,0.2857177701051873,0.3312995433807373,0.9776398695180473,0.02210276745912203,0.0002573630214282394,early,0
A5,Causal ordered filter applied to A4 mix,C6,86,0.24422442244224424,early,0,0.2875814402796224,0.33101293444633484,0.9769932802665634,0.022746601886369337,0.0002601178456573862,early,0
A5,Causal ordered filter applied to A4 mix,C6,87,0.24752475247524752,early,0,0.2893291093590293,0.32748177647590637,0.9787565399259244,0.020994038075868766,0.00024942199682196725,early,0
A5,Causal ordered filter applied to A4 mix,C6,88,0.2508250825082508,early,0,0.2909608366623936,0.3314131796360016,0.9765863142828584,0.02314604736509294,0.00026763835062925605,early,0
A5,Causal ordered filter applied to A4 mix,C6,89,0.25412541254125415,early,0,0.292476919541907,0.3302106261253357,0.9770533522054945,0.022686924905803443,0.00025972288729598543,early,0
A5,Causal ordered filter applied to A4 mix,C6,90,0.25742574257425743,early,0,0.2938778895966487,0.3326147794723511,0.9738269471300417,0.025885010735103773,0.00028804213340341317,early,0
A5,Causal ordered filter applied to A4 mix,C6,91,0.2607260726072607,early,0,0.2951645082131444,0.33392423391342163,0.9750772469633233,0.024645587009363226,0.00027716602588889386,early,0
A5,Causal ordered filter applied to A4 mix,C6,92,0.264026402640264,early,0,0.2963377620217843,0.33415162563323975,0.9719653941441946,0.027729512308674622,0.0003050935456614391,early,0
A5,Causal ordered filter applied to A4 mix,C6,93,0.26732673267326734,early,0,0.2973988580166796,0.33380651473999023,0.9728830460331733,0.02682308012266789,0.0002938738427118201,early,0
A5,Causal ordered filter applied to A4 mix,C6,94,0.2706270627062706,early,0,0.2983492180865358,0.333255797624588,0.9676189735785027,0.032045861383521404,0.00033516503645917694,early,0
A5,Causal ordered filter applied to A4 mix,C6,95,0.2739273927392739,early,0,0.2991904732089655,0.33521968126296997,0.9668136544423193,0.03284621271359348,0.00034013284257990335,early,0
A5,Causal ordered filter applied to A4 mix,C6,96,0.27722772277227725,middle,1,0.2999244579813612,0.3373226821422577,0.9567381347634043,0.04284852824302156,0.00041333699195111444,early,0
A5,Causal ordered filter applied to A4 mix,C6,97,0.28052805280528054,middle,1,0.3005532038896633,0.34093204140663147,0.9379032708225707,0.061567321424866484,0.0005294077507853201,early,0
A5,Causal ordered filter applied to A4 mix,C6,98,0.2838283828382838,middle,1,0.3010789330819709,0.3407261371612549,0.9132811618692119,0.08606628031417321,0.0006525578147146723,early,0
A5,Causal ordered filter applied to A4 mix,C6,99,0.2871287128712871,middle,1,0.3015040515531672,0.3496839702129364,0.8016305839601137,0.19731941875477832,0.0010499972825633867,early,0
A5,Causal ordered filter applied to A4 mix,C6,100,0.29042904290429045,middle,1,0.3018311420771272,0.3530406057834625,0.6253619957666748,0.37305840100671783,0.0015796032240522429,early,0
A5,Causal ordered filter applied to A4 mix,C6,101,0.29372937293729373,middle,1,0.3020690494932344,0.3592841625213623,0.3768579747043965,0.6209266436147274,0.0022153816785347802,middle,1
A5,Causal ordered filter applied to A4 mix,C6,102,0.297029702970297,middle,1,0.3022325432192163,0.36500686407089233,0.1623555336334685,0.8349657334172809,0.0026787329473432374,middle,1
A5,Causal ordered filter applied to A4 mix,C6,103,0.30033003300330036,middle,1,0.302336046771595,0.3781692385673523,0.04600627316135829,0.9511567702150778,0.002836956622013894,middle,1
A5,Causal ordered filter applied to A4 mix,C6,104,0.30363036303630364,middle,1,0.3023936126918466,0.38504308462142944,0.011467963785243679,0.9855963049221067,0.002935731291257346,middle,1
A5,Causal ordered filter applied to A4 mix,C6,105,0.3069306930693069,middle,1,0.302418898229824,0.3891671299934387,0.0035253063423924956,0.9933076885167188,0.0031670051395350724,middle,1
A5,Causal ordered filter applied to A4 mix,C6,106,0.3102310231023102,middle,1,0.3024251420368648,0.39413201808929443,0.0018402955199892132,0.9947422864899204,0.003417417988740162,middle,1
A5,Causal ordered filter applied to A4 mix,C6,107,0.31353135313531355,middle,1,0.3024251420368648,0.3975559175014496,0.0014490644956681757,0.9949781636981767,0.003572771804809047,middle,1
A5,Causal ordered filter applied to A4 mix,C6,108,0.31683168316831684,middle,1,0.3024251420368648,0.38123711943626404,0.0022511975795279763,0.993293169110202,0.004455633308766913,middle,1
A5,Causal ordered filter applied to A4 mix,C6,109,0.3201320132013201,middle,1,0.3024251420368648,0.3917933404445648,0.0018853738105025803,0.9941434653931647,0.003971160794928978,middle,1
A5,Causal ordered filter applied to A4 mix,C6,110,0.3234323432343234,middle,1,0.3024251420368648,0.3877370059490204,0.0021316013754059757,0.9937018328661434,0.004166565756992789,middle,1
A5,Causal ordered filter applied to A4 mix,C6,111,0.32673267326732675,middle,1,0.3024251420368648,0.3961142301559448,0.0017421313325718907,0.994403657895165,0.0038542107708778753,middle,1
A5,Causal ordered filter applied to A4 mix,C6,112,0.33003300330033003,middle,1,0.3024251420368648,0.39156052470207214,0.0021275045043352286,0.9936643406626269,0.0042081548315734355,middle,1
A5,Causal ordered filter applied to A4 mix,C6,113,0.3333333333333333,middle,1,0.3024251420368648,0.3999877870082855,0.001577468098541018,0.9946627435218303,0.0037597883782688186,middle,1
A5,Causal ordered filter applied to A4 mix,C6,114,0.33663366336633666,middle,1,0.3024251420368648,0.39979586005210876,0.0015958191589533985,0.9945464404417124,0.003857740397951665,middle,1
A5,Causal ordered filter applied to A4 mix,C6,115,0.33993399339933994,middle,1,0.3024251420368648,0.40596628189086914,0.0012305833361412788,0.9951653219104674,0.003604094752070993,middle,1
A5,Causal ordered filter applied to A4 mix,C6,116,0.3432343234323432,middle,1,0.3024251420368648,0.4059394896030426,0.0012738810405363687,0.9950844988055586,0.0036416201525665748,middle,1
A5,Causal ordered filter applied to A4 mix,C6,117,0.3465346534653465,middle,1,0.3024251420368648,0.4113992154598236,0.0010578877720824678,0.9954172105932398,0.003524901633377802,middle,1
A5,Causal ordered filter applied to A4 mix,C6,118,0.34983498349834985,middle,1,0.3024251420368648,0.4197269082069397,0.0008919650473100419,0.9955806021952931,0.003527432756119009,middle,1
A5,Causal ordered filter applied to A4 mix,C6,119,0.35313531353135313,middle,1,0.3024251420368648,0.3979281783103943,0.0014515136038605633,0.9942048997014922,0.0043435866932519775,middle,1
A5,Causal ordered filter applied to A4 mix,C6,120,0.3564356435643564,middle,1,0.3024251420368648,0.4191836714744568,0.001111536483662571,0.9945094151090281,0.004379048405987223,middle,1
A5,Causal ordered filter applied to A4 mix,C6,121,0.35973597359735976,middle,1,0.3024251420368648,0.42013537883758545,0.0010744056577050392,0.9946564857709558,0.004269108570016716,middle,1
A5,Causal ordered filter applied to A4 mix,C6,122,0.36303630363036304,middle,1,0.3024251420368648,0.42659351229667664,0.0009646640440093319,0.9946830239320205,0.004352312022663103,middle,1
A5,Causal ordered filter applied to A4 mix,C6,123,0.36633663366336633,middle,1,0.3024251420368648,0.4262668788433075,0.0012205249780440747,0.9937618679980192,0.005017607022569444,middle,1
A5,Causal ordered filter applied to A4 mix,C6,124,0.3696369636963696,middle,1,0.3024251420368648,0.43316465616226196,0.0009983403095646197,0.9941840470823399,0.004817612606777161,middle,1
A5,Causal ordered filter applied to A4 mix,C6,125,0.37293729372937295,middle,1,0.3024251420368648,0.4333382546901703,0.0009253604586272885,0.9945372394241121,0.004537400115954888,middle,1
A5,Causal ordered filter applied to A4 mix,C6,126,0.37623762376237624,middle,1,0.3024412137797824,0.4377652406692505,0.0008142675687546487,0.9948329306911196,0.004352801738840825,middle,1
A5,Causal ordered filter applied to A4 mix,C6,127,0.3795379537953795,middle,1,0.3026364281860637,0.4334155023097992,0.0009210937329220231,0.9945149644589245,0.00456394180684295,middle,1
A5,Causal ordered filter applied to A4 mix,C6,128,0.38283828382838286,middle,1,0.3030107851715685,0.4364373981952667,0.000839524329944625,0.9947099906647613,0.0044504850040027084,middle,1
A5,Causal ordered filter applied to A4 mix,C6,129,0.38613861386138615,middle,1,0.3035642847362966,0.4446551501750946,0.0006995174648137555,0.9950818844414967,0.004218598092425512,middle,1
A5,Causal ordered filter applied to A4 mix,C6,130,0.38943894389438943,middle,1,0.3042969268802481,0.44123417139053345,0.0006524398905744857,0.9954645087684869,0.003883051339687137,middle,1
A5,Causal ordered filter applied to A4 mix,C6,131,0.3927392739273927,middle,1,0.3052087116875634,0.442484050989151,0.0005767165185559977,0.9959141127149153,0.0035091707652977703,middle,1
A5,Causal ordered filter applied to A4 mix,C6,132,0.39603960396039606,middle,1,0.3062996390741022,0.4391639828681946,0.0005503049697507125,0.9962826068128674,0.003167088216161759,middle,1
A5,Causal ordered filter applied to A4 mix,C6,133,0.39933993399339934,middle,1,0.3075536372969468,0.4388996362686157,0.0004914903186053817,0.9967870013474474,0.0027215083327469616,middle,1
A5,Causal ordered filter applied to A4 mix,C6,134,0.40264026402640263,middle,1,0.3088076355197915,0.43563637137413025,0.00048235768839213994,0.9969870824180934,0.002530559892319218,middle,1
A5,Causal ordered filter applied to A4 mix,C6,135,0.40594059405940597,middle,1,0.310061633742636,0.43309086561203003,0.0004595888723851554,0.9972490948466174,0.002291316279811548,middle,1
A5,Causal ordered filter applied to A4 mix,C6,136,0.40924092409240925,middle,1,0.3113156319654807,0.4312250018119812,0.0004561392668655539,0.9973441125511328,0.0021997481808181687,middle,1
A5,Causal ordered filter applied to A4 mix,C6,137,0.41254125412541254,middle,1,0.3125696301883253,0.42990371584892273,0.0004370595413080281,0.9975398200980552,0.002023120359460793,middle,1
A5,Causal ordered filter applied to A4 mix,C6,138,0.4158415841584158,middle,1,0.3138236284111699,0.43029606342315674,0.00043177852067314323,0.9975603014010392,0.0020079200771126733,middle,1
A5,Causal ordered filter applied to A4 mix,C6,139,0.41914191419141916,middle,1,0.3150776266340144,0.42874759435653687,0.0004239437364571051,0.9976704583873487,0.0019055978750228712,middle,1
A5,Causal ordered filter applied to A4 mix,C6,140,0.42244224422442245,middle,1,0.3163316248568591,0.4263884127140045,0.00043419043690107694,0.9976883600143133,0.0018774495476130354,middle,1
A5,Causal ordered filter applied to A4 mix,C6,141,0.42574257425742573,middle,1,0.3175856230797036,0.42744770646095276,0.000423566145881431,0.997737632571757,0.0018388012811918935,middle,1
A5,Causal ordered filter applied to A4 mix,C6,142,0.429042904290429,middle,1,0.3188396213025483,0.42739763855934143,0.00042289304288067804,0.9977429776929874,0.0018341292629624007,middle,1
A5,Causal ordered filter applied to A4 mix,C6,143,0.43234323432343236,middle,1,0.3200936195253929,0.42825859785079956,0.0004174896956511427,0.99775189556755,0.001830614735630448,middle,1
A5,Causal ordered filter applied to A4 mix,C6,144,0.43564356435643564,middle,1,0.3213476177482375,0.4287724494934082,0.0004195699694067302,0.9977237817464122,0.0018566482830116291,middle,1
A5,Causal ordered filter applied to A4 mix,C6,145,0.4389438943894389,middle,1,0.3226016159710823,0.4291303753852844,0.00041420895580076194,0.9977435032285586,0.0018422878144724183,middle,1
A5,Causal ordered filter applied to A4 mix,C6,146,0.44224422442244227,middle,1,0.3238556141939268,0.42859500646591187,0.0004143933342011954,0.997757185373986,0.0018284212906446824,middle,1
A5,Causal ordered filter applied to A4 mix,C6,147,0.44554455445544555,middle,1,0.3251096124167714,0.42979878187179565,0.00040965403071429235,0.9977455802580538,0.001844765710064525,middle,1
A5,Causal ordered filter applied to A4 mix,C6,148,0.44884488448844884,middle,1,0.326363610639616,0.43002158403396606,0.00040863190977841744,0.9977447626809851,0.001846605408069176,middle,1
A5,Causal ordered filter applied to A4 mix,C6,149,0.4521452145214521,middle,1,0.3276176088624607,0.4305769205093384,0.00040613597561268375,0.997748413236284,0.0018454507869363932,middle,1
A5,Causal ordered filter applied to A4 mix,C6,150,0.45544554455445546,middle,1,0.3288716070853052,0.4278234839439392,0.00042350562573079863,0.9977034598627353,0.0018730345103631521,middle,1
A5,Causal ordered filter applied to A4 mix,C6,151,0.45874587458745875,middle,1,0.3301256053081499,0.43024733662605286,0.00041248829761786224,0.9977231450356415,0.0018643666655723129,middle,1
A5,Causal ordered filter applied to A4 mix,C6,152,0.46204620462046203,middle,1,0.3313796035309944,0.4287784695625305,0.00041589847577771675,0.9977416133550374,0.001842488168016402,middle,1
A5,Causal ordered filter applied to A4 mix,C6,153,0.46534653465346537,middle,1,0.3326336017538391,0.4315391182899475,0.0004104204319724574,0.9976963148310607,0.0018932647357981494,middle,1
A5,Causal ordered filter applied to A4 mix,C6,154,0.46864686468646866,middle,1,0.3338875999766836,0.4321834444999695,0.0004133088743515595,0.9976572487232847,0.001929442401193758,middle,1
A5,Causal ordered filter applied to A4 mix,C6,155,0.47194719471947194,middle,1,0.3351415981995282,0.4340552091598511,0.0004085817790142544,0.9976141790355137,0.001977239184301677,middle,1
A5,Causal ordered filter applied to A4 mix,C6,156,0.4752475247524752,middle,1,0.3363955964223728,0.43387433886528015,0.00040867863017079586,0.9976262500292898,0.001965071339369386,middle,1
A5,Causal ordered filter applied to A4 mix,C6,157,0.47854785478547857,middle,1,0.3376495946452175,0.4355609714984894,0.00040965552050902036,0.9975535607969946,0.00203678368132451,middle,1
A5,Causal ordered filter applied to A4 mix,C6,158,0.48184818481848185,middle,1,0.3389266209189708,0.43666067719459534,0.0004070879394900784,0.9975456804728268,0.002047231586511542,middle,1
A5,Causal ordered filter applied to A4 mix,C6,159,0.48514851485148514,middle,1,0.3402266750753522,0.43485450744628906,0.000412953760674127,0.9975499483999971,0.0020370978381561663,middle,1
A5,Causal ordered filter applied to A4 mix,C6,160,0.4884488448844885,middle,1,0.3415497572826421,0.43394482135772705,0.00041111825241363267,0.997606164554574,0.0019827171918414765,middle,1
A5,Causal ordered filter applied to A4 mix,C6,161,0.49174917491749176,middle,1,0.3428958675408408,0.4502932131290436,0.00037625127114759404,0.9973020655864505,0.002321683141229749,middle,1
A5,Causal ordered filter applied to A4 mix,C6,162,0.49504950495049505,middle,1,0.3442650056816676,0.44622305035591125,0.00037941764444680116,0.9973552500400186,0.0022653323143628557,middle,1
A5,Causal ordered filter applied to A4 mix,C6,163,0.49834983498349833,middle,1,0.3456571718734029,0.4466346502304077,0.0003784762026907461,0.9973563769315077,0.0022651468646299345,middle,1
A5,Causal ordered filter applied to A4 mix,C6,164,0.5016501650165016,middle,1,0.3470723660319067,0.44980674982070923,0.00037807379116499917,0.9972107190331247,0.0024112071745354736,middle,1
A5,Causal ordered filter applied to A4 mix,C6,165,0.504950495049505,middle,1,0.3484875601904105,0.4536552429199219,0.00036999080189871394,0.9971150081125011,0.0025150010844243635,middle,1
A5,Causal ordered filter applied to A4 mix,C6,166,0.5082508250825083,middle,1,0.3499027544330546,0.456484317779541,0.00037267192477897674,0.9969287359625462,0.0026985921114944956,middle,1
A5,Causal ordered filter applied to A4 mix,C6,167,0.5115511551155115,middle,1,0.3513179485915584,0.46158847212791443,0.00036261750288841654,0.9967899685896693,0.002847413906260583,middle,1
A5,Causal ordered filter applied to A4 mix,C6,168,0.5148514851485149,middle,1,0.3527331427500622,0.4708063006401062,0.00036549515125931353,0.9963060589053474,0.0033284459422001545,middle,1
A5,Causal ordered filter applied to A4 mix,C6,169,0.5181518151815182,middle,1,0.3541483369085658,0.483792245388031,0.0003708304198587886,0.9954831513899458,0.004146018188983593,middle,1
A5,Causal ordered filter applied to A4 mix,C6,170,0.5214521452145214,middle,1,0.3555635310670696,0.49402931332588196,0.00039515927812326104,0.9940385611256297,0.005566279595000577,middle,1
A5,Causal ordered filter applied to A4 mix,C6,171,0.5247524752475248,middle,1,0.3569787253097137,0.5034048557281494,0.0004191310227052013,0.9922826923525072,0.007298176623502678,middle,1
A5,Causal ordered filter applied to A4 mix,C6,172,0.528052805280528,middle,1,0.3583939194682176,0.5054937601089478,0.0004532052886370078,0.9909349655467048,0.008611829163344532,middle,1
A5,Causal ordered filter applied to A4 mix,C6,173,0.5313531353135313,middle,1,0.3598091136267213,0.5135019421577454,0.0004601480780270214,0.989602274029199,0.00993757789143669,middle,1
A5,Causal ordered filter applied to A4 mix,C6,174,0.5346534653465347,middle,1,0.3612243078693654,0.5183797478675842,0.0004894611666804271,0.9875012705028267,0.012009268329114215,middle,1
A5,Causal ordered filter applied to A4 mix,C6,175,0.5379537953795379,middle,1,0.3626395020278692,0.5287415385246277,0.0005134619757565639,0.9838691014956744,0.015617436527127087,middle,1
A5,Causal ordered filter applied to A4 mix,C6,176,0.5412541254125413,middle,1,0.3640546962705133,0.5208195447921753,0.0005119320879442808,0.985226539479089,0.014261528431563501,middle,1
A5,Causal ordered filter applied to A4 mix,C6,177,0.5445544554455446,middle,1,0.365469890429017,0.5270336866378784,0.0005142727320256502,0.9838191061750711,0.01566662109147027,middle,1
A5,Causal ordered filter applied to A4 mix,C6,178,0.5478547854785478,middle,1,0.3668850845875208,0.522067666053772,0.0005060827390179623,0.9848979358014667,0.014595981458107768,middle,1
A5,Causal ordered filter applied to A4 mix,C6,179,0.5511551155115512,middle,1,0.368300278830165,0.5193758010864258,0.0004827361078490318,0.9865375031184122,0.012979760772359801,middle,1
A5,Causal ordered filter applied to A4 mix,C6,180,0.5544554455445545,middle,1,0.3697154729886687,0.5074442625045776,0.0004529894556937009,0.9899204581988498,0.009626552344137914,middle,1
A5,Causal ordered filter applied to A4 mix,C6,181,0.5577557755775577,middle,1,0.3711306671471724,0.5026271939277649,0.0004269555464890778,0.9916430691876796,0.0079299752645417,middle,1
A5,Causal ordered filter applied to A4 mix,C6,182,0.5610561056105611,middle,1,0.3725458613056763,0.4975444972515106,0.0004156362848359015,0.992718836151186,0.006865527562708079,middle,1
A5,Causal ordered filter applied to A4 mix,C6,183,0.5643564356435643,middle,1,0.3739610554641798,0.4935872554779053,0.0004190109195982225,0.9933696880995717,0.006211300979570573,middle,1
A5,Causal ordered filter applied to A4 mix,C6,184,0.5676567656765676,middle,1,0.3753762497068241,0.4972103536128998,0.0004133506136456557,0.99319347482603,0.006393174559061238,middle,1
A5,Causal ordered filter applied to A4 mix,C6,185,0.570957095709571,middle,1,0.3767914438653277,0.4852977395057678,0.00039748233575761306,0.99457333287336,0.00502918478965047,middle,1
A5,Causal ordered filter applied to A4 mix,C6,186,0.5742574257425742,middle,1,0.3782066380238316,0.4747133255004883,0.0003805571863678868,0.9956860944298132,0.003933348382611763,middle,1
A5,Causal ordered filter applied to A4 mix,C6,187,0.5775577557755776,middle,1,0.3796218321823353,0.4707041084766388,0.00038609121838998684,0.9959353788299065,0.0036785299504997807,middle,1
A5,Causal ordered filter applied to A4 mix,C6,188,0.5808580858085809,middle,1,0.3810370263408391,0.464846670627594,0.0003729658196600087,0.9964140305681977,0.003213003610951175,middle,1
A5,Causal ordered filter applied to A4 mix,C6,189,0.5841584158415841,middle,1,0.3824522205834832,0.4610072672367096,0.00037450296157109095,0.9966371806025447,0.0029883164346972205,middle,1
A5,Causal ordered filter applied to A4 mix,C6,190,0.5874587458745875,middle,1,0.3842404922043516,0.45684540271759033,0.00036775731365932255,0.9969184931608384,0.0027137495243226752,middle,1
A5,Causal ordered filter applied to A4 mix,C6,191,0.5907590759075908,middle,1,0.3864018412875842,0.45218369364738464,0.0003762005211694563,0.9970905395845319,0.002533259893121418,middle,1
A5,Causal ordered filter applied to A4 mix,C6,192,0.594059405940594,middle,1,0.3889362679173217,0.4492962956428528,0.00037020104006820436,0.9973028838542706,0.0023269151044897655,middle,1
A5,Causal ordered filter applied to A4 mix,C6,193,0.5973597359735974,middle,1,0.3918437719252833,0.45529457926750183,0.00035115174181811254,0.99724971589093,0.002399132366082106,middle,1
A5,Causal ordered filter applied to A4 mix,C6,194,0.6006600660066007,middle,1,0.3951243534797499,0.4503404498100281,0.0003519993932464089,0.9974409594540301,0.002207041151557831,middle,1
A5,Causal ordered filter applied to A4 mix,C6,195,0.6039603960396039,middle,1,0.3987780124965807,0.4486912488937378,0.00034940357593987465,0.9975567247927601,0.002093871630137287,middle,1
A5,Causal ordered filter applied to A4 mix,C6,196,0.6072607260726073,middle,1,0.4028047489757763,0.44505786895751953,0.00035158366817728324,0.9976837795102468,0.0019646368204158985,middle,1
A5,Causal ordered filter applied to A4 mix,C6,197,0.6105610561056105,middle,1,0.4068314854549716,0.44626227021217346,0.0003433275582131006,0.9977250745007634,0.0019315979398656518,middle,1
A5,Causal ordered filter applied to A4 mix,C6,198,0.6138613861386139,middle,1,0.4108582219341671,0.4423477351665497,0.0003489214223740044,0.9978053488846431,0.0018457296918259229,middle,1
A5,Causal ordered filter applied to A4 mix,C6,199,0.6171617161716172,middle,1,0.4148849584133625,0.4412427842617035,0.00034723446309990004,0.9978582888166725,0.0017944767190721093,middle,1
A5,Causal ordered filter applied to A4 mix,C6,200,0.6204620462046204,middle,1,0.4189116948925581,0.4398568570613861,0.0003489167491109552,0.9978957610112857,0.0017553222384485386,middle,1
A5,Causal ordered filter applied to A4 mix,C6,201,0.6237623762376238,middle,1,0.4229384313717534,0.4411245584487915,0.000343155532431002,0.9978986468994596,0.0017581975669556838,middle,1
A5,Causal ordered filter applied to A4 mix,C6,202,0.6270627062706271,middle,1,0.4269651678509489,0.43984389305114746,0.0003449629634743347,0.997922089866795,0.0017329471685771185,middle,1
A5,Causal ordered filter applied to A4 mix,C6,203,0.6303630363036303,middle,1,0.4309919042460039,0.4425044357776642,0.000339337535865953,0.9978774385718288,0.0017832238911516189,middle,1
A5,Causal ordered filter applied to A4 mix,C6,204,0.6336633663366337,middle,1,0.4350186407251992,0.43976467847824097,0.00034877063557706644,0.9978743831433522,0.0017768462199154321,middle,1
A5,Causal ordered filter applied to A4 mix,C6,205,0.636963696369637,middle,1,0.4390453772043946,0.4453408122062683,0.0003367626793944932,0.9977949093483159,0.0018683279711343213,middle,1
A5,Causal ordered filter applied to A4 mix,C6,206,0.6402640264026402,middle,1,0.4430721135994497,0.44291701912879944,0.0003450846754294723,0.9977866384027133,0.0018682769207004016,middle,1
A5,Causal ordered filter applied to A4 mix,C6,207,0.6435643564356436,middle,1,0.4470988500786451,0.44705930352211,0.0003383020580077856,0.997679691236189,0.0019820067046451948,middle,1
A5,Causal ordered filter applied to A4 mix,C6,208,0.6468646864686468,middle,1,0.4511255865578406,0.44638481736183167,0.0003437687724741752,0.9976698493210147,0.0019863819053519585,middle,1
A5,Causal ordered filter applied to A4 mix,C6,209,0.6501650165016502,middle,1,0.455152323037036,0.4520557224750519,0.00033308358641277215,0.9975008994284953,0.002166016983930653,middle,1
A5,Causal ordered filter applied to A4 mix,C6,210,0.6534653465346535,middle,1,0.4591790595162315,0.4517180323600769,0.0003359912265616585,0.9974814127029108,0.002182596069365229,middle,1
A5,Causal ordered filter applied to A4 mix,C6,211,0.6567656765676567,middle,1,0.4632057959954269,0.4572190046310425,0.00032857698829812885,0.9973136730684233,0.0023577499421136446,middle,1
A5,Causal ordered filter applied to A4 mix,C6,212,0.6600660066006601,middle,1,0.4672325324746222,0.46025845408439636,0.0003280694154102394,0.9971433895685247,0.0025285410148964196,middle,1
A5,Causal ordered filter applied to A4 mix,C6,213,0.6633663366336634,middle,1,0.4712592689538178,0.46684691309928894,0.0003240853327868323,0.996854836898128,0.002821077767910627,middle,1
A5,Causal ordered filter applied to A4 mix,C6,214,0.6666666666666666,middle,1,0.4752860054330132,0.4762156903743744,0.0003241168777861282,0.99638860857473,0.0032872745462990613,middle,1
A5,Causal ordered filter applied to A4 mix,C6,215,0.66996699669967,middle,1,0.4793127419122085,0.46967369318008423,0.0003278623745879175,0.9967264473086921,0.002945690315542313,middle,1
A5,Causal ordered filter applied to A4 mix,C6,216,0.6732673267326733,middle,1,0.4833394783072636,0.4927422106266022,0.0003345335690806528,0.9951972239238428,0.004468242505863375,middle,1
A5,Causal ordered filter applied to A4 mix,C6,217,0.6765676567656765,middle,1,0.4873662147864592,0.4811960458755493,0.00033557401496535014,0.9957723533332729,0.003892072650562735,middle,1
A5,Causal ordered filter applied to A4 mix,C6,218,0.6798679867986799,middle,1,0.4913929512656543,0.4955751299858093,0.0003426311352796264,0.9946282804675384,0.005029088395956407,middle,1
A5,Causal ordered filter applied to A4 mix,C6,219,0.6831683168316832,middle,1,0.4954196876607095,0.486940860748291,0.0003469649017408939,0.9950044865464631,0.004648548550579252,middle,1
A5,Causal ordered filter applied to A4 mix,C6,220,0.6864686468646864,middle,1,0.4994464241399048,0.5170926451683044,0.00039583376901963015,0.9902831981356915,0.009320968093962158,middle,1
A5,Causal ordered filter applied to A4 mix,C6,221,0.6897689768976898,middle,1,0.5034731606191004,0.5217438340187073,0.00040937881101104663,0.9884428489359215,0.011147772251717383,middle,1
A5,Causal ordered filter applied to A4 mix,C6,222,0.693069306930693,middle,1,0.5080172527216286,0.5436135530471802,0.00045598769100092253,0.9801262248911392,0.0194177874163523,middle,1
A5,Causal ordered filter applied to A4 mix,C6,223,0.6963696369636964,middle,1,0.5130787005316301,0.5437044501304626,0.0004578089181117715,0.9772302684916059,0.02231192258877094,middle,1
A5,Causal ordered filter applied to A4 mix,C6,224,0.6996699669966997,middle,1,0.5186575039649646,0.5656942129135132,0.0005189475793098466,0.9590795710655614,0.0404014813533435,middle,1
A5,Causal ordered filter applied to A4 mix,C6,225,0.7029702970297029,late,2,0.5247536630216317,0.5991626381874084,0.0005894019957820016,0.8915042198823016,0.10790637811945507,middle,1
A5,Causal ordered filter applied to A4 mix,C6,226,0.7062706270627063,late,2,0.5313671777016317,0.6180862784385681,0.000536181804783977,0.7509313692071232,0.24853244898536123,middle,1
A5,Causal ordered filter applied to A4 mix,C6,227,0.7095709570957096,late,2,0.5384980480049646,0.6518903970718384,0.00033795837442381326,0.4437271143878232,0.5559349272350449,late,2
A5,Causal ordered filter applied to A4 mix,C6,228,0.7128712871287128,late,2,0.5461462739316305,0.6584046483039856,0.00014490973429930943,0.17626948345659474,0.8235856068071935,late,2
A5,Causal ordered filter applied to A4 mix,C6,229,0.7161716171617162,late,2,0.5537944998582961,0.6787477135658264,4.750675356737723e-05,0.04653798699598905,0.9534145062489869,late,2
A5,Causal ordered filter applied to A4 mix,C6,230,0.7194719471947195,late,2,0.5614427257849618,0.6884734034538269,2.0580488660849692e-05,0.011566244871357297,0.9884131746386947,late,2
A5,Causal ordered filter applied to A4 mix,C6,231,0.7227722772277227,late,2,0.5690909517116278,0.6971931457519531,1.3682431088721801e-05,0.003968618579185994,0.9960176989884938,late,2
A5,Causal ordered filter applied to A4 mix,C6,232,0.7260726072607261,late,2,0.5767391776382933,0.7030099630355835,1.1931952599125347e-05,0.0024342707532496637,0.9975537972929397,late,2
A5,Causal ordered filter applied to A4 mix,C6,233,0.7293729372937293,late,2,0.5843874036490995,0.7090097069740295,1.1029435396166605e-05,0.0020429466257740592,0.9979460239376317,late,2
A5,Causal ordered filter applied to A4 mix,C6,234,0.7326732673267327,late,2,0.5920356296599056,0.7121283411979675,1.0701344935260725e-05,0.0019155270552970141,0.9980737715985759,late,2
A5,Causal ordered filter applied to A4 mix,C6,235,0.735973597359736,late,2,0.5996838556707117,0.7162657976150513,1.0329496098740375e-05,0.0018195084692704789,0.9981701620334462,late,2
A5,Causal ordered filter applied to A4 mix,C6,236,0.7392739273927392,late,2,0.6073320816815179,0.7144902944564819,1.0645041957391753e-05,0.00182577301253561,0.9981635819443201,late,2
A5,Causal ordered filter applied to A4 mix,C6,237,0.7425742574257426,late,2,0.6149803076923238,0.7188800573348999,1.0177303907792967e-05,0.001761444708426458,0.9982283779864853,late,2
A5,Causal ordered filter applied to A4 mix,C6,238,0.7458745874587459,late,2,0.6226285336189898,0.7184065580368042,1.0305265954880183e-05,0.0017546464186586053,0.9982350483142056,late,2
A5,Causal ordered filter applied to A4 mix,C6,239,0.7491749174917491,late,2,0.6302767595456554,0.7208566665649414,1.007210891291506e-05,0.0017159215200049961,0.9982740063699049,late,2
A5,Causal ordered filter applied to A4 mix,C6,240,0.7524752475247525,late,2,0.6379249854723213,0.7173290252685547,1.043374548652537e-05,0.0017654607360559566,0.9982241055172749,late,2
A5,Causal ordered filter applied to A4 mix,C6,241,0.7557755775577558,late,2,0.645573211398987,0.7211048007011414,1.0091733092993271e-05,0.0017123384575303427,0.9982775698081999,late,2
A5,Causal ordered filter applied to A4 mix,C6,242,0.759075907590759,late,2,0.6532214373256527,0.7199857234954834,1.0194628847504106e-05,0.001720002541625101,0.9982698028283492,late,2
A5,Causal ordered filter applied to A4 mix,C6,243,0.7623762376237624,late,2,0.6608696632523182,0.7212919592857361,1.0073364636397267e-05,0.0017002782213223367,0.998289648412865,late,2
A5,Causal ordered filter applied to A4 mix,C6,244,0.7656765676567657,late,2,0.6685178891789844,0.7188504338264465,1.0222519322995937e-05,0.0017363276628212464,0.9982534498166759,late,2
A5,Causal ordered filter applied to A4 mix,C6,245,0.768976897689769,late,2,0.6761661151897903,0.7218670845031738,1.0029262068529451e-05,0.0016939091445709114,0.9982960615921851,late,2
A5,Causal ordered filter applied to A4 mix,C6,246,0.7722772277227723,late,2,0.6838143412005964,0.7163330316543579,1.0649002020107837e-05,0.0017628650069680982,0.9982264859898288,late,2
A5,Causal ordered filter applied to A4 mix,C6,247,0.7755775577557755,late,2,0.6914625672114025,0.7223656177520752,1.004171132808594e-05,0.001689455545740287,0.9983005027417567,late,2
A5,Causal ordered filter applied to A4 mix,C6,248,0.7788778877887789,late,2,0.6991107932222087,0.7219022512435913,1.0152966707146187e-05,0.0016818498887169826,0.9983079971434007,late,2
A5,Causal ordered filter applied to A4 mix,C6,249,0.7821782178217822,late,2,0.7067590192330147,0.7233020663261414,9.978725913047974e-06,0.0016623324003465318,0.9983276888725672,late,2
A5,Causal ordered filter applied to A4 mix,C6,250,0.7854785478547854,late,2,0.7144072451596807,0.7189350724220276,1.0350664203186701e-05,0.001724961401647469,0.9982646879329697,late,2
A5,Causal ordered filter applied to A4 mix,C6,251,0.7887788778877888,late,2,0.7220554710863463,0.7231736779212952,9.999126328994968e-06,0.0016685649037652063,0.9983214359687325,late,2
A5,Causal ordered filter applied to A4 mix,C6,252,0.7920792079207921,late,2,0.729703697013012,0.7221792936325073,1.0110832358873485e-05,0.0016740258402818734,0.9983158633261846,late,2
A5,Causal ordered filter applied to A4 mix,C6,253,0.7953795379537953,late,2,0.7373519229396778,0.7234305739402771,9.97179573778022e-06,0.001656446400176606,0.9983335818029128,late,2
A5,Causal ordered filter applied to A4 mix,C6,254,0.7986798679867987,late,2,0.7448714868279991,0.7206906080245972,1.0136157233057094e-05,0.0016962997869812634,0.9982935640546089,late,2
A5,Causal ordered filter applied to A4 mix,C6,255,0.801980198019802,late,2,0.752262388677976,0.7239552140235901,9.955419351335541e-06,0.001652320919627427,0.9983377236598491,late,2
A5,Causal ordered filter applied to A4 mix,C6,256,0.8052805280528053,late,2,0.7595246284896082,0.7233153581619263,9.974122217170662e-06,0.0016564206911931652,0.9983336051854166,late,2
A5,Causal ordered filter applied to A4 mix,C6,257,0.8085808580858086,late,2,0.7666582063470367,0.7242591381072998,9.879801517669108e-06,0.001642029640245558,0.9983480905570652,late,2
A5,Causal ordered filter applied to A4 mix,C6,258,0.8118811881188119,late,2,0.7736631222502615,0.7257577180862427,9.82999490557679e-06,0.00161496600160148,0.9983752040023236,late,2
A5,Causal ordered filter applied to A4 mix,C6,259,0.8151815181518152,late,2,0.7805393761151413,0.7258719801902771,9.793426612943867e-06,0.001610325078270631,0.9983798814939473,late,2
A5,Causal ordered filter applied to A4 mix,C6,260,0.8184818481848185,late,2,0.7872869679416767,0.726431667804718,9.785792962804562e-06,0.0016015295184931483,0.9983886846873755,late,2
A5,Causal ordered filter applied to A4 mix,C6,261,0.8217821782178217,late,2,0.7940345597682124,0.7270734906196594,9.726964574062253e-06,0.0015917018207778797,0.9983985712134805,late,2
A5,Causal ordered filter applied to A4 mix,C6,262,0.8250825082508251,late,2,0.8007821515947479,0.7269973158836365,9.736385608347614e-06,0.0015908401220613292,0.9983994234911626,late,2
A5,Causal ordered filter applied to A4 mix,C6,263,0.8283828382838284,late,2,0.8075297434212836,0.7275460958480835,9.69012075555506e-06,0.0015842613056420815,0.9984060485724353,late,2
A5,Causal ordered filter applied to A4 mix,C6,264,0.8316831683168316,late,2,0.8142773352478189,0.727502167224884,9.711993945990553e-06,0.001583553021977795,0.9984067349829091,late,2
A5,Causal ordered filter applied to A4 mix,C6,265,0.834983498349835,late,2,0.8210249269902141,0.7282594442367554,9.687806470962914e-06,0.0015727528789318721,0.9984175593134311,late,2
A5,Causal ordered filter applied to A4 mix,C6,266,0.8382838283828383,late,2,0.8277725187326093,0.7278720736503601,9.745588647779205e-06,0.0015749483597613104,0.9984153060504244,late,2
A5,Causal ordered filter applied to A4 mix,C6,267,0.8415841584158416,late,2,0.8345201104750046,0.7277765274047852,9.768734203092071e-06,0.0015752109331972975,0.998415020331433,late,2
A5,Causal ordered filter applied to A4 mix,C6,268,0.8448844884488449,late,2,0.8412677022173995,0.7243426442146301,1.0085682343572479e-05,0.001613343089876968,0.9983765712266089,late,2
A5,Causal ordered filter applied to A4 mix,C6,269,0.8481848184818482,late,2,0.8480152939597948,0.7272355556488037,9.816301198062477e-06,0.001589113478229858,0.9984010702194046,late,2
A5,Causal ordered filter applied to A4 mix,C6,270,0.8514851485148515,late,2,0.8547628857021901,0.7256739735603333,9.97048347949394e-06,0.0016048022087443554,0.9983852273066068,late,2
A5,Causal ordered filter applied to A4 mix,C6,271,0.8547854785478548,late,2,0.8615104774445851,0.7264611124992371,9.870383761686182e-06,0.0016004227541134889,0.9983897068609563,late,2
A5,Causal ordered filter applied to A4 mix,C6,272,0.858085808580858,late,2,0.8682580691869803,0.7238814830780029,1.0060797513414361e-05,0.0016334717222600747,0.9983564674790546,late,2
A5,Causal ordered filter applied to A4 mix,C6,273,0.8613861386138614,late,2,0.8750056609293755,0.7256038188934326,9.919275338246529e-06,0.0016162076395703651,0.9983738730839217,late,2
A5,Causal ordered filter applied to A4 mix,C6,274,0.8646864686468647,late,2,0.8817532527559108,0.7241317629814148,1.0065104440390976e-05,0.0016333315414519412,0.998356603352936,late,2
A5,Causal ordered filter applied to A4 mix,C6,275,0.8679867986798679,late,2,0.8885008445824465,0.7244839072227478,1.000582367720137e-05,0.0016335019837938653,0.9983564921913576,late,2
A5,Causal ordered filter applied to A4 mix,C6,276,0.8712871287128713,late,2,0.895248436408982,0.7224072217941284,1.0186087956275278e-05,0.0016627957886563023,0.9983270181222131,late,2
A5,Causal ordered filter applied to A4 mix,C6,277,0.8745874587458746,late,2,0.9019960282355176,0.7234477996826172,1.0155427960841898e-05,0.0016518847690377239,0.9983379598018285,late,2
A5,Causal ordered filter applied to A4 mix,C6,278,0.8778877887788779,late,2,0.9087436200620532,0.7216209173202515,1.0367295198265662e-05,0.0016755116533230846,0.9983141210503033,late,2
A5,Causal ordered filter applied to A4 mix,C6,279,0.8811881188118812,late,2,0.9154912118885886,0.7137296795845032,1.130203560985409e-05,0.0017780674274672946,0.9982106305357371,late,2
A5,Causal ordered filter applied to A4 mix,C6,280,0.8844884488448845,late,2,0.9222388037151243,0.7210907936096191,1.047873693312973e-05,0.0017060399052312002,0.9982834813566589,late,2
A5,Causal ordered filter applied to A4 mix,C6,281,0.8877887788778878,late,2,0.9289863954575196,0.7177897691726685,1.0901589720296241e-05,0.0017387805657490749,0.9982503178433494,late,2
A5,Causal ordered filter applied to A4 mix,C6,282,0.8910891089108911,late,2,0.9357339871999144,0.7195366024971008,1.0694057506942547e-05,0.0017247460772334138,0.9982645598640804,late,2
A5,Causal ordered filter applied to A4 mix,C6,283,0.8943894389438944,late,2,0.9424815789423098,0.7140557765960693,1.1256704232241607e-05,0.0018066716209367139,0.9981820716736436,late,2
A5,Causal ordered filter applied to A4 mix,C6,284,0.8976897689768977,late,2,0.949229170684705,0.7171854376792908,1.0844554158593498e-05,0.0017695369604374717,0.9982196184842214,late,2
A5,Causal ordered filter applied to A4 mix,C6,285,0.900990099009901,late,2,0.9559767624271,0.7151452898979187,1.1131411949066136e-05,0.0017969389200017207,0.9981919296668633,late,2
A5,Causal ordered filter applied to A4 mix,C6,286,0.9042904290429042,late,2,0.9618936363706976,0.7161264419555664,1.1012544485804226e-05,0.0017847168883017976,0.998204270566028,late,2
A5,Causal ordered filter applied to A4 mix,C6,287,0.9075907590759076,late,2,0.9669797925154976,0.7124785780906677,1.143772626874922e-05,0.001841121660766663,0.9981474406117745,late,2
A5,Causal ordered filter applied to A4 mix,C6,288,0.9108910891089109,late,2,0.9712352308615,0.7172314524650574,1.0990075262190004e-05,0.0017727878386760215,0.998216222084879,late,2
A5,Causal ordered filter applied to A4 mix,C6,289,0.9141914191419142,late,2,0.9746599514087048,0.71781986951828,1.085080847840387e-05,0.0017527485966550927,0.998236400593685,late,2
A5,Causal ordered filter applied to A4 mix,C6,290,0.9174917491749175,late,2,0.9772539541571122,0.7199126482009888,1.0614721377494725e-05,0.0017162072007211409,0.9982731780767231,late,2
A5,Causal ordered filter applied to A4 mix,C6,291,0.9207920792079208,late,2,0.9790172391067218,0.7207693457603455,1.0463586067703593e-05,0.0016982020163220902,0.9982913343964334,late,2
A5,Causal ordered filter applied to A4 mix,C6,292,0.9240924092409241,late,2,0.979949806257534,0.7222225666046143,1.0353303683542759e-05,0.0016723456680859646,0.9983173010270558,late,2
A5,Causal ordered filter applied to A4 mix,C6,293,0.9273927392739274,late,2,0.980882373408346,0.7234032154083252,1.0171627805831244e-05,0.001651458438136901,0.9983383699328845,late,2
A5,Causal ordered filter applied to A4 mix,C6,294,0.9306930693069307,late,2,0.9818149405591582,0.724524974822998,1.0081345004404711e-05,0.00163185802346555,0.9983580606303588,late,2
A5,Causal ordered filter applied to A4 mix,C6,295,0.933993399339934,late,2,0.9827475077099702,0.7262020707130432,9.936587345650409e-06,0.0016058973922809903,0.9983841660192044,late,2
A5,Causal ordered filter applied to A4 mix,C6,296,0.9372937293729373,late,2,0.9836800748607823,0.7264900803565979,9.938342075835318e-06,0.0015950032344841114,0.9983950584222718,late,2
A5,Causal ordered filter applied to A4 mix,C6,297,0.9405940594059405,late,2,0.9846126420115944,0.7266719341278076,9.910763459501022e-06,0.0015892831630272824,0.9984008060723454,late,2
A5,Causal ordered filter applied to A4 mix,C6,298,0.9438943894389439,late,2,0.9855452091624064,0.7263810038566589,9.94382750945819e-06,0.0015895471341943203,0.9984005090371282,late,2
A5,Causal ordered filter applied to A4 mix,C6,299,0.9471947194719472,late,2,0.9864777763132186,0.725306510925293,1.0053321000473281e-05,0.0015993779747705294,0.99839056870306,late,2
A5,Causal ordered filter applied to A4 mix,C6,300,0.9504950495049505,late,2,0.9874103434640308,0.7243700623512268,1.0169460421582527e-05,0.0016118978312055696,0.9983779327072027,late,2
A5,Causal ordered filter applied to A4 mix,C6,301,0.9537953795379538,late,2,0.9883429106148428,0.7246748208999634,1.0124804840917682e-05,0.0016119305853078694,0.9983779446086812,late,2
A5,Causal ordered filter applied to A4 mix,C6,302,0.9570957095709571,late,2,0.9892754777656552,0.7233991622924805,1.0249276457703662e-05,0.0016266594493527908,0.998363091273018,late,2
A5,Causal ordered filter applied to A4 mix,C6,303,0.9603960396039604,late,2,0.9902080449164672,0.7233057022094727,1.026360206315896e-05,0.001630781593916978,0.9983589548028482,late,2
A5,Causal ordered filter applied to A4 mix,C6,304,0.9636963696369637,late,2,0.9911406120672792,0.7223679423332214,1.0349732153243091e-05,0.001644372789224047,0.9983452774774497,late,2
A5,Causal ordered filter applied to A4 mix,C6,305,0.966996699669967,late,2,0.9920731792180912,0.7228854894638062,1.0304463763578621e-05,0.0016405075116214464,0.9983491880234426,late,2
A5,Causal ordered filter applied to A4 mix,C6,306,0.9702970297029703,late,2,0.9930057463689036,0.7220547199249268,1.0384093580246234e-05,0.0016511937400950454,0.9983384221651512,late,2
A5,Causal ordered filter applied to A4 mix,C6,307,0.9735973597359736,late,2,0.9939383135197154,0.7220582365989685,1.0387325779406016e-05,0.001653072476089749,0.9983365401969572,late,2
A5,Causal ordered filter applied to A4 mix,C6,308,0.976897689768977,late,2,0.9948708806705276,0.721315860748291,1.0451772518183326e-05,0.0016629696303644274,0.9983265785959429,late,2
A5,Causal ordered filter applied to A4 mix,C6,309,0.9801980198019802,late,2,0.9958034478213396,0.7217666506767273,1.0424806570483141e-05,0.0016574483453508794,0.9983321268469046,late,2
A5,Causal ordered filter applied to A4 mix,C6,310,0.9834983498349835,late,2,0.996736014972152,0.7211832404136658,1.0485293665011303e-05,0.0016635583691952424,0.9983259563359651,late,2
A5,Causal ordered filter applied to A4 mix,C6,311,0.9867986798679867,late,2,0.9976685821229638,0.7195386290550232,1.0678259881721684e-05,0.001683622068246251,0.9983056996706954,late,2
A5,Causal ordered filter applied to A4 mix,C6,312,0.9900990099009901,late,2,0.998601149273776,0.7209161520004272,1.0547499471970433e-05,0.0016686666996517982,0.9983207857997013,late,2
A5,Causal ordered filter applied to A4 mix,C6,313,0.9933993399339934,late,2,0.999067432849182,0.7188729643821716,1.0762413820512531e-05,0.0016920147165794906,0.9982972228684225,late,2
A5,Causal ordered filter applied to A4 mix,C6,314,0.9966996699669967,late,2,0.9995337164245882,0.7189801931381226,1.0764867943785617e-05,0.001694065879556687,0.9982951692513221,late,2
A5,Causal ordered filter applied to A4 mix,C6,315,1.0,late,2,0.999999999999994,0.7169004082679749,1.1007018042809349e-05,0.0017228393837975474,0.9982661535969793,late,2
A6,Final blend of A4 mix and A5 ordered output,C6,12,0.0,early,0,0.0543003305631503,0.3089219033718109,0.8568108627031907,0.12514354054016744,0.018045596755641935,early,0
A6,Final blend of A4 mix and A5 ordered output,C6,13,0.0033003300330033004,early,0,0.0607357409228696,0.31158775091171265,0.8549438766992076,0.1267136901041807,0.018342433195611744,early,0
A6,Final blend of A4 mix and A5 ordered output,C6,14,0.006600660066006601,early,0,0.0675207371477249,0.3116450011730194,0.8549756635555986,0.12691104886632454,0.01811328757707678,early,0
A6,Final blend of A4 mix and A5 ordered output,C6,15,0.009900990099009901,early,0,0.0746968680474152,0.31120169162750244,0.854119388914848,0.12780370114602893,0.018076909938123095,early,0
A6,Final blend of A4 mix and A5 ordered output,C6,16,0.013201320132013201,early,0,0.0810622745661246,0.31120771169662476,0.8532416023841812,0.128821667001346,0.01793673061347277,early,0
A6,Final blend of A4 mix and A5 ordered output,C6,17,0.0165016501650165,early,0,0.0874276810764199,0.31131523847579956,0.8511296028492952,0.13086893347956632,0.01800146367013854,early,0
A6,Final blend of A4 mix and A5 ordered output,C6,18,0.019801980198019802,early,0,0.0935881687037735,0.3107154369354248,0.8505348070843544,0.13161883254753737,0.017846360367108273,early,0
A6,Final blend of A4 mix and A5 ordered output,C6,19,0.0231023102310231,early,0,0.0995437374397715,0.31223905086517334,0.8470240149594837,0.13496055899107043,0.018015426048445887,early,0
A6,Final blend of A4 mix and A5 ordered output,C6,20,0.026402640264026403,early,0,0.1052943872844138,0.3116161525249481,0.8467399758272052,0.1352471580033735,0.018012866168421356,early,0
A6,Final blend of A4 mix and A5 ordered output,C6,21,0.0297029702970297,early,0,0.1108401182377004,0.30951738357543945,0.8520310382550292,0.1299145097948382,0.01805445194913257,early,0
A6,Final blend of A4 mix and A5 ordered output,C6,22,0.033003300330033,early,0,0.1161809303080454,0.3078916370868683,0.855046898924945,0.12707551604225734,0.017877585031797635,early,0
A6,Final blend of A4 mix and A5 ordered output,C6,23,0.036303630363036306,early,0,0.1213168234786207,0.3078649938106537,0.8562153803890322,0.12575681349016077,0.018027806119806988,early,0
A6,Final blend of A4 mix and A5 ordered output,C6,24,0.039603960396039604,early,0,0.1262477977578404,0.3084639608860016,0.8564637401053138,0.12532190822908426,0.01821435166460197,early,0
A6,Final blend of A4 mix and A5 ordered output,C6,25,0.0429042904290429,early,0,0.13117877203706,0.30903297662734985,0.8567974313200085,0.12490142314904336,0.018301145529948156,early,0
A6,Final blend of A4 mix and A5 ordered output,C6,26,0.0462046204620462,early,0,0.1361097463162796,0.309581995010376,0.8570559177334282,0.12444001058784022,0.01850407167773162,early,0
A6,Final blend of A4 mix and A5 ordered output,C6,27,0.04950495049504951,early,0,0.1410407205954993,0.3101050853729248,0.8568636804510517,0.12437294474780443,0.018763374800143853,early,0
A6,Final blend of A4 mix and A5 ordered output,C6,28,0.052805280528052806,early,0,0.1459716948747189,0.31057819724082947,0.8566339296280738,0.12433841123851087,0.01902765913241533,early,0
A6,Final blend of A4 mix and A5 ordered output,C6,29,0.056105610561056105,early,0,0.1509026691539386,0.3107044994831085,0.8566198439527729,0.12409488601755919,0.019285270028667888,early,0
A6,Final blend of A4 mix and A5 ordered output,C6,30,0.0594059405940594,early,0,0.1554870761471252,0.3104238212108612,0.8569426732964787,0.12371950778432662,0.01933781891819483,early,0
A6,Final blend of A4 mix and A5 ordered output,C6,31,0.0627062706270627,early,0,0.1597249158626929,0.31037449836730957,0.8573163793422508,0.12358739023051073,0.0190962304262385,early,0
A6,Final blend of A4 mix and A5 ordered output,C6,32,0.066006600660066,early,0,0.1636161882838135,0.31071460247039795,0.857181146692921,0.12370324239079401,0.019115610915284968,early,0
A6,Final blend of A4 mix and A5 ordered output,C6,33,0.06930693069306931,early,0,0.1671608934273151,0.3109871447086334,0.8568913816362995,0.1235960987126812,0.019512519650019274,early,0
A6,Final blend of A4 mix and A5 ordered output,C6,34,0.07260726072607261,early,0,0.1703590312763698,0.3110054135322571,0.8570859693131009,0.12349628206807049,0.01941774861782869,early,0
A6,Final blend of A4 mix and A5 ordered output,C6,35,0.07590759075907591,early,0,0.1732106018478054,0.31121525168418884,0.8569151610517234,0.12352720278301188,0.019557636164264824,early,0
A6,Final blend of A4 mix and A5 ordered output,C6,36,0.07920792079207921,early,0,0.175715605133208,0.31113216280937195,0.8570304127958627,0.12342260304664847,0.019546984156488912,early,0
A6,Final blend of A4 mix and A5 ordered output,C6,37,0.08250825082508251,early,0,0.1782206084186106,0.31100887060165405,0.8572053469865327,0.12323440473041951,0.01956024828204775,early,0
A6,Final blend of A4 mix and A5 ordered output,C6,38,0.0858085808580858,early,0,0.1807256117040133,0.3106935918331146,0.8575364161264587,0.12295735449868685,0.019506229373854444,early,0
A6,Final blend of A4 mix and A5 ordered output,C6,39,0.0891089108910891,early,0,0.183230614989416,0.31049010157585144,0.8576660025878791,0.12286179293373893,0.019472204477382044,early,0
A6,Final blend of A4 mix and A5 ordered output,C6,40,0.0924092409240924,early,0,0.1857356182748186,0.3105015158653259,0.8576319776427239,0.12291679728846928,0.019451225067806752,early,0
A6,Final blend of A4 mix and A5 ordered output,C6,41,0.09570957095709572,early,0,0.1882406215602211,0.3105050325393677,0.8576578909920035,0.12293553789675764,0.019406571110238833,early,0
A6,Final blend of A4 mix and A5 ordered output,C6,42,0.09900990099009901,early,0,0.1907456248456237,0.30999210476875305,0.8580415775188271,0.12261379359354953,0.019344628886623416,early,0
A6,Final blend of A4 mix and A5 ordered output,C6,43,0.10231023102310231,early,0,0.1932506281226124,0.3100661039352417,0.8580244478340032,0.1225695565471239,0.019405995617873005,early,0
A6,Final blend of A4 mix and A5 ordered output,C6,44,0.10561056105610561,early,0,0.195755631408015,0.3098283112049103,0.8582355079865819,0.12237216543246685,0.019392326579951265,early,0
A6,Final blend of A4 mix and A5 ordered output,C6,45,0.10891089108910891,early,0,0.1982606346850036,0.3096039295196533,0.8585502873523733,0.12216094907095121,0.01928876357567554,early,0
A6,Final blend of A4 mix and A5 ordered output,C6,46,0.11221122112211221,early,0,0.2007656379704062,0.3096730411052704,0.8584678997705358,0.1222460525280538,0.019286047700410477,early,0
A6,Final blend of A4 mix and A5 ordered output,C6,47,0.11551155115511551,early,0,0.2032706412810509,0.30967026948928833,0.8584506367894031,0.12225963421077322,0.019289728998823648,early,0
A6,Final blend of A4 mix and A5 ordered output,C6,48,0.1188118811881188,early,0,0.2057756445412115,0.3095974028110504,0.8584452389239302,0.12225492378537094,0.019299837289698932,early,0
A6,Final blend of A4 mix and A5 ordered output,C6,49,0.12211221122112212,early,0,0.2082806478266142,0.30986014008522034,0.8582263656694957,0.12243783658659099,0.01933579774291334,early,0
A6,Final blend of A4 mix and A5 ordered output,C6,50,0.1254125412541254,early,0,0.2107856511456729,0.30998045206069946,0.858085343532727,0.12258546514543871,0.01932919132083432,early,0
A6,Final blend of A4 mix and A5 ordered output,C6,51,0.12871287128712872,early,0,0.2132906544058334,0.31007686257362366,0.8578431481035516,0.12271458729183754,0.019442264603610877,early,0
A6,Final blend of A4 mix and A5 ordered output,C6,52,0.132013201320132,early,0,0.21579565769965,0.31022506952285767,0.8577037178577993,0.12282831533137939,0.019467966809821283,early,0
A6,Final blend of A4 mix and A5 ordered output,C6,53,0.1353135313531353,early,0,0.2183006610187089,0.3107087016105652,0.8571794434019384,0.1231601653169263,0.019660391280135248,early,0
A6,Final blend of A4 mix and A5 ordered output,C6,54,0.13861386138613863,early,0,0.2208056642536273,0.31093835830688477,0.8569114718299102,0.12333031763683687,0.019758210532252896,early,0
A6,Final blend of A4 mix and A5 ordered output,C6,55,0.1419141914191419,early,0,0.2233106675726861,0.3110228478908539,0.8566264253812812,0.12350874529493536,0.019864829322783557,early,0
A6,Final blend of A4 mix and A5 ordered output,C6,56,0.14521452145214522,early,0,0.2258156708917448,0.3114282190799713,0.8562950486982157,0.12380641595106204,0.01989853534972231,early,0
A6,Final blend of A4 mix and A5 ordered output,C6,57,0.1485148514851485,early,0,0.2283206741266631,0.3120516538619995,0.8556298990552598,0.12436629107728124,0.02000380986645913,early,0
A6,Final blend of A4 mix and A5 ordered output,C6,58,0.15181518151815182,early,0,0.230825677445722,0.3124416470527649,0.8554227719020552,0.12450772573430467,0.02006950236264014,early,0
A6,Final blend of A4 mix and A5 ordered output,C6,59,0.1551155115511551,early,0,0.2333306806806404,0.31282496452331543,0.8546871133429549,0.12503474484902072,0.020278141807024398,early,0
A6,Final blend of A4 mix and A5 ordered output,C6,60,0.15841584158415842,early,0,0.2358356839155588,0.31308361887931824,0.8545602756633355,0.12538287763946884,0.020056846696195712,early,0
A6,Final blend of A4 mix and A5 ordered output,C6,61,0.1617161716171617,early,0,0.2383406872346176,0.3133983016014099,0.8539544374184377,0.12581662574715816,0.020228936833404088,early,0
A6,Final blend of A4 mix and A5 ordered output,C6,62,0.16501650165016502,early,0,0.2405333421859526,0.31313028931617737,0.8541995592013827,0.12582683384035528,0.019973606957262108,early,0
A6,Final blend of A4 mix and A5 ordered output,C6,63,0.16831683168316833,early,0,0.2424136488537044,0.31385356187820435,0.8531344597182291,0.12657633505884186,0.02028920522192909,early,0
A6,Final blend of A4 mix and A5 ordered output,C6,64,0.1716171617161716,early,0,0.2439816073220131,0.31401264667510986,0.8529510591957817,0.12684020720940575,0.020208733593812485,early,0
A6,Final blend of A4 mix and A5 ordered output,C6,65,0.17491749174917492,early,0,0.2452372175067385,0.315245121717453,0.8505453671751858,0.12816101410499248,0.02129361871882169,early,0
A6,Final blend of A4 mix and A5 ordered output,C6,66,0.1782178217821782,early,0,0.2461804794078805,0.3159659802913666,0.8497784848866469,0.12893096961262263,0.021290545499730418,early,0
A6,Final blend of A4 mix and A5 ordered output,C6,67,0.18151815181518152,early,0,0.2468113930254392,0.3172479569911957,0.8475492177002623,0.13077370834209098,0.02167707395664691,early,0
A6,Final blend of A4 mix and A5 ordered output,C6,68,0.1848184818481848,early,0,0.2471427694933539,0.31758931279182434,0.8459309367601658,0.13224669210200754,0.02182237113682676,early,0
A6,Final blend of A4 mix and A5 ordered output,C6,69,0.18811881188118812,early,0,0.2479090181565044,0.3202665448188782,0.8418781047642367,0.1357059917594859,0.022415903475277436,early,0
A6,Final blend of A4 mix and A5 ordered output,C6,70,0.19141914191419143,early,0,0.2490971012066999,0.32274913787841797,0.8369355715672265,0.14013862535106994,0.022925803080703515,early,0
A6,Final blend of A4 mix and A5 ordered output,C6,71,0.19471947194719472,early,0,0.2506934927372599,0.32510966062545776,0.8313043330459042,0.14526949669287867,0.023426170260217222,early,0
A6,Final blend of A4 mix and A5 ordered output,C6,72,0.19801980198019803,early,0,0.252684213072299,0.3270651400089264,0.8265494570393411,0.14992430866488973,0.023526234294769122,early,0
A6,Final blend of A4 mix and A5 ordered output,C6,73,0.20132013201320131,early,0,0.255054863769136,0.33261561393737793,0.8148399084472049,0.16047303588710707,0.024687055664688023,early,0
A6,Final blend of A4 mix and A5 ordered output,C6,74,0.20462046204620463,early,0,0.2577906625365613,0.334667444229126,0.8074809104098438,0.16743467631679837,0.025084413272357803,early,0
A6,Final blend of A4 mix and A5 ordered output,C6,75,0.2079207920792079,early,0,0.2608636681129916,0.3361213803291321,0.7971494504727434,0.1771131947829775,0.025737354743279168,early,0
A6,Final blend of A4 mix and A5 ordered output,C6,76,0.21122112211221122,early,0,0.2638363774010046,0.33464404940605164,0.8034460440828233,0.17117272628781072,0.025381229628366,early,0
A6,Final blend of A4 mix and A5 ordered output,C6,77,0.2145214521452145,early,0,0.266706110107996,0.335044264793396,0.7945415315083822,0.17977325826117443,0.02568521022944337,early,0
A6,Final blend of A4 mix and A5 ordered output,C6,78,0.21782178217821782,early,0,0.2694704346603989,0.33370253443717957,0.8051106941939701,0.17030905344368594,0.024580252361344007,early,0
A6,Final blend of A4 mix and A5 ordered output,C6,79,0.22112211221122113,early,0,0.2721271695499306,0.33459335565567017,0.802554399603532,0.17293353464075062,0.024512065754717375,early,0
A6,Final blend of A4 mix and A5 ordered output,C6,80,0.22442244224422442,early,0,0.2746743849322597,0.3317588269710541,0.8125170170600754,0.16406530899088553,0.023417673948039147,early,0
A6,Final blend of A4 mix and A5 ordered output,C6,81,0.22772277227722773,early,0,0.2771104033001299,0.3314158022403717,0.8111500161091473,0.16519749712856738,0.0236524867612854,early,0
A6,Final blend of A4 mix and A5 ordered output,C6,82,0.23102310231023102,early,0,0.2794337993150789,0.33018967509269714,0.8162280851031466,0.1607113431289623,0.023060571766891143,early,0
A6,Final blend of A4 mix and A5 ordered output,C6,83,0.23432343234323433,early,0,0.2816433994708767,0.33043262362480164,0.8142012216322251,0.16266720582895447,0.023131572537820524,early,0
A6,Final blend of A4 mix and A5 ordered output,C6,84,0.2376237623762376,early,0,0.2837382809997008,0.33064618706703186,0.8156323340166002,0.16154839156851597,0.022819274413883903,early,0
A6,Final blend of A4 mix and A5 ordered output,C6,85,0.24092409240924093,early,0,0.2857177701051873,0.3312995433807373,0.8129590708620282,0.16408475236336253,0.022956176773609116,early,0
A6,Final blend of A4 mix and A5 ordered output,C6,86,0.24422442244224424,early,0,0.2875814402796224,0.33101293444633484,0.8097019533097175,0.1672749391213031,0.023023107567979356,early,0
A6,Final blend of A4 mix and A5 ordered output,C6,87,0.24752475247524752,early,0,0.2893291093590293,0.32748177647590637,0.8217206637214793,0.1559008759260446,0.022378460351476025,early,0
A6,Final blend of A4 mix and A5 ordered output,C6,88,0.2508250825082508,early,0,0.2909608366623936,0.3314131796360016,0.804963195585728,0.17132244479603578,0.023714359617236305,early,0
A6,Final blend of A4 mix and A5 ordered output,C6,89,0.25412541254125415,early,0,0.292476919541907,0.3302106261253357,0.8118631307978675,0.16526425549433188,0.022872613706800552,early,0
A6,Final blend of A4 mix and A5 ordered output,C6,90,0.25742574257425743,early,0,0.2938778895966487,0.3326147794723511,0.7914240094776671,0.1838950911857516,0.024680899335581236,early,0
A6,Final blend of A4 mix and A5 ordered output,C6,91,0.2607260726072607,early,0,0.2951645082131444,0.33392423391342163,0.8044573022557042,0.17189936389299984,0.02364333385029601,early,0
A6,Final blend of A4 mix and A5 ordered output,C6,92,0.264026402640264,early,0,0.2963377620217843,0.33415162563323975,0.7841940590312824,0.19034800955190062,0.025457931415817113,early,0
A6,Final blend of A4 mix and A5 ordered output,C6,93,0.26732673267326734,early,0,0.2973988580166796,0.33380651473999023,0.7950307844923784,0.18060701711426128,0.02436219839236038,early,0
A6,Final blend of A4 mix and A5 ordered output,C6,94,0.2706270627062706,early,0,0.2983492180865358,0.333255797624588,0.7650317288617322,0.2082737817639499,0.026694489373317882,early,0
A6,Final blend of A4 mix and A5 ordered output,C6,95,0.2739273927392739,early,0,0.2991904732089655,0.33521968126296997,0.7705031296117311,0.20317931456786806,0.02631755581940087,early,0
A6,Final blend of A4 mix and A5 ordered output,C6,96,0.27722772277227725,middle,1,0.2999244579813612,0.3373226821422577,0.7255465404389546,0.244896078015067,0.029557381544978435,early,0
A6,Final blend of A4 mix and A5 ordered output,C6,97,0.28052805280528054,middle,1,0.3005532038896633,0.34093204140663147,0.6744206229371399,0.29310339129914476,0.0324759857627154,early,0
A6,Final blend of A4 mix and A5 ordered output,C6,98,0.2838283828382838,middle,1,0.3010789330819709,0.3407261371612549,0.6370362828249369,0.32924725620514506,0.033716460968918206,early,0
A6,Final blend of A4 mix and A5 ordered output,C6,99,0.2871287128712871,middle,1,0.3015040515531672,0.3496839702129364,0.4754905320862242,0.4884890318002855,0.03602043611249022,middle,1
A6,Final blend of A4 mix and A5 ordered output,C6,100,0.29042904290429045,middle,1,0.3018311420771272,0.3530406057834625,0.39961836321486593,0.5641557452764013,0.03622589150773285,middle,1
A6,Final blend of A4 mix and A5 ordered output,C6,101,0.29372937293729373,middle,1,0.3020690494932344,0.3592841625213623,0.2989223580534985,0.6643398707098453,0.03673777123565612,middle,1
A6,Final blend of A4 mix and A5 ordered output,C6,102,0.297029702970297,middle,1,0.3022325432192163,0.36500686407089233,0.21922948848333113,0.7436725448121382,0.0370979667035307,middle,1
A6,Final blend of A4 mix and A5 ordered output,C6,103,0.30033003300330036,middle,1,0.302336046771595,0.3781692385673523,0.15348396773695097,0.808565713052667,0.037950319209382,middle,1
A6,Final blend of A4 mix and A5 ordered output,C6,104,0.30363036303630364,middle,1,0.3023936126918466,0.38504308462142944,0.1315530311664653,0.8292216475531985,0.03922532127933621,middle,1
A6,Final blend of A4 mix and A5 ordered output,C6,105,0.3069306930693069,middle,1,0.302418898229824,0.3891671299934387,0.12521188694395544,0.8325998098703821,0.04218830318466249,middle,1
A6,Final blend of A4 mix and A5 ordered output,C6,106,0.3102310231023102,middle,1,0.3024251420368648,0.39413201808929443,0.12388257205110187,0.8309998270936407,0.04511760085425746,middle,1
A6,Final blend of A4 mix and A5 ordered output,C6,107,0.31353135313531355,middle,1,0.3024251420368648,0.3975559175014496,0.12077269202080901,0.8322328554435241,0.04699445253466688,middle,1
A6,Final blend of A4 mix and A5 ordered output,C6,108,0.31683168316831684,middle,1,0.3024251420368648,0.38123711943626404,0.1777613968443211,0.7698317334705023,0.05240686968417668,middle,1
A6,Final blend of A4 mix and A5 ordered output,C6,109,0.3201320132013201,middle,1,0.3024251420368648,0.3917933404445648,0.1426378452702618,0.8083189282748052,0.0490432264539331,middle,1
A6,Final blend of A4 mix and A5 ordered output,C6,110,0.3234323432343234,middle,1,0.3024251420368648,0.3877370059490204,0.1631147896025457,0.78679842808229,0.05008678231416438,middle,1
A6,Final blend of A4 mix and A5 ordered output,C6,111,0.32673267326732675,middle,1,0.3024251420368648,0.3961142301559448,0.1356722974848454,0.8158122487467879,0.04851545376736671,middle,1
A6,Final blend of A4 mix and A5 ordered output,C6,112,0.33003300330033003,middle,1,0.3024251420368648,0.39156052470207214,0.1653249843234295,0.7841929384134518,0.05048207726211858,middle,1
A6,Final blend of A4 mix and A5 ordered output,C6,113,0.3333333333333333,middle,1,0.3024251420368648,0.3999877870082855,0.1252075281074999,0.8266419355876591,0.048150536303841036,middle,1
A6,Final blend of A4 mix and A5 ordered output,C6,114,0.33663366336633666,middle,1,0.3024251420368648,0.39979586005210876,0.13444150736095606,0.8165040439066205,0.04905444873142356,middle,1
A6,Final blend of A4 mix and A5 ordered output,C6,115,0.33993399339933994,middle,1,0.3024251420368648,0.40596628189086914,0.1082680083745496,0.8438832675193088,0.04784872410514158,middle,1
A6,Final blend of A4 mix and A5 ordered output,C6,116,0.3432343234323432,middle,1,0.3024251420368648,0.4059394896030426,0.11667498443288607,0.8353767865700547,0.04794822899605937,middle,1
A6,Final blend of A4 mix and A5 ordered output,C6,117,0.3465346534653465,middle,1,0.3024251420368648,0.4113992154598236,0.09911622035883087,0.8531551103953127,0.04772866924485642,middle,1
A6,Final blend of A4 mix and A5 ordered output,C6,118,0.34983498349834985,middle,1,0.3024251420368648,0.4197269082069397,0.08785837845827923,0.863461161401489,0.04868046013923184,middle,1
A6,Final blend of A4 mix and A5 ordered output,C6,119,0.35313531353135313,middle,1,0.3024251420368648,0.3979281783103943,0.13446073271227418,0.8105566620337863,0.05498260525293948,middle,1
A6,Final blend of A4 mix and A5 ordered output,C6,120,0.3564356435643564,middle,1,0.3024251420368648,0.4191836714744568,0.09977509096973931,0.8427642828063275,0.057460626222933214,middle,1
A6,Final blend of A4 mix and A5 ordered output,C6,121,0.35973597359735976,middle,1,0.3024251420368648,0.42013537883758545,0.10149592674915031,0.8425576628645843,0.05594641038526542,middle,1
A6,Final blend of A4 mix and A5 ordered output,C6,122,0.36303630363036304,middle,1,0.3024251420368648,0.42659351229667664,0.09272006078630698,0.8494547803109435,0.05782515890174957,middle,1
A6,Final blend of A4 mix and A5 ordered output,C6,123,0.36633663366336633,middle,1,0.3024251420368648,0.4262668788433075,0.11411684152344259,0.8222174441394678,0.06366571433608957,middle,1
A6,Final blend of A4 mix and A5 ordered output,C6,124,0.3696369636963696,middle,1,0.3024251420368648,0.43316465616226196,0.09307448105089061,0.8444361046315426,0.062489414316566745,middle,1
A6,Final blend of A4 mix and A5 ordered output,C6,125,0.37293729372937295,middle,1,0.3024251420368648,0.4333382546901703,0.09013644814951735,0.8502160113971409,0.05964754045234177,middle,1
A6,Final blend of A4 mix and A5 ordered output,C6,126,0.37623762376237624,middle,1,0.3024412137797824,0.4377652406692505,0.08151890410670207,0.8600108184427977,0.05847027744950025,middle,1
A6,Final blend of A4 mix and A5 ordered output,C6,127,0.3795379537953795,middle,1,0.3026364281860637,0.4334155023097992,0.09203268863975839,0.84760855066117,0.06035876069807158,middle,1
A6,Final blend of A4 mix and A5 ordered output,C6,128,0.38283828382838286,middle,1,0.3030107851715685,0.4364373981952667,0.08368641973104625,0.8568582574768097,0.059455322791144044,middle,1
A6,Final blend of A4 mix and A5 ordered output,C6,129,0.38613861386138615,middle,1,0.3035642847362966,0.4446551501750946,0.07216103530038964,0.870156991039821,0.05768197365878942,middle,1
A6,Final blend of A4 mix and A5 ordered output,C6,130,0.38943894389438943,middle,1,0.3042969268802481,0.44123417139053345,0.06954882878713088,0.8765706460331633,0.05388052517870584,middle,1
A6,Final blend of A4 mix and A5 ordered output,C6,131,0.3927392739273927,middle,1,0.3052087116875634,0.442484050989151,0.06297242672090482,0.8871856151761955,0.049841958101899654,middle,1
A6,Final blend of A4 mix and A5 ordered output,C6,132,0.39603960396039606,middle,1,0.3062996390741022,0.4391639828681946,0.06137661260320536,0.8928858632099484,0.04573752418584629,middle,1
A6,Final blend of A4 mix and A5 ordered output,C6,133,0.39933993399339934,middle,1,0.3075536372969468,0.4388996362686157,0.05595961301730486,0.9038002461882665,0.040240140793428754,middle,1
A6,Final blend of A4 mix and A5 ordered output,C6,134,0.40264026402640263,middle,1,0.3088076355197915,0.43563637137413025,0.05568330469539506,0.9063813622678212,0.03793533303578386,middle,1
A6,Final blend of A4 mix and A5 ordered output,C6,135,0.40594059405940597,middle,1,0.310061633742636,0.43309086561203003,0.05354910989585195,0.9116894056840302,0.034761484419117784,middle,1
A6,Final blend of A4 mix and A5 ordered output,C6,136,0.40924092409240925,middle,1,0.3113156319654807,0.4312250018119812,0.053451768881045345,0.9129334864096826,0.03361474470827212,middle,1
A6,Final blend of A4 mix and A5 ordered output,C6,137,0.41254125412541254,middle,1,0.3125696301883253,0.42990371584892273,0.05156694586413121,0.9172612794892899,0.031171774645578944,middle,1
A6,Final blend of A4 mix and A5 ordered output,C6,138,0.4158415841584158,middle,1,0.3138236284111699,0.43029606342315674,0.051151000455766746,0.9177621444860734,0.031086855057159978,middle,1
A6,Final blend of A4 mix and A5 ordered output,C6,139,0.41914191419141916,middle,1,0.3150776266340144,0.42874759435653687,0.050427048910525255,0.9199683711822282,0.029604579906246643,middle,1
A6,Final blend of A4 mix and A5 ordered output,C6,140,0.42244224422442245,middle,1,0.3163316248568591,0.4263884127140045,0.051652624767063456,0.9191464120768079,0.029200963155128736,middle,1
A6,Final blend of A4 mix and A5 ordered output,C6,141,0.42574257425742573,middle,1,0.3175856230797036,0.42744770646095276,0.050426041363899,0.9208841964430576,0.02868976219204344,middle,1
A6,Final blend of A4 mix and A5 ordered output,C6,142,0.429042904290429,middle,1,0.3188396213025483,0.42739763855934143,0.05044128228175887,0.9209148954496127,0.028643822267628474,middle,1
A6,Final blend of A4 mix and A5 ordered output,C6,143,0.43234323432343236,middle,1,0.3200936195253929,0.42825859785079956,0.04984790571676495,0.9215344231699426,0.028617671112292336,middle,1
A6,Final blend of A4 mix and A5 ordered output,C6,144,0.43564356435643564,middle,1,0.3213476177482375,0.4287724494934082,0.05009823692003159,0.9209005497558665,0.02900121332310193,middle,1
A6,Final blend of A4 mix and A5 ordered output,C6,145,0.4389438943894389,middle,1,0.3226016159710823,0.4291303753852844,0.0494980636395219,0.9217092256562783,0.028792710703199817,middle,1
A6,Final blend of A4 mix and A5 ordered output,C6,146,0.44224422442244227,middle,1,0.3238556141939268,0.42859500646591187,0.04957482118940698,0.9218348540712327,0.028590324738360248,middle,1
A6,Final blend of A4 mix and A5 ordered output,C6,147,0.44554455445544555,middle,1,0.3251096124167714,0.42979878187179565,0.04902687603839023,0.9221059783862394,0.028867145574370433,middle,1
A6,Final blend of A4 mix and A5 ordered output,C6,148,0.44884488448844884,middle,1,0.326363610639616,0.43002158403396606,0.04894911258027176,0.9221635102103192,0.028887377208409164,middle,1
A6,Final blend of A4 mix and A5 ordered output,C6,149,0.4521452145214521,middle,1,0.3276176088624607,0.4305769205093384,0.048678632312910766,0.9224416866145151,0.028879681071574206,middle,1
A6,Final blend of A4 mix and A5 ordered output,C6,150,0.45544554455445546,middle,1,0.3288716070853052,0.4278234839439392,0.05061463859076495,0.920168854073248,0.029216507334987027,middle,1
A6,Final blend of A4 mix and A5 ordered output,C6,151,0.45874587458745875,middle,1,0.3301256053081499,0.43024733662605286,0.0492535859633475,0.9216226847117471,0.029123729323905438,middle,1
A6,Final blend of A4 mix and A5 ordered output,C6,152,0.46204620462046203,middle,1,0.3313796035309944,0.4287784695625305,0.04974413175523529,0.9214749921687293,0.02878087607503538,middle,1
A6,Final blend of A4 mix and A5 ordered output,C6,153,0.46534653465346537,middle,1,0.3326336017538391,0.4315391182899475,0.04905453617403904,0.9213595091299879,0.029585954694973122,middle,1
A6,Final blend of A4 mix and A5 ordered output,C6,154,0.46864686468646866,middle,1,0.3338875999766836,0.4321834444999695,0.04938841219008008,0.9205309466428294,0.030080641166090476,middle,1
A6,Final blend of A4 mix and A5 ordered output,C6,155,0.47194719471947194,middle,1,0.3351415981995282,0.4340552091598511,0.04879285227476737,0.9204109745124874,0.030796173211745187,middle,1
A6,Final blend of A4 mix and A5 ordered output,C6,156,0.4752475247524752,middle,1,0.3363955964223728,0.43387433886528015,0.0488547989620404,0.9205661474177846,0.03057905361917503,middle,1
A6,Final blend of A4 mix and A5 ordered output,C6,157,0.47854785478547857,middle,1,0.3376495946452175,0.4355609714984894,0.04889447457559982,0.9194502991986044,0.031655226224795836,middle,1
A6,Final blend of A4 mix and A5 ordered output,C6,158,0.48184818481848185,middle,1,0.3389266209189708,0.43666067719459534,0.04859298499669971,0.9196335986600221,0.0317734163422782,middle,1
A6,Final blend of A4 mix and A5 ordered output,C6,159,0.48514851485148514,middle,1,0.3402266750753522,0.43485450744628906,0.04927840109415324,0.919136386362373,0.03158521254247369,middle,1
A6,Final blend of A4 mix and A5 ordered output,C6,160,0.4884488448844885,middle,1,0.3415497572826421,0.43394482135772705,0.04907801788615214,0.920130166220319,0.03079181589252884,middle,1
A6,Final blend of A4 mix and A5 ordered output,C6,161,0.49174917491749176,middle,1,0.3428958675408408,0.4502932131290436,0.04487781659958283,0.9190622309215638,0.03605995247785345,middle,1
A6,Final blend of A4 mix and A5 ordered output,C6,162,0.49504950495049505,middle,1,0.3442650056816676,0.44622305035591125,0.04555747326460205,0.9195127185281055,0.03492980820629244,middle,1
A6,Final blend of A4 mix and A5 ordered output,C6,163,0.49834983498349833,middle,1,0.3456571718734029,0.4466346502304077,0.045425251235697774,0.919597937267507,0.03497681149579524,middle,1
A6,Final blend of A4 mix and A5 ordered output,C6,164,0.5016501650165016,middle,1,0.3470723660319067,0.44980674982070923,0.04525917173531204,0.9176098176458464,0.03713101061784172,middle,1
A6,Final blend of A4 mix and A5 ordered output,C6,165,0.504950495049505,middle,1,0.3484875601904105,0.4536552429199219,0.04426931298543449,0.9171527714020348,0.03857791561153076,middle,1
A6,Final blend of A4 mix and A5 ordered output,C6,166,0.5082508250825083,middle,1,0.3499027544330546,0.456484317779541,0.04447942618977092,0.9143834222224398,0.04113715158678925,middle,1
A6,Final blend of A4 mix and A5 ordered output,C6,167,0.5115511551155115,middle,1,0.3513179485915584,0.46158847212791443,0.04321544353053331,0.9136031858306947,0.04318137063777211,middle,1
A6,Final blend of A4 mix and A5 ordered output,C6,168,0.5148514851485149,middle,1,0.3527331427500622,0.4708063006401062,0.043226275728883476,0.9069328937178803,0.0498408305522363,middle,1
A6,Final blend of A4 mix and A5 ordered output,C6,169,0.5181518151815182,middle,1,0.3541483369085658,0.483792245388031,0.04317569076150479,0.8963218451301411,0.06050246410735419,middle,1
A6,Final blend of A4 mix and A5 ordered output,C6,170,0.5214521452145214,middle,1,0.3555635310670696,0.49402931332588196,0.04472577513221959,0.8776288216121361,0.0776454032546443,middle,1
A6,Final blend of A4 mix and A5 ordered output,C6,171,0.5247524752475248,middle,1,0.3569787253097137,0.5034048557281494,0.04588396531801636,0.8581870377805043,0.09592899690047936,middle,1
A6,Final blend of A4 mix and A5 ordered output,C6,172,0.528052805280528,middle,1,0.3583939194682176,0.5054937601089478,0.04839304219115758,0.844658755099795,0.10694820270804735,middle,1
A6,Final blend of A4 mix and A5 ordered output,C6,173,0.5313531353135313,middle,1,0.3598091136267213,0.5135019421577454,0.04803526173762941,0.8337650249365994,0.11819971332477118,middle,1
A6,Final blend of A4 mix and A5 ordered output,C6,174,0.5346534653465347,middle,1,0.3612243078693654,0.5183797478675842,0.0495645697952439,0.8152352974914504,0.13520013271230566,middle,1
A6,Final blend of A4 mix and A5 ordered output,C6,175,0.5379537953795379,middle,1,0.3626395020278692,0.5287415385246277,0.04954854923459968,0.7884778554154134,0.16197359534898698,middle,1
A6,Final blend of A4 mix and A5 ordered output,C6,176,0.5412541254125413,middle,1,0.3640546962705133,0.5208195447921753,0.050707732573338354,0.8066527832520454,0.1426394841736163,middle,1
A6,Final blend of A4 mix and A5 ordered output,C6,177,0.5445544554455446,middle,1,0.365469890429017,0.5270336866378784,0.04983526773422436,0.7930653592020601,0.15709937306271549,middle,1
A6,Final blend of A4 mix and A5 ordered output,C6,178,0.5478547854785478,middle,1,0.3668850845875208,0.522067666053772,0.049963987663058596,0.8046259274442732,0.14541008489166812,middle,1
A6,Final blend of A4 mix and A5 ordered output,C6,179,0.5511551155115512,middle,1,0.368300278830165,0.5193758010864258,0.048672410892782264,0.8169701637108805,0.13435742539533732,middle,1
A6,Final blend of A4 mix and A5 ordered output,C6,180,0.5544554455445545,middle,1,0.3697154729886687,0.5074442625045776,0.04789029755856114,0.8450226747687946,0.10708702767164431,middle,1
A6,Final blend of A4 mix and A5 ordered output,C6,181,0.5577557755775577,middle,1,0.3711306671471724,0.5026271939277649,0.04625885534244632,0.857876584379708,0.09586456027684562,middle,1
A6,Final blend of A4 mix and A5 ordered output,C6,182,0.5610561056105611,middle,1,0.3725458613056763,0.4975444972515106,0.045862971984020146,0.8670987331657674,0.08703829484921251,middle,1
A6,Final blend of A4 mix and A5 ordered output,C6,183,0.5643564356435643,middle,1,0.3739610554641798,0.4935872554779053,0.046675801616853564,0.8722359065532382,0.0810882918289081,middle,1
A6,Final blend of A4 mix and A5 ordered output,C6,184,0.5676567656765676,middle,1,0.3753762497068241,0.4972103536128998,0.0458563252115441,0.8698196702723988,0.08432400451505716,middle,1
A6,Final blend of A4 mix and A5 ordered output,C6,185,0.570957095709571,middle,1,0.3767914438653277,0.4852977395057678,0.04526792990236317,0.8869917648400616,0.06774030525657533,middle,1
A6,Final blend of A4 mix and A5 ordered output,C6,186,0.5742574257425742,middle,1,0.3782066380238316,0.4747133255004883,0.04429458728967542,0.9001298955628293,0.05557551714649518,middle,1
A6,Final blend of A4 mix and A5 ordered output,C6,187,0.5775577557755776,middle,1,0.3796218321823353,0.4707041084766388,0.04515909632769419,0.9015015434578472,0.05333936021345875,middle,1
A6,Final blend of A4 mix and A5 ordered output,C6,188,0.5808580858085809,middle,1,0.3810370263408391,0.464846670627594,0.04402995906323042,0.908641392121078,0.047328648814691766,middle,1
A6,Final blend of A4 mix and A5 ordered output,C6,189,0.5841584158415841,middle,1,0.3824522205834832,0.4610072672367096,0.04445588018378938,0.9109227105318453,0.0446214092833653,middle,1
A6,Final blend of A4 mix and A5 ordered output,C6,190,0.5874587458745875,middle,1,0.3842404922043516,0.45684540271759033,0.04390453843982042,0.9151276024765214,0.04096785908265831,middle,1
A6,Final blend of A4 mix and A5 ordered output,C6,191,0.5907590759075908,middle,1,0.3864018412875842,0.45218369364738464,0.04504336762705203,0.916408965594668,0.03854766677728,middle,1
A6,Final blend of A4 mix and A5 ordered output,C6,192,0.594059405940594,middle,1,0.3889362679173217,0.4492962956428528,0.04447235411304512,0.9198050683159404,0.03572257757001455,middle,1
A6,Final blend of A4 mix and A5 ordered output,C6,193,0.5973597359735974,middle,1,0.3918437719252833,0.45529457926750183,0.04228642706939517,0.9206576542791497,0.037055918650455204,middle,1
A6,Final blend of A4 mix and A5 ordered output,C6,194,0.6006600660066007,middle,1,0.3951243534797499,0.4503404498100281,0.0426783171633375,0.9231728464103743,0.03414883642528814,middle,1
A6,Final blend of A4 mix and A5 ordered output,C6,195,0.6039603960396039,middle,1,0.3987780124965807,0.4486912488937378,0.04246123864920389,0.9249188504359923,0.03261991091380378,middle,1
A6,Final blend of A4 mix and A5 ordered output,C6,196,0.6072607260726073,middle,1,0.4028047489757763,0.44505786895751953,0.04283363688572873,0.9264175601208884,0.030748802992382817,middle,1
A6,Final blend of A4 mix and A5 ordered output,C6,197,0.6105610561056105,middle,1,0.4068314854549716,0.44626227021217346,0.04189102547972002,0.9277300713013261,0.03037890321795388,middle,1
A6,Final blend of A4 mix and A5 ordered output,C6,198,0.6138613861386139,middle,1,0.4108582219341671,0.4423477351665497,0.04266470958271609,0.9282650743507838,0.029070216065500178,middle,1
A6,Final blend of A4 mix and A5 ordered output,C6,199,0.6171617161716172,middle,1,0.4148849584133625,0.4412427842617035,0.04247069049678422,0.9291743316487314,0.02835497785348434,middle,1
A6,Final blend of A4 mix and A5 ordered output,C6,200,0.6204620462046204,middle,1,0.4189116948925581,0.4398568570613861,0.042708326874101164,0.9295100332730667,0.02778163985183211,middle,1
A6,Final blend of A4 mix and A5 ordered output,C6,201,0.6237623762376238,middle,1,0.4229384313717534,0.4411245584487915,0.04202691058609668,0.9300968897253341,0.02787619968756921,middle,1
A6,Final blend of A4 mix and A5 ordered output,C6,202,0.6270627062706271,middle,1,0.4269651678509489,0.43984389305114746,0.042297758952665035,0.9302240360168051,0.02747820502952983,middle,1
A6,Final blend of A4 mix and A5 ordered output,C6,203,0.6303630363036303,middle,1,0.4309919042460039,0.4425044357776642,0.04159103102129919,0.9301194179092831,0.028289551068417722,middle,1
A6,Final blend of A4 mix and A5 ordered output,C6,204,0.6336633663366337,middle,1,0.4350186407251992,0.43976467847824097,0.042729046220086456,0.9291548739249401,0.028116079853973394,middle,1
A6,Final blend of A4 mix and A5 ordered output,C6,205,0.636963696369637,middle,1,0.4390453772043946,0.4453408122062683,0.04119816714644971,0.9292275211249769,0.02957431172757342,middle,1
A6,Final blend of A4 mix and A5 ordered output,C6,206,0.6402640264026402,middle,1,0.4430721135994497,0.44291701912879944,0.042247092582508354,0.9282825844381529,0.029470322978338827,middle,1
A6,Final blend of A4 mix and A5 ordered output,C6,207,0.6435643564356436,middle,1,0.4470988500786451,0.44705930352211,0.04131173010746016,0.9274568754730564,0.031231394418483445,middle,1
A6,Final blend of A4 mix and A5 ordered output,C6,208,0.6468646864686468,middle,1,0.4511255865578406,0.44638481736183167,0.041990151519397285,0.926820805587455,0.03118904289214782,middle,1
A6,Final blend of A4 mix and A5 ordered output,C6,209,0.6501650165016502,middle,1,0.455152323037036,0.4520557224750519,0.04057466466470907,0.9254778496634289,0.03394748567086201,middle,1
A6,Final blend of A4 mix and A5 ordered output,C6,210,0.6534653465346535,middle,1,0.4591790595162315,0.4517180323600769,0.04097629231086882,0.9249825313309911,0.03404117635714011,middle,1
A6,Final blend of A4 mix and A5 ordered output,C6,211,0.6567656765676567,middle,1,0.4632057959954269,0.4572190046310425,0.039964317233017146,0.9233556259933289,0.03668005677265396,middle,1
A6,Final blend of A4 mix and A5 ordered output,C6,212,0.6600660066006601,middle,1,0.4672325324746222,0.46025845408439636,0.03983049416788274,0.921110890997564,0.03905861483355322,middle,1
A6,Final blend of A4 mix and A5 ordered output,C6,213,0.6633663366336634,middle,1,0.4712592689538178,0.46684691309928894,0.03916178967512962,0.9176359810403734,0.04320222928349705,middle,1
A6,Final blend of A4 mix and A5 ordered output,C6,214,0.6666666666666666,middle,1,0.4752860054330132,0.4762156903743744,0.03886054343212142,0.9115508464908876,0.04958861007599101,middle,1
A6,Final blend of A4 mix and A5 ordered output,C6,215,0.66996699669967,middle,1,0.4793127419122085,0.46967369318008423,0.03956296154358622,0.9161876311633456,0.044249407292068145,middle,1
A6,Final blend of A4 mix and A5 ordered output,C6,216,0.6732673267326733,middle,1,0.4833394783072636,0.4927422106266022,0.03915692881851488,0.8951595400514553,0.0656835311290299,middle,1
A6,Final blend of A4 mix and A5 ordered output,C6,217,0.6765676567656765,middle,1,0.4873662147864592,0.4811960458755493,0.039742286180016094,0.9042447682088043,0.0560129456101797,middle,1
A6,Final blend of A4 mix and A5 ordered output,C6,218,0.6798679867986799,middle,1,0.4913929512656543,0.4955751299858093,0.039672007752387,0.8886247790304219,0.07170321321619108,middle,1
A6,Final blend of A4 mix and A5 ordered output,C6,219,0.6831683168316832,middle,1,0.4954196876607095,0.486940860748291,0.04045542583644897,0.8943727416281502,0.0651718325344009,middle,1
A6,Final blend of A4 mix and A5 ordered output,C6,220,0.6864686468646864,middle,1,0.4994464241399048,0.5170926451683044,0.04229375304226078,0.836698071249978,0.12100817570676124,middle,1
A6,Final blend of A4 mix and A5 ordered output,C6,221,0.6897689768976898,middle,1,0.5034731606191004,0.5217438340187073,0.04278269121969907,0.8276289061276756,0.12958840265162536,middle,1
A6,Final blend of A4 mix and A5 ordered output,C6,222,0.693069306930693,middle,1,0.5080172527216286,0.5436135530471802,0.04265183443807343,0.7614801170247038,0.19586804853622286,middle,1
A6,Final blend of A4 mix and A5 ordered output,C6,223,0.6963696369636964,middle,1,0.5130787005316301,0.5437044501304626,0.04266407803751841,0.76224662325899,0.1950892987024917,middle,1
A6,Final blend of A4 mix and A5 ordered output,C6,224,0.6996699669966997,middle,1,0.5186575039649646,0.5656942129135132,0.041050133485484176,0.6713790677519623,0.28757079876155345,middle,1
A6,Final blend of A4 mix and A5 ordered output,C6,225,0.7029702970297029,late,2,0.5247536630216317,0.5991626381874084,0.03401146326379082,0.5193206831119915,0.44666785362321776,middle,1
A6,Final blend of A4 mix and A5 ordered output,C6,226,0.7062706270627063,late,2,0.5313671777016317,0.6180862784385681,0.029196808684552333,0.4295878403556575,0.5412153509587903,late,2
A6,Final blend of A4 mix and A5 ordered output,C6,227,0.7095709570957096,late,2,0.5384980480049646,0.6518903970718384,0.021438310468724936,0.2816851826070593,0.6968765069232158,late,2
A6,Final blend of A4 mix and A5 ordered output,C6,228,0.7128712871287128,late,2,0.5461462739316305,0.6584046483039856,0.020229603016243818,0.2050791873399579,0.7746912096427983,late,2
A6,Final blend of A4 mix and A5 ordered output,C6,229,0.7161716171617162,late,2,0.5537944998582961,0.6787477135658264,0.017124409535002324,0.147329023788024,0.8355465666759737,late,2
A6,Final blend of A4 mix and A5 ordered output,C6,230,0.7194719471947195,late,2,0.5614427257849618,0.6884734034538269,0.015907689421438678,0.12773574280604338,0.856356567771518,late,2
A6,Final blend of A4 mix and A5 ordered output,C6,231,0.7227722772277227,late,2,0.5690909517116278,0.6971931457519531,0.01458746642161333,0.11646802274292967,0.8689445108344571,late,2
A6,Final blend of A4 mix and A5 ordered output,C6,232,0.7260726072607261,late,2,0.5767391776382933,0.7030099630355835,0.013921206246744455,0.11019788188495168,0.8758809118673039,late,2
A6,Final blend of A4 mix and A5 ordered output,C6,233,0.7293729372937293,late,2,0.5843874036490995,0.7090097069740295,0.013225144002903888,0.10447475681131743,0.8823000991847787,late,2
A6,Final blend of A4 mix and A5 ordered output,C6,234,0.7326732673267327,late,2,0.5920356296599056,0.7121283411979675,0.012964408538979958,0.10151231022436592,0.8855232812356542,late,2
A6,Final blend of A4 mix and A5 ordered output,C6,235,0.735973597359736,late,2,0.5996838556707117,0.7162657976150513,0.012611375836841668,0.09799174492399934,0.889396879238159,late,2
A6,Final blend of A4 mix and A5 ordered output,C6,236,0.7392739273927392,late,2,0.6073320816815179,0.7144902944564819,0.012991383651423516,0.09889866749989183,0.8881099488476847,late,2
A6,Final blend of A4 mix and A5 ordered output,C6,237,0.7425742574257426,late,2,0.6149803076923238,0.7188800573348999,0.012480140081880017,0.09588138166823355,0.8916384782488864,late,2
A6,Final blend of A4 mix and A5 ordered output,C6,238,0.7458745874587459,late,2,0.6226285336189898,0.7184065580368042,0.012650363023159592,0.09597304041513832,0.8913765965607021,late,2
A6,Final blend of A4 mix and A5 ordered output,C6,239,0.7491749174917491,late,2,0.6302767595456554,0.7208566665649414,0.012400430402336368,0.09419695991924341,0.8934026096774201,late,2
A6,Final blend of A4 mix and A5 ordered output,C6,240,0.7524752475247525,late,2,0.6379249854723213,0.7173290252685547,0.012797265697921605,0.09678234422806578,0.8904203900730127,late,2
A6,Final blend of A4 mix and A5 ordered output,C6,241,0.7557755775577558,late,2,0.645573211398987,0.7211048007011414,0.012424645400406269,0.09394927104663744,0.8936260835519563,late,2
A6,Final blend of A4 mix and A5 ordered output,C6,242,0.759075907590759,late,2,0.6532214373256527,0.7199857234954834,0.01254942079575741,0.09465934569297056,0.892791233510272,late,2
A6,Final blend of A4 mix and A5 ordered output,C6,243,0.7623762376237624,late,2,0.6608696632523182,0.7212919592857361,0.012418084044371702,0.09367409342215077,0.8939078225324776,late,2
A6,Final blend of A4 mix and A5 ordered output,C6,244,0.7656765676567657,late,2,0.6685178891789844,0.7188504338264465,0.012568641290823475,0.09552367100227668,0.8919076877058998,late,2
A6,Final blend of A4 mix and A5 ordered output,C6,245,0.768976897689769,late,2,0.6761661151897903,0.7218670845031738,0.012369825412574476,0.09326381432444975,0.8943663602619758,late,2
A6,Final blend of A4 mix and A5 ordered output,C6,246,0.7722772277227723,late,2,0.6838143412005964,0.7163330316543579,0.013059817939863983,0.09677578210343714,0.890164399955699,late,2
A6,Final blend of A4 mix and A5 ordered output,C6,247,0.7755775577557755,late,2,0.6914625672114025,0.7223656177520752,0.01237968979569587,0.09287127937650437,0.8947490308267998,late,2
A6,Final blend of A4 mix and A5 ordered output,C6,248,0.7788778877887789,late,2,0.6991107932222087,0.7219022512435913,0.012534435713117204,0.09297278477621833,0.8944927795096644,late,2
A6,Final blend of A4 mix and A5 ordered output,C6,249,0.7821782178217822,late,2,0.7067590192330147,0.7233020663261414,0.01233781525178843,0.09210042360142241,0.8955617611457891,late,2
A6,Final blend of A4 mix and A5 ordered output,C6,250,0.7854785478547854,late,2,0.7144072451596807,0.7189350724220276,0.012735678867803817,0.09521414482153555,0.8920501763096607,late,2
A6,Final blend of A4 mix and A5 ordered output,C6,251,0.7887788778877888,late,2,0.7220554710863463,0.7231736779212952,0.012352975075122227,0.09211592227633451,0.8955311026475433,late,2
A6,Final blend of A4 mix and A5 ordered output,C6,252,0.7920792079207921,late,2,0.729703697013012,0.7221792936325073,0.01249115103491995,0.09273800874390432,0.8947708402201758,late,2
A6,Final blend of A4 mix and A5 ordered output,C6,253,0.7953795379537953,late,2,0.7373519229396778,0.7234305739402771,0.012335538155026606,0.09186607891814029,0.8957983829258331,late,2
A6,Final blend of A4 mix and A5 ordered output,C6,254,0.7986798679867987,late,2,0.7448714868279991,0.7206906080245972,0.01250217691480048,0.09389853630537454,0.893599286778825,late,2
A6,Final blend of A4 mix and A5 ordered output,C6,255,0.801980198019802,late,2,0.752262388677976,0.7239552140235901,0.012318894636448783,0.09152037202369798,0.8961607333388533,late,2
A6,Final blend of A4 mix and A5 ordered output,C6,256,0.8052805280528053,late,2,0.7595246284896082,0.7233153581619263,0.012341666340556712,0.09200789291139429,0.895650440747049,late,2
A6,Final blend of A4 mix and A5 ordered output,C6,257,0.8085808580858086,late,2,0.7666582063470367,0.7242591381072998,0.012239308031882534,0.09129101230663093,0.8964696796604865,late,2
A6,Final blend of A4 mix and A5 ordered output,C6,258,0.8118811881188119,late,2,0.7736631222502615,0.7257577180862427,0.01220468373955684,0.09006402977255036,0.8977312864868928,late,2
A6,Final blend of A4 mix and A5 ordered output,C6,259,0.8151815181518152,late,2,0.7805393761151413,0.7258719801902771,0.012165106941135307,0.09001728398903128,0.8978176090688335,late,2
A6,Final blend of A4 mix and A5 ordered output,C6,260,0.8184818481848185,late,2,0.7872869679416767,0.726431667804718,0.012164398767859685,0.0896143748617873,0.898221226369353,late,2
A6,Final blend of A4 mix and A5 ordered output,C6,261,0.8217821782178217,late,2,0.7940345597682124,0.7270734906196594,0.012101311158565869,0.08919412516004681,0.8987045636803874,late,2
A6,Final blend of A4 mix and A5 ordered output,C6,262,0.8250825082508251,late,2,0.8007821515947479,0.7269973158836365,0.012114848373935729,0.08921370831781143,0.8986714433072529,late,2
A6,Final blend of A4 mix and A5 ordered output,C6,263,0.8283828382838284,late,2,0.8075297434212836,0.7275460958480835,0.012063838414899702,0.08889999246503792,0.8990361691190624,late,2
A6,Final blend of A4 mix and A5 ordered output,C6,264,0.8316831683168316,late,2,0.8142773352478189,0.727502167224884,0.012092240316649794,0.08890414119079301,0.8990036184915572,late,2
A6,Final blend of A4 mix and A5 ordered output,C6,265,0.834983498349835,late,2,0.8210249269902141,0.7282594442367554,0.012071735803679397,0.08837592573130602,0.8995523384640145,late,2
A6,Final blend of A4 mix and A5 ordered output,C6,266,0.8382838283828383,late,2,0.8277725187326093,0.7278720736503601,0.012141100380113621,0.08854625665499587,0.8993126429638905,late,2
A6,Final blend of A4 mix and A5 ordered output,C6,267,0.8415841584158416,late,2,0.8345201104750046,0.7277765274047852,0.012167980148266125,0.08854186924331879,0.8992901506074151,late,2
A6,Final blend of A4 mix and A5 ordered output,C6,268,0.8448844884488449,late,2,0.8412677022173995,0.7243426442146301,0.012520467668425506,0.09038322327824848,0.897096309052326,late,2
A6,Final blend of A4 mix and A5 ordered output,C6,269,0.8481848184818482,late,2,0.8480152939597948,0.7272355556488037,0.012206460958897597,0.08897703915900718,0.8988164998810952,late,2
A6,Final blend of A4 mix and A5 ordered output,C6,270,0.8514851485148515,late,2,0.8547628857021901,0.7256739735603333,0.012386609480761326,0.08988718983532556,0.8977262006829132,late,2
A6,Final blend of A4 mix and A5 ordered output,C6,271,0.8547854785478548,late,2,0.8615104774445851,0.7264611124992371,0.012264918994642823,0.08958353401988513,0.898151546984472,late,2
A6,Final blend of A4 mix and A5 ordered output,C6,272,0.858085808580858,late,2,0.8682580691869803,0.7238814830780029,0.012469549185165966,0.09121324190857522,0.8963172089052588,late,2
A6,Final blend of A4 mix and A5 ordered output,C6,273,0.8613861386138614,late,2,0.8750056609293755,0.7256038188934326,0.012308569535428917,0.09016814263813844,0.8975232878254327,late,2
A6,Final blend of A4 mix and A5 ordered output,C6,274,0.8646864686468647,late,2,0.8817532527559108,0.7241317629814148,0.012473939942428755,0.09110155411986737,0.8964245059367039,late,2
A6,Final blend of A4 mix and A5 ordered output,C6,275,0.8679867986798679,late,2,0.8885008445824465,0.7244839072227478,0.01239840494235061,0.09100629046500167,0.8965953045916477,late,2
A6,Final blend of A4 mix and A5 ordered output,C6,276,0.8712871287128713,late,2,0.895248436408982,0.7224072217941284,0.01259241148715015,0.09241269411827546,0.8949948943935745,late,2
A6,Final blend of A4 mix and A5 ordered output,C6,277,0.8745874587458746,late,2,0.9019960282355176,0.7234477996826172,0.012561299946758806,0.09169009597131965,0.8957486040809215,late,2
A6,Final blend of A4 mix and A5 ordered output,C6,278,0.8778877887788779,late,2,0.9087436200620532,0.7216209173202515,0.012797486960946666,0.09288318281160231,0.894319330226451,late,2
A6,Final blend of A4 mix and A5 ordered output,C6,279,0.8811881188118812,late,2,0.9154912118885886,0.7137296795845032,0.013822163213756953,0.09752957134326858,0.8886482654419744,late,2
A6,Final blend of A4 mix and A5 ordered output,C6,280,0.8844884488448845,late,2,0.9222388037151243,0.7210907936096191,0.012878941496911801,0.09350493737411261,0.8936161211279756,late,2
A6,Final blend of A4 mix and A5 ordered output,C6,281,0.8877887788778878,late,2,0.9289863954575196,0.7177897691726685,0.01337670264418209,0.095497772754393,0.8911255246004248,late,2
A6,Final blend of A4 mix and A5 ordered output,C6,282,0.8910891089108911,late,2,0.9357339871999144,0.7195366024971008,0.013130258857762308,0.0946341045607648,0.8922356365804729,late,2
A6,Final blend of A4 mix and A5 ordered output,C6,283,0.8943894389438944,late,2,0.9424815789423098,0.7140557765960693,0.013732359053058746,0.09855863004939457,0.8877090108965466,late,2
A6,Final blend of A4 mix and A5 ordered output,C6,284,0.8976897689768977,late,2,0.949229170684705,0.7171854376792908,0.013261543403469288,0.0962937969344904,0.8904446596610404,late,2
A6,Final blend of A4 mix and A5 ordered output,C6,285,0.900990099009901,late,2,0.9559767624271,0.7151452898979187,0.01358882743688014,0.09780494067254909,0.8886062318895708,late,2
A6,Final blend of A4 mix and A5 ordered output,C6,286,0.9042904290429042,late,2,0.9618936363706976,0.7161264419555664,0.013451587529859314,0.0970552438276463,0.8894931686414944,late,2
A6,Final blend of A4 mix and A5 ordered output,C6,287,0.9075907590759076,late,2,0.9669797925154976,0.7124785780906677,0.013908099804470076,0.09974043109701847,0.8863514690975115,late,2
A6,Final blend of A4 mix and A5 ordered output,C6,288,0.9108910891089109,late,2,0.9712352308615,0.7172314524650574,0.013429319817567625,0.09619179381025313,0.8903788863711793,late,2
A6,Final blend of A4 mix and A5 ordered output,C6,289,0.9141914191419142,late,2,0.9746599514087048,0.71781986951828,0.01329086707558234,0.0957221509268064,0.8909869819966112,late,2
A6,Final blend of A4 mix and A5 ordered output,C6,290,0.9174917491749175,late,2,0.9772539541571122,0.7199126482009888,0.013043877306340693,0.09414144785867057,0.8928146748339888,late,2
A6,Final blend of A4 mix and A5 ordered output,C6,291,0.9207920792079208,late,2,0.9790172391067218,0.7207693457603455,0.012883111829149078,0.09354046391110599,0.893576424258745,late,2
A6,Final blend of A4 mix and A5 ordered output,C6,292,0.9240924092409241,late,2,0.979949806257534,0.7222225666046143,0.012776802841733065,0.0924234652990664,0.8947997318582006,late,2
A6,Final blend of A4 mix and A5 ordered output,C6,293,0.9273927392739274,late,2,0.980882373408346,0.7234032154083252,0.01257770040548465,0.09160416820911277,0.8958181313844026,late,2
A6,Final blend of A4 mix and A5 ordered output,C6,294,0.9306930693069307,late,2,0.9818149405591582,0.724524974822998,0.012489657538503634,0.09079547983063531,0.896714862629861,late,2
A6,Final blend of A4 mix and A5 ordered output,C6,295,0.933993399339934,late,2,0.9827475077099702,0.7262020707130432,0.012338547171431333,0.08966826588224745,0.8979931869453213,late,2
A6,Final blend of A4 mix and A5 ordered output,C6,296,0.9372937293729373,late,2,0.9836800748607823,0.7264900803565979,0.01235364289580302,0.08929837052717907,0.8983479865760179,late,2
A6,Final blend of A4 mix and A5 ordered output,C6,297,0.9405940594059405,late,2,0.9846126420115944,0.7266719341278076,0.012325022546285975,0.08908998170085025,0.8985849957518639,late,2
A6,Final blend of A4 mix and A5 ordered output,C6,298,0.9438943894389439,late,2,0.9855452091624064,0.7263810038566589,0.012365811487124073,0.08913523656677931,0.8984989519450967,late,2
A6,Final blend of A4 mix and A5 ordered output,C6,299,0.9471947194719472,late,2,0.9864777763132186,0.725306510925293,0.012489938972279204,0.08960416505217539,0.8979058959745454,late,2
A6,Final blend of A4 mix and A5 ordered output,C6,300,0.9504950495049505,late,2,0.9874103434640308,0.7243700623512268,0.012617773716168719,0.0901415363247142,0.8972406899581171,late,2
A6,Final blend of A4 mix and A5 ordered output,C6,301,0.9537953795379538,late,2,0.9883429106148428,0.7246748208999634,0.012560722194043283,0.09006815567249271,0.8973711221324641,late,2
A6,Final blend of A4 mix and A5 ordered output,C6,302,0.9570957095709571,late,2,0.9892754777656552,0.7233991622924805,0.012699834162804248,0.09077466234329463,0.8965255034929012,late,2
A6,Final blend of A4 mix and A5 ordered output,C6,303,0.9603960396039604,late,2,0.9902080449164672,0.7233057022094727,0.012710715317011697,0.09087853455095285,0.8964107501310355,late,2
A6,Final blend of A4 mix and A5 ordered output,C6,304,0.9636963696369637,late,2,0.9911406120672792,0.7223679423332214,0.012802545860116114,0.09150520407551199,0.8956922500633719,late,2
A6,Final blend of A4 mix and A5 ordered output,C6,305,0.966996699669967,late,2,0.9920731792180912,0.7228854894638062,0.012749228005856702,0.09123309556541531,0.896017676427728,late,2
A6,Final blend of A4 mix and A5 ordered output,C6,306,0.9702970297029703,late,2,0.9930057463689036,0.7220547199249268,0.012837069531840009,0.09176968753423986,0.8953932429329202,late,2
A6,Final blend of A4 mix and A5 ordered output,C6,307,0.9735973597359736,late,2,0.9939383135197154,0.7220582365989685,0.012837493544364965,0.09179047510786381,0.8953720313467712,late,2
A6,Final blend of A4 mix and A5 ordered output,C6,308,0.976897689768977,late,2,0.9948708806705276,0.721315860748291,0.012906410905195223,0.09225158964141303,0.8948419994523918,late,2
A6,Final blend of A4 mix and A5 ordered output,C6,309,0.9801980198019802,late,2,0.9958034478213396,0.7217666506767273,0.012877450656896352,0.09192072040555069,0.895201828936553,late,2
A6,Final blend of A4 mix and A5 ordered output,C6,310,0.9834983498349835,late,2,0.996736014972152,0.7211832404136658,0.012945705677572052,0.09224624956616137,0.8948080447552667,late,2
A6,Final blend of A4 mix and A5 ordered output,C6,311,0.9867986798679867,late,2,0.9976685821229638,0.7195386290550232,0.013159210653820039,0.09315316905156176,0.8936876202936183,late,2
A6,Final blend of A4 mix and A5 ordered output,C6,312,0.9900990099009901,late,2,0.998601149273776,0.7209161520004272,0.013010672870771489,0.0923125028606286,0.8946768242676,late,2
A6,Final blend of A4 mix and A5 ordered output,C6,313,0.9933993399339934,late,2,0.999067432849182,0.7188729643821716,0.013251596022908247,0.09351376547771137,0.8932346384983804,late,2
A6,Final blend of A4 mix and A5 ordered output,C6,314,0.9966996699669967,late,2,0.9995337164245882,0.7189801931381226,0.013247750809491489,0.09345672157619729,0.8932955276133112,late,2
A6,Final blend of A4 mix and A5 ordered output,C6,315,1.0,late,2,0.999999999999994,0.7169004082679749,0.013512225135770157,0.09479618160614324,0.8916915932570866,late,2
