sample_id,split,condition,run_id,true_stage,true_stage_id,pred_stage,q_true,q_hat,p_E,p_M,p_L,uncertainty,entropy,misclassified,h_00,h_01,h_02,h_03,h_04,h_05,h_06,h_07,h_08,h_09,h_10,h_11,h_12,h_13,h_14,h_15,h_16,h_17,h_18,h_19,h_20,h_21,h_22,h_23,h_24,h_25,h_26,h_27,h_28,h_29,h_30,h_31,h_32,h_33,h_34,h_35,h_36,h_37,h_38,h_39,h_40,h_41,h_42,h_43,h_44,h_45,h_46,h_47,h_48,h_49,h_50,h_51,h_52,h_53,h_54,h_55,h_56,h_57,h_58,h_59,h_60,h_61,h_62,h_63
final_train_00000,final_train,C1,12,early,0,early,0.1932077187551013,0.3069212138652801,0.9549612402915956,0.0304330326616764,0.0146057028323411,0.0450387597084045,0.1929859185858363,0,0.0,1.3942937850952148,2.485851764678955,0.0,0.0,1.874256253242493,0.7846084237098694,2.1977994441986084,0.6584883332252502,0.0,0.0,0.0,0.0,0.1756742745637893,2.398271083831787,1.2687718868255615,0.1221325993537902,0.0,2.5243828296661377,0.0230080857872962,0.0,0.0,0.0,2.172210216522217,0.1914668679237365,0.3284940123558044,0.0,0.0,0.0,0.172502338886261,0.0,3.3625850677490234,0.040417693555355,0.8292086124420166,0.0,0.0,0.0,0.0,0.0,0.2015521228313446,0.0,2.359013795852661,0.0,0.0,0.0,0.0,0.0,0.0,2.538679599761963,0.0,0.5753498077392578,0.0,0.0,0.0,0.0,0.0,1.6559110879898071,1.567497730255127,0.0,0.7741442918777466,0.0,0.0,0.0,1.6486855745315552
final_train_00001,final_train,C1,13,early,0,early,0.2101847712464187,0.3075820207595825,0.9546383619308472,0.0306118857115507,0.0147497719153761,0.0453616380691528,0.1940939308213459,0,0.0,1.3914740085601809,2.4872963428497314,0.0,0.0,1.867462992668152,0.7751035094261169,2.2022547721862797,0.6474023461341858,0.0,0.0,0.0,0.0,0.1735932826995849,2.3939754962921143,1.2637455463409424,0.1219523847103118,0.0,2.5227913856506348,0.0217724740505218,0.0,0.0,0.0,2.164515972137451,0.1986580491065979,0.3227669298648834,0.0,0.0,0.0,0.1777999699115753,0.0,3.349731922149658,0.0320680513978004,0.8326166272163391,0.0,0.0,0.0,0.0,0.0,0.2044988274574279,0.0,2.3511650562286377,0.0,0.0,0.0,0.0,0.0,0.0,2.527074813842773,0.0,0.5632821321487427,0.0,0.0,0.0,0.0,0.0,1.64862859249115,1.5659379959106443,0.0,0.7799093127250671,0.0,0.0,0.0,1.644342064857483
final_train_00002,final_train,C1,14,early,0,early,0.2253597093096253,0.3065766096115112,0.9547988772392272,0.0305382460355758,0.0146628487855196,0.0452011227607727,0.1935331022020063,0,0.0,1.3930772542953491,2.4913811683654785,0.0,0.0,1.866267204284668,0.7823460102081299,2.2050111293792725,0.6562756896018982,0.0,0.0,0.0,0.0,0.1768566817045211,2.3964877128601074,1.2696532011032104,0.1256722062826156,0.0,2.5303444862365723,0.0195120945572853,0.0,0.0,0.0,2.1746156215667725,0.2026238441467285,0.3249617516994476,0.0,0.0,0.0,0.173121839761734,0.0,3.350832939147949,0.0298636928200721,0.8319798707962036,0.0,0.0,0.0,0.0,0.0,0.2101571708917617,0.0,2.35169529914856,0.0,0.0,0.0,0.0,0.0,0.0,2.5346827507019043,0.0,0.57163405418396,0.0,0.0,0.0,0.0,0.0,1.649046540260315,1.5673326253890991,0.0,0.7910170555114746,0.0,0.0,0.0,1.646466612815857
final_train_00003,final_train,C1,15,early,0,early,0.2388500265425312,0.3061904907226562,0.9548272490501404,0.0305528733879327,0.014619942754507,0.0451727509498596,0.1934157090584351,0,0.0,1.394157886505127,2.489676713943481,0.0,0.0,1.865890383720398,0.7863933444023132,2.2057130336761475,0.6605326533317566,0.0,0.0,0.0,0.0,0.1811919063329696,2.39514684677124,1.272140383720398,0.1261526942253112,0.0,2.538048505783081,0.0203794501721858,0.0,0.0,0.0,2.175133228302002,0.2041094452142715,0.3244999349117279,0.0,0.0,0.0,0.1668295860290527,0.0,3.34949803352356,0.025511011481285,0.8312410712242126,0.0,0.0,0.0,0.0,0.0,0.2107952386140823,0.0,2.35086989402771,0.0,0.0,0.0,0.0,0.0,0.0,2.541798591613769,0.0,0.5794623494148254,0.0,0.0,0.0,0.0,0.0,1.6486810445785522,1.566541314125061,0.0,0.7969430685043335,0.0,0.0,0.0,1.6471937894821167
final_train_00004,final_train,C1,16,early,0,early,0.2507679649311761,0.3063053786754608,0.9547027945518494,0.0305679570883512,0.0147292613983154,0.0452972054481506,0.1938784862583782,0,0.0,1.4012922048568726,2.4851887226104736,0.0,0.0,1.861407160758972,0.7855486869812012,2.206761360168457,0.65362548828125,0.0,0.0,0.0,0.0,0.1818751245737075,2.395920753479004,1.263146162033081,0.1237444728612899,0.0,2.5380451679229736,0.0256899818778038,0.0,0.0,0.0,2.170127868652344,0.2111213505268097,0.3213747441768646,0.0,0.0,0.0,0.1691076755523681,0.0,3.3412156105041504,0.0249715074896812,0.8353567123413086,0.0,0.0,0.0,0.0,0.0,0.2183297872543335,0.0,2.3505895137786865,0.0,0.0,0.0,0.0,0.0,0.0,2.542386531829834,0.0,0.5653462409973145,0.0,0.0,0.0,0.0,0.0,1.6469892263412476,1.5657364130020142,0.0,0.7982057332992554,0.0,0.0,0.0,1.6486674547195437
final_train_00005,final_train,C1,17,early,0,early,0.2612206852652242,0.3065139353275299,0.9546598196029664,0.0304711237549781,0.0148691218346357,0.0453401803970336,0.1941054327723278,0,0.0,1.4055989980697632,2.4752163887023926,0.0,0.0,1.8582030534744265,0.7970185875892639,2.2050392627716064,0.6396816968917847,0.0,0.0,0.0,0.0,0.1856032013893127,2.398255586624145,1.2528131008148191,0.1219679862260818,0.0,2.531212091445923,0.0355184078216552,0.0,0.0,0.0,2.1682896614074707,0.2140315771102905,0.3191950023174286,0.0,0.0,0.0,0.1662450432777404,0.0,3.336399555206299,0.0268617272377014,0.839846670627594,0.0,0.0,0.0,0.0,0.0,0.2268696725368499,0.0,2.350347757339477,0.0,0.0,0.0,0.0,0.0,0.0,2.55044174194336,0.0,0.5556082725524902,0.0,0.0,0.0,0.0,0.0,1.6457655429840088,1.5679495334625244,0.0,0.7915610074996948,0.0,0.0,0.0,1.6427156925201416
final_train_00006,final_train,C1,18,early,0,early,0.2703104335047634,0.3062337934970855,0.9546602368354796,0.0303235817700624,0.0150161860510706,0.0453397631645202,0.1941990488875131,0,0.0,1.4057176113128662,2.467945098876953,0.0,0.0,1.8611613512039185,0.8091035485267639,2.1988840103149414,0.6252198219299316,0.0,0.0,0.0,0.0,0.1862416565418243,2.4019625186920166,1.243390679359436,0.1198837906122207,0.0,2.5231852531433105,0.046674869954586,0.0,0.0,0.0,2.1671600341796875,0.2233873903751373,0.3194880187511444,0.0,0.0,0.0,0.1654900312423706,0.0,3.330658197402954,0.031660072505474,0.8470188975334167,0.0,0.0,0.0,0.0,0.0,0.2386557310819625,0.0,2.35113263130188,0.0,0.0,0.0,0.0,0.0,0.0,2.559028625488281,0.0,0.5461322069168091,0.0,0.0,0.0,0.0,0.0,1.6494643688201904,1.5694451332092283,0.0,0.7855996489524841,0.0,0.0,0.0,1.6374555826187134
final_train_00007,final_train,C1,19,early,0,early,0.2781347032038214,0.3062550127506256,0.9546783566474916,0.0302257016301155,0.0150959314778447,0.0453216433525085,0.1941927824944074,0,0.0,1.405790090560913,2.459988594055176,0.0,0.0,1.8640168905258176,0.8196786642074585,2.1946845054626465,0.61627197265625,0.0,0.0,0.0,0.0,0.1881602108478546,2.40334701538086,1.2363054752349854,0.1166919693350792,0.0,2.517780303955078,0.0546458661556243,0.0,0.0,0.0,2.1664469242095947,0.2262880206108093,0.320262610912323,0.0,0.0,0.0,0.1626879870891571,0.0,3.330836057662964,0.0349252149462699,0.8499720692634583,0.0,0.0,0.0,0.0,0.0,0.2440855205059051,0.0,2.3515288829803467,0.0,0.0,0.0,0.0,0.0,0.0,2.565196990966797,0.0,0.5452067852020264,0.0,0.0,0.0,0.0,0.0,1.6503586769104004,1.57096266746521,0.0,0.7788213491439819,0.0,0.0,0.0,1.6322109699249268
final_train_00008,final_train,C1,20,early,0,early,0.284786393978896,0.3062621653079986,0.9547033309936525,0.0301109794527292,0.0151855833828449,0.0452966690063476,0.1941702940100583,0,0.0,1.4068537950515747,2.456660270690918,0.0,0.0,1.8653836250305176,0.8272054195404053,2.192105531692505,0.6088530421257019,0.0,0.0,0.0,0.0,0.1861924231052398,2.405345678329468,1.231616735458374,0.1191539093852043,0.0,2.510597944259644,0.0607677996158599,0.0,0.0,0.0,2.1680119037628174,0.2301896512508392,0.3199273645877838,0.0,0.0,0.0,0.1630831956863403,0.0,3.3317184448242188,0.0395728573203086,0.8494467735290527,0.0,0.0,0.0,0.0,0.0,0.2504529058933258,0.0,2.3537700176239014,0.0,0.0,0.0,0.0,0.0,0.0,2.567838191986084,0.0,0.5379629135131836,0.0,0.0,0.0,0.0,0.0,1.6509463787078855,1.5726094245910645,0.0,0.7725774049758911,0.0,0.0,0.0,1.629840850830078
final_train_00009,final_train,C1,21,early,0,early,0.290353966081007,0.3087629079818725,0.9536685943603516,0.0302993562072515,0.0160320419818162,0.0463314056396484,0.1979313505994137,0,0.0,1.4051880836486816,2.44931697845459,0.0,0.0,1.8636350631713867,0.8216692209243774,2.172433614730835,0.5651661157608032,0.0,0.0,0.0,0.0,0.1680059432983398,2.3971900939941406,1.2048852443695068,0.1320095360279083,0.0,2.465462446212769,0.087969996035099,0.0,0.0,0.0,2.13039231300354,0.2483842372894287,0.3077670633792877,0.0,0.0,0.0,0.1910575926303863,0.0,3.303877830505371,0.0509461313486099,0.8611338138580322,0.0,0.0,0.0,0.0,0.0,0.277114599943161,0.0,2.349541187286377,0.0,0.0,0.0,0.0,0.0,0.0,2.536769390106201,0.0,0.4831913113594055,0.0,0.0,0.0,0.0,0.0,1.6528847217559814,1.5625344514846802,0.0,0.7334235906600952,0.0,0.0,0.0,1.6309295892715454
final_train_00010,final_train,C1,22,early,0,early,0.2949215912584859,0.3083017766475677,0.9540761709213256,0.0301575064659118,0.0157662499696016,0.0459238290786743,0.1964951936703838,0,0.0,1.4055402278900146,2.4536259174346924,0.0,0.0,1.8610219955444336,0.827853262424469,2.1754729747772217,0.5720362067222595,0.0,0.0,0.0,0.0,0.169827789068222,2.40077805519104,1.2168678045272827,0.1299910247325897,0.0,2.4732940196990967,0.076826199889183,0.0,0.0,0.0,2.1389718055725098,0.2379776537418365,0.3141410648822784,0.0,0.0,0.0,0.1858137249946594,0.0,3.3186631202697754,0.0505109205842018,0.8565283417701721,0.0,0.0,0.0,0.0,0.0,0.2691790163516998,0.0,2.352686643600464,0.0,0.0,0.0,0.0,0.0,0.0,2.5461878776550293,0.0,0.506306529045105,0.0,0.0,0.0,0.0,0.0,1.6547744274139404,1.5673503875732422,0.0,0.7399525046348572,0.0,0.0,0.0,1.630103349685669
final_train_00011,final_train,C1,23,early,0,early,0.2985692998285967,0.3081865012645721,0.9540857076644896,0.0302048455923795,0.0157094653695821,0.0459142923355102,0.1964317837401474,0,0.0,1.3986945152282717,2.4511196613311768,0.0,0.0,1.8625893592834477,0.8360430002212524,2.1749072074890137,0.5754583477973938,0.0,0.0,0.0,0.0,0.1719904541969299,2.402198076248169,1.2248979806900024,0.1333777010440826,0.0,2.4728004932403564,0.0718445852398872,0.0,0.0,0.0,2.141139030456543,0.2345751225948333,0.3174563646316528,0.0,0.0,0.0,0.1790595352649688,0.0,3.3226633071899414,0.0507242530584335,0.854566752910614,0.0,0.0,0.0,0.0,0.0,0.2629700005054474,0.0,2.349374294281006,0.0,0.0,0.0,0.0,0.0,0.0,2.549132823944092,0.0,0.5269541144371033,0.0,0.0,0.0,0.0,0.0,1.6532464027404783,1.5665926933288574,0.0,0.7400705218315125,0.0,0.0,0.0,1.6236761808395386
final_train_00012,final_train,C1,24,early,0,early,0.3013731241569073,0.3086109161376953,0.953926682472229,0.0302691981196403,0.0158041529357433,0.0460733175277709,0.1969875938195538,0,0.0,1.3982493877410889,2.447053909301758,0.0,0.0,1.8593530654907229,0.834271252155304,2.1759700775146484,0.5706346035003662,0.0,0.0,0.0,0.0,0.1690003126859665,2.398042917251587,1.2219891548156738,0.1322637796401977,0.0,2.473684310913086,0.0725752934813499,0.0,0.0,0.0,2.136089324951172,0.2330827414989471,0.316411018371582,0.0,0.0,0.0,0.1763907372951507,0.0,3.318398714065552,0.0488253831863403,0.8513802289962769,0.0,0.0,0.0,0.0,0.0,0.2606542706489563,0.0,2.34400486946106,0.0,0.0,0.0,0.0,0.0,0.0,2.546817779541016,0.0,0.5179961919784546,0.0,0.0,0.0,0.0,0.0,1.6483851671218872,1.5698977708816528,0.0,0.7388831973075867,0.0,0.0,0.0,1.6215006113052368
final_train_00013,final_train,C1,25,early,0,early,0.3034055671124052,0.308933824300766,0.9535585641860962,0.0303494818508625,0.016092013567686,0.0464414358139038,0.1983115660356459,0,0.0,1.3956217765808103,2.4397647380828857,0.0,0.0,1.85638427734375,0.8392938375473022,2.1681180000305176,0.5633686780929565,0.0,0.0,0.0,0.0,0.165365383028984,2.392744302749634,1.2153815031051636,0.1378387510776519,0.0,2.4633657932281494,0.0850143805146217,0.0,0.0,0.0,2.131714344024658,0.2386976182460785,0.3176424503326416,0.0,0.0,0.0,0.1796151101589203,0.0,3.310178518295288,0.0567938014864921,0.8507190942764282,0.0,0.0,0.0,0.0,0.0,0.2691259980201721,0.0,2.339648485183716,0.0,0.0,0.0,0.0,0.0,0.0,2.538351535797119,0.0,0.5056741833686829,0.0,0.0,0.0,0.0,0.0,1.6436313390731812,1.5726099014282229,0.0,0.7339237332344055,0.0,0.0,0.0,1.6170307397842407
final_train_00014,final_train,C1,26,early,0,early,0.304808296554342,0.3086951971054077,0.9536929726600648,0.0302794370800256,0.016027508303523,0.0463070273399353,0.1978520169776058,0,0.0,1.3929812908172607,2.4365992546081543,0.0,0.0,1.860901355743408,0.8426192402839661,2.1681559085845947,0.5608081221580505,0.0,0.0,0.0,0.0,0.1646100878715515,2.3945016860961914,1.2165017127990725,0.1367868036031723,0.0,2.466268539428711,0.0831852182745933,0.0,0.0,0.0,2.135511636734009,0.2412052452564239,0.3173314332962036,0.0,0.0,0.0,0.1739406585693359,0.0,3.3126258850097656,0.057297758758068,0.8513727784156799,0.0,0.0,0.0,0.0,0.0,0.2664539217948913,0.0,2.3411788940429688,0.0,0.0,0.0,0.0,0.0,0.0,2.54392671585083,0.0,0.5124451518058777,0.0,0.0,0.0,0.0,0.0,1.6454367637634275,1.5718120336532593,0.0,0.7357328534126282,0.0,0.0,0.0,1.6161000728607178
final_train_00015,final_train,C1,27,early,0,early,0.3057115883934917,0.3088741302490234,0.9535337090492249,0.0303119383752346,0.0161543525755405,0.0464662909507751,0.1984252970014281,0,0.0,1.3904014825820925,2.432168483734131,0.0,0.0,1.861960530281067,0.8445094227790833,2.1630489826202397,0.5560001730918884,0.0,0.0,0.0,0.0,0.1604007631540298,2.3905937671661377,1.212526559829712,0.1370092779397964,0.0,2.463444471359253,0.0872813090682029,0.0,0.0,0.0,2.129850387573242,0.243489533662796,0.3167896270751953,0.0,0.0,0.0,0.1715591251850128,0.0,3.309624433517456,0.0585556551814079,0.8513026833534241,0.0,0.0,0.0,0.0,0.0,0.2687543332576751,0.0,2.337785243988037,0.0,0.0,0.0,0.0,0.0,0.0,2.54259729385376,0.0,0.5102585554122925,0.0,0.0,0.0,0.0,0.0,1.6466306447982788,1.5720415115356443,0.0,0.7307281494140625,0.0,0.0,0.0,1.6130472421646118
final_train_00016,final_train,C1,28,early,0,early,0.3062348967301653,0.3089090585708618,0.9535565972328186,0.0303048361092805,0.0161385703831911,0.0464434027671813,0.1983444035631544,0,0.0,1.3887643814086914,2.430124044418335,0.0,0.0,1.862635850906372,0.8452340960502625,2.163767576217652,0.5549984574317932,0.0,0.0,0.0,0.0,0.1610317081212997,2.391401529312134,1.2104274034500122,0.1342349350452423,0.0,2.464261293411255,0.0871197208762168,0.0,0.0,0.0,2.13193678855896,0.244314819574356,0.3168320953845978,0.0,0.0,0.0,0.1689838469028473,0.0,3.309117555618286,0.0589923933148384,0.8519882559776306,0.0,0.0,0.0,0.0,0.0,0.2675363421440124,0.0,2.33838415145874,0.0,0.0,0.0,0.0,0.0,0.0,2.5427727699279785,0.0,0.510681688785553,0.0,0.0,0.0,0.0,0.0,1.6451654434204102,1.5733940601348877,0.0,0.7323873043060303,0.0,0.0,0.0,1.6123173236846924
final_train_00017,final_train,C1,29,early,0,early,0.3064874039598791,0.3099898993968963,0.9530200362205504,0.0305270757526159,0.0164529960602521,0.0469799637794494,0.2002057800243575,0,0.0,1.3850630521774292,2.420287847518921,0.0,0.0,1.8577320575714111,0.8428816795349121,2.155490636825561,0.5485082268714905,0.0,0.0,0.0,0.0,0.1577302813529968,2.38135313987732,1.197658896446228,0.1340889781713485,0.0,2.458296298980713,0.0970165655016899,0.0,0.0,0.0,2.117767333984375,0.2440511882305145,0.3164612054824829,0.0,0.0,0.0,0.1689341366291046,0.0,3.297179937362671,0.0585240796208381,0.8562416434288025,0.0,0.0,0.0,0.0,0.0,0.2713639438152313,0.0,2.3304152488708496,0.0,0.0,0.0,0.0,0.0,0.0,2.529215812683105,0.0,0.5013414621353149,0.0,0.0,0.0,0.0,0.0,1.6410584449768066,1.5756080150604248,0.0,0.7244428396224976,0.0,0.0,0.0,1.6090961694717407
final_train_00018,final_train,C1,30,early,0,early,0.3065685515019318,0.3095602989196777,0.9531861543655396,0.0304684694856405,0.016345378011465,0.0468138456344604,0.199624280445942,0,0.0,1.3809142112731934,2.419053792953491,0.0,0.0,1.8628228902816768,0.8442552089691162,2.156555652618408,0.5460762977600098,0.0,0.0,0.0,0.0,0.1571448743343353,2.3835411071777344,1.202540397644043,0.1319878250360489,0.0,2.4615354537963867,0.0933521762490272,0.0,0.0,0.0,2.12251615524292,0.2462473511695861,0.3181360960006714,0.0,0.0,0.0,0.1658209860324859,0.0,3.300657033920288,0.0599883645772933,0.8570561408996582,0.0,0.0,0.0,0.0,0.0,0.2666379511356354,0.0,2.3305389881134038,0.0,0.0,0.0,0.0,0.0,0.0,2.5344104766845703,0.0,0.5113155841827393,0.0,0.0,0.0,0.0,0.0,1.6435613632202148,1.5728000402450562,0.0,0.7291287779808044,0.0,0.0,0.0,1.6075718402862549
final_train_00019,final_train,C1,31,early,0,early,0.3065685515019318,0.3097630441188812,0.9531994462013244,0.0304575860500335,0.0163430273532867,0.0468005537986755,0.1995814194021886,0,0.0,1.3791192770004272,2.41670298576355,0.0,0.0,1.863752841949463,0.8447827100753784,2.1546034812927246,0.5420610308647156,0.0,0.0,0.0,0.0,0.1586092859506607,2.38247013092041,1.2002055644989014,0.1267457008361816,0.0,2.4594857692718506,0.0951953306794166,0.0,0.0,0.0,2.121433973312378,0.2450200617313385,0.3185820877552032,0.0,0.0,0.0,0.1655088663101196,0.0,3.301377773284912,0.0602355077862739,0.8568534851074219,0.0,0.0,0.0,0.0,0.0,0.2638247609138489,0.0,2.329589366912842,0.0,0.0,0.0,0.0,0.0,0.0,2.535371780395508,0.0,0.5113928318023682,0.0,0.0,0.0,0.0,0.0,1.6435270309448242,1.574974775314331,0.0,0.7282474637031555,0.0,0.0,0.0,1.60458242893219
final_train_00020,final_train,C1,32,early,0,early,0.3065685515019318,0.3098668754100799,0.9532121419906616,0.0304207764565944,0.0163670927286148,0.0467878580093383,0.1995551195402146,0,0.0,1.3790278434753418,2.414131164550781,0.0,0.0,1.8666740655899048,0.8461148142814636,2.153825521469116,0.5371560454368591,0.0,0.0,0.0,0.0,0.1551694869995117,2.382943153381348,1.1999062299728394,0.1285005509853363,0.0,2.455658197402954,0.0944757089018821,0.0,0.0,0.0,2.122070550918579,0.2445301115512848,0.3170877993106842,0.0,0.0,0.0,0.1660106480121612,0.0,3.302907466888428,0.0630606338381767,0.8565124869346619,0.0,0.0,0.0,0.0,0.0,0.2630016505718231,0.0,2.3291187286376958,0.0,0.0,0.0,0.0,0.0,0.0,2.535728454589844,0.0,0.5111745595932007,0.0,0.0,0.0,0.0,0.0,1.6438215970993042,1.5741147994995115,0.0,0.7249595522880554,0.0,0.0,0.0,1.6026049852371216
final_train_00021,final_train,C1,33,early,0,early,0.3065685515019318,0.3093853294849396,0.9535846710205078,0.0305758155882358,0.0158394742757082,0.0464153289794921,0.1980809980347715,0,0.0,1.3789737224578855,2.4257333278656006,0.0,0.0,1.872048497200012,0.8500419855117798,2.1682324409484863,0.5647343993186951,0.0,0.0,0.0,0.0,0.1798387765884399,2.394909620285034,1.2139978408813477,0.1176072433590889,0.0,2.4595320224761963,0.0737583935260772,0.0,0.0,0.0,2.136455535888672,0.2252460718154907,0.3111390769481659,0.0,0.0,0.0,0.1558971405029297,0.0,3.3109891414642334,0.0556140020489692,0.8485139012336731,0.0,0.0,0.0,0.0,0.0,0.2400418221950531,0.0,2.336935520172119,0.0,0.0,0.0,0.0,0.0,0.0,2.5485806465148926,0.0,0.5482025146484375,0.0,0.0,0.0,0.0,0.0,1.6365010738372805,1.5650116205215454,0.0,0.7291728258132935,0.0,0.0,0.0,1.5976054668426514
final_train_00022,final_train,C1,34,early,0,early,0.3065685515019318,0.3089742958545685,0.9539515376091005,0.0304180923849344,0.0156303513795137,0.0460484623908996,0.1968054072563593,0,0.0,1.3867816925048828,2.432159900665283,0.0,0.0,1.8692721128463743,0.8465995788574219,2.1707262992858887,0.5746442079544067,0.0,0.0,0.0,0.0,0.1762562990188598,2.3972902297973637,1.2226663827896118,0.1174125745892524,0.0,2.469820737838745,0.0671105459332466,0.0,0.0,0.0,2.1425259113311768,0.2169599384069442,0.3157040774822235,0.0,0.0,0.0,0.1573209464550018,0.0,3.323685884475708,0.0543616488575935,0.8418421149253845,0.0,0.0,0.0,0.0,0.0,0.2363798171281814,0.0,2.3421013355255127,0.0,0.0,0.0,0.0,0.0,0.0,2.554006099700928,0.0,0.5523285865783691,0.0,0.0,0.0,0.0,0.0,1.6374965906143188,1.572641134262085,0.0,0.7358754277229309,0.0,0.0,0.0,1.6033227443695068
final_train_00023,final_train,C1,35,early,0,early,0.3065685515019318,0.3087579011917114,0.9541239142417908,0.0304525475949049,0.0154235493391752,0.0458760857582092,0.1961382262813014,0,0.0,1.386351466178894,2.434640407562256,0.0,0.0,1.8731087446212769,0.8421810269355774,2.1764144897460938,0.5852049589157104,0.0,0.0,0.0,0.0,0.178375169634819,2.4012765884399414,1.232182860374451,0.1190502345561981,0.0,2.4758479595184326,0.0585240200161933,0.0,0.0,0.0,2.149582624435425,0.2070391327142715,0.3166638910770416,0.0,0.0,0.0,0.1555796265602111,0.0,3.332603454589844,0.0527143776416778,0.8375179171562195,0.0,0.0,0.0,0.0,0.0,0.2269805371761322,0.0,2.3442862033843994,0.0,0.0,0.0,0.0,0.0,0.0,2.55513334274292,0.0,0.5681313276290894,0.0,0.0,0.0,0.0,0.0,1.637594223022461,1.5676355361938477,0.0,0.7375444769859314,0.0,0.0,0.0,1.6036295890808103
final_train_00024,final_train,C1,36,early,0,early,0.3065685515019318,0.308780699968338,0.9542432427406312,0.0304888598620891,0.0152679113671183,0.0457567572593688,0.1956669853815792,0,0.0,1.385779857635498,2.441006898880005,0.0,0.0,1.874454498291016,0.8363839387893677,2.1786625385284424,0.5914903283119202,0.0,0.0,0.0,0.0,0.1820841133594513,2.4036011695861816,1.2401533126831057,0.1185778230428695,0.0,2.4752631187438965,0.0519583225250244,0.0,0.0,0.0,2.152688980102539,0.2001963406801223,0.3160090148448944,0.0,0.0,0.0,0.1590825021266937,0.0,3.3395469188690186,0.0511819049715995,0.8336378931999207,0.0,0.0,0.0,0.0,0.0,0.2186450362205505,0.0,2.345762014389038,0.0,0.0,0.0,0.0,0.0,0.0,2.554037094116211,0.0,0.577576756477356,0.0,0.0,0.0,0.0,0.0,1.6396408081054688,1.5642114877700806,0.0,0.7388112545013428,0.0,0.0,0.0,1.603605031967163
final_train_00025,final_train,C1,37,early,0,early,0.3065685515019318,0.3090350031852722,0.9542450308799744,0.0305847227573394,0.0151701904833316,0.0457549691200256,0.1955992757833461,0,0.0,1.3827022314071655,2.448765754699707,0.0,0.0,1.8750813007354736,0.83053058385849,2.18083119392395,0.5985634326934814,0.0,0.0,0.0,0.0,0.1868020147085189,2.404087781906128,1.244590163230896,0.1186662465333938,0.0,2.474268674850464,0.0473090857267379,0.0,0.0,0.0,2.153663158416748,0.1910286098718643,0.3150322139263153,0.0,0.0,0.0,0.1617054939270019,0.0,3.3432273864746094,0.0461094230413436,0.8325918912887573,0.0,0.0,0.0,0.0,0.0,0.2125887870788574,0.0,2.344496965408325,0.0,0.0,0.0,0.0,0.0,0.0,2.549034595489502,0.0,0.5877985954284668,0.0,0.0,0.0,0.0,0.0,1.639003872871399,1.56183123588562,0.0,0.734568178653717,0.0,0.0,0.0,1.6007009744644165
final_train_00026,final_train,C1,38,early,0,early,0.3065685515019318,0.308789849281311,0.9544708132743835,0.0304308626800775,0.0150983342900872,0.0455291867256164,0.1948459793757597,0,0.0,1.384355545043945,2.4554169178009038,0.0,0.0,1.8726340532302856,0.8257016539573669,2.184370756149292,0.6008151769638062,0.0,0.0,0.0,0.0,0.1849900484085083,2.4059112071990967,1.2457565069198608,0.1174042373895645,0.0,2.479365110397339,0.0457838550209999,0.0,0.0,0.0,2.157034158706665,0.1958113014698028,0.3175111711025238,0.0,0.0,0.0,0.1654265224933624,0.0,3.349358081817627,0.0451898053288459,0.833223283290863,0.0,0.0,0.0,0.0,0.0,0.2172247171401977,0.0,2.34780216217041,0.0,0.0,0.0,0.0,0.0,0.0,2.549701690673828,0.0,0.5793250799179077,0.0,0.0,0.0,0.0,0.0,1.6439199447631836,1.5670652389526367,0.0,0.741436779499054,0.0,0.0,0.0,1.6084387302398682
final_train_00027,final_train,C1,39,early,0,early,0.3065685515019318,0.3085843324661255,0.9545345306396484,0.0305236428976058,0.0149418152868747,0.0454654693603515,0.1945453552701429,0,0.0,1.3830078840255735,2.460838556289673,0.0,0.0,1.8739044666290283,0.8165299296379089,2.1881747245788574,0.6132906079292297,0.0,0.0,0.0,0.0,0.1839517652988433,2.402492046356201,1.2560200691223145,0.1163935810327529,0.0,2.487967729568481,0.0368666499853134,0.0,0.0,0.0,2.157362222671509,0.1855228692293167,0.3199051320552826,0.0,0.0,0.0,0.1638126075267791,0.0,3.354341983795166,0.0420872494578361,0.8276259899139404,0.0,0.0,0.0,0.0,0.0,0.2072060853242874,0.0,2.346896886825561,0.0,0.0,0.0,0.0,0.0,0.0,2.548542022705078,0.0,0.5901906490325928,0.0,0.0,0.0,0.0,0.0,1.6460962295532229,1.5633200407028198,0.0,0.7461360692977905,0.0,0.0,0.0,1.612338304519653
final_train_00028,final_train,C1,40,early,0,early,0.3065685515019318,0.3084124624729156,0.9546173214912416,0.0305408779531717,0.0148418471217155,0.0453826785087585,0.1942207235545757,0,0.0,1.3823676109313965,2.467991352081299,0.0,0.0,1.8741908073425293,0.8121052980422974,2.191699743270874,0.6193785071372986,0.0,0.0,0.0,0.0,0.1840347200632095,2.401994466781616,1.2629168033599854,0.1171732321381568,0.0,2.491553783416748,0.0311222150921821,0.0,0.0,0.0,2.15805983543396,0.1809006929397583,0.3225233256816864,0.0,0.0,0.0,0.1666569411754608,0.0,3.357043743133545,0.0400915667414665,0.8248786926269531,0.0,0.0,0.0,0.0,0.0,0.2022158801555633,0.0,2.348052501678467,0.0,0.0,0.0,0.0,0.0,0.0,2.5471677780151367,0.0,0.5946919918060303,0.0,0.0,0.0,0.0,0.0,1.647483468055725,1.56132709980011,0.0,0.7491647601127625,0.0,0.0,0.0,1.6155555248260498
final_train_00029,final_train,C1,41,early,0,early,0.3065685515019318,0.3086057901382446,0.954441487789154,0.0307998321950435,0.0147587740793824,0.0455585122108459,0.1947159720642484,0,0.0,1.3835216760635376,2.471792459487915,0.0,0.0,1.871320724487305,0.8028011322021484,2.196603536605835,0.6307458877563477,0.0,0.0,0.0,0.0,0.1885029226541519,2.398523092269897,1.2666820287704468,0.1128360778093338,0.0,2.4981977939605717,0.0225872695446014,0.0,0.0,0.0,2.154804944992065,0.1711851507425308,0.3206400573253631,0.0,0.0,0.0,0.1665737032890319,0.0,3.351815700531006,0.0329669490456581,0.8226417899131775,0.0,0.0,0.0,0.0,0.0,0.1915522813796997,0.0,2.3434767723083496,0.0,0.0,0.0,0.0,0.0,0.0,2.540898323059082,0.0,0.6039924621582031,0.0,0.0,0.0,0.0,0.0,1.640856385231018,1.5580756664276123,0.0,0.75302654504776,0.0,0.0,0.0,1.6131024360656738
final_train_00030,final_train,C1,42,early,0,early,0.306573991186115,0.3079460263252258,0.9546309113502502,0.0306419692933559,0.0147271249443292,0.0453690886497497,0.1941021368123177,0,0.0,1.384643793106079,2.4787070751190186,0.0,0.0,1.8706862926483157,0.8053588271141052,2.1990408897399902,0.6366357207298279,0.0,0.0,0.0,0.0,0.1884967237710952,2.398735761642456,1.2671473026275637,0.1144040524959564,0.0,2.5050861835479736,0.0241695344448089,0.0,0.0,0.0,2.1590192317962646,0.1810687333345413,0.3245124220848083,0.0,0.0,0.0,0.1680563390254974,0.0,3.3551254272460938,0.0311728864908218,0.8249019384384155,0.0,0.0,0.0,0.0,0.0,0.2017513811588287,0.0,2.346327304840088,0.0,0.0,0.0,0.0,0.0,0.0,2.543947696685791,0.0,0.5991197824478149,0.0,0.0,0.0,0.0,0.0,1.643622636795044,1.562811017036438,0.0,0.7611156702041626,0.0,0.0,0.0,1.6210047006607056
final_train_00031,final_train,C1,43,early,0,early,0.3071984571013968,0.3077532649040222,0.9546049237251282,0.0307136848568916,0.0146813532337546,0.0453950762748718,0.1941527155566709,0,0.0,1.3888367414474487,2.482576370239258,0.0,0.0,1.867884635925293,0.8011482357978821,2.2025883197784424,0.6479427814483643,0.0,0.0,0.0,0.0,0.1924756467342376,2.3952693939208984,1.2661017179489136,0.1117222011089325,0.0,2.514287233352661,0.023870401084423,0.0,0.0,0.0,2.1590044498443604,0.1819708049297332,0.3248724341392517,0.0,0.0,0.0,0.1675405502319336,0.0,3.35274600982666,0.0255882292985916,0.8238942623138428,0.0,0.0,0.0,0.0,0.0,0.2023626565933227,0.0,2.345909833908081,0.0,0.0,0.0,0.0,0.0,0.0,2.54231071472168,0.0,0.5981680154800415,0.0,0.0,0.0,0.0,0.0,1.639851450920105,1.564605712890625,0.0,0.7688143849372864,0.0,0.0,0.0,1.626092791557312
final_train_00032,final_train,C1,44,early,0,early,0.3084141906933186,0.3074972331523895,0.9545570015907288,0.0307500977069139,0.014692879281938,0.0454429984092712,0.1943103790923003,0,0.0,1.3891699314117432,2.4829623699188232,0.0,0.0,1.86906898021698,0.8030129075050354,2.203395366668701,0.6528531312942505,0.0,0.0,0.0,0.0,0.1936585009098053,2.393925666809082,1.26643705368042,0.1148874387145042,0.0,2.51716685295105,0.0243881866335868,0.0,0.0,0.0,2.1594913005828857,0.1842153370380401,0.3268199861049652,0.0,0.0,0.0,0.1671064794063568,0.0,3.349841833114624,0.0244906172156333,0.8255982995033264,0.0,0.0,0.0,0.0,0.0,0.2039496749639511,0.0,2.345325231552124,0.0,0.0,0.0,0.0,0.0,0.0,2.5419697761535645,0.0,0.6016266345977783,0.0,0.0,0.0,0.0,0.0,1.637895107269287,1.5636106729507446,0.0,0.7713300585746765,0.0,0.0,0.0,1.6272143125534058
final_train_00033,final_train,C1,45,early,0,early,0.3101936943077262,0.3072044253349304,0.9548190832138062,0.0304927732795476,0.0146880513057112,0.0451809167861938,0.1934864297806281,0,0.0,1.3931456804275513,2.479461669921875,0.0,0.0,1.8710366487503047,0.8108834028244019,2.2027158737182617,0.6453514695167542,0.0,0.0,0.0,0.0,0.1930676102638244,2.400353193283081,1.2632508277893066,0.1163609474897384,0.0,2.51422119140625,0.0292083621025085,0.0,0.0,0.0,2.1649699211120605,0.1888833791017532,0.327582448720932,0.0,0.0,0.0,0.1671161949634552,0.0,3.3565170764923096,0.0307496413588523,0.8265225887298584,0.0,0.0,0.0,0.0,0.0,0.2104767560958862,0.0,2.351991891860962,0.0,0.0,0.0,0.0,0.0,0.0,2.551787853240967,0.0,0.5935901999473572,0.0,0.0,0.0,0.0,0.0,1.6442021131515503,1.5662864446640017,0.0,0.7671968340873718,0.0,0.0,0.0,1.6288039684295654
final_train_00034,final_train,C1,46,early,0,early,0.3125097736542056,0.3071514070034027,0.9548300504684448,0.0304996334016323,0.0146702378988265,0.0451699495315551,0.1934402185223789,0,0.0,1.393510341644287,2.4776997566223145,0.0,0.0,1.872125029563904,0.8125564455986023,2.2031211853027344,0.6418766379356384,0.0,0.0,0.0,0.0,0.1939294636249542,2.402865171432495,1.2648098468780518,0.1166684180498123,0.0,2.5121474266052246,0.0273064598441123,0.0,0.0,0.0,2.165005207061768,0.1886512041091919,0.326606810092926,0.0,0.0,0.0,0.1667089760303497,0.0,3.356190919876098,0.0308068692684173,0.8270734548568726,0.0,0.0,0.0,0.0,0.0,0.2085109651088714,0.0,2.3514766693115234,0.0,0.0,0.0,0.0,0.0,0.0,2.5545616149902344,0.0,0.5987372994422913,0.0,0.0,0.0,0.0,0.0,1.6449639797210691,1.5631403923034668,0.0,0.7668982148170471,0.0,0.0,0.0,1.6248054504394531
final_train_00035,final_train,C1,81,early,0,early,0.3653598274439764,0.3079195618629455,0.9547622799873352,0.0304498169571161,0.0147879989817738,0.0452377200126647,0.1937310496933153,0,0.0,1.398250937461853,2.453263759613037,0.0,0.0,1.8794862031936648,0.8022288084030151,2.196866750717163,0.6138373017311096,0.0,0.0,0.0,0.0,0.1845676898956298,2.40505313873291,1.2526040077209473,0.1079040914773941,0.0,2.5043091773986816,0.0325696244835853,0.0,0.0,0.0,2.163407564163208,0.1920809149742126,0.3182649910449981,0.0,0.0,0.0,0.1690832674503326,0.0,3.3503808975219727,0.046546347439289,0.8408404588699341,0.0,0.0,0.0,0.0,0.0,0.1963903456926345,0.0,2.3503596782684326,0.0,0.0,0.0,0.0,0.0,0.0,2.5542774200439453,0.0,0.5798407793045044,0.0,0.0,0.0,0.0,0.0,1.6461164951324463,1.5583668947219849,0.0,0.7612934708595276,0.0,0.0,0.0,1.619308590888977
final_train_00036,final_train,C1,82,early,0,early,0.3653598274439764,0.3078261911869049,0.9547855257987976,0.0305506438016891,0.0146638108417391,0.0452144742012023,0.1935756105916022,0,0.0,1.396533727645874,2.45910906791687,0.0,0.0,1.880402445793152,0.7950054407119751,2.201550245285034,0.6251142621040344,0.0,0.0,0.0,0.0,0.1843658238649368,2.40167236328125,1.2620176076889038,0.108112446963787,0.0,2.5111443996429443,0.0239356905221939,0.0,0.0,0.0,2.1644535064697266,0.1843022853136062,0.319114089012146,0.0,0.0,0.0,0.1693327724933624,0.0,3.3534932136535645,0.0430982112884521,0.8368517160415649,0.0,0.0,0.0,0.0,0.0,0.1882800012826919,0.0,2.3493669033050537,0.0,0.0,0.0,0.0,0.0,0.0,2.5511035919189453,0.0,0.5877764225006104,0.0,0.0,0.0,0.0,0.0,1.644078254699707,1.5549027919769287,0.0,0.7668432593345642,0.0,0.0,0.0,1.6242214441299438
final_train_00037,final_train,C1,83,early,0,early,0.3653598274439764,0.3078698515892029,0.9547335505485536,0.0307140257209539,0.0145523743703961,0.0452664494514465,0.193663150204382,0,0.0,1.391805648803711,2.4672083854675293,0.0,0.0,1.8812133073806765,0.7861021757125854,2.202968120574951,0.6364063620567322,0.0,0.0,0.0,0.0,0.1844423562288284,2.395548105239868,1.2723822593688965,0.1087271124124527,0.0,2.5171236991882324,0.0150016732513904,0.0,0.0,0.0,2.161435842514038,0.1740818470716476,0.3205609321594238,0.0,0.0,0.0,0.1696727275848388,0.0,3.355271816253662,0.0377366542816162,0.8326372504234314,0.0,0.0,0.0,0.0,0.0,0.1778367608785629,0.0,2.3461291790008545,0.0,0.0,0.0,0.0,0.0,0.0,2.5462489128112797,0.0,0.6002498865127563,0.0,0.0,0.0,0.0,0.0,1.6439474821090698,1.550870418548584,0.0,0.7703565955162048,0.0,0.0,0.0,1.6281535625457764
final_train_00038,final_train,C1,84,early,0,early,0.3653598274439764,0.3079384267330169,0.954600989818573,0.0308891870081424,0.0145098296925425,0.045399010181427,0.1940485062531402,0,0.0,1.388106107711792,2.473907232284546,0.0,0.0,1.8801548480987549,0.7782288193702698,2.2044782638549805,0.644775390625,0.0,0.0,0.0,0.0,0.1852735579013824,2.390523195266724,1.27774178981781,0.1083897575736045,0.0,2.521512746810913,0.0093321353197097,0.0,0.0,0.0,2.158315658569336,0.1699665486812591,0.3204116225242615,0.0,0.0,0.0,0.1716236174106598,0.0,3.3518521785736084,0.0323337242007255,0.832089364528656,0.0,0.0,0.0,0.0,0.0,0.1734120100736618,0.0,2.342512845993042,0.0,0.0,0.0,0.0,0.0,0.0,2.5393223762512207,0.0,0.6065798997879028,0.0,0.0,0.0,0.0,0.0,1.640804648399353,1.5482429265975952,0.0,0.7760652303695679,0.0,0.0,0.0,1.631078600883484
final_train_00039,final_train,C1,85,early,0,early,0.3653598274439764,0.3077737092971802,0.954498827457428,0.0310469400137662,0.0144542912021279,0.045501172542572,0.1943290155081601,0,0.0,1.386591911315918,2.4801950454711914,0.0,0.0,1.8787760734558103,0.7729072570800781,2.207180976867676,0.6526122689247131,0.0,0.0,0.0,0.0,0.1878862380981445,2.3879497051239014,1.283756136894226,0.1077145710587501,0.0,2.525530338287353,0.0041626319289207,0.0,0.0,0.0,2.157167673110962,0.1664382815361023,0.3203639984130859,0.0,0.0,0.0,0.173415869474411,0.0,3.347543954849243,0.027664728462696,0.8311479687690735,0.0,0.0,0.0,0.0,0.0,0.1700688898563385,0.0,2.339462280273437,0.0,0.0,0.0,0.0,0.0,0.0,2.535287857055664,0.0,0.6138088703155518,0.0,0.0,0.0,0.0,0.0,1.6371674537658691,1.5448695421218872,0.0,0.7826966643333435,0.0,0.0,0.0,1.6317275762557983
final_train_00040,final_train,C1,86,early,0,early,0.3653598274439764,0.3076265752315521,0.954469621181488,0.0311605613678693,0.0143697764724493,0.0455303788185119,0.1943606187461175,0,0.0,1.385492920875549,2.487127780914306,0.0,0.0,1.8763749599456787,0.7668957114219666,2.2099955081939697,0.661496639251709,0.0,0.0,0.0,0.0,0.1909277439117431,2.384920597076416,1.2894724607467651,0.1060056015849113,0.0,2.5318589210510254,0.0,0.0,0.0,0.0,2.1570112705230717,0.1614423096179962,0.3212322890758514,0.0,0.0,0.0,0.1741358935832977,0.0,3.3460288047790527,0.0219144746661186,0.8293270468711853,0.0,0.0,0.0,0.0,0.0,0.1660186052322387,0.0,2.337133884429932,0.0,0.0,0.0,0.0,0.0,0.0,2.5327391624450684,0.0,0.6205406188964844,0.0,0.0,0.0,0.0,0.0,1.6344600915908811,1.5440409183502195,0.0,0.7899394035339355,0.0,0.0,0.0,1.633518934249878
final_train_00041,final_train,C1,87,early,0,early,0.3653598274439764,0.3076691627502441,0.954370141029358,0.0312772020697593,0.0143526792526245,0.045629858970642,0.1946583809276102,0,0.0,1.383058786392212,2.4877896308898926,0.0,0.0,1.8778197765350344,0.7628598213195801,2.210582971572876,0.6663414835929871,0.0,0.0,0.0,0.0,0.1912329494953155,2.383005142211914,1.2921663522720337,0.1063937395811081,0.0,2.5338120460510254,0.0,0.0,0.0,0.0,2.156043291091919,0.159644529223442,0.3210588693618774,0.0,0.0,0.0,0.1745027303695678,0.0,3.343761682510376,0.020586609840393,0.8290337324142456,0.0,0.0,0.0,0.0,0.0,0.1620201021432876,0.0,2.3354568481445312,0.0,0.0,0.0,0.0,0.0,0.0,2.5281758308410645,0.0,0.625762939453125,0.0,0.0,0.0,0.0,0.0,1.6316030025482178,1.5403317213058472,0.0,0.7924275994300842,0.0,0.0,0.0,1.634150743484497
final_train_00042,final_train,C1,88,early,0,early,0.3653598274439764,0.3074655830860138,0.9544538259506226,0.0312562473118305,0.0142898876219987,0.0455461740493774,0.1943532130088107,0,0.0,1.378831148147583,2.4900460243225098,0.0,0.0,1.8811217546463013,0.7621220350265503,2.2097814083099365,0.6693674921989441,0.0,0.0,0.0,0.0,0.1890367269515991,2.382767915725708,1.2989773750305176,0.1086229234933853,0.0,2.535487174987793,0.0,0.0,0.0,0.0,2.156414031982422,0.1558021157979965,0.3238573372364044,0.0,0.0,0.0,0.1724015176296234,0.0,3.3481459617614746,0.021386481821537,0.8260096311569214,0.0,0.0,0.0,0.0,0.0,0.1567876785993576,0.0,2.335258960723877,0.0,0.0,0.0,0.0,0.0,0.0,2.529924869537353,0.0,0.6344751715660095,0.0,0.0,0.0,0.0,0.0,1.6360255479812622,1.537754774093628,0.0,0.7914690971374512,0.0,0.0,0.0,1.6350491046905518
final_train_00043,final_train,C1,89,early,0,early,0.3653598274439764,0.3074977993965149,0.9543742537498474,0.0313701257109642,0.0142556680366396,0.0456257462501525,0.1945764295268641,0,0.0,1.375242829322815,2.490776777267456,0.0,0.0,1.884314775466919,0.7576389312744141,2.2081191539764404,0.6766248941421509,0.0,0.0,0.0,0.0,0.1869461834430694,2.3791816234588623,1.3036856651306152,0.1087427884340286,0.0,2.538614273071289,0.0,0.0,0.0,0.0,2.1528358459472656,0.1504795998334884,0.3253121376037597,0.0,0.0,0.0,0.1703812777996063,0.0,3.3485560417175293,0.0214714929461479,0.8218966722488403,0.0,0.0,0.0,0.0,0.0,0.1493103802204132,0.0,2.334638357162476,0.0,0.0,0.0,0.0,0.0,0.0,2.526730537414551,0.0,0.6415143013000488,0.0,0.0,0.0,0.0,0.0,1.636583924293518,1.5332387685775757,0.0,0.7901945114135742,0.0,0.0,0.0,1.6377941370010376
final_train_00044,final_train,C1,90,early,0,early,0.3653598274439764,0.307630717754364,0.9542055726051332,0.0315235778689384,0.0142708299681544,0.0457944273948669,0.1951111753021727,0,0.0,1.3716858625411987,2.4909021854400635,0.0,0.0,1.8859302997589111,0.754298985004425,2.205867290496826,0.6824116706848145,0.0,0.0,0.0,0.0,0.1855079531669616,2.3753011226654053,1.305098056793213,0.1084422022104263,0.0,2.54012393951416,0.0,0.0,0.0,0.0,2.1480324268341064,0.1478910446166992,0.3259679079055786,0.0,0.0,0.0,0.1688569486141204,0.0,3.345101833343506,0.0210694298148155,0.8199796080589294,0.0,0.0,0.0,0.0,0.0,0.1446433216333389,0.0,2.332973957061768,0.0,0.0,0.0,0.0002342239022254,0.0,0.0,2.5213518142700195,0.0,0.646361768245697,0.0,0.0,0.0,0.0,0.0,1.634861707687378,1.5298330783843994,0.0,0.7896257042884827,0.0,0.0,0.0,1.6394259929656982
final_train_00045,final_train,C1,91,early,0,early,0.3653598274439764,0.307767242193222,0.9539492726325988,0.0317078605294227,0.0143428416922688,0.0460507273674011,0.1959579793159729,0,0.0,1.3680932521820068,2.4920897483825684,0.0,0.0,1.8861479759216309,0.7534871697425842,2.2022719383239746,0.6836839318275452,0.0,0.0,0.0,0.0,0.1840971708297729,2.3717405796051025,1.3050352334976196,0.1098008155822753,0.0,2.536630392074585,0.0,0.0,0.0,0.0,2.143383026123047,0.1463421136140823,0.3250605463981628,0.0,0.0,0.0,0.1692571341991424,0.0,3.338578462600708,0.0219532623887062,0.8184217810630798,0.0,0.0,0.0,0.0,0.0,0.1448592096567154,0.0,2.330645799636841,0.0,0.0,0.0,0.0045187026262283,0.0,0.0,2.5153255462646484,0.0,0.6488345861434937,0.0,0.0,0.0,0.0,0.0,1.6317732334136963,1.525832176208496,0.0,0.7867187857627869,0.0,0.0,0.0,1.6381670236587524
final_train_00046,final_train,C1,92,early,0,early,0.3653598274439764,0.3079173564910888,0.9538552165031432,0.0317793637514114,0.0143654569983482,0.0461447834968566,0.1962657921409533,0,0.0,1.3670952320098877,2.496012926101685,0.0,0.0,1.8830622434616089,0.7503430843353271,2.202544450759888,0.6847072839736938,0.0,0.0,0.0,0.0,0.1843955218791961,2.369723081588745,1.303770899772644,0.1077263951301574,0.0,2.5361099243164062,0.0,0.0,0.0,0.0,2.1401526927948,0.1463499367237091,0.3246367871761322,0.0,0.0,0.0,0.1710951924324035,0.0,3.3344621658325195,0.0203316658735275,0.8176819682121277,0.0,0.0,0.0,0.0,0.0,0.145661786198616,0.0,2.330111026763916,0.0,0.0,0.0,0.0047336220741271,0.0,0.0,2.5111474990844727,0.0,0.646020233631134,0.0,0.0,0.0,0.0,0.0,1.6293312311172483,1.5269354581832886,0.0,0.7884471416473389,0.0,0.0,0.0,1.6383732557296753
final_train_00047,final_train,C1,93,early,0,early,0.3653598274439764,0.3080745935440063,0.953737735748291,0.031879149377346,0.0143831465393304,0.0462622642517089,0.1966421826359391,0,0.0,1.3657917976379397,2.4991157054901123,0.0,0.0,1.8806264400482176,0.7466294765472412,2.203131437301636,0.6851230263710022,0.0,0.0,0.0,0.0,0.1836311221122741,2.366825819015503,1.305408239364624,0.1081013232469558,0.0,2.53592300415039,0.0,0.0,0.0,0.0,2.1368627548217773,0.1433145850896835,0.3242747187614441,0.0,0.0,0.0,0.1725111305713653,0.0,3.330672025680542,0.0183472260832786,0.8154110908508301,0.0,0.0,0.0,0.0,0.0,0.1434376984834671,0.0,2.32788348197937,0.0,0.0,0.0,0.0056808069348335,0.0,0.0,2.5072951316833496,0.0,0.6467238664627075,0.0,0.0,0.0,0.0,0.0,1.6264257431030271,1.525768518447876,0.0,0.788821280002594,0.0,0.0,0.0,1.6371198892593384
final_train_00048,final_train,C1,94,early,0,early,0.3653598274439764,0.3081502318382263,0.9536373615264891,0.0320546627044677,0.0143079096451401,0.0463626384735107,0.1968973279188645,0,0.0,1.3598631620407104,2.5018680095672607,0.0,0.0,1.8838518857955933,0.7428900599479675,2.202434539794922,0.6928162574768066,0.0,0.0,0.0,0.0,0.1853993982076645,2.364776849746704,1.311864733695984,0.1074694544076919,0.0,2.5378706455230717,0.0,0.0,0.0,0.0,2.135683536529541,0.1360251456499099,0.324880838394165,0.0,0.0,0.0,0.1699537932872772,0.0,3.3304450511932373,0.0161470472812652,0.8114783763885498,0.0,0.0,0.0,0.0,0.0,0.1338945031166076,0.0,2.3269286155700684,0.0,0.0,0.0,0.0146420896053314,0.0,0.0,2.504779815673828,0.0,0.6583528518676758,0.0,0.0,0.0,0.0,0.0,1.6249754428863523,1.5210269689559937,0.0,0.7878937125205994,0.0,0.0,0.0,1.6362072229385376
final_train_00049,final_train,C1,95,early,0,early,0.3653598274439764,0.3082956671714782,0.9533483982086182,0.0323829688131809,0.0142686013132333,0.0466516017913818,0.1977593231886784,0,0.0,1.3534616231918335,2.500751256942749,0.0,0.0,1.888252139091492,0.7369893789291382,2.1994388103485107,0.7034032940864563,0.0,0.0,0.0,0.0,0.1844589114189148,2.358670473098755,1.3185741901397705,0.1073089838027954,0.0,2.5425405502319336,0.0,0.0,0.0,0.0,2.12958025932312,0.1275103390216827,0.326137363910675,0.0,0.0,0.0,0.1654526889324188,0.0,3.3278133869171143,0.0152473896741867,0.8048293590545654,0.0,0.0,0.0,0.0,0.0,0.1215983554720878,0.0,2.3236842155456543,0.0,0.0,0.0,0.02879099547863,0.0,0.0,2.4997305870056152,0.0,0.6719308495521545,0.0,0.0,0.0,0.0,0.0,1.622519612312317,1.5120681524276731,0.0,0.7867797613143921,0.0,0.0,0.0,1.6377722024917605
final_train_00050,final_train,C1,96,early,0,early,0.3653598274439764,0.3084698021411896,0.9529784321784972,0.0327980443835258,0.0142235485836863,0.0470215678215026,0.1988623304478763,0,0.0,1.3466644287109375,2.500431060791016,0.0,0.0,1.8913534879684448,0.7285753488540649,2.194664001464844,0.7176852226257324,0.0,0.0,0.0,0.0,0.1831168532371521,2.350654602050781,1.3240028619766235,0.1040843427181243,0.0,2.5506513118743896,0.0,0.0,0.0,0.0,2.1207985877990723,0.1175478845834732,0.3282370269298553,0.0,0.0,0.0,0.1593784093856811,0.0,3.323214054107666,0.0131337642669677,0.7960947751998901,0.0,0.0,0.0,0.0,0.0,0.1086064875125885,0.0,2.320172071456909,0.0,0.0,0.0,0.0456176847219467,0.0,0.0,2.4927124977111816,0.0,0.6844760775566101,0.0,0.0,0.0,0.0,0.0,1.6188081502914429,1.5039823055267334,0.0,0.7886804342269897,0.0,0.0,0.0,1.6420217752456665
final_train_00051,final_train,C1,97,early,0,early,0.3653598274439764,0.3091534376144409,0.9516648650169371,0.0338095016777515,0.0145256659016013,0.0483351349830627,0.2031027796734399,0,0.0,1.3477439880371094,2.484564304351806,0.0,0.0,1.8872437477111816,0.7253087162971497,2.1824302673339844,0.7328251600265503,0.0,0.0,0.0,0.0,0.1867885887622833,2.342643976211548,1.3066189289093018,0.0951129794120788,0.0,2.547518491744995,0.0,0.0,0.0,0.0,2.102804183959961,0.1219971477985382,0.3183349072933197,0.0,0.0,0.0,0.1589875221252441,0.0,3.292868137359619,0.0184366181492805,0.7831864953041077,0.0,0.0,0.0,0.0,0.0,0.1130238100886344,0.0,2.3172645568847656,0.0,0.0,0.0,0.0651649683713913,0.0,0.0,2.4688620567321777,0.0,0.6714396476745605,0.0,0.0,0.0,0.0,0.0,1.591475486755371,1.4895683526992798,0.0,0.7937471866607666,0.0,0.0,0.0,1.639695405960083
final_train_00052,final_train,C1,98,early,0,early,0.3653598274439764,0.3092960119247436,0.9511805772781372,0.0340624079108238,0.0147569980472326,0.0488194227218627,0.2047491456075614,0,0.0,1.3494417667388916,2.4810407161712646,0.0,0.0,1.8826045989990237,0.7284219861030579,2.176730155944824,0.7283703684806824,0.0,0.0,0.0,0.0,0.1725448668003082,2.3405652046203613,1.300233244895935,0.1034287512302398,0.0,2.543480396270752,0.0,0.0,0.0,0.0,2.0903897285461426,0.1228402554988861,0.3191239237785339,0.0,0.0,0.0,0.1580210924148559,0.0,3.2774620056152344,0.023203358054161,0.7764809727668762,0.0,0.0,0.0,0.0,0.0,0.120456762611866,0.0,2.3148179054260254,0.0,0.0,0.0,0.0693235099315643,0.0,0.0,2.456913471221924,0.0,0.666092038154602,0.0,0.0,0.0,0.0,0.0,1.5886112451553345,1.485253095626831,0.0,0.795127272605896,0.0,0.0,0.0,1.6378173828125
final_train_00053,final_train,C1,99,early,0,early,0.3653598274439764,0.3111666440963745,0.9493690729141236,0.0354209616780281,0.0152099449187517,0.0506309270858764,0.2105518663143127,0,0.0,1.335400104522705,2.459851026535034,0.0,0.0,1.879466891288757,0.7275606989860535,2.153930902481079,0.7341537475585938,0.0,0.0,0.0,0.0,0.1656162142753601,2.3263158798217773,1.2875380516052246,0.1100947856903076,0.0038602724671363,2.5318703651428223,0.0,0.0,0.0,0.0,2.061966896057129,0.1100083887577056,0.3157552182674408,0.0,0.0,0.0,0.151526927947998,0.0,3.2428183555603027,0.0267863646149635,0.7583906650543213,0.0,0.0,0.0,0.0,0.0,0.113365538418293,0.0,2.305458068847656,0.0,0.0,0.0,0.0969521403312683,0.0,0.0,2.42230224609375,0.0,0.670586884021759,0.0,0.0,0.0,0.0058680400252342,0.0,1.5640411376953125,1.46348774433136,0.0,0.7911611795425415,0.0,0.0,0.0,1.6284277439117432
final_train_00054,final_train,C1,100,early,0,early,0.3653598274439764,0.3126412630081177,0.9480066299438475,0.0363400094211101,0.0156534202396869,0.0519933700561523,0.2149540210346952,0,0.0,1.323246955871582,2.446630954742432,0.0,0.0,1.876848816871643,0.7314936518669128,2.135629892349243,0.7247025966644287,0.0,0.0,0.0,0.0,0.1551428139209747,2.315985918045044,1.2794123888015747,0.1211988627910614,0.0150741189718246,2.515139102935791,0.0,0.0,0.0,0.0,2.0369489192962646,0.1075007915496826,0.3163057267665863,0.0,0.0,0.0,0.1512922644615173,0.0,3.219266414642334,0.0305164158344268,0.7452588081359863,0.0,0.0,0.0,0.0,0.0,0.1149802953004837,0.0,2.295162916183472,0.0,0.0,0.0,0.1115504950284957,0.0,0.0,2.401791572570801,0.0,0.6726545095443726,0.0,0.0,0.0,0.0162447430193424,0.0,1.554161548614502,1.4441256523132324,0.0,0.7827304601669312,0.0,0.0,0.0,1.6192026138305664
final_train_00055,final_train,C1,101,early,0,early,0.3653598274439764,0.3157617151737213,0.9446915984153748,0.0387916043400764,0.0165168046951293,0.0553084015846252,0.225356911771245,0,0.0,1.2905811071395874,2.4163076877593994,0.0,0.0,1.8676872253417969,0.7314016222953796,2.097747564315796,0.7220182418823242,0.0,0.0,0.0,0.0,0.1532506495714187,2.2931385040283203,1.25656259059906,0.1278775781393051,0.0319389328360557,2.4879307746887207,0.0,0.0,0.0,0.0,1.991617441177368,0.0914398804306984,0.3085999190807342,0.0,0.0,0.0,0.1410292983055114,0.0,3.15945816040039,0.0230000540614128,0.7212571501731873,0.0,0.0,0.0,0.0,0.0,0.1131026074290275,0.0,2.2716219425201416,0.0,0.0,0.0,0.143107607960701,0.0,0.0,2.3592658042907715,0.0,0.6818882822990417,0.0,0.0,0.0,0.0342911556363105,0.0,1.5153518915176392,1.4027390480041504,0.0,0.7670299410820007,0.0,0.0,0.0,1.5903050899505615
final_train_00056,final_train,C1,102,early,0,early,0.3653598274439764,0.3176044225692749,0.9435130953788756,0.0392297692596912,0.0172570738941431,0.0564869046211242,0.2293391367718162,0,0.0,1.2824270725250244,2.403278350830078,0.0,0.0,1.8613454103469849,0.7323958277702332,2.085222005844116,0.6934572458267212,0.0,0.0,0.0,0.0,0.1393894255161285,2.2789149284362797,1.2316964864730835,0.1402227282524109,0.0251048132777214,2.458240509033203,0.0,0.0,0.0,0.0,1.9622175693511963,0.1021509021520614,0.303489089012146,0.0,0.0,0.0,0.1459377706050872,0.0,3.138655424118042,0.0283680185675621,0.7237564921379089,0.0,0.0,0.0,0.0,0.0,0.1310138404369354,0.0,2.2549855709075928,0.0,0.0,0.0,0.1292750239372253,0.0,0.0,2.3357625007629395,0.0,0.6636777520179749,0.0,0.0,0.0,0.0376836583018302,0.0,1.5046626329421997,1.3939669132232666,0.0,0.7503977417945862,0.0,0.0,0.0,1.5799784660339355
final_train_00057,final_train,C1,103,early,0,early,0.3653598274439764,0.3209513425827026,0.93910950422287,0.0423763990402221,0.0185140185058116,0.0608904957771301,0.2428638577464534,0,0.0,1.245677471160889,2.364466667175293,0.0,0.0,1.847174882888794,0.7154884338378906,2.038043260574341,0.6875467896461487,0.0,0.0,0.0,0.0,0.1336552649736404,2.2428619861602783,1.198782205581665,0.1448962837457656,0.0301043391227722,2.422226905822754,0.0058840997517108,0.0,0.0,0.0,1.908080458641052,0.0802854150533676,0.2909868955612182,0.0,0.0,0.0,0.133939653635025,0.0,3.059473991394043,0.0271049588918685,0.7056704163551331,0.0,0.0,0.0,0.0,0.0,0.122994840145111,0.0,2.2145938873291016,0.0,0.0,0.0,0.1504240483045578,0.0,0.0,2.2763442993164062,0.0,0.6716415286064148,0.0,0.0,0.0,0.0453495271503925,0.0,1.455668807029724,1.3425798416137695,0.0,0.7328345775604248,0.0,0.0,0.0,1.5479586124420166
final_train_00058,final_train,C1,104,early,0,early,0.3653598274439764,0.3234797120094299,0.9372488856315612,0.0432866364717483,0.019464436918497,0.0627511143684387,0.2487953107843006,0,0.0,1.2361994981765747,2.341870784759521,0.0,0.0,1.8350400924682615,0.7063236236572266,2.0207769870758057,0.653724730014801,0.0,0.0,0.0,0.0,0.1222519725561142,2.217183351516724,1.175091028213501,0.1490766853094101,0.0216894149780273,2.381098747253418,0.0210220292210578,0.0,0.0,0.0,1.8743144273757932,0.0748741775751113,0.2813243269920349,0.0,0.0,0.0,0.1397505402565002,0.0,3.024214744567871,0.0278947800397872,0.7062695622444153,0.0,0.0,0.0,0.0,0.0,0.1220998466014862,0.0,2.185033798217773,0.0,0.0,0.0,0.1296297758817672,0.0,0.0,2.2472033500671387,0.0,0.6635826826095581,0.0,0.0,0.0,0.0438459515571594,0.0,1.433635711669922,1.325948715209961,0.0,0.7140737175941467,0.0,0.0,0.0,1.5218385457992554
final_train_00059,final_train,C1,105,early,0,early,0.3653598274439764,0.3291017115116119,0.930246114730835,0.048336736857891,0.0214171409606933,0.069753885269165,0.2694488541703473,0,0.0,1.1910467147827148,2.267643451690674,0.0,0.0,1.805654525756836,0.6669453978538513,1.958755612373352,0.6440827250480652,0.0,0.0,0.0,0.0,0.1163808330893516,2.15765118598938,1.1276227235794067,0.1370754241943359,0.0173829197883605,2.3288161754608154,0.0218243598937988,0.0,0.0,0.0,1.802909255027771,0.0366037152707576,0.2526082694530487,0.0,0.0,0.0,0.1256995797157287,0.0,2.9105703830718994,0.023444652557373,0.6802887320518494,0.0,0.0,0.0,0.0,0.0,0.0872144773602485,0.0,2.126264333724976,0.0,0.0,0.0,0.1471849083900451,0.0,0.0,2.1557583808898926,0.0,0.6619260907173157,0.0,0.0,0.0,0.0399467013776302,0.0,1.353468656539917,1.262515425682068,0.0,0.7023167610168457,0.0,0.0,0.0,1.4682600498199463
final_train_00060,final_train,C1,106,early,0,early,0.3653598274439764,0.3311344087123871,0.9293232560157776,0.048538826406002,0.0221379362046718,0.0706767439842224,0.2724553936261867,0,0.0,1.183848857879639,2.2454097270965576,0.0,0.0,1.792759656906128,0.6593659520149231,1.9564718008041384,0.6130577921867371,0.0,0.0,0.0,0.0,0.1053965389728546,2.1327974796295166,1.1185126304626465,0.1369017362594604,0.0145682096481323,2.3034918308258057,0.0291703194379806,0.0,0.0,0.0,1.779323697090149,0.0373604036867618,0.2508682012557983,0.0,0.0,0.0,0.1337475180625915,0.0,2.9015088081359863,0.0257579460740089,0.6894966959953308,0.0,0.0,0.0,0.0,0.0,0.0862545818090438,0.0,2.098439216613769,0.0,0.0,0.0,0.1200343370437622,0.0,0.0,2.137688159942627,0.0,0.6529544591903687,0.0,0.0,0.0,0.0335776731371879,0.0,1.3463298082351685,1.2635585069656372,0.0,0.7006362676620483,0.0,0.0,0.0,1.4496616125106812
final_train_00061,final_train,C1,107,early,0,early,0.3653598274439764,0.3360116481781006,0.9235761165618896,0.0526519417762756,0.0237719677388668,0.0764238834381103,0.2888421472338315,0,0.0,1.150067925453186,2.184295415878296,0.0,0.0,1.768784523010254,0.6344321966171265,1.9054813385009768,0.6054851412773132,0.0,0.0,0.0,0.0,0.1026251092553138,2.081646680831909,1.0867797136306765,0.1299436837434768,0.021512858569622,2.2615153789520264,0.0262807160615921,0.0,0.0,0.0,1.7228496074676514,0.0088262110948562,0.2332661151885986,0.0,0.0,0.0,0.1204333677887916,0.0,2.825723648071289,0.0227683410048484,0.674606204032898,0.0,0.0,0.0,0.0,0.0,0.057884644716978,0.0,2.048309564590454,0.0,0.0,0.0,0.1345988512039184,0.0,0.0,2.071551322937012,0.0,0.664900004863739,0.0,0.0,0.0,0.033944733440876,0.0,1.3004056215286257,1.22013521194458,0.0,0.6934239268302917,0.0,0.0,0.0,1.4132840633392334
final_train_00062,final_train,C1,108,early,0,early,0.3653598274439764,0.3380531668663025,0.92128723859787,0.0543079152703285,0.0244047343730926,0.0787127614021301,0.2952343564920272,0,0.0,1.1341770887374878,2.164292097091675,0.0,0.0,1.750902533531189,0.6203340291976929,1.8917838335037231,0.6042316555976868,0.0,0.0,0.0,0.0,0.1113116443157196,2.060368776321411,1.074415922164917,0.1163730844855308,0.0240420848131179,2.245452404022217,0.0230528935790061,0.0,0.0,0.0,1.6989628076553345,0.0003149211406707,0.2291973978281021,0.0,0.0,0.0,0.1176736578345298,0.0,2.7966647148132324,0.0216416865587234,0.6755335927009583,0.0,0.0,0.0,0.0,0.0,0.0447088554501533,0.0,2.023679494857788,0.0,0.0,0.0,0.1322698295116424,0.0,0.0,2.044122695922852,0.0,0.6657730937004089,0.0,0.0,0.0,0.0298805795609951,0.0,1.283236742019653,1.20980966091156,0.0,0.6913163661956787,0.0,0.0,0.0,1.4001177549362185
final_train_00063,final_train,C1,109,early,0,early,0.3653598274439764,0.3362202048301697,0.9239901304244996,0.0521562397480011,0.0238536186516284,0.0760098695755004,0.2878193416682139,0,0.0,1.1459136009216309,2.1913609504699707,0.0,0.0,1.7573269605636597,0.6304218173027039,1.9084514379501345,0.5980440378189087,0.0,0.0,0.0,0.0,0.1110981181263923,2.076173782348633,1.0886422395706177,0.1192735135555267,0.0097015723586082,2.246001720428467,0.0271668583154678,0.0,0.0,0.0,1.735355019569397,0.0019252225756645,0.2338388413190841,0.0,0.0,0.0,0.1222909912467002,0.0,2.8261516094207764,0.0288381502032279,0.6885817050933838,0.0,0.0,0.0,0.0,0.0,0.049661211669445,0.0,2.0381078720092773,0.0,0.0,0.0,0.1115711331367492,0.0,0.0,2.0679945945739746,0.0,0.654573917388916,0.0,0.0,0.0,0.0272061005234718,0.0,1.2985180616378784,1.236466646194458,0.0,0.6817626953125,0.0,0.0,0.0,1.4123985767364502
final_train_00064,final_train,C1,110,early,0,early,0.3653598274439764,0.3350599110126495,0.9259225130081176,0.0506847202777862,0.0233927033841609,0.0740774869918823,0.2824100880558425,0,0.0,1.159359097480774,2.213575839996338,0.0,0.0,1.7614072561264038,0.635062038898468,1.9253231287002563,0.595959484577179,0.0,0.0,0.0,0.0,0.1082578748464584,2.083461046218872,1.0991474390029907,0.120016798377037,0.0054313838481903,2.25264573097229,0.0269837602972984,0.0,0.0,0.0,1.75092351436615,0.0041563361883163,0.2370031327009201,0.0,0.0,0.0,0.1290732026100158,0.0,2.8488311767578125,0.0304121077060699,0.7011010050773621,0.0,0.0,0.0,0.0,0.0,0.0538828037679195,0.0,2.04738450050354,0.0,0.0,0.0,0.0966333299875259,0.0,0.0,2.0830793380737305,0.0,0.6537469029426575,0.0,0.0,0.0,0.0218013003468513,0.0,1.3128646612167358,1.2543834447860718,0.0,0.6817265748977661,0.0,0.0,0.0,1.4233733415603638
final_train_00065,final_train,C1,111,early,0,early,0.3653598274439764,0.3341628611087799,0.926015317440033,0.051419910043478,0.0225647501647472,0.073984682559967,0.2815636909506856,0,0.0,1.1509416103363037,2.2257916927337646,0.0,0.0,1.7638591527938845,0.6081566214561462,1.933374285697937,0.6263383626937866,0.0,0.0,0.0,0.0,0.1261176019906997,2.090648412704468,1.117518663406372,0.093355692923069,0.0098468288779258,2.2809877395629883,0.0102603584527969,0.0,0.0,0.0,1.764527440071106,0.0,0.2289805561304092,0.0,0.0,0.0,0.1256385743618011,0.0,2.851994276046753,0.0223953053355216,0.6887189745903015,0.0,0.0,0.0,0.0,0.0,0.0289267767220735,0.0,2.0552704334259038,0.0,0.0,0.0,0.1156969517469406,0.0,0.0,2.090650081634521,0.0,0.6702273488044739,0.0,0.0,0.0,0.0207183621823787,0.0,1.3051711320877075,1.2467198371887207,0.0,0.6938390135765076,0.0,0.0,0.0,1.4329373836517334
final_train_00066,final_train,C1,112,early,0,early,0.3653598274439764,0.3335143029689789,0.9254602789878844,0.0529075786471366,0.0216321386396884,0.0745397210121154,0.2822877170632024,0,0.0,1.1377726793289185,2.235565185546875,0.0,0.0,1.7731696367263794,0.5911762118339539,1.931961297988892,0.6799910068511963,0.0,0.0,0.0,0.0,0.148167073726654,2.1036531925201416,1.1431020498275757,0.0723929777741432,0.0349353402853012,2.3165507316589355,0.0,0.0,0.0,0.0,1.7734805345535278,0.0,0.2262652665376663,0.0,0.0,0.0,0.1185772940516471,0.0,2.852811098098755,0.0168012455105781,0.6709706783294678,0.0,0.0,0.0,0.0,0.0,0.0,0.0,2.070990085601806,0.0,0.0,0.0,0.1646300703287124,0.0,0.0,2.0934548377990723,0.0,0.7109850645065308,0.0,0.0,0.0,0.0278383791446685,0.0,1.2966883182525637,1.2315514087677002,0.0,0.711399257183075,0.0,0.0,0.0,1.4496318101882937
final_train_00067,final_train,C1,113,early,0,early,0.3653598274439764,0.3355473577976227,0.9175623059272766,0.0606707632541656,0.021766897290945,0.0824376940727233,0.302444642013811,0,0.0,1.0851551294326782,2.1915690898895264,0.0,0.0,1.7539360523223877,0.5477544069290161,1.8793537616729736,0.7783728837966919,0.0,0.0,0.0,0.0039557069540023,0.1977858245372772,2.100784540176392,1.1522216796875,0.0272798836231231,0.0967043116688728,2.360603809356689,0.0,0.0,0.0,0.0,1.7322229146957395,0.0,0.206601932644844,0.0,0.0,0.0,0.0945503935217857,0.0,2.7762465476989746,0.0,0.6115854382514954,0.0,0.0,0.0,0.0,0.0,0.0,0.0,2.061272382736206,0.0,0.0,0.0,0.2810718417167663,0.0,0.0,2.0362443923950195,0.0,0.7765501141548157,0.0,0.0,0.0,0.0390331298112869,0.0,1.2337337732315063,1.1658624410629272,0.0,0.7351495623588562,0.0,0.0,0.0,1.453519582748413
final_train_00068,final_train,C1,114,early,0,early,0.3653598274439764,0.3362325429916382,0.9128262996673584,0.0657634437084198,0.0214102771133184,0.0871737003326416,0.3136183804840918,0,0.0,1.056738257408142,2.178448438644409,0.0,0.0,1.7464758157730105,0.53041011095047,1.8594012260437007,0.8495880961418152,0.0,0.0,0.0,0.0425625145435333,0.2294804751873016,2.113411903381348,1.1699943542480469,0.0040801167488098,0.1480326950550079,2.40220308303833,0.0,0.0,0.0,0.0,1.709302306175232,0.0,0.2088246643543243,0.0,0.0,0.0,0.0841648206114769,0.0,2.74129056930542,0.0,0.5834189653396606,0.0,0.0,0.0,0.0,0.0,0.0,0.0,2.062378168106079,0.0,0.0,0.0,0.3608851432800293,0.0,0.0,2.015345573425293,0.0,0.832893431186676,0.0,0.0,0.0,0.048313096165657,0.0,1.2157098054885864,1.128160834312439,0.0,0.7583703398704529,0.0,0.0,0.0,1.461798906326294
final_train_00069,final_train,C1,115,early,0,early,0.3653598274439764,0.337738424539566,0.8943700790405273,0.0830433890223503,0.0225865133106708,0.1056299209594726,0.3569048607875459,0,0.0,0.9785885214805604,2.098097324371338,0.0,0.0,1.7055288553237915,0.4780520796775818,1.7758138179779053,0.9413539171218872,0.0,0.0,0.0,0.1127935126423835,0.2917227745056152,2.1076221466064453,1.1678022146224976,0.0,0.213818222284317,2.44339919090271,0.0,0.0,0.0953351482748985,0.0,1.6376324892044067,0.0,0.1817274242639541,0.0,0.0,0.0,0.0551702901721,0.0,2.601154327392578,0.0,0.5104061961174011,0.0,0.0,0.0,0.0,0.0,0.0,0.0,2.030423164367676,0.0,0.0,0.0,0.4971338510513305,0.0588568523526191,0.0,1.9299654960632324,0.0,0.8961125612258911,0.0,0.0,0.0,0.0385530479252338,0.0,1.1267927885055542,1.013583779335022,0.0,0.7770856022834778,0.0,0.0,0.0,1.4457285404205322
final_train_00070,final_train,C1,116,early,0,early,0.3653598274439764,0.3350794911384582,0.8638225793838501,0.1119336485862732,0.0242437198758125,0.1361774206161499,0.4203009832572655,0,0.0,0.8992807269096375,2.001075267791748,0.0,0.0,1.6538065671920776,0.4109445810317993,1.6895133256912231,1.0437419414520264,0.0,0.0,0.0,0.1910632848739624,0.3612229228019714,2.094258546829224,1.163644313812256,0.0,0.2832559049129486,2.485461473464966,0.0,0.0,0.2026660293340683,0.0,1.5595602989196775,0.0,0.1564385741949081,0.0,0.0,0.0,0.0273901000618934,0.0,2.442762851715088,0.0,0.4440643191337585,0.0,0.0,0.0336522161960601,0.0,0.0,0.0,0.0,1.982133865356445,0.0,0.1019716709852218,0.0,0.642411470413208,0.1537577807903289,0.0,1.8324707746505735,0.0,0.9637136459350586,0.0,0.0,0.0,0.0202906057238578,0.0896932259202003,1.03735613822937,0.8889880180358887,0.0,0.7933869957923889,0.0,0.0,0.0,1.4246236085891724
final_train_00071,final_train,C1,117,middle,1,early,0.3653750407856588,0.3337719738483429,0.7787940502166748,0.1929503977298736,0.0282555092126131,0.2212059497833252,0.5579248650070024,1,0.0777124464511871,0.7438123822212219,1.8078224658966064,0.0,0.0,1.5463707447052002,0.3081683218479156,1.5029332637786863,1.1802923679351809,0.0,0.0,0.0,0.3320648372173309,0.474826842546463,2.0523841381073,1.136587142944336,0.0,0.387377381324768,2.510626792907715,0.0,0.0,0.4080897569656372,0.0,1.412411093711853,0.0,0.0970897004008293,0.0,0.0,0.0,0.0,0.0,2.138192892074585,0.0,0.3214482367038727,0.0,0.0,0.1325776576995849,0.0,0.0808961391448974,0.0,0.0242949128150939,1.892625451087952,0.0,0.2921441793441772,0.0,0.8810973763465881,0.3009914755821228,0.0,1.660767674446106,0.0,1.0545270442962646,0.0,0.0,0.0,0.0,0.2812945246696472,0.8505287170410156,0.6636600494384766,0.0,0.8016389608383179,0.0,0.0,0.0,1.3693963289260864
final_train_00072,final_train,C1,118,middle,1,early,0.3657507629788943,0.3352830111980438,0.6625012755393982,0.306147962808609,0.031350765377283,0.3374987244606018,0.6769534015426251,1,0.1625886708498001,0.6162642240524292,1.6190873384475708,0.0,0.0185402762144804,1.4395300149917605,0.2110947072505951,1.3382102251052856,1.3176743984222412,0.0,0.0,0.0,0.4731341898441314,0.5868419408798218,2.007842540740967,1.0943052768707275,0.0,0.5021466612815857,2.533577442169189,0.0,0.0,0.5974751710891724,0.0,1.2665778398513794,0.0,0.0529659651219844,0.0,0.0,0.0,0.0,0.0,1.8686436414718628,0.0,0.2226132601499557,0.0,0.0,0.2005653083324432,0.0,0.1917838454246521,0.0,0.1339073628187179,1.783532977104187,0.0,0.4683372676372528,0.0,1.1009474992752075,0.4395413994789123,0.0,1.474790096282959,0.0,1.143741488456726,0.0,0.0,0.0,0.0,0.4464327991008758,0.692219614982605,0.4762581586837768,0.0,0.8220311999320984,0.0043568052351474,0.0,0.0,1.3200746774673462
final_train_00073,final_train,C1,119,middle,1,middle,0.3664791357373907,0.3358680307865143,0.4432379305362701,0.5240942239761353,0.0326678417623043,0.4759057760238647,0.738219737046447,0,0.2722398340702057,0.4139587581157684,1.310413122177124,0.0,0.118522010743618,1.284196376800537,0.0601824522018432,1.0812864303588867,1.4885579347610474,0.0,0.0,0.0,0.671852171421051,0.7265544533729553,1.931482553482056,1.0505757331848145,0.0,0.6457380652427673,2.516505479812622,0.0,0.0,0.8620126843452454,0.0,1.0608971118927002,0.0,0.0,0.0,0.0,0.0,0.0,0.0,1.4403778314590454,0.0,0.0844883322715759,0.0,0.0,0.314200609922409,0.0,0.3649461269378662,0.0,0.2984764277935028,1.6178420782089231,0.0,0.7208016514778137,0.0,1.4060494899749756,0.6339647769927979,0.0,1.2225663661956787,0.0792737603187561,1.2924631834030151,0.0,0.0,0.0,0.0,0.6635627746582031,0.4512006342411041,0.1788898259401321,0.0,0.8217505216598511,0.1456377059221267,0.0,0.0,1.195059895515442
final_train_00074,final_train,C1,120,middle,1,middle,0.3675522118110934,0.3420498371124267,0.2412672936916351,0.7288496494293213,0.0298830717802047,0.2711503505706787,0.6175750678888948,0,0.3966763019561767,0.2248570621013641,0.9948292970657348,0.0,0.2433594316244125,1.109868049621582,0.0,0.7977049350738525,1.634575605392456,0.0,0.1401648074388504,0.0,0.8875901699066162,0.8683838844299316,1.8497579097747805,0.970348596572876,0.0,0.80353182554245,2.473851203918457,0.0,0.0,1.150917887687683,0.0,0.8469770550727844,0.0,0.0,0.0,0.0,0.0,0.0,0.0,1.009693264961243,0.0,0.0,0.0,0.0,0.4045180976390838,0.0,0.5328099727630615,0.0,0.4839555025100708,1.42279314994812,0.0,0.988463282585144,0.0,1.7149111032485962,0.814235270023346,0.0,0.9268896579742432,0.1790288239717483,1.3975450992584229,0.0,0.0,0.0,0.0,0.8832763433456421,0.2017689645290374,0.0,0.0,0.8282867670059204,0.2876631915569305,0.0,0.0,1.0470890998840332
final_train_00075,final_train,C1,121,middle,1,middle,0.3689619779672225,0.3546786904335022,0.1168332993984222,0.8578136563301086,0.0253529641777277,0.1421863436698913,0.4328843075221735,0,0.5233973860740662,0.0244961380958557,0.6523394584655762,0.0,0.374152660369873,0.9201124310493468,0.0,0.4782401919364929,1.7678760290145874,0.0,0.3256129324436188,0.0,1.0968892574310305,1.004156231880188,1.7628748416900637,0.8590626120567322,0.0,0.9721375107765198,2.392275094985962,0.0,0.0,1.432976007461548,0.0,0.6184664964675903,0.0,0.0,0.0,0.0,0.0,0.0,0.0,0.5604340434074402,0.0,0.0,0.0,0.0,0.4799320697784424,0.0,0.6705443263053894,0.0,0.6837485432624817,1.205940008163452,0.0,1.2514772415161133,0.0,2.018695831298828,0.9942078590393066,0.0,0.604993462562561,0.2755950093269348,1.485700011253357,0.0,0.0,0.0,0.0,1.0873298645019531,0.0,0.0,0.0,0.8395717740058899,0.4254622459411621,0.0,0.0,0.8720507621765137
final_train_00076,final_train,C1,122,middle,1,middle,0.3707003775266679,0.3630933761596679,0.0696430504322052,0.908245086669922,0.022111902013421,0.0917549133300781,0.3251812049990271,0,0.6015284657478333,0.0,0.4189620912075043,0.0,0.4753786027431488,0.7911368012428284,0.0,0.2436909079551696,1.8627924919128416,0.0,0.4444859623908996,0.0,1.2322864532470703,1.1006841659545898,1.6957236528396606,0.7520987391471863,0.0,1.1092458963394165,2.3253982067108154,0.0,0.0,1.609661340713501,0.0,0.4449792206287384,0.0,0.0,0.0,0.0,0.0140948742628097,0.0,0.0,0.2670351862907409,0.0,0.0,0.0,0.0,0.5139296650886536,0.0,0.7569913864135742,0.0,0.8230161666870117,1.0497832298278809,0.0,1.4270790815353394,0.0,2.2197093963623047,1.1197543144226074,0.0,0.370214432477951,0.3478989005088806,1.5447977781295776,0.0,0.0,0.0,0.0,1.2258412837982178,0.0,0.0,0.0,0.8480663299560547,0.4943234622478485,0.0,0.0,0.7603652477264404
final_train_00077,final_train,C1,123,middle,1,middle,0.3727593324440388,0.3679217994213104,0.0560726523399353,0.9229430556297302,0.0209843590855598,0.0770569443702697,0.2882209876263227,0,0.6321563720703125,0.0,0.3202706575393677,0.0,0.510854959487915,0.7331694960594177,0.0,0.1406677067279815,1.902703166007996,0.0,0.5003330111503601,0.0,1.2802166938781738,1.1312178373336792,1.6691542863845823,0.7045533657073975,0.0,1.1761741638183594,2.2906360626220703,0.0,0.0,1.6804946660995483,0.0,0.3674305975437164,0.0,0.0,0.0,0.0,0.0480147637426853,0.0,0.0,0.1486058384180069,0.0,0.0,0.0,0.0,0.5261154174804688,0.0,0.7850778102874756,0.0,0.8859205842018127,0.9838905930519104,0.0,1.4956817626953125,0.0,2.302131175994873,1.1703697443008425,0.0,0.2649856805801391,0.3710841238498688,1.5678850412368774,0.0,0.0,0.0,0.0,1.2776589393615725,0.0,0.0,0.0,0.8454475998878479,0.5114901065826416,0.0,0.0,0.7165122628211975
final_train_00078,final_train,C1,124,middle,1,middle,0.3751155514960781,0.371532142162323,0.0496843829751014,0.929915726184845,0.0203999206423759,0.070084273815155,0.2695452372643066,0,0.6419215202331543,0.0,0.2630769312381744,0.0,0.5288758277893066,0.7015426158905029,0.0,0.0788365453481674,1.933659315109253,0.0,0.5315378308296204,0.0,1.305716037750244,1.157026767730713,1.6555638313293457,0.6754264235496521,0.0,1.212623953819275,2.269428968429565,0.0,0.0,1.7177190780639648,0.0,0.3261138200759887,0.0,0.0,0.0045646727085113,0.0,0.0758728086948394,0.0,0.0,0.09330515563488,0.0,0.0,0.0,0.0,0.5186153054237366,0.0,0.8043729066848755,0.0,0.9271774888038636,0.9472055435180664,0.0,1.5386885404586792,0.0,2.346935510635376,1.1913180351257324,0.0,0.2040252834558487,0.3801327645778656,1.5813246965408323,0.0,0.0,0.0,0.0,1.3046129941940308,0.0,0.0,0.0,0.832961916923523,0.5352461338043213,0.0,0.0,0.7050017714500427
final_train_00079,final_train,C1,125,middle,1,middle,0.3774156825406091,0.3738588094711303,0.0435369834303855,0.936690866947174,0.0197721067816019,0.0633091330528259,0.2505780860592535,0,0.6638228893280029,0.0,0.2113276124000549,0.0,0.5418941378593445,0.6618769764900208,0.0,0.0201518237590789,1.9460846185684204,0.0,0.5676999092102051,0.0,1.3379844427108765,1.170860767364502,1.6473631858825684,0.6540214419364929,0.0,1.2447409629821775,2.2375214099884038,0.0,0.0,1.7652990818023682,0.0,0.2839806675910949,0.0,0.0,0.0217556878924369,0.0,0.0861466154456138,0.0,0.0,0.0203594453632831,0.0,0.0,0.0,0.0,0.5247061252593994,0.0,0.8266841173171997,0.0,0.9800270795822144,0.9227315783500672,0.0,1.5914872884750366,0.0,2.397425651550293,1.2219310998916626,0.0,0.1499783396720886,0.3923952281475067,1.5788580179214478,0.0,0.0,0.0,0.0,1.3414509296417236,0.0,0.0,0.0,0.834932267665863,0.5586361885070801,0.0,0.0,0.6745672225952148
final_train_00080,final_train,C1,126,middle,1,middle,0.3796595689344793,0.3799400329589844,0.0391713790595531,0.9413602352142334,0.019468342885375,0.0586397647857666,0.2370979622719141,0,0.6736337542533875,0.0,0.157782956957817,0.0,0.5546615123748779,0.6223475337028503,0.0,0.0,1.9645090103149412,0.0,0.6011385321617126,0.0,1.3658255338668823,1.1864311695098877,1.6294676065444946,0.6212729215621948,0.0,1.277438998222351,2.196453094482422,0.0,0.0,1.799899339675903,0.0,0.2319665253162384,0.0,0.0,0.0360323265194892,0.0,0.1050817370414733,0.0,0.0,0.0,0.0,0.0,0.0,0.0,0.5117024779319763,0.0,0.8488225936889648,0.0,1.02480149269104,0.8905893564224243,0.0,1.642549753189087,0.0,2.443967342376709,1.2490551471710205,0.0,0.0930064618587493,0.410301923751831,1.5854750871658323,0.0,0.0,0.0,0.0,1.3656468391418457,0.0,0.0,0.0,0.8248154520988464,0.5794869661331177,0.0,0.0,0.657509982585907
final_train_00081,final_train,C1,127,middle,1,middle,0.3818472046633026,0.3851348459720611,0.0358599573373794,0.9451075196266174,0.0190324857831001,0.0548924803733825,0.2258335645559222,0,0.6822559237480164,0.0,0.111562579870224,0.0,0.5722405910491943,0.5937090516090393,0.0,0.0,1.9835326671600344,0.0,0.6368260383605957,0.0,1.3924981355667114,1.1976853609085083,1.6194820404052734,0.597384512424469,0.0,1.313465595245361,2.175898551940918,0.0,0.0,1.8321341276168823,0.0,0.1839904338121414,0.0,0.0,0.039635345339775,0.0,0.1190823763608932,0.0,0.0,0.0,0.0,0.0,0.0,0.0,0.5113565325737,0.0,0.866239070892334,0.0,1.0639760494232178,0.8634893894195557,0.0,1.684622883796692,0.0,2.4858319759368896,1.271090745925903,0.0,0.0501543171703815,0.4254750311374664,1.6025803089141846,0.0,0.0,0.0,0.0,1.3860090970993042,0.0,0.0,0.0,0.8144739270210266,0.5914050936698914,0.0,0.0,0.6406207084655762
final_train_00082,final_train,C1,128,middle,1,middle,0.3839787307258092,0.391035795211792,0.0336485542356967,0.9473136067390442,0.0190378632396459,0.0526863932609558,0.219201306325465,0,0.6876189708709717,0.0,0.064737282693386,0.0,0.5802220702171326,0.557030439376831,0.0,0.0,1.9955116510391235,0.0,0.65071702003479,0.0,1.4035825729370115,1.2114157676696775,1.6023094654083252,0.5603166818618774,0.0,1.3385615348815918,2.13644814491272,0.0,0.0,1.8483529090881348,0.0,0.14284548163414,0.0,0.0,0.0483521036803722,0.0,0.1285968124866485,0.0,0.0,0.0,0.0,0.0,0.0,0.0,0.4934014678001404,0.0,0.8712209463119507,0.0,1.0894594192504885,0.8386471271514893,0.0,1.718686580657959,0.0,2.510983228683472,1.2871322631835938,0.0,0.0036602988839149,0.4373448491096496,1.603446364402771,0.0,0.0,0.0,0.0,1.403181552886963,0.0,0.0,0.0,0.7942298054695129,0.600875735282898,0.0,0.0,0.6274102926254272
final_train_00083,final_train,C1,129,middle,1,middle,0.3860544313543751,0.4075583219528198,0.0293450001627206,0.9508320093154908,0.0198230314999818,0.0491679906845092,0.2086368457303108,0,0.6632118225097656,0.0,0.0,0.0,0.5768574476242065,0.4887826442718506,0.0,0.0,2.105689764022827,0.0,0.7570431232452393,0.0,1.4459351301193235,1.243658185005188,1.5592806339263916,0.5100289583206177,0.0,1.367229700088501,2.0306546688079834,0.0,0.0,1.87106192111969,0.0,0.0581179335713386,0.0,0.0,0.0942013561725616,0.0,0.2168389558792114,0.0,0.0,0.0,0.0,0.0,0.0,0.0,0.4201016724109649,0.0,0.956448256969452,0.0,1.1634771823883057,0.778500497341156,0.0,1.79719340801239,0.0537076331675052,2.5781443119049072,1.3365470170974731,0.0,0.0,0.4924616515636444,1.5793416500091553,0.0,0.0,0.0,0.0,1.3821730613708496,0.0,0.0,0.0,0.7428898215293884,0.6085612177848816,0.0,0.0,0.6677719354629517
final_train_00084,final_train,C1,130,middle,1,middle,0.3880747301185457,0.4053619801998138,0.0293158628046512,0.9514660239219666,0.0192180350422859,0.0485339760780334,0.2064045720408054,0,0.662726640701294,0.0,0.0,0.0,0.606252133846283,0.4620697796344757,0.0,0.0,2.1563832759857178,0.0,0.7390280365943909,0.0,1.46246337890625,1.2198338508605957,1.5881110429763794,0.4809648692607879,0.0,1.3803759813308716,2.054882287979126,0.0,0.0,1.8508504629135127,0.0,0.0315628759562969,0.0,0.0,0.0801545530557632,0.0,0.1931884586811065,0.0,0.0,0.0,0.0,0.0,0.0,0.0,0.4081428647041321,0.0,0.9178916215896606,0.0,1.161011815071106,0.8092735409736633,0.0,1.7972633838653564,0.0361988060176372,2.5842926502227783,1.3676286935806274,0.0,0.0,0.4715685546398163,1.6108042001724243,0.0,0.0,0.0,0.0,1.3750882148742676,0.0,0.0,0.0,0.7403571009635925,0.5763729214668274,0.0,0.0,0.6629137992858887
final_train_00085,final_train,C1,131,middle,1,middle,0.3900401859466456,0.4099307060241699,0.0270630251616239,0.9539318680763244,0.0190051198005676,0.0460681319236755,0.1984274536172372,0,0.655220627784729,0.0,0.0,0.0,0.6171209216117859,0.4192740619182586,0.0,0.0,2.2124593257904053,0.0,0.7938027381896973,0.0,1.492380976676941,1.2374267578125,1.5880547761917114,0.4741843640804291,0.0,1.4040396213531494,2.0192067623138428,0.0,0.0,1.868646502494812,0.0,0.0,0.0,0.0,0.0996443703770637,0.0,0.2212229371070861,0.0,0.0,0.0,0.0,0.0,0.0,0.0,0.3924778997898102,0.0,0.9521408081054688,0.0,1.2191743850708008,0.7918997406959534,0.0,1.8468317985534668,0.079989805817604,2.6224570274353027,1.4168999195098877,0.0,0.0,0.4908789396286011,1.6194827556610107,0.0,0.0,0.0,0.0,1.3660413026809692,0.0,0.0,0.0,0.7274903655052185,0.5868673324584961,0.0,0.0,0.659070611000061
final_train_00086,final_train,C1,132,middle,1,middle,0.3919514889601747,0.409759372472763,0.0262570884078741,0.954950749874115,0.0187922362238168,0.045049250125885,0.1950425976321674,0,0.6525698900222778,0.0,0.0,0.0,0.6254972815513611,0.3897896409034729,0.0,0.0,2.2326271533966064,0.0,0.8224257826805115,0.0,1.5061653852462769,1.229756474494934,1.5974410772323608,0.4635831117630005,0.0,1.424347162246704,2.004955530166626,0.0,0.0,1.875762701034546,0.0,0.0,0.0,0.0,0.1001656055450439,0.0,0.2143912017345428,0.0,0.0,0.0,0.0,0.0,0.0,0.0,0.3937296569347381,0.0,0.95081228017807,0.0,1.244877815246582,0.7905862331390381,0.0,1.8663126230239868,0.0800030827522277,2.626267194747925,1.4563381671905518,0.0,0.0,0.4993996620178222,1.6199113130569458,0.0,0.0,0.0,0.0,1.3624708652496338,0.0,0.0,0.0,0.73173588514328,0.5720272660255432,0.0,0.0,0.6428424715995789
final_train_00087,final_train,C1,133,middle,1,middle,0.3938094562847998,0.4119146764278412,0.0248221214860677,0.9565296173095704,0.0186482295393943,0.0434703826904296,0.1897957412593083,0,0.6613032221794128,0.0,0.0,0.0,0.6219850182533264,0.3618033528327942,0.0,0.0,2.242255687713623,0.0,0.8712337613105774,0.0,1.5188707113265991,1.243577003479004,1.5896683931350708,0.4731216132640838,0.0,1.4509294033050537,1.990861415863037,0.0,0.0,1.9153627157211304,0.0,0.0,0.0,0.0,0.1138925105333328,0.0,0.2364642322063446,0.0,0.0003821216523647,0.0,0.0,0.0,0.0,0.0,0.4018947780132293,0.0,0.9741591215133668,0.0,1.286715388298035,0.7603391408920288,0.0,1.8893543481826784,0.1060565039515495,2.6473889350891118,1.473494052886963,0.0,0.0,0.510324239730835,1.6142829656600952,0.0,0.0,0.0,0.0,1.3631266355514526,0.0,0.0,0.0,0.7344027161598206,0.5811410546302795,0.0,0.0,0.6365950107574463
final_train_00088,final_train,C1,134,middle,1,middle,0.3956150277677376,0.4132172763347626,0.0244362205266952,0.9569353461265564,0.0186284482479095,0.0430646538734436,0.1884393112971081,0,0.6633187532424927,0.0,0.0,0.0,0.6298313140869141,0.3575600683689117,0.0,0.0,2.2524333000183105,0.0,0.884548008441925,0.0,1.5332236289978027,1.2368558645248413,1.589289903640747,0.4621594846248626,0.0,1.4601192474365234,1.9805917739868164,0.0,0.0,1.9182943105697632,0.0,0.0,0.0,0.0,0.1139778494834899,0.0,0.242618441581726,0.0,0.0115983635187149,0.0,0.0,0.0,0.0,0.0,0.3962064087390899,0.0,0.9883800745010376,0.0,1.2912230491638184,0.754235565662384,0.0,1.903336524963379,0.1082069128751754,2.6501286029815674,1.4762479066848757,0.0,0.0,0.5171704292297363,1.6148295402526855,0.0,0.0,0.0,0.0,1.3627125024795532,0.0,0.0,0.0,0.7334979176521301,0.5713217258453369,0.0,0.0,0.642411470413208
final_train_00089,final_train,C1,135,middle,1,middle,0.3973692615664245,0.4161224067211151,0.0232801288366317,0.9581025838851928,0.0186172816902399,0.0418974161148071,0.1845137822341599,0,0.6629602313041687,0.0,0.0,0.0,0.6379179954528809,0.3353316485881805,0.0,0.0,2.260260343551636,0.0,0.920425832271576,0.0,1.556308031082153,1.2511307001113892,1.5814100503921509,0.4607673585414886,0.0,1.4847209453582764,1.957937479019165,0.0,0.0,1.952796459197998,0.0,0.0,0.0,0.0,0.1307060271501541,0.0,0.2615635693073272,0.0,0.022332664579153,0.0,0.0,0.0,0.0,0.0,0.3852534890174866,0.0,1.0196714401245115,0.0,1.326635718345642,0.7271373271942139,0.0,1.9373027086257932,0.1262510567903518,2.6581547260284424,1.4789773225784302,0.0,0.0,0.5246174335479736,1.603366494178772,0.0,0.0,0.0,0.0,1.3571157455444336,0.0,0.0,0.0,0.7212609648704529,0.5850055813789368,0.0,0.0,0.6494836807250977
final_train_00090,final_train,C1,136,middle,1,middle,0.3990733297137865,0.4158859848976135,0.0229225642979145,0.9587544798851012,0.0183229204267263,0.0412455201148986,0.1822431777504626,0,0.6656563878059387,0.0,0.0,0.0,0.6456923484802246,0.332619696855545,0.0,0.0,2.2658095359802246,0.0,0.9194157719612122,0.0,1.5632630586624146,1.250270128250122,1.5863224267959597,0.4463711977005005,0.0,1.49548077583313,1.9558513164520264,0.0,0.0,1.9594260454177856,0.0,0.0,0.0,0.0,0.1259891390800476,0.0,0.2600558400154114,0.0,0.026919562369585,0.0,0.0,0.0,0.0,0.0,0.3835379183292389,0.0,1.024621844291687,0.0,1.3352794647216797,0.7314628958702087,0.0,1.9466640949249268,0.1173607259988784,2.6681270599365234,1.486028790473938,0.0,0.0,0.5281742811203003,1.6156879663467407,0.0,0.0,0.0,0.0,1.368400812149048,0.0,0.0,0.0,0.7230910658836365,0.5775992274284363,0.0,0.0,0.6457791328430176
final_train_00091,final_train,C1,137,middle,1,middle,0.4007285136015975,0.4176861345767975,0.0221096854656934,0.9596492648124696,0.0182410553097724,0.0403507351875305,0.1791719398203499,0,0.6620614528656006,0.0,0.0,0.0,0.6467897891998291,0.3187169730663299,0.0,0.0,2.2798080444335938,0.0,0.9469241499900818,0.0,1.5739398002624512,1.2617336511611938,1.5841712951660156,0.4454884827136993,0.0,1.5110961198806765,1.9390010833740237,0.0,0.0,1.9796409606933596,0.0,0.0,0.0,0.0,0.1349313408136367,0.0,0.2764491736888885,0.0,0.0375919453799724,0.0,0.0,0.0,0.0,0.0,0.3767255842685699,0.0,1.0455127954483032,0.0,1.364915370941162,0.716566801071167,0.0,1.96812105178833,0.1303632855415344,2.6828346252441406,1.5006637573242188,0.0,0.0,0.5393365025520325,1.6170374155044556,0.0,0.0,0.0,0.0,1.36601722240448,0.0,0.0,0.0,0.7177672386169434,0.5849161744117737,0.0,0.0,0.6472473740577698
final_train_00092,final_train,C1,138,middle,1,middle,0.4023361994053349,0.4171173274517059,0.0217825304716825,0.9602433443069458,0.0179740935564041,0.0397566556930542,0.1770819756470028,0,0.6611490249633789,0.0,0.0,0.0,0.6572169661521912,0.314603716135025,0.0,0.0,2.2721407413482666,0.0,0.9425904154777528,0.0,1.5791584253311155,1.2638994455337524,1.5917516946792605,0.4385682642459869,0.0,1.526888728141785,1.93547797203064,0.0,0.0,1.9879822731018064,0.0,0.0,0.0,0.0,0.1306657344102859,0.0,0.2689314782619476,0.0,0.0353375412523746,0.0,0.0,0.0,0.0,0.0,0.3761942684650421,0.0,1.0484733581542969,0.0,1.3800230026245115,0.7181092500686646,0.0,1.9864513874053955,0.1221871525049209,2.6868958473205566,1.5002890825271606,0.0,0.0,0.5406021475791931,1.6214654445648191,0.0,0.0,0.0,0.0,1.3750770092010498,0.0,0.0,0.0,0.7136087417602539,0.5879216194152832,0.0,0.0,0.6379173398017883
final_train_00093,final_train,C1,139,middle,1,middle,0.4038978734973322,0.4167356193065643,0.0215850118547678,0.9606040120124816,0.0178109463304281,0.0393959879875183,0.1758089483930429,0,0.6619689464569092,0.0,0.0,0.0,0.6607666611671448,0.3104407787322998,0.0,0.0,2.2719972133636475,0.0,0.9458900094032288,0.0,1.5792206525802612,1.2629696130752563,1.599334955215454,0.4371212720870971,0.0,1.5368212461471558,1.9343953132629397,0.0,0.0,1.9905675649642944,0.0,0.0,0.0,0.0,0.1284490525722503,0.0,0.2667659521102905,0.0,0.0387347005307674,0.0,0.0,0.0,0.0,0.0,0.3778433203697204,0.0,1.0442277193069458,0.0,1.391545057296753,0.7194361686706543,0.0,1.9923515319824217,0.1202219873666763,2.6922199726104736,1.5036052465438845,0.0,0.0,0.5452815294265747,1.6308282613754272,0.0,0.0,0.0,0.0,1.3812930583953855,0.0,0.0,0.0,0.7128737568855286,0.5902901887893677,0.0,0.0,0.6310607194900513
final_train_00094,final_train,C1,140,middle,1,middle,0.4054151177780255,0.4165925681591034,0.0214443374425172,0.9607876539230348,0.0177680626511573,0.0392123460769653,0.1751667244814364,0,0.6613792777061462,0.0,0.0,0.0,0.6625717282295227,0.3075356781482696,0.0,0.0,2.264866352081299,0.0,0.9471784234046936,0.0,1.5745503902435305,1.2673245668411257,1.6019169092178345,0.4359880983829498,0.0,1.546278953552246,1.9287865161895752,0.0,0.0,1.994866967201233,0.0,0.0,0.0,0.0,0.1275261342525482,0.0,0.2661119103431701,0.0,0.0434971712529659,0.0,0.0,0.0,0.0,0.0,0.3805415332317352,0.0,1.0402846336364746,0.0,1.401649832725525,0.7146114110946655,0.0,1.9989501237869265,0.1184069514274597,2.6929609775543213,1.4986367225646973,0.0,0.0,0.5500694513320923,1.6340147256851196,0.0,0.0,0.0,0.0,1.3876848220825195,0.0,0.0,0.0,0.7044811844825745,0.5965359210968018,0.0,0.0,0.6250898241996765
final_train_00095,final_train,C1,141,middle,1,middle,0.4068896049486924,0.4174377918243408,0.0212836172431707,0.9608985781669616,0.0178177915513515,0.0391014218330383,0.1747905374407722,0,0.6596211194992065,0.0,0.0,0.0,0.6641852855682373,0.2975455820560455,0.0,0.0,2.269784688949585,0.0,0.951063632965088,0.0,1.5778988599777222,1.2737427949905396,1.597765564918518,0.4300875961780548,0.0,1.5506658554077148,1.918274164199829,0.0,0.0,1.999635338783264,0.0,0.0,0.0,0.0,0.1311690956354141,0.0,0.2688754796981811,0.0,0.0439629517495632,0.0,0.0,0.0,0.0,0.0,0.3706386983394623,0.0,1.0418063402175903,0.0,1.4058717489242554,0.7088828682899475,0.0,2.0059237480163574,0.1220990717411041,2.694077491760254,1.5024336576461792,0.0,0.0,0.5504668354988098,1.6294134855270386,0.0,0.0,0.0,0.0,1.3837403059005735,0.0,0.0,0.0,0.6982375383377075,0.5989255309104919,0.0,0.0,0.6265690922737122
final_train_00096,final_train,C1,142,middle,1,middle,0.408323093924605,0.4172603189945221,0.0213273297995328,0.9608181118965148,0.0178545117378234,0.0391818881034851,0.1750753599274103,0,0.6587541103363037,0.0,0.0,0.0,0.6648082137107849,0.2903870046138763,0.0,0.0,2.267739534378052,0.0,0.949431300163269,0.0,1.5758705139160156,1.2761894464492798,1.5970573425292969,0.4252054393291473,0.0,1.554250717163086,1.915069341659546,0.0,0.0,1.9995932579040527,0.0,0.0,0.0,0.0,0.1323409080505371,0.0,0.2650403082370758,0.0,0.043359849601984,0.0,0.0,0.0,0.0,0.0,0.3671382665634155,0.0,1.031882882118225,0.0,1.4043314456939695,0.7066652774810791,0.0,2.005168437957764,0.1185529828071594,2.689082622528076,1.5027416944503784,0.0,0.0,0.5491544604301453,1.6277034282684326,0.0,0.0,0.0,0.0,1.3844753503799438,0.0,0.0,0.0,0.6920430064201355,0.5989915132522583,0.0,0.0,0.6229529976844788
final_train_00097,final_train,C1,143,middle,1,middle,0.4097174250960695,0.4172000586986542,0.0212482642382383,0.9609240889549256,0.0178275965154171,0.0390759110450744,0.1747035132456072,0,0.6600603461265564,0.0,0.0,0.0,0.6656740307807922,0.2855662107467651,0.0,0.0,2.264387369155884,0.0,0.951932966709137,0.0,1.576881766319275,1.275962233543396,1.5988342761993408,0.4253387451171875,0.0,1.5587056875228882,1.912853479385376,0.0,0.0,2.0004684925079346,0.0,0.0,0.0,0.0,0.131361722946167,0.0,0.2642415761947632,0.0,0.0436748452484607,0.0,0.0,0.0,0.0,0.0,0.3665593266487121,0.0,1.0291014909744265,0.0,1.4097861051559448,0.7048875689506531,0.0,2.010295391082764,0.1183521598577499,2.6895039081573486,1.505267858505249,0.0,0.0,0.5498825311660767,1.6258453130722046,0.0,0.0,0.0,0.0,1.385366439819336,0.0,0.0,0.0,0.6915218234062195,0.6007051467895508,0.0,0.0,0.6196561455726624
final_train_00098,final_train,C1,144,middle,1,middle,0.4110745154022457,0.4182195663452148,0.0211271960288286,0.960973620414734,0.0178991053253412,0.0390263795852661,0.174542594440832,0,0.6623890399932861,0.0,0.0,0.0,0.6662624478340149,0.2751805484294891,0.0,0.0,2.257944107055664,0.0,0.948302686214447,0.0,1.5798262357711792,1.278231501579285,1.5929865837097168,0.4147723019123077,0.0,1.5597690343856812,1.8962957859039309,0.0,0.0,1.996426463127136,0.0,0.0,0.0,0.0,0.1310052722692489,0.0,0.2632107436656952,0.0,0.0423501022160053,0.0,0.0,0.0,0.0,0.0,0.3554677367210388,0.0,1.0327935218811035,0.0,1.4154919385910034,0.7034603953361511,0.0,2.0223031044006348,0.12190642952919,2.691358804702759,1.5080965757369995,0.0,0.0,0.5545828938484192,1.620075225830078,0.0,0.0,0.0,0.0,1.3900794982910156,0.0,0.0,0.0,0.6881430745124817,0.6054350137710571,0.0,0.0,0.6180066466331482
final_train_00099,final_train,C1,145,middle,1,middle,0.412396354013427,0.4177169799804687,0.0210449583828449,0.9611814022064208,0.017773650586605,0.0388185977935791,0.1738013289654637,0,0.6653990149497986,0.0,0.0,0.0,0.673521876335144,0.2698786556720733,0.0,0.0,2.247753858566284,0.0,0.9417413473129272,0.0,1.5844279527664185,1.2721173763275146,1.597769260406494,0.4058418869972229,0.0,1.5683649778366089,1.8919553756713867,0.0,0.0,1.9937249422073364,0.0,0.0,0.0,0.0,0.1236259937286377,0.0,0.2531671822071075,0.0,0.040382582694292,0.0,0.0,0.0,0.0,0.0,0.3547291457653045,0.0,1.0278626680374146,0.0,1.42428719997406,0.7083002924919128,0.0,2.0349788665771484,0.1138234511017799,2.6932291984558105,1.5080418586730957,0.0,0.0,0.5548825263977051,1.6176718473434448,0.0,0.0,0.0,0.0,1.396249771118164,0.0,0.0,0.0,0.6862592697143555,0.6043471693992615,0.0,0.0,0.6101945638656616
final_train_00100,final_train,C1,146,middle,1,middle,0.4136849970187226,0.4186418354511261,0.0209816917777061,0.9610987305641174,0.0179196428507566,0.0389012694358825,0.1741108508067458,0,0.6654636263847351,0.0,0.0,0.0,0.6717218160629272,0.2586742341518402,0.0,0.0,2.241071939468384,0.0,0.9382270574569702,0.0,1.5825278759002686,1.278918981552124,1.5893031358718872,0.3970575928688049,0.0,1.5688034296035769,1.8771212100982664,0.0,0.0,1.9915900230407717,0.0,0.0,0.0,0.0,0.1255119889974594,0.0,0.2530915439128876,0.0,0.0379684381186962,0.0,0.0,0.0,0.0,0.0,0.3439891040325165,0.0,1.0262250900268557,0.0,1.4311403036117554,0.702216625213623,0.0,2.0446105003356934,0.1172704771161079,2.6915578842163086,1.5037763118743896,0.0,0.0,0.5585122108459473,1.6106393337249756,0.0,0.0,0.0,0.0,1.3993544578552246,0.0,0.0,0.0,0.6747786998748779,0.6152156591415405,0.0,0.0,0.6100336313247681
final_train_00101,final_train,C1,147,middle,1,middle,0.415073312552521,0.4180678427219391,0.0209340713918209,0.961235523223877,0.0178303774446249,0.038764476776123,0.1736213397089426,0,0.6660748720169067,0.0,0.0,0.0,0.6753937602043152,0.2577177286148071,0.0,0.0,2.238608121871948,0.0,0.936313271522522,0.0,1.5810612440109253,1.2780208587646484,1.5920602083206177,0.3940456509590149,0.0,1.5754258632659912,1.8774993419647217,0.0,0.0,1.996124267578125,0.0,0.0,0.0,0.0,0.122492179274559,0.0,0.2482556998729705,0.0,0.0382794104516506,0.0,0.0,0.0,0.0,0.0,0.3472422957420349,0.0,1.0185654163360596,0.0,1.43556010723114,0.7027204036712646,0.0,2.048734664916992,0.110571451485157,2.695554256439209,1.5002778768539429,0.0,0.0,0.559342622756958,1.612408995628357,0.0,0.0,0.0,0.0,1.4007139205932615,0.0,0.0,0.0,0.6693068146705627,0.6142070293426514,0.0,0.0,0.6046178936958313
final_train_00102,final_train,C1,148,middle,1,middle,0.4167570950429893,0.4179641008377075,0.0210454557090997,0.96102637052536,0.0179281141608953,0.0389736294746398,0.1743635546378117,0,0.6653690338134766,0.0,0.0,0.0,0.6715404391288757,0.2553231120109558,0.0,0.0,2.2312676906585693,0.0,0.9355111122131348,0.0,1.5708547830581665,1.28376567363739,1.5886647701263428,0.3956339955329895,0.0,1.578266143798828,1.8750691413879397,0.0,0.0,1.9990384578704836,0.0,0.0,0.0,0.0,0.1243987753987312,0.0,0.2488899827003479,0.0,0.0388011522591114,0.0,0.0,0.0,0.0,0.0,0.3475484251976013,0.0,1.0068702697753906,0.0,1.432915210723877,0.6961631178855896,0.0,2.041639804840088,0.108852244913578,2.690762042999268,1.4913642406463623,0.0,0.0,0.5604496598243713,1.6140058040618896,0.0,0.0,0.0,0.0,1.4036943912506104,0.0,0.0,0.0,0.6616616249084473,0.6209782958030701,0.0,0.0,0.6003571152687073
final_train_00103,final_train,C1,149,middle,1,middle,0.4187488378317533,0.4166063070297241,0.0211580619215965,0.9610369205474854,0.017804954200983,0.0389630794525146,0.1743082150623327,0,0.6669083833694458,0.0,0.0,0.0,0.6735944151878357,0.2622337639331817,0.0,0.0,2.225114345550537,0.0,0.9321403503417968,0.0,1.5642527341842651,1.2799601554870603,1.5948864221572876,0.3998809456825256,0.0,1.5834953784942627,1.8855648040771484,0.0,0.0,2.003246307373047,0.0,0.0,0.0,0.0,0.119968444108963,0.0,0.2438732683658599,0.0,0.03885393217206,0.0,0.0,0.0,0.0,0.0,0.3586051166057586,0.0,0.9941185712814332,0.0,1.4287532567977903,0.6981215476989746,0.0,2.03513765335083,0.0990051329135894,2.69123911857605,1.483373522758484,0.0,0.0,0.5593537092208862,1.6213161945343018,0.0,0.0,0.0,0.0,1.408344268798828,0.0,0.0,0.0,0.6614943742752075,0.6180225610733032,0.0,0.0,0.5922442078590393
final_train_00104,final_train,C1,150,middle,1,middle,0.4210603787275062,0.4170056879520416,0.0212495159357786,0.9608213305473328,0.017929159104824,0.0391786694526672,0.1750761466174538,0,0.6662140488624573,0.0,0.0,0.0,0.6667670011520386,0.2602411210536957,0.0,0.0,2.2271392345428467,0.0,0.9314274787902832,0.0,1.5582975149154663,1.2850430011749268,1.5868970155715942,0.3989152312278747,0.0,1.577486872673035,1.8824050426483157,0.0,0.0,2.001964569091797,0.0,0.0,0.0,0.0,0.1219793707132339,0.0,0.248014211654663,0.0,0.0379258878529071,0.0,0.0,0.0,0.0,0.0,0.3539943397045135,0.0,0.9910262823104858,0.0,1.4220232963562012,0.6937378644943237,0.0,2.0290918350219727,0.1026035919785499,2.6911191940307617,1.4830442667007446,0.0,0.0,0.5607938766479492,1.6207364797592163,0.0,0.0,0.0,0.0,1.4091229438781738,0.0,0.0,0.0,0.6606738567352295,0.6215989589691162,0.0,0.0,0.5935621857643127
final_train_00105,final_train,C1,151,middle,1,middle,0.4237028864677913,0.4164596199989319,0.0212468784302473,0.960889458656311,0.0178637132048606,0.0391105413436889,0.1748296820522507,0,0.6656526923179626,0.0,0.0,0.0,0.6718744039535522,0.2615435123443603,0.0,0.0,2.226099729537964,0.0,0.9305721521377563,0.0,1.5576378107070925,1.281445860862732,1.589099645614624,0.398623526096344,0.0,1.5811121463775637,1.8825690746307373,0.0,0.0,2.003145933151245,0.0,0.0,0.0,0.0,0.1175325810909271,0.0,0.2433485388755798,0.0,0.0378181897103786,0.0,0.0,0.0,0.0,0.0,0.3589765727519989,0.0,0.9865062236785888,0.0,1.4220354557037354,0.6965820789337158,0.0,2.030930995941162,0.0979382842779159,2.6945605278015137,1.4813672304153442,0.0,0.0,0.5613526105880737,1.6223320960998535,0.0,0.0,0.0,0.0,1.4095914363861084,0.0,0.0,0.0,0.6592131853103638,0.617770254611969,0.0,0.0,0.5879368185997009
final_train_00106,final_train,C1,152,middle,1,middle,0.426686847964761,0.4165807366371155,0.0213419031351804,0.9607703685760498,0.0178877599537372,0.0392296314239501,0.1752463836301589,0,0.6680877208709717,0.0,0.0,0.0,0.6720384359359741,0.2562006115913391,0.0,0.0,2.2218997478485107,0.0,0.9218502044677734,0.0,1.556274175643921,1.278067111968994,1.5868045091629028,0.3869798481464386,0.0,1.5806564092636108,1.8736743927001955,0.0,0.0,1.993169903755188,0.0,0.0,0.0,0.0,0.1130998432636261,0.0,0.2372348606586456,0.0,0.0362430773675441,0.0,0.0,0.0,0.0,0.0,0.3519441485404968,0.0,0.9794325828552246,0.0,1.4178262948989868,0.7011341452598572,0.0,2.0324082374572754,0.0948361009359359,2.69532322883606,1.4821569919586182,0.0,0.0,0.5630935430526733,1.6228801012039185,0.0,0.0,0.0,0.0,1.4171758890151978,0.0,0.0,0.0,0.6590678691864014,0.6172271370887756,0.0,0.0,0.5835599303245544
final_train_00107,final_train,C1,153,middle,1,middle,0.4300220574231143,0.4166890382766723,0.0213909037411212,0.9606854319572448,0.017923692241311,0.0393145680427551,0.1755464109364323,0,0.6723536849021912,0.0,0.0,0.0,0.6751387119293213,0.2495358288288116,0.0,0.0,2.206153392791748,0.0,0.9139466285705566,0.0,1.5562204122543335,1.2723089456558228,1.585501790046692,0.3785997331142425,0.0,1.583826184272766,1.8636407852172847,0.0,0.0,1.9857903718948364,0.0,0.0,0.0,0.0,0.1078321412205696,0.0,0.2276274561882019,0.0,0.031831506639719,0.0,0.0,0.0,0.0,0.0,0.3474476635456085,0.0,0.9735944271087646,0.0,1.423587441444397,0.7050942778587341,0.0,2.0403761863708496,0.0921077951788902,2.6934189796447754,1.476157307624817,0.0,0.0,0.5647390484809875,1.6175934076309204,0.0,0.0,0.0,0.0,1.424614429473877,0.0,0.0,0.0,0.6566585302352905,0.6241135597229004,0.0,0.0,0.5778677463531494
final_train_00108,final_train,C1,154,middle,1,middle,0.433586856692523,0.417626678943634,0.0214442834258079,0.9604421257972716,0.0181135982275009,0.0395578742027282,0.1764185246678412,0,0.675540566444397,0.0,0.0,0.0,0.671106219291687,0.2408837378025055,0.0,0.0,2.1941988468170166,0.0,0.9101996421813964,0.0,1.5515263080596924,1.2732418775558472,1.576482892036438,0.370940625667572,0.0,1.5827573537826538,1.846473693847656,0.0,0.0,1.9788565635681152,0.0,0.0,0.0,0.0,0.1081848517060279,0.0,0.2250976860523224,0.0,0.0323004461824893,0.0,0.0,0.0,0.0,0.0,0.3399650454521179,0.0,0.9698154926300048,0.0,1.4252761602401731,0.7019810676574707,0.0,2.0440673828125,0.0953982323408126,2.691971778869629,1.4702585935592651,0.0,0.0,0.5706920027732849,1.6125341653823853,0.0,0.0,0.0,0.0,1.4311240911483765,0.0,0.0,0.0,0.6510046124458313,0.6332275867462158,0.0,0.0,0.5743089318275452
final_train_00109,final_train,C1,155,middle,1,middle,0.4371960074926133,0.4171444475650787,0.0216346997767686,0.96018785238266,0.0181775242090225,0.03981214761734,0.1773075793624298,0,0.6799227595329285,0.0,0.0,0.0,0.6678375005722046,0.2393038272857666,0.0,0.0,2.1758527755737305,0.0,0.9022082686424256,0.0,1.5445196628570557,1.271329402923584,1.5741633176803589,0.369847685098648,0.0,1.583866000175476,1.8455169200897217,0.0,0.0,1.976993560791016,0.0,0.0,0.0,0.0,0.1067285910248756,0.0,0.2177372276782989,0.0,0.0298707522451877,0.0,0.0,0.0,0.0,0.0,0.3423757553100586,0.0,0.9562357664108276,0.0,1.4227828979492188,0.7010890245437622,0.0,2.039029121398926,0.0898555740714073,2.686840772628784,1.4601259231567385,0.0,0.0,0.5712927579879761,1.611189365386963,0.0,0.0,0.0,0.0,1.4390954971313477,0.0,0.0,0.0,0.6482124328613281,0.6389908194541931,0.0,0.0,0.5667305588722229
final_train_00110,final_train,C1,156,middle,1,middle,0.4408469062028606,0.4171189367771148,0.0217827670276165,0.9599127173423768,0.0183044951409101,0.0400872826576232,0.178276415278334,0,0.6816145181655884,0.0,0.0,0.0,0.6588095426559448,0.2423453330993652,0.0,0.0,2.1708059310913086,0.0,0.9018741846084596,0.0,1.537980318069458,1.2731279134750366,1.5676180124282837,0.3757839202880859,0.0,1.5772312879562378,1.8492112159729004,0.0,0.0,1.9779390096664429,0.0,0.0,0.0,0.0,0.108859084546566,0.0,0.2218788862228393,0.0,0.0304873101413249,0.0,0.0,0.0,0.0,0.0,0.3458585143089294,0.0,0.9523614645004272,0.0,1.4171608686447144,0.6949657797813416,0.0,2.031546115875244,0.0919573903083801,2.685654640197754,1.4556163549423218,0.0,0.0,0.5725308656692505,1.608551859855652,0.0,0.0,0.0,0.0,1.438499927520752,0.0,0.0,0.0,0.6502149105072021,0.6419588327407837,0.0,0.0,0.5670025944709778
final_train_00111,final_train,C1,157,middle,1,middle,0.4445369276726433,0.4160110354423523,0.0221698228269815,0.95942622423172,0.0184039399027824,0.04057377576828,0.1799651404022155,0,0.6861869692802429,0.0,0.0,0.0,0.6524873971939087,0.2418256103992462,0.0,0.0,2.143734931945801,0.0,0.8844298124313354,0.0,1.5245600938796997,1.2705965042114258,1.563604474067688,0.3736112415790558,0.0,1.5740867853164673,1.85174822807312,0.0,0.0,1.9717200994491575,0.0,0.0,0.0,0.0,0.1060475707054138,0.0,0.2096120715141296,0.0,0.0238283015787601,0.0,0.0,0.0,0.0,0.0,0.3488951027393341,0.0,0.9321897625923156,0.0,1.4079101085662842,0.695756196975708,0.0,2.020514726638794,0.0836227461695671,2.673664093017578,1.440727472305298,0.0,0.0,0.5720880031585693,1.608755350112915,0.0,0.0,0.0,0.0,1.4547921419143677,0.0,0.0,0.0,0.6495721340179443,0.6507049202919006,0.0,0.0,0.554597795009613
final_train_00112,final_train,C1,158,middle,1,middle,0.4482634286145747,0.4151612222194671,0.022383501753211,0.9592062830924988,0.0184101834893226,0.0407937169075012,0.1807194676450314,0,0.690315306186676,0.0,0.0,0.0,0.6496977806091309,0.2462721765041351,0.0,0.0,2.125518560409546,0.0,0.8744227290153503,0.0,1.5146998167037964,1.269127368927002,1.5620375871658323,0.3745974600315094,0.0,1.5732309818267822,1.853889226913452,0.0,0.0,1.972724199295044,0.0,0.0,0.0,0.0,0.1036700457334518,0.0,0.2016319334506988,0.0,0.0216757543385028,0.0,0.0,0.0,0.0,0.0,0.3562623560428619,0.0,0.9197629690170288,0.0,1.400872826576233,0.6966549158096313,0.0,2.0109877586364746,0.0768923237919807,2.6707632541656494,1.4286930561065674,0.0,0.0,0.573553204536438,1.6137418746948242,0.0,0.0,0.0,0.0,1.4666286706924438,0.0,0.0,0.0,0.6485918164253235,0.6551095247268677,0.0,0.0,0.5452007055282593
final_train_00113,final_train,C1,159,middle,1,middle,0.4520237516999001,0.4153031706809997,0.0228608716279268,0.9583700299263,0.018769109621644,0.0416299700736999,0.183635700509317,0,0.6950551867485046,0.0,0.0,0.0,0.6394315361976624,0.241933673620224,0.0,0.0,2.0980684757232666,0.0,0.8567089438438416,0.0,1.4945794343948364,1.266632318496704,1.5459370613098145,0.3627592623233795,0.0,1.564418911933899,1.83204984664917,0.0,0.0,1.957327365875244,0.0,0.0,0.0,0.0,0.1016069650650024,0.0,0.1909520328044891,0.0,0.0198891125619411,0.0,0.0,0.0,0.0,0.0,0.3547220528125763,0.0,0.903307557106018,0.0,1.3845510482788086,0.6979701519012451,0.0,1.997801780700684,0.0730624794960022,2.660244464874268,1.4112768173217771,0.0,0.0,0.5794600248336792,1.6106224060058594,0.0,0.0,0.0,0.0,1.4890185594558716,0.0,0.0,0.0,0.6442188620567322,0.6651269197463989,0.0,0.0,0.5276175737380981
final_train_00114,final_train,C1,160,middle,1,middle,0.455815229185851,0.4156050086021423,0.0231342669576406,0.9578842520713806,0.0189814791083335,0.0421157479286193,0.1853229878893258,0,0.6998789310455322,0.0,0.0,0.0,0.6347241997718811,0.2440582513809204,0.0,0.0,2.083012104034424,0.0,0.8492559790611267,0.0,1.4850040674209597,1.2605518102645874,1.5341501235961914,0.3562206327915191,0.0,1.559283971786499,1.819699764251709,0.0,0.0,1.9513667821884155,0.0,0.0,0.0,0.0,0.0973046272993087,0.0,0.1863233000040054,0.0,0.0192041210830211,0.0,0.0,0.0,0.0,0.0,0.3558040261268616,0.0,0.8962674140930176,0.0,1.3764997720718384,0.6986732482910156,0.0,1.989744782447815,0.0700295120477676,2.6606152057647705,1.398305058479309,0.0,0.0,0.5829421281814575,1.6068987846374512,0.0,0.0,0.0,0.0,1.497400403022766,0.0,0.0,0.0,0.6431936025619507,0.6690372824668884,0.0,0.0,0.5212299227714539
final_train_00115,final_train,C1,194,middle,1,middle,0.5852035158639834,0.4237566292285919,0.0212949160486459,0.9593769907951356,0.0193280633538961,0.0406230092048645,0.1802538420845857,0,0.6827263236045837,0.0,0.0,0.0,0.6285198926925659,0.1409926414489746,0.0,0.0,2.126453161239624,0.0,0.9111261367797852,0.0,1.5043216943740845,1.2722153663635254,1.5089635848999023,0.3246136307716369,0.0,1.602294921875,1.6941275596618652,0.0,0.0,1.9456980228424072,0.0,0.0,0.0,0.0,0.1166999489068985,0.0,0.1962071061134338,0.0,0.032065276056528,0.0,0.0,0.0,0.0,0.0,0.2814334332942962,0.0,0.9321458339691162,0.0,1.459410548210144,0.6958284378051758,0.0,2.049871921539306,0.1009556055068969,2.6960811614990234,1.473283052444458,0.0,0.0,0.6519743204116821,1.6309431791305542,0.0,0.0,0.0,0.0,1.5034449100494385,0.0,0.0,0.0,0.6107040643692017,0.6853238940238953,0.0,0.0,0.4789264500141144
final_train_00116,final_train,C1,195,middle,1,middle,0.5885630689577716,0.4273431599140167,0.0210472717881202,0.95927232503891,0.0196804590523242,0.04072767496109,0.1806436876920409,0,0.6867210865020752,0.0,0.0,0.0,0.6259351372718811,0.124758705496788,0.0,0.0,2.113353967666626,0.0,0.9138640761375428,0.0,1.5109000205993652,1.284199833869934,1.4918195009231567,0.3121317625045776,0.0,1.601012110710144,1.6586294174194336,0.0,0.0,1.9392188787460327,0.0,0.0,0.0,0.0,0.1245623901486396,0.0,0.2065537571907043,0.0,0.0249912329018116,0.0,0.0,0.0,0.0,0.0,0.254075288772583,0.0,0.956830620765686,0.0,1.4651888608932495,0.6855120658874512,0.0,2.0674853324890137,0.1159298717975616,2.6882548332214355,1.4666143655776978,0.0,0.0,0.6599729061126709,1.6176533699035645,0.0,0.0,0.0,0.0,1.5122796297073364,0.0,0.0,0.0,0.5988367795944214,0.7056949734687805,0.0,0.0,0.4869169294834137
final_train_00117,final_train,C1,196,middle,1,middle,0.5918768682563342,0.4267864823341369,0.0211569592356681,0.9593047499656676,0.0195382628589868,0.0406952500343322,0.1805213166994008,0,0.6910528540611267,0.0,0.0,0.0,0.6277770400047302,0.1337814331054687,0.0,0.0,2.1269819736480717,0.0,0.9127283096313475,0.0,1.507277488708496,1.2715691328048706,1.5000269412994385,0.3068209588527679,0.0,1.5959316492080688,1.6607201099395752,0.0,0.0,1.92766547203064,0.0,0.0,0.0,0.0,0.1161485761404037,0.0,0.2011454105377197,0.0,0.0335918180644512,0.0,0.0,0.0,0.0,0.0,0.2634912133216858,0.0,0.9485059380531312,0.0,1.4645448923110962,0.702665388584137,0.0,2.058781147003174,0.1148792654275894,2.7045774459838867,1.4736814498901367,0.0,0.0,0.6661203503608704,1.6312755346298218,0.0,0.0,0.0,0.0,1.5117478370666504,0.0,0.0,0.0,0.606393575668335,0.696096658706665,0.0,0.0,0.486938863992691
final_train_00118,final_train,C1,197,middle,1,middle,0.5951438508281696,0.4323379397392273,0.0207509156316518,0.9589490294456482,0.0203001126646995,0.0410509705543518,0.1817947915528683,0,0.6865362524986267,0.0,0.0,0.0,0.6132660508155823,0.1057825908064842,0.0,0.0,2.126798391342163,0.0,0.9437927007675172,0.0,1.509658932685852,1.283314824104309,1.4650832414627075,0.3009289801120758,0.0,1.5946965217590332,1.605628490447998,0.0,0.0,1.9276758432388303,0.0,0.0,0.0,0.0,0.1300110071897506,0.0,0.2294279634952545,0.0,0.0385533161461353,0.0,0.0042522847652435,0.0,0.0,0.0,0.2296976447105407,0.0,0.986920952796936,0.0,1.4732130765914917,0.676318883895874,0.0,2.074060440063477,0.1426961421966552,2.7004764080047607,1.477917194366455,0.0,0.0,0.6874706745147705,1.6121444702148438,0.0,0.0,0.0,0.0,1.5093663930892944,0.0,0.0,0.0,0.5998504757881165,0.7140637040138245,0.0,0.0,0.4932197034358978
final_train_00119,final_train,C1,198,middle,1,middle,0.5983630305012503,0.4296644032001495,0.021030755713582,0.958980917930603,0.0199883095920085,0.0410190820693969,0.1816731936866503,0,0.6895126700401306,0.0,0.0,0.0,0.6215716004371643,0.1168092936277389,0.0,0.0,2.1382455825805664,0.0,0.932953953742981,0.0,1.508537530899048,1.2657463550567627,1.4821096658706665,0.2921986281871795,0.0,1.5944119691848757,1.624982833862305,0.0,0.0,1.917959213256836,0.0,0.0,0.0,0.0,0.1175714582204818,0.0,0.2102717757225036,0.0,0.0472174175083637,0.0,0.0,0.0,0.0,0.0,0.249828428030014,0.0,0.962363600730896,0.0,1.4647293090820312,0.6946905851364136,0.0,2.062463760375977,0.1266789585351944,2.7077252864837646,1.4834903478622437,0.0,0.0,0.6773384213447571,1.6213595867156982,0.0,0.0,0.0,0.0,1.507423996925354,0.0,0.0,0.0,0.6029540300369263,0.6921437382698059,0.0,0.0,0.4898567497730255
final_train_00120,final_train,C1,199,middle,1,middle,0.6015334985650915,0.4315164089202881,0.0208754949271678,0.958951771259308,0.020172705873847,0.0410482287406921,0.1817817433490421,0,0.6922176480293274,0.0,0.0,0.0,0.6190226078033447,0.1137727349996566,0.0,0.0,2.1504223346710205,0.0,0.9433846473693848,0.0,1.517339825630188,1.2694270610809326,1.4771448373794556,0.2811909914016723,0.0,1.5899877548217771,1.6137566566467283,0.0,0.0,1.91802442073822,0.0,0.0,0.0,0.0,0.1245977208018302,0.0,0.2270981669425964,0.0,0.0550235547125339,0.0,0.0043674409389495,0.0,0.0,0.0,0.2416239976882934,0.0,0.973809003829956,0.0,1.46325421333313,0.6872901320457458,0.0,2.058969497680664,0.1363354623317718,2.70815372467041,1.4926979541778564,0.0,0.0,0.6804685592651367,1.6174447536468506,0.0,0.0,0.0,0.0,1.502121925354004,0.0,0.0,0.0,0.596295952796936,0.6878079175949097,0.0,0.0,0.502119243144989
final_train_00121,final_train,C1,200,middle,1,middle,0.6046544245898313,0.4312595427036285,0.0208977721631526,0.9590362906455994,0.0200659520924091,0.0409637093544006,0.1814838048404707,0,0.6931716799736023,0.0,0.0,0.0,0.626539409160614,0.1150041744112968,0.0,0.0,2.156505823135376,0.0,0.9358257055282592,0.0,1.5216723680496216,1.2685632705688477,1.4811986684799194,0.2708874344825744,0.0,1.5898592472076416,1.6131293773651123,0.0,0.0,1.916528582572937,0.0,0.0,0.0,0.0,0.1250789314508438,0.0,0.2170231193304062,0.0,0.0551440604031086,0.0,0.0008070021867752,0.0,0.0,0.0,0.2415466606616974,0.0,0.9709151983261108,0.0,1.4597183465957642,0.6954850554466248,0.0,2.05869722366333,0.1317817717790603,2.710632801055908,1.4933900833129885,0.0,0.0,0.6744241714477539,1.618265986442566,0.0,0.0,0.0,0.0,1.5004969835281372,0.0,0.0,0.0,0.5908216834068298,0.6826466917991638,0.0,0.0,0.5054678320884705
final_train_00122,final_train,C1,201,middle,1,middle,0.6077250565432409,0.4340669214725494,0.0207498427480459,0.95863538980484,0.0206148047000169,0.0413646101951599,0.1828931057990476,0,0.6911715269088745,0.0,0.0,0.0,0.6168632507324219,0.1052361577749252,0.0,0.0,2.164902448654175,0.0,0.9548727869987488,0.0,1.5199780464172363,1.2750710248947144,1.4646623134613037,0.2662341296672821,0.0,1.5797830820083618,1.5817232131958008,0.0,0.0,1.9011428356170652,0.0,0.0,0.0,0.0,0.1319990456104278,0.0,0.2445471882820129,0.0,0.0658022761344909,0.0,0.0235058218240737,0.0,0.0,0.0,0.2276589274406433,0.0,0.9945521354675292,0.0,1.4586143493652344,0.6820847988128662,0.0,2.05630874633789,0.154668390750885,2.705503463745117,1.5043691396713257,0.0,0.0,0.6915072202682495,1.6174187660217283,0.0,0.0068431813269853,0.0,0.0,1.5048216581344604,0.0,0.0,0.0,0.5874302387237549,0.687875509262085,0.0,0.0,0.5088011622428894
final_train_00123,final_train,C1,202,middle,1,middle,0.6107447217268177,0.4333394765853882,0.0208548251539468,0.958505392074585,0.0206397622823715,0.041494607925415,0.183346388463982,0,0.6891940236091614,0.0,0.0,0.0,0.6207062005996704,0.0993439555168151,0.0,0.0,2.155301570892334,0.0,0.952912986278534,0.0,1.5187067985534668,1.2714225053787231,1.464644193649292,0.2666094005107879,0.0,1.5866544246673584,1.5813395977020264,0.0,0.0,1.9063193798065183,0.0,0.0,0.0,0.0,0.1319174021482467,0.0,0.2304253578186035,0.0,0.063504472374916,0.0,0.0145653709769248,0.0,0.0,0.0,0.2335869073867797,0.0,0.9847091436386108,0.0,1.4618359804153442,0.6835734248161316,0.0,2.055169582366944,0.1457879692316055,2.6985785961151123,1.5004982948303225,0.0,0.0,0.6811022162437439,1.6093719005584717,0.0,0.0090491883456707,0.0,0.0,1.49981427192688,0.0,0.0,0.0,0.5816392302513123,0.6857984066009521,0.0,0.0,0.5024937987327576
final_train_00124,final_train,C1,203,middle,1,middle,0.6137128264247487,0.4344701170921325,0.0208410173654556,0.9581763744354248,0.0209825988858938,0.0418236255645751,0.1844933825475128,0,0.6859263777732849,0.0,0.0,0.0,0.616714596748352,0.0935097783803939,0.0,0.0,2.14823842048645,0.0,0.9643816351890564,0.0,1.513025403022766,1.2687106132507324,1.4547737836837769,0.2681458592414856,0.0,1.5862314701080322,1.562671184539795,0.0,0.0,1.8985347747802732,0.0,0.0,0.0,0.0,0.1316942125558853,0.0,0.2412091195583343,0.0,0.0679303556680679,0.0,0.0223033055663108,0.0,0.0,0.0,0.2308284342288971,0.0,0.99603271484375,0.0,1.4648468494415283,0.6770080924034119,0.0,2.0513806343078613,0.1523906588554382,2.690891027450561,1.503240942955017,0.0,0.0,0.691139280796051,1.612351655960083,0.0,0.0195344965904951,0.0,0.0,1.506452202796936,0.0,0.0,0.0,0.582114040851593,0.6877527832984924,0.0,0.0,0.495702177286148
final_train_00125,final_train,C1,204,middle,1,middle,0.6166288567229923,0.4366321265697479,0.020719975233078,0.9579042792320251,0.0213757418096065,0.0420957207679748,0.1854354031838282,0,0.686031699180603,0.0,0.0,0.0,0.6144449710845947,0.0842581540346145,0.0,0.0,2.14705753326416,0.0,0.9794522523880004,0.0,1.511225342750549,1.2708368301391602,1.441164255142212,0.2616528868675232,0.0,1.5876643657684326,1.5332891941070557,0.0,0.0,1.8981989622116089,0.0,0.0,0.0,0.0,0.1383560299873352,0.0,0.2501396238803863,0.0,0.0729008466005325,0.0,0.0338319316506385,0.0,0.0,0.0,0.2225363552570343,0.0,1.0126558542251587,0.0,1.468214988708496,0.6703810691833496,0.0,2.0501036643981934,0.1617899388074875,2.687663316726685,1.5015758275985718,0.0,0.0,0.6967942118644714,1.6096818447113037,0.0,0.0278034713119268,0.0,0.0,1.507421374320984,0.0,0.0,0.0,0.5756001472473145,0.6923456788063049,0.0,0.0,0.497626394033432
final_train_00126,final_train,C1,205,middle,1,middle,0.6194923782752548,0.4352200031280517,0.0208160448819398,0.9581118226051332,0.0210721641778945,0.0418881773948669,0.1847176841552814,0,0.6896891593933105,0.0,0.0,0.0,0.6127628087997437,0.0882043242454528,0.0,0.0,2.1546590328216557,0.0,0.9642386436462402,0.0,1.5131261348724363,1.274416208267212,1.4449394941329956,0.2623495757579803,0.0,1.5827151536941528,1.5537166595458984,0.0,0.0,1.904000997543335,0.0,0.0,0.0,0.0,0.1368429064750671,0.0,0.2429812252521515,0.0,0.0678041279315948,0.0,0.0222615823149681,0.0,0.0,0.0,0.2254700362682342,0.0,0.9916648864746094,0.0,1.4503554105758667,0.673080563545227,0.0,2.0495028495788574,0.1537373811006546,2.6938631534576416,1.499333143234253,0.0,0.0,0.6938697099685669,1.611120343208313,0.0,0.0135266203433275,0.0,0.0,1.509419083595276,0.0,0.0,0.0,0.5748786926269531,0.6869004964828491,0.0,0.0,0.4931254088878631
final_train_00127,final_train,C1,206,middle,1,middle,0.6223030367710348,0.4360935389995575,0.0207366608083248,0.9580513834953308,0.0212119426578283,0.0419486165046691,0.1849261163259642,0,0.6891786456108093,0.0,0.0,0.0,0.614611029624939,0.0851502045989036,0.0,0.0,2.154175281524658,0.0,0.9689862728118896,0.0,1.5127524137496948,1.2767951488494873,1.4417299032211304,0.2569894194602966,0.0,1.5850300788879397,1.5410985946655271,0.0,0.0,1.9041720628738403,0.0,0.0,0.0,0.0,0.1391420662403106,0.0,0.2446455955505371,0.0,0.0696166157722473,0.0,0.0284353643655776,0.0,0.0,0.0,0.2223768830299377,0.0,1.0003719329833984,0.0,1.450737714767456,0.6705403327941895,0.0,2.0536160469055176,0.1569461971521377,2.6914756298065186,1.4946542978286743,0.0,0.0,0.6958391070365906,1.608799934387207,0.0,0.0181736480444669,0.0,0.0,1.510767698287964,0.0,0.0,0.0,0.5665773153305054,0.6897040605545044,0.0,0.0,0.4949336349964142
final_train_00128,final_train,C1,207,middle,1,middle,0.6250605575845918,0.4380291104316711,0.0207172390073537,0.9576448798179626,0.0216379184275865,0.0423551201820373,0.1863317686703735,0,0.6869179010391235,0.0,0.0,0.0,0.6081458926200867,0.0774013474583625,0.0,0.0,2.153114318847656,0.0,0.9792006611824036,0.0,1.5056308507919312,1.27749764919281,1.4287939071655271,0.2505280077457428,0.0,1.5818114280700684,1.5161476135253906,0.0,0.0,1.897085428237915,0.0,0.0,0.0,0.0,0.1421933323144912,0.0,0.2545769214630127,0.0,0.0731878280639648,0.0,0.038300946354866,0.0,0.0,0.0,0.2128896415233612,0.0,1.0164738893508911,0.0,1.4487162828445437,0.6647372245788574,0.0,2.0539021492004395,0.1670016050338745,2.6864776611328125,1.4938383102416992,0.0,0.0,0.7059895992279053,1.6056689023971558,0.0,0.0257155541330575,0.0,0.0,1.514582276344299,0.0,0.0,0.0,0.5638715028762817,0.6944409012794495,0.0,0.0,0.4953221976757049
final_train_00129,final_train,C1,208,middle,1,middle,0.6277647458919545,0.4400169849395752,0.0206912271678447,0.9571523666381836,0.0221564099192619,0.0428476333618164,0.1880240067722082,0,0.6840832829475403,0.0,0.0,0.0,0.6023656129837036,0.0668867379426956,0.0,0.0,2.141798257827759,0.0,0.991018533706665,0.0,1.499372959136963,1.277166485786438,1.414853572845459,0.2475232779979705,0.0,1.5830299854278564,1.488386154174805,0.0,0.0,1.8902204036712649,0.0,0.0,0.0,0.0,0.1442503184080124,0.0,0.2656709849834442,0.0,0.0743807256221771,0.0,0.0517421290278434,0.0,0.0,0.0,0.2015390992164611,0.0,1.0337404012680054,0.0,1.453559637069702,0.6549674272537231,0.0,2.0570435523986816,0.1763125658035278,2.6766960620880127,1.490979790687561,0.0,0.0,0.716088593006134,1.5989606380462646,0.0,0.0390559583902359,0.0,0.0,1.5190660953521729,0.0,0.0,0.0022043660283088,0.5617492198944092,0.703123152256012,0.0,0.0,0.4931351244449615
final_train_00130,final_train,C1,209,middle,1,middle,0.6304154864369003,0.4419894516468048,0.0208330042660236,0.956290066242218,0.0228769145905971,0.0437099337577819,0.1909772411957848,0,0.6821084022521973,0.0,0.0,0.0,0.5905337333679199,0.0601239018142223,0.0,0.0,2.1361284255981445,0.0,1.0026746988296509,0.0,1.4874569177627563,1.2778451442718506,1.3987524509429932,0.243835300207138,0.0,1.577933669090271,1.459949970245361,0.0,0.0,1.8771899938583372,0.0,0.0,0.0,0.0,0.1481973081827163,0.0,0.2826460003852844,0.0,0.0811051130294799,0.0,0.0633250996470451,0.0,0.0,0.0,0.1964415907859802,0.0,1.0403618812561035,0.0,1.449750304222107,0.6425001621246338,0.0,2.047052383422852,0.1869996488094329,2.667529582977295,1.489235281944275,0.0,0.0,0.7251771688461304,1.5933232307434082,0.0,0.0537445619702339,0.0,0.0044253766536712,1.5242793560028076,0.0,0.0,0.0117599368095397,0.5569644570350647,0.7073760032653809,0.0,0.0,0.4877167046070099
final_train_00131,final_train,C1,210,middle,1,middle,0.633012743647965,0.4425779283046722,0.0209207311272621,0.9559789299964904,0.0231003649532794,0.0440210700035095,0.1920408190074538,0,0.6821630001068115,0.0,0.0,0.0,0.5887589454650879,0.0602242872118949,0.0,0.0,2.132580280303955,0.0,1.0054181814193726,0.0,1.4860292673110962,1.2756614685058594,1.3960559368133545,0.2405194044113159,0.0,1.5767842531204224,1.4508514404296875,0.0,0.0,1.871953248977661,0.0,0.0,0.0,0.0,0.1491401940584182,0.0,0.2865395247936249,0.0,0.0821177959442138,0.0,0.06644057482481,0.0,0.0,0.0,0.1968244016170501,0.0,1.0413768291473389,0.0,1.4480842351913452,0.640967607498169,0.0,2.0392184257507324,0.187232419848442,2.662797451019287,1.4895124435424805,0.0,0.0,0.724525511264801,1.591277241706848,0.0,0.0598931163549423,0.0,0.007815308868885,1.5260708332061768,0.0,0.0,0.0145126208662986,0.5538128018379211,0.7055402398109436,0.0,0.0,0.4874802529811859
final_train_00132,final_train,C1,211,middle,1,middle,0.635556560585342,0.4429778158664703,0.0209994651377201,0.9556989073753356,0.0233015846461057,0.0443010926246643,0.1929957115205167,0,0.6820059418678284,0.0,0.0,0.0,0.585187554359436,0.0610208064317703,0.0,0.0,2.132838726043701,0.0,1.0085651874542236,0.0,1.4843816757202148,1.276593804359436,1.392022728919983,0.2386439442634582,0.0,1.5727393627166748,1.4415795803070068,0.0,0.0,1.865514874458313,0.0,0.0,0.0,0.0,0.1526847183704376,0.0,0.2926286160945892,0.0,0.087253525853157,0.0,0.069657988846302,0.0,0.0,0.0,0.1985408961772918,0.0,1.0386813879013062,0.0,1.446538329124451,0.6375483870506287,0.0,2.0274462699890137,0.1896893978118896,2.6614606380462646,1.4934885501861572,0.0,0.0,0.7250665426254272,1.592437982559204,0.0,0.0665813758969307,0.0,0.0092400275170803,1.5273833274841309,0.0,0.0,0.0112457200884819,0.5501894950866699,0.7029578685760498,0.0,0.0,0.4852772057056427
final_train_00133,final_train,C1,212,middle,1,middle,0.6380470595259374,0.4436248242855072,0.0210748091340065,0.955349862575531,0.0235753431916236,0.0446501374244689,0.1941812941070469,0,0.6785688400268555,0.0,0.0,0.0,0.583228588104248,0.059479609131813,0.0,0.0,2.1342339515686035,0.0,1.010801076889038,0.0,1.4832593202590942,1.2785407304763794,1.389430284500122,0.2327552735805511,0.0,1.5686063766479492,1.4340755939483645,0.0,0.0,1.8604756593704224,0.0,0.0,0.0,0.0,0.1569662988185882,0.0,0.2971979677677154,0.0,0.0870595574378967,0.0,0.0727459713816642,0.0,0.0,0.0,0.1963707506656646,0.0,1.042904257774353,0.0,1.4440951347351074,0.6348408460617065,0.0,2.0217671394348145,0.1928952038288116,2.653390645980835,1.4960631132125854,0.0,0.0,0.7229868769645691,1.585469126701355,0.0,0.0705647245049476,0.0,0.0114773884415626,1.5257961750030518,0.0,0.0,0.0151283517479896,0.5453177690505981,0.701163649559021,0.0,0.0,0.4884725511074066
final_train_00134,final_train,C1,213,middle,1,middle,0.6404844407932582,0.4430578351020813,0.0212089717388153,0.955185055732727,0.0236059390008449,0.0448149442672729,0.1947497861725006,0,0.6762607097625732,0.0,0.0,0.0,0.5825962424278259,0.0585510917007923,0.0,0.0,2.1324031352996826,0.0,1.007501482963562,0.0,1.4809110164642334,1.278093934059143,1.3893327713012695,0.2312172651290893,0.0,1.5656754970550537,1.4352037906646729,0.0,0.0,1.854244947433472,0.0,0.0,0.0,0.0,0.1561928391456604,0.0,0.2938307523727417,0.0,0.0876387655735015,0.0,0.0695307031273841,0.0,0.0,0.0,0.1978803277015686,0.0,1.035409688949585,0.0,1.44252347946167,0.635073184967041,0.0,2.015312433242798,0.1911808848381042,2.6495795249938965,1.499567627906799,0.0,0.0,0.7191211581230164,1.5832031965255735,0.0,0.0721908062696456,0.0,0.0090831331908702,1.5254130363464355,0.0,0.0,0.0094654411077499,0.5454891324043274,0.6994728446006775,0.0,0.0,0.4862370193004608
final_train_00135,final_train,C1,214,middle,1,middle,0.6428689826403983,0.4414223134517669,0.0213339012116193,0.9553653001785278,0.0233008116483688,0.0446346998214721,0.1941528240656424,0,0.6784741878509521,0.0,0.0,0.0,0.5873644351959229,0.0659856349229812,0.0,0.0,2.133659839630127,0.0,1.0006909370422363,0.0,1.482572317123413,1.2752387523651123,1.399850845336914,0.2286520898342132,0.0,1.5670043230056765,1.449920892715454,0.0,0.0,1.855366826057434,0.0,0.0,0.0,0.0,0.1547317802906036,0.0,0.2849884033203125,0.0,0.0894216448068618,0.0,0.0616545304656028,0.0,0.0,0.0,0.208971232175827,0.0,1.0207732915878296,0.0,1.4381974935531616,0.6409468054771423,0.0,2.007350206375122,0.181418627500534,2.6513140201568604,1.499466896057129,0.0,0.0,0.7085773944854736,1.584614634513855,0.0,0.0700293332338333,0.0,0.0021286606788635,1.5217273235321045,0.0,0.0,0.0,0.5436804890632629,0.6912248134613037,0.0,0.0,0.4867062270641327
final_train_00136,final_train,C1,215,middle,1,middle,0.6452010406649842,0.4417900443077087,0.0214029941707849,0.9551844000816344,0.0234126318246126,0.0448155999183654,0.1947695348053186,0,0.676254391670227,0.0,0.0,0.0,0.5859832167625427,0.0652195960283279,0.0,0.0,2.1351423263549805,0.0,0.9991268515586852,0.0,1.477759838104248,1.274897813796997,1.3965851068496704,0.2254850566387176,0.0,1.5631227493286133,1.4462382793426514,0.0,0.0,1.8524556159973145,0.0,0.0,0.0,0.0,0.1554660201072693,0.0,0.2854810059070587,0.0,0.0877328962087631,0.0,0.0606241598725318,0.0,0.0,0.0,0.2041355967521667,0.0,1.0234030485153198,0.0,1.4334605932235718,0.6411650776863098,0.0,2.0060958862304688,0.183694452047348,2.648923397064209,1.4982399940490725,0.0,0.0,0.711063802242279,1.5848042964935305,0.0,0.0674108117818832,0.0,0.0022765845060348,1.5228251218795776,0.0,0.0,0.0,0.5448966026306152,0.6916818618774414,0.0,0.0,0.4878199994564056
final_train_00137,final_train,C1,216,middle,1,middle,0.64748104675607,0.4403308033943176,0.0216278526932001,0.9550802111625672,0.0232919082045555,0.0449197888374328,0.1951381126543544,0,0.677454948425293,0.0,0.0,0.0,0.5857750177383423,0.0687874257564544,0.0,0.0,2.1321403980255127,0.0,0.9904707670211792,0.0,1.4750322103500366,1.2725917100906372,1.4013005495071411,0.2273986339569091,0.0,1.5609009265899658,1.4598934650421145,0.0,0.0,1.848982810974121,0.0,0.0,0.0,0.0,0.1525891274213791,0.0,0.2779173254966736,0.0,0.0875773429870605,0.0,0.051395371556282,0.0,0.0,0.0,0.2115038931369781,0.0,1.0052111148834229,0.0,1.4275717735290527,0.6437976360321045,0.0,1.9971355199813845,0.1765883266925811,2.646371603012085,1.4988411664962769,0.0,0.0,0.7033564448356628,1.5850613117218018,0.0,0.0634460300207138,0.0,0.0,1.522364616394043,0.0,0.0,0.0,0.547027051448822,0.6872328519821167,0.0,0.0,0.4840265214443207
final_train_00138,final_train,C1,217,middle,1,middle,0.6497095087431055,0.4415726959705353,0.0217227526009082,0.9545319080352784,0.0237453412264585,0.0454680919647216,0.1969937245764451,0,0.6713532209396362,0.0,0.0,0.0,0.5759168863296509,0.0639403313398361,0.0,0.0,2.13024640083313,0.0,0.99363112449646,0.0,1.465726017951965,1.2749940156936646,1.390654683113098,0.2270088493824005,0.0,1.5516716241836548,1.4452834129333496,0.0,0.0,1.840743899345398,0.0,0.0,0.0,0.0,0.1581066250801086,0.0,0.2890709936618805,0.0,0.0847276896238327,0.0,0.0541620403528213,0.0,0.0,0.0,0.2021521031856537,0.0,1.015045404434204,0.0,1.4242023229599,0.636653482913971,0.0,1.9943128824234009,0.1862505376338958,2.6358065605163574,1.500645637512207,0.0,0.0,0.7125967144966125,1.5802913904190063,0.0,0.065818578004837,0.0,0.0,1.525692343711853,0.0,0.0,0.0,0.5470151901245117,0.6911431550979614,0.0,0.0,0.4818432033061981
final_train_00139,final_train,C1,218,middle,1,middle,0.6518870099278887,0.4394348859786987,0.0219065807759761,0.9547035694122314,0.0233898144215345,0.0452964305877685,0.196428202944087,0,0.6704339385032654,0.0,0.0,0.0,0.5821548700332642,0.0685535371303558,0.0,0.0,2.128812313079834,0.0,0.983159840106964,0.0,1.465867280960083,1.2692832946777344,1.4009222984313965,0.230421632528305,0.0,1.555742263793945,1.4629051685333252,0.0,0.0,1.8435858488082888,0.0,0.0,0.0,0.0,0.1525918543338775,0.0,0.2681339383125305,0.0,0.0846670418977737,0.0,0.0372701808810234,0.0,0.0,0.0,0.2176635861396789,0.0,0.9943654537200928,0.0,1.422016739845276,0.648041844367981,0.0,1.9887183904647827,0.1730217337608337,2.6385693550109863,1.5008751153945925,0.0,0.0,0.6990164518356323,1.5804378986358645,0.0,0.0597450733184814,0.0,0.0,1.5213443040847778,0.0,0.0,0.0,0.550314724445343,0.6832101345062256,0.0,0.0,0.4757100045681
final_train_00140,final_train,C1,219,middle,1,middle,0.6540142073293967,0.4416654407978058,0.0219706799834966,0.9538901448249816,0.0241392496973276,0.0461098551750183,0.1991673356032185,0,0.6655483245849609,0.0,0.0,0.0,0.5673920512199402,0.0551272071897983,0.0,0.0,2.1214728355407715,0.0,0.990546464920044,0.0,1.4558175802230835,1.2770649194717407,1.3795503377914429,0.2275393903255462,0.0,1.5434582233428955,1.438856601715088,0.0,0.0,1.8311209678649905,0.0,0.0,0.0,0.0,0.1604406535625457,0.0,0.2865469455718994,0.0,0.0806798338890075,0.0,0.0474940836429595,0.0,0.0,0.0,0.200816124677658,0.0,1.0111219882965088,0.0,1.4184125661849976,0.6317947506904602,0.0,1.9887850284576416,0.1895025968551635,2.620192289352417,1.501665115356445,0.0,0.0,0.710667610168457,1.5683521032333374,0.0,0.066248171031475,0.0,0.0,1.5276676416397097,0.0,0.0,0.0,0.5464142560958862,0.6939164400100708,0.0,0.0,0.4750002324581146
final_train_00141,final_train,C1,220,middle,1,middle,0.6560918316837835,0.4415794909000397,0.022233547642827,0.9533661007881165,0.0244004037231206,0.0466338992118835,0.2009407655429986,0,0.6634937524795532,0.0,0.0,0.0,0.5595065951347351,0.0537901856005191,0.0,0.0,2.116196155548096,0.0,0.9884645342826844,0.0,1.4467792510986328,1.2737993001937866,1.3754974603652954,0.2304663360118866,0.0,1.5370879173278809,1.435590744018555,0.0,0.0,1.824486255645752,0.0,0.0,0.0,0.0,0.1632445156574249,0.0,0.284781813621521,0.0,0.0789840966463089,0.0,0.0387138500809669,0.0,0.0,0.0,0.2034218609333038,0.0,1.002405881881714,0.0,1.4120879173278809,0.6308229565620422,0.0,1.9781742095947263,0.189258188009262,2.611966848373413,1.500904560089111,0.0,0.0,0.7104079723358154,1.564989686012268,0.0,0.0672554746270179,0.0,0.0,1.5290995836257937,0.0,0.0,0.0,0.5465670824050903,0.692529022693634,0.0,0.0,0.4685715734958648
final_train_00142,final_train,C1,221,middle,1,middle,0.6581206860402454,0.4434004127979278,0.0221270453184843,0.9530212879180908,0.0248516332358121,0.0469787120819091,0.2020779260009847,0,0.661659836769104,0.0,0.0,0.0,0.5522944331169128,0.047768197953701,0.0,0.0,2.120121955871582,0.0,1.004573106765747,0.0,1.4447519779205322,1.2765998840332031,1.3634806871414185,0.2318880558013916,0.0,1.5330796241760254,1.4176344871520996,0.0,0.0,1.825222134590149,0.0,0.0,0.0,0.0,0.171158492565155,0.0,0.296901136636734,0.0,0.0806806981563568,0.0,0.0462832525372505,0.0,0.0,0.0,0.1971518099308014,0.0,1.0163605213165283,0.0,1.412264108657837,0.6222612261772156,0.0,1.977234363555908,0.201077789068222,2.611328601837158,1.5013521909713743,0.0,0.0,0.7201725244522095,1.5615135431289673,0.0,0.0736133977770805,0.0,0.0,1.5279268026351929,0.0,0.0,0.0068935230374336,0.5443226099014282,0.6972330808639526,0.0,0.0,0.4694197475910187
final_train_00143,final_train,C1,222,middle,1,middle,0.6601016448249287,0.4514186084270477,0.022612452507019,0.9487383365631104,0.0286491978913545,0.0512616634368896,0.2160808460131432,0,0.632026731967926,0.0,0.0,0.0,0.5160492658615112,0.0,0.0,0.0,2.0828893184661865,0.0,1.0506027936935425,0.0,1.3980302810668943,1.2663685083389282,1.2959446907043457,0.2360020875930786,0.0,1.501309156417847,1.3287239074707031,0.0,0.0,1.7737581729888916,0.0,0.0,0.026249922811985,0.0,0.177142709493637,0.0,0.3344465792179107,0.0,0.0587796233594417,0.0,0.0639565214514732,0.0,0.0,0.0,0.1556512415409088,0.0,1.0834230184555054,0.0,1.4195044040679932,0.5851691365242004,0.0,1.9882985353469849,0.2540169358253479,2.543017864227295,1.493694543838501,0.0,0.0,0.7571173310279846,1.5167909860610962,0.0,0.1060381755232811,0.0,0.0319905541837215,1.544725775718689,0.0,0.0,0.0910922586917877,0.5380523204803467,0.7304428219795227,0.0,0.0,0.4577690064907074
final_train_00144,final_train,C1,223,middle,1,middle,0.6620356526708159,0.4556692242622375,0.0227849762886762,0.9464027285575868,0.0308122858405113,0.0535972714424133,0.2234831517236663,0,0.622882604598999,0.0,0.0,0.0,0.4984886646270752,0.0,0.0,0.0,2.074972629547119,0.0,1.089489221572876,0.0,1.379750370979309,1.2585164308547974,1.2642005681991575,0.2364159822463989,0.0,1.4962822198867798,1.2732264995574951,0.0,0.0,1.7580291032791138,0.0,0.0,0.0629196465015411,0.0,0.1856912523508072,0.0,0.3588316440582275,0.0,0.0630130767822265,0.0,0.0846820846199989,0.0,0.0,0.0,0.1408452689647674,0.0,1.1151424646377563,0.0,1.4308624267578125,0.5665417909622192,0.0,1.9818426370620728,0.2807365357875824,2.5279457569122314,1.4888932704925537,0.0,0.0,0.7759152054786682,1.498059630393982,0.0,0.1326155215501785,0.0,0.0496430993080139,1.54185950756073,0.0,0.0,0.1347755193710327,0.5401739478111267,0.7437484860420227,0.0,0.0,0.4545700252056122
final_train_00145,final_train,C1,224,middle,1,middle,0.6639237235986464,0.4673106670379638,0.0240890849381685,0.9371500611305236,0.0387608781456947,0.0628499388694763,0.2517486808440915,0,0.5877123475074768,0.0,0.0,0.0,0.449719488620758,0.0,0.0,0.0,2.0176219940185547,0.0,1.1600102186203003,0.0,1.3116240501403809,1.2422116994857788,1.167750358581543,0.2284481227397918,0.0,1.451507806777954,1.1400578022003174,0.0,0.0351760610938072,1.6815476417541504,0.0,0.0,0.1415154337882995,0.0,0.2052469849586486,0.0,0.4281175136566162,0.0,0.0335630364716053,0.0,0.118067555129528,0.0,0.0,0.0,0.1007389202713966,0.0,1.1933928728103638,0.0,1.4352890253067017,0.5089768171310425,0.0,1.9777038097381592,0.3491665124893188,2.430258750915528,1.4652057886123655,0.0,0.0,0.8116084337234497,1.4164066314697266,0.0,0.1928802728652954,0.0,0.110114499926567,1.5496585369110107,0.0,0.0,0.2615631818771362,0.5147202610969543,0.7752676010131836,0.0,0.0,0.4286721348762512
final_train_00146,final_train,C1,225,middle,1,middle,0.6657669392617445,0.5158886313438416,0.0358489491045475,0.8337011337280273,0.1304499357938766,0.1662988662719726,0.4884806966095294,0,0.4576238393783569,0.0,0.0,0.0,0.2934610843658447,0.0,0.3919506072998047,0.0,1.7909926176071167,0.0,1.405534029006958,0.0,0.9516250491142272,1.0656887292861938,0.8100649118423462,0.1388586610555648,0.1889985799789428,1.2322330474853516,0.6537058353424072,0.0,0.5704092979431152,1.401752233505249,0.1148235946893692,0.0,0.443181037902832,0.0963364392518997,0.311913788318634,0.0,0.7479050159454346,0.0,0.0,0.0,0.2043682336807251,0.0,0.0,0.1571118384599685,0.0120163261890411,0.0,1.3653815984725952,0.3165985345840454,1.4349219799041748,0.3016569912433624,0.1558259129524231,1.8179190158843996,0.5962340831756592,2.0229837894439697,1.2349666357040403,0.0,0.0,0.8114628195762634,0.9619890451431274,0.0,0.3846261203289032,0.0,0.3301935791969299,1.4917205572128296,0.0,0.0,0.7230332493782043,0.3186112344264984,0.7886594533920288,0.0,0.0,0.3396780788898468
final_train_00147,final_train,C1,226,middle,1,middle,0.6675664482439528,0.5565370917320251,0.0425374880433082,0.5524119734764099,0.40505051612854,0.4475880265235901,0.7538632584536147,0,0.4107941389083862,0.0,0.0,0.0,0.140863612294197,0.0,0.7991365790367126,0.0,1.4418995380401611,0.1910141259431839,1.7180144786834717,0.0,0.6277141571044922,0.8318738341331482,0.4656355381011963,0.0426959730684757,0.4779421687126159,0.924454152584076,0.2302146404981613,0.0,0.9461945295333862,1.1331419944763184,0.3065268993377685,0.0,0.8585897088050842,0.3486416339874267,0.4989473521709442,0.0,1.0656421184539795,0.0,0.0,0.0,0.2516597211360931,0.211848184466362,0.0,0.3479379415512085,0.0,0.0,1.448961853981018,0.722102165222168,1.4143303632736206,0.0554119795560836,0.1973161995410919,1.5346249341964722,0.894005537033081,1.6203147172927856,0.9598796367645264,0.0,0.0,0.8951225876808167,0.5689207911491394,0.0,0.6373733878135681,0.0,0.4868785738945007,1.367848515510559,0.0,0.0,1.2008788585662842,0.1428444981575012,0.8237400054931641,0.149989902973175,0.2366653382778167,0.1385455429553985
final_train_00148,final_train,C1,227,middle,1,late,0.669323464421471,0.603814423084259,0.0309473257511854,0.1770953685045242,0.7919572591781616,0.2080427408218383,0.5450901525823083,1,0.3691750168800354,0.0,0.0,0.0,0.0198461543768644,0.0,1.2016140222549438,0.0,0.92899090051651,0.3600488007068634,2.042548656463623,0.0,0.2927682101726532,0.5152724385261536,0.1107957810163497,0.0,0.8190658688545227,0.5391649603843689,0.0,0.3027262985706329,1.3217438459396362,0.8190627694129944,0.4865213930606842,0.0,1.348300576210022,0.6838801503181458,0.6927653551101685,0.0,1.4067248106002808,0.0,0.0,0.0,0.2539367377758026,0.4988009631633758,0.0,0.5733521580696106,0.0,0.0,1.5275405645370483,1.1814159154891968,1.3564952611923218,0.0,0.1539874970912933,1.128260850906372,1.2344220876693726,1.1465132236480713,0.5691028237342834,0.0,0.0,1.001459002494812,0.1867609322071075,0.0,0.943070948123932,0.0,0.6870588064193726,1.1270182132720947,0.0,0.0556193739175796,1.7195638418197632,0.0,0.8137894868850708,0.4159876108169555,0.6165934801101685,0.0
final_train_00149,final_train,C1,228,late,2,late,0.6710392657927426,0.644677996635437,0.018620952963829,0.0480763427913188,0.933302640914917,0.066697359085083,0.2589702784261571,0,0.3194010555744171,0.0,0.0,0.0,0.0,0.0,1.499400615692139,0.0,0.4600981473922729,0.4245310127735138,2.2726047039031982,0.0,0.0220579206943511,0.2701677083969116,0.0,0.0,1.0828826427459717,0.2152120471000671,0.0,0.6759937405586243,1.5796843767166138,0.5231159925460815,0.6469287276268005,0.0,1.7354804277420044,0.958284556865692,0.8616552352905273,0.0,1.657232642173767,0.0,0.0,0.0,0.2829852998256683,0.747175931930542,0.0,0.8105948567390442,0.0,0.0,1.5307515859603882,1.5340819358825684,1.2582197189331057,0.0,0.1179407909512519,0.7239421010017395,1.5569413900375366,0.7584013938903809,0.2551048398017883,0.0,0.0,1.1213021278381348,0.0,0.0,1.210931420326233,0.0,0.8697195053100586,0.8414762616157532,0.1090580970048904,0.3483734130859375,2.1314918994903564,0.0,0.7717995047569275,0.684702455997467,1.0079662799835205,0.0
final_train_00150,final_train,C1,229,late,2,late,0.6727151928402959,0.679283857345581,0.0125415530055761,0.0165484957396984,0.9709100127220154,0.0290899872779846,0.1378570946567922,0,0.1837012022733688,0.0,0.0,0.0,0.0,0.0,1.7306020259857178,0.0,0.0714447349309921,0.3829199373722076,2.37711763381958,0.0167523249983787,0.0,0.1001723408699035,0.0,0.0,1.24768328666687,0.0,0.0,1.0527383089065552,1.7155475616455078,0.2576387524604797,0.7422928810119629,0.0,1.967235445976257,1.1508102416992188,1.0181655883789062,0.0,1.833644270896912,0.0,0.0,0.0,0.389656662940979,0.9604807496070862,0.0,1.0077177286148071,0.0,0.0,1.4686189889907837,1.7038663625717163,1.185737371444702,0.0,0.1269804239273071,0.4612144231796264,1.8660509586334229,0.3892772793769836,0.0181164741516113,0.0,0.0,1.223499059677124,0.0,0.0,1.342803955078125,0.0,1.0205825567245483,0.5057727694511414,0.3872512876987457,0.696812093257904,2.50756311416626,0.0,0.7286375164985657,0.8873243927955627,1.4073160886764526,0.0
final_train_00151,final_train,C1,230,late,2,late,0.6743526474776406,0.6962051391601562,0.010159564204514,0.0099015915766358,0.9799388647079468,0.0200611352920532,0.1021112554389372,0,0.0297709070146083,0.0,0.0,0.0918017625808715,0.0,0.0,1.8367493152618408,0.0,0.0,0.3281566202640533,2.4046177864074707,0.0192731395363807,0.0,0.0148319527506828,0.0,0.0,1.328479290008545,0.0,0.0,1.232047200202942,1.7473094463348389,0.0902878269553184,0.7899147868156433,0.0,2.076959609985352,1.2530409097671509,1.081745147705078,0.0,1.9160523414611816,0.0,0.0,0.0,0.4049472510814667,1.0427496433258057,0.0,1.1200077533721924,0.0,0.0,1.4336758852005005,1.7546149492263794,1.167468547821045,0.0,0.0646365657448768,0.3117068707942962,2.0196404457092285,0.1693376451730728,0.0,0.0,0.0,1.2997119426727295,0.0,0.0,1.3769526481628418,0.0,1.1069718599319458,0.3065658807754516,0.6018890142440796,0.9252355098724364,2.6916298866271973,0.0,0.6565067768096924,0.9534461498260498,1.605398178100586,0.0
final_train_00152,final_train,C1,231,late,2,late,0.6759530910600745,0.705986738204956,0.0091674150899052,0.0076946322806179,0.9831379652023317,0.0168620347976684,0.0884616474198827,0,0.0,0.0,0.0,0.1871116906404495,0.0,0.0,1.8854951858520508,0.0,0.0,0.2699896097183227,2.3784780502319336,0.0,0.0,0.0,0.0,0.0,1.380577564239502,0.0,0.0,1.3235012292861938,1.7452389001846311,0.0,0.8262037634849548,0.0,2.1306960582733154,1.3073065280914309,1.112515926361084,0.0,1.9557923078536987,0.0,0.0,0.0,0.4094361364841461,1.0798231363296509,0.0,1.1799765825271606,0.0,0.0,1.400528907775879,1.7609275579452517,1.1509385108947754,0.0,0.0254800524562597,0.2211879938840866,2.1006882190704346,0.0323109179735183,0.0,0.0,0.0,1.356482982635498,0.0,0.0,1.375058650970459,0.0,1.1700072288513184,0.1923033595085144,0.7545881271362305,1.0801886320114136,2.786980152130127,0.0,0.5863868594169617,0.9666817784309388,1.7112141847610474,0.0
final_train_00153,final_train,C1,232,late,2,late,0.6775180433315812,0.7127669453620911,0.0086403442546725,0.0066846148110926,0.984675109386444,0.0153248906135559,0.0816812540978584,0,0.0,0.0,0.0,0.2612344622611999,0.0,0.0,1.911978840827942,0.0,0.0,0.2247168272733688,2.3420839309692383,0.0,0.0,0.0,0.0,0.0,1.4156816005706787,0.0,0.0,1.376109957695007,1.74112069606781,0.0,0.8504674434661865,0.0,2.1604995727539062,1.3572028875350952,1.1342746019363403,0.0,1.9882888793945312,0.0,0.0,0.0,0.4032969176769256,1.098151445388794,0.0,1.2242876291275024,0.0,0.0,1.368132472038269,1.7570971250534058,1.138089895248413,0.0,0.0,0.1479739844799041,2.1436309814453125,0.0,0.0,0.0,0.0,1.3981950283050537,0.0,0.0,1.3537986278533936,0.0,1.2181273698806765,0.1148716211318969,0.8776605129241943,1.1915156841278076,2.8444321155548096,0.0,0.5157057642936707,0.9654064774513244,1.7829469442367554,0.0
final_train_00154,final_train,C1,233,late,2,late,0.6790490804356356,0.7178958058357239,0.0083490116521716,0.0059982198290526,0.9856528043746948,0.0143471956253051,0.0772679907715159,0,0.0,0.0,0.0,0.3309120535850525,0.0,0.0,1.9289411306381223,0.0,0.0,0.1808191090822219,2.291220426559448,0.0,0.0,0.0,0.0,0.0,1.436079740524292,0.0,0.0,1.4224884510040283,1.7279813289642334,0.0,0.8622539043426514,0.0,2.1894218921661377,1.4062362909317017,1.16005539894104,0.0,2.024894952774048,0.0,0.0,0.0,0.3933072686195373,1.126681923866272,0.0,1.2623902559280396,0.0,0.0,1.330711841583252,1.741685152053833,1.1234869956970217,0.0,0.0,0.0814861953258514,2.167259454727173,0.0,0.0,0.0,0.0,1.43691086769104,0.0,0.0,1.3217002153396606,0.0,1.2589222192764282,0.045637622475624,1.0004875659942627,1.2935963869094849,2.8826680183410645,0.0,0.4483237266540527,0.9633631706237792,1.8458635807037356,0.0
final_train_00155,final_train,C1,234,late,2,late,0.6805478335110681,0.7190117239952087,0.0083056977018713,0.0058364337310194,0.9858578443527222,0.0141421556472778,0.0763264855528152,0,0.0,0.0,0.0,0.3502841293811798,0.0,0.0,1.9328473806381223,0.0,0.0,0.1691462248563766,2.2729086875915527,0.0,0.0,0.0,0.0,0.0,1.447850227355957,0.0,0.0,1.4290502071380615,1.7262561321258545,0.0,0.8664863109588623,0.0,2.192484140396118,1.4239332675933838,1.1657249927520752,0.0,2.030280590057373,0.0198732540011405,0.0,0.0,0.3889393210411072,1.1326621770858765,0.0,1.270535230636597,0.0,0.0,1.316500544548035,1.738270282745361,1.118032932281494,0.0,0.0,0.0551967062056064,2.1691274642944336,0.0,0.0,0.0,0.0,1.445620059967041,0.0,0.0,1.309816837310791,0.0,1.2685891389846802,0.0261251367628574,1.036492109298706,1.3209155797958374,2.8925211429595947,0.0,0.4197519719600677,0.9626875519752502,1.862311840057373,0.0
final_train_00156,final_train,C1,235,late,2,late,0.6820159868198822,0.7208083271980286,0.0082265473902225,0.0056058568879961,0.98616760969162,0.0138323903083801,0.0749011727391272,0,0.0,0.0,0.0,0.3801016509532928,0.0,0.0,1.9365460872650144,0.0,0.0,0.154154822230339,2.247953176498413,0.0,0.0,0.0,0.0,0.0,1.4587857723236084,0.0,0.0,1.4486099481582642,1.7154496908187866,0.0,0.8707190752029419,0.0,2.202415704727173,1.4434573650360107,1.1753666400909424,0.0,2.0439159870147705,0.0481316670775413,0.0,0.0,0.381460964679718,1.15020751953125,0.0,1.2844994068145752,0.0,0.0,1.3014378547668457,1.7286274433135986,1.107582926750183,0.0,0.0,0.0213044267147779,2.173481702804565,0.0,0.0,0.0,0.0,1.4610450267791748,0.0,0.0,1.2948527336120603,0.0,1.2849091291427612,0.0,1.095058560371399,1.3595184087753296,2.9040377140045166,0.0,0.3882070779800415,0.9628719687461852,1.88795804977417,0.0
final_train_00157,final_train,C1,236,late,2,late,0.6834552763431168,0.7213538885116577,0.0081935822963714,0.005508255213499,0.9862980842590332,0.0137019157409667,0.0742974830760343,0,0.0,0.0,0.0,0.3930089771747589,0.0,0.0,1.9374877214431765,0.0,0.0,0.1467939019203186,2.23564076423645,0.0,0.0,0.0,0.0,0.0,1.466468334197998,0.0,0.0,1.457033634185791,1.7115392684936523,0.0,0.8722703456878662,0.0,2.2054293155670166,1.455686330795288,1.1788252592086792,0.0,2.049110412597656,0.0638116672635078,0.0,0.0,0.3764331936836242,1.1605758666992188,0.0,1.291209101676941,0.0,0.0,1.2935529947280884,1.7227498292922974,1.1027597188949585,0.0,0.0,0.0009438376873731,2.1713099479675293,0.0,0.0,0.0,0.0,1.4681754112243652,0.0,0.0,1.2862714529037476,0.0,1.2906978130340576,0.0,1.1257990598678589,1.3788944482803345,2.910888195037842,0.0,0.3683661520481109,0.9626553058624268,1.901848077774048,0.0
final_train_00158,final_train,C1,237,late,2,late,0.6848674877916536,0.7211713790893555,0.008201322518289,0.0055333799682557,0.986265242099762,0.013734757900238,0.0744497957630053,0,0.0,0.0,0.0,0.3854519128799438,0.0,0.0,1.9388518333435056,0.0,0.0,0.1490530669689178,2.244208812713623,0.0,0.0,0.0,0.0,0.0,1.4709622859954834,0.0,0.0,1.449904203414917,1.7157975435256958,0.0,0.8738503456115723,0.0,2.2044968605041504,1.4512267112731934,1.17570960521698,0.0,2.044189214706421,0.0591325536370277,0.0,0.0,0.3799431622028351,1.1569631099700928,0.0,1.2917187213897705,0.0,0.0,1.294081211090088,1.7265363931655884,1.1052383184432983,0.0,0.0,0.0054135024547576,2.166572570800781,0.0,0.0,0.0,0.0,1.4636740684509275,0.0,0.0,1.292917251586914,0.0,1.2875789403915403,0.0,1.1089059114456177,1.3719066381454468,2.9092113971710205,0.0,0.3704111874103546,0.9625946283340454,1.896641492843628,0.0
final_train_00159,final_train,C1,238,late,2,late,0.6862544548510455,0.7215334177017212,0.0081664212048053,0.0054937219247221,0.986339807510376,0.013660192489624,0.0741103254455817,0,0.0,0.0,0.0,0.3872785270214081,0.0,0.0,1.940601229667664,0.0,0.0,0.1429336369037628,2.2449493408203125,0.0,0.0,0.0,0.0,0.0,1.4732491970062256,0.0,0.0,1.452292561531067,1.7166109085083008,0.0,0.8746398091316223,0.0,2.207072257995605,1.4544554948806765,1.1760050058364868,0.0,2.048011779785156,0.0603299364447593,0.0,0.0,0.3807138204574585,1.1606595516204834,0.0,1.2968556880950928,0.0,0.0,1.2926523685455322,1.7267301082611084,1.104772448539734,0.0,0.0,0.0033737272024154,2.166739225387573,0.0,0.0,0.0,0.0,1.4667785167694092,0.0,0.0,1.2931009531021118,0.0,1.290199637413025,0.0,1.114508032798767,1.3792153596878052,2.911826133728028,0.0,0.3677922785282135,0.9615999460220336,1.900275945663452,0.0
final_train_00160,final_train,C1,239,late,2,late,0.6876180574263471,0.7219964861869812,0.0081280497834086,0.0054603577591478,0.9864115715026855,0.0135884284973144,0.0737850562398067,0,0.0,0.0,0.0,0.3903427124023437,0.0,0.0,1.942736268043518,0.0,0.0,0.1404860764741897,2.2462894916534424,0.0,0.0,0.0,0.0,0.0,1.474966049194336,0.0,0.0,1.4542149305343628,1.718629002571106,0.0,0.8774077296257019,0.0,2.207554817199707,1.455011963844299,1.1764253377914429,0.0,2.0507078170776367,0.0606240555644035,0.0,0.0,0.3795010447502136,1.1620782613754272,0.0,1.3005071878433228,0.0,0.0,1.293992280960083,1.728439450263977,1.1033225059509275,0.0,0.0,0.0008039735257625,2.169684648513794,0.0,0.0,0.0,0.0,1.4687316417694092,0.0,0.0,1.29373300075531,0.0,1.2914880514144895,0.0,1.1180535554885864,1.3831610679626465,2.914886951446533,0.0,0.3696672022342682,0.9614953398704528,1.902413249015808,0.0
final_train_00161,final_train,C1,240,late,2,late,0.6889602198869407,0.722618818283081,0.00808085501194,0.0054116193205118,0.986507534980774,0.013492465019226,0.0733480227933585,0,0.0,0.0,0.0,0.3951179981231689,0.0,0.0,1.9442192316055296,0.0,0.0,0.1327926516532898,2.2446489334106445,0.0,0.0,0.0,0.0,0.0,1.47509503364563,0.0,0.0,1.4600038528442385,1.7181318998336792,0.0,0.8790973424911499,0.0,2.2099926471710205,1.4582834243774414,1.1776657104492188,0.0,2.057780742645264,0.0622810795903205,0.0,0.0,0.377922385931015,1.1657192707061768,0.0,1.3068475723266602,0.0,0.0,1.293742299079895,1.7284095287322998,1.1002495288848877,0.0,0.0,0.0,2.173673391342163,0.0,0.0,0.0,0.0,1.4742581844329834,0.0,0.0,1.2919281721115112,0.0,1.2950904369354248,0.0,1.1294593811035156,1.393219828605652,2.918419361114502,0.0,0.3697303533554077,0.9607595801353456,1.9064668416976929,0.0
final_train_00162,final_train,C1,241,late,2,late,0.6902829088433233,0.7232464551925659,0.0080332942306995,0.005374377593398,0.9865923523902892,0.0134076476097106,0.0729632906711866,0,0.0,0.0,0.0,0.4028776586055755,0.0,0.0,1.947265386581421,0.0,0.0,0.1303160786628723,2.24383807182312,0.0,0.0,0.0,0.0,0.0,1.4768295288085938,0.0,0.0,1.4643738269805908,1.7172147035598757,0.0,0.885708212852478,0.0,2.211764335632324,1.4545572996139526,1.1789233684539795,0.0,2.061522483825684,0.0642513856291771,0.0,0.0,0.3747063875198364,1.168535590171814,0.0,1.311275601387024,0.0,0.0,1.2958993911743164,1.7307051420211792,1.0956259965896606,0.0,0.0,0.0,2.1775050163269043,0.0,0.0,0.0,0.0,1.476571798324585,0.0,0.0,1.2946888208389282,0.0,1.298809289932251,0.0,1.1353325843811035,1.397416591644287,2.9196255207061768,0.0,0.3742781579494476,0.9617276787757874,1.9088354110717771,0.0
final_train_00163,final_train,C1,242,late,2,late,0.6915881317429678,0.723472535610199,0.0080274324864149,0.0053622294217348,0.9866103529930116,0.0133896470069885,0.0728799693446749,0,0.0,0.0,0.0,0.407250314950943,0.0,0.0,1.9475367069244385,0.0,0.0,0.1273510009050369,2.2413179874420166,0.0,0.0,0.0,0.0,0.0,1.4739627838134766,0.0,0.0,1.4695223569869995,1.7131184339523315,0.0,0.8865283727645874,0.0,2.2130916118621826,1.4519498348236084,1.178990364074707,0.0,2.063652515411377,0.0648451820015907,0.0,0.0,0.3730977773666382,1.1714951992034912,0.0,1.3131479024887085,0.0,0.0,1.296105980873108,1.7304158210754397,1.0904446840286257,0.0,0.0,0.0,2.1814584732055664,0.0,0.0,0.0,0.0,1.4781842231750488,0.0,0.0,1.2947266101837158,0.0,1.3002389669418335,0.0,1.1423673629760742,1.401438593864441,2.918962001800537,0.0,0.3785276412963867,0.9617087841033936,1.9105629920959477,0.0
final_train_00164,final_train,C1,243,late,2,late,0.6928779344130844,0.7236882448196411,0.0080193253234028,0.0053468160331249,0.9866338968276978,0.0133661031723022,0.0727712569188259,0,0.0,0.0,0.0,0.4129581153392792,0.0,0.0,1.9485396146774288,0.0,0.0,0.1254309862852096,2.237501382827759,0.0,0.0,0.0,0.0,0.0,1.4733607769012451,0.0,0.0,1.473608374595642,1.709636688232422,0.0,0.8882314562797546,0.0,2.2127456665039062,1.450913429260254,1.179226279258728,0.0,2.066969871520996,0.0659298375248909,0.0,0.0,0.3707878589630127,1.174899697303772,0.0,1.3150625228881836,0.0,0.0,1.295288324356079,1.729553461074829,1.086753487586975,0.0,0.0,0.0,2.183919906616211,0.0,0.0,0.0,0.0,1.4797062873840332,0.0,0.0,1.2936345338821411,0.0,1.3023016452789309,0.0,1.1511529684066772,1.4053936004638672,2.918367624282837,0.0,0.3807292580604553,0.9614378809928894,1.9139070510864256,0.0
final_train_00165,final_train,C1,244,late,2,late,0.6941543995394726,0.723726212978363,0.0080140782520174,0.0053232344798743,0.9866626858711244,0.0133373141288757,0.072636264976435,0,0.0,0.0,0.0,0.4136566519737243,0.0,0.0,1.946084260940552,0.0,0.0,0.1180548816919326,2.232727527618408,0.0,0.0,0.0,0.0,0.0,1.471419334411621,0.0,0.0,1.4781345129013062,1.705427646636963,0.0,0.8842867612838745,0.0,2.2161705493927,1.4571043252944946,1.180582046508789,0.0,2.071595907211304,0.0691075101494789,0.0,0.0,0.3726407885551452,1.178635835647583,0.0,1.3183680772781372,0.0,0.0,1.291919827461243,1.725804090499878,1.0842924118041992,0.0,0.0,0.0,2.184248208999634,0.0,0.0,0.0,0.0,1.485274076461792,0.0,0.0,1.2884061336517334,0.0,1.3047502040863037,0.0,1.164794921875,1.4141643047332764,2.921579122543335,0.0,0.373923122882843,0.9604886174201964,1.9176042079925537,0.0
final_train_00166,final_train,C1,245,late,2,late,0.6957773433598424,0.7238813638687134,0.0080079538747668,0.0053129205480217,0.9866790175437928,0.0133209824562072,0.0725604918052553,0,0.0,0.0,0.0014959424734115,0.4150905907154083,0.0,0.0,1.9463602304458616,0.0,0.0,0.117737278342247,2.23196029663086,0.0,0.0,0.0,0.0,0.0,1.472742795944214,0.0,0.0,1.4794477224349976,1.7065556049346924,0.0,0.8848209977149963,0.0,2.214475154876709,1.4602947235107422,1.1801261901855469,0.0,2.0750343799591064,0.0689769312739372,0.0,0.0,0.3706439733505249,1.180067539215088,0.0,1.3197673559188845,0.0,0.0,1.2918754816055298,1.7246781587600708,1.086434006690979,0.0,0.0,0.0,2.183864116668701,0.0,0.0,0.0,0.0,1.4861230850219729,0.0,0.0,1.286152720451355,0.0,1.306821584701538,0.0,1.169680953025818,1.4163284301757812,2.921210765838623,0.0,0.3719083964824676,0.9592788219451904,1.919855237007141,0.0
final_train_00167,final_train,C1,246,late,2,late,0.6979584125730586,0.7235256433486938,0.0080434484407305,0.0053156898356974,0.9866408705711364,0.0133591294288635,0.0727290062380374,0,0.0,0.0,0.0068383440375328,0.4146337807178497,0.0,0.0,1.9450838565826416,0.0,0.0,0.1154020652174949,2.228035926818848,0.0,0.0,0.0,0.0,0.0,1.4708123207092283,0.0,0.0,1.4808346033096311,1.7063905000686646,0.0,0.8804654479026794,0.0,2.212953567504883,1.4677529335021973,1.1795727014541626,0.0,2.076885938644409,0.0708747878670692,0.0,0.0,0.3693113923072815,1.1836262941360474,0.0,1.3192157745361328,0.0,0.0,1.2885706424713137,1.720037817955017,1.0888006687164309,0.0,0.0,0.0,2.1807572841644287,0.0,0.0,0.0,0.0,1.486771583557129,0.0,0.0,1.2808212041854858,0.0,1.307318091392517,0.0,1.1776012182235718,1.4208061695098877,2.920409202575684,0.0,0.3646907806396484,0.9570161700248718,1.925095558166504,0.0
final_train_00168,final_train,C1,247,late,2,late,0.7007012486907094,0.7234761714935303,0.0080481264740228,0.0053197080269455,0.9866321682929992,0.0133678317070007,0.0727685984490235,0,0.0,0.0,0.0062301605939865,0.4146255552768707,0.0,0.0,1.944966197013855,0.0,0.0,0.1176013872027397,2.2275869846343994,0.0,0.0,0.0,0.0,0.0,1.4718351364135742,0.0,0.0,1.479954957962036,1.7067475318908691,0.0,0.8804726600646973,0.0,2.212334394454956,1.4684613943099976,1.1797993183135986,0.0,2.0754642486572266,0.0720007345080375,0.0,0.0,0.3680616915225982,1.1837100982666016,0.0,1.318207621574402,0.0,0.0,1.2883607149124146,1.7198821306228638,1.0897432565689087,0.0,0.0,0.0,2.179553747177124,0.0,0.0,0.0,0.0,1.4860789775848389,0.0,0.0,1.280334711074829,0.0,1.3074647188186646,0.0,1.1767266988754272,1.4197754859924316,2.919823408126831,0.0,0.3625808954238891,0.9570107460021972,1.9248311519622805,0.0
final_train_00169,final_train,C1,248,late,2,late,0.7040089156561428,0.7228522300720215,0.0081099029630422,0.0053370231762528,0.9865531325340272,0.0134468674659729,0.0731210288067339,0,0.0,0.0,0.0128950476646423,0.4157282710075378,0.0,0.0,1.9427295923233032,0.0,0.0,0.1183364391326904,2.2228598594665527,0.0,0.0,0.0,0.0,0.0,1.468717098236084,0.0,0.0,1.4833943843841553,1.7002140283584597,0.0,0.875791072845459,0.0,2.213792324066162,1.4688631296157837,1.1786401271820068,0.0,2.0711669921875,0.0755568072199821,0.0,0.0,0.3672859370708465,1.189482569694519,0.0,1.3161028623580933,0.0,0.0,1.284989833831787,1.716214895248413,1.086108684539795,0.0,0.0,0.0,2.177884340286255,0.0,0.0,0.0,0.0,1.484530687332153,0.0,0.0,1.2785993814468384,0.0,1.3070988655090332,0.0,1.1833255290985107,1.4217760562896729,2.9160993099212646,0.0,0.3583326637744903,0.9561663269996644,1.9277411699295044,0.0
final_train_00170,final_train,C1,249,late,2,late,0.7078838958660797,0.7227482199668884,0.008121377788484,0.0053598610684275,0.9865188002586364,0.0134811997413635,0.0732796417958641,0,0.0,0.0,0.0066834911704063,0.4147548973560333,0.0,0.0,1.9438172578811648,0.0,0.0,0.1238179132342338,2.223259210586548,0.0,0.0,0.0,0.0,0.0,1.4716250896453855,0.0,0.0,1.4801712036132812,1.6995105743408203,0.0,0.8781535625457764,0.0,2.210116386413574,1.4643837213516235,1.1775861978530884,0.0,2.0669007301330566,0.0732002481818199,0.0,0.0,0.3667577505111694,1.1868135929107666,0.0,1.3127764463424685,0.0,0.0,1.2844769954681396,1.7180849313735962,1.0863664150238037,0.0,0.0,0.0,2.176534652709961,0.0,0.0,0.0,0.0,1.4802474975585938,0.0,0.0,1.28035306930542,0.0,1.3051273822784424,0.0,1.1763406991958618,1.415480136871338,2.9132912158966064,0.0,0.3610704839229584,0.9576702117919922,1.9242935180664065,0.0
final_train_00171,final_train,C1,250,late,2,late,0.7123280874793507,0.721849262714386,0.008192166686058,0.0054088649339973,0.9863990545272828,0.0136009454727172,0.0738210066184359,0,0.0,0.0,0.0060742944478988,0.4108089506626129,0.0,0.0,1.9390835762023928,0.0,0.0,0.1299879997968673,2.2207372188568115,0.0,0.0,0.0,0.0,0.0,1.4685297012329102,0.0,0.0,1.4774644374847412,1.692224144935608,0.0,0.8723025321960449,0.0,2.211488723754883,1.460063099861145,1.1766763925552368,0.0,2.0555214881896973,0.0758550241589546,0.0,0.0,0.370297908782959,1.1851400136947632,0.0,1.3069310188293457,0.0,0.0,1.281124234199524,1.716190218925476,1.0807956457138062,0.0,0.0,0.0,2.175074815750122,0.0,0.0,0.0,0.0,1.4768784046173096,0.0,0.0,1.2802478075027466,0.0,1.2994120121002195,0.0,1.1729025840759275,1.4087576866149902,2.9126644134521484,0.0,0.3583387732505798,0.9585946202278136,1.9211106300354004,0.0
final_train_00172,final_train,C1,251,late,2,late,0.7173428017256361,0.7215537428855896,0.0082253217697143,0.0054506408050656,0.9863240122795104,0.0136759877204895,0.0741634473689551,0,0.0,0.0,0.0,0.4072657525539398,0.0,0.0,1.938341498374939,0.0,0.0,0.1375025659799575,2.2221007347106934,0.0,0.0,0.0,0.0,0.0,1.4711546897888184,0.0,0.0,1.4722888469696045,1.6909945011138916,0.0,0.8737675547599792,0.0,2.207855463027954,1.4536744356155396,1.1743022203445437,0.0,2.048789501190185,0.0731490477919578,0.0,0.0,0.3715648949146271,1.180595874786377,0.0,1.302650809288025,0.0,0.0,1.2797685861587524,1.717193841934204,1.080708622932434,0.0,0.0,0.0,2.171967029571533,0.0,0.0,0.0,0.0,1.4712390899658203,0.0,0.0,1.2826873064041138,0.0,1.296299695968628,0.0,1.162572979927063,1.3992646932601929,2.9092321395874023,0.0,0.360113263130188,0.9594182968139648,1.916584014892578,0.0
final_train_00173,final_train,C1,252,late,2,late,0.7225710619997311,0.7209881544113159,0.0082998005673289,0.0055047101341187,0.9861955642700196,0.0138044357299804,0.074743142985719,0,0.0,0.0,0.0,0.399703174829483,0.0,0.0,1.936113238334656,0.0,0.0,0.1399806439876556,2.221798658370972,0.0,0.0,0.0,0.0,0.0,1.4708211421966553,0.0,0.0,1.468353509902954,1.690895915031433,0.0,0.8681525588035583,0.0,2.2012643814086914,1.4556792974472046,1.169868230819702,0.0,2.047264575958252,0.0672684833407402,0.0,0.0,0.3725351095199585,1.177251219749451,0.0,1.2981258630752563,0.0,0.0,1.2764561176300049,1.7145828008651731,1.0854045152664185,0.0,0.0,0.0,2.168060541152954,0.0,0.0,0.0,0.0,1.4662775993347168,0.0,0.0,1.2787082195281982,0.0,1.2923190593719482,0.0,1.156543493270874,1.3954548835754397,2.9030308723449707,0.0,0.3595431447029114,0.9572533369064332,1.912981390953064,0.0
final_train_00174,final_train,C1,253,late,2,late,0.7278035041440307,0.720787763595581,0.0083001842722296,0.0055052950046956,0.9861944913864136,0.0138055086135864,0.0747476664534695,0,0.0,0.0,0.0,0.3939054608345032,0.0,0.0,1.9336875677108765,0.0,0.0,0.1378238648176193,2.2221555709838867,0.0,0.0,0.0,0.0,0.0,1.4725122451782229,0.0,0.0,1.4647012948989868,1.6929292678833008,0.0,0.8636678457260132,0.0,2.202216386795044,1.4620591402053833,1.1716827154159546,0.0,2.0477726459503174,0.0689251348376274,0.0,0.0,0.3763761222362518,1.1743156909942627,0.0,1.2981364727020264,0.0,0.0,1.2744916677474976,1.712453007698059,1.088881254196167,0.0,0.0,0.0,2.165013313293457,0.0,0.0,0.0,0.0,1.4692089557647705,0.0,0.0,1.2749757766723633,0.0,1.2907391786575315,0.0,1.155354619026184,1.3965903520584106,2.907904148101806,0.0,0.351491630077362,0.957017719745636,1.9111659526824951,0.0
final_train_00175,final_train,C1,254,late,2,late,0.7330382089376536,0.7205868363380432,0.0083049554377794,0.0054971794597804,0.9861978888511658,0.0138021111488342,0.074730040527407,0,0.0,0.0,0.0,0.3922784030437469,0.0,0.0,1.9320826530456543,0.0,0.0,0.1358214318752288,2.219854593276977,0.0,0.0,0.0,0.0,0.0,1.4725661277770996,0.0,0.0,1.4639774560928345,1.694161057472229,0.0,0.8593475818634033,0.0,2.204214811325073,1.470317840576172,1.1731654405593872,0.0,2.0478460788726807,0.0736771896481514,0.0,0.0,0.377849131822586,1.1759278774261477,0.0,1.2986363172531128,0.0,0.0,1.2715299129486084,1.7081623077392578,1.0917381048202517,0.0,0.0,0.0,2.160755157470703,0.0,0.0,0.0,0.0,1.4716029167175293,0.0,0.0,1.2707858085632324,0.0,1.292001724243164,0.0,1.159298539161682,1.400269865989685,2.9105021953582764,0.0,0.3396041095256805,0.9549831748008728,1.915364146232605,0.0
final_train_00176,final_train,C1,255,late,2,late,0.7382732731902786,0.7206446528434753,0.0083034364506602,0.0054947375319898,0.986201822757721,0.013798177242279,0.074711919529162,0,0.0,0.0,0.0,0.3944120109081268,0.0,0.0,1.9336698055267332,0.0,0.0,0.1377082616090774,2.218801498413086,0.0,0.0,0.0,0.0,0.0,1.4743273258209229,0.0,0.0,1.4640692472457886,1.6953651905059814,0.0,0.8608431816101074,0.0,2.2033064365386963,1.4710224866867063,1.17425274848938,0.0,2.047325372695923,0.0764896050095558,0.0,0.0,0.375206857919693,1.1770238876342771,0.0,1.2976500988006592,0.0,0.0,1.2713488340377808,1.707524657249451,1.092865824699402,0.0,0.0,0.0,2.15887713432312,0.0,0.0,0.0,0.0,1.4707660675048828,0.0,0.0,1.271015763282776,0.0,1.294084548950195,0.0,1.1577932834625244,1.4003008604049685,2.908774375915528,0.0,0.3370205760002136,0.9543880224227904,1.917335629463196,0.0
final_train_00177,final_train,C1,256,late,2,late,0.7435068116143274,0.7203298211097717,0.0083425184711813,0.005535792093724,0.9861217141151428,0.0138782858848571,0.075075567001804,0,0.0,0.0,0.0,0.3926597535610199,0.0,0.0,1.9347561597824097,0.0,0.0,0.1454095542430877,2.220080852508545,0.0,0.0,0.0,0.0,0.0,1.4750676155090332,0.0,0.0,1.460208296775818,1.696619749069214,0.0,0.8623709678649902,0.0,2.1988120079040527,1.465839385986328,1.1732364892959597,0.0,2.040565729141236,0.0747029557824134,0.0,0.0,0.3736559748649597,1.1732418537139893,0.0,1.291412353515625,0.0,0.0,1.2729135751724243,1.7090718746185305,1.0940321683883667,0.0,0.0,0.0,2.157475233078003,0.0,0.0,0.0,0.0,1.463782548904419,0.0,0.0,1.2734589576721191,0.0,1.2923305034637451,0.0,1.1453765630722046,1.392153024673462,2.9037322998046875,0.0,0.3402535319328308,0.9550829529762268,1.9136073589324951,0.0
final_train_00178,final_train,C1,257,late,2,late,0.7487369589311712,0.7210958003997803,0.0082473112270236,0.0054746991954743,0.986277997493744,0.0137220025062561,0.0743729849747853,0,0.0,0.0,0.0,0.3846694827079773,0.0,0.0,1.9338139295578003,0.0,0.0,0.1273615211248397,2.225146532058716,0.0,0.0,0.0,0.0,0.0,1.4817805290222168,0.0,0.0,1.4529374837875366,1.716080665588379,0.0,0.862265408039093,0.0,2.1960837841033936,1.4904048442840576,1.1741647720336914,0.0,2.063229560852051,0.0711972638964653,0.0,0.0,0.3784671723842621,1.1624925136566162,0.0,1.3053864240646362,0.0,0.0,1.2647019624710083,1.707252860069275,1.1173996925354004,0.0,0.0,0.0,2.1453888416290283,0.0,0.0,0.0,0.0,1.4763455390930176,0.0,0.0,1.2658212184906006,0.0,1.299761414527893,0.0,1.1503056287765503,1.4038050174713137,2.9126436710357666,0.0,0.3182548880577087,0.9468185305595398,1.9237669706344604,0.0
final_train_00179,final_train,C1,258,late,2,late,0.7539618725623903,0.7209804058074951,0.0082889618352055,0.0054963915608823,0.9862145781517028,0.0137854218482971,0.0746568444443011,0,0.0,0.0,0.0,0.390787661075592,0.0,0.0,1.934850096702576,0.0,0.0,0.1330745667219162,2.2222135066986084,0.0,0.0,0.0,0.0,0.0,1.4808800220489502,0.0,0.0,1.4586331844329834,1.7046949863433838,0.0,0.8644196391105652,0.0,2.1964056491851807,1.47857403755188,1.17146897315979,0.0,2.061185836791992,0.0695161148905754,0.0,0.0,0.3790817558765411,1.1694257259368896,0.0,1.3035601377487185,0.0,0.0,1.2666757106781006,1.702857494354248,1.1098487377166748,0.0,0.0,0.0,2.145745038986206,0.0,0.0,0.0,0.0,1.469419240951538,0.0,0.0,1.2683629989624023,0.0,1.302897334098816,0.0,1.1529847383499146,1.3994194269180298,2.904752254486084,0.0,0.3231916129589081,0.9471002817153932,1.924089193344116,0.0
final_train_00180,final_train,C1,259,late,2,late,0.7591797346189703,0.721794605255127,0.0082025835290551,0.0054854708723723,0.986311972141266,0.0136880278587341,0.0742290003513791,0,0.0,0.0,0.0,0.3905805945396423,0.0,0.0,1.943008542060852,0.0,0.0,0.1358172446489334,2.234086275100708,0.0,0.0,0.0,0.0,0.0,1.4871480464935305,0.0,0.0,1.450519561767578,1.7199667692184448,0.0,0.8766240477561951,0.0,2.1880617141723637,1.4724740982055664,1.1726584434509275,0.0,2.07035756111145,0.0576242133975029,0.0,0.0,0.3764878213405609,1.1584889888763428,0.0,1.3031409978866575,0.0,0.0,1.2753201723098757,1.7125935554504397,1.1228731870651243,0.0,0.0,0.0,2.146690845489502,0.0,0.0,0.0,0.0,1.4672675132751465,0.0,0.0,1.2753299474716189,0.0,1.302299976348877,0.0,1.132830023765564,1.3907228708267212,2.906449794769287,0.0,0.341771125793457,0.9488539695739746,1.9184880256652832,0.0
final_train_00181,final_train,C1,260,late,2,late,0.7643887540075051,0.7216173410415649,0.0082387225702404,0.0055168084800243,0.98624449968338,0.0137555003166198,0.0745344870152824,0,0.0,0.0,0.0,0.3859215080738067,0.0,0.0,1.94132936000824,0.0,0.0,0.1402541249990463,2.236557722091675,0.0,0.0,0.0,0.0,0.0,1.483834743499756,0.0,0.0,1.4485692977905271,1.7211860418319702,0.0,0.8728445172309875,0.0,2.18361234664917,1.4754189252853394,1.1681708097457886,0.0,2.0686678886413574,0.0540114715695381,0.0,0.0,0.375285804271698,1.1556026935577393,0.0,1.3002279996871948,0.0,0.0,1.277547836303711,1.710387110710144,1.1236027479171753,0.0,0.0,0.0,2.1478359699249268,0.0,0.0,0.0,0.0,1.4641518592834473,0.0,0.0,1.269827961921692,0.0,1.2988970279693604,0.0,1.1307398080825806,1.3870880603790283,2.907158374786377,0.0,0.3431970179080963,0.9453001022338868,1.91723906993866,0.0
final_train_00182,final_train,C1,261,late,2,late,0.7695871692384717,0.722419798374176,0.0081361522898077,0.0054438249208033,0.9864199757575988,0.0135800242424011,0.0737422494505392,0,0.0,0.0,0.0,0.3948096334934234,0.0,0.0,1.9443055391311648,0.0,0.0,0.1364461332559585,2.2394003868103027,0.0,0.0,0.0,0.0,0.0,1.4825167655944824,0.0,0.0,1.4563989639282229,1.7217938899993896,0.0,0.8804416060447693,0.0,2.192816734313965,1.472347378730774,1.1721760034561155,0.0,2.073479413986206,0.0572520717978477,0.0,0.0,0.3739385306835174,1.1605796813964844,0.0,1.3067893981933594,0.0,0.0,1.2828290462493896,1.7150633335113523,1.1191421747207642,0.0,0.0,0.0,2.154210329055786,0.0,0.0,0.0,0.0,1.470869541168213,0.0,0.0,1.2753348350524902,0.0,1.3036282062530518,0.0,1.139718770980835,1.3918336629867554,2.913445472717285,0.0,0.3507120311260223,0.9483060836791992,1.9218010902404783,0.0
final_train_00183,final_train,C1,262,late,2,late,0.774773249479332,0.7217071652412415,0.0082210535183548,0.0054884641431272,0.9862903952598572,0.0137096047401428,0.0743237490289547,0,0.0,0.0,0.0,0.3929480016231537,0.0,0.0,1.9411038160324097,0.0,0.0,0.1391985565423965,2.231520891189575,0.0,0.0,0.0,0.0,0.0,1.4760804176330566,0.0,0.0,1.45781672000885,1.7147181034088137,0.0,0.872541606426239,0.0,2.1890528202056885,1.4761303663253784,1.1705769300460815,0.0,2.0694165229797363,0.0580811277031898,0.0,0.0,0.370274007320404,1.1598124504089355,0.0,1.3001915216445925,0.0,0.0,1.2774991989135742,1.7109625339508057,1.1144540309906006,0.0,0.0,0.0,2.1559271812438965,0.0,0.0,0.0,0.0,1.469977855682373,0.0,0.0,1.2647178173065186,0.0,1.296578049659729,0.0,1.1441991329193115,1.393729329109192,2.9133427143096924,0.0,0.3500834703445434,0.9475212097167968,1.9191638231277464,0.0
final_train_00184,final_train,C1,292,late,2,late,0.9178464122952298,0.730278491973877,0.0077301762066781,0.0049323881976306,0.9873374104499816,0.0126625895500183,0.0695163607725924,0,0.0,0.0,0.0471569299697876,0.4617412686347961,0.0,0.07346111536026,1.975014090538025,0.0,0.0,0.0310936439782381,2.211456537246704,0.0,0.0,0.0,0.0,0.0,1.4740610122680664,0.0,0.0,1.5403144359588623,1.741808533668518,0.0,0.9255096912384032,0.0,2.1983392238616943,1.4937752485275269,1.1993238925933838,0.0,2.2222225666046143,0.0476319715380668,0.0,0.0,0.3419339954853058,1.2168720960617063,0.0,1.3857269287109375,0.0,0.0,1.3016164302825928,1.710843563079834,1.1330270767211914,0.0,0.0066302176564931,0.0,2.1746301651000977,0.0,0.0,0.0,0.0,1.5313897132873535,0.0,0.0,1.2631161212921145,0.0,1.382041573524475,0.0,1.2674671411514282,1.5112470388412476,2.9095418453216557,0.0056817829608917,0.375728577375412,0.9462915658950806,1.970038056373596,0.0
final_train_00185,final_train,C1,293,late,2,late,0.9220480150676796,0.7303913831710815,0.0077223181724548,0.0049293530173599,0.9873483180999756,0.0126516819000244,0.0694670163177903,0,0.0,0.0,0.0436957627534866,0.4630322158336639,0.0,0.0737953707575798,1.9745969772338867,0.0,0.0,0.0322793610394001,2.211719274520874,0.0,0.0,0.0,0.0,0.0,1.4751102924346924,0.0,0.0,1.5426162481307983,1.7382580041885376,0.0,0.9278084635734558,0.0,2.2015938758850098,1.487969994544983,1.1998426914215088,0.0,2.2207510471343994,0.0496997758746147,0.0,0.0,0.3430023789405823,1.2160892486572266,0.0,1.3867263793945312,0.0,0.0,1.3024814128875732,1.711925387382507,1.1285003423690796,0.0,0.007110864855349,0.0,2.1743619441986084,0.0,0.0,0.0,0.0,1.5308074951171875,0.0,0.0,1.265349268913269,0.0,1.381423830986023,0.0,1.2674624919891355,1.511001467704773,2.9101569652557373,0.0061389803886413,0.3776523172855377,0.9484571814537048,1.9669203758239744,0.0
final_train_00186,final_train,C1,294,late,2,late,0.9262089099272408,0.7304508090019226,0.0077240956015884,0.0049314401112496,0.98734450340271,0.01265549659729,0.069484879607228,0,0.0,0.0,0.0415373370051384,0.4630219936370849,0.0,0.0749475732445716,1.975089192390442,0.0,0.0,0.0325711965560913,2.212963819503784,0.0,0.0,0.0,0.0,0.0,1.4757885932922363,0.0,0.0,1.542973875999451,1.7378997802734375,0.0,0.9286535382270812,0.0,2.201392650604248,1.485390067100525,1.1983383893966677,0.0,2.220019817352295,0.0492357984185218,0.0,0.0,0.3426035344600677,1.2163251638412476,0.0,1.3875900506973269,0.0,0.0,1.3022451400756836,1.712770700454712,1.1275193691253662,0.0,0.0074512585997581,0.0,2.173332452774048,0.0,0.0,0.0,0.0,1.529522180557251,0.0,0.0,1.2670481204986572,0.0,1.3805737495422363,0.0,1.2657591104507446,1.5108857154846191,2.908846378326416,0.0051481239497661,0.3796067833900451,0.9481844902038574,1.9664900302886963,0.0
final_train_00187,final_train,C1,295,late,2,late,0.9303292900597252,0.7308234572410583,0.0077058747410774,0.0049233878962695,0.9873707294464112,0.0126292705535888,0.0693656079020872,0,0.0,0.0,0.0390523374080657,0.4654925465583801,0.0,0.0779995322227478,1.976987600326538,0.0,0.0,0.032924335449934,2.215060234069824,0.0,0.0,0.0,0.0,0.0,1.4789669513702393,0.0,0.0,1.5439419746398926,1.737754225730896,0.0,0.9332584142684937,0.0,2.200790405273437,1.4799742698669434,1.1975237131118774,0.0,2.2215638160705566,0.0487557873129844,0.0,0.0,0.3413427472114563,1.2161009311676023,0.0,1.3899834156036377,0.0,0.0,1.3041002750396729,1.714978575706482,1.1253976821899414,0.0,0.0073674237355589,0.0,2.173975944519043,0.0,0.0,0.0,0.0,1.5291543006896973,0.0,0.0,1.2702230215072632,0.0,1.3811646699905396,0.0,1.2643547058105469,1.5106207132339478,2.908665180206299,0.0059475675225257,0.3850404024124145,0.9486737847328186,1.9645901918411253,0.0
final_train_00188,final_train,C1,296,late,2,late,0.9344094217830652,0.7307971119880676,0.0077235363423824,0.0049165799282491,0.9873599410057068,0.0126400589942932,0.0694107001615675,0,0.0,0.0,0.0452119559049606,0.4664137959480285,0.0,0.0816700458526611,1.976038098335266,0.0,0.0,0.0291338637471199,2.2130167484283447,0.0,0.0,0.0,0.0,0.0,1.4765496253967283,0.0,0.0,1.5484145879745483,1.7363970279693604,0.0,0.9321836233139038,0.0,2.201279878616333,1.4825804233551023,1.197059154510498,0.0,2.226151943206787,0.0494701489806175,0.0,0.0,0.3397104740142822,1.2202144861221311,0.0,1.3919998407363892,0.0,0.0,1.3043681383132937,1.7124927043914795,1.1258293390274048,0.0,0.0093168094754219,0.0,2.172515392303467,0.0,0.0,0.0,0.0,1.5308804512023926,0.0,0.0,1.2681665420532229,0.0,1.384247064590454,0.0,1.2725727558135986,1.5152097940444946,2.906618118286133,0.0035669617354869,0.3829505145549774,0.9475841522216796,1.967244029045105,0.0
final_train_00189,final_train,C1,297,late,2,late,0.9384496451323708,0.7305770516395569,0.0077600632794201,0.0049074138514697,0.98733252286911,0.0126674771308898,0.069527699960117,0,0.0,0.0,0.0554102137684822,0.4681251347064972,0.0,0.087412416934967,1.9746456146240237,0.0,0.0,0.0229608677327632,2.209683418273926,0.0,0.0,0.0,0.0,0.0,1.4727835655212402,0.0,0.0,1.5550874471664429,1.7343192100524902,0.0,0.9291802048683168,0.0,2.203154325485229,1.488401174545288,1.1951825618743896,0.0,2.23142671585083,0.0516206696629524,0.0,0.0,0.3373816609382629,1.2295234203338623,0.0,1.3942021131515503,0.0,0.0,1.304063320159912,1.7085682153701782,1.1277742385864258,0.0,0.0106889456510543,0.0,2.169062376022339,0.0,0.0,0.0,0.0,1.5321054458618164,0.0,0.0,1.2662829160690308,0.0,1.3899905681610107,0.0,1.2857052087783811,1.5227208137512207,2.900315761566162,0.0,0.3771490752696991,0.9453778862953186,1.9728577136993408,0.0
final_train_00190,final_train,C1,298,late,2,late,0.942450373157863,0.7303614616394043,0.0077685485593974,0.00491643557325,0.9873149394989014,0.0126850605010986,0.0696087493800373,0,0.0,0.0,0.0570290610194206,0.467532068490982,0.0,0.0840142890810966,1.9733901023864744,0.0,0.0,0.0255350414663553,2.2098989486694336,0.0,0.0,0.0,0.0,0.0,1.4710144996643066,0.0,0.0,1.5542283058166504,1.733822464942932,0.0,0.92727530002594,0.0,2.203401803970337,1.4888722896575928,1.194836974143982,0.0,2.227273941040039,0.0527252927422523,0.0,0.0,0.3369257152080536,1.2288564443588257,0.0,1.391911864280701,0.0,0.0,1.304699420928955,1.7085317373275757,1.126107931137085,0.0,0.0098041389137506,0.0,2.170588493347168,0.0,0.0,0.0,0.0,1.5316357612609863,0.0,0.0,1.2658114433288574,0.0,1.3874261379241943,0.0,1.2847915887832642,1.5202590227127075,2.9016687870025635,0.0,0.3774359226226806,0.9453261494636536,1.9731172323226929,0.0
final_train_00191,final_train,C1,299,late,2,late,0.9464120923929168,0.7302554845809937,0.0077758864499628,0.0049128783866763,0.9873112440109252,0.0126887559890747,0.0696238524725118,0,0.0,0.0,0.0617042034864425,0.4696054756641388,0.0,0.0842203795909881,1.972989797592163,0.0,0.0,0.0252448711544275,2.20725154876709,0.0,0.0,0.0,0.0,0.0,1.470527172088623,0.0,0.0,1.5566118955612185,1.7317142486572266,0.0,0.927038073539734,0.0,2.203356981277466,1.4907748699188232,1.1957839727401731,0.0,2.228759288787842,0.0541330352425575,0.0,0.0,0.3349829912185669,1.2315523624420166,0.0,1.3907307386398315,0.0,0.0,1.3053746223449707,1.7068198919296265,1.1261643171310425,0.0,0.0085205100476741,0.0,2.170894861221313,0.0,0.0,0.0,0.0,1.5328373908996582,0.0,0.0,1.2642871141433716,0.0,1.3890860080718994,0.0,1.290091633796692,1.521392822265625,2.9011998176574707,0.0,0.3762771487236023,0.9458630681037904,1.9745277166366575,0.0
final_train_00192,final_train,C1,300,late,2,late,0.9503353625030296,0.7298229336738586,0.0078016500920057,0.0049206288531422,0.9872777462005616,0.0127222537994384,0.0697748087973386,0,0.0,0.0,0.0680648684501648,0.4701913893222809,0.0,0.0810900032520294,1.969907522201538,0.0,0.0,0.0273392405360937,2.203964948654175,0.0,0.0,0.0,0.0,0.0,1.466353178024292,0.0,0.0,1.558895230293274,1.728298902511597,0.0,0.9234505891799928,0.0,2.2050342559814453,1.4934675693511963,1.196924328804016,0.0,2.2259886264801025,0.057826928794384,0.0,0.0,0.3339437842369079,1.233910083770752,0.0,1.3877795934677124,0.0,0.0,1.3061020374298096,1.7031910419464111,1.12407648563385,0.0,0.0075914813205599,0.0,2.171234130859375,0.0,0.0,0.0,0.0,1.533703327178955,0.0,0.0,1.2614974975585938,0.0,1.3879995346069336,0.0,1.2967240810394287,1.5204545259475708,2.902493953704834,0.0,0.3724734485149383,0.9464916586875916,1.977176547050476,0.0
final_train_00193,final_train,C1,301,late,2,late,0.9542208161688076,0.7296549081802368,0.007797893602401,0.004936565645039,0.9872655868530272,0.0127344131469726,0.0698351126582649,0,0.0,0.0,0.0646745264530181,0.4685806334018707,0.0,0.0774124786257743,1.9697283506393437,0.0,0.0,0.0329863280057907,2.207357883453369,0.0,0.0,0.0,0.0,0.0,1.4662656784057615,0.0,0.0,1.5548033714294434,1.7273683547973633,0.0,0.922555685043335,0.0,2.2056946754455566,1.4902509450912476,1.1960217952728271,0.0,2.217806339263916,0.0573251917958259,0.0,0.0,0.3356001377105713,1.2310731410980225,0.0,1.38493812084198,0.0,0.0,1.3065859079360962,1.7047758102416992,1.1206731796264648,0.0,0.0062015354633331,0.0,2.174235582351685,0.0,0.0,0.0,0.0,1.5318620204925537,0.0,0.0,1.2643556594848633,0.0,1.3840938806533811,0.0,1.2875455617904663,1.5130945444107056,2.904609680175781,0.0,0.3757793605327606,0.9460684657096864,1.9755760431289675,0.0
final_train_00194,final_train,C1,302,late,2,late,0.9580691585009103,0.7294202446937561,0.007794861216098,0.0049546393565833,0.987250566482544,0.012749433517456,0.06990886484985,0,0.0,0.0,0.0620013922452926,0.4670946598052978,0.0,0.0713006779551506,1.9691499471664429,0.0,0.0,0.0396271161735057,2.209378957748413,0.0,0.0,0.0,0.0,0.0,1.4652018547058103,0.0,0.0,1.550050973892212,1.7280175685882568,0.0,0.9214432835578918,0.0,2.205035448074341,1.4888365268707275,1.1960318088531494,0.0,2.2101409435272217,0.0571157857775688,0.0,0.0,0.3364607989788055,1.2269816398620603,0.0,1.380603909492493,0.0,0.0,1.307025671005249,1.7054344415664673,1.119243025779724,0.0,0.0041323639452457,0.0,2.176600694656372,0.0,0.0,0.0,0.0,1.529775857925415,0.0,0.0,1.2652004957199097,0.0,1.379516363143921,0.0,1.279382348060608,1.505317449569702,2.907639741897583,0.0,0.3776592016220093,0.945992350578308,1.9749995470047,0.0
final_train_00195,final_train,C1,303,late,2,late,0.96188116704005,0.7293944954872131,0.0077809086069464,0.004961596801877,0.9872575402259828,0.0127424597740173,0.0698809102260602,0,0.0,0.0,0.0598199740052223,0.4663811922073364,0.0,0.0670351162552833,1.969011902809143,0.0,0.0,0.0438182912766933,2.210570812225342,0.0,0.0,0.0,0.0,0.0,1.4658050537109375,0.0,0.0,1.5469260215759275,1.7284786701202393,0.0,0.9220752716064452,0.0,2.204558849334717,1.4877938032150269,1.1970417499542236,0.0,2.206475257873535,0.0565525516867637,0.0,0.0,0.3371964991092682,1.2230393886566162,0.0,1.3781006336212158,0.0,0.0,1.30749249458313,1.7062541246414185,1.1190061569213867,0.0,0.0026486814022064,0.0,2.1786227226257324,0.0,0.0,0.0,0.0,1.529250144958496,0.0,0.0,1.2654576301574707,0.0,1.3777389526367188,0.0,1.2737830877304075,1.500269651412964,2.9104015827178955,0.0,0.3787794411182403,0.9465264081954956,1.973410725593567,0.0
final_train_00196,final_train,C1,304,late,2,late,0.9656576908209002,0.7286743521690369,0.0078243715688586,0.0049942871555686,0.9871813654899596,0.0128186345100402,0.0702298276058174,0,0.0,0.0,0.0608879849314689,0.4628345966339111,0.0,0.060878612101078,1.965661644935608,0.0,0.0,0.0500237755477428,2.2107090950012207,0.0,0.0,0.0,0.0,0.0,1.4611635208129885,0.0,0.0,1.5441274642944336,1.7261683940887451,0.0,0.915607213973999,0.0,2.2051687240600586,1.4895305633544922,1.195094108581543,0.0,2.196082353591919,0.0584228858351707,0.0,0.0,0.3383432030677795,1.222428560256958,0.0,1.372745156288147,0.0,0.0,1.3054648637771606,1.703611969947815,1.1162015199661257,0.0,0.0011660698801279,0.0,2.178640842437744,0.0,0.0,0.0,0.0,1.5262057781219482,0.0,0.0,1.2640315294265747,0.0,1.3719102144241333,0.0,1.270227551460266,1.4941692352294922,2.911292791366577,0.0,0.3757289946079254,0.944799304008484,1.97549569606781,0.0
final_train_00197,final_train,C1,305,late,2,late,0.9693996503720966,0.7269611358642578,0.0079413158819079,0.0050496654585003,0.9870091080665588,0.0129908919334411,0.071010122401882,0,0.0,0.0,0.0705738812685012,0.4534924328327179,0.0,0.0511817708611488,1.9569478034973145,0.0,0.0,0.053385317325592,2.2080111503601074,0.0,0.0,0.0,0.0,0.0,1.449615240097046,0.0,0.0,1.5426249504089355,1.7195260524749756,0.0,0.8992547392845154,0.0,2.2103400230407715,1.4982842206954956,1.1898945569992063,0.0,2.178427696228028,0.0636860057711601,0.0,0.0,0.3417337238788605,1.2262436151504517,0.0,1.364286184310913,0.0,0.0,1.300672173500061,1.698518991470337,1.1105947494506836,0.0,0.0016056485474109,0.0,2.1769826412200928,0.0,0.0,0.0,0.0,1.5228447914123535,0.0,0.0,1.2589460611343384,0.0,1.3619874715805054,0.0,1.274629831314087,1.491439700126648,2.9112095832824707,0.0,0.3651441037654876,0.942825436592102,1.9790431261062624,0.0
final_train_00198,final_train,C1,306,late,2,late,0.9731080368971564,0.7288615703582764,0.0077754403464496,0.005011813249439,0.9872127175331116,0.0127872824668884,0.070098586004755,0,0.0,0.0,0.0497848317027092,0.4612641930580139,0.0,0.0505043230950832,1.967397689819336,0.0,0.0,0.0614755675196647,2.213910818099976,0.0,0.0,0.0,0.0,0.0,1.4706239700317385,0.0,0.0,1.533547282218933,1.720832586288452,0.0,0.9220243096351624,0.0,2.2050013542175293,1.4773865938186646,1.1987783908843994,0.0,2.183646440505981,0.05912696570158,0.0,0.0,0.3402723371982574,1.2088643312454224,0.0,1.3662543296813965,0.0,0.0,1.3093665838241575,1.7111397981643677,1.1064867973327637,0.0,0.0,0.0,2.187041759490967,0.0,0.0,0.0,0.0,1.5251314640045166,0.0,0.0,1.267431616783142,0.0,1.3631192445755005,0.0,1.253536820411682,1.481798768043518,2.922583818435669,0.0041170008480548,0.386760413646698,0.9524038434028624,1.9580345153808596,0.0
final_train_00199,final_train,C1,307,late,2,late,0.9767839112213766,0.7279880046844482,0.0078208865597844,0.0050403638742864,0.9871386885643004,0.0128613114356994,0.0704360895970697,0,0.0,0.0,0.0507503524422645,0.4574193954467773,0.0,0.0428679399192333,1.9620089530944824,0.0,0.0,0.0674766898155212,2.2137250900268555,0.0,0.0,0.0,0.0,0.0,1.4655094146728516,0.0,0.0,1.5321977138519287,1.7219483852386477,0.0,0.9129356741905212,0.0,2.2060089111328125,1.484969973564148,1.1957961320877075,0.0,2.1741538047790527,0.062442310154438,0.0,0.0,0.3422380685806274,1.2110681533813477,0.0,1.361327052116394,0.0,0.0,1.3041812181472778,1.706137776374817,1.1111408472061155,0.0,0.0,0.0,2.18143892288208,0.0,0.0,0.0,0.0,1.5213894844055176,0.0,0.0,1.265529751777649,0.0,1.361134648323059,0.0,1.2529469728469849,1.476471185684204,2.9191811084747314,0.0,0.3734551966190338,0.9478381276130676,1.9671416282653809,0.0
final_train_00200,final_train,C1,308,late,2,late,0.9804284035578102,0.7276001572608948,0.0078477999195456,0.0050928313285112,0.9870593547821044,0.0129406452178955,0.0708063154261106,0,0.0,0.0,0.0427574068307876,0.4548953771591186,0.0,0.0346922203898429,1.96206533908844,0.0,0.0,0.0831876695156097,2.218411922454834,0.0,0.0,0.0,0.0,0.0,1.4641265869140625,0.0,0.0,1.5248641967773438,1.7240017652511597,0.0,0.913474977016449,0.0,2.2010486125946045,1.478199481964111,1.1919621229171753,0.0,2.1590750217437744,0.0611792579293251,0.0,0.0,0.3404152691364288,1.2056927680969238,0.0,1.3529835939407349,0.0,0.0,1.3064203262329102,1.7063472270965576,1.1079232692718506,0.0,0.0,0.0,2.1822683811187744,0.0,0.0,0.0,0.0,1.511676788330078,0.0,0.0,1.2694449424743652,0.0,1.3521777391433716,0.0,1.2363524436950684,1.460119128227234,2.91821813583374,0.0,0.3800595104694366,0.946984887123108,1.9670625925064087,0.0
final_train_00201,final_train,C1,309,late,2,late,0.9840427123371532,0.7242879867553711,0.0080885142087936,0.0051995324902236,0.9867119789123536,0.0132880210876464,0.0723727034664056,0,0.0,0.0,0.05940742790699,0.4359079599380493,0.0,0.0190633535385131,1.944987416267395,0.0,0.0,0.0872144773602485,2.212222099304199,0.0,0.0,0.0,0.0,0.0,1.442119598388672,0.0,0.0,1.522599697113037,1.7127312421798706,0.0,0.8800415992736816,0.0,2.2106878757476807,1.496210694313049,1.1816840171813965,0.0,2.127657651901245,0.071401260793209,0.0,0.0,0.3487150371074676,1.2150778770446775,0.0,1.3398009538650513,0.0,0.0,1.2922933101654053,1.6942365169525146,1.0999877452850342,0.0,0.0,0.0,2.173115491867065,0.0,0.0,0.0,0.0,1.5054681301116943,0.0,0.0,1.2580139636993408,0.0,1.3345228433609009,0.0,1.245140790939331,1.4585832357406616,2.916566133499145,0.0,0.3539363145828247,0.9399728775024414,1.9773645401000977,0.0
final_train_00202,final_train,C1,310,late,2,late,0.9876281035056758,0.7278628349304199,0.0078079686500132,0.0050917365588247,0.9871002435684204,0.0128997564315795,0.0706257225884353,0,0.0,0.0,0.0361572876572608,0.4516752958297729,0.0,0.0325746014714241,1.9597855806350708,0.0,0.0,0.0874270945787429,2.2202301025390625,0.0,0.0,0.0,0.0,0.0,1.4771647453308103,0.0,0.0,1.518786907196045,1.7096471786499023,0.0,0.919155776500702,0.0,2.2068886756896973,1.463045597076416,1.1956743001937866,0.0,2.1500887870788574,0.0666863843798637,0.0,0.0,0.3470267951488495,1.1946218013763428,0.0,1.353956699371338,0.0,0.0,1.3071086406707764,1.7112261056900024,1.090963363647461,0.0,0.0,0.0,2.1887102127075195,0.0,0.0,0.0,0.0,1.5177857875823977,0.0,0.0,1.2732962369918823,0.0,1.34632408618927,0.0,1.230812668800354,1.4546005725860596,2.933712244033813,0.0026873759925365,0.3855817317962646,0.9547485709190368,1.9470956325531008,0.0
final_train_00203,final_train,C1,311,late,2,late,0.9911859094721192,0.72686767578125,0.0078787496313452,0.0051379692740738,0.9869832992553712,0.0130167007446289,0.0711586372748494,0,0.0,0.0,0.0326667726039886,0.44377201795578,0.0,0.0246602818369865,1.9554874897003172,0.0,0.0,0.0910577550530433,2.2181200981140137,0.0,0.0,0.0,0.0,0.0,1.4723975658416748,0.0,0.0,1.5154411792755127,1.710228443145752,0.0,0.905590832233429,0.0,2.2033417224884038,1.4729371070861816,1.1928651332855225,0.0,2.143373727798462,0.0668231919407844,0.0,0.0,0.347207635641098,1.196471095085144,0.0,1.3471426963806152,0.0,0.0,1.299424409866333,1.7056069374084473,1.0988281965255735,0.0,0.0,0.0,2.1796467304229736,0.0,0.0,0.0,0.0,1.5131819248199463,0.0,0.0,1.2664345502853394,0.0,1.3402365446090698,0.0,1.2270163297653198,1.4527523517608645,2.928811550140381,0.0,0.3731393814086914,0.9501922726631165,1.9520171880722048,0.0
final_train_00204,final_train,C1,312,late,2,late,0.9947175279375836,0.7274536490440369,0.0078168269246816,0.0051595862023532,0.9870235919952391,0.0129764080047607,0.070989573515399,0,0.0,0.0,0.0144190713763237,0.4412085711956024,0.0,0.0175333172082901,1.959662914276123,0.0,0.0,0.1061558052897453,2.231623888015747,0.0,0.0,0.0,0.0,0.0,1.476128101348877,0.0,0.0,1.50590717792511,1.7235538959503174,0.0,0.913029968738556,0.0,2.1970138549804688,1.465298414230347,1.188826560974121,0.0,2.134831190109253,0.0609960928559303,0.0,0.0,0.3447206020355224,1.1917160749435425,0.0,1.342409372329712,0.0,0.0,1.3103219270706177,1.7118899822235107,1.1069949865341189,0.0,0.0,0.0,2.178089141845703,0.0,0.0,0.0,0.0,1.5025243759155271,0.0,0.0,1.2778701782226562,0.0,1.3372316360473633,0.0,1.2041934728622437,1.433677077293396,2.9243500232696533,0.0,0.3838400542736053,0.9501805901527404,1.9499876499176023,0.0
final_train_00205,final_train,C1,313,late,2,late,0.9964869913581388,0.7244110107421875,0.0080844974145293,0.0053114625625312,0.9866039752960204,0.0133960247039794,0.0728885822442899,0,0.0,0.0,0.0278996527194976,0.4239106774330139,0.0,0.0008027926087379,1.9450740814208984,0.0,0.0,0.1167340576648712,2.226444721221924,0.0,0.0,0.0,0.0,0.0,1.4500243663787842,0.0,0.0,1.49968421459198,1.7272213697433472,0.0,0.8804104328155518,0.0,2.1910064220428467,1.4863166809082031,1.174505352973938,0.0,2.1091647148132324,0.0646419748663902,0.0,0.0,0.3444505035877228,1.1956923007965088,0.0,1.3259831666946411,0.0,0.0,1.2977957725524902,1.6971485614776611,1.1111243963241575,0.0,0.0,0.0,2.1643733978271484,0.0,0.0,0.0,0.0,1.4895641803741455,0.0,0.0,1.2627995014190674,0.0,1.3200058937072754,0.0,1.2037701606750488,1.42464017868042,2.9119791984558105,0.0,0.3614002466201782,0.9340710043907166,1.9705710411071775,0.0
final_train_00206,final_train,C1,314,late,2,late,0.998247695578776,0.7263217568397522,0.0079514812678098,0.0051924125291407,0.9868561625480652,0.0131438374519348,0.0717383803642884,0,0.0,0.0,0.0352237075567245,0.4363481700420379,0.0,0.0247449874877929,1.948837399482727,0.0,0.0,0.0989586040377616,2.2241573333740234,0.0,0.0,0.0,0.0,0.0,1.469050407409668,0.0,0.0,1.511786699295044,1.7205637693405151,0.0,0.9003822207450867,0.0,2.1957268714904785,1.4781334400177002,1.1823327541351318,0.0,2.139481782913208,0.0666308179497718,0.0,0.0,0.3480324447154999,1.1973097324371338,0.0,1.3446605205535889,0.0,0.0,1.299867868423462,1.6982916593551636,1.110661268234253,0.0,0.0,0.0,2.1688311100006104,0.0,0.0,0.0,0.0,1.5066826343536377,0.0,0.0,1.2674521207809448,0.0,1.341265082359314,0.0,1.2265900373458862,1.4406813383102417,2.9195244312286377,0.0,0.3632151484489441,0.9404695630073548,1.9647331237792969,0.0
final_train_00207,final_train,C1,315,late,2,late,0.999999999999992,0.7218263745307922,0.008340636268258,0.0053557036444544,0.9863036274909972,0.0136963725090026,0.0742151925847522,0,0.0,0.0,0.0694999098777771,0.4200379848480224,0.0,0.0188968032598495,1.9250645637512207,0.0,0.0,0.0983833745121955,2.203571319580078,0.0,0.0,0.0,0.0,0.0,1.4384431838989258,0.0,0.0,1.5193511247634888,1.6922663450241089,0.0,0.8517444729804993,0.0,2.200254201889038,1.4928306341171265,1.1744593381881714,0.0,2.1142048835754395,0.0774107798933982,0.0,0.0,0.3577903807163238,1.206204891204834,0.0,1.326301336288452,0.0,0.0,1.275545954704285,1.6782793998718262,1.0977166891098022,0.0,0.0,0.0,2.1637349128723145,0.0,0.0,0.0,0.0,1.505645990371704,0.0,0.0,1.243394374847412,0.0,1.3201227188110352,0.0,1.2496161460876465,1.44730544090271,2.9136760234832764,0.0,0.3386015295982361,0.9317100644111632,1.9738900661468504,0.0
final_train_00208,final_train,C4,12,early,0,early,0.1188624640006364,0.3078444004058838,0.9545790553092957,0.029996970668435,0.0154239712283015,0.0454209446907043,0.1947081729819199,0,0.0,1.3878659009933472,2.452568769454956,0.0,0.0,1.8681797981262207,0.8054749965667725,2.1868159770965576,0.5843216776847839,0.0,0.0,0.0,0.0,0.1569354385137558,2.393725872039795,1.2344993352890017,0.1426264494657516,0.0,2.5050268173217773,0.0619780644774436,0.0,0.0,0.0,2.167994260787964,0.2487228214740753,0.3271109461784363,0.0,0.0,0.0,0.1815072298049926,0.0,3.3474280834198,0.0491711646318435,0.8550870418548584,0.0,0.0,0.0,0.0,0.0,0.2461407333612442,0.0,2.3472821712493896,0.0,0.0,0.0,0.0,0.0,0.0,2.534130096435547,0.0,0.5301956534385681,0.0,0.0,0.0,0.0,0.0,1.6572067737579346,1.575799584388733,0.0,0.7688103914260864,0.0,0.0,0.0,1.6397958993911743
final_train_00209,final_train,C4,13,early,0,early,0.1262312636682122,0.3089012503623962,0.9539613127708436,0.0304774958640337,0.015561225824058,0.0460386872291564,0.1967327740635431,0,0.0,1.3921945095062256,2.433278799057007,0.0,0.0,1.8603403568267824,0.7929958701133728,2.195582628250122,0.5795810222625732,0.0,0.0,0.0,0.0,0.16302090883255,2.3842835426330566,1.2242496013641355,0.1282528787851333,0.0,2.513129949569702,0.0586231276392936,0.0,0.0,0.0,2.1554975509643555,0.2453140914440155,0.3195347487926483,0.0,0.0,0.0,0.1773776113986969,0.0,3.3286776542663574,0.0405052527785301,0.861501157283783,0.0,0.0,0.0,0.0,0.0,0.2347159832715988,0.0,2.326379537582397,0.0,0.0,0.0,0.0,0.0,0.0,2.522171974182129,0.0,0.5310831069946289,0.0,0.0,0.0,0.0,0.0,1.6406141519546509,1.5705186128616333,0.0,0.7795546650886536,0.0,0.0,0.0,1.6282683610916138
final_train_00210,final_train,C4,14,early,0,early,0.1328133280108043,0.3082626461982727,0.9541376233100892,0.0303785223513841,0.015483783558011,0.0458623766899108,0.1961321633425173,0,0.0,1.3904601335525513,2.432664155960083,0.0,0.0,1.8644429445266724,0.794348418712616,2.190035581588745,0.5744745135307312,0.0,0.0,0.0,0.0,0.160124734044075,2.38716197013855,1.2335176467895508,0.1285416334867477,0.0,2.513404607772827,0.0577280893921852,0.0,0.0,0.0,2.157599925994873,0.2465324103832245,0.324110746383667,0.0,0.0,0.0,0.1824007928371429,0.0,3.333126783370972,0.0435650497674942,0.8687145113945007,0.0,0.0,0.0,0.0,0.0,0.2368081510066986,0.0,2.3281753063201904,0.0,0.0,0.0,0.0,0.0,0.0,2.5279464721679688,0.0,0.545166015625,0.0,0.0,0.0,0.0,0.0,1.649001121520996,1.5651838779449463,0.0,0.7839668989181519,0.0,0.0,0.0,1.6281923055648804
final_train_00211,final_train,C4,15,early,0,early,0.1386619425109555,0.308076798915863,0.9542360305786132,0.0302217472344636,0.0155421663075685,0.0457639694213867,0.1958587749887539,0,0.0,1.3948343992233276,2.4236724376678467,0.0,0.0,1.867109417915344,0.8078910708427429,2.182856321334839,0.5594881176948547,0.0,0.0,0.0,0.0,0.166391909122467,2.3936450481414795,1.2285710573196411,0.1243019253015518,0.0,2.504323959350586,0.0690204203128814,0.0,0.0,0.0,2.156595468521118,0.2409462928771972,0.3195128440856933,0.0,0.0,0.0,0.1798158586025238,0.0,3.3313581943511963,0.0464595556259155,0.8725088834762573,0.0,0.0,0.0,0.0,0.0,0.2455163747072219,0.0,2.3291616439819336,0.0,0.0,0.0,0.0,0.0,0.0,2.545320987701416,0.0,0.5414348840713501,0.0,0.0,0.0,0.0,0.0,1.6545078754425049,1.5655717849731443,0.0,0.7731911540031433,0.0,0.0,0.0,1.6183435916900637
final_train_00212,final_train,C4,16,early,0,early,0.1438280863265113,0.3076367080211639,0.9543787837028505,0.0300698727369308,0.015551340766251,0.0456212162971496,0.1954154887128215,0,0.0,1.3979337215423584,2.423790693283081,0.0,0.0,1.8715450763702397,0.8148689270019531,2.1781599521636963,0.5512751340866089,0.0,0.0,0.0,0.0,0.1695005893707275,2.3992152214050293,1.2253388166427612,0.118377111852169,0.0,2.4972848892211914,0.0765893459320068,0.0,0.0,0.0,2.158562421798706,0.2411764860153198,0.314506322145462,0.0,0.0,0.0,0.181851714849472,0.0,3.329507350921631,0.0510296672582626,0.8729603886604309,0.0,0.0,0.0,0.0,0.0,0.2538415789604187,0.0,2.334249973297119,0.0,0.0,0.0,0.0,0.0,0.0,2.556193828582764,0.0,0.5315269231796265,0.0,0.0,0.0,0.0,0.0,1.6581815481185913,1.5665314197540283,0.0,0.7668806314468384,0.0,0.0,0.0,1.6135059595108032
final_train_00213,final_train,C4,17,early,0,early,0.1483605014066031,0.3072321712970733,0.9546620845794678,0.029813963919878,0.0155239757150411,0.0453379154205322,0.1945064819310932,0,0.0,1.4051069021224976,2.4241490364074707,0.0,0.0,1.8719948530197144,0.8228453993797302,2.1774327754974365,0.5420086979866028,0.0,0.0,0.0,0.0,0.1726234853267669,2.408546209335327,1.2237697839736938,0.1180684119462966,0.0,2.491106510162353,0.0856552794575691,0.0,0.0,0.0,2.166717767715454,0.2439282536506652,0.3077882528305053,0.0,0.0,0.0,0.185853898525238,0.0,3.333930730819702,0.0554613247513771,0.8718240857124329,0.0,0.0,0.0,0.0,0.0,0.2672793567180633,0.0,2.345181703567505,0.0,0.0,0.0,0.0,0.0,0.0,2.567999839782715,0.0,0.5188047885894775,0.0,0.0,0.0,0.0,0.0,1.6608058214187622,1.5666546821594238,0.0,0.7635449171066284,0.0,0.0,0.0,1.6130754947662354
final_train_00214,final_train,C4,18,early,0,early,0.1523057601291695,0.3068679869174957,0.9546918272972108,0.0297649130225181,0.0155431842431426,0.0453081727027893,0.1944237709675464,0,0.0,1.4077266454696655,2.423202991485596,0.0,0.0,1.8746498823165891,0.8251636028289795,2.176668167114258,0.5383526086807251,0.0,0.0,0.0,0.0,0.1731701493263244,2.410627841949463,1.2229199409484863,0.1168820708990097,0.0,2.4902472496032715,0.0905480608344078,0.0,0.0,0.0,2.1671276092529297,0.2474995851516723,0.3058778643608093,0.0,0.0,0.0,0.1884396076202392,0.0,3.331897258758545,0.0580739751458168,0.8721832633018494,0.0,0.0,0.0,0.0,0.0,0.2731598913669586,0.0,2.3483309745788574,0.0,0.0,0.0,0.0,0.0,0.0,2.5722599029541016,0.0,0.5139290690422058,0.0,0.0,0.0,0.0,0.0,1.6618834733963013,1.562957525253296,0.0,0.762058436870575,0.0,0.0,0.0,1.6131513118743896
final_train_00215,final_train,C4,19,early,0,early,0.1557083314847973,0.3068930804729461,0.9545782208442688,0.029718542471528,0.015703234821558,0.0454217791557312,0.1948764297058946,0,0.0,1.4042328596115112,2.421846866607666,0.0,0.0,1.8754966259002688,0.8334516882896423,2.1695902347564697,0.5299375653266907,0.0,0.0,0.0,0.0,0.1737963855266571,2.40818190574646,1.218317627906799,0.1191449761390686,0.0,2.482560396194458,0.1010072603821754,0.0,0.0,0.0,2.1619372367858887,0.2556185126304626,0.3082849085330963,0.0,0.0,0.0,0.1928325891494751,0.0,3.3282816410064697,0.0614744946360588,0.8743587136268616,0.0,0.0,0.0,0.0,0.0,0.2824699878692627,0.0,2.348595142364502,0.0,0.0,0.0,0.0,0.0,0.0,2.5718636512756348,0.0,0.509571373462677,0.0,0.0,0.0,0.0,0.0,1.6639370918273926,1.5643632411956787,0.0,0.757182776927948,0.0,0.0,0.0,1.610631823539734
final_train_00216,final_train,C4,20,early,0,early,0.1586106457986189,0.3067602217197418,0.9544600248336792,0.0296992324292659,0.0158407222479581,0.0455399751663208,0.1953289256807854,0,0.0,1.4068236351013184,2.419161558151245,0.0,0.0,1.876143336296081,0.8402782082557678,2.168243169784546,0.5288586020469666,0.0,0.0,0.0,0.0,0.1746568083763122,2.4094808101654053,1.210935354232788,0.1237279772758483,0.0,2.480039119720459,0.107874222099781,0.0,0.0,0.0,2.1616785526275635,0.2635983824729919,0.3082537949085235,0.0,0.0,0.0,0.1943175196647644,0.0,3.322283744812012,0.0633013769984245,0.8777342438697815,0.0,0.0,0.0,0.0,0.0,0.2923644483089447,0.0,2.3489186763763428,0.0,0.0,0.0,0.0,0.0,0.0,2.57107162475586,0.0,0.5019955039024353,0.0,0.0,0.0,0.0,0.0,1.6612180471420288,1.5665405988693235,0.0,0.7541306614875793,0.0,0.0,0.0,1.609760284423828
final_train_00217,final_train,C4,21,early,0,early,0.1610531581306812,0.3068680763244629,0.9545198678970336,0.0299602635204792,0.0155198704451322,0.0454801321029663,0.1949523724223424,0,0.0,1.412632703781128,2.428352117538452,0.0,0.0,1.8704158067703247,0.8515805006027222,2.181183099746704,0.5598947405815125,0.0,0.0,0.0,0.0,0.2016999423503875,2.416245937347412,1.2103643417358398,0.1088842228055,0.0,2.4809813499450684,0.0878249183297157,0.0,0.0,0.0,2.165485143661499,0.2421722114086151,0.3051139712333679,0.0,0.0,0.0,0.1809372305870056,0.0,3.317380428314209,0.0542601346969604,0.8706005215644836,0.0,0.0,0.0,0.0,0.0,0.2699819803237915,0.0,2.3520240783691406,0.0,0.0,0.0,0.0,0.0,0.0,2.581052303314209,0.0,0.5257261991500854,0.0,0.0,0.0,0.0,0.0,1.6472617387771606,1.5698593854904177,0.0,0.7551023960113525,0.0,0.0,0.0,1.6032840013504028
final_train_00218,final_train,C4,22,early,0,early,0.163074410156556,0.3066633641719818,0.9547417163848876,0.0298765245825052,0.0153817562386393,0.0452582836151123,0.1941700227376295,0,0.0,1.4159016609191897,2.432727813720703,0.0,0.0,1.863314747810364,0.8546654582023621,2.185426712036133,0.5704790353775024,0.0,0.0,0.0,0.0,0.2022751271724701,2.416858434677124,1.216849684715271,0.106877252459526,0.0,2.4852657318115234,0.0794690027832984,0.0,0.0,0.0,2.167553424835205,0.2333965599536895,0.3156006932258606,0.0,0.0,0.0,0.1794143915176391,0.0,3.324646472930908,0.0563306808471679,0.8644607067108154,0.0,0.0,0.0,0.0,0.0,0.2623043656349182,0.0,2.354949712753296,0.0,0.0,0.0,0.0,0.0,0.0,2.5862441062927246,0.0,0.5302821397781372,0.0,0.0,0.0,0.0,0.0,1.6469091176986694,1.5796806812286377,0.0,0.7624319791793823,0.0,0.0,0.0,1.6061004400253296
final_train_00219,final_train,C4,23,early,0,early,0.1647110908255349,0.3066835701465606,0.954506516456604,0.0300593953579664,0.0154340174049139,0.0454934835433959,0.1949424981059334,0,0.0,1.4115535020828247,2.433302640914917,0.0,0.0,1.8675299882888796,0.8617151379585266,2.181684970855713,0.5852934122085571,0.0,0.0,0.0,0.0,0.2057358026504516,2.419034004211426,1.2146425247192385,0.1176111251115799,0.0,2.479593276977539,0.0781464204192161,0.0,0.0,0.0,2.165019989013672,0.2289058268070221,0.3201350569725036,0.0,0.0,0.0,0.1741693317890167,0.0,3.323324918746948,0.0557970628142356,0.8657947182655334,0.0,0.0,0.0,0.0,0.0,0.2627288401126861,0.0,2.3531622886657715,0.0,0.0,0.0,0.0,0.0,0.0,2.581316947937012,0.0,0.5510849952697754,0.0,0.0,0.0,0.0,0.0,1.6499617099761963,1.5726763010025024,0.0,0.7504643201828003,0.0,0.0,0.0,1.6050636768341064
final_train_00220,final_train,C4,24,early,0,early,0.1659980955568836,0.3067207038402557,0.9543606638908386,0.0302378721535205,0.0154013875871896,0.0456393361091613,0.195381267695926,0,0.0,1.4091038703918457,2.4379827976226807,0.0,0.0,1.8697160482406616,0.8583934307098389,2.175508975982666,0.6003232002258301,0.0,0.0,0.0,0.0,0.2040711194276809,2.416882038116455,1.2189676761627195,0.1232069134712219,0.0,2.4768059253692627,0.0724254921078682,0.0,0.0,0.0,2.157606840133667,0.2201573550701141,0.3260031044483185,0.0,0.0,0.0,0.1713401973247528,0.0,3.326895236968994,0.0599865093827247,0.8562697768211365,0.0,0.0,0.0,0.0,0.0,0.2529830932617187,0.0,2.3519303798675537,0.0,0.0,0.0,0.0,0.0,0.0,2.576747417449951,0.0,0.5648210644721985,0.0,0.0,0.0,0.0,0.0,1.6582187414169312,1.5671980381011963,0.0,0.7441738843917847,0.0,0.0,0.0,1.610756754875183
final_train_00221,final_train,C4,25,early,0,early,0.1669685841889017,0.3068078756332397,0.9542360305786132,0.0307685378938913,0.0149953262880444,0.0457639694213867,0.1955143132586401,0,0.0,1.3914073705673218,2.444975614547729,0.0,0.0,1.8777875900268557,0.84006267786026,2.1723556518554688,0.6326701045036316,0.0,0.0,0.0,0.0,0.2036230266094207,2.408229112625122,1.2524030208587646,0.1334667801856994,0.0,2.49580192565918,0.048720084130764,0.0,0.0,0.0,2.150561809539795,0.1715985834598541,0.3377524614334106,0.0,0.0,0.0,0.1527714431285858,0.0,3.342839479446411,0.0533176213502883,0.8235085010528564,0.0,0.0,0.0,0.0,0.0,0.2058316767215728,0.0,2.344989776611328,0.0,0.0,0.0,0.0,0.0,0.0,2.5759072303771973,0.0,0.6164892911911011,0.0,0.0,0.0,0.0,0.0,1.6639502048492432,1.5494837760925293,0.0,0.7355768084526062,0.0,0.0,0.0,1.6148850917816162
final_train_00222,final_train,C4,26,early,0,early,0.1676607797021075,0.307040125131607,0.9541799426078796,0.030879333615303,0.014940645545721,0.0458200573921203,0.1956536659053242,0,0.0,1.3831167221069336,2.45501446723938,0.0,0.0,1.8786959648132324,0.828970730304718,2.1689064502716064,0.6484599709510803,0.0,0.0,0.0,0.0,0.1936544179916381,2.4025561809539795,1.2591736316680908,0.1374171376228332,0.0,2.5025060176849365,0.0430414527654647,0.0,0.0,0.0,2.143007516860962,0.166871502995491,0.3449451029300689,0.0,0.0,0.0,0.1496753692626953,0.0,3.3499526977539062,0.0541072785854339,0.8099895715713501,0.0,0.0,0.0,0.0,0.0,0.1986831575632095,0.0,2.348893165588379,0.0,0.0,0.0,0.0013931766152381,0.0,0.0,2.5654544830322266,0.0,0.6160746216773987,0.0,0.0,0.0,0.0,0.0,1.6671104431152344,1.5500035285949707,0.0,0.7346018552780151,0.0,0.0,0.0,1.6304200887680054
final_train_00223,final_train,C4,27,early,0,early,0.1681291090086903,0.307497888803482,0.9527494311332704,0.0322784893214702,0.0149720655754208,0.0472505688667297,0.2001123537998724,0,0.0,1.3471882343292236,2.447854995727539,0.0,0.0,1.8915553092956543,0.8097618222236633,2.1518707275390625,0.6914604306221008,0.0,0.0,0.0,0.0,0.1814034581184387,2.386843681335449,1.2830748558044434,0.1489629745483398,0.0,2.521240234375,0.0260299742221832,0.0,0.0,0.0,2.126145601272583,0.1434149146080017,0.3588193356990814,0.0,0.0,0.0,0.1280475854873657,0.0,3.335082054138184,0.0541179403662681,0.7833569049835205,0.0,0.0,0.0,0.0,0.0,0.1700862199068069,0.0,2.33280348777771,0.0,0.0,0.0,0.0646989941596984,0.0,0.0,2.53933048248291,0.0,0.6578522324562073,0.0,0.0,0.0,0.0189447626471519,0.0,1.6596723794937134,1.5234159231185913,0.0,0.7361167669296265,0.0,0.0,0.0,1.6340229511260986
final_train_00224,final_train,C4,28,early,0,early,0.1684230304753408,0.3080857992172241,0.9519870281219482,0.033077135682106,0.0149358371272683,0.0480129718780517,0.2024268772897955,0,0.0,1.325788140296936,2.451533079147339,0.0,0.0,1.8973122835159304,0.7957897186279297,2.149092197418213,0.7195380926132202,0.0,0.0,0.0,0.0,0.1768678575754165,2.376815795898437,1.2957342863082886,0.149677112698555,0.0,2.533395290374756,0.0160265900194644,0.0,0.0,0.0,2.1152777671813965,0.1325703710317611,0.3666699826717376,0.0,0.0,0.0,0.1200039163231849,0.0,3.326658248901367,0.0495511442422866,0.7677075266838074,0.0,0.0,0.0,0.0,0.0,0.1520804911851883,0.0,2.3292877674102783,0.0,0.0,0.0,0.1006161421537399,0.0,0.0,2.5177249908447266,0.0,0.6733410954475403,0.0,0.0,0.0,0.0277670957148075,0.0,1.6485856771469116,1.5113525390625,0.0,0.7403437495231628,0.0,0.0,0.0,1.6394736766815186
final_train_00225,final_train,C4,29,early,0,early,0.1685872815448066,0.3098204135894775,0.948042929172516,0.0368256829679012,0.0151313729584217,0.0519570708274841,0.2144349276785293,0,0.0,1.2715855836868286,2.4322102069854736,0.0,0.0,1.9071696996688845,0.7445774674415588,2.113468647003174,0.7815457582473755,0.0,0.0,0.0,0.0,0.176065057516098,2.342427968978882,1.3179820775985718,0.1362152695655822,0.011479265987873,2.5584075450897217,0.0,0.0,0.0,0.0,2.065780639648437,0.0827918052673339,0.3613212406635284,0.0,0.0,0.0,0.0982842221856117,0.0,3.248621225357056,0.0332305580377578,0.7220073938369751,0.0,0.0,0.0,0.0,0.0,0.0892032533884048,0.0,2.303018808364868,0.0,0.0,0.0,0.1899454146623611,0.0,0.0,2.4546985626220703,0.0,0.729831337928772,0.0,0.0,0.0,0.0442036725580692,0.0,1.597506761550903,1.4337605237960815,0.0,0.7463245391845703,0.0,0.0,0.0,1.6266882419586182
final_train_00226,final_train,C4,30,early,0,early,0.1686621181722246,0.3102481365203857,0.9471731781959534,0.0378073826432228,0.0150193832814693,0.0528268218040466,0.2169031812538639,0,0.0,1.2545536756515503,2.44176721572876,0.0,0.0,1.9078292846679688,0.7233771085739136,2.1134581565856934,0.8150392770767212,0.0,0.0,0.0,0.0,0.1773619055747985,2.329065561294556,1.3318246603012085,0.1306872367858886,0.0230636000633239,2.5769577026367188,0.0,0.0,0.0,0.0,2.046609401702881,0.0781510770320892,0.3681396543979645,0.0,0.0,0.0,0.0919913724064827,0.0,3.2384183406829834,0.0224110856652259,0.7101505994796753,0.0,0.0,0.0,0.0,0.0,0.0747350975871086,0.0,2.294625759124756,0.0,0.0,0.0,0.221498891711235,0.0,0.0,2.437338829040528,0.0,0.7560408115386963,0.0,0.0,0.0,0.0497623197734355,0.0,1.5902142524719238,1.420100450515747,0.0,0.7620868682861328,0.0,0.0,0.0,1.6354228258132937
final_train_00227,final_train,C4,31,early,0,early,0.1686835464479116,0.3118994235992431,0.9433773756027222,0.0414987802505493,0.0151238702237606,0.0566226243972778,0.2279536942233539,0,0.0,1.233572483062744,2.424267530441284,0.0,0.0,1.8908307552337649,0.6680680513381958,2.0952072143554688,0.8654494881629944,0.0,0.0,0.0,0.0,0.1972711682319641,2.303555011749268,1.3306381702423096,0.1014081910252571,0.0427940860390663,2.608331680297852,0.0,0.0,0.0,0.0,1.986727595329285,0.0441040359437465,0.349656343460083,0.0,0.0,0.0,0.0747626200318336,0.0,3.165200710296631,0.0,0.6757547855377197,0.0,0.0,0.0,0.0,0.0,0.0335441194474697,0.0,2.2680838108062744,0.0,0.0,0.0,0.2711389660835266,0.0,0.0,2.388545513153076,0.0,0.8033004999160767,0.0,0.0,0.0,0.0420941859483718,0.0,1.5417170524597168,1.355756759643555,0.0,0.7847788333892822,0.0,0.0,0.0,1.6225290298461914
final_train_00228,final_train,C4,32,early,0,early,0.1686835464479116,0.3116945326328277,0.9421250820159912,0.0428810678422451,0.0149938892573118,0.0578749179840087,0.2313730831886123,0,0.0,1.246791958808899,2.4250617027282715,0.0,0.0,1.8755491971969604,0.6403661370277405,2.108191967010498,0.8943175673484802,0.0,0.0,0.0,0.0076781138777732,0.2189959287643432,2.2960500717163086,1.324402928352356,0.0819759964942932,0.0586008429527282,2.63798189163208,0.0,0.0,0.0,0.0,1.9582834243774412,0.0402852520346641,0.3401458859443664,0.0,0.0,0.0,0.0702168568968772,0.0,3.1383843421936035,0.0,0.6726175546646118,0.0,0.0,0.0,0.0,0.0,0.0213433429598808,0.0,2.253195285797119,0.0,0.0,0.0,0.2720010876655578,0.0,0.0,2.37295150756836,0.0,0.8294191956520081,0.0,0.0,0.0,0.0242715142667293,0.0,1.5241341590881348,1.3357235193252563,0.0,0.807227611541748,0.0,0.0,0.0,1.6164172887802124
final_train_00229,final_train,C4,33,early,0,early,0.1690157870445974,0.3111783564090729,0.9478638172149658,0.0368964485824108,0.0152397183701395,0.0521361827850341,0.2150517876180414,0,0.0,1.2998182773590088,2.4539499282836914,0.0,0.0,1.86059844493866,0.6801178455352783,2.158331632614136,0.7724827527999878,0.0,0.0,0.0,0.0,0.1688691973686218,2.3113722801208496,1.2871092557907104,0.1104466617107391,0.0,2.594601631164551,0.0,0.0,0.0,0.0,2.0110983848571777,0.1059492826461792,0.3379353582859039,0.0,0.0,0.0,0.1017333790659904,0.0,3.229858875274658,0.0,0.7364039421081543,0.0,0.0,0.0,0.0,0.0,0.0910297408699989,0.0,2.269853353500366,0.0,0.0,0.0,0.1332945674657821,0.0,0.0,2.417074680328369,0.0,0.7044650912284851,0.0,0.0,0.0,0.0,0.0,1.578677535057068,1.440968632698059,0.0,0.7908220291137695,0.0,0.0,0.0,1.6390308141708374
final_train_00230,final_train,C4,34,early,0,early,0.1696886502689044,0.3114948570728302,0.9505406618118286,0.0342118106782436,0.01524752471596,0.0494593381881713,0.2070541745624759,0,0.0,1.3298498392105105,2.468095541000366,0.0,0.0,1.8549596071243288,0.712830662727356,2.177120923995972,0.7040219902992249,0.0,0.0,0.0,0.0,0.1507269889116287,2.327038526535034,1.2823148965835571,0.1276605874300003,0.0,2.557671308517456,0.0,0.0,0.0,0.0,2.052456855773926,0.1269192546606063,0.3359690904617309,0.0,0.0,0.0,0.1262831091880798,0.0,3.279008388519287,0.0,0.7730085253715515,0.0,0.0,0.0,0.0,0.0,0.1270719766616821,0.0,2.2845141887664795,0.0,0.0,0.0,0.0571820139884948,0.0,0.0,2.4484992027282715,0.0,0.6578934788703918,0.0,0.0,0.0,0.0,0.0,1.6061137914657593,1.494727611541748,0.0,0.7777314782142639,0.0,0.0,0.0,1.6388251781463623
final_train_00231,final_train,C4,35,early,0,early,0.1706966585387618,0.3120149970054626,0.951805591583252,0.032826829701662,0.0153676122426986,0.048194408416748,0.2032877874698942,0,0.0,1.3414921760559082,2.462309598922729,0.0,0.0,1.8547616004943848,0.7318772673606873,2.1819753646850586,0.6522162556648254,0.0,0.0,0.0,0.0,0.1376374661922454,2.3291029930114746,1.2760039567947388,0.1370601654052734,0.0,2.53790545463562,0.0,0.0,0.0,0.0,2.074100971221924,0.1484056413173675,0.3314720392227173,0.0,0.0,0.0,0.1419563889503479,0.0,3.3075520992279053,6.615370512008667e-05,0.7994363307952881,0.0,0.0,0.0,0.0,0.0,0.1512088626623153,0.0,2.289573431015014,0.0,0.0,0.0,0.011680319905281,0.0,0.0,2.465022563934326,0.0,0.6313948035240173,0.0,0.0,0.0,0.0,0.0,1.6202211380004885,1.5203399658203125,0.0,0.7722206711769104,0.0,0.0,0.0,1.6392062902450562
final_train_00232,final_train,C4,36,early,0,early,0.1720355573392184,0.3120852708816528,0.952731430530548,0.0318847373127937,0.0153837483376264,0.0472685694694519,0.2004482433212356,0,0.0,1.3556259870529177,2.461249351501465,0.0,0.0,1.8548275232315063,0.7463575601577759,2.186673402786255,0.6203029751777649,0.0,0.0,0.0,0.0,0.1428650319576263,2.3426284790039062,1.2614705562591553,0.1268603652715683,0.0,2.5198447704315186,0.0112193934619426,0.0,0.0,0.0,2.0987331867218018,0.174899160861969,0.3209992051124573,0.0,0.0,0.0,0.1595991849899292,0.0,3.3242080211639404,0.0079047754406929,0.8214833736419678,0.0,0.0,0.0,0.0,0.0,0.1737286448478698,0.0,2.3008806705474854,0.0,0.0,0.0,0.0,0.0,0.0,2.47830581665039,0.0,0.5950753092765808,0.0,0.0,0.0,0.0,0.0,1.6249351501464844,1.544998049736023,0.0,0.7689206600189209,0.0,0.0,0.0,1.6352800130844116
final_train_00233,final_train,C4,37,early,0,early,0.1737022061714959,0.3119347989559173,0.9530797004699708,0.031302310526371,0.0156180253252387,0.0469202995300293,0.1995204373601902,0,0.0,1.3628796339035034,2.4470582008361816,0.0,0.0,1.8534951210021973,0.7642776966094971,2.186095952987671,0.5831164717674255,0.0,0.0,0.0,0.0,0.1400476098060608,2.355551242828369,1.2490326166152954,0.1282436400651931,0.0,2.5011298656463623,0.0296007990837097,0.0,0.0,0.0,2.116123914718628,0.2039707452058792,0.3142270743846893,0.0,0.0,0.0,0.173784852027893,0.0,3.327872037887573,0.0222132354974746,0.8423370122909546,0.0,0.0,0.0,0.0,0.0,0.2034666538238525,0.0,2.3050365447998047,0.0,0.0,0.0,0.0,0.0,0.0,2.484708309173584,0.0,0.5671998858451843,0.0,0.0,0.0,0.0,0.0,1.627176284790039,1.555367350578308,0.0,0.7705495357513428,0.0,0.0,0.0,1.6274988651275637
final_train_00234,final_train,C4,38,early,0,early,0.1756944746229676,0.310992956161499,0.9535769820213318,0.030915567651391,0.0155074689537286,0.0464230179786682,0.1979015377594866,0,0.0,1.3733214139938354,2.439429521560669,0.0,0.0,1.8575797080993648,0.7748295664787292,2.192056894302368,0.5730495452880859,0.0,0.0,0.0,0.0,0.1458678841590881,2.3690152168273926,1.2468894720077517,0.1226915344595909,0.0,2.5026509761810303,0.0357188209891319,0.0,0.0,0.0,2.1356756687164307,0.213968276977539,0.3099023401737213,0.0,0.0,0.0,0.175050675868988,0.0,3.334451198577881,0.028113417327404,0.8500012159347534,0.0,0.0,0.0,0.0,0.0,0.2129719853401184,0.0,2.3119776248931885,0.0,0.0,0.0,0.0,0.0,0.0,2.501847267150879,0.0,0.5579479932785034,0.0,0.0,0.0,0.0,0.0,1.6284626722335815,1.5594910383224487,0.0,0.7752785682678223,0.0,0.0,0.0,1.623792052268982
final_train_00235,final_train,C4,69,early,0,early,0.2523291154626168,0.3063967823982239,0.9552627205848694,0.029637536033988,0.0150997480377554,0.0447372794151306,0.1923533112818314,0,0.0,1.4231421947479248,2.431819438934326,0.0,0.0,1.8751184940338133,0.8344599008560181,2.197080373764038,0.5776386857032776,0.0,0.0,0.0,0.0,0.1864363253116607,2.41176438331604,1.2299017906188965,0.1157199665904045,0.0,2.5023303031921387,0.071376547217369,0.0,0.0,0.0,2.1923177242279053,0.2235766053199768,0.3119443655014038,0.0,0.0,0.0,0.1817881166934967,0.0,3.356688499450684,0.0539255067706108,0.8587443828582764,0.0,0.0,0.0,0.0,0.0,0.2585460841655731,0.0,2.351087808609009,0.0,0.0,0.0,0.0,0.0,0.0,2.5807881355285645,0.0,0.533943235874176,0.0,0.0,0.0,0.0,0.0,1.6443947553634644,1.5754480361938477,0.0,0.7763016223907471,0.0,0.0,0.0,1.619747757911682
final_train_00236,final_train,C4,70,early,0,early,0.2550336224594365,0.3062128126621246,0.9553276896476746,0.0296708643436431,0.0150014609098434,0.0446723103523254,0.1920873286653747,0,0.0,1.421261429786682,2.4355545043945312,0.0,0.0,1.876763701438904,0.8301799297332764,2.1973180770874023,0.5819766521453857,0.0,0.0,0.0,0.0,0.1859515458345413,2.4120876789093018,1.2355704307556152,0.1125706881284713,0.0,2.505114793777466,0.0651434510946273,0.0,0.0,0.0,2.190795421600342,0.2182692885398864,0.3136226534843445,0.0,0.0,0.0,0.1805611550807953,0.0,3.357961893081665,0.0531964004039764,0.8577038645744324,0.0,0.0,0.0,0.0,0.0,0.2514174282550812,0.0,2.351665496826172,0.0,0.0,0.0,0.0,0.0,0.0,2.5823631286621094,0.0,0.5408366918563843,0.0,0.0,0.0,0.0,0.0,1.6491913795471191,1.5726925134658811,0.0,0.7770135998725891,0.0,0.0,0.0,1.6205631494522097
final_train_00237,final_train,C4,71,early,0,early,0.2577358206536911,0.3063241839408874,0.9552336931228638,0.0297552812844514,0.0150110321119427,0.0447663068771362,0.1923901636412864,0,0.0,1.4207558631896973,2.4373369216918945,0.0,0.0,1.8760007619857788,0.8249005675315857,2.197497844696045,0.581114649772644,0.0,0.0,0.0,0.0,0.1829548329114914,2.410362482070923,1.2386811971664429,0.1104234158992767,0.0,2.504685640335083,0.0607510730624198,0.0,0.0,0.0,2.18340277671814,0.2158965170383453,0.3135200440883636,0.0,0.0,0.0,0.1826570928096771,0.0,3.354153871536255,0.0532173365354537,0.8579497337341309,0.0,0.0,0.0,0.0,0.0,0.2473141551017761,0.0,2.350441694259644,0.0,0.0,0.0,0.0,0.0,0.0,2.5799965858459477,0.0,0.5407842397689819,0.0,0.0,0.0,0.0,0.0,1.651953101158142,1.568520188331604,0.0,0.7755956649780273,0.0,0.0,0.0,1.621038556098938
final_train_00238,final_train,C4,72,early,0,early,0.2604330285054732,0.3062061667442322,0.9551988840103148,0.0298105757683515,0.0149905513972043,0.044801115989685,0.192487265607182,0,0.0,1.420706868171692,2.439187526702881,0.0,0.0,1.8754799365997317,0.8245747685432434,2.1974635124206543,0.5849514007568359,0.0,0.0,0.0,0.0,0.1854548156261444,2.411933898925781,1.2387187480926514,0.1088291406631469,0.0,2.505131244659424,0.0588472038507461,0.0,0.0,0.0,2.182689905166626,0.2145879119634628,0.3138962686061859,0.0,0.0,0.0,0.1815303564071655,0.0,3.350275039672852,0.0523560643196105,0.8589597344398499,0.0,0.0,0.0,0.0,0.0,0.2452475428581237,0.0,2.3505873680114746,0.0,0.0,0.0,0.0,0.0,0.0,2.580270767211914,0.0,0.5425890684127808,0.0,0.0,0.0,0.0,0.0,1.6521497964859009,1.568314552307129,0.0,0.776398777961731,0.0,0.0,0.0,1.620086431503296
final_train_00239,final_train,C4,73,early,0,early,0.2631225272160081,0.3064993321895599,0.955049216747284,0.0299341175705194,0.015016695484519,0.044950783252716,0.1929757458697557,0,0.0,1.421595573425293,2.4368629455566406,0.0,0.0,1.874406337738037,0.8213924169540405,2.197050094604492,0.5873132944107056,0.0,0.0,0.0,0.0,0.188063696026802,2.4107043743133545,1.2345424890518188,0.104435846209526,0.0,2.506079912185669,0.0585108622908592,0.0,0.0,0.0,2.1765358448028564,0.2135635912418365,0.3129254877567291,0.0,0.0,0.0,0.1807451546192169,0.0,3.3447489738464355,0.0505796521902084,0.86176997423172,0.0,0.0,0.0,0.0,0.0,0.2419326305389404,0.0,2.349228382110596,0.0,0.0,0.0,0.0,0.0,0.0,2.577162742614746,0.0,0.5434473752975464,0.0,0.0,0.0,0.0,0.0,1.650770902633667,1.567234992980957,0.0,0.7749806046485901,0.0,0.0,0.0,1.618216872215271
final_train_00240,final_train,C4,74,early,0,early,0.265801571349446,0.3059129416942596,0.955167293548584,0.0298588462173938,0.0149737522006034,0.044832706451416,0.1925761480184844,0,0.0,1.421290636062622,2.439809799194336,0.0,0.0,1.8762447834014893,0.8246457576751709,2.1966333389282227,0.5880966782569885,0.0,0.0,0.0,0.0,0.1891458630561828,2.4141736030578613,1.2363201379776,0.1040947660803794,0.0,2.5073511600494385,0.0591636225581169,0.0,0.0,0.0,2.179417371749878,0.2170706391334533,0.3147917091846466,0.0,0.0,0.0,0.1797171533107757,0.0,3.3449084758758545,0.0516703799366951,0.8617452383041382,0.0,0.0,0.0,0.0,0.0,0.2449348121881485,0.0,2.3522934913635254,0.0,0.0,0.0,0.0,0.0,0.0,2.582902431488037,0.0,0.5440535545349121,0.0,0.0,0.0,0.0,0.0,1.6546332836151123,1.566264510154724,0.0,0.7770790457725525,0.0,0.0,0.0,1.61834979057312
final_train_00241,final_train,C4,75,early,0,early,0.2684673989921181,0.3058254420757293,0.9551341533660888,0.0298971831798553,0.0149687007069587,0.0448658466339111,0.1926778073611842,0,0.0,1.4218933582305908,2.4398462772369385,0.0,0.0,1.8771272897720337,0.8248451948165894,2.196094512939453,0.5891914963722229,0.0,0.0,0.0,0.0,0.191503033041954,2.4159398078918457,1.2361762523651123,0.1037506386637687,0.0,2.5071988105773926,0.0600582659244537,0.0,0.0,0.0,2.1772208213806152,0.2174136936664581,0.3150384426116943,0.0,0.0,0.0,0.1794511973857879,0.0,3.343005657196045,0.0514151751995086,0.8621105551719666,0.0,0.0,0.0,0.0,0.0,0.2445899397134781,0.0,2.353327751159668,0.0,0.0,0.0,0.0,0.0,0.0,2.583909511566162,0.0,0.5465141534805298,0.0,0.0,0.0,0.0,0.0,1.656096577644348,1.5630264282226562,0.0,0.7751017212867737,0.0,0.0,0.0,1.6174421310424805
final_train_00242,final_train,C4,76,early,0,early,0.2711172413418845,0.3059918582439422,0.9551002383232116,0.029936134815216,0.0149636715650558,0.0448997616767883,0.1927815826288287,0,0.0,1.4212000370025637,2.441956043243408,0.0,0.0,1.877640724182129,0.8230401277542114,2.196643590927124,0.5909669399261475,0.0,0.0,0.0,0.0,0.1913387775421142,2.415837049484253,1.2368403673171997,0.1054868549108505,0.0,2.505866527557373,0.0573335662484169,0.0,0.0,0.0,2.175985336303711,0.2155471742153167,0.3145167231559753,0.0,0.0,0.0,0.1802158951759338,0.0,3.3423588275909424,0.0509713366627693,0.8618637323379517,0.0,0.0,0.0,0.0,0.0,0.2415048778057098,0.0,2.353651285171509,0.0,0.0,0.0,0.0,0.0,0.0,2.5813117027282715,0.0,0.547298789024353,0.0,0.0,0.0,0.0,0.0,1.6555726528167725,1.562244176864624,0.0,0.7727007269859314,0.0,0.0,0.0,1.6174825429916382
final_train_00243,final_train,C4,77,early,0,early,0.2737483318845028,0.3061587512493133,0.9552223682403564,0.0298939514905214,0.0148836942389607,0.0447776317596435,0.1923458512900389,0,0.0,1.4204599857330322,2.447134017944336,0.0,0.0,1.8775919675827024,0.8233038783073425,2.198017835617065,0.5908212065696716,0.0,0.0,0.0,0.0,0.1922806799411773,2.4177045822143555,1.242116093635559,0.1078080683946609,0.0,2.502265930175781,0.052854023873806,0.0,0.0,0.0,2.1777048110961914,0.2071603387594223,0.3128297924995422,0.0,0.0,0.0,0.1801469326019287,0.0,3.3480916023254395,0.0511572286486625,0.8564046621322632,0.0,0.0,0.0,0.0,0.0,0.2365094274282455,0.0,2.356200933456421,0.0,0.0,0.0,0.0,0.0,0.0,2.5841689109802246,0.0,0.5499762296676636,0.0,0.0,0.0,0.0,0.0,1.65721333026886,1.5612484216690063,0.0,0.7672091126441956,0.0,0.0,0.0,1.6184285879135132
final_train_00244,final_train,C4,78,early,0,early,0.2763579151157217,0.3064526617527008,0.9551461935043336,0.0299827735871076,0.0148709593340754,0.0448538064956665,0.1925776535804644,0,0.0,1.4171700477600098,2.4495110511779785,0.0,0.0,1.8767333030700684,0.8203180432319641,2.19795560836792,0.5932753682136536,0.0,0.0,0.0,0.0,0.1913096904754638,2.4152133464813232,1.2457146644592283,0.109448455274105,0.0,2.5020105838775635,0.0486718043684959,0.0,0.0,0.0,2.173724889755249,0.2032670676708221,0.3140538334846496,0.0,0.0,0.0,0.179610937833786,0.0,3.348471641540528,0.0491468235850334,0.8543797135353088,0.0,0.0,0.0,0.0,0.0,0.2305662781000137,0.0,2.3539857864379883,0.0,0.0,0.0,0.0,0.0,0.0,2.580230712890625,0.0,0.5564061403274536,0.0,0.0,0.0,0.0,0.0,1.656741976737976,1.5599359273910522,0.0,0.7660032510757446,0.0,0.0,0.0,1.6188493967056274
final_train_00245,final_train,C4,79,early,0,early,0.278943254759541,0.3068218529224396,0.9550403356552124,0.0300836991518735,0.0148759288713335,0.0449596643447876,0.1929142484101425,0,0.0,1.4135897159576416,2.4521820545196533,0.0,0.0,1.875556826591492,0.8156892657279968,2.197440385818481,0.5950803160667419,0.0,0.0,0.0,0.0,0.1895102560520172,2.4116454124450684,1.247677206993103,0.1093458980321884,0.0,2.501086711883545,0.0451993867754936,0.0,0.0,0.0,2.169233560562134,0.1992556452751159,0.3145661950111389,0.0,0.0,0.0,0.1797551214694976,0.0,3.347747325897217,0.0476474240422248,0.8524195551872253,0.0,0.0,0.0,0.0,0.0,0.2251320779323578,0.0,2.3515002727508545,0.0,0.0,0.0,0.0,0.0,0.0,2.574438571929932,0.0,0.5597691535949707,0.0,0.0,0.0,0.0,0.0,1.6554442644119265,1.5593842267990112,0.0,0.7646412253379822,0.0,0.0,0.0,1.618936538696289
final_train_00246,final_train,C4,80,early,0,early,0.2815016415900144,0.3070874512195587,0.9550018310546876,0.0301471017301082,0.0148510755971074,0.0449981689453125,0.193019529239767,0,0.0,1.4105699062347412,2.454524517059326,0.0,0.0,1.874988913536072,0.8121639490127563,2.1979188919067383,0.5968382358551025,0.0,0.0,0.0,0.0,0.1891201585531234,2.409743547439575,1.2495673894882202,0.1086763069033622,0.0,2.5005972385406494,0.0416599512100219,0.0,0.0,0.0,2.167764186859131,0.1952966451644897,0.3154554367065429,0.0,0.0,0.0,0.179969310760498,0.0,3.348707437515259,0.0466110780835151,0.8504398465156555,0.0,0.0,0.0,0.0,0.0,0.2197744697332382,0.0,2.349571704864502,0.0,0.0,0.0,0.0,0.0,0.0,2.570340633392334,0.0,0.5631611943244934,0.0,0.0,0.0,0.0,0.0,1.6541686058044434,1.559803128242493,0.0,0.7649623155593872,0.0,0.0,0.0,1.6187942028045654
final_train_00247,final_train,C4,81,early,0,early,0.2840304008152931,0.3072187304496765,0.9549758434295654,0.0302842892706394,0.0147399231791496,0.0450241565704345,0.1930290780292614,0,0.0,1.408673644065857,2.457959651947021,0.0,0.0,1.8749507665634155,0.8067443370819092,2.2003774642944336,0.6090050339698792,0.0,0.0,0.0,0.0,0.1924114972352981,2.406458139419556,1.253922939300537,0.105222187936306,0.0,2.5056164264678955,0.0355943217873573,0.0,0.0,0.0,2.1687591075897217,0.1863971054553985,0.3158964812755584,0.0,0.0,0.0,0.1770509779453277,0.0,3.3505120277404785,0.0433504432439804,0.8457995057106018,0.0,0.0,0.0,0.0,0.0,0.2092431634664535,0.0,2.348144292831421,0.0,0.0,0.0,0.0,0.0,0.0,2.5667943954467773,0.0,0.5723496675491333,0.0,0.0,0.0,0.0,0.0,1.6496357917785645,1.5597034692764282,0.0,0.7680504322052002,0.0,0.0,0.0,1.6199084520339966
final_train_00248,final_train,C4,82,early,0,early,0.2865268990073961,0.3071350753307342,0.9549955129623412,0.0303855445235967,0.0146189779043197,0.0450044870376586,0.192887378876068,0,0.0,1.4032797813415527,2.4642577171325684,0.0,0.0,1.8778256177902224,0.8017961978912354,2.201622009277344,0.6171234250068665,0.0,0.0,0.0,0.0,0.192397654056549,2.405746459960937,1.2635493278503418,0.1061398461461067,0.0,2.507260322570801,0.0266603305935859,0.0,0.0,0.0,2.169609546661377,0.1785609722137451,0.3176307380199432,0.0,0.0,0.0,0.1762117445468902,0.0,3.353719472885132,0.0416084378957748,0.8418560028076172,0.0,0.0,0.0,0.0,0.0,0.1990201920270919,0.0,2.3470146656036377,0.0,0.0,0.0,0.0,0.0,0.0,2.564159870147705,0.0,0.5862604379653931,0.0,0.0,0.0,0.0,0.0,1.650554060935974,1.5555530786514282,0.0,0.7694531679153442,0.0,0.0,0.0,1.6199167966842651
final_train_00249,final_train,C4,83,early,0,early,0.2889885507181158,0.3070358335971832,0.9549918174743652,0.0306014809757471,0.0144067360088229,0.0450081825256347,0.1927555133484193,0,0.0,1.39583158493042,2.472071409225464,0.0,0.0,1.8822267055511477,0.7934111952781677,2.2031822204589844,0.6354861855506897,0.0,0.0,0.0,0.0,0.1961299479007721,2.4033303260803223,1.2774693965911863,0.1038224995136261,0.0,2.5137388706207275,0.014852799475193,0.0,0.0,0.0,2.1698904037475586,0.1628848016262054,0.3195042014122009,0.0,0.0,0.0,0.1716585457324981,0.0,3.358654260635376,0.0373354107141494,0.8333625197410583,0.0,0.0,0.0,0.0,0.0,0.1812153160572052,0.0,2.346076011657715,0.0,0.0,0.0,0.0,0.0,0.0,2.561351776123047,0.0,0.6085759401321411,0.0,0.0,0.0,0.0,0.0,1.651068925857544,1.5489497184753418,0.0,0.7707276940345764,0.0,0.0,0.0,1.6207691431045532
final_train_00250,final_train,C4,84,early,0,early,0.2914128245993511,0.3070250451564789,0.9548740983009338,0.0308391451835632,0.014286802150309,0.0451259016990661,0.1930406884892148,0,0.0,1.3882931470870972,2.4801723957061768,0.0,0.0,1.8848620653152464,0.784273624420166,2.203458309173584,0.6516551971435547,0.0,0.0,0.0,0.0,0.1956098228693008,2.398052215576172,1.2897441387176514,0.1043500900268554,0.0,2.5195629596710205,0.0052298232913017,0.0,0.0,0.0,2.166977405548096,0.1512922048568725,0.3215530812740326,0.0,0.0,0.0,0.1695846021175384,0.0,3.359375,0.0333002135157585,0.8262038826942444,0.0,0.0,0.0,0.0,0.0,0.1679133623838424,0.0,2.3440725803375244,0.0,0.0,0.0,0.0,0.0,0.0,2.554234504699707,0.0,0.624504029750824,0.0,0.0,0.0,0.0,0.0,1.6497471332550049,1.5430866479873655,0.0,0.7726141810417175,0.0,0.0,0.0,1.623972773551941
final_train_00251,final_train,C4,85,early,0,early,0.2937972492095766,0.3067346215248108,0.9547645449638368,0.0310753509402275,0.0141600780189037,0.0452354550361633,0.1932927277028302,0,0.0,1.383248805999756,2.48736310005188,0.0,0.0,1.8872768878936768,0.7757406234741211,2.203415870666504,0.6708595156669617,0.0,0.0,0.0,0.0,0.1953134983778,2.391873836517334,1.3014079332351685,0.102464273571968,0.0,2.529970169067383,0.0,0.0,0.0,0.0,2.1644506454467773,0.1397905647754669,0.3239991962909698,0.0,0.0,0.0,0.1652492880821228,0.0,3.3584980964660645,0.030199684202671,0.8162227272987366,0.0,0.0,0.0,0.0,0.0,0.1543225795030594,0.0,2.3425748348236084,0.0,0.0,0.0,0.0,0.0,0.0,2.549337863922119,0.0,0.6390714645385742,0.0,0.0,0.0,0.0,0.0,1.6477969884872437,1.53791606426239,0.0,0.7755747437477112,0.0,0.0,0.0,1.627905011177063
final_train_00252,final_train,C4,86,early,0,early,0.2961394184155934,0.3066122531890869,0.9546871781349182,0.0312064718455076,0.0141063202172517,0.0453128218650817,0.1934951240619717,0,0.0,1.3768951892852783,2.4943251609802246,0.0,0.0,1.887325882911682,0.7672461867332458,2.2039294242858887,0.6809943318367004,0.0,0.0,0.0,0.0,0.1912134140729904,2.38726806640625,1.309110164642334,0.1023620814085006,0.0,2.537001848220825,0.0,0.0,0.0,0.0,2.160662174224853,0.1348665654659271,0.3271495401859283,0.0,0.0,0.0,0.1636838316917419,0.0,3.356930017471313,0.0272414684295654,0.8113332986831665,0.0,0.0,0.0,0.0,0.0,0.1477603167295456,0.0,2.3404998779296875,0.0,0.0,0.0,0.0,0.0,0.0,2.5427536964416504,0.0,0.6461958289146423,0.0,0.0,0.0,0.0,0.0,1.6480268239974976,1.5349125862121582,0.0,0.7804276943206787,0.0,0.0,0.0,1.632045030593872
final_train_00253,final_train,C4,87,early,0,early,0.2984369964638981,0.3064615428447723,0.954374134540558,0.0316634699702262,0.0139623098075389,0.0456258654594421,0.1943618937265329,0,0.0,1.3676726818084717,2.500595808029175,0.0,0.0,1.8921046257019043,0.753849983215332,2.2025704383850098,0.705873966217041,0.0,0.0,0.0,0.0,0.1907255351543426,2.3784024715423584,1.3234723806381226,0.1013155803084373,0.0,2.552401304244995,0.0,0.0,0.0,0.0,2.156019926071167,0.1212073415517807,0.3305394649505615,0.0,0.0,0.0,0.157354861497879,0.0,3.3538825511932373,0.0220647454261779,0.7989383935928345,0.0,0.0,0.0,0.0,0.0,0.1291627734899521,0.0,2.3372035026550293,0.0,0.0,0.0,0.0246574133634567,0.0,0.0,2.534233570098877,0.0,0.664159893989563,0.0,0.0,0.0,0.0,0.0,1.644481897354126,1.526289701461792,0.0,0.785209596157074,0.0,0.0,0.0,1.6377582550048828
final_train_00254,final_train,C4,88,early,0,early,0.3006877226638524,0.3063842058181762,0.9540003538131714,0.0321600399911403,0.0138396602123975,0.0459996461868286,0.1954254851018234,0,0.0,1.3567357063293457,2.508019208908081,0.0,0.0,1.8960380554199217,0.7374788522720337,2.199641466140747,0.7301102876663208,0.0,0.0,0.0,0.0,0.1876906156539917,2.366281509399414,1.338508129119873,0.0994069725275039,0.0,2.5684664249420166,0.0,0.0,0.0,0.0,2.146837949752808,0.1070203483104705,0.3364177346229553,0.0,0.0,0.0,0.1523828506469726,0.0,3.3498921394348145,0.0171836242079734,0.7859045267105103,0.0,0.0,0.0,0.0,0.0,0.1089894697070121,0.0,2.333239316940308,0.0,0.0,0.0,0.0511887669563293,0.0,0.0,2.5242257118225098,0.0,0.680256724357605,0.0,0.0,0.0,0.0,0.0,1.643736720085144,1.517026662826538,0.0,0.7895498871803284,0.0,0.0,0.0,1.6460084915161133
final_train_00255,final_train,C4,89,early,0,early,0.3028894157735082,0.3059724867343902,0.9533881545066832,0.0329775735735893,0.0136342467740178,0.0466118454933166,0.1971457456455551,0,0.0,1.338474154472351,2.514003038406372,0.0,0.0,1.907899022102356,0.7184141278266907,2.191828489303589,0.767380952835083,0.0,0.0,0.0,0.0,0.1832956224679947,2.349482536315918,1.3696236610412598,0.1029636785387992,0.0,2.598951578140259,0.0,0.0,0.0,0.0,2.133605718612671,0.0803301483392715,0.350163996219635,0.0,0.0,0.0,0.138282835483551,0.0,3.346125841140747,0.0114928781986236,0.7619259357452393,0.0,0.0,0.0,0.0,0.0,0.0745427832007408,0.0,2.32486343383789,0.0,0.0,0.0,0.0979958623647689,0.0,0.0,2.5186452865600586,0.0,0.7200140953063965,0.0,0.0,0.0,0.0126246064901351,0.0,1.6483324766159058,1.4955178499221802,0.0,0.7886533141136169,0.0,0.0,0.0,1.656884789466858
final_train_00256,final_train,C4,90,early,0,early,0.305039978005494,0.3064764738082886,0.952544927597046,0.033903282135725,0.0135517176240682,0.0474550724029541,0.1996491425640432,0,0.0,1.3231281042099,2.517047166824341,0.0,0.0,1.9119235277175903,0.7010107636451721,2.1839194297790527,0.7988438606262207,0.0,0.0,0.0,0.0,0.1860384047031402,2.335588216781616,1.384912610054016,0.0970016792416572,0.0,2.617183923721313,0.0,0.0,0.0,0.0,2.116546630859375,0.0623437017202377,0.3554685711860657,0.0,0.0,0.0,0.1309818625450134,0.0,3.3339662551879883,0.0039368793368339,0.7442619800567627,0.0,0.0,0.0,0.0,0.0,0.0495890043675899,0.0,2.3181421756744385,0.0,0.0,0.0,0.1335129588842392,0.0,0.0,2.503148078918457,0.0,0.7453245520591736,0.0,0.0,0.0,0.0244403928518295,0.0,1.640715718269348,1.4787778854370115,0.0,0.7917844653129578,0.0,0.0,0.0,1.6638189554214478
final_train_00257,final_train,C4,91,early,0,early,0.3071373987768532,0.306715190410614,0.9507561326026917,0.0357096418738365,0.0135342879220843,0.0492438673973083,0.2050214759988524,0,0.0,1.2953283786773682,2.5079047679901123,0.0,0.0,1.9203016757965088,0.6765303611755371,2.1647744178771973,0.8398356437683105,0.0,0.0,0.0,0.0,0.1904654204845428,2.318536758422852,1.408227562904358,0.0911338031291961,0.0078287050127983,2.6443421840667725,0.0,0.0,0.0,0.0,2.091775417327881,0.0369940102100372,0.3636910319328308,0.0,0.0,0.0,0.1171401217579841,0.0,3.305060386657715,0.0,0.7159767746925354,0.0,0.0,0.0,0.0,0.0,0.0165976099669933,0.0,2.302097797393799,0.0,0.0,0.0,0.1894502192735672,0.0,0.0,2.4820046424865723,0.0,0.7874429821968079,0.0,0.0,0.0,0.0414633117616176,0.0,1.629455327987671,1.4412235021591189,0.0,0.7933266758918762,0.0,0.0,0.0,1.6676340103149414
final_train_00258,final_train,C4,92,early,0,early,0.3091797580872045,0.3065922260284424,0.9497124552726746,0.0367519184947013,0.0135356215760111,0.0502875447273254,0.2081260126196025,0,0.0,1.2780308723449707,2.504915952682495,0.0,0.0,1.9220448732376096,0.6621233224868774,2.1577308177948,0.8635108470916748,0.0,0.0,0.0,0.0,0.1941532641649246,2.312892436981201,1.4177285432815552,0.0864463597536087,0.0154460221529006,2.659433603286743,0.0,0.0,0.0,0.0,2.0778722763061523,0.0336527749896049,0.365055501461029,0.0,0.0,0.0,0.1091013476252555,0.0,3.2846155166625977,0.0,0.7066202163696289,0.0,0.0,0.0,0.0,0.0,0.0051402458921074,0.0,2.294939994812012,0.0,0.0,0.0,0.2164276391267776,0.0,0.0,2.4664459228515625,0.0,0.8076496720314026,0.0,0.0,0.0,0.0426088124513626,0.0,1.6232041120529177,1.421431064605713,0.0,0.8011532425880432,0.0,0.0,0.0,1.670106053352356
final_train_00259,final_train,C4,93,early,0,early,0.3111652296491137,0.3064315915107727,0.9477537274360656,0.0386063531041145,0.01363992318511,0.0522462725639343,0.2139747411302814,0,0.0,1.2541738748550415,2.488391399383545,0.0,0.0,1.9252769947052,0.6436916589736938,2.138484477996826,0.8974367380142212,0.0,0.0,0.0,0.0,0.1984838247299194,2.3025829792022705,1.4292826652526855,0.0823061615228653,0.0284360870718956,2.682368516921997,0.0,0.0,0.0,0.0,2.0560269355773926,0.0229682028293609,0.3693581521511078,0.0,0.0,0.0,0.0950685068964958,0.0,3.253769636154175,0.0,0.686798632144928,0.0,0.0,0.0,0.0,0.0,0.0,0.0,2.281160354614258,0.0,0.0,0.0,0.2638410925865173,0.0,0.0,2.445353984832764,0.0,0.8404461145401001,0.0,0.0,0.0,0.047417439520359,0.0,1.6115286350250244,1.388994812965393,0.0,0.8073831796646118,0.0,0.0,0.0,1.672399878501892
final_train_00260,final_train,C4,94,early,0,early,0.3130920836633057,0.3064801096916199,0.9465869665145874,0.0396741963922977,0.0137388128787279,0.0534130334854126,0.2174532539214008,0,0.0,1.2398360967636108,2.4765632152557373,0.0,0.0,1.925882697105408,0.6359969973564148,2.127535343170166,0.9177744388580322,0.0,0.0,0.0,0.0,0.2026712149381637,2.2985525131225586,1.4309459924697876,0.0792993605136871,0.0361682400107383,2.6928064823150635,0.0,0.0,0.0,0.0,2.0438003540039062,0.0241980105638504,0.3715177476406097,0.0,0.0,0.0,0.0858579650521278,0.0,3.235300779342652,0.0,0.6803508996963501,0.0,0.0,0.0,0.0,0.0,0.0,0.0,2.273930788040161,0.0,0.0,0.0,0.287896454334259,0.0,0.0,2.431395530700684,0.0,0.8553882241249084,0.0,0.0,0.0,0.0472304224967956,0.0,1.6030962467193604,1.374412178993225,0.0,0.8125292658805847,0.0,0.0,0.0,1.6746492385864258
final_train_00261,final_train,C4,95,early,0,early,0.3149586893956467,0.308630883693695,0.9416990280151368,0.0441571101546287,0.0141438581049442,0.0583009719848632,0.2317186300084414,0,0.0126967020332813,1.205859661102295,2.434620857238769,0.0,0.0,1.912124752998352,0.6039596796035767,2.0848186016082764,0.9635103940963744,0.0,0.0,0.0,0.0405023470520973,0.2244139313697815,2.2776217460632324,1.4319123029708862,0.0468454658985137,0.0612498670816421,2.7114760875701904,0.0,0.0,0.0,0.0,1.999526858329773,0.0075097233057022,0.3630506694316864,0.0,0.0,0.0,0.0798332914710044,0.0,3.163671493530273,0.0,0.640017569065094,0.0,0.0,0.0,0.0,0.0,0.0,0.0,2.2555465698242188,0.0,0.0,0.0,0.3562382459640503,0.0,0.0,2.384210586547852,0.0,0.8800501823425293,0.0,0.0,0.0,0.051568292081356,0.0,1.55909526348114,1.325600028038025,0.0,0.8216115236282349,0.0,0.0,0.0,1.664805293083191
final_train_00262,final_train,C4,96,middle,1,early,0.3167635174237436,0.3091267347335815,0.9404953122138976,0.0453671626746654,0.0141374636441469,0.0595046877861022,0.2350489331080757,1,0.0144630633294582,1.2044813632965088,2.4324607849121094,0.0,0.0,1.9070886373519895,0.5953941941261292,2.0821571350097656,0.9854992628097534,0.0,0.0,0.0,0.0555538609623909,0.2353462278842926,2.2755286693573,1.4280794858932495,0.0354423820972442,0.0718332007527351,2.7234654426574707,0.0,0.0,0.0,0.0,1.9833173751831052,0.0052746012806892,0.3612036108970642,0.0,0.0,0.0,0.0734899267554283,0.0,3.1475753784179688,0.0,0.6314869523048401,0.0,0.0,0.0,0.0,0.0,0.0,0.0,2.2504186630249023,0.0,0.0,0.0,0.3722812533378601,0.0,0.0,2.370999336242676,0.0,0.8937400579452515,0.0,0.0,0.0,0.0502680838108062,0.0,1.5483479499816897,1.3145323991775513,0.0,0.8305699825286865,0.0,0.0,0.0,1.6664934158325195
final_train_00263,final_train,C4,97,middle,1,early,0.3185051416357572,0.3153875768184662,0.912831485271454,0.0705284103751182,0.0166401304304599,0.0871685147285461,0.3080557223132235,1,0.0137113668024539,1.0856176614761353,2.2583718299865723,0.0,0.0,1.82628071308136,0.4881888628005981,1.906387448310852,1.0546636581420898,0.0,0.0,0.0,0.1652612388134002,0.3636748790740967,2.199174642562866,1.4263091087341309,0.0,0.2268473505973816,2.7215921878814697,0.0,0.0,0.0541323497891426,0.0,1.808371663093567,0.0,0.3070876896381378,0.0,0.0,0.0,0.1345203816890716,0.0,2.846656560897827,0.0,0.4744738638401031,0.0,0.0,0.0798127129673957,0.0,0.0,0.0,0.0,2.174417495727539,0.0,0.0,0.0,0.5758082866668701,0.0563360154628753,0.0,2.2102489471435547,0.0,0.959048628807068,0.0,0.0,0.0,0.0818565487861633,0.0377728641033172,1.3671802282333374,1.0969690084457395,0.0,0.8588916063308716,0.0,0.0,0.0,1.5693119764328003
final_train_00264,final_train,C4,98,middle,1,early,0.3201822409649101,0.3154994249343872,0.9104893803596495,0.0729907676577568,0.0165197718888521,0.0895106196403503,0.3133142840913862,1,0.0630645304918289,1.1026183366775513,2.25234055519104,0.0,0.0,1.8379836082458496,0.4896484315395355,1.923112630844116,1.1034650802612305,0.0,0.0,0.0,0.1943370997905731,0.3527690470218658,2.212247133255005,1.3988182544708252,0.0,0.2348702549934387,2.760552406311035,0.0,0.0,0.0734908357262611,0.0,1.7959095239639282,0.0,0.3033009767532348,0.0,0.0,0.0,0.1073984131217002,0.0,2.83196759223938,0.0,0.4779293239116668,0.0,0.0,0.0805505588650703,0.0,0.0,0.0,0.0,2.1515543460845947,0.0,0.0,0.0,0.5977767109870911,0.0503547266125679,0.0,2.168567180633545,0.0,0.9939454197883606,0.0,0.0,0.0,0.0703787729144096,0.0362805761396884,1.3725783824920654,1.0818548202514648,0.0,0.8941138386726379,0.0,0.0,0.0,1.5673764944076538
final_train_00265,final_train,C4,99,middle,1,early,0.3217936009092444,0.3175103664398193,0.8104721307754517,0.1672302484512329,0.022297540679574,0.1895278692245483,0.5044426375936444,1,0.1626385748386383,0.8775152564048767,1.921570897102356,0.0,0.0,1.69692063331604,0.3592070341110229,1.6331679821014404,1.25330913066864,0.0,0.0,0.0,0.3895080387592315,0.4870026409626007,2.1038410663604736,1.379633545875549,0.0,0.4007078409194946,2.7769525051116943,0.0,0.0,0.3779463171958923,0.0,1.5546977519989014,0.0,0.1944995373487472,0.0,0.0,0.0,0.0728760883212089,0.0,2.372856855392456,0.0,0.2765759527683258,0.0,0.0,0.2516864836215973,0.0,0.1500375121831894,0.0,0.0,2.0082807540893555,0.0,0.2014109790325164,0.0,0.933426320552826,0.2416997998952865,0.0,1.8703014850616453,0.0009803920984268,1.1323922872543335,0.0,0.0,0.0,0.0201487205922603,0.3218763768672943,1.0869219303131104,0.7527080774307251,0.0,0.9028417468070984,0.0,0.0,0.0,1.4454729557037354
final_train_00266,final_train,C4,100,middle,1,early,0.3233381147705563,0.3184706270694732,0.7666112780570984,0.2092368155717849,0.0241519380360841,0.2333887219429016,0.5652406483763539,1,0.1617258489131927,0.7960342764854431,1.8332213163375852,0.0,0.0,1.6538668870925903,0.2785649299621582,1.5567337274551392,1.2883185148239136,0.0,0.0,0.0,0.4298262000083923,0.552073061466217,2.062059164047241,1.3547056913375854,0.0,0.4571739435195923,2.782908201217652,0.0,0.0,0.4593726396560669,0.0,1.4837499856948853,0.0,0.2088222354650497,0.0,0.0,0.0,0.1033094599843025,0.0,2.258640766143799,0.0,0.2465413957834243,0.0,0.0,0.2872964143753052,0.0,0.223419651389122,0.0,0.02098292671144,1.919733047485352,0.0,0.2632372379302978,0.0,1.0114482641220093,0.3535501956939697,0.0,1.7822884321212769,0.0540416613221168,1.1515817642211914,0.0,0.0,0.0,0.0129371806979179,0.3988310098648071,1.0418903827667236,0.6848844885826111,0.0,0.946077525615692,0.0,0.0,0.0,1.4275729656219482
final_train_00267,final_train,C4,101,middle,1,middle,0.3248147847281377,0.3247515559196472,0.4306216537952423,0.5401645302772522,0.029213884845376,0.4598354697227478,0.7270107602876628,0,0.3668741881847381,0.4334349036216736,1.3294070959091189,0.0,0.0153154823929071,1.3946104049682615,0.0822580456733703,1.116493582725525,1.5010665655136108,0.0,0.0811570435762405,0.0,0.7507137060165405,0.7331646680831909,1.9428983926773071,1.2593928575515747,0.0,0.6339066624641418,2.710113525390625,0.0,0.0,0.954977571964264,0.0,1.1861494779586792,0.0,0.0085022822022438,0.0,0.0,0.0,0.0,0.0,1.5141425132751465,0.0,0.0029316670261323,0.0,0.0,0.4512627124786377,0.0,0.509888768196106,0.0,0.3196041285991668,1.6555297374725342,0.0,0.6843005418777466,0.0,1.4740530252456665,0.6633650064468384,0.0,1.3158706426620483,0.1276921182870865,1.3186149597167969,0.0,0.0,0.0,0.0,0.7934518456459045,0.556053876876831,0.1769024580717086,0.0,0.947202444076538,0.0952313542366027,0.0,0.0,1.2142494916915894
final_train_00268,final_train,C4,102,middle,1,middle,0.3262227226151759,0.3259872198104858,0.3130846321582794,0.6589034199714661,0.0280119515955448,0.3410965800285339,0.672308023962564,0,0.4195379316806793,0.3272521495819092,1.1488358974456787,0.0,0.1232823804020881,1.314814805984497,0.0,0.9902487993240356,1.5879172086715698,0.0,0.1465117782354354,0.0,0.8911775946617126,0.8449289202690125,1.8854987621307373,1.204829216003418,0.0,0.706375777721405,2.711130857467652,0.0,0.0,1.0865288972854614,0.0,1.091802000999451,0.0,0.0046311281621456,0.0,0.0,0.0,0.0,0.0,1.2999262809753418,0.0,0.0,0.0,0.0,0.5012814402580261,0.0,0.5992554426193237,0.0,0.4235184788703918,1.4873405694961548,0.0,0.810860812664032,0.0,1.6218185424804688,0.8145421147346497,0.0,1.1416655778884888,0.209443524479866,1.3607581853866575,0.0,0.0,0.0,0.0,0.8995428681373596,0.4479208290576935,0.0426515042781829,0.0,1.0062211751937866,0.1265111118555069,0.0,0.0,1.135870337486267
final_train_00269,final_train,C4,103,middle,1,middle,0.3275611505217001,0.3362471163272857,0.1271185278892517,0.8501038551330566,0.0227775778621435,0.1498961448669433,0.4427381971172803,0,0.6412978768348694,0.0775595158338546,0.7362569570541382,0.0,0.2899731993675232,1.101984977722168,0.0,0.6216359734535217,1.745513677597046,0.0,0.3988958597183227,0.0,1.1911309957504272,0.9704084396362304,1.821374773979187,1.0719364881515503,0.0,0.8879022002220154,2.617363691329956,0.0,0.0,1.4805762767791748,0.0,0.8347095847129822,0.0,0.0,0.0,0.0,0.0,0.0,0.0,0.6638771295547485,0.0,0.0,0.0,0.0,0.63754802942276,0.0,0.7374703884124756,0.0,0.6781892776489258,1.2434691190719604,0.0,1.1403710842132568,0.0,1.9969452619552608,1.0182818174362185,0.0,0.727126955986023,0.2999305427074432,1.438888430595398,0.0,0.0,0.0,0.0,1.1836477518081665,0.0648593157529831,0.0,0.0,1.0647766590118408,0.3694703280925751,0.0,0.0,0.8880391120910645
final_train_00270,final_train,C4,104,middle,1,middle,0.3288294012158199,0.341265857219696,0.0863454118371009,0.8933433294296265,0.0203112345188856,0.1066566705703735,0.3562620807674603,0,0.6789287328720093,0.0,0.572199821472168,0.0,0.3736761808395386,1.0152634382247925,0.0,0.4713163375854492,1.7980246543884275,0.0,0.47081458568573,0.0,1.2894638776779177,1.060599684715271,1.7715026140213013,0.9978752136230468,0.0,0.9892411828041076,2.593015193939209,0.0,0.0,1.5998599529266355,0.0,0.6957012414932251,0.0,0.0,0.0,0.0,0.0117925256490707,0.0,0.0,0.4311335980892181,0.0,0.0,0.0,0.0,0.6780648827552795,0.0,0.8147589564323425,0.0,0.781022310256958,1.1370673179626465,0.0,1.285792112350464,0.0,2.1260132789611816,1.123992085456848,0.0,0.5645294785499573,0.3391510844230652,1.4886012077331543,0.0,0.0,0.0,0.0,1.286404371261597,0.0,0.0,0.0,1.087377429008484,0.4369693696498871,0.0,0.0,0.7950289845466614
final_train_00271,final_train,C4,105,middle,1,middle,0.3300269183254349,0.3512943387031555,0.0488975346088409,0.9335108399391174,0.0175916366279125,0.0664891600608825,0.2574869065308913,0,0.7653617262840271,0.0,0.3552626967430115,0.0,0.4723388850688934,0.8730366230010986,0.0,0.2091662883758545,1.88368022441864,0.0,0.6170826554298401,0.0,1.4144445657730105,1.117864012718201,1.7278721332550049,0.857421338558197,0.0,1.1520845890045166,2.489102840423584,0.0,0.0,1.800650715827942,0.0,0.465847760438919,0.0,0.0,0.0065861269831657,0.0,0.0802237838506698,0.0,0.0,0.0625095218420028,0.0,0.0,0.0,0.0,0.7149277925491333,0.0,0.878720223903656,0.0,0.9575111269950868,0.99808269739151,0.0,1.501481294631958,0.0,2.361525535583496,1.223002552986145,0.0,0.3033512234687805,0.3916718959808349,1.5544577836990356,0.0,0.0,0.0,0.0,1.4150285720825195,0.0,0.0,0.0,1.0674967765808103,0.5459354519844055,0.0,0.0,0.6707803010940552
final_train_00272,final_train,C4,106,middle,1,middle,0.3311532563464947,0.3590908646583557,0.0395484417676925,0.9437951445579528,0.0166564472019672,0.0562048554420471,0.2280630441394107,0,0.7775067090988159,0.0,0.2645410299301147,0.0,0.525991678237915,0.8121045827865601,0.0,0.0896781310439109,1.9078612327575684,0.0,0.6557201743125916,0.0,1.4559792280197144,1.143951416015625,1.693578600883484,0.7742205858230591,0.0,1.234749436378479,2.4365227222442627,0.0,0.0,1.8626649379730225,0.0,0.3399149179458618,0.0,0.0,0.0004318729043006,0.0,0.1011647582054138,0.0,0.0,0.0,0.0,0.0,0.0,0.0,0.7072048783302307,0.0,0.9160743355751038,0.0,1.0354007482528689,0.9402819871902466,0.0,1.5939539670944214,0.0,2.452651262283325,1.2620986700057983,0.0,0.2064928412437439,0.4114951193332672,1.6005994081497192,0.0,0.0,0.0,0.0,1.462269306182861,0.0,0.0,0.0,1.0374696254730225,0.5718654990196228,0.0,0.0,0.629848301410675
final_train_00273,final_train,C4,107,middle,1,middle,0.3322080804860668,0.3667159378528595,0.0342298746109008,0.9496234655380248,0.0161466840654611,0.0503765344619751,0.2104670801166855,0,0.7832287549972534,0.0,0.197729229927063,0.0,0.5634733438491821,0.7595815658569336,0.0,0.0,1.9307880401611328,0.0,0.6886186599731445,0.0,1.477631449699402,1.1510884761810305,1.6748167276382446,0.7117215991020203,0.0,1.3008378744125366,2.377143621444702,0.0,0.0,1.9107989072799685,0.0,0.2426955103874206,0.0,0.0,0.0023503601551055,0.0,0.1177233755588531,0.0,0.0,0.0,0.0,0.0,0.0,0.0,0.7054693102836609,0.0,0.9298229217529296,0.0,1.0968419313430786,0.9020838737487792,0.0,1.66192889213562,0.0,2.532735824584961,1.2861087322235107,0.0,0.1287354230880737,0.4304953217506408,1.627537488937378,0.0,0.0,0.0,0.0,1.4890137910842896,0.0,0.0,0.0,1.002733588218689,0.5778087377548218,0.0,0.0,0.5891943573951721
final_train_00274,final_train,C4,108,middle,1,middle,0.3331911662989167,0.3731598258018493,0.0315449871122837,0.9524673819541932,0.0159876439720392,0.0475326180458068,0.2016532625772906,0,0.7827140092849731,0.0,0.1501304805278778,0.0,0.5895493626594543,0.7215694785118103,0.0,0.0,1.9465179443359373,0.0,0.7042877078056335,0.0,1.4834110736846924,1.1590114831924438,1.660844087600708,0.6612486839294434,0.0,1.345027208328247,2.333110809326172,0.0,0.0,1.9369823932647705,0.0,0.1744740754365921,0.0,0.0,0.0,0.0,0.1270127892494201,0.0,0.0,0.0,0.0,0.0,0.0,0.0,0.6957156658172607,0.0,0.9361128211021424,0.0,1.1394577026367188,0.8773490190505981,0.0,1.7058842182159424,0.0,2.581946611404419,1.3012386560440063,0.0,0.0781665667891502,0.4409323334693908,1.645550012588501,0.0,0.0,0.0,0.0,1.5051349401474,0.0,0.0,0.0,0.968695342540741,0.5779191851615906,0.0,0.0,0.5673677921295166
final_train_00275,final_train,C4,109,middle,1,middle,0.3341023991919338,0.3722588121891022,0.0320619046688079,0.9519096612930298,0.016028394922614,0.0480903387069702,0.203404244723586,0,0.7754144668579102,0.0,0.1580842286348343,0.0,0.5800440907478333,0.729524552822113,0.0,0.0,1.954298734664917,0.0,0.7031197547912598,0.0,1.4829655885696411,1.158633828163147,1.6630442142486572,0.6726420521736145,0.0,1.3332823514938354,2.3456709384918213,0.0,0.0,1.9274333715438845,0.0,0.1876119077205658,0.0,0.0,0.0,0.0,0.1304498314857483,0.0,0.0,0.0,0.0,0.0,0.0,0.0,0.6929935812950134,0.0,0.9381359219551086,0.0,1.1293388605117798,0.8805443644523621,0.0,1.6962107419967651,0.0,2.5755090713500977,1.305389404296875,0.0,0.0821862742304802,0.4401261210441589,1.6461859941482544,0.0,0.0,0.0,0.0,1.4965895414352417,0.0,0.0,0.0,0.97812819480896,0.5732875466346741,0.0,0.0,0.5766041874885559
final_train_00276,final_train,C4,110,middle,1,middle,0.3349417737385883,0.3734268546104431,0.0315427631139755,0.9524235725402832,0.0160336829721927,0.0475764274597168,0.2018175858510475,0,0.7757548689842224,0.0,0.1451503336429596,0.0,0.5799270272254944,0.7161462903022766,0.0,0.0,1.9552991390228271,0.0,0.7037441730499268,0.0,1.483744978904724,1.1662046909332275,1.659557580947876,0.668012797832489,0.0,1.3394887447357178,2.335758924484253,0.0,0.0,1.9349206686019895,0.0,0.1816150397062301,0.0,0.0,0.0053273290395736,0.0,0.1333750784397125,0.0,0.0,0.0,0.0,0.0,0.0,0.0,0.6882650256156921,0.0,0.9400508999824524,0.0,1.1389983892440796,0.8729639053344727,0.0,1.709352970123291,0.0,2.579355239868164,1.308629035949707,0.0,0.0706014037132263,0.4381003081798553,1.641704559326172,0.0,0.0,0.0,0.0,1.4990789890289309,0.0,0.0,0.0,0.9723894596099854,0.5803091526031494,0.0,0.0,0.5744025707244873
final_train_00277,final_train,C4,111,middle,1,middle,0.3357093928529754,0.3708719909191131,0.0325602516531944,0.9514297842979432,0.0160099733620882,0.0485702157020568,0.2048702280561646,0,0.7768779993057251,0.0,0.164620041847229,0.0,0.5780866146087646,0.7319791316986084,0.0,0.0,1.9537138938903809,0.0,0.6936335563659668,0.0,1.4785999059677124,1.1573814153671265,1.6674399375915527,0.6762974262237549,0.0,1.329862356185913,2.354989767074585,0.0,0.0,1.922353744506836,0.0,0.1982206404209137,0.0,0.0,0.0,0.0,0.1262351125478744,0.0,0.0,0.0,0.0,0.0,0.0,0.0,0.693665087223053,0.0,0.9293949604034424,0.0,1.1176791191101074,0.8859167098999023,0.0,1.6884371042251587,0.0,2.566880702972412,1.3014960289001465,0.0,0.0907773971557617,0.4340546131134033,1.645969271659851,0.0,0.0,0.0,0.0,1.4961737394332886,0.0,0.0,0.0,0.984753966331482,0.5693510174751282,0.0,0.0,0.5780390501022339
final_train_00278,final_train,C4,112,middle,1,middle,0.3364054668234472,0.3723584115505218,0.031946949660778,0.9520029425621032,0.0160501636564731,0.0479970574378967,0.2031300696797791,0,0.7738503813743591,0.0,0.1539162099361419,0.0,0.5723772644996643,0.7232577800750732,0.0,0.0,1.964306592941284,0.0,0.7105982303619385,0.0,1.4784377813339231,1.1638537645339966,1.663772702217102,0.6836947798728943,0.0,1.3330645561218262,2.34698748588562,0.0,0.0,1.9282490015029907,0.0,0.1937689185142517,0.0,0.0,0.0055976063013076,0.0,0.14230477809906,0.0,0.0,0.0,0.0,0.0,0.0,0.0,0.6950419545173645,0.0,0.9353656768798828,0.0,1.1330853700637815,0.8739439249038696,0.0,1.6965749263763428,0.0,2.576862096786499,1.311103343963623,0.0,0.0714632794260978,0.4359712898731231,1.6441562175750732,0.0,0.0,0.0,0.0,1.4911035299301147,0.0,0.0,0.0,0.9834585189819336,0.5771873593330383,0.0,0.0,0.578948438167572
final_train_00279,final_train,C4,113,middle,1,middle,0.3370303121975719,0.3729558289051056,0.0314814522862434,0.9525062441825868,0.0160123370587825,0.0474937558174133,0.2015479546204233,0,0.7792345285415649,0.0,0.1487608551979065,0.0,0.5753335356712341,0.7175235152244568,0.0,0.0,1.957999587059021,0.0,0.7184117436408997,0.0,1.4815499782562256,1.164530873298645,1.663542866706848,0.6818227767944336,0.0,1.3397982120513916,2.34050726890564,0.0,0.0,1.9381839036941528,0.0,0.1886635571718216,0.0,0.0,0.009515106678009,0.0,0.141684353351593,0.0,0.0,0.0,0.0,0.0,0.0,0.0,0.6981834769248962,0.0,0.9392068982124328,0.0,1.1409316062927246,0.8693167567253113,0.0,1.7049596309661863,0.0,2.5813307762146,1.3126184940338137,0.0,0.0674440860748291,0.4399507641792297,1.6409633159637451,0.0,0.0,0.0,0.0,1.4971517324447632,0.0,0.0,0.0,0.9827120304107666,0.5788720846176147,0.0,0.0,0.5723742842674255
final_train_00280,final_train,C4,114,middle,1,middle,0.3375843505184215,0.3741416931152344,0.0309344865381717,0.9530224204063416,0.0160431358963251,0.0469775795936584,0.1999604141124911,0,0.7797994613647461,0.0,0.1377124041318893,0.0,0.5748286247253418,0.7068862915039062,0.0,0.0,1.9537087678909304,0.0,0.7223642468452454,0.0,1.480918526649475,1.1724389791488647,1.6585924625396729,0.6789711117744446,0.0,1.345752477645874,2.327901601791382,0.0,0.0,1.945412397384644,0.0,0.1827884763479232,0.0,0.0,0.0155633985996246,0.0,0.1477873474359512,0.0,0.0,0.0,0.0,0.0,0.0,0.0,0.6965395212173462,0.0,0.9427335858345032,0.0,1.1564760208129885,0.8593146800994873,0.0,1.7189362049102783,0.0,2.586829423904419,1.3131110668182373,0.0,0.0579918511211872,0.4409055709838867,1.6364885568618774,0.0,0.0,0.0,0.0,1.501415729522705,0.0,0.0,0.0,0.9758577942848206,0.5916959643363953,0.0,0.0,0.570800244808197
final_train_00281,final_train,C4,115,middle,1,middle,0.3380681069617451,0.3751884698867798,0.030608233064413,0.9534285664558412,0.015963140875101,0.0465714335441589,0.198643332216091,0,0.7810268402099609,0.0,0.1305952817201614,0.0,0.5798225402832031,0.7016265392303467,0.0,0.0,1.959256172180176,0.0,0.720548689365387,0.0,1.4857501983642578,1.1705543994903564,1.6615262031555176,0.6669952273368835,0.0,1.353150486946106,2.3248186111450195,0.0,0.0,1.9460411071777344,0.0,0.1719942837953567,0.0,0.0,0.0161425322294235,0.0,0.1479650139808654,0.0,0.0,0.0,0.0,0.0,0.0,0.0,0.6901952028274536,0.0,0.942734718322754,0.0,1.1582276821136477,0.8601050972938538,0.0,1.7270292043685913,0.0,2.595916509628296,1.3144673109054563,0.0,0.0521875470876693,0.4423843622207641,1.6414364576339722,0.0,0.0,0.0,0.0,1.503878831863403,0.0,0.0,0.0,0.9741857051849364,0.5892130732536316,0.0,0.0,0.5688332319259644
final_train_00282,final_train,C4,116,middle,1,middle,0.3384822088409884,0.377864122390747,0.0296702608466148,0.954381227493286,0.0159485787153244,0.0456187725067138,0.1956393834119469,0,0.781597375869751,0.0,0.1055362820625305,0.0,0.5839500427246094,0.6819267272949219,0.0,0.0,1.9641801118850708,0.0,0.7224537134170532,0.0,1.4875102043151855,1.1779762506484983,1.6563633680343628,0.6501364707946777,0.0,1.3666722774505615,2.306830406188965,0.0,0.0,1.952589988708496,0.0,0.1516039073467254,0.0,0.0,0.0196283087134361,0.0,0.1541837006807327,0.0,0.0,0.0,0.0,0.0,0.0,0.0,0.6794045567512512,0.0,0.9459182024002076,0.0,1.1790608167648315,0.8490700125694275,0.0,1.7508997917175293,0.0,2.6110239028930664,1.316968560218811,0.0,0.0345464125275611,0.444707304239273,1.6437275409698486,0.0,0.0,0.0,0.0,1.5103119611740112,0.0,0.0,0.0,0.9592369198799132,0.6001774072647095,0.0,0.0,0.565372884273529
final_train_00283,final_train,C4,117,middle,1,middle,0.3388273839884205,0.3777197599411011,0.0295089222490787,0.9546331763267516,0.0158578585833311,0.0453668236732482,0.1947911823451383,0,0.7838448286056519,0.0,0.1060116961598396,0.0,0.5869516134262085,0.6833160519599915,0.0,0.0,1.9672420024871824,0.0,0.726507306098938,0.0,1.4833216667175293,1.1729426383972168,1.6598496437072754,0.6452696919441223,0.0,1.3726673126220703,2.307675838470459,0.0,0.0,1.952677845954895,0.0,0.1450432986021042,0.0,0.0,0.0136606395244598,0.0,0.1542951166629791,0.0,0.0,0.0,0.0,0.0,0.0,0.0,0.6872919201850891,0.0,0.9398372769355774,0.0,1.183079957962036,0.8499748706817627,0.0,1.7495888471603394,0.0,2.620565176010132,1.3195451498031616,0.0,0.03254896402359,0.4489295780658722,1.6529196500778198,0.0,0.0,0.0,0.0,1.515772819519043,0.0,0.0,0.0,0.958554208278656,0.5937721133232117,0.0,0.0,0.558944821357727
final_train_00284,final_train,C4,118,middle,1,middle,0.339104459037146,0.3791122734546661,0.0291078854352235,0.955003559589386,0.0158885698765516,0.044996440410614,0.1936340155455269,0,0.7799159288406372,0.0,0.0936229825019836,0.0,0.58965665102005,0.671789288520813,0.0,0.0,1.9708179235458372,0.0,0.7266277074813843,0.0,1.4790642261505127,1.1797574758529663,1.6561695337295532,0.6359108090400696,0.0,1.3813728094100952,2.293728828430176,0.0,0.0,1.9541969299316408,0.0,0.1356451511383056,0.0,0.0,0.014567881822586,0.0,0.1574813723564148,0.0,0.0,0.0,0.0,0.0,0.0,0.0,0.6812008619308472,0.0,0.9390276670455932,0.0,1.19315505027771,0.8438282608985901,0.0,1.7582120895385742,0.0,2.626110553741455,1.320763111114502,0.0,0.0225734785199165,0.4489975273609161,1.657299280166626,0.0,0.0,0.0,0.0,1.5190027952194214,0.0,0.0,0.0,0.9455482363700868,0.5998064875602722,0.0,0.0,0.5563516020774841
final_train_00285,final_train,C4,119,middle,1,middle,0.3393143575874823,0.3794069290161133,0.0288733150810003,0.9552769660949708,0.0158496871590614,0.0447230339050293,0.1927428042351291,0,0.7819340229034424,0.0,0.0902776941657066,0.0,0.5951018333435059,0.6697699427604675,0.0,0.0,1.9657156467437744,0.0,0.7290474772453308,0.0,1.4754804372787476,1.1780811548233032,1.658344268798828,0.6301224231719971,0.0,1.3901550769805908,2.2845780849456787,0.0,0.0,1.9557603597640991,0.0,0.1288997679948806,0.0,0.0,0.0118591114878654,0.0,0.1557738929986953,0.0,0.0,0.0,0.0,0.0,0.0,0.0,0.6856851577758789,0.0,0.9348319172859192,0.0,1.2006131410598757,0.8425576090812683,0.0,1.7614684104919434,0.0,2.6328012943267822,1.3195013999938965,0.0,0.0226792395114898,0.4534630179405212,1.6630070209503174,0.0,0.0,0.0,0.0,1.5262141227722168,0.0,0.0,0.0,0.9390481114387512,0.6003711223602295,0.0,0.0,0.5480650663375854
final_train_00286,final_train,C4,120,middle,1,middle,0.3394653074148558,0.3816584944725036,0.0282573979347944,0.9558345079421996,0.0159081425517797,0.0441654920578002,0.1909928529240633,0,0.7767003774642944,0.0,0.0704345107078552,0.0,0.5961089134216309,0.6520552635192871,0.0,0.0,1.968851089477539,0.0,0.7307528853416443,0.0,1.471884846687317,1.184944987297058,1.6530694961547852,0.6175692081451416,0.0,1.401097297668457,2.264070510864258,0.0,0.0,1.9581665992736816,0.0,0.1133610904216766,0.0,0.0,0.0140870735049247,0.0,0.1593841016292572,0.0,0.0,0.0,0.0,0.0,0.0,0.0,0.6758228540420532,0.0,0.934900999069214,0.0,1.2177664041519165,0.8333560824394226,0.0,1.776407241821289,0.0,2.6434013843536377,1.3251063823699951,0.0,0.0072672888636589,0.4572100341320038,1.6665881872177124,0.0,0.0,0.0,0.0,1.5302516222000122,0.0,0.0,0.0,0.9229973554611206,0.6076124906539917,0.0,0.0,0.543671190738678
final_train_00287,final_train,C4,121,middle,1,middle,0.3395671834736065,0.3808387517929077,0.0285789631307125,0.955485463142395,0.0159356407821178,0.0445145368576049,0.1921243030974227,0,0.7761979699134827,0.0,0.0747127681970596,0.0,0.5994707345962524,0.6545836329460144,0.0,0.0,1.9599802494049072,0.0,0.7206143736839294,0.0,1.465198636054993,1.1840084791183472,1.6531199216842651,0.6116763353347778,0.0,1.402119278907776,2.2605443000793457,0.0,0.0,1.9516855478286743,0.0,0.1165070310235023,0.0,0.0,0.0068505853414535,0.0,0.1512895971536636,0.0,0.0,0.0,0.0,0.0,0.0,0.0,0.676530122756958,0.0,0.9276697039604188,0.0,1.2132512331008911,0.8378382921218872,0.0,1.772104024887085,0.0,2.6377875804901123,1.3182154893875122,0.0,0.0194172486662864,0.4543929994106293,1.6682302951812744,0.0,0.0,0.0,0.0,1.5353327989578247,0.0,0.0,0.0,0.9154131412506104,0.6062248945236206,0.0,0.0,0.5417831540107727
final_train_00288,final_train,C4,122,middle,1,middle,0.33962974210256,0.3807018399238586,0.0286990143358707,0.9552897810935974,0.0160112418234348,0.0447102189064025,0.1927891375659713,0,0.7725854516029358,0.0,0.0739209502935409,0.0,0.5989435911178589,0.6527069211006165,0.0,0.0,1.959571361541748,0.0,0.7181980013847351,0.0,1.459289312362671,1.185511350631714,1.6489709615707395,0.6081873774528503,0.0,1.401302933692932,2.256428003311157,0.0,0.0,1.950308322906494,0.0,0.1171774566173553,0.0,0.0,0.0038118213415145,0.0,0.1485264897346496,0.0,0.0,0.0,0.0,0.0,0.0,0.0,0.6770696043968201,0.0,0.9216309785842896,0.0,1.2097984552383425,0.8355777859687805,0.0,1.767082691192627,0.0,2.6355080604553223,1.320223689079285,0.0,0.0183594897389411,0.4531679153442383,1.667280673980713,0.0,0.0,0.0,0.0,1.535388469696045,0.0,0.0,0.0,0.9090271592140198,0.6026448011398315,0.0,0.0,0.5401093363761902
final_train_00289,final_train,C4,123,middle,1,middle,0.3396626071324486,0.3797101378440857,0.0289920922368764,0.9549957513809204,0.0160121917724609,0.0450042486190795,0.1937263295530538,0,0.7713685631752014,0.0,0.0821911990642547,0.0,0.6044249534606934,0.6575833559036255,0.0,0.0,1.9560301303863523,0.0,0.7140053510665894,0.0,1.4524774551391602,1.180263876914978,1.6511123180389404,0.6050121784210205,0.0,1.4037936925888062,2.253870010375977,0.0,0.0,1.946098804473877,0.0,0.1177136525511741,0.0,0.0,0.0,0.0,0.1402298659086227,0.0,0.0,0.0,0.0,0.0,0.0,0.0,0.6845420598983765,0.0,0.911470890045166,0.0,1.2012553215026855,0.8409770727157593,0.0,1.756982922554016,0.0,2.6342170238494877,1.317665696144104,0.0,0.0269113406538963,0.4540111124515533,1.675168752670288,0.0,0.0,0.0,0.0,1.538998007774353,0.0,0.0,0.0,0.9041541814804076,0.593408465385437,0.0,0.0,0.5325919389724731
final_train_00290,final_train,C4,124,middle,1,middle,0.3396752563071992,0.3791705965995788,0.0292959418147802,0.9545583128929138,0.0161457061767578,0.0454416871070861,0.1951877690724497,0,0.770496129989624,0.0,0.0835241079330444,0.0,0.6025038957595825,0.6564405560493469,0.0,0.0,1.9464075565338133,0.0,0.7089008688926697,0.0,1.4439023733139038,1.18318772315979,1.6472022533416748,0.6057212352752686,0.0,1.4005014896392822,2.246272563934326,0.0,0.0,1.941404700279236,0.0,0.1234325766563415,0.0,0.0,0.0,0.0,0.135148599743843,0.0,0.0,0.0,0.0,0.0,0.0,0.0,0.687111496925354,0.0,0.90373694896698,0.0,1.1984241008758545,0.8408268690109253,0.0,1.7508091926574707,0.0,2.6253936290740967,1.313818335533142,0.0,0.0331873185932636,0.4527996182441711,1.671528697013855,0.0,0.0,0.0,0.0,1.540376901626587,0.0,0.0,0.0,0.8960064053535461,0.597282350063324,0.0,0.0,0.5291154384613037
final_train_00291,final_train,C4,125,middle,1,middle,0.3396770079447463,0.3782828450202942,0.0297333039343357,0.9540138840675354,0.0162527859210968,0.0459861159324646,0.1969688760219654,0,0.7643612623214722,0.0,0.089467778801918,0.0,0.6010656952857971,0.6596757173538208,0.0,0.0,1.9426552057266235,0.0,0.7022850513458252,0.0,1.4358844757080078,1.1823722124099731,1.6451915502548218,0.6058106422424316,0.0,1.3956602811813354,2.2440874576568604,0.0,0.0,1.9339631795883176,0.0,0.1287323981523513,0.0,0.0,0.0,0.0,0.1290938109159469,0.0,0.0,0.0,0.0,0.0,0.0,0.0,0.6882374286651611,0.0,0.897209644317627,0.0,1.1915926933288574,0.8439492583274841,0.0,1.7413108348846436,0.0,2.6195664405822754,1.3141862154006958,0.0,0.0409630388021469,0.4518648684024811,1.6712968349456787,0.0,0.0,0.0,0.0,1.5387059450149536,0.0,0.0,0.0,0.8934069871902466,0.5932884216308594,0.0,0.0,0.5283167362213135
final_train_00292,final_train,C4,126,middle,1,middle,0.3396770079447463,0.3781959116458893,0.0300572849810123,0.9536076188087464,0.0163350775837898,0.0463923811912536,0.1982948692176521,0,0.7602803707122803,0.0,0.0876683294773101,0.0,0.601672351360321,0.6567685008049011,0.0,0.0,1.9357669353485107,0.0,0.6863510012626648,0.0,1.4302804470062256,1.1860952377319336,1.6436293125152588,0.5984274744987488,0.0,1.3963264226913452,2.237223625183105,0.0,0.0,1.92768669128418,0.0,0.1323487907648086,0.0,0.0,0.0,0.0,0.1234682202339172,0.0,0.0,0.0,0.0,0.0,0.0,0.0,0.6768820285797119,0.0,0.8928918242454529,0.0,1.1861951351165771,0.8463253974914551,0.0,1.7401124238967896,0.0,2.612701177597046,1.307766318321228,0.0,0.0490198247134685,0.4455203711986542,1.6709169149398804,0.0,0.0,0.0,0.0,1.5398719310760498,0.0,0.0,0.0,0.8853465914726257,0.5979018211364746,0.0,0.0,0.5306185483932495
final_train_00293,final_train,C4,127,middle,1,middle,0.3396770079447463,0.3779542446136474,0.0303277131170034,0.953187882900238,0.0164843723177909,0.0468121170997619,0.1996967508753008,0,0.758171558380127,0.0,0.0925421863794326,0.0,0.5955060124397278,0.6583211421966553,0.0,0.0,1.930835604667664,0.0,0.6888213157653809,0.0,1.42864990234375,1.1862550973892212,1.63814115524292,0.6073005795478821,0.0,1.3856555223464966,2.2345590591430664,0.0,0.0,1.9258615970611568,0.0,0.1370965838432312,0.0,0.0,0.0,0.0,0.1209082156419754,0.0,0.0,0.0,0.0,0.0,0.0,0.0,0.6791924834251404,0.0,0.8968109488487244,0.0,1.1820335388183594,0.8460929989814758,0.0,1.7361112833023071,0.0,2.6056013107299805,1.3126720190048218,0.0,0.0510110631585121,0.4485093653202057,1.6601366996765137,0.0,0.0,0.0,0.0,1.5327993631362915,0.0,0.0,0.0,0.8873864412307739,0.5957692861557007,0.0,0.0,0.531914472579956
final_train_00294,final_train,C4,128,middle,1,middle,0.3396770079447463,0.3748384416103363,0.0316459536552429,0.9517096877098083,0.0166443884372711,0.0482903122901916,0.2043972103220336,0,0.7514864802360535,0.0,0.1149329841136932,0.0,0.5876286625862122,0.6734064817428589,0.0,0.0,1.924940824508667,0.0,0.6731025576591492,0.0,1.4168338775634766,1.181190013885498,1.6391782760620115,0.6184796094894409,0.0,1.3667818307876587,2.247679710388184,0.0,0.0,1.9086462259292605,0.0,0.1616530269384384,0.0,0.0,0.0,0.0,0.1096772700548172,0.0,0.0,0.0,0.0,0.0,0.0,0.0,0.684173047542572,0.0,0.8859487175941467,0.0,1.1560412645339966,0.8574839234352112,0.0,1.7114884853363037,0.0,2.58282732963562,1.3090440034866333,0.0,0.0736894011497497,0.4429903924465179,1.6573268175125122,0.0,0.0,0.0,0.0,1.5282537937164309,0.0,0.0,0.0,0.8948144316673279,0.5843209624290466,0.0,0.0,0.5377780795097351
final_train_00295,final_train,C4,129,middle,1,middle,0.3396770079447463,0.3865643441677093,0.0288357641547918,0.9540261626243592,0.0171380974352359,0.0459738373756408,0.1973829462573141,0,0.7311907410621643,0.0,0.0331879407167434,0.0,0.5946409106254578,0.5947379469871521,0.0,0.0,1.9428993463516235,0.0,0.7007282972335815,0.0,1.438604474067688,1.2244657278060913,1.6041418313980105,0.5829222798347473,0.0,1.4014523029327393,2.1684889793396,0.0,0.0,1.9507373571395876,0.0,0.1045572161674499,0.0,0.0,0.0215169563889503,0.0,0.1308669447898864,0.0,0.0,0.0,0.0,0.0,0.0,0.0,0.6145732998847961,0.0,0.9222122430801392,0.0,1.212411880493164,0.8080902695655823,0.0,1.790440559387207,0.0,2.5981128215789795,1.3152590990066528,0.0,0.0113622695207595,0.4533198475837707,1.618384838104248,0.0,0.0,0.0,0.0,1.5079267024993896,0.0,0.0,0.0,0.8347240686416626,0.6279550790786743,0.0,0.0,0.5491406917572021
final_train_00296,final_train,C4,130,middle,1,middle,0.3397501471008,0.3897342085838318,0.0284644365310668,0.954503893852234,0.0170316416770219,0.0454961061477661,0.195808236935265,0,0.7233548760414124,0.0,0.0120178163051605,0.0,0.603238582611084,0.5656746029853821,0.0,0.0,1.988279938697815,0.0,0.6893631815910339,0.0,1.4469072818756104,1.2168529033660889,1.613318920135498,0.5436365008354187,0.0,1.4126865863800049,2.1569526195526123,0.0,0.0,1.93864381313324,0.0,0.0685005411505699,0.0,0.0,0.0218749418854713,0.0,0.1278468519449234,0.0,0.0,0.0,0.0,0.0,0.0,0.0,0.5783650279045105,0.0,0.9056920409202576,0.0,1.2014970779418943,0.8209569454193115,0.0,1.7991942167282104,0.0,2.617963552474976,1.3404568433761597,0.0,0.0,0.4562038481235504,1.637765884399414,0.0,0.0,0.0,0.0,1.4973430633544922,0.0,0.0,0.0,0.8290619254112244,0.6070188879966736,0.0,0.0,0.5509673953056335
final_train_00297,final_train,C4,131,middle,1,middle,0.3400157251831445,0.3937278389930725,0.0270339846611022,0.9559290409088136,0.0170370191335678,0.0440709590911865,0.1912201249649275,0,0.724949836730957,0.0,0.0,0.0,0.6171283721923828,0.515496015548706,0.0,0.0,1.9984517097473145,0.0,0.7008708715438843,0.0,1.461642503738403,1.230563759803772,1.6053274869918823,0.5163529515266418,0.0,1.4390194416046145,2.1128671169281006,0.0,0.0,1.951722264289856,0.0,0.0259709265083074,0.0,0.0,0.0353439375758171,0.0,0.1337568759918213,0.0,0.0,0.0,0.0,0.0,0.0,0.0,0.5468076467514038,0.0,0.914262056350708,0.0,1.2423478364944458,0.8044660687446594,0.0,1.8486770391464236,0.0,2.6360106468200684,1.349030613899231,0.0,0.0,0.4659603238105774,1.6291451454162598,0.0,0.0,0.0,0.0,1.502670168876648,0.0,0.0,0.0,0.8013725876808167,0.6300783753395081,0.0,0.0,0.542678713798523
final_train_00298,final_train,C4,132,middle,1,middle,0.3404641408848621,0.3951669037342071,0.0270958747714757,0.9556791186332704,0.0172250177711248,0.0443208813667297,0.1921091525322732,0,0.7257615923881531,0.0,0.0,0.0,0.617835283279419,0.4994100630283355,0.0,0.0,1.9902905225753784,0.0,0.6928678154945374,0.0,1.459939956665039,1.2320680618286133,1.5984352827072144,0.5022488832473755,0.0,1.4393848180770874,2.0956931114196777,0.0,0.0,1.9433529376983645,0.0,0.0127076543867588,0.0,0.0,0.0315525606274604,0.0,0.1299143731594085,0.0,0.0,0.0,0.0,0.0,0.0,0.0,0.5287436842918396,0.0,0.9083255529403688,0.0,1.2502046823501587,0.8022197484970093,0.0,1.8624078035354612,0.0,2.6338393688201904,1.3449666500091553,0.0,0.0,0.4691219329833984,1.6162327527999878,0.0,0.0,0.0,0.0,1.497457504272461,0.0,0.0,0.0,0.7929164171218872,0.640907347202301,0.0,0.0,0.5443924069404602
final_train_00299,final_train,C4,133,middle,1,middle,0.3410858678214882,0.3986356258392334,0.0257554464042186,0.9568299055099488,0.0174146760255098,0.0431700944900512,0.1884228721879217,0,0.7314361333847046,0.0,0.0,0.0,0.6102773547172546,0.4511147141456604,0.0,0.0,2.0082831382751465,0.0,0.7335466742515564,0.0,1.4614781141281128,1.2462035417556765,1.5775407552719116,0.4868963062763214,0.0,1.4611685276031494,2.055929183959961,0.0,0.0,1.9590328931808472,0.0,0.0,0.0,0.0,0.042010948061943,0.0,0.1613300740718841,0.0,0.0,0.0,0.0,0.0,0.0,0.0,0.5129445195198059,0.0,0.9138107299804688,0.0,1.2961188554763794,0.7637137174606323,0.0,1.9007073640823364,0.0186993330717086,2.661442279815674,1.3650275468826294,0.0,0.0,0.483402281999588,1.6029787063598633,0.0,0.0,0.0,0.0,1.4962291717529297,0.0,0.0,0.0,0.7724956274032593,0.6579853296279907,0.0,0.0,0.5424145460128784
final_train_00300,final_train,C4,134,middle,1,middle,0.3418714683409915,0.4005330801010132,0.0255952328443527,0.9568027257919312,0.0176020786166191,0.0431972742080688,0.1885777144902913,0,0.7333961725234985,0.0,0.0,0.0,0.61514812707901,0.4307197034358978,0.0,0.0,2.0105631351470947,0.0,0.7319145798683167,0.0,1.4673223495483398,1.2508078813552856,1.5688284635543823,0.4658600389957428,0.0,1.466349482536316,2.032370090484619,0.0,0.0,1.9507378339767456,0.0,0.0,0.0,0.0,0.0446550548076629,0.0,0.1620818078517913,0.0,0.0,0.0,0.0,0.0,0.0,0.0,0.4919669032096863,0.0,0.9097012877464294,0.0,1.2968522310256958,0.7553044557571411,0.0,1.91847026348114,0.0247113741934299,2.6609225273132324,1.360493302345276,0.0,0.0,0.4889893531799316,1.594818353652954,0.0,0.0,0.0,0.0,1.4954438209533691,0.0,0.0,0.0,0.754155158996582,0.6621734499931335,0.0,0.0,0.5445637702941895
final_train_00301,final_train,C4,135,middle,1,middle,0.3428116070364116,0.4032049477100372,0.0249090995639562,0.957279622554779,0.0178112480789423,0.0427203774452209,0.187067228915765,0,0.7317543029785156,0.0,0.0,0.0,0.6196228265762329,0.3986479938030243,0.0,0.0,2.0189499855041504,0.0,0.7569823861122131,0.0,1.4721461534500122,1.2591757774353027,1.5534119606018066,0.4497037231922149,0.0,1.4869506359100342,1.9966275691986084,0.0,0.0,1.962834358215332,0.0,0.0,0.0,0.0,0.053242951631546,0.0,0.1731217801570892,0.0,0.0,0.0,0.0,0.0,0.0,0.0,0.4746896028518677,0.0,0.911800742149353,0.0,1.3119056224822998,0.732684850692749,0.0,1.939271330833435,0.0357308946549892,2.666815757751465,1.3630062341690063,0.0,0.0,0.4985552430152893,1.5888253450393677,0.0,0.0,0.0,0.0,1.4948649406433103,0.0,0.0,0.0,0.7315047383308411,0.6674079298973083,0.0,0.0,0.5411374568939209
final_train_00302,final_train,C4,136,middle,1,middle,0.3438970639694122,0.4049524664878845,0.0247544292360544,0.957253098487854,0.0179925058037042,0.0427469015121459,0.1872095384319233,0,0.7252742648124695,0.0,0.0,0.0,0.6244717836380005,0.3783836960792541,0.0,0.0,2.030725240707397,0.0,0.7598471641540527,0.0,1.473700761795044,1.2694779634475708,1.5443570613861084,0.4280652999877929,0.0,1.49499773979187,1.9720935821533203,0.0,0.0,1.960719466209412,0.0,0.0,0.0,0.0,0.0571475587785244,0.0,0.1771148443222046,0.0,0.0,0.0,0.0,0.0,0.0,0.0,0.4514138102531433,0.0,0.9091459512710572,0.0,1.3139464855194092,0.7249143123626709,0.0,1.9484357833862305,0.0366435684263706,2.6649787425994877,1.3655672073364258,0.0,0.0,0.4984619915485382,1.5851762294769287,0.0,0.0,0.0,0.0,1.4889473915100098,0.0,0.0,0.0,0.7101927995681763,0.6687233448028564,0.0,0.0,0.5453975200653076
final_train_00303,final_train,C4,137,middle,1,middle,0.3450456084239163,0.4068973958492279,0.0243915524333715,0.9574510455131532,0.0181573871523141,0.0425489544868469,0.1865956082346425,0,0.7255192995071411,0.0,0.0,0.0,0.6263841390609741,0.354103147983551,0.0,0.0,2.0431177616119385,0.0,0.7764162421226501,0.0,1.475510835647583,1.2714046239852903,1.534490942955017,0.4059247970581054,0.0,1.5072877407073977,1.9405395984649656,0.0,0.0,1.9612863063812256,0.0,0.0,0.0,0.0,0.0607070699334144,0.0,0.1823987960815429,0.0,0.0,0.0,0.0,0.0,0.0,0.0,0.4366782903671264,0.0,0.9051912426948548,0.0,1.31659734249115,0.714519739151001,0.0,1.9563674926757808,0.0399971865117549,2.670214891433716,1.3761788606643677,0.0,0.0,0.5065327286720276,1.582538366317749,0.0,0.0,0.0,0.0,1.4916181564331057,0.0,0.0,0.0,0.6962350010871887,0.6615330576896667,0.0,0.0,0.5415278673171997
final_train_00304,final_train,C4,138,middle,1,middle,0.3461289900438028,0.4083710610866546,0.0244181044399738,0.9571216106414796,0.0184602588415145,0.0428783893585205,0.1877751007551457,0,0.7156854867935181,0.0,0.0,0.0,0.630134105682373,0.3353085815906524,0.0,0.0,2.045668601989746,0.0,0.7791056036949158,0.0,1.472169041633606,1.276171088218689,1.5226229429244995,0.3890777826309204,0.0,1.5139228105545044,1.913606882095337,0.0,0.0,1.959035038948059,0.0,0.0,0.0,0.0,0.0634452998638153,0.0,0.1822734922170639,0.0,0.0,0.0,0.0,0.0,0.0,0.0,0.4160475432872772,0.0,0.899484395980835,0.0,1.31503164768219,0.705192506313324,0.0,1.9569902420043943,0.0397541634738445,2.66155219078064,1.3760137557983398,0.0,0.0,0.5083428025245667,1.5785959959030151,0.0,0.0,0.0,0.0,1.4885932207107544,0.0,0.0,0.0,0.6773608326911926,0.660919725894928,0.0,0.0,0.5411701202392578
final_train_00305,final_train,C4,139,middle,1,middle,0.3471480127896889,0.4096300005912781,0.0244753956794738,0.9567981362342834,0.0187264923006296,0.0432018637657165,0.1889213352758758,0,0.7103717923164368,0.0,0.0,0.0,0.6323858499526978,0.3222793340682983,0.0,0.0,2.0474660396575928,0.0,0.7810885906219482,0.0,1.4690392017364502,1.2794939279556274,1.512534260749817,0.3762023448944092,0.0,1.5178475379943848,1.8903555870056152,0.0,0.0,1.9567885398864744,0.0,0.0,0.0,0.0,0.0681673288345336,0.0,0.1813754588365554,0.0,0.0,0.0,0.0,0.0,0.0,0.0,0.401950478553772,0.0,0.8942713737487793,0.0,1.30825936794281,0.6983692646026611,0.0,1.955708742141724,0.039032757282257,2.6562228202819824,1.37412428855896,0.0,0.0,0.5109965801239014,1.5749695301055908,0.0,0.0,0.0,0.0,1.4862841367721558,0.0,0.0,0.0,0.6621587872505188,0.6585764288902283,0.0,0.0,0.5388473272323608
final_train_00306,final_train,C4,140,middle,1,middle,0.3481035708743843,0.4117978513240814,0.0247938986867666,0.9559100866317748,0.0192959681153297,0.0440899133682251,0.1920132034742001,0,0.7039510011672974,0.0,0.0,0.0,0.6275345683097839,0.305330753326416,0.0,0.0,2.0468618869781494,0.0,0.7798766493797302,0.0,1.458354115486145,1.2838735580444336,1.494165301322937,0.3582861721515655,0.0,1.5140331983566284,1.8591129779815676,0.0,0.0,1.945904016494751,0.0,0.0,0.0,0.0,0.0756489038467407,0.0,0.1851710379123687,0.0,0.0,0.0,0.0,0.0,0.0,0.0,0.379057377576828,0.0,0.8879765868186951,0.0,1.293533444404602,0.686257541179657,0.0,1.949192762374878,0.044102519750595,2.6424591541290283,1.367562174797058,0.0,0.0,0.513737678527832,1.5638915300369265,0.0,0.0,0.0,0.0,1.481972575187683,0.0,0.0,0.0,0.6448545455932617,0.6596859693527222,0.0,0.0,0.5417276620864868
final_train_00307,final_train,C4,141,middle,1,middle,0.3489966465741079,0.4137891232967376,0.0252702347934246,0.9547770619392396,0.0199527163058519,0.0452229380607605,0.1959148741270336,0,0.6993261575698853,0.0,0.0,0.0,0.6216687560081482,0.2919648289680481,0.0,0.0,2.032036781311035,0.0,0.7736940979957581,0.0,1.4484572410583496,1.2875680923461914,1.4757604598999023,0.3485442101955414,0.0,1.506338119506836,1.8324007987976076,0.0,0.0,1.935459017753601,0.0,0.0,0.0,0.0,0.0845161229372024,0.0,0.184674322605133,0.0,0.0,0.0,0.0,0.0,0.0,0.0,0.3572098612785339,0.0,0.885727047920227,0.0,1.2803832292556765,0.6765296459197998,0.0,1.9449942111968996,0.0491733215749263,2.621561050415039,1.352301001548767,0.0,0.0,0.51314377784729,1.5419223308563232,0.0,0.0,0.0,0.0,1.475022554397583,0.0,0.0,0.0,0.6305214762687683,0.6696767807006836,0.0,0.0,0.5449669361114502
final_train_00308,final_train,C4,142,middle,1,middle,0.3498283079653699,0.4156002402305603,0.0262208953499794,0.9528721570968628,0.0209070034325122,0.0471278429031372,0.2023792689785378,0,0.6945016384124756,0.0,0.0,0.0,0.608586847782135,0.2804422080516815,0.0,0.0,2.015251398086548,0.0,0.7618650197982788,0.0,1.4289196729660034,1.283789873123169,1.4494270086288452,0.3377410471439361,0.0,1.4859042167663574,1.8020789623260496,0.0,0.0,1.9095994234085083,0.0,0.0,0.0,0.0,0.0902491211891174,0.0,0.1843178868293762,0.0,0.0,0.0,0.0,0.0,0.0,0.0,0.3372150361537933,0.0,0.8752767443656921,0.0,1.2525014877319336,0.6680208444595337,0.0,1.9251501560211184,0.0533424615859985,2.5939271450042725,1.3412353992462158,0.0,0.0,0.5134403705596924,1.519954800605774,0.0,0.0,0.0,0.0,1.4677016735076904,0.0,0.0,0.0,0.620947539806366,0.6704096794128418,0.0,0.0,0.5442948341369629
final_train_00309,final_train,C4,143,middle,1,middle,0.3505997066040348,0.4168478548526764,0.0269202459603548,0.951474666595459,0.0216051284223794,0.048525333404541,0.2070736926137294,0,0.6954759359359741,0.0,0.0,0.0,0.5989206433296204,0.266983151435852,0.0,0.0,1.997349739074707,0.0,0.751543402671814,0.0,1.414230227470398,1.278949737548828,1.4303826093673706,0.3260639309883117,0.0,1.4759610891342163,1.7778630256652832,0.0,0.0,1.896919131278992,0.0,0.0,0.0,0.0,0.0976362898945808,0.0,0.1797051876783371,0.0,0.0,0.0,0.0,0.0,0.0,0.0,0.3219487965106964,0.0,0.860419511795044,0.0,1.2302902936935425,0.6605316996574402,0.0,1.908374071121216,0.0526765137910842,2.576650857925415,1.3310531377792358,0.0,0.0,0.5115780830383301,1.5068676471710205,0.0,0.0,0.0,0.0,1.4652836322784424,0.0,0.0,0.0,0.609303891658783,0.668996274471283,0.0,0.0,0.5397915840148926
final_train_00310,final_train,C4,144,middle,1,middle,0.3513120752126458,0.4175274670124054,0.0279685817658901,0.949539601802826,0.0224917717278003,0.050460398197174,0.2134940599500363,0,0.6911217570304871,0.0,0.0,0.0,0.5871953368186951,0.2615233361721039,0.0,0.0,1.9756053686141968,0.0,0.7392022013664246,0.0,1.3907151222229004,1.2694894075393677,1.4118454456329346,0.3201349973678589,0.0,1.458418846130371,1.7574074268341064,0.0,0.0,1.8723466396331787,0.0,0.0,0.0,0.0,0.0982345938682556,0.0,0.1773488223552703,0.0,0.0,0.0,0.0,0.0,0.0,0.0,0.3137699067592621,0.0,0.845389187335968,0.0,1.2074878215789795,0.6535839438438416,0.0,1.886640667915344,0.0517380312085151,2.5501954555511475,1.3201831579208374,0.0,0.0,0.5115891695022583,1.49137282371521,0.0,0.0,0.0,0.0,1.4586046934127808,0.0,0.0,0.0,0.6028907895088196,0.664996862411499,0.0,0.0,0.5332368612289429
final_train_00311,final_train,C4,145,middle,1,middle,0.3519667252521144,0.4191685020923614,0.0286894645541906,0.9478762149810792,0.0234343223273754,0.0521237850189209,0.2189906768481088,0,0.6865304708480835,0.0,0.0,0.0,0.5760756731033325,0.2497556209564209,0.0,0.0,1.9580239057540891,0.0,0.7384651303291321,0.0,1.3712761402130127,1.2614436149597168,1.3901468515396118,0.3131078779697418,0.0,1.4434419870376587,1.7284448146820068,0.0,0.0,1.85673189163208,0.0,0.0,0.0,0.0,0.1046896129846572,0.0,0.1754765212535858,0.0,0.0,0.0,0.0,0.0,0.0,0.0,0.3016800582408905,0.0,0.8432950377464294,0.0,1.1925840377807615,0.6468730568885803,0.0,1.874128818511963,0.0549220219254493,2.5284740924835205,1.3085590600967407,0.0,0.0,0.5184364318847656,1.473596692085266,0.0,0.0,0.0,0.0,1.4532058238983154,0.0,0.0,0.0,0.5943751335144043,0.6660628914833069,0.0,0.0,0.5259749889373779
final_train_00312,final_train,C4,146,middle,1,middle,0.3525650445264485,0.4197016954421997,0.0299195777624845,0.9456452131271362,0.0244351718574762,0.0543547868728637,0.2262325791714714,0,0.6850637197494507,0.0,0.0,0.0,0.5623723864555359,0.2385179102420807,0.0,0.0,1.933254599571228,0.0,0.7217476963996887,0.0,1.3529610633850098,1.2473180294036863,1.3679254055023191,0.3083743453025818,0.0,1.422840595245361,1.705930471420288,0.0,0.0,1.8316205739974976,0.0,0.0,0.0,0.0,0.1065162345767021,0.0,0.1656530797481537,0.0,0.0,0.0,0.0,0.0,0.0,0.0,0.2918356359004974,0.0,0.824593186378479,0.0,1.165906548500061,0.6428859233856201,0.0,1.851158142089844,0.0529638826847076,2.5010735988616943,1.3053451776504517,0.0,0.0,0.5131069421768188,1.4532921314239502,0.0,0.0,0.0,0.0,1.4429478645324707,0.0,0.0,0.0,0.5916199684143066,0.6556598544120789,0.0,0.0,0.5183771252632141
final_train_00313,final_train,C4,147,middle,1,middle,0.3531084947131448,0.4210614562034607,0.0305238608270883,0.9442636370658876,0.0252124294638633,0.0557363629341125,0.2307010057462142,0,0.6836243271827698,0.0,0.0,0.0,0.5569137334823608,0.2256955206394195,0.0,0.0,1.9221482276916504,0.0,0.7201337218284607,0.0,1.3476954698562622,1.2363088130950928,1.3505218029022217,0.303899347782135,0.0,1.4090055227279663,1.6840219497680664,0.0,0.0,1.8119324445724487,0.0,0.0,0.0,0.0,0.1081659868359565,0.0,0.1626299023628235,0.0,0.0,0.0,0.0,0.0,0.0,0.0,0.2792866826057434,0.0,0.8200473785400391,0.0,1.1535640954971311,0.6366299986839294,0.0,1.8453243970870967,0.0585940666496753,2.4836761951446533,1.3045132160186768,0.0,0.0,0.5147640705108643,1.4385809898376465,0.0,0.0,0.0,0.0,1.43376624584198,0.0,0.0,0.0,0.5861624479293823,0.6516260504722595,0.0,0.0,0.5188254714012146
final_train_00314,final_train,C4,148,middle,1,middle,0.3535986088688019,0.4222884178161621,0.0311917606741189,0.9427979588508606,0.0260102804750204,0.0572020411491394,0.2353995527223238,0,0.6805100440979004,0.0,0.0,0.0,0.5474794507026672,0.2156027853488922,0.0,0.0,1.9150245189666748,0.0,0.7162757515907288,0.0,1.3403935432434082,1.2288726568222046,1.3368241786956787,0.3012653887271881,0.0,1.3926061391830444,1.665731430053711,0.0,0.0,1.7954081296920776,0.0,0.0,0.0,0.0,0.1161199882626533,0.0,0.161796361207962,0.0,0.0,0.0,0.0,0.0,0.0,0.0,0.2671664953231811,0.0,0.8163448572158813,0.0,1.1415529251098633,0.6330880522727966,0.0,1.83628249168396,0.0644732117652893,2.465949773788452,1.3043525218963623,0.0,0.0,0.5146156549453735,1.422812819480896,0.0,0.0,0.0,0.0,1.4213846921920776,0.0,0.0,0.0,0.5802345871925354,0.647812008857727,0.0,0.0,0.5192455053329468
final_train_00315,final_train,C4,186,middle,1,middle,0.3560326612905548,0.4171702861785888,0.0208002962172031,0.9614267349243164,0.0177730098366737,0.0385732650756835,0.1729465902331207,0,0.6828970909118652,0.0,0.0,0.0,0.6724952459335327,0.1844803243875503,0.0,0.0,2.1802725791931152,0.0,0.8852473497390747,0.0,1.5725184679031372,1.2814626693725586,1.579958438873291,0.3538534939289093,0.0,1.6028311252593994,1.8295104503631592,0.0,0.0,1.9869874715805051,0.0,0.0,0.0,0.0,0.1133406460285186,0.0,0.188023492693901,0.0,0.0114951506257057,0.0,0.0,0.0,0.0,0.0,0.3094711005687713,0.0,0.9361462593078612,0.0,1.4769760370254517,0.7101649045944214,0.0,2.113921642303467,0.0861470401287078,2.7113609313964844,1.481987237930298,0.0,0.0,0.5913863182067871,1.5949689149856567,0.0,0.0,0.0,0.0,1.4343268871307373,0.0,0.0,0.0,0.6253238916397095,0.655277669429779,0.0,0.0,0.5470024943351746
final_train_00316,final_train,C4,187,middle,1,middle,0.3560326612905548,0.4166581928730011,0.0208604484796524,0.961425006389618,0.0177145581692457,0.038574993610382,0.1729440131450469,0,0.683444619178772,0.0,0.0,0.0,0.6736384630203247,0.1887056976556778,0.0,0.0,2.17997670173645,0.0,0.8836337327957153,0.0,1.569449543952942,1.281830668449402,1.5849194526672363,0.3537124991416931,0.0,1.6046825647354126,1.834364891052246,0.0,0.0,1.985875129699707,0.0,0.0,0.0,0.0,0.1115741804242134,0.0,0.1881378889083862,0.0,0.0125986710190773,0.0,0.0,0.0,0.0,0.0,0.3132115602493286,0.0,0.9315324425697328,0.0,1.4733492136001587,0.7109068036079407,0.0,2.1091184616088867,0.0827878341078758,2.7092807292938232,1.4807109832763672,0.0,0.0,0.5891132354736328,1.599298357963562,0.0,0.0,0.0,0.0,1.4366835355758667,0.0,0.0,0.0,0.6245993375778198,0.6538128852844238,0.0,0.0,0.546096920967102
final_train_00317,final_train,C4,188,middle,1,middle,0.3560326612905548,0.4169573783874511,0.0208513997495174,0.9613569974899292,0.0177916195243597,0.0386430025100708,0.1731924715626018,0,0.6817929744720459,0.0,0.0,0.0,0.6746701002120972,0.189136654138565,0.0,0.0,2.17566466331482,0.0,0.8854643702507019,0.0,1.5667351484298706,1.28533136844635,1.582225680351257,0.355552613735199,0.0,1.6053873300552368,1.830261468887329,0.0,0.0,1.9852334260940552,0.0,0.0,0.0,0.0,0.1110090091824531,0.0,0.1925531327724456,0.0,0.013076763600111,0.0,0.0,0.0,0.0,0.0,0.3137618005275726,0.0,0.9350483417510986,0.0,1.47407066822052,0.7060574293136597,0.0,2.1094183921813965,0.0853619500994682,2.7049789428710938,1.4768247604370115,0.0,0.0,0.588874101638794,1.5979405641555786,0.0,0.0,0.0,0.0,1.4378446340560913,0.0,0.0,0.0,0.6202815771102905,0.6580334901809692,0.0,0.0,0.5459736585617065
final_train_00318,final_train,C4,189,middle,1,middle,0.3560326612905548,0.416708379983902,0.0209040939807891,0.9613272547721864,0.0177686512470245,0.0386727452278137,0.1732927338522932,0,0.6833184361457825,0.0,0.0,0.0,0.6757839322090149,0.190947949886322,0.0,0.0,2.172699451446533,0.0,0.8830177187919617,0.0,1.564373016357422,1.2842676639556885,1.5834710597991943,0.3531176745891571,0.0,1.6068482398986816,1.830570936203003,0.0,0.0,1.984415292739868,0.0,0.0,0.0,0.0,0.1093938574194908,0.0,0.1903988271951675,0.0,0.0127036236226558,0.0,0.0,0.0,0.0,0.0,0.3155980408191681,0.0,0.9315847754478456,0.0,1.4708843231201172,0.7075332999229431,0.0,2.1070146560668945,0.0816338807344436,2.704294443130493,1.473370909690857,0.0,0.0,0.5877934098243713,1.600258231163025,0.0,0.0,0.0,0.0,1.4411795139312744,0.0,0.0,0.0,0.619182288646698,0.6573789119720459,0.0,0.0,0.5438454747200012
final_train_00319,final_train,C4,190,middle,1,middle,0.3560326612905548,0.4174962937831878,0.0209045242518186,0.9612152576446532,0.0178801864385604,0.0387847423553466,0.1736991135142849,0,0.6848331689834595,0.0,0.0,0.0,0.6779892444610596,0.1886068284511566,0.0,0.0,2.163391590118408,0.0,0.8831841945648193,0.0,1.5608510971069336,1.286009430885315,1.5783594846725464,0.3492901623249054,0.0,1.6098270416259766,1.8178815841674805,0.0,0.0,1.98288094997406,0.0,0.0,0.0,0.0,0.1082279086112976,0.0,0.1913770586252212,0.0,0.0128725357353687,0.0,0.0,0.0,0.0,0.0,0.3123358488082886,0.0,0.9335101842880248,0.0,1.4706887006759644,0.7044546604156494,0.0,2.1085429191589355,0.0832100361585617,2.701413154602051,1.463626265525818,0.0,0.0,0.5899873375892639,1.598958134651184,0.0,0.0,0.0,0.0,1.446353554725647,0.0,0.0,0.0,0.612636923789978,0.6645605564117432,0.0,0.0,0.5421709418296814
final_train_00320,final_train,C4,191,middle,1,middle,0.3560326612905548,0.4176555275917053,0.0209224764257669,0.9611795544624328,0.0178979560732841,0.0388204455375671,0.1738260825745934,0,0.6854115724563599,0.0,0.0,0.0,0.6775628924369812,0.1893794238567352,0.0,0.0,2.165733337402344,0.0,0.8850030899047852,0.0,1.5595792531967163,1.2844281196594238,1.5767316818237305,0.3476043045520782,0.0,1.610075831413269,1.8153011798858645,0.0,0.0,1.9837651252746584,0.0,0.0,0.0,0.0,0.1072122007608413,0.0,0.1922552585601806,0.0,0.0147768072783946,0.0,0.0,0.0,0.0,0.0,0.3124608695507049,0.0,0.9313239455223083,0.0,1.469295859336853,0.704720675945282,0.0,2.1052346229553223,0.0824257880449295,2.705099105834961,1.4631949663162231,0.0,0.0,0.5915703773498535,1.6008048057556152,0.0,0.0,0.0,0.0,1.4452754259109497,0.0,0.0,0.0,0.6123226284980774,0.6627201437950134,0.0,0.0,0.5419210195541382
final_train_00321,final_train,C4,192,middle,1,middle,0.3560326612905548,0.4175022840499878,0.0210548248142004,0.9610270261764526,0.0179181694984436,0.0389729738235473,0.1743600280962371,0,0.6869797110557556,0.0,0.0,0.0,0.6764940023422241,0.1887468248605728,0.0,0.0,2.163857698440552,0.0,0.879563570022583,0.0,1.55660879611969,1.2825000286102295,1.5742826461791992,0.3403296172618866,0.0,1.6091512441635132,1.8143911361694336,0.0,0.0,1.9805384874343872,0.0,0.0,0.0,0.0,0.1042473688721656,0.0,0.1891035437583923,0.0,0.0135836191475391,0.0,0.0,0.0,0.0,0.0,0.3097872734069824,0.0,0.924486756324768,0.0,1.4608116149902344,0.7062708735466003,0.0,2.0995068550109863,0.0776689872145652,2.70339035987854,1.460755467414856,0.0,0.0,0.5898647308349609,1.6022768020629885,0.0,0.0,0.0,0.0,1.4500882625579834,0.0,0.0,0.0,0.6121442914009094,0.6605978608131409,0.0,0.0,0.5407227873802185
final_train_00322,final_train,C4,193,middle,1,middle,0.3560326612905548,0.4204314351081848,0.0207770559936761,0.9611172080039978,0.0181057583540678,0.0388827919960022,0.1740713535411098,0,0.6857250332832336,0.0,0.0,0.0,0.6668416857719421,0.1743840128183365,0.0,0.0,2.1793038845062256,0.0,0.892645537853241,0.0,1.5590194463729858,1.2955559492111206,1.5571539402008057,0.3332205414772033,0.0,1.60916006565094,1.7902946472167969,0.0,0.0,1.996772527694702,0.0,0.0,0.0,0.0,0.1228802055120468,0.0,0.1956205070018768,0.0,0.007813710719347,0.0,0.0,0.0,0.0,0.0,0.2824523746967315,0.0,0.9426472783088684,0.0,1.46029531955719,0.6989328265190125,0.0,2.106359004974365,0.0856861472129821,2.71444034576416,1.4637633562088013,0.0,0.0,0.6000082492828369,1.5984925031661987,0.0,0.0,0.0,0.0,1.4404280185699463,0.0,0.0,0.0,0.6095449924468994,0.6678249835968018,0.0,0.0,0.547110378742218
final_train_00323,final_train,C4,194,middle,1,middle,0.3560326612905548,0.4175919890403747,0.0211641155183315,0.960997998714447,0.017837880179286,0.0390020012855529,0.1744487070532179,0,0.6884305477142334,0.0,0.0,0.0,0.6683604717254639,0.1721530556678772,0.0,0.0,2.1806628704071045,0.0,0.8706575036048889,0.0,1.5651698112487793,1.2851438522338867,1.5678527355194092,0.3176978528499603,0.0,1.6092172861099243,1.815098524093628,0.0,0.0,1.9850242137908936,0.0,0.0,0.0,0.0,0.1141736432909965,0.0,0.1737573146820068,0.0,0.0004386343061923,0.0,0.0,0.0,0.0,0.0,0.2829534411430359,0.0,0.9121549725532532,0.0,1.4372268915176392,0.7119009494781494,0.0,2.093195915222168,0.0611235052347183,2.705742835998535,1.4746261835098269,0.0,0.0,0.5816268920898438,1.6004822254180908,0.0,0.0,0.0,0.0,1.448833703994751,0.0,0.0,0.0,0.6160594820976257,0.6465052962303162,0.0,0.0,0.5406456589698792
final_train_00324,final_train,C4,195,middle,1,middle,0.3561167560154681,0.4192515611648559,0.0209149029105901,0.9610078930854796,0.0180772449821233,0.0389921069145202,0.174448896943918,0,0.6822270750999451,0.0,0.0,0.0,0.6669554710388184,0.1647189557552337,0.0,0.0,2.186307430267334,0.0,0.8847357630729675,0.0,1.5680310726165771,1.2977290153503418,1.5593534708023071,0.3240369856357574,0.0,1.606099009513855,1.799907684326172,0.0,0.0,1.992051362991333,0.0,0.0,0.0,0.0,0.1254905462265014,0.0,0.1845506429672241,0.0,0.002402439713478,0.0,0.0,0.0,0.0,0.0,0.277224600315094,0.0,0.9268925189971924,0.0,1.44953453540802,0.6991994380950928,0.0,2.101627826690674,0.0781136080622673,2.70405650138855,1.4776034355163574,0.0,0.0,0.585469126701355,1.5883128643035889,0.0,0.0,0.0,0.0,1.4377100467681885,0.0,0.0,0.0,0.6036890149116516,0.657675564289093,0.0,0.0,0.5470273494720459
final_train_00325,final_train,C4,196,middle,1,middle,0.3562953916341614,0.4185054302215576,0.021046670153737,0.960915982723236,0.0180373881012201,0.0390840172767639,0.1747634101978903,0,0.6830059289932251,0.0,0.0,0.0,0.6613218784332275,0.1658722907304763,0.0,0.0,2.1978046894073486,0.0,0.8846706748008728,0.0,1.5646727085113523,1.2881795167922974,1.5611454248428345,0.3209063708782196,0.0,1.598366379737854,1.8053808212280276,0.0,0.0,1.9802159070968628,0.0,0.0,0.0,0.0,0.1192493140697479,0.0,0.1829198598861694,0.0,0.0069960281252861,0.0,0.0,0.0,0.0,0.0,0.2809327840805053,0.0,0.9182631969451904,0.0,1.4462565183639526,0.7078404426574707,0.0,2.093142032623291,0.0779338553547859,2.7125368118286133,1.493776798248291,0.0,0.0,0.5884734392166138,1.5936853885650637,0.0,0.0,0.0,0.0,1.4382017850875854,0.0,0.0,0.0,0.6170519590377808,0.6470120549201965,0.0,0.0,0.5439194440841675
final_train_00326,final_train,C4,197,middle,1,middle,0.3565774576613453,0.4192016124725342,0.0208486299961805,0.9610013961791992,0.0181500390172004,0.0389986038208007,0.174481042726733,0,0.6795189380645752,0.0,0.0,0.0,0.6640976667404175,0.1586935520172119,0.0,0.0,2.186861276626587,0.0,0.896507203578949,0.0,1.5674397945404053,1.2963879108428955,1.5581259727478027,0.3299969136714935,0.0,1.607884645462036,1.7983534336090088,0.0,0.0,1.9923365116119385,0.0,0.0,0.0,0.0,0.126001238822937,0.0,0.1856067180633545,0.0,0.0057143680751323,0.0,0.0,0.0,0.0,0.0,0.2799952626228332,0.0,0.9260469675064088,0.0,1.4571281671524048,0.694557249546051,0.0,2.104111194610596,0.0820606499910354,2.703508853912353,1.4862008094787598,0.0,0.0,0.5869418382644653,1.5814841985702517,0.0,0.0,0.0,0.0,1.4328627586364746,0.0,0.0,0.0,0.6064716577529907,0.6576828956604004,0.0,0.0,0.5440331101417542
final_train_00327,final_train,C4,198,middle,1,middle,0.3569721049276327,0.419180154800415,0.0209121946245431,0.9609009623527528,0.0181868150830268,0.0390990376472473,0.1748355144094703,0,0.6786077618598938,0.0,0.0,0.0,0.6617236733436584,0.1635207086801529,0.0,0.0,2.195101261138916,0.0,0.8957949280738831,0.0,1.5649888515472412,1.2979105710983276,1.557187557220459,0.3315241634845733,0.0,1.6003602743148804,1.8028833866119385,0.0,0.0,1.9876574277877808,0.0,0.0,0.0,0.0,0.1261706948280334,0.0,0.1915053427219391,0.0,0.0093252956867218,0.0,0.0,0.0,0.0,0.0,0.2823315560817718,0.0,0.9272202849388124,0.0,1.4507834911346436,0.6935920119285583,0.0,2.0995306968688965,0.0865981951355934,2.704345464706421,1.488790512084961,0.0,0.0,0.5881584286689758,1.584659457206726,0.0,0.0,0.0,0.0,1.4311656951904297,0.0,0.0,0.0,0.6079646348953247,0.6548603177070618,0.0,0.0,0.5481482744216919
final_train_00328,final_train,C4,199,middle,1,middle,0.3574887388645184,0.4198691248893738,0.0208115074783563,0.9609222412109376,0.0182662103325128,0.0390777587890625,0.1747710465167616,0,0.6767309308052063,0.0,0.0,0.0,0.6638848781585693,0.1577472388744354,0.0,0.0,2.1942355632781982,0.0,0.8997853398323059,0.0,1.569406509399414,1.2989968061447144,1.553217887878418,0.3308984637260437,0.0,1.600400686264038,1.7973761558532717,0.0,0.0,1.9878417253494265,0.0,0.0,0.0,0.0,0.1264881491661071,0.0,0.1943994164466858,0.0,0.0077248699963092,0.0,0.0,0.0,0.0,0.0,0.2764048278331756,0.0,0.9362887144088744,0.0,1.455165147781372,0.6905545592308044,0.0,2.1062588691711426,0.0906346291303634,2.6997294425964355,1.4913140535354614,0.0,0.0,0.5891271829605103,1.57853901386261,0.0,0.0,0.0,0.0,1.429227590560913,0.0,0.0,0.0,0.6062484979629517,0.6571602821350098,0.0,0.0,0.5508366227149963
final_train_00329,final_train,C4,200,middle,1,middle,0.3581370125498305,0.421024739742279,0.020745150744915,0.9608572125434875,0.0183976050466299,0.0391427874565124,0.1750130079596463,0,0.674617350101471,0.0,0.0,0.0,0.6648648381233215,0.1555265486240387,0.0,0.0,2.1945927143096924,0.0,0.9031135439872742,0.0,1.5696603059768677,1.3042370080947876,1.5490036010742188,0.3321201503276825,0.0,1.6001546382904053,1.7876293659210205,0.0,0.0,1.9890456199646,0.0,0.0,0.0,0.0,0.1304115355014801,0.0,0.2001402974128723,0.0,0.008841048926115,0.0,0.0,0.0,0.0,0.0,0.2699825167655945,0.0,0.9453482031822203,0.0,1.460371732711792,0.6863723397254944,0.0,2.1105213165283203,0.0978796705603599,2.69744086265564,1.4867844581604004,0.0,0.0,0.5916241407394409,1.5745186805725098,0.0,0.0,0.0,0.0,1.424081325531006,0.0,0.0,0.0,0.601175844669342,0.6646040678024292,0.0,0.0,0.5567227005958557
final_train_00330,final_train,C4,201,middle,1,middle,0.358926819604511,0.421319842338562,0.0207452215254306,0.960840106010437,0.0184146352112293,0.0391598939895629,0.1750745596737452,0,0.6764958500862122,0.0,0.0,0.0,0.6661613583564758,0.1558283567428589,0.0,0.0,2.2013792991638184,0.0,0.9066619277000428,0.0,1.5710246562957764,1.2996758222579956,1.5488661527633667,0.3278983533382416,0.0,1.5981796979904177,1.783804178237915,0.0,0.0,1.98432719707489,0.0,0.0,0.0,0.0,0.1276010870933532,0.0,0.2032306939363479,0.0,0.0146846957504749,0.0,0.0,0.0,0.0,0.0,0.2717639803886413,0.0,0.9444851279258728,0.0,1.4568138122558594,0.6895553469657898,0.0,2.106268405914306,0.0985499173402786,2.700894594192505,1.4897805452346802,0.0,0.0,0.5950592756271362,1.5791411399841309,0.0,0.0,0.0,0.0,1.425585150718689,0.0,0.0,0.0,0.6009995937347412,0.6588494777679443,0.0,0.0,0.5567967295646667
final_train_00331,final_train,C4,202,middle,1,middle,0.3597841922323296,0.4219549596309662,0.0207373034209013,0.9608238339424132,0.0184388533234596,0.0391761660575866,0.1751340497173852,0,0.6771449446678162,0.0,0.0,0.0,0.6717920899391174,0.1560937464237213,0.0,0.0,2.194506883621216,0.0,0.9042347073554992,0.0,1.568488597869873,1.3010364770889282,1.5499187707901,0.3247242867946625,0.0,1.6046594381332395,1.7751471996307373,0.0,0.0,1.9887272119522093,0.0,0.0,0.0,0.0,0.1294912695884704,0.0,0.2007742226123809,0.0,0.0131381638348102,0.0,0.0,0.0,0.0,0.0,0.2669558823108673,0.0,0.9471688866615297,0.0,1.4569557905197144,0.6904209852218628,0.0,2.1093192100524902,0.0959346815943718,2.6971523761749268,1.4758460521697998,0.0,0.0,0.5977798104286194,1.581752061843872,0.0,0.0,0.0,0.0,1.4275273084640503,0.0,0.0,0.0,0.5937435626983643,0.6646642088890076,0.0,0.0,0.5577203035354614
final_train_00332,final_train,C4,203,middle,1,middle,0.3607090371002784,0.4216273427009582,0.0208338536322116,0.9607306122779846,0.0184355173259973,0.0392693877220153,0.1754589527053812,0,0.677582859992981,0.0,0.0,0.0,0.6744304895401001,0.1575923264026641,0.0,0.0,2.1890480518341064,0.0,0.901728093624115,0.0,1.562775492668152,1.2952874898910522,1.5518741607666016,0.3217831254005432,0.0,1.6080318689346311,1.7724113464355469,0.0,0.0,1.9853003025054927,0.0,0.0,0.0,0.0,0.1243869960308075,0.0,0.197040855884552,0.0,0.0157967843115329,0.0,0.0,0.0,0.0,0.0,0.2704785168170929,0.0,0.9405319690704346,0.0,1.4545356035232544,0.6940416693687439,0.0,2.104485034942627,0.0915115177631378,2.695840120315552,1.469896912574768,0.0,0.0,0.6010389924049377,1.5884310007095337,0.0,0.0,0.0,0.0,1.434446930885315,0.0,0.0,0.0,0.5934690833091736,0.6633874177932739,0.0,0.0,0.5517677664756775
final_train_00333,final_train,C4,204,middle,1,middle,0.3617030358791867,0.4218021929264068,0.0208916701376438,0.960626780986786,0.0184815917164087,0.0393732190132141,0.1758262013195158,0,0.6784877777099609,0.0,0.0,0.0,0.6765739917755127,0.1564838886260986,0.0,0.0,2.185495376586914,0.0,0.9000734686851501,0.0,1.5597432851791382,1.2907041311264038,1.549670934677124,0.3162397742271423,0.0,1.6093798875808716,1.7648966312408447,0.0,0.0,1.9806209802627563,0.0,0.0,0.0,0.0,0.1195197850465774,0.0,0.1945940107107162,0.0,0.0177756510674953,0.0,0.0,0.0,0.0,0.0,0.2696032226085663,0.0,0.9373667240142822,0.0,1.453269124031067,0.6966544985771179,0.0,2.103030204772949,0.0894732922315597,2.696359872817993,1.4658585786819458,0.0,0.0,0.604533314704895,1.5910643339157104,0.0,0.0,0.0,0.0,1.4393445253372192,0.0,0.0,0.0,0.5922145843505859,0.6632593870162964,0.0,0.0,0.5481142401695251
final_train_00334,final_train,C4,205,middle,1,middle,0.3627678195922731,0.4227121770381927,0.0209613498300313,0.9604052901268004,0.0186334215104579,0.0395947098731994,0.1766143019797196,0,0.6810101270675659,0.0,0.0,0.0,0.6736382246017456,0.153484046459198,0.0,0.0,2.1808650493621826,0.0,0.8968861699104309,0.0,1.5552239418029783,1.2908433675765991,1.5405794382095337,0.308575689792633,0.0,1.6065565347671509,1.7515292167663574,0.0,0.0,1.9755167961120603,0.0,0.0,0.0,0.0,0.1187750995159149,0.0,0.195107877254486,0.0,0.0179020203649997,0.0,0.0,0.0,0.0,0.0,0.2634541690349579,0.0,0.9378158450126648,0.0,1.4476096630096436,0.6957449913024902,0.0,2.1007800102233887,0.0921033546328544,2.6970646381378174,1.4600671529769895,0.0,0.0,0.6085435152053833,1.5903193950653076,0.0,0.0,0.0,0.0,1.4457855224609375,0.0,0.0,0.0,0.5899666547775269,0.667463481426239,0.0,0.0,0.5467602014541626
final_train_00335,final_train,C4,206,middle,1,middle,0.3639049675496623,0.4240312278270721,0.0209756772965192,0.960191249847412,0.0188330505043268,0.0398087501525878,0.1773796157559026,0,0.682836651802063,0.0,0.0,0.0,0.6700586080551147,0.1469337195158004,0.0,0.0,2.176110029220581,0.0,0.8973608613014221,0.0,1.5520998239517212,1.2908886671066284,1.5288156270980835,0.2990427613258362,0.0,1.605487585067749,1.7331209182739258,0.0,0.0,1.974792242050171,0.0,0.0,0.0,0.0,0.12216717004776,0.0,0.1949754804372787,0.0,0.0173532105982303,0.0,0.0,0.0,0.0,0.0,0.2543891370296478,0.0,0.9413602948188782,0.0,1.4430242776870728,0.693398654460907,0.0,2.09818696975708,0.0948946624994278,2.6975526809692383,1.4555048942565918,0.0,0.0,0.6132180690765381,1.5878965854644775,0.0,0.0,0.0,0.0,1.4515511989593506,0.0,0.0,0.0,0.587072491645813,0.6708359718322754,0.0,0.0,0.5449818968772888
final_train_00336,final_train,C4,207,middle,1,middle,0.3651160063407188,0.4246346354484558,0.0210844818502664,0.959881067276001,0.0190344806760549,0.040118932723999,0.1784778486203533,0,0.683341920375824,0.0,0.0,0.0,0.6656908392906189,0.14405257999897,0.0,0.0,2.17036247253418,0.0,0.8977416157722473,0.0,1.5448373556137085,1.2902871370315552,1.5196517705917358,0.2942865490913391,0.0,1.6045125722885132,1.7210330963134766,0.0,0.0,1.9717835187911987,0.0,0.0,0.0,0.0,0.122424840927124,0.0,0.196725845336914,0.0,0.0205900855362415,0.0,0.0,0.0,0.0,0.0,0.2528968155384063,0.0,0.9382601976394652,0.0,1.4368102550506592,0.6888963580131531,0.0,2.0916523933410645,0.0956287458539009,2.6952993869781494,1.449740648269653,0.0,0.0,0.6162068247795105,1.5867018699645996,0.0,0.0,0.0,0.0,1.4566161632537842,0.0,0.0,0.0,0.5833852887153625,0.6724002957344055,0.0,0.0,0.54082190990448
final_train_00337,final_train,C4,208,middle,1,middle,0.3664024089172359,0.425591379404068,0.0211344007402658,0.9596382975578308,0.0192273445427417,0.0403617024421691,0.1793386096006161,0,0.6836497187614441,0.0,0.0,0.0,0.6588792204856873,0.1435868144035339,0.0,0.0,2.1760544776916504,0.0,0.9004504084587097,0.0,1.5392471551895142,1.291716694831848,1.509352445602417,0.2891857922077179,0.0,1.5972239971160889,1.7091009616851809,0.0,0.0,1.9712584018707275,0.0,0.0,0.0,0.0,0.1274644136428833,0.0,0.2019717395305633,0.0,0.0245993919670581,0.0,0.0,0.0,0.0,0.0,0.2497937083244323,0.0,0.939896821975708,0.0,1.4281573295593262,0.686181902885437,0.0,2.0806617736816406,0.101013496518135,2.6993207931518555,1.4507219791412354,0.0,0.0,0.6219915151596069,1.5898641347885132,0.0,0.0,0.0,0.0,1.459628343582153,0.0,0.0,0.0,0.5818319916725159,0.6706955432891846,0.0,0.0,0.5405991673469543
final_train_00338,final_train,C4,209,middle,1,middle,0.3677655936435873,0.425974041223526,0.0213482100516557,0.9591727256774902,0.0194791238754987,0.0408272743225097,0.1809747621277926,0,0.6822622418403625,0.0,0.0,0.0,0.6537391543388367,0.139045163989067,0.0,0.0,2.1708760261535645,0.0,0.8953448534011841,0.0,1.533009052276611,1.291026949882507,1.498382568359375,0.2805511653423309,0.0,1.591185212135315,1.698028802871704,0.0,0.0,1.9636260271072388,0.0,0.0,0.0,0.0,0.1277062147855758,0.0,0.200482040643692,0.0,0.0249471850693225,0.0,0.0,0.0,0.0,0.0,0.2453853487968444,0.0,0.9355106949806212,0.0,1.418289303779602,0.6835511326789856,0.0,2.070207118988037,0.1011337041854858,2.6920065879821777,1.4496992826461792,0.0,0.0,0.62003493309021,1.5851027965545654,0.0,0.0,0.0,0.0,1.4649914503097534,0.0,0.0,0.0,0.5787160396575928,0.6696329116821289,0.0,0.0,0.5385233759880066
final_train_00339,final_train,C4,210,middle,1,middle,0.3692069235368467,0.4271145462989807,0.0213170647621154,0.9590396881103516,0.0196432657539844,0.0409603118896484,0.1814484851702385,0,0.6825830936431885,0.0,0.0,0.0,0.6509835720062256,0.1353689134120941,0.0,0.0,2.1777169704437256,0.0,0.8990689516067505,0.0,1.5354024171829224,1.2911930084228516,1.4899195432662964,0.2728119492530823,0.0,1.58401358127594,1.6846396923065186,0.0,0.0,1.9592589139938357,0.0,0.0,0.0,0.0,0.1309468150138855,0.0,0.2037171870470047,0.0,0.0282738469541072,0.0,0.0,0.0,0.0,0.0,0.2398419678211212,0.0,0.9410971403121948,0.0,1.4150413274765017,0.6829850673675537,0.0,2.065579414367676,0.1080543100833892,2.695993423461914,1.4559277296066284,0.0,0.0,0.6233903765678406,1.5832679271697998,0.0,0.0,0.0,0.0,1.4657961130142212,0.0,0.0,0.0,0.576945424079895,0.6675155162811279,0.0,0.0,0.5417762994766235
final_train_00340,final_train,C4,211,middle,1,middle,0.370727705399535,0.4276783168315887,0.0215570200234651,0.95850670337677,0.019936341792345,0.0414932966232299,0.1833137272635522,0,0.6815299391746521,0.0,0.0,0.0,0.6476361751556396,0.1292574405670166,0.0,0.0,2.16865611076355,0.0,0.8933569192886353,0.0,1.526396870613098,1.2869107723236084,1.4801300764083862,0.2623037993907928,0.0,1.5804725885391235,1.667461633682251,0.0,0.0,1.9484065771102903,0.0,0.0,0.0,0.0,0.1304438561201095,0.0,0.1992079466581344,0.0,0.0292496494948864,0.0,0.0,0.0,0.0,0.0,0.2349579036235809,0.0,0.9379165172576904,0.0,1.4044203758239746,0.6824968457221985,0.0,2.058465003967285,0.106835126876831,2.6873700618743896,1.4513990879058838,0.0,0.0,0.6245947480201721,1.5797103643417358,0.0,0.0,0.0,0.0,1.472874641418457,0.0,0.0,0.0,0.5734626650810242,0.6668083667755127,0.0,0.0,0.5358284711837769
final_train_00341,final_train,C4,212,middle,1,middle,0.372329189076259,0.4292941987514496,0.0215023960918188,0.9582968950271606,0.0202007498592138,0.0417031049728393,0.1840554945929138,0,0.6821743249893188,0.0,0.0,0.0,0.6413296461105347,0.1229001805186271,0.0,0.0,2.167035818099976,0.0,0.902505099773407,0.0,1.52354097366333,1.287813663482666,1.4696004390716553,0.2607325315475464,0.0,1.5772371292114258,1.6493463516235352,0.0,0.0,1.9458582401275637,0.0,0.0,0.0,0.0,0.1356105059385299,0.0,0.2057915031909942,0.0,0.0314743034541606,0.0,0.0,0.0,0.0,0.0,0.2284166514873504,0.0,0.9461691975593568,0.0,1.405806541442871,0.6777880787849426,0.0,2.056668758392334,0.1156493946909904,2.6875810623168945,1.451849102973938,0.0,0.0,0.6330573558807373,1.5772000551223757,0.0,0.0,0.0,0.0,1.4750107526779177,0.0,0.0,0.0,0.571872889995575,0.6724007725715637,0.0,0.0,0.5353233814239502
final_train_00342,final_train,C4,213,middle,1,middle,0.3740125667268721,0.4303081035614013,0.0217218901962041,0.9577028155326844,0.0205752588808536,0.0422971844673156,0.1861255066791213,0,0.6807394623756409,0.0,0.0,0.0,0.6340395212173462,0.1162830740213394,0.0,0.0,2.162001609802246,0.0,0.9012393951416016,0.0,1.5133073329925537,1.2844043970108032,1.4563828706741333,0.2530229985713959,0.0,1.5698766708374023,1.6299517154693604,0.0,0.0,1.930759072303772,0.0,0.0,0.0,0.0,0.1346075683832168,0.0,0.2085776031017303,0.0,0.0351028107106685,0.0,0.0003823116421699,0.0,0.0,0.0,0.2215283811092376,0.0,0.9458588361740112,0.0,1.398889183998108,0.6751279830932617,0.0,2.0483217239379883,0.1206536069512367,2.6813130378723145,1.4530984163284302,0.0,0.0,0.6382357478141785,1.574628233909607,0.0,0.0,0.0,0.0,1.4804056882858276,0.0,0.0,0.0,0.5728933215141296,0.6732681393623352,0.0,0.0,0.531501054763794
final_train_00343,final_train,C4,214,middle,1,middle,0.3757789722813412,0.4318667948246002,0.0216318685561418,0.9574739336967468,0.02089424431324,0.0425260663032531,0.1869278355782166,0,0.6794624328613281,0.0,0.0,0.0,0.6291118860244751,0.1096541583538055,0.0,0.0,2.1653709411621094,0.0,0.9123480916023254,0.0,1.5114392042160034,1.2869277000427246,1.444008708000183,0.251245379447937,0.0,1.56659734249115,1.609339475631714,0.0,0.0,1.9307104349136357,0.0,0.0,0.0,0.0,0.1407924592494964,0.0,0.2184018492698669,0.0,0.0400540940463542,0.0,0.0098267421126365,0.0,0.0,0.0,0.2158169150352478,0.0,0.9566530585289,0.0,1.4002169370651243,0.6684831976890564,0.0,2.0453805923461914,0.1314677149057388,2.6816132068634038,1.4555526971817017,0.0,0.0,0.6451603770256042,1.5703672170639038,0.0,0.0,0.0,0.0,1.479359745979309,0.0,0.0,0.0,0.5696166157722473,0.6757290959358215,0.0,0.0,0.5319787263870239
final_train_00344,final_train,C4,215,middle,1,middle,0.3776294807046481,0.43356654047966,0.0218162219971418,0.9567807912826538,0.0214030016213655,0.0432192087173461,0.1893285830096397,0,0.6769663095474243,0.0,0.0,0.0,0.6207848191261292,0.1011237055063247,0.0,0.0,2.1661508083343506,0.0,0.9117848873138428,0.0,1.5036258697509766,1.290090799331665,1.4253296852111816,0.2405460774898529,0.0,1.55715012550354,1.5823376178741455,0.0,0.0,1.9194550514221191,0.0,0.0,0.0,0.0,0.1472242474555969,0.0,0.2257236540317535,0.0,0.0418298207223415,0.0,0.016872614622116,0.0,0.0,0.0,0.2028714716434478,0.0,0.9613784551620485,0.0,1.390058517456055,0.6630546450614929,0.0,2.0361194610595703,0.1391256600618362,2.674980878829956,1.4553303718566897,0.0,0.0,0.6476147770881653,1.5621124505996704,0.0,0.0,0.0,0.0,1.481124758720398,0.0,0.0,0.0,0.5645735263824463,0.67691969871521,0.0,0.0,0.5319994688034058
final_train_00345,final_train,C4,216,middle,1,middle,0.3795651075094741,0.434974193572998,0.0217999275773763,0.9563972353935242,0.0218028556555509,0.0436027646064758,0.1906521211898457,0,0.6748965382575989,0.0,0.0,0.0,0.6131337881088257,0.0951216071844101,0.0,0.0,2.169156074523926,0.0,0.9247162342071532,0.0,1.4991265535354614,1.2902450561523438,1.4122982025146484,0.2421540021896362,0.0,1.5497153997421265,1.5622315406799316,0.0,0.0,1.9124270677566528,0.0,0.0,0.0,0.0,0.1522504836320877,0.0,0.2377713322639465,0.0,0.04819181188941,0.0,0.0232777893543243,0.0,0.0,0.0,0.2006992399692535,0.0,0.9696873426437378,0.0,1.3889590501785278,0.6564814448356628,0.0,2.0266847610473637,0.1510120332241058,2.671421527862549,1.4611213207244873,0.0,0.0,0.657027542591095,1.5622689723968506,0.0,0.0,0.0,0.0,1.484615445137024,0.0,0.0,0.0,0.5618705153465271,0.6777227520942688,0.0,0.0,0.5282049179077148
final_train_00346,final_train,C4,217,middle,1,middle,0.3815868083267034,0.4354618489742279,0.0220549702644348,0.9557278752326964,0.0222171675413846,0.0442721247673034,0.1929507616790615,0,0.6708089709281921,0.0,0.0,0.0,0.6077550649642944,0.0888676792383194,0.0,0.0,2.165747165679932,0.0,0.9247094988822936,0.0,1.490806221961975,1.286950945854187,1.400868535041809,0.2363413870334625,0.0,1.5433127880096436,1.5455482006072998,0.0,0.0,1.9002798795700075,0.0,0.0,0.0,0.0,0.1530095934867859,0.0,0.237893521785736,0.0,0.0520938225090503,0.0,0.0252012684941291,0.0,0.0,0.0,0.1984113752841949,0.0,0.9654200077056884,0.0,1.3837566375732422,0.6535431742668152,0.0,2.013853073120117,0.1541417241096496,2.6621363162994385,1.463391661643982,0.0,0.0,0.6552096009254456,1.555718183517456,0.0,0.0,0.0,0.0,1.4860364198684692,0.0,0.0,0.0,0.5581530928611755,0.6744492650032043,0.0,0.0,0.524333119392395
final_train_00347,final_train,C4,218,middle,1,middle,0.3836954782446592,0.4373455643653869,0.022009290754795,0.9553505182266236,0.0226402468979358,0.0446494817733764,0.1942388716800637,0,0.6692338585853577,0.0,0.0,0.0,0.6027296781539917,0.0806878879666328,0.0,0.0,2.165066957473755,0.0,0.9365795254707336,0.0,1.4873439073562622,1.2883683443069458,1.3886338472366333,0.2337773740291595,0.0,1.5390853881835938,1.5218565464019775,0.0,0.0,1.8929439783096316,0.0,0.0,0.0,0.0,0.1588210463523864,0.0,0.2477931976318359,0.0,0.0541093461215496,0.0,0.0338197946548461,0.0,0.0,0.0,0.1895914375782013,0.0,0.977116584777832,0.0,1.384541630744934,0.6469622254371643,0.0,2.0104527473449707,0.1660317927598953,2.656771183013916,1.4626951217651367,0.0,0.0,0.6643672585487366,1.5542150735855105,0.0,0.0,0.0,0.0,1.4897993803024292,0.0,0.0,0.0,0.552638828754425,0.6807148456573486,0.0,0.0,0.5239880681037903
final_train_00348,final_train,C4,219,middle,1,middle,0.3858919516439112,0.4398583769798279,0.0222465675324201,0.9542286396026612,0.0235247500240802,0.0457713603973388,0.1980490421426567,0,0.6654592752456665,0.0,0.0,0.0,0.5911955237388611,0.0682394653558731,0.0,0.0,2.1552388668060303,0.0,0.9438228607177734,0.0,1.468938946723938,1.287484884262085,1.3636642694473269,0.224692553281784,0.0,1.5289289951324463,1.4819118976593018,0.0,0.0,1.870684266090393,0.0,0.0,0.0,0.0,0.1616837084293365,0.0,0.2625025510787964,0.0,0.0598877482116222,0.0,0.0497538819909095,0.0,0.0,0.0,0.1742851734161377,0.0,0.9899356365203856,0.0,1.3799864053726196,0.635183572769165,0.0,2.0022687911987305,0.1820771396160125,2.642585039138794,1.4582931995391846,0.0,0.0,0.676289975643158,1.5467026233673096,0.0,0.0,0.0,0.0,1.496399998664856,0.0,0.0,0.0,0.5502967238426208,0.6893523335456848,0.0,0.0,0.5206218957901001
final_train_00349,final_train,C4,220,middle,1,middle,0.3881770017017033,0.4425069093704223,0.0223759319633245,0.9528958201408386,0.0247281845659017,0.0471041798591613,0.2025190692247295,0,0.6571910977363586,0.0,0.0,0.0,0.5775035619735718,0.0520023629069328,0.0,0.0,2.1397979259490967,0.0,0.9720758199691772,0.0,1.4485554695129397,1.277314066886902,1.338924765586853,0.2269772887229919,0.0,1.5253746509552002,1.4393250942230225,0.0,0.0,1.8529090881347656,0.0,0.0,0.0,0.0,0.163254052400589,0.0,0.2805006504058838,0.0,0.0668518394231796,0.0,0.0623048469424247,0.0,0.0,0.0,0.1675421297550201,0.0,1.0093576908111572,0.0,1.3870331048965454,0.6182515025138855,0.0,1.9963414669036863,0.1985430121421814,2.623474359512329,1.4560271501541138,0.0,0.0,0.6985500454902649,1.5386238098144531,0.0,0.0217789690941572,0.0,0.0,1.5044974088668823,0.0,0.0,0.0158461481332778,0.5494533181190491,0.6971467733383179,0.0,0.0,0.5050954222679138
final_train_00350,final_train,C4,221,middle,1,middle,0.3906755923950607,0.4447354972362518,0.0226590521633625,0.951290726661682,0.026050254702568,0.0487092733383178,0.2078455983099327,0,0.6446119546890259,0.0,0.0,0.0,0.5636554956436157,0.0382071919739246,0.0,0.0,2.126899242401123,0.0,0.9962417483329772,0.0,1.4243295192718506,1.2653522491455078,1.3141249418258667,0.232063889503479,0.0,1.5196256637573242,1.4024996757507324,0.0,0.0,1.8367323875427248,0.0,0.0,0.0,0.0,0.1640024781227111,0.0,0.2941935062408447,0.0,0.0714730024337768,0.0,0.0705785676836967,0.0,0.0,0.0,0.1606185138225555,0.0,1.025617241859436,0.0,1.3971223831176758,0.6033657193183899,0.0,1.9881937503814695,0.2144639045000076,2.604710102081299,1.4532886743545532,0.0,0.0,0.7151016592979431,1.52741277217865,0.0,0.0432298555970191,0.0,0.0,1.5027397871017456,0.0,0.0,0.0381762310862541,0.5531186461448669,0.7034662365913391,0.0,0.0,0.4933718740940094
final_train_00351,final_train,C4,222,middle,1,middle,0.3934969847115437,0.449207067489624,0.0231463406234979,0.9483747482299804,0.028478916734457,0.0516252517700195,0.2173480002190192,0,0.6365280151367188,0.0,0.0,0.0,0.5354871153831482,0.013437695801258,0.0,0.0,2.1121721267700195,0.0,1.0281771421432495,0.0,1.3983737230300903,1.2574769258499146,1.2683547735214231,0.2238399684429168,0.0,1.4948368072509766,1.3394358158111572,0.0,0.0,1.796290159225464,0.0,0.0,0.0064582452178001,0.0,0.175854206085205,0.0,0.3236149847507477,0.0,0.0698676705360412,0.0,0.0823337212204933,0.0,0.0,0.0,0.1433430314064026,0.0,1.047413945198059,0.0,1.3917052745819092,0.5787940621376038,0.0,1.9696580171585083,0.2416902482509613,2.573179244995117,1.4566481113433838,0.0,0.0,0.7337976694107056,1.502505898475647,0.0,0.0728072896599769,0.0,0.0,1.5087559223175049,0.0,0.0,0.0792574435472488,0.5452953577041626,0.7108660340309143,0.0,0.0,0.4786584675312042
final_train_00352,final_train,C4,223,middle,1,middle,0.3966436319051303,0.4538163244724273,0.0236675832420587,0.944693088531494,0.0316394045948982,0.0553069114685058,0.2290285840953047,0,0.6207138895988464,0.0,0.0,0.0,0.5102748870849609,0.0,0.0,0.0,2.0885369777679443,0.0,1.0642133951187134,0.0,1.3663760423660278,1.2476543188095093,1.2198716402053833,0.2172120511531829,0.0,1.474585771560669,1.2685306072235107,0.0,0.0,1.761000633239746,0.0,0.0,0.0470011606812477,0.0,0.1877070218324661,0.0,0.3483732044696808,0.0,0.0639312863349914,0.0,0.0943867191672325,0.0,0.0,0.0,0.1228594407439231,0.0,1.0812406539916992,0.0,1.3986350297927856,0.5522733926773071,0.0,1.961587190628052,0.2728590369224548,2.534083366394043,1.4517574310302734,0.0,0.0,0.7536646127700806,1.4675607681274414,0.0,0.1073820069432258,0.0,0.0100668780505657,1.5101460218429563,0.0,0.0,0.1317518353462219,0.5364899635314941,0.7261243462562561,0.0,0.0,0.461854487657547
final_train_00353,final_train,C4,224,middle,1,middle,0.4001177684341023,0.4575366973876953,0.0242087971419096,0.9411418437957764,0.0346493981778621,0.0588581562042236,0.2400124318654125,0,0.6090042591094971,0.0,0.0,0.0,0.4917777776718139,0.0,0.0,0.0,2.0719146728515625,0.0,1.103485345840454,0.0,1.34006929397583,1.233694553375244,1.1833107471466064,0.2156857103109359,0.0,1.456595778465271,1.2118117809295654,0.0,0.0,1.7236138582229614,0.0,0.0,0.0816270783543586,0.0,0.1943257451057434,0.0,0.3735617101192474,0.0,0.0664591789245605,0.0,0.1097007170319557,0.0,0.0,0.0,0.1171462461352348,0.0,1.0994762182235718,0.0,1.4060564041137695,0.5277461409568787,0.0,1.9423439502716064,0.3032175600528717,2.502840995788574,1.4489864110946655,0.0,0.0,0.7689584493637085,1.4406415224075315,0.0,0.1427823156118393,0.0,0.0311453714966774,1.5109872817993164,0.0,0.0,0.1727178692817688,0.5289463400840759,0.7338031530380249,0.0,0.0,0.4500212073326111
final_train_00354,final_train,C4,225,middle,1,middle,0.4039214090524924,0.4797894358634949,0.0269092358648777,0.9222623705863952,0.0508284233510494,0.0777376294136047,0.294327872543887,0,0.5615649223327637,0.0,0.0,0.0,0.4414064288139343,0.0,0.0,0.0,1.9736368656158447,0.0,1.2022359371185305,0.0,1.2210321426391602,1.2009738683700562,1.0314433574676514,0.1625042706727981,0.0,1.405847668647766,0.9813351631164552,0.0,0.1478840261697769,1.629185914993286,0.0,0.0,0.2081140130758285,0.0,0.2276101410388946,0.0,0.4726374745368957,0.0,0.0068582482635974,0.0,0.1656749546527862,0.0,0.0,0.0,0.0502113997936248,0.0,1.2315281629562378,0.0370980501174926,1.410919189453125,0.4530722498893738,0.055033303797245,1.933380365371704,0.3974541425704956,2.3499438762664795,1.3674296140670776,0.0,0.0,0.8029059767723083,1.2906256914138794,0.0,0.2321976572275161,0.0,0.1365817189216613,1.50273859500885,0.0,0.0,0.3846524655818939,0.472528874874115,0.7760775089263916,0.0,0.0,0.4304266273975372
final_train_00355,final_train,C4,226,middle,1,middle,0.4080563473233657,0.4887466430664062,0.0300208311527967,0.9008886814117432,0.0690904259681701,0.0991113185882568,0.3494508098612257,0,0.5542296767234802,0.0,0.0,0.0,0.3921669125556946,0.0,0.1096826568245887,0.0,1.8786888122558596,0.0,1.2744985818862915,0.0,1.1417639255523682,1.1561384201049805,0.9392707347869872,0.1682360023260116,0.0036602988839149,1.3439940214157104,0.8532795310020447,0.0,0.2441813647747039,1.511206030845642,0.0160578936338424,0.0,0.3049677908420563,0.0,0.2522349953651428,0.0,0.5499958992004395,0.0,0.0,0.0,0.2066827714443206,0.0,0.0,0.0216303244233131,0.0357867553830146,0.0,1.229209542274475,0.1388378590345382,1.4079194068908691,0.3775313794612884,0.0906974673271179,1.8687613010406492,0.4654228091239929,2.250291585922241,1.329253077507019,0.0,0.0,0.8399832844734192,1.2151482105255127,0.0,0.3097963333129883,0.0,0.1912788897752761,1.514814853668213,0.0,0.0,0.4981284141540527,0.4274342954158783,0.7884247899055481,0.0,0.0,0.374894380569458
final_train_00356,final_train,C4,227,middle,1,middle,0.4125241551232438,0.5218375325202942,0.0370933376252651,0.808447003364563,0.1544596552848816,0.191552996635437,0.5303133465852161,0,0.5028849244117737,0.0,0.0,0.0,0.3023260533809662,0.0,0.3929513990879059,0.0,1.6859829425811768,0.0061631919816136,1.4675925970077517,0.0,0.9479023814201356,1.0338480472564695,0.7165189385414124,0.1247209683060646,0.2018972039222717,1.1756216287612915,0.5610715746879578,0.0,0.5398561358451843,1.331849217414856,0.1508098691701889,0.0,0.5358983278274536,0.0888089835643768,0.351190984249115,0.0,0.7538252472877502,0.0,0.0,0.0,0.2618431746959686,0.0176882129162549,0.0,0.1603380143642425,0.0,0.0,1.3334516286849976,0.3654838800430298,1.4120590686798096,0.2288976609706878,0.1566708236932754,1.7500187158584597,0.6420812010765076,1.98483407497406,1.1858420372009275,0.0,0.0,0.892224133014679,0.9668726921081544,0.0,0.4532301723957062,0.0,0.3341397047042846,1.4644734859466553,0.0,0.0,0.8171623945236206,0.2947275340557098,0.8115584850311279,0.0,0.0,0.2968522012233734
final_train_00357,final_train,C4,228,late,2,middle,0.4172019293174694,0.5568604469299316,0.0431227087974548,0.5743597745895386,0.3825175762176513,0.4256402254104614,0.7478882119364564,1,0.4485657811164856,0.0,0.0,0.0,0.1944336742162704,0.0,0.7254685759544373,0.0,1.4093064069747925,0.1450056433677673,1.7009106874465942,0.0,0.6822530031204224,0.8213397264480591,0.4418591260910034,0.0404986590147018,0.4517075419425964,0.9368756413459778,0.2166256606578827,0.0,0.8601808547973633,1.1185414791107178,0.3028505742549896,0.0,0.8558095693588257,0.3146852254867553,0.4872511327266693,0.0,1.01760995388031,0.0,0.0,0.0,0.2876238226890564,0.2072444558143615,0.0,0.3221965134143829,0.0,0.0,1.4114136695861816,0.669755220413208,1.3936980962753296,0.0626940801739692,0.182512566447258,1.5209906101226809,0.8677880764007568,1.65408194065094,0.9425256848335266,0.0,0.0,0.933086395263672,0.658267080783844,0.0,0.6356690526008606,0.0,0.484222412109375,1.3383526802062988,0.0,0.0,1.175893783569336,0.1473051011562347,0.7927936315536499,0.0986412018537521,0.2013153433799743,0.1382615864276886
final_train_00358,final_train,C4,229,late,2,late,0.4219821848886883,0.6001491546630859,0.0330510437488555,0.2026860266923904,0.7642629146575928,0.2357370853424072,0.5840712410407397,0,0.3834322392940521,0.0,0.0,0.0,0.0544509962201118,0.0,1.1343034505844116,0.0,0.9460405111312866,0.3232871890068054,2.00234055519104,0.0,0.3479893505573272,0.5483877658843994,0.1007481291890144,0.0,0.769040584564209,0.5637984871864319,0.0,0.2940147519111633,1.226256012916565,0.8258132934570312,0.4981187880039215,0.0,1.3142969608306885,0.6176657676696777,0.7053477764129639,0.0,1.351121425628662,0.0,0.0,0.0,0.2990506589412689,0.4472103416919708,0.0,0.5454923510551453,0.0,0.0,1.4664539098739624,1.0934864282608032,1.3326882123947144,0.0,0.1574445515871048,1.1262547969818115,1.1952532529830933,1.2024377584457395,0.6059616208076477,0.0,0.0,1.034090518951416,0.2656010389328003,0.0,0.9201639890670776,0.0,0.681440532207489,1.1171165704727173,0.0,0.0265962332487106,1.6763458251953125,0.0,0.7754817008972168,0.3957497179508209,0.5982738137245178,0.0
final_train_00359,final_train,C4,230,late,2,late,0.4268639589376045,0.6364235877990723,0.0217060483992099,0.063207596540451,0.915086269378662,0.0849137306213378,0.3084589145241765,0,0.3155667185783386,0.0,0.0,0.0,0.0,0.0,1.40381121635437,0.0,0.5190228223800659,0.3959867358207702,2.1940293312072754,0.0,0.0811502337455749,0.3229241967201233,0.0,0.0,0.9949601292610168,0.268415629863739,0.0,0.6384615898132324,1.4737178087234497,0.5466881394386292,0.619275689125061,0.0,1.642836570739746,0.8745118379592896,0.8502362966537476,0.0,1.6011035442352295,0.0,0.0,0.0,0.3190867006778717,0.6733626127243042,0.0,0.7568576335906982,0.0,0.0,1.466614842414856,1.3933618068695068,1.2673259973526,0.0,0.11017407476902,0.7818982601165771,1.472669243812561,0.8343861103057861,0.3012581467628479,0.0,0.0,1.117650270462036,0.0034303814172744,0.0,1.1396311521530151,0.0,0.8471649885177612,0.8721253275871277,0.101974681019783,0.2877922654151916,2.040477514266968,0.0,0.723060667514801,0.6135561466217041,0.9547836184501648,0.0
final_train_00360,final_train,C4,231,late,2,late,0.4318462212495231,0.6649714112281799,0.0153352348133921,0.0266606416553258,0.9580039978027344,0.0419960021972656,0.1836856824543269,0,0.2320522218942642,0.0,0.0,0.0,0.0,0.0,1.6019299030303955,0.0,0.2107781022787094,0.4121152460575104,2.324611186981201,0.0,0.0,0.1720660626888275,0.0,0.0,1.1436800956726074,0.084013245999813,0.0,0.8990142345428467,1.6240724325180054,0.3503888249397278,0.7068803906440735,0.0,1.8644989728927608,1.0658513307571411,0.9529528617858888,0.0,1.765550136566162,0.0,0.0,0.0,0.333213597536087,0.8332751393318176,0.0,0.9244956970214844,0.0,0.0,1.4789049625396729,1.589403748512268,1.2145472764968872,0.0,0.0716422274708747,0.5458381772041321,1.6940523386001587,0.5582807660102844,0.0910112261772155,0.0,0.0,1.185654878616333,0.0,0.0,1.2735213041305542,0.0,0.9723373651504515,0.6457884907722473,0.2890899181365967,0.5188114047050476,2.323392868041992,0.0,0.6888646483421326,0.7845571637153625,1.2398935556411743,0.0
final_train_00361,final_train,C4,232,late,2,late,0.4369278752029013,0.684587299823761,0.0123534556478261,0.0150050902739167,0.9726415276527404,0.0273584723472595,0.1313215586108303,0,0.1124337464570999,0.0,0.0,0.0,0.0,0.0,1.7251724004745483,0.0,0.0,0.3830462396144867,2.378093242645264,0.0,0.0,0.074762687087059,0.0,0.0,1.235926866531372,0.0,0.0,1.0918604135513306,1.700979471206665,0.1936183273792266,0.7637161016464233,0.0,1.981309175491333,1.1742832660675049,1.020513892173767,0.0,1.8518240451812744,0.0,0.0,0.0,0.3590417206287384,0.939351201057434,0.0,1.0328526496887207,0.0,0.0,1.463837504386902,1.677623987197876,1.186758041381836,0.0,0.0425487756729126,0.3978504836559295,1.8532698154449463,0.3410517573356628,0.0,0.0,0.0,1.2415075302124023,0.0,0.0,1.335428237915039,0.0,1.0643705129623413,0.4555274248123169,0.4595971405506134,0.7172348499298096,2.51556134223938,0.0,0.6403126120567322,0.8705434203147888,1.452666163444519,0.0
final_train_00362,final_train,C4,233,late,2,late,0.4421077590908769,0.6968671083450317,0.0103863952681422,0.0099048102274537,0.9797088503837584,0.0202911496162414,0.1030657478251676,0,0.0,0.0,0.0,0.1013056188821792,0.0,0.0,1.8167815208435056,0.0,0.0,0.3350685238838196,2.3841114044189453,0.0,0.0,0.0,0.0,0.0,1.3129537105560305,0.0,0.0,1.232789158821106,1.736956000328064,0.0519018918275833,0.8025409579277039,0.0,2.0621724128723145,1.2687147855758667,1.0736770629882812,0.0,1.9224499464035036,0.0,0.0,0.0,0.3769019842147827,1.0129437446594238,0.0,1.1177457571029663,0.0,0.0,1.428515076637268,1.718566656112671,1.180966854095459,0.0,0.0093022743239998,0.2831931412220001,1.9750787019729612,0.1454470455646515,0.0,0.0,0.0,1.2972674369812012,0.0,0.0,1.348088026046753,0.0,1.1360344886779783,0.2866320610046386,0.6356775760650635,0.9190895557403564,2.6710612773895264,0.0,0.5806161165237427,0.9230036735534668,1.618048906326294,0.0
final_train_00363,final_train,C4,234,late,2,late,0.4473846468646302,0.7047369480133057,0.0095514673739671,0.0080954637378454,0.9823530316352844,0.0176469683647155,0.0918487820933545,0,0.0,0.0,0.0,0.1708262264728546,0.0,0.0,1.863492488861084,0.0,0.0,0.2899487912654876,2.365034341812134,0.0,0.0,0.0,0.0,0.0,1.3594956398010254,0.0,0.0,1.2987518310546875,1.7488291263580322,0.0,0.8275063633918762,0.0,2.097776412963867,1.328986644744873,1.1033334732055664,0.0,1.9585764408111568,0.0,0.0,0.0,0.380460113286972,1.0364868640899658,0.0,1.163701415061951,0.0,0.0,1.4001251459121704,1.7281476259231567,1.17846941947937,0.0,0.0,0.2128040790557861,2.039348602294922,0.0245710238814353,0.0,0.0,0.0,1.339160680770874,0.0,0.0,1.3376717567443848,0.0,1.182664155960083,0.1880212575197219,0.7551218271255493,1.049070954322815,2.76030707359314,0.0,0.5199272036552429,0.9370536208152772,1.706594467163086,0.0
final_train_00364,final_train,C4,235,late,2,late,0.4527572494549119,0.7108012437820435,0.0089783165603876,0.0070888041518628,0.9839329719543456,0.0160670280456542,0.0849578452565867,0,0.0,0.0,0.0,0.2348625659942627,0.0,0.0,1.897205471992493,0.0,0.0,0.2545554339885711,2.3412232398986816,0.0,0.0,0.0,0.0,0.0,1.3992574214935305,0.0,0.0,1.3468172550201416,1.7548748254776,0.0,0.8509885668754578,0.0,2.1256208419799805,1.372187614440918,1.1278982162475586,0.0,1.9910318851470947,0.0,0.0,0.0,0.382778525352478,1.059841871261597,0.0,1.202168583869934,0.0,0.0,1.373885154724121,1.7302290201187134,1.1743154525756836,0.0,0.0,0.1563214361667633,2.0851528644561768,0.0,0.0,0.0,0.0,1.3731942176818848,0.0,0.0,1.324581503868103,0.0,1.2237772941589355,0.1206123381853103,0.8513753414154053,1.147068977355957,2.81850528717041,0.0,0.4732532203197479,0.9449350237846376,1.7731856107711792,0.0
final_train_00365,final_train,C4,236,late,2,late,0.4582242160935731,0.715178906917572,0.0085808625444769,0.0064204093068838,0.9849986433982848,0.015001356601715,0.0802192855972263,0,0.0,0.0,0.0,0.2928565442562103,0.0,0.0,1.9215154647827148,0.0,0.0,0.2260869145393371,2.3117306232452397,0.0,0.0,0.0,0.0,0.0,1.4282505512237549,0.0,0.0,1.3800629377365112,1.758378028869629,0.0,0.8719980716705322,0.0,2.149627685546875,1.406099796295166,1.1529901027679443,0.0,2.016291379928589,0.0,0.0,0.0,0.3819266855716705,1.0800858736038208,0.0,1.230321168899536,0.0,0.0,1.3484418392181396,1.7313522100448608,1.1684154272079468,0.0,0.0,0.1051616743206977,2.115418672561645,0.0,0.0,0.0,0.0,1.4030394554138184,0.0,0.0,1.31238055229187,0.0,1.2533003091812134,0.0719401240348815,0.930655837059021,1.2229828834533691,2.862033605575561,0.0,0.4335619509220123,0.9540323615074158,1.8256510496139529,0.0
final_train_00366,final_train,C4,237,late,2,late,0.4637841353047116,0.7171430587768555,0.0084089487791061,0.0061545805074274,0.9854364991188048,0.014563500881195,0.0782523570339699,0,0.0,0.0,0.0,0.318177193403244,0.0,0.0,1.9330198764801023,0.0,0.0,0.2093039602041244,2.301045179367065,0.0,0.0,0.0,0.0,0.0,1.4400429725646973,0.0,0.0,1.3933898210525513,1.762056589126587,0.0,0.8813155889511108,0.0,2.159170866012573,1.4192322492599487,1.1625970602035522,0.0,2.0284128189086914,0.0,0.0,0.0,0.3829425275325775,1.091288685798645,0.0,1.2450511455535889,0.0,0.0,1.3365849256515503,1.733057141304016,1.163900375366211,0.0,0.0,0.0847426950931549,2.128679752349853,0.0,0.0,0.0,0.0,1.4164934158325195,0.0,0.0,1.3093830347061155,0.0,1.2654799222946167,0.0531948655843734,0.9612479209899902,1.2563117742538452,2.8795065879821777,0.0,0.4203509092330932,0.9554861187934875,1.849676251411438,0.0
final_train_00367,final_train,C4,238,late,2,late,0.4694355362262025,0.7196655869483948,0.0082228407263755,0.0058875465765595,0.9858896732330322,0.0141103267669677,0.0762042230691466,0,0.0,0.0,0.0,0.3480006754398346,0.0,0.0,1.943414330482483,0.0,0.0,0.1904742121696472,2.28750991821289,0.0,0.0,0.0,0.0,0.0,1.4513945579528809,0.0,0.0,1.4110734462738037,1.7613199949264526,0.0,0.8919944763183594,0.0,2.1685421466827397,1.4332541227340698,1.1714683771133425,0.0,2.048090696334839,0.0098640546202659,0.0,0.0,0.3795882165431976,1.1031758785247805,0.0,1.2638020515441897,0.0,0.0,1.3269869089126587,1.7324939966201782,1.1574575901031494,0.0,0.0,0.0617820210754871,2.14505934715271,0.0,0.0,0.0,0.0,1.4337801933288574,0.0,0.0,1.3033281564712524,0.0,1.2837049961090088,0.0351854749023914,1.0042083263397217,1.2936246395111084,2.894721269607544,0.0,0.4079240560531616,0.954210877418518,1.8741098642349243,0.0
final_train_00368,final_train,C4,239,late,2,late,0.4751768900964172,0.7215225100517273,0.0080942073836922,0.0056963004171848,0.9862094521522522,0.0137905478477478,0.0747486226887811,0,0.0,0.0,0.0,0.368624210357666,0.0,0.0,1.950475096702576,0.0,0.0,0.1739121824502945,2.277046203613281,0.0,0.0,0.0,0.0,0.0,1.460383415222168,0.0,0.0,1.4232258796691897,1.762052297592163,0.0,0.8994655609130859,0.0,2.175997257232666,1.4465117454528809,1.1783924102783203,0.0,2.06374740600586,0.0225198939442634,0.0,0.0,0.3760419487953186,1.1127679347991943,0.0,1.2781509160995483,0.0,0.0,1.3208047151565552,1.732789397239685,1.1532078981399536,0.0,0.0,0.0443006083369255,2.1554818153381348,0.0,0.0,0.0,0.0,1.448338270187378,0.0,0.0,1.2977999448776243,0.0,1.296134114265442,0.0205042921006679,1.038695216178894,1.323358416557312,2.907388687133789,0.007127109915018,0.3972287476062774,0.9545104503631592,1.890775680541992,0.0
final_train_00369,final_train,C4,240,late,2,late,0.4810066112453712,0.7230689525604248,0.0080058332532644,0.0055547417141497,0.9864394664764404,0.0135605335235595,0.0736960246286685,0,0.0,0.0,0.0,0.3860816657543182,0.0,0.0,1.955067038536072,0.0,0.0,0.159083753824234,2.267542839050293,0.0,0.0,0.0,0.0,0.0,1.4662039279937744,0.0,0.0,1.4373453855514526,1.7572487592697144,0.0,0.9051088690757751,0.0,2.182860851287842,1.4519672393798828,1.1836068630218506,0.0,2.077710628509521,0.0307288393378257,0.0,0.0,0.3745739758014679,1.1233124732971191,0.0,1.2915077209472656,0.0,0.0,1.315216064453125,1.7310179471969604,1.1442652940750122,0.0,0.0,0.0328817293047905,2.165219783782959,0.0,0.0,0.0,0.0,1.4600677490234375,0.0,0.0,1.293895959854126,0.0,1.3068733215332031,0.0094910822808742,1.06791889667511,1.347714900970459,2.9153404235839844,0.013704128563404,0.392230361700058,0.9545041918754578,1.9033470153808596,0.0
final_train_00370,final_train,C4,241,late,2,late,0.4869230586640404,0.7242065668106079,0.0079427305608987,0.0054548890329897,0.9866024255752563,0.0133975744247436,0.0729476992883402,0,0.0,0.0,0.0,0.3992625474929809,0.0,0.0,1.9581276178359983,0.0,0.0,0.1479414999485016,2.260002613067627,0.0,0.0,0.0,0.0,0.0,1.4693491458892822,0.0,0.0,1.448444962501526,1.7531249523162842,0.0,0.9080889821052552,0.0,2.187306880950928,1.4562584161758425,1.1865755319595337,0.0,2.0884227752685547,0.0359215959906578,0.0,0.0,0.3703863620758056,1.1324167251586914,0.0,1.3004008531570437,0.0,0.0,1.3138736486434937,1.7317551374435425,1.1381897926330566,0.0,0.0,0.0242803581058979,2.173572301864624,0.0,0.0,0.0,0.0,1.468473196029663,0.0,0.0,1.2903218269348145,0.0,1.312996506690979,0.001509815454483,1.0923243761062622,1.3667254447937012,2.919354200363159,0.016542050987482,0.3922538757324219,0.9556546807289124,1.9095667600631716,0.0
final_train_00371,final_train,C4,242,late,2,late,0.4929245374910805,0.7249111533164978,0.0079019190743565,0.005389048717916,0.9867089986801147,0.0132910013198852,0.072456662283125,0,0.0,0.0,0.0,0.408990204334259,0.0,0.0,1.9603670835494995,0.0,0.0,0.1391000151634216,2.2538836002349854,0.0,0.0,0.0,0.0,0.0,1.471353530883789,0.0,0.0,1.4562982320785522,1.750003695487976,0.0,0.9106999039649964,0.0,2.190269470214844,1.4597737789154053,1.1880820989608765,0.0,2.095642328262329,0.0406369492411613,0.0,0.0,0.3677937090396881,1.1400532722473145,0.0,1.3070024251937866,0.0,0.0,1.31152081489563,1.7309370040893557,1.132892608642578,0.0,0.0,0.0168403014540672,2.1779978275299072,0.0,0.0,0.0,0.0,1.474411964416504,0.0,0.0,1.2881096601486206,0.0,1.3184751272201538,0.0,1.110207438468933,1.380071997642517,2.9216437339782715,0.0180386900901794,0.389968603849411,0.9553932547569276,1.916694402694702,0.0
final_train_00372,final_train,C4,243,late,2,late,0.4990093000039756,0.7256184220314026,0.0078549953177571,0.0053322301246225,0.9868127703666688,0.0131872296333312,0.0719806062977912,0,0.0,0.0,0.0,0.4176543056964874,0.0,0.0,1.9618278741836548,0.0,0.0,0.132523238658905,2.2500407695770264,0.0,0.0,0.0,0.0,0.0,1.4731152057647705,0.0,0.0,1.4627256393432615,1.748562932014465,0.0,0.913773775100708,0.0,2.193237066268921,1.4619733095169067,1.189897894859314,0.0,2.102529764175415,0.0455117151141166,0.0,0.0,0.3654097616672516,1.145589828491211,0.0,1.3133395910263062,0.0,0.0,1.3110666275024414,1.730603575706482,1.1287847757339478,0.0,0.0,0.0095117529854178,2.181769609451294,0.0,0.0,0.0,0.0,1.4803025722503662,0.0,0.0,1.2875149250030518,0.0,1.3239314556121826,0.0,1.124987244606018,1.389570713043213,2.923790454864502,0.0192963406443595,0.3886489272117615,0.9548535346984864,1.922829747200012,0.0
final_train_00373,final_train,C4,244,late,2,late,0.505175547683926,0.7259002923965454,0.0078509151935577,0.005306513980031,0.9868425726890564,0.0131574273109436,0.0718403855793349,0,0.0,0.0,0.0,0.4238733947277069,0.0,0.0,1.9621614217758176,0.0,0.0,0.1282875686883926,2.2447993755340576,0.0,0.0,0.0,0.0,0.0,1.472724437713623,0.0,0.0,1.4692506790161133,1.743086338043213,0.0,0.9135987758636476,0.0,2.1942503452301025,1.4622375965118408,1.1896119117736816,0.0,2.106828451156616,0.0475335046648979,0.0,0.0,0.3632882535457611,1.1518800258636477,0.0,1.316360592842102,0.0,0.0,1.308989405632019,1.7284010648727417,1.1243129968643188,0.0,0.0,0.0054379664361476,2.1841111183166504,0.0,0.0,0.0,0.0,1.482447862625122,0.0,0.0,1.2851717472076416,0.0,1.3270543813705444,0.0,1.137681484222412,1.397192120552063,2.92214035987854,0.0176440328359603,0.3885649442672729,0.9538938999176024,1.9268715381622317,0.0
final_train_00374,final_train,C4,245,late,2,late,0.5114214322895921,0.7261255383491516,0.0078371604904532,0.005294534843415,0.9868682622909546,0.0131317377090454,0.0717229042722243,0,0.0,0.0,0.0,0.4263631105422973,0.0,0.0,1.9623231887817385,0.0,0.0,0.1258875727653503,2.2447550296783447,0.0,0.0,0.0,0.0,0.0,1.4714324474334717,0.0,0.0,1.4719606637954712,1.7415118217468262,0.0,0.915401816368103,0.0,2.1965651512146,1.460692048072815,1.1883949041366575,0.0,2.1078338623046875,0.0487434640526771,0.0,0.0,0.3608081340789795,1.1553905010223389,0.0,1.3176034688949585,0.0,0.0,1.3120980262756348,1.7299673557281494,1.1230709552764893,0.0,0.0,0.0036424938589334,2.184786081314087,0.0,0.0,0.0,0.0,1.483234405517578,0.0,0.0,1.2877048254013062,0.0,1.329348921775818,0.0,1.1424005031585691,1.3989365100860596,2.9192285537719727,0.0148071758449077,0.3914396166801452,0.9544338583946228,1.926732301712036,0.0
final_train_00375,final_train,C4,246,late,2,late,0.5177450572612186,0.7263266444206238,0.0078339679166674,0.0052734799683094,0.9868925213813782,0.0131074786186218,0.0716086104161523,0,0.0,0.0,0.0,0.4286023080348968,0.0,0.0,1.9615514278411863,0.0,0.0,0.1213006153702735,2.2401540279388428,0.0,0.0,0.0,0.0,0.0,1.4717247486114502,0.0,0.0,1.475528359413147,1.7393765449523926,0.0,0.9138936400413512,0.0,2.197089910507202,1.4658056497573853,1.1895796060562134,0.0,2.112634658813477,0.0512676611542701,0.0,0.0,0.3599441349506378,1.1579999923706057,0.0,1.3205326795578003,0.0,0.0,1.3087705373764038,1.7266905307769775,1.1211603879928589,0.0,0.0,0.0011747572571039,2.185403823852539,0.0,0.0,0.0,0.0,1.4874730110168457,0.0,0.0,1.2827051877975464,0.0,1.3316154479980469,0.0,1.1524126529693604,1.4061901569366455,2.921417474746704,0.0167495533823966,0.3863321542739868,0.9530963897705078,1.9303797483444212,0.0
final_train_00376,final_train,C4,247,late,2,late,0.5241444796203328,0.7262448668479919,0.0078491801396012,0.0052788620814681,0.9868719577789308,0.0131280422210693,0.0717011550052437,0,0.0,0.0,0.0,0.4298015236854553,0.0,0.0,1.960343599319458,0.0,0.0,0.1224604398012161,2.237611770629883,0.0,0.0,0.0,0.0,0.0,1.4705157279968262,0.0,0.0,1.478584885597229,1.7345317602157593,0.0,0.9118987917900084,0.0,2.197270393371582,1.4649618864059448,1.1893599033355713,0.0,2.1124637126922607,0.0523860529065132,0.0,0.0,0.3586838841438293,1.1607341766357422,0.0,1.3191969394683838,0.0,0.0,1.309054255485535,1.7244070768356323,1.11874520778656,0.0,0.0,0.0010002758353948,2.186164140701294,0.0,0.0,0.0,0.0,1.4872117042541504,0.0,0.0,1.2809785604476929,0.0,1.3319060802459717,0.0,1.1569198369979858,1.4067600965499878,2.9193782806396484,0.0143777877092361,0.3865582346916199,0.9533051252365112,1.9297515153884888,0.0
final_train_00377,final_train,C4,248,late,2,late,0.5306177113738708,0.7260046601295471,0.007870907895267,0.0052946214564144,0.9868344664573668,0.013165533542633,0.0718717582357277,0,0.0,0.0,0.0,0.4276090562343597,0.0,0.0,1.9592819213867188,0.0,0.0,0.1243926361203193,2.236847162246704,0.0,0.0,0.0,0.0,0.0,1.4706006050109863,0.0,0.0,1.478091597557068,1.7319910526275637,0.0,0.909221649169922,0.0,2.196399450302124,1.4650403261184692,1.1888396739959717,0.0,2.1102118492126465,0.0525892749428749,0.0,0.0,0.3581521213054657,1.161102533340454,0.0,1.3165785074234009,0.0,0.0,1.3091775178909302,1.7232071161270142,1.11822772026062,0.0,0.0,0.0026650037616491,2.185748815536499,0.0,0.0,0.0,0.0,1.486222743988037,0.0,0.0,1.2792900800704956,0.0,1.3297454118728638,0.0,1.156470537185669,1.4059423208236694,2.9188551902771,0.0132211297750473,0.3864262104034424,0.9538781642913818,1.926715970039368,0.0
final_train_00378,final_train,C4,249,late,2,late,0.5371627209182999,0.7255823016166687,0.007909582927823,0.0053279078565537,0.9867625832557678,0.0132374167442321,0.0721999707473554,0,0.0,0.0,0.0,0.4222213327884674,0.0,0.0,1.956964612007141,0.0,0.0,0.1288043856620788,2.2381293773651123,0.0,0.0,0.0,0.0,0.0,1.4706087112426758,0.0,0.0,1.474406123161316,1.7322494983673096,0.0,0.9054394960403442,0.0,2.1934731006622314,1.4669498205184937,1.1863712072372437,0.0,2.1059694290161133,0.0526435300707817,0.0,0.0,0.3581161797046661,1.1587308645248413,0.0,1.3130130767822266,0.0,0.0,1.3082311153411863,1.721221923828125,1.1206676959991455,0.0,0.0,0.0032288115471601,2.182143211364746,0.0,0.0,0.0,0.0,1.4836175441741943,0.0,0.0,1.277685046195984,0.0,1.3269083499908447,0.0,1.1517270803451538,1.4008957147598269,2.917187213897705,0.0110028497874736,0.3828142583370209,0.9521566033363342,1.9248054027557373,0.0
final_train_00379,final_train,C4,250,late,2,late,0.5437774349393194,0.7256695628166199,0.0078969029709696,0.0053148516453802,0.986788272857666,0.0132117271423339,0.0720822385132481,0,0.0,0.0,0.0,0.4228120148181915,0.0,0.0,1.957845687866211,0.0,0.0,0.1280277520418167,2.237948179244995,0.0,0.0,0.0,0.0,0.0,1.4729151725769043,0.0,0.0,1.474360466003418,1.7324601411819458,0.0,0.9067496061325072,0.0,2.1943984031677246,1.4675418138504028,1.1876351833343506,0.0,2.1072428226470947,0.0535122230648994,0.0,0.0,0.3588576018810272,1.1600803136825562,0.0,1.3144124746322632,0.0,0.0,1.3069907426834106,1.7203283309936523,1.1215442419052124,0.0,0.0,0.0027346070855855,2.180177927017212,0.0,0.0,0.0,0.0,1.484534502029419,0.0,0.0,1.2781792879104614,0.0,1.3284817934036257,0.0,1.1520036458969116,1.402110576629639,2.91837739944458,0.0106295421719551,0.3801170289516449,0.9523496031761168,1.9261354207992556,0.0
final_train_00380,final_train,C4,251,late,2,late,0.5504597397333891,0.7250235676765442,0.0079541634768247,0.0053533613681793,0.986692488193512,0.013307511806488,0.0725166813080011,0,0.0,0.0,0.0,0.4179830551147461,0.0,0.0,1.9546257257461548,0.0,0.0,0.1314505487680435,2.2364511489868164,0.0,0.0,0.0,0.0,0.0,1.4696853160858154,0.0,0.0,1.4719841480255127,1.7312835454940796,0.0,0.9004517793655396,0.0,2.191768169403076,1.470544457435608,1.1854512691497805,0.0,2.102145910263061,0.0531798526644706,0.0,0.0,0.3597615957260132,1.1582093238830566,0.0,1.3102712631225586,0.0,0.0,1.3033678531646729,1.7172898054122925,1.1226240396499634,0.0,0.0,0.0023636277765035,2.176637649536133,0.0,0.0,0.0,0.0,1.4811420440673828,0.0,0.0,1.2744266986846924,0.0,1.3249181509017944,0.0,1.1490232944488523,1.3985986709594729,2.915590524673462,0.007349245250225,0.3747542202472687,0.9499900341033936,1.9270291328430176,0.0
final_train_00381,final_train,C4,252,late,2,late,0.5572074830248314,0.7250785827636719,0.007939102128148,0.0053683565929532,0.9866926074028016,0.0133073925971984,0.0725217201933664,0,0.0,0.0,0.0,0.4138227105140686,0.0,0.0,1.9558405876159668,0.0,0.0,0.1349803954362869,2.24263596534729,0.0,0.0,0.0,0.0,0.0,1.4724385738372805,0.0,0.0,1.4664459228515625,1.7366992235183716,0.0,0.9044120907783508,0.0,2.189540147781372,1.4670321941375732,1.1850864887237549,0.0,2.100841760635376,0.0492551699280738,0.0,0.0,0.3606559932231903,1.1519286632537842,0.0,1.3093948364257812,0.0,0.0,1.307046890258789,1.720745325088501,1.126657485961914,0.0,0.0,0.0062574464827775,2.17551326751709,0.0,0.0,0.0,0.0,1.479006290435791,0.0,0.0,1.278455376625061,0.0,1.3230271339416504,0.0,1.1374778747558594,1.391431450843811,2.9170663356781006,0.0086064636707305,0.3793348968029022,0.9512912631034852,1.9221705198287964,0.0
final_train_00382,final_train,C4,253,late,2,late,0.5640184757003393,0.7244619727134705,0.0079796323552727,0.0054025137796998,0.9866178631782532,0.0133821368217468,0.0728615906376225,0,0.0,0.0,0.0,0.4084581732749939,0.0,0.0,1.952894687652588,0.0,0.0,0.1386867016553878,2.2433054447174072,0.0,0.0,0.0,0.0,0.0,1.469024658203125,0.0,0.0,1.4628374576568604,1.736725926399231,0.0,0.8993437886238098,0.0,2.188762187957764,1.468377947807312,1.1835572719573977,0.0,2.094612836837769,0.0492286756634712,0.0,0.0,0.3624457716941833,1.1495871543884275,0.0,1.305569767951965,0.0,0.0,1.3059210777282717,1.7193549871444702,1.1273701190948486,0.0,0.0,0.0075518591329455,2.1727454662323,0.0,0.0,0.0,0.0,1.4764947891235352,0.0,0.0,1.2768393754959106,0.0,1.3180601596832275,0.0,1.1327996253967283,1.3863245248794556,2.917564392089844,0.0065642520785331,0.3762268424034118,0.9505667090415956,1.9215317964553835,0.0
final_train_00383,final_train,C4,254,late,2,late,0.570890493295697,0.7249974012374878,0.0079294703900814,0.005370695143938,0.9866998195648192,0.0133001804351806,0.0724906052457809,0,0.0,0.0,0.0,0.4117955863475799,0.0,0.0,1.9564160108566284,0.0,0.0,0.1353524774312973,2.24534273147583,0.0,0.0,0.0,0.0,0.0,1.4727916717529297,0.0,0.0,1.4644556045532229,1.7382216453552246,0.0,0.906031608581543,0.0,2.1903648376464844,1.4642268419265747,1.1857019662857056,0.0,2.099506139755249,0.0474799051880836,0.0,0.0,0.3623594641685486,1.1499340534210205,0.0,1.3097950220108032,0.0,0.0,1.3075335025787354,1.722997784614563,1.1271774768829346,0.0,0.0,0.0086256600916385,2.1745355129241943,0.0,0.0,0.0,0.0,1.478846549987793,0.0,0.0,1.2810938358306885,0.0,1.320396065711975,0.0,1.1320174932479858,1.3888044357299805,2.9196460247039795,0.009243082255125,0.3821679055690765,0.9530878663063048,1.920321583747864,0.0
final_train_00384,final_train,C4,255,late,2,late,0.5778212777302862,0.7246129512786865,0.0079619800671935,0.0053991572931408,0.9866389036178588,0.0133610963821411,0.0727682254494338,0,0.0,0.0,0.0,0.4079132974147796,0.0,0.0,1.9551851749420168,0.0,0.0,0.137949138879776,2.2467565536499023,0.0,0.0,0.0,0.0,0.0,1.4709923267364502,0.0,0.0,1.4607305526733398,1.738854169845581,0.0,0.903019368648529,0.0,2.188475608825684,1.4641910791397097,1.1833144426345823,0.0,2.094460248947144,0.0464711412787437,0.0,0.0,0.3624215722084045,1.147728681564331,0.0,1.3073785305023191,0.0,0.0,1.3071624040603638,1.723402500152588,1.1265642642974854,0.0,0.0,0.0096018156036734,2.173434019088745,0.0,0.0,0.0,0.0,1.4761998653411863,0.0,0.0,1.2802023887634275,0.0,1.315376877784729,0.0,1.126967191696167,1.3851430416107178,2.919801712036133,0.008479043841362,0.3826062977313995,0.952086627483368,1.918415904045105,0.0
final_train_00385,final_train,C4,256,late,2,late,0.5848085390415947,0.7251819372177124,0.007919555529952,0.0053687216714024,0.9867116212844848,0.0132883787155151,0.0724377749402685,0,0.0,0.0,0.0,0.4129762649536133,0.0,0.0,1.9571645259857176,0.0,0.0,0.137163296341896,2.248840808868408,0.0,0.0,0.0,0.0,0.0,1.4723472595214844,0.0,0.0,1.4653940200805664,1.7373851537704468,0.0,0.908364713191986,0.0,2.191175937652588,1.4586424827575684,1.1835616827011108,0.0,2.096381187438965,0.0468789264559745,0.0,0.0,0.3608655035495758,1.1512905359268188,0.0,1.3106564283370972,0.0,0.0,1.3114827871322632,1.7256808280944824,1.1231073141098022,0.0,0.0,0.0075038904324173,2.1773769855499268,0.0,0.0,0.0,0.0,1.4773054122924805,0.0,0.0,1.2852810621261597,0.0,1.3190065622329712,0.0,1.1300890445709229,1.3861448764801023,2.9193308353424072,0.0074375420808792,0.3891161382198334,0.953485369682312,1.9186265468597408,0.0
final_train_00386,final_train,C4,257,late,2,late,0.5918499572023178,0.7254933714866638,0.007894467562437,0.0053487955592572,0.9867568016052246,0.0132431983947753,0.0722328082748639,0,0.0,0.0,0.0,0.4108488261699676,0.0,0.0,1.9564117193222048,0.0,0.0,0.1317110210657119,2.2506394386291504,0.0,0.0,0.0,0.0,0.0,1.4710807800292969,0.0,0.0,1.463668704032898,1.7463276386260986,0.0,0.9058838486671448,0.0,2.1896252632141118,1.468146800994873,1.1837024688720703,0.0,2.101823091506958,0.0476616695523262,0.0,0.0,0.3594833016395569,1.1494648456573486,0.0,1.3151569366455078,0.0,0.0,1.3109588623046875,1.726137399673462,1.1295830011367798,0.0,0.0,0.0045443717390298,2.1750829219818115,0.0,0.0,0.0,0.0,1.4818873405456543,0.0,0.0,1.282124400138855,0.0,1.3200722932815552,0.0,1.1332179307937622,1.3903647661209106,2.921663284301758,0.0082183182239532,0.382865309715271,0.9496999979019164,1.9237616062164309,0.0
final_train_00387,final_train,C4,258,late,2,late,0.5989431836070794,0.7259268760681152,0.0078866770491003,0.0053360774181783,0.9867772459983826,0.0132227540016174,0.0721382020153134,0,0.0,0.0,0.0,0.4179133772850036,0.0,0.0,1.9587128162384035,0.0,0.0,0.1318320035934448,2.2476158142089844,0.0,0.0,0.0,0.0,0.0,1.4717626571655271,0.0,0.0,1.4719750881195068,1.7355897426605225,0.0,0.909643054008484,0.0,2.191822290420532,1.456645131111145,1.1850857734680176,0.0,2.1034529209136963,0.0477215275168418,0.0,0.0,0.3581132292747497,1.1554850339889526,0.0,1.316572904586792,0.0,0.0,1.3139220476150513,1.7249027490615845,1.117815017700195,0.0,0.0,0.007373665459454,2.182689905166626,0.0,0.0,0.0,0.0,1.4815459251403809,0.0,0.0,1.2842309474945068,0.0,1.3219183683395386,0.0,1.138145923614502,1.393651843070984,2.920668840408325,0.0094554014503955,0.3942971527576446,0.9527912735939026,1.9195399284362795,0.0
final_train_00388,final_train,C4,259,late,2,late,0.6060858430547267,0.7261475920677185,0.0078628584742546,0.0053279562853276,0.9868091344833374,0.0131908655166625,0.0719949294820328,0,0.0,0.0,0.0,0.4176374077796936,0.0,0.0,1.9591858386993408,0.0,0.0,0.1299441009759903,2.248717784881592,0.0,0.0,0.0,0.0,0.0,1.4718017578125,0.0,0.0,1.4730559587478638,1.734042048454285,0.0,0.9101495742797852,0.0,2.192917585372925,1.4539649486541748,1.1867541074752808,0.0,2.10518479347229,0.047389693558216,0.0,0.0,0.3582858741283417,1.1555626392364502,0.0,1.3168864250183103,0.0,0.0,1.3188856840133667,1.7265665531158447,1.115711331367493,0.0,0.0,0.0114579778164625,2.1864171028137207,0.0,0.0,0.0,0.0,1.4837677478790283,0.0,0.0,1.2852188348770142,0.0,1.3214576244354248,0.0,1.1399387121200562,1.395018458366394,2.9234938621521,0.0103666447103023,0.4000392556190491,0.9555165767669678,1.914470911026001,0.0
final_train_00389,final_train,C4,260,late,2,late,0.6132755353176444,0.726279616355896,0.0078645534813404,0.0053244614973664,0.9868109822273254,0.0131890177726745,0.0719857265648852,0,0.0,0.0,0.0,0.4186310768127441,0.0,0.0,1.9585986137390137,0.0,0.0,0.1292874962091446,2.24764347076416,0.0,0.0,0.0,0.0,0.0,1.469080686569214,0.0,0.0,1.4749971628189087,1.733452558517456,0.0,0.9093809127807616,0.0,2.1935484409332275,1.455398678779602,1.1864851713180542,0.0,2.1064887046813965,0.0483625009655952,0.0,0.0,0.356750875711441,1.1571546792984009,0.0,1.3178991079330444,0.0,0.0,1.3196080923080444,1.7250425815582275,1.1147773265838623,0.0,0.0,0.0099381785839796,2.186923027038574,0.0,0.0,0.0,0.0,1.4844415187835691,0.0,0.0,1.2843635082244873,0.0,1.323461413383484,0.0,1.143332839012146,1.3965296745300293,2.9221012592315674,0.0095961913466453,0.3990476429462433,0.9539434909820556,1.9165691137313845,0.0
final_train_00390,final_train,C4,261,late,2,late,0.6205098370414552,0.7266001105308533,0.0078075588680803,0.005288413260132,0.9869040250778198,0.0130959749221801,0.0715633893022682,0,0.0,0.0,0.0,0.4217309951782226,0.0,0.0,1.96117639541626,0.0,0.0,0.1263415515422821,2.2489006519317627,0.0,0.0,0.0,0.0,0.0,1.4704203605651855,0.0,0.0,1.4745070934295654,1.7380152940750122,0.0,0.9136955738067628,0.0,2.1969664096832275,1.454375386238098,1.1911652088165283,0.0,2.109130859375,0.0489494577050209,0.0,0.0,0.3588999807834625,1.1568915843963623,0.0,1.3207294940948486,0.0,0.0,1.3214263916015625,1.7287795543670654,1.1157490015029907,0.0,0.0,0.0098376674577593,2.1889944076538086,0.0,0.0,0.0,0.0,1.48866868019104,0.0,0.0,1.2879126071929932,0.0,1.3239734172821045,0.0,1.1427031755447388,1.398018479347229,2.92816162109375,0.013325497508049,0.401783138513565,0.9572548270225524,1.9179116487503047,0.0
final_train_00391,final_train,C4,262,late,2,late,0.6277863034795255,0.7266354560852051,0.0078080515377223,0.0052968761883676,0.9868952035903932,0.0131047964096069,0.0716057078011639,0,0.0,0.0,0.0,0.4221570789813995,0.0,0.0,1.961589217185974,0.0,0.0,0.1290024369955063,2.24932074546814,0.0,0.0,0.0,0.0,0.0,1.4706954956054688,0.0,0.0,1.4751478433609009,1.735355019569397,0.0,0.9136465191841124,0.0,2.196881055831909,1.449945330619812,1.1923898458480835,0.0,2.108546495437622,0.0481701120734214,0.0,0.0,0.3586228489875793,1.1564632654190063,0.0,1.319615602493286,0.0,0.0,1.3236907720565796,1.7291110754013062,1.1133354902267456,0.0,0.0,0.0142315011471509,2.1922311782836914,0.0,0.0,0.0,0.0,1.488128900527954,0.0,0.0,1.288050413131714,0.0,1.322285532951355,0.0,1.1402978897094729,1.396843671798706,2.9293770790100098,0.0155550800263881,0.4067234694957733,0.9589751958847046,1.912827968597412,0.0
final_train_00392,final_train,C4,292,late,2,late,0.853176624903484,0.7328624725341797,0.0078161330893635,0.0048577385023236,0.9873260855674744,0.0126739144325256,0.0695348140795628,0,0.0,0.0,0.0665903538465499,0.4686359763145447,0.0,0.127987653017044,1.978867053985596,0.0,0.0,0.0,2.204368829727173,0.0,0.0,0.0,0.0,0.0,1.4654760360717771,0.0,0.0,1.5862354040145874,1.746792554855347,0.0,0.940841794013977,0.0,2.195281505584717,1.489970564842224,1.189250349998474,0.0,2.295391082763672,0.0345352813601493,0.0,0.0,0.323954701423645,1.23847496509552,0.0,1.4197107553482056,0.0,0.0,1.31242573261261,1.7045304775238037,1.1562830209732056,0.0,0.0275755003094673,0.008242611773312,2.152111291885376,0.0,0.0,0.0,0.0,1.5336453914642334,0.0,0.0,1.2581589221954346,0.0,1.4167265892028809,0.0,1.3202334642410278,1.56630539894104,2.863852977752685,0.0,0.3821378648281097,0.9469818472862244,1.9666789770126345,0.0
final_train_00393,final_train,C4,293,late,2,late,0.8605125230752216,0.7325828671455383,0.0078260172158479,0.004870668053627,0.9873031973838806,0.0126968026161193,0.0696409358537166,0,0.0,0.0,0.0682451874017715,0.4670375883579254,0.0,0.1244246363639831,1.9769093990325928,0.0,0.0,0.0,2.205363273620605,0.0,0.0,0.0,0.0,0.0,1.4618265628814695,0.0,0.0,1.5845712423324585,1.7467420101165771,0.0,0.9382238984107972,0.0,2.1957461833953857,1.49092698097229,1.1891368627548218,0.0,2.2908599376678467,0.0356539115309715,0.0,0.0,0.3249664306640625,1.237067699432373,0.0,1.4175686836242676,0.0,0.0,1.3134862184524536,1.7032710313796997,1.1535130739212036,0.0,0.0288781803101301,0.0078422082588076,2.153650283813477,0.0,0.0,0.0,0.0,1.5338129997253418,0.0,0.0,1.256872057914734,0.0,1.4135552644729614,0.0,1.3190650939941406,1.5620708465576172,2.868244409561157,0.0,0.3824667930603027,0.9456036686897278,1.9682735204696653,0.0
final_train_00394,final_train,C4,294,late,2,late,0.8678115294346587,0.7326647043228149,0.0078164022415876,0.0048686638474464,0.9873149394989014,0.0126850605010986,0.0695887972928977,0,0.0,0.0,0.0686769559979438,0.4682922065258026,0.0,0.1245809197425842,1.9781640768051147,0.0,0.0,0.0,2.203953742980957,0.0,0.0,0.0,0.0,0.0,1.4632744789123535,0.0,0.0,1.5840513706207275,1.7461559772491455,0.0,0.9397114515304564,0.0,2.193730354309082,1.490843653678894,1.191167950630188,0.0,2.293004512786865,0.0345164760947227,0.0,0.0,0.3242323398590088,1.2358369827270508,0.0,1.4166152477264404,0.0,0.0,1.3137565851211548,1.7032772302627563,1.1533175706863403,0.0,0.0283673126250505,0.0092164222151041,2.1555700302124023,0.0,0.0,0.0,0.0,1.535292387008667,0.0,0.0,1.2554248571395874,0.0,1.4139208793640137,0.0,1.3188841342926023,1.5618184804916382,2.8704986572265625,0.0017047077417373,0.3848608732223511,0.946338951587677,1.9674152135849,0.0
final_train_00395,final_train,C4,295,late,2,late,0.8750714602372003,0.7325093150138855,0.0078044100664556,0.0048764143139123,0.9873191118240356,0.0126808881759643,0.069573504309723,0,0.0,0.0,0.0675620138645172,0.4681472480297088,0.0,0.1199957132339477,1.9779448509216309,0.0,0.0,0.0,2.204817295074463,0.0,0.0,0.0,0.0,0.0,1.4626672267913818,0.0,0.0,1.5808024406433103,1.7463617324829102,0.0,0.9390659928321838,0.0,2.1937150955200195,1.490209460258484,1.192811131477356,0.0,2.2879068851470947,0.0346241369843483,0.0,0.0,0.3254463970661163,1.2331132888793943,0.0,1.413718581199646,0.0,0.0,1.3142987489700315,1.7039463520050049,1.151649832725525,0.0,0.0273294281214475,0.0089634954929351,2.1586663722991943,0.0,0.0,0.0,0.0,1.5353295803070068,0.0,0.0,1.2557107210159302,0.0,1.4112977981567385,0.0,1.3140382766723633,1.5565803050994873,2.8748133182525635,0.0028801709413528,0.3862712383270263,0.946552038192749,1.9675689935684204,0.0
final_train_00396,final_train,C4,296,late,2,late,0.8822901666761845,0.7326104640960693,0.0077804974280297,0.0048771621659398,0.987342357635498,0.0126576423645019,0.0694716482945124,0,0.0,0.0,0.0653448030352592,0.4702639877796173,0.0,0.1178908497095108,1.9791702032089236,0.0,0.0,0.0,2.2051022052764893,0.0,0.0,0.0,0.0,0.0,1.4639205932617188,0.0,0.0,1.5787684917449951,1.746817946434021,0.0,0.9419723749160768,0.0,2.1927714347839355,1.487748146057129,1.195325255393982,0.0,2.286726474761963,0.0341737493872642,0.0,0.0,0.3258640170097351,1.2299665212631226,0.0,1.412020206451416,0.0,0.0,1.315461039543152,1.704563856124878,1.1506962776184082,0.0,0.0262360721826553,0.0093261115252971,2.1613690853118896,0.0,0.0,0.0,0.0,1.535571575164795,0.0,0.0,1.2565395832061768,0.0,1.411146640777588,0.0,1.309884786605835,1.552051663398743,2.878401517868042,0.0052748583257198,0.3891450464725494,0.9473143219947816,1.9674986600875852,0.0
final_train_00397,final_train,C4,297,late,2,late,0.889465535874026,0.7324385046958923,0.0077669024467468,0.0048932833597064,0.9873398542404176,0.0126601457595825,0.069489586183868,0,0.0,0.0,0.0623799562454223,0.4694593548774719,0.0,0.1110162809491157,1.9774746894836424,0.0,0.0,0.0070908642373979,2.209028959274292,0.0,0.0,0.0,0.0,0.0,1.4606361389160156,0.0,0.0,1.5755863189697266,1.7462660074234009,0.0,0.9417195916175842,0.0,2.1955771446228027,1.482242465019226,1.1962242126464844,0.0,2.276305913925171,0.0357434228062629,0.0,0.0,0.3279009163379669,1.2257320880889893,0.0,1.408378839492798,0.0,0.0,1.3188807964324951,1.7055639028549194,1.1458052396774292,0.0,0.0256054159253835,0.0090604331344366,2.1651546955108643,0.0,0.0,0.0,0.0,1.5336616039276123,0.0,0.0,1.2599155902862549,0.0,1.4063061475753784,0.0,1.3011327981948853,1.5418654680252075,2.88352370262146,0.0054223574697971,0.3927794694900512,0.9480379223823548,1.9667030572891235,0.0
final_train_00398,final_train,C4,298,late,2,late,0.8965954922863433,0.732580304145813,0.0077480673789978,0.0048946854658424,0.987357258796692,0.0126427412033081,0.0694132975950735,0,0.0,0.0,0.0589315965771675,0.4711540937423706,0.0,0.10966707020998,1.9783841371536253,0.0,0.0,0.0122796036303043,2.211315393447876,0.0,0.0,0.0,0.0,0.0,1.4616611003875732,0.0,0.0,1.574628233909607,1.7465122938156128,0.0,0.9452965259552002,0.0,2.195428371429444,1.4776455163955688,1.196458101272583,0.0,2.2732596397399902,0.0355443134903907,0.0,0.0,0.3278053104877472,1.2240841388702393,0.0,1.4072545766830444,0.0,0.0,1.3204283714294434,1.7060166597366333,1.1453503370285034,0.0,0.0243346896022558,0.0081493845209479,2.1652672290802,0.0,0.0,0.0,0.0,1.531599998474121,0.0,0.0,1.263414740562439,0.0,1.4068459272384644,0.0,1.2956420183181765,1.536132574081421,2.883981943130493,0.0042311511933803,0.3953595161437988,0.9480105638504028,1.9673888683319087,0.0
final_train_00399,final_train,C4,299,late,2,late,0.903677998858296,0.732435941696167,0.0077443006448447,0.0048936246894299,0.9873621463775636,0.0126378536224365,0.0693914940736072,0,0.0,0.0,0.0574367120862007,0.4716634750366211,0.0,0.1059003770351409,1.977073311805725,0.0,0.0,0.0164273791015148,2.210019826889038,0.0,0.0,0.0,0.0,0.0,1.4619767665863037,0.0,0.0,1.5745152235031128,1.744077205657959,0.0,0.9448226094245912,0.0,2.196093797683716,1.4766550064086914,1.198037028312683,0.0,2.2692787647247314,0.038503922522068,0.0,0.0,0.327778548002243,1.2240151166915894,0.0,1.4052494764328003,0.0,0.0,1.3196176290512085,1.7040575742721558,1.143336296081543,0.0,0.0227496642619371,0.0052235536277294,2.163769006729126,0.0,0.0,0.0,0.0,1.5315752029418943,0.0,0.0,1.2630473375320437,0.0,1.404633402824402,0.0,1.296221137046814,1.5331532955169678,2.887152910232544,0.0015641115605831,0.39271941781044,0.9490817785263062,1.9690179824829104,0.0
final_train_00400,final_train,C4,300,late,2,late,0.9107110585939012,0.7322887182235718,0.0077467830851674,0.0048905252479016,0.9873627424240112,0.0126372575759887,0.0693874928052821,0,0.0,0.0,0.0604469403624534,0.4734029471874237,0.0,0.1037741601467132,1.9756239652633667,0.0,0.0,0.0192605461925268,2.2088735103607178,0.0,0.0,0.0,0.0,0.0,1.4613900184631348,0.0,0.0,1.5757417678833008,1.7414941787719729,0.0,0.9442179203033448,0.0,2.1977999210357666,1.4762405157089231,1.1989412307739258,0.0,2.2657928466796875,0.0414586886763572,0.0,0.0,0.3273427486419678,1.2257685661315918,0.0,1.4036455154418943,0.0,0.0,1.3201953172683716,1.7028765678405762,1.1415349245071411,0.0,0.0209226291626691,0.0018809828907251,2.1644389629364014,0.0,0.0,0.0,0.0,1.531811237335205,0.0,0.0,1.2635624408721924,0.0,1.4049372673034668,0.0,1.29888117313385,1.5311728715896606,2.8879518508911133,0.0,0.390718549489975,0.9496510028839112,1.9705581665039065,0.0
final_train_00401,final_train,C4,301,late,2,late,0.9176927152993934,0.7320152521133423,0.0077645806595683,0.0049017150886356,0.9873336553573608,0.0126663446426391,0.0695201518047851,0,0.0,0.0,0.0601251199841499,0.4711804986000061,0.0,0.1035834699869155,1.9751642942428589,0.0,0.0,0.0203799046576023,2.2112574577331543,0.0,0.0,0.0,0.0,0.0,1.4602890014648438,0.0,0.0,1.573420524597168,1.74040687084198,0.0,0.9414404034614564,0.0,2.1990959644317627,1.4760642051696775,1.1965539455413818,0.0,2.2597744464874268,0.0418693050742149,0.0,0.0,0.3287140727043152,1.227692723274231,0.0,1.402911901473999,0.0,0.0,1.319178581237793,1.7028096914291382,1.1391383409500122,0.0,0.0213299058377742,0.0003370027989149,2.164177894592285,0.0,0.0,0.0,0.0,1.5307812690734863,0.0,0.0,1.2662224769592283,0.0,1.4027864933013916,0.0,1.294929265975952,1.5283725261688232,2.887668371200561,0.0,0.3905182778835296,0.9477354884147644,1.9723972082138064,0.0
final_train_00402,final_train,C4,302,late,2,late,0.924621055069945,0.731962263584137,0.0077702873386442,0.0048994747921824,0.9873303174972534,0.0126696825027465,0.0695343800436767,0,0.0,0.0,0.0636192187666893,0.470425546169281,0.0,0.1040150374174118,1.9752789735794067,0.0,0.0,0.016969570890069,2.210359573364258,0.0,0.0,0.0,0.0,0.0,1.4605634212493896,0.0,0.0,1.5728905200958252,1.741832613945007,0.0,0.9398131370544434,0.0,2.197809934616089,1.480686068534851,1.1960328817367554,0.0,2.262406587600708,0.040690504014492,0.0,0.0,0.3280441761016845,1.2288050651550293,0.0,1.4030861854553225,0.0,0.0,1.3183681964874268,1.7030389308929443,1.1419949531555176,0.0,0.0212821327149868,0.0009785704314708,2.164478302001953,0.0,0.0,0.0,0.0,1.5320851802825928,0.0,0.0,1.2638661861419678,0.0,1.4039727449417114,0.0,1.297397494316101,1.5313187837600708,2.8867664337158203,0.0,0.3890325129032135,0.9467080235481262,1.972469925880432,0.0
final_train_00403,final_train,C4,303,late,2,late,0.9314942072808134,0.7317551970481873,0.0077853891998529,0.0049007846973836,0.9873138070106506,0.0126861929893493,0.0696073862360825,0,0.0,0.0,0.0682103484869003,0.4694890677928924,0.0,0.1034405156970024,1.974555492401123,0.0,0.0,0.0141689497977495,2.207185745239258,0.0,0.0,0.0,0.0,0.0,1.4591774940490725,0.0,0.0,1.573429822921753,1.7415342330932615,0.0,0.9370941519737244,0.0,2.196431875228882,1.4860574007034302,1.19696843624115,0.0,2.265216112136841,0.0401855483651161,0.0,0.0,0.3272004723548889,1.2300052642822266,0.0,1.4016618728637695,0.0,0.0,1.3175151348114014,1.7013357877731323,1.144239068031311,0.0,0.0213612150400877,0.001924155279994,2.164520502090454,0.0,0.0,0.0,0.0,1.5338561534881592,0.0,0.0,1.25954270362854,0.0,1.4043718576431274,0.0,1.3022910356521606,1.5342360734939575,2.8869872093200684,0.0,0.3865821063518524,0.946828544139862,1.973017930984497,0.0
final_train_00404,final_train,C4,304,late,2,late,0.9383103458262748,0.7315133810043335,0.007797447964549,0.0049049505032598,0.9872976541519164,0.0127023458480834,0.0696805823191884,0,0.0,0.0,0.0708689242601394,0.468100905418396,0.0,0.102031409740448,1.974168419837952,0.0,0.0,0.0123369712382555,2.205894947052002,0.0,0.0,0.0,0.0,0.0,1.4572093486785889,0.0,0.0,1.5719562768936155,1.743245005607605,0.0,0.9337570667266846,0.0,2.195123672485352,1.4920789003372192,1.1970278024673462,0.0,2.265871524810791,0.0392106100916862,0.0,0.0,0.3273310661315918,1.2307950258255005,0.0,1.400299072265625,0.0,0.0,1.3157227039337158,1.6999675035476685,1.1468523740768433,0.0,0.0219810269773006,0.0019797291606664,2.164334297180176,0.0,0.0,0.0,0.0,1.5348756313323977,0.0,0.0,1.2564926147460938,0.0,1.40412700176239,0.0,1.3032801151275637,1.5349308252334597,2.8874354362487797,0.0,0.3837165236473083,0.9450981020927428,1.9759596586227417,0.0
final_train_00405,final_train,C4,305,late,2,late,0.945067690028176,0.7313993573188782,0.0077917450107634,0.0049097607843577,0.9872984290122986,0.0127015709877014,0.0696787783575368,0,0.0,0.0,0.0708242431282997,0.466851532459259,0.0,0.0987468361854553,1.9747045040130613,0.0,0.0,0.0122807854786515,2.205888271331787,0.0,0.0,0.0,0.0,0.0,1.4565346240997314,0.0,0.0,1.5682055950164795,1.7468338012695312,0.0,0.9322624206542968,0.0,2.1931369304656982,1.4961254596710205,1.1975483894348145,0.0,2.265124797821045,0.0372053012251853,0.0,0.0,0.32795250415802,1.2280880212783811,0.0,1.3982667922973633,0.0,0.0,1.3144798278808594,1.7009708881378174,1.149747014045715,0.0,0.0216847043484449,0.0028836112469434,2.1660914421081543,0.0,0.0,0.0,0.0,1.534939527511597,0.0,0.0,1.2546547651290894,0.0,1.4028935432434082,0.0,1.2996463775634766,1.5336412191390991,2.888794422149658,0.0001632310450077,0.383290022611618,0.944263517856598,1.976728439331055,0.0
final_train_00406,final_train,C4,306,late,2,late,0.9517645058748668,0.7310950756072998,0.0077859833836555,0.0049318391829729,0.9872822165489196,0.0127177834510803,0.0697598277774571,0,0.0,0.0,0.0705810785293579,0.4660025238990783,0.0,0.0922727510333061,1.973026990890503,0.0,0.0,0.0207632668316364,2.2088332176208496,0.0,0.0,0.0,0.0,0.0,1.452892541885376,0.0,0.0,1.56515634059906,1.74380362033844,0.0,0.9305866956710817,0.0,2.195226192474365,1.490908980369568,1.1986440420150757,0.0,2.2542970180511475,0.0378234162926673,0.0,0.0,0.3295648097991943,1.224219560623169,0.0,1.3926241397857666,0.0,0.0,1.3197253942489624,1.7026755809783936,1.1429600715637207,0.0,0.0198989696800708,0.004612062126398,2.173421859741211,0.0,0.0,0.0,0.0,1.5336387157440186,0.0,0.0,1.2570425271987915,0.0,1.3972009420394895,0.0,1.2921465635299685,1.5228557586669922,2.894106388092041,0.0011440627276897,0.3903843760490417,0.9460932612419128,1.972848653793335,0.0
final_train_00407,final_train,C4,307,late,2,late,0.9583991068471568,0.7309289574623108,0.0077854455448687,0.0049430867657065,0.98727148771286,0.0127285122871398,0.0698117221930901,0,0.0,0.0,0.0719816535711288,0.4670355021953583,0.0,0.0890159904956817,1.9723608493804927,0.0,0.0,0.0255873706191778,2.2099478244781494,0.0,0.0,0.0,0.0,0.0,1.4509849548339844,0.0,0.0,1.5633314847946167,1.7427279949188232,0.0,0.9302160143852234,0.0,2.196019411087036,1.489173173904419,1.199152946472168,0.0,2.248736619949341,0.0380938872694969,0.0,0.0,0.3305526673793793,1.2217479944229126,0.0,1.3895437717437744,0.0,0.0,1.3215382099151611,1.7031581401824951,1.1397894620895386,0.0,0.0187794100493192,0.0043910108506679,2.1782472133636475,0.0,0.0,0.0,0.0,1.5326275825500488,0.0,0.0,1.2580925226211548,0.0,1.3959258794784546,0.0,1.2883021831512451,1.5168094635009766,2.896336078643799,0.0025808960199356,0.3930937647819519,0.945737898349762,1.9726269245147705,0.0
final_train_00408,final_train,C4,308,late,2,late,0.9649698549920588,0.7310394644737244,0.0077582220546901,0.0049571166746318,0.9872846007347108,0.0127153992652893,0.0697593733961388,0,0.0,0.0,0.0631710961461067,0.4646751582622528,0.0,0.0833288803696632,1.973307728767395,0.0,0.0,0.0313525013625621,2.21445894241333,0.0,0.0,0.0,0.0,0.0,1.4518578052520752,0.0,0.0,1.5576246976852417,1.7479602098464966,0.0,0.932628571987152,0.0,2.193505048751831,1.4869190454483032,1.1990009546279907,0.0,2.2451205253601074,0.034475915133953,0.0,0.0,0.3321928679943084,1.2149434089660645,0.0,1.3874626159667969,0.0,0.0,1.3220032453536987,1.705106258392334,1.1435459852218628,0.0,0.0182336121797561,0.0063731539994478,2.1773364543914795,0.0,0.0,0.0,0.0,1.529449224472046,0.0,0.0,1.259872555732727,0.0,1.393447756767273,0.0,1.2764763832092283,1.508597493171692,2.8984017372131348,0.0040211454033851,0.3951232135295868,0.9452726244926452,1.9720985889434812,0.0
final_train_00409,final_train,C4,309,late,2,late,0.9714751617487428,0.7306915521621704,0.0077895424328744,0.0049746166914701,0.9872358441352844,0.0127641558647155,0.0699817286242307,0,0.0,0.0,0.064284399151802,0.4611730873584747,0.0,0.0821740850806236,1.9701377153396609,0.0,0.0,0.0329912528395652,2.215669870376587,0.0,0.0,0.0,0.0,0.0,1.447571039199829,0.0,0.0,1.558750033378601,1.7473623752593994,0.0,0.9278759360313416,0.0,2.192866086959839,1.4882125854492188,1.196407437324524,0.0,2.242701292037964,0.0345691964030265,0.0,0.0,0.3324999213218689,1.2163594961166382,0.0,1.3862652778625488,0.0,0.0,1.3215423822402954,1.701961636543274,1.144481897354126,0.0,0.0199157502502203,0.0059048645198345,2.173832654953003,0.0,0.0,0.0,0.0,1.5279476642608645,0.0,0.0,1.258177638053894,0.0,1.3910017013549805,0.0,1.2778866291046145,1.5064512491226196,2.8975770473480225,0.0,0.3927644789218902,0.9428168535232544,1.9749659299850464,0.0
final_train_00410,final_train,C4,310,late,2,late,0.977913488939684,0.7303236126899719,0.0078436722978949,0.0049849338829517,0.9871713519096376,0.0128286480903625,0.0702698402890682,0,0.0,0.0,0.0718024149537086,0.460014134645462,0.0,0.0849241614341735,1.9668129682540891,0.0,0.0,0.0302441325038671,2.211341381072998,0.0,0.0,0.0,0.0,0.0,1.4439220428466797,0.0,0.0,1.5629104375839231,1.7422373294830322,0.0,0.9219984412193298,0.0,2.191951036453247,1.4908016920089722,1.1960176229476929,0.0,2.244738817214966,0.0372508987784385,0.0,0.0,0.3312098383903503,1.219589114189148,0.0,1.3862943649291992,0.0,0.0,1.3199591636657717,1.697076678276062,1.140540361404419,0.0,0.0220144111663103,0.005205551162362,2.17319130897522,0.0,0.0,0.0,0.0,1.530146598815918,0.0,0.0,1.2522311210632324,0.0,1.3886929750442505,0.0,1.2884703874588013,1.5115498304367063,2.8988711833953857,0.0,0.390717089176178,0.9415640234947203,1.9759917259216309,0.0
final_train_00411,final_train,C4,311,late,2,late,0.984283349679214,0.730039656162262,0.0078880796208977,0.004996886011213,0.9871150255203248,0.0128849744796752,0.0705226594109164,0,0.0,0.0,0.0758924335241317,0.4556043148040771,0.0,0.0865589529275894,1.9635257720947263,0.0,0.0,0.0269921254366636,2.2100183963775635,0.0,0.0,0.0,0.0,0.0,1.4409990310668943,0.0,0.0,1.5648421049118042,1.739564061164856,0.0,0.9161171317100524,0.0,2.191585063934326,1.4939948320388794,1.1945013999938965,0.0,2.246062755584717,0.0383616462349891,0.0,0.0,0.3313113451004028,1.221564769744873,0.0,1.3876478672027588,0.0,0.0,1.3184596300125122,1.693234086036682,1.1389554738998413,0.0,0.024926682934165,0.0061470828950405,2.1705284118652344,0.0,0.0,0.0,0.0,1.5317566394805908,0.0,0.0,1.2472152709960938,0.0,1.386265993118286,0.0,1.2952333688735962,1.51591694355011,2.9002981185913086,0.0,0.3872383236885071,0.9396969079971312,1.9757180213928225,0.0
final_train_00412,final_train,C4,312,late,2,late,0.990583309116882,0.7297558784484863,0.007931281812489,0.0049923909828066,0.987076222896576,0.012923777103424,0.0706909296985126,0,0.0,0.0,0.0851494446396827,0.4550707340240478,0.0,0.0902029052376747,1.9612040519714355,0.0,0.0,0.02125059440732,2.204587459564209,0.0,0.0,0.0,0.0,0.0,1.4380598068237305,0.0,0.0,1.5704630613327026,1.734468936920166,0.0,0.91170471906662,0.0,2.192599058151245,1.4992947578430176,1.19508159160614,0.0,2.250877141952514,0.0406170859932899,0.0,0.0,0.3296453654766083,1.2282254695892334,0.0,1.3887388706207275,0.0,0.0,1.318036437034607,1.6886608600616455,1.137778401374817,0.0,0.0263469256460666,0.0056259706616401,2.1686129570007324,0.0,0.0,0.0,0.0,1.5348031520843506,0.0,0.0,1.2415825128555298,0.0,1.3881629705429075,0.0,1.3094569444656372,1.5237503051757812,2.8995180130004883,0.0,0.382465124130249,0.9399181604385376,1.9765069484710691,0.0
final_train_00413,final_train,C4,313,late,2,late,0.9937456482321264,0.7293753027915955,0.0079677756875753,0.0049999793991446,0.9870321750640868,0.012967824935913,0.0708875750821632,0,0.0,0.0,0.0916423946619033,0.4552060663700104,0.0,0.0885999649763107,1.959409475326538,0.0,0.0,0.0212424043565988,2.200137138366699,0.0,0.0,0.0,0.0,0.0,1.4345815181732178,0.0,0.0,1.5723110437393188,1.7320783138275146,0.0,0.90699964761734,0.0,2.1910722255706787,1.5032432079315186,1.1962003707885742,0.0,2.2506861686706543,0.0419468656182289,0.0,0.0,0.327487051486969,1.2310432195663452,0.0,1.386088728904724,0.0,0.0,1.3170876502990725,1.685113787651062,1.1377180814743042,0.0,0.025132231414318,0.0040085949003696,2.1687862873077397,0.0,0.0,0.0,0.0,1.535165309906006,0.0,0.0,1.2364134788513184,0.0,1.3864829540252686,0.0,1.3162559270858765,1.5260802507400513,2.8996970653533936,0.0,0.3798500299453735,0.9398018717765808,1.978243589401245,0.0
final_train_00414,final_train,C4,314,late,2,late,0.9968846622724016,0.729311466217041,0.0079531334340572,0.0050133964978158,0.987033486366272,0.012966513633728,0.0708877853182955,0,0.0,0.0,0.0861896276473999,0.4544070065021515,0.0,0.0818434357643127,1.9602059125900269,0.0,0.0,0.028021465986967,2.1997416019439697,0.0,0.0,0.0,0.0,0.0,1.4365921020507812,0.0,0.0,1.5669468641281128,1.7328426837921145,0.0,0.9071811437606812,0.0,2.186141967773437,1.5012028217315674,1.1985334157943726,0.0,2.245649099349976,0.0403012409806251,0.0,0.0,0.3270841836929321,1.224934458732605,0.0,1.381366491317749,0.0,0.0,1.3167959451675415,1.6856656074523926,1.1367868185043335,0.0,0.0217415243387222,0.0043743345886468,2.17134428024292,0.0,0.0,0.0,0.0,1.5331881046295166,0.0,0.0,1.2341853380203247,0.0,1.3803011178970337,0.0,1.309051752090454,1.5197556018829346,2.9052553176879883,0.0,0.3833563923835754,0.9413967728614808,1.9755144119262693,0.0
final_train_00415,final_train,C4,315,late,2,late,0.9999999999999942,0.7290071845054626,0.0079512409865856,0.0050295894034206,0.987019181251526,0.0129808187484741,0.0709573192236124,0,0.0,0.0,0.0831731110811233,0.4531558454036712,0.0,0.0740627497434616,1.9578754901885984,0.0,0.0,0.0369004979729652,2.2002415657043457,0.0,0.0,0.0,0.0,0.0,1.4350132942199707,0.0,0.0,1.563174843788147,1.7307212352752686,0.0,0.904974102973938,0.0,2.1861538887023926,1.498184323310852,1.2007157802581787,0.0,2.235502243041992,0.0424122735857963,0.0,0.0,0.328950971364975,1.220613718032837,0.0,1.376901149749756,0.0,0.0,1.3173081874847412,1.6845462322235107,1.1315534114837646,0.0,0.0199086908251047,0.0021435394883155,2.1740565299987797,0.0,0.0,0.0,0.0,1.532029628753662,0.0,0.0,1.2336822748184204,0.0,1.373859167098999,0.0,1.303899884223938,1.5106059312820437,2.912659168243408,0.0,0.3839230537414551,0.9423319697380066,1.975091814994812,0.0
final_internal_val_00000,final_internal_val,C1,58,early,0,early,0.348180295254021,0.3074067533016205,0.9550874829292296,0.0306944325566291,0.0142180370166897,0.0449125170707702,0.1923250718219914,0,0.0,1.3775246143341064,2.487306833267212,0.0,0.0,1.8857401609420776,0.7846640348434448,2.203648567199707,0.6545214056968689,0.0,0.0,0.0,0.0,0.187634602189064,2.3991096019744877,1.3001571893692017,0.1216501742601394,0.0,2.524064064025879,0.0011021010577678,0.0,0.0,0.0,2.16413688659668,0.1475807577371597,0.3337615430355072,0.0,0.0,0.0,0.1653986573219299,0.0,3.379060983657837,0.0345222130417823,0.8123500347137451,0.0,0.0,0.0,0.0,0.0,0.1608916074037552,0.0,2.348919153213501,0.0,0.0,0.0,0.0,0.0,0.0,2.552728176116944,0.0,0.6311968564987183,0.0,0.0,0.0,0.0,0.0,1.6593033075332642,1.5447901487350464,0.0,0.762225329875946,0.0,0.0,0.0,1.638097882270813
final_internal_val_00001,final_internal_val,C1,59,early,0,early,0.3502107335703193,0.308616042137146,0.9544525146484376,0.0311707705259323,0.0143767846748232,0.0455474853515625,0.1944191050817708,0,0.0,1.3687403202056885,2.493979930877685,0.0,0.0,1.8805913925170896,0.7708165049552917,2.2006945610046387,0.6579375267028809,0.0,0.0,0.0,0.0,0.1851937174797058,2.383455753326416,1.3009997606277466,0.1217383444309234,0.0,2.5168793201446533,0.0,0.0,0.0,0.0,2.1489803791046143,0.1439906954765319,0.3253636956214905,0.0,0.0,0.0,0.1714095473289489,0.0,3.360503435134888,0.0262835398316383,0.810506284236908,0.0,0.0,0.0,0.0,0.0,0.1537451297044754,0.0,2.339834451675415,0.0,0.0,0.0,0.0,0.0,0.0,2.5293216705322266,0.0,0.6336216330528259,0.0,0.0,0.0,0.0,0.0,1.6428765058517456,1.5409091711044312,0.0,0.7651206254959106,0.0,0.0,0.0,1.6335132122039795
final_internal_val_00002,final_internal_val,C1,60,early,0,early,0.3520890354626005,0.307837575674057,0.9544723033905028,0.0316399671137332,0.0138877406716346,0.045527696609497,0.1940019830315978,0,0.0,1.3475106954574585,2.496671438217163,0.0,0.0,1.9019854068756104,0.7526134252548218,2.2004594802856445,0.7063099145889282,0.0,0.0,0.0,0.0,0.1801797747611999,2.361812829971313,1.3440792560577393,0.1287619471549987,0.0,2.5669078826904297,0.0,0.0,0.0,0.0,2.144483089447021,0.1021933183073997,0.3542481660842895,0.0,0.0,0.0,0.1453460752964019,0.0,3.37951135635376,0.0141929164528846,0.7902015447616577,0.0,0.0,0.0,0.0,0.0,0.097671553492546,0.0,2.327002763748169,0.0,0.0,0.0,0.042931392788887,0.0,0.0,2.535243034362793,0.0,0.6975018978118896,0.0,0.0,0.0,0.0068570226430892,0.0,1.6549707651138306,1.5257877111434937,0.0,0.7677830457687378,0.0,0.0,0.0,1.6530088186264038
final_internal_val_00003,final_internal_val,C1,61,early,0,early,0.3538195629167083,0.3081673383712768,0.9542346596717834,0.0318176820874214,0.0139476265758275,0.0457653403282165,0.194783111990381,0,0.0,1.3400704860687256,2.494651556015014,0.0,0.0,1.9051352739334104,0.7444932460784912,2.197023391723633,0.7041123509407043,0.0,0.0,0.0,0.0,0.174267441034317,2.359915971755981,1.3472223281860352,0.1353196501731872,0.0,2.5666322708129883,0.0,0.0,0.0,0.0,2.136179208755493,0.1094426438212394,0.3538794815540313,0.0,0.0,0.0,0.1501544117927551,0.0,3.379265785217285,0.0133647620677948,0.7933259010314941,0.0,0.0,0.0,0.0,0.0,0.0984418541193008,0.0,2.321479320526123,0.0,0.0,0.0,0.0467654764652252,0.0,0.0,2.5254039764404297,0.0,0.7050265669822693,0.0,0.0,0.0,0.0078724846243858,0.0,1.6580235958099363,1.51625657081604,0.0,0.7727354168891907,0.0,0.0,0.0,1.6564230918884275
final_internal_val_00004,final_internal_val,C1,62,early,0,early,0.3554067755527934,0.3071803748607635,0.9543631672859192,0.031793650239706,0.0138431545346975,0.0456368327140808,0.1943065134601896,0,0.0,1.33663010597229,2.510793924331665,0.0,0.0,1.8944270610809328,0.731484055519104,2.205125093460083,0.711618185043335,0.0,0.0,0.0,0.0,0.1722675710916519,2.36114239692688,1.3535226583480835,0.1321941912174224,0.0,2.5819737911224365,0.0,0.0,0.0,0.0,2.136659383773804,0.1157480031251907,0.3590423166751861,0.0,0.0,0.0,0.1493114233016967,0.0,3.374293327331543,0.0029537007212638,0.7959060072898865,0.0,0.0,0.0,0.0,0.0,0.1004295423626899,0.0,2.3164048194885254,0.0,0.0,0.0,0.0449576526880264,0.0,0.0,2.523127555847168,0.0,0.7071359157562256,0.0,0.0,0.0,0.0,0.0,1.666425347328186,1.5200276374816897,0.0,0.7901924252510071,0.0,0.0,0.0,1.6605854034423828
final_internal_val_00005,final_internal_val,C1,63,early,0,early,0.3568552188071624,0.3090991973876953,0.9539432525634766,0.0318689420819282,0.0141877578571438,0.0460567474365234,0.1958634815653939,0,0.0,1.358765959739685,2.499046802520752,0.0,0.0,1.8709791898727417,0.7186625003814697,2.213361978530884,0.7031614780426025,0.0,0.0,0.0,0.0,0.176559180021286,2.355796337127685,1.3108570575714111,0.1093468740582466,0.0,2.573288679122925,0.0,0.0,0.0,0.0,2.1308186054229736,0.1412638127803802,0.3361053466796875,0.0,0.0,0.0,0.1621188819408416,0.0,3.352020263671875,0.0,0.8096656799316406,0.0,0.0,0.0,0.0,0.0,0.1236378103494644,0.0,2.317319631576538,0.0,0.0,0.0,0.0106937438249588,0.0,0.0,2.496900081634521,0.0,0.6478949189186096,0.0,0.0,0.0,0.0,0.0,1.6347651481628418,1.540613055229187,0.0,0.8104568719863892,0.0,0.0,0.0,1.6605159044265747
final_internal_val_00006,final_internal_val,C1,64,early,0,early,0.3581695125587713,0.3082025945186615,0.9538009762763976,0.0322181656956672,0.0139809250831604,0.0461990237236022,0.1961484396882464,0,0.0,1.3508325815200806,2.501511335372925,0.0,0.0,1.8861558437347408,0.721332848072052,2.205648899078369,0.7081620097160339,0.0,0.0,0.0,0.0,0.1847290098667144,2.356868028640747,1.3340375423431396,0.1084096059203147,0.0,2.572659969329834,0.0,0.0,0.0,0.0,2.131998062133789,0.1170881390571594,0.3376825451850891,0.0,0.0,0.0,0.1582400798797607,0.0,3.3457627296447754,0.0005310550332069,0.8020662069320679,0.0,0.0,0.0,0.0,0.0,0.0949134677648544,0.0,2.3110272884368896,0.0,0.0,0.0,0.0227480828762054,0.0,0.0,2.50501012802124,0.0,0.6917060017585754,0.0,0.0,0.0,0.0,0.0,1.637123703956604,1.5189381837844849,0.0,0.7996069192886353,0.0,0.0,0.0,1.6445614099502563
final_internal_val_00007,final_internal_val,C1,65,early,0,early,0.3593543403056702,0.3115841448307037,0.9497075080871582,0.0323943719267845,0.0178981479257345,0.0502924919128418,0.211281656965942,0,0.0,1.3808715343475342,2.444198608398437,0.0,0.0,1.8584915399551392,0.7544496655464172,2.142040491104126,0.6040617823600769,0.0,0.0,0.0,0.0,0.1048981472849845,2.34158992767334,1.1923813819885254,0.1772958487272262,0.0,2.4757816791534424,0.099611185491085,0.0,0.0,0.0,2.031381607055664,0.2765631675720215,0.3205790519714355,0.0,0.0,0.0,0.2283062636852264,0.0,3.2384321689605717,0.0265557169914245,0.8686681389808655,0.0,0.0,0.0,0.0,0.0,0.2995489537715912,0.0,2.252643823623657,0.0,0.0,0.0,0.0,0.0,0.0,2.4078330993652344,0.0,0.4253601729869842,0.0,0.0,0.0,0.0,0.0,1.6287511587142944,1.550847053527832,0.0,0.7049728631973267,0.0,0.0,0.0,1.638965129852295
final_internal_val_00008,final_internal_val,C1,66,early,0,early,0.3604144386924849,0.3109777271747589,0.951756238937378,0.0314593128859996,0.0167843867093324,0.048243761062622,0.2043336240647185,0,0.0,1.4072624444961548,2.4414215087890625,0.0,0.0,1.854148507118225,0.7558115124702454,2.1658639907836914,0.5882673263549805,0.0,0.0,0.0,0.0,0.1318587362766266,2.3755552768707275,1.188942551612854,0.1538025140762329,0.0,2.497133016586304,0.0907998010516166,0.0,0.0,0.0,2.0859291553497314,0.2689536213874817,0.3122889101505279,0.0,0.0,0.0,0.2279335856437683,0.0,3.2759361267089844,0.0317503288388252,0.8839597105979919,0.0,0.0,0.0,0.0,0.0,0.2964640259742737,0.0,2.3074886798858643,0.0,0.0,0.0,0.0,0.0,0.0,2.443934917449951,0.0,0.4565829038619995,0.0,0.0,0.0,0.0,0.0,1.6371498107910156,1.5496783256530762,0.0,0.741864800453186,0.0,0.0,0.0,1.6613309383392334
final_internal_val_00009,final_internal_val,C1,67,early,0,early,0.3613545874942406,0.3088629245758056,0.9532622694969176,0.0309751499444246,0.0157626289874315,0.0467377305030822,0.1990421298136973,0,0.0,1.420687913894653,2.450167417526245,0.0,0.0,1.8506786823272705,0.7593044638633728,2.190696477890014,0.6092224717140198,0.0,0.0,0.0,0.0,0.1604864299297332,2.388620138168335,1.2145273685455322,0.1320796608924865,0.0,2.532095432281494,0.0706571713089943,0.0,0.0,0.0,2.1211392879486084,0.2498113811016082,0.3174540102481842,0.0,0.0,0.0,0.2119069993495941,0.0,3.308993101119995,0.0263317376375198,0.8705378174781799,0.0,0.0,0.0,0.0,0.0,0.2707139253616333,0.0,2.32807731628418,0.0,0.0,0.0,0.0,0.0,0.0,2.491455078125,0.0,0.4974977076053619,0.0,0.0,0.0,0.0,0.0,1.6440327167510986,1.553871512413025,0.0,0.7832003831863403,0.0,0.0,0.0,1.6660774946212769
final_internal_val_00010,final_internal_val,C1,68,early,0,early,0.3621796000682329,0.3086332976818084,0.9539914727211,0.0308095701038837,0.0151989683508872,0.0460085272789001,0.1964110313993428,0,0.0,1.4294806718826294,2.448849678039551,0.0,0.0,1.860079050064087,0.7478964328765869,2.200781345367432,0.6021228432655334,0.0,0.0,0.0,0.0,0.1723283529281616,2.395432710647583,1.2287006378173828,0.1132736504077911,0.0,2.539283037185669,0.0557251200079917,0.0,0.0,0.0,2.1347460746765137,0.2261655032634735,0.3087894320487976,0.0,0.0,0.0,0.2075466215610504,0.0,3.325705051422119,0.0259057804942131,0.8595924377441406,0.0,0.0,0.0,0.0,0.0,0.2355353236198425,0.0,2.3371329307556152,0.0,0.0,0.0,0.0,0.0,0.0,2.517929077148437,0.0,0.5152912139892578,0.0,0.0,0.0,0.0,0.0,1.6461727619171145,1.5460964441299438,0.0,0.7888360023498535,0.0,0.0,0.0,1.658680438995361
final_internal_val_00011,final_internal_val,C1,69,early,0,early,0.3628943141218279,0.3099214434623718,0.9532002210617064,0.0308258775621652,0.0159739032387733,0.0467997789382934,0.1993638589142761,0,0.0,1.4181326627731323,2.4361422061920166,0.0,0.0,1.8499373197555544,0.764321506023407,2.165860891342163,0.5757419466972351,0.0,0.0,0.0,0.0,0.1742818057537078,2.3812506198883057,1.1920145750045776,0.1157734841108322,0.0,2.5085012912750244,0.1004073396325111,0.0,0.0,0.0,2.1107430458068848,0.2450198233127594,0.3114662766456604,0.0,0.0,0.0,0.2150627374649047,0.0,3.304110050201416,0.0332610681653022,0.8824780583381653,0.0,0.0,0.0,0.0,0.0,0.2779093980789184,0.0,2.3290555477142334,0.0,0.0,0.0,0.0,0.0,0.0,2.5064401626586914,0.0,0.4853726625442505,0.0,0.0,0.0,0.0,0.0,1.6580983400344849,1.5582752227783203,0.0,0.7677705883979797,0.0,0.0,0.0,1.658136010169983
final_internal_val_00012,final_internal_val,C1,172,middle,1,middle,0.5027734945333011,0.4171252846717834,0.0211224500089883,0.9616426825523376,0.0172348506748676,0.0383573174476623,0.1721060933032906,0,0.6982344388961792,0.0,0.0,0.0,0.7169501781463623,0.2398734390735626,0.0,0.0,2.2326698303222656,0.0,0.8671827912330627,0.0,1.5877187252044678,1.2456929683685305,1.6204746961593628,0.3094014525413513,0.0,1.597388505935669,1.839954853057861,0.0,0.0,1.9291709661483765,0.0,0.0,0.0,0.0,0.0647622197866439,0.0,0.2106994986534118,0.0,0.041173081845045,0.0,0.0,0.0,0.0,0.0,0.3258569240570068,0.0,0.9439733028411864,0.0,1.4491498470306396,0.7580233812332153,0.0,2.093613147735596,0.0804916620254516,2.734947919845581,1.4847272634506226,0.0,0.0,0.5779074430465698,1.6305919885635376,0.0,0.0,0.0,0.0,1.436932921409607,0.0,0.0,0.0,0.6388881206512451,0.6114802360534668,0.0,0.0,0.5853685140609741
final_internal_val_00013,final_internal_val,C1,173,middle,1,middle,0.5067289710934817,0.4167477190494537,0.0211944449692964,0.96144700050354,0.0173585601150989,0.0385529994964599,0.1728086482030664,0,0.694701611995697,0.0,0.0,0.0,0.7045415639877319,0.2419570088386535,0.0,0.0,2.23152232170105,0.0,0.8712195754051208,0.0,1.5849409103393557,1.251215934753418,1.6096950769424438,0.3201817870140075,0.0,1.5879290103912354,1.851494550704956,0.0,0.0,1.9393932819366453,0.0,0.0,0.0,0.0,0.0715013444423675,0.0,0.213229238986969,0.0,0.0358640067279338,0.0,0.0,0.0,0.0,0.0,0.3289624750614166,0.0,0.946260929107666,0.0,1.4453983306884766,0.746608555316925,0.0,2.084434032440185,0.0862053111195564,2.733320951461792,1.4907870292663574,0.0,0.0,0.5720115900039673,1.6195768117904663,0.0,0.0,0.0,0.0,1.4296529293060305,0.0,0.0,0.0,0.6444603204727173,0.6126951575279236,0.0,0.0,0.5880175828933716
final_internal_val_00014,final_internal_val,C1,174,middle,1,middle,0.5106791245713326,0.4170311391353607,0.0213691554963588,0.96110200881958,0.0175288673490285,0.0388979911804199,0.1740361016889848,0,0.6932514309883118,0.0,0.0,0.0,0.6957929134368896,0.2355425953865051,0.0,0.0,2.225034236907959,0.0,0.8663227558135986,0.0,1.5813298225402832,1.2571967840194702,1.598886489868164,0.3165662288665771,0.0,1.5798758268356323,1.849116563796997,0.0,0.0,1.9375137090682983,0.0,0.0,0.0,0.0,0.0763762071728706,0.0,0.2102087438106537,0.0,0.0290637798607349,0.0,0.0,0.0,0.0,0.0,0.319960743188858,0.0,0.9445927739143372,0.0,1.4340730905532837,0.7411736249923706,0.0,2.075305938720703,0.0887388661503791,2.7231335639953613,1.4933141469955444,0.0,0.0,0.5663841962814331,1.6132256984710691,0.0,0.0,0.0,0.0,1.433072209358215,0.0,0.0,0.0,0.6455946564674377,0.6171398758888245,0.0,0.0,0.5900154113769531
final_internal_val_00015,final_internal_val,C1,175,middle,1,middle,0.5146215397346738,0.4167435765266418,0.0213255509734153,0.961130440235138,0.0175440534949302,0.038869559764862,0.1739403289579904,0,0.6878513693809509,0.0,0.0,0.0,0.6912081241607666,0.2390832304954528,0.0,0.0,2.2408015727996826,0.0,0.8778752684593201,0.0,1.5846574306488037,1.2584404945373535,1.5985333919525146,0.3280184268951416,0.0,1.5729161500930786,1.8607935905456543,0.0,0.0,1.9418808221817017,0.0,0.0,0.0,0.0,0.0796047300100326,0.0,0.2181468904018402,0.0,0.029458362609148,0.0,0.0,0.0,0.0,0.0,0.325038880109787,0.0,0.9514067769050598,0.0,1.4351344108581543,0.7375813722610474,0.0,2.071263313293457,0.0939439758658409,2.7251996994018555,1.5072282552719116,0.0,0.0,0.5625035762786865,1.6086989641189575,0.0,0.0,0.0,0.0,1.4186711311340332,0.0,0.0,0.0,0.6518866419792175,0.610609769821167,0.0,0.0,0.5954418182373047
final_internal_val_00016,final_internal_val,C1,176,middle,1,middle,0.5185538418372668,0.416932463645935,0.0214460529386997,0.960899531841278,0.0176543965935707,0.0391004681587219,0.1747595310021582,0,0.6864785552024841,0.0,0.0,0.0,0.6904120445251465,0.2342157959938049,0.0,0.0,2.2326931953430176,0.0,0.873915433883667,0.0,1.580417275428772,1.2608914375305176,1.5955215692520142,0.323701947927475,0.0,1.573033094406128,1.8534035682678225,0.0,0.0,1.9363080263137815,0.0,0.0,0.0,0.0,0.0803764909505844,0.0,0.2142203748226165,0.0,0.0275164730846881,0.0,0.0,0.0,0.0,0.0,0.3204525709152221,0.0,0.94840407371521,0.0,1.4306755065917969,0.7364019751548767,0.0,2.0684871673583984,0.093383140861988,2.715366840362549,1.503961205482483,0.0,0.0,0.5600085258483887,1.6064600944519043,0.0,0.0,0.0,0.0,1.4235718250274658,0.0,0.0,0.0,0.6479702591896057,0.6153494715690613,0.0,0.0,0.5933948755264282
final_internal_val_00017,final_internal_val,C1,177,middle,1,middle,0.5224736997781234,0.416193813085556,0.0214039795100688,0.9610527157783508,0.0175433866679668,0.0389472842216491,0.1742095939708357,0,0.6847023963928223,0.0,0.0,0.0,0.6953310966491699,0.2415848970413208,0.0,0.0,2.232647657394409,0.0,0.8769571781158447,0.0,1.579965591430664,1.259940266609192,1.6041417121887207,0.331802099943161,0.0,1.5781406164169312,1.860365390777588,0.0,0.0,1.942259192466736,0.0,0.0,0.0,0.0,0.0816586837172508,0.0,0.2122337818145752,0.0,0.0298809669911861,0.0,0.0,0.0,0.0,0.0,0.3308134973049164,0.0,0.9482969045639038,0.0,1.4329514503479004,0.7384452819824219,0.0,2.066493511199951,0.0896017029881477,2.715480089187622,1.500517964363098,0.0,0.0,0.5604733228683472,1.6124693155288696,0.0,0.0,0.0,0.0,1.422342300415039,0.0,0.0,0.0,0.6460126042366028,0.6124778985977173,0.0,0.0,0.5892583727836609
final_internal_val_00018,final_internal_val,C1,178,middle,1,middle,0.52637882820771,0.4170345366001129,0.0215792655944824,0.960651993751526,0.0177687965333461,0.0393480062484741,0.1756359850924282,0,0.6860201358795166,0.0,0.0,0.0,0.6887983083724976,0.2359614074230194,0.0,0.0,2.219083547592163,0.0,0.8711268901824951,0.0,1.5731526613235474,1.2643920183181765,1.593126893043518,0.3272495567798614,0.0,1.5734354257583618,1.848609447479248,0.0,0.0,1.937739014625549,0.0,0.0,0.0,0.0,0.0853315740823745,0.0,0.2111648023128509,0.0,0.027041096240282,0.0,0.0,0.0,0.0,0.0,0.3221271932125091,0.0,0.9469397664070128,0.0,1.425041437149048,0.7337086796760559,0.0,2.060579776763916,0.0927300602197647,2.705418109893799,1.4925928115844729,0.0,0.0,0.5609385967254639,1.6080876588821411,0.0,0.0,0.0,0.0,1.4299585819244385,0.0,0.0,0.0,0.6438305974006653,0.6218340396881104,0.0,0.0,0.5890256762504578
final_internal_val_00019,final_internal_val,C1,179,middle,1,middle,0.5302669896341531,0.4163744747638702,0.0216375607997179,0.9606516361236572,0.0177108366042375,0.0393483638763427,0.1756267347026055,0,0.6900877952575684,0.0,0.0,0.0,0.6906821131706238,0.2400428652763366,0.0,0.0,2.201199531555176,0.0,0.8686664700508118,0.0,1.5672657489776611,1.2626502513885498,1.598300814628601,0.331167608499527,0.0,1.581755757331848,1.8514986038208008,0.0,0.0,1.944679617881775,0.0,0.0,0.0,0.0,0.0854065269231796,0.0,0.2056417912244796,0.0,0.0264276675879955,0.0,0.0,0.0,0.0,0.0,0.3302250802516937,0.0,0.938226282596588,0.0,1.4256199598312378,0.7322790026664734,0.0,2.056723117828369,0.0853253155946731,2.701037168502808,1.4771559238433838,0.0,0.0,0.5613855123519897,1.6132304668426514,0.0,0.0,0.0,0.0,1.4388728141784668,0.0,0.0,0.0,0.6399602890014648,0.6272639036178589,0.0,0.0,0.5818900465965271
final_internal_val_00020,final_internal_val,C1,180,middle,1,middle,0.5341359971145021,0.4167358577251434,0.0218729618936777,0.960240364074707,0.0178866423666477,0.0397596359252929,0.1770766044529122,0,0.692001461982727,0.0,0.0,0.0,0.681187629699707,0.2408944070339203,0.0,0.0,2.1919007301330566,0.0,0.8631384372711182,0.0,1.5556186437606812,1.2654622793197632,1.588636040687561,0.3276598751544952,0.0,1.5758588314056396,1.845412254333496,0.0,0.0,1.9410125017166135,0.0,0.0,0.0,0.0,0.0864030569791793,0.0,0.2074604779481887,0.0,0.0276601277291774,0.0,0.0,0.0,0.0,0.0,0.3276309370994568,0.0,0.9313612580299376,0.0,1.4154744148254397,0.7281264662742615,0.0,2.0442519187927246,0.0854357928037643,2.69807505607605,1.4684466123580933,0.0,0.0,0.5636914372444153,1.615775227546692,0.0,0.0,0.0,0.0,1.4469211101531982,0.0,0.0,0.0,0.6399512887001038,0.6330898404121399,0.0,0.0,0.5803461670875549
final_internal_val_00021,final_internal_val,C1,181,middle,1,middle,0.537983716243921,0.4166601002216339,0.0219765063375234,0.9600830078125,0.017940517514944,0.0399169921875,0.1776280199189718,0,0.6946629285812378,0.0,0.0,0.0,0.679831326007843,0.2441389858722686,0.0,0.0,2.179555892944336,0.0,0.8592560291290283,0.0,1.5495458841323853,1.2658497095108032,1.58454692363739,0.3283662796020508,0.0,1.5747971534729004,1.842849969863892,0.0,0.0,1.944921612739563,0.0,0.0,0.0,0.0,0.0878030359745025,0.0,0.2037868797779083,0.0,0.0258654244244098,0.0,0.0,0.0,0.0,0.0,0.331458568572998,0.0,0.9282357692718506,0.0,1.409420132637024,0.7267982959747314,0.0,2.0379176139831543,0.082048088312149,2.6962246894836426,1.4568852186203003,0.0,0.0,0.5655613541603088,1.6192766427993774,0.0,0.0,0.0,0.0,1.4538257122039795,0.0,0.0,0.0,0.6369244456291199,0.6370342969894409,0.0,0.0,0.5755626559257507
final_internal_val_00022,final_internal_val,C1,182,middle,1,middle,0.5418080673789074,0.4170090854167938,0.0224019661545753,0.959376096725464,0.0182219203561544,0.0406239032745361,0.1801042624673351,0,0.697813868522644,0.0,0.0,0.0,0.6696373820304871,0.2453196346759796,0.0,0.0,2.1620144844055176,0.0,0.8489187359809875,0.0,1.5345497131347656,1.2650164365768433,1.5711102485656738,0.3224583864212036,0.0,1.567098617553711,1.8340606689453125,0.0,0.0,1.9384621381759644,0.0,0.0,0.0,0.0,0.0869776904582977,0.0,0.2028413563966751,0.0,0.0268631242215633,0.0,0.0,0.0,0.0,0.0,0.3292142748832702,0.0,0.9169072508811952,0.0,1.391394853591919,0.7222137451171875,0.0,2.0179572105407715,0.0809778720140457,2.687516927719116,1.4436122179031372,0.0,0.0,0.5653462409973145,1.61976957321167,0.0,0.0,0.0,0.0,1.4646430015563965,0.0,0.0,0.0,0.6371673941612244,0.6414967179298401,0.0,0.0,0.5729882717132568
final_internal_val_00023,final_internal_val,C1,274,late,2,late,0.8354658051101956,0.7251043319702148,0.0077415602281689,0.0060604843311011,0.9861978888511658,0.0138021111488342,0.0748980802334387,0,0.0,0.0,0.0,0.3330572843551636,0.0,0.0,1.9473122358322144,0.0,0.0,0.17139932513237,2.366150140762329,0.0,0.0,0.0,0.0,0.0,1.4024066925048828,0.0,0.0,1.440319299697876,1.765763759613037,0.0,0.9356802701950072,0.0,2.182206153869629,1.3582444190979004,1.132348895072937,0.0,2.103785991668701,0.0,0.0,0.0,0.3324910402297973,1.0945336818695068,0.0,1.3052297830581665,0.0,0.0,1.4489985704421997,1.773731708526611,1.143442988395691,0.0,0.0049727149307727,0.135240375995636,2.1991727352142334,0.0,0.0,0.0,0.0,1.460770606994629,0.0,0.0,1.3560916185379028,0.0,1.293582320213318,0.1470374763011932,0.9891906976699828,1.270657300949097,2.8767263889312744,0.0066277906298637,0.5808401703834534,0.9574221968650818,1.8159810304641724,0.0
final_internal_val_00024,final_internal_val,C1,275,late,2,late,0.8403519624483936,0.7227277159690857,0.0079552354291081,0.006219555158168,0.9858251214027404,0.0141748785972595,0.0765735469173617,0,0.0,0.0,0.0,0.3090851604938507,0.0,0.0057039856910705,1.936997890472412,0.0,0.0,0.1881545037031173,2.364696502685547,0.0,0.0,0.0,0.0,0.0,1.3898563385009766,0.0,0.0,1.4381866455078125,1.7555545568466189,0.0,0.9084583520889282,0.0,2.1734044551849365,1.3573145866394043,1.137007474899292,0.0,2.099088668823242,0.0,0.0,0.0,0.3532157838344574,1.0985788106918335,0.0,1.2913713455200195,0.0,0.0,1.4378902912139893,1.7512166500091553,1.1489198207855225,0.0,0.0167031232267618,0.1557282209396362,2.181268215179444,0.0,0.0,0.0,0.0,1.44883131980896,0.0,0.0,1.346062183380127,0.0,1.283178210258484,0.1281114220619201,0.9679505825042723,1.2474361658096311,2.8705153465271,0.0,0.5702348351478577,0.9522290825843812,1.818886637687683,0.0
final_internal_val_00025,final_internal_val,C1,276,late,2,late,0.8452059519502836,0.7226813435554504,0.0080159697681665,0.0060809594579041,0.9859031438827516,0.0140968561172485,0.076199143492917,0,0.0,0.0,0.0,0.3240673243999481,0.0,0.0038454011082649,1.935739278793335,0.0,0.0,0.1813856214284896,2.336576223373413,0.0,0.0,0.0,0.0,0.0,1.395984411239624,0.0,0.0,1.4468317031860352,1.7483229637145996,0.0,0.895958423614502,0.0,2.1729719638824463,1.3793882131576538,1.1512290239334106,0.0,2.101309299468994,0.0,0.0,0.0,0.3629671037197113,1.109192132949829,0.0,1.2899619340896606,0.0,0.0,1.4099256992340088,1.734914779663086,1.147302508354187,0.0,0.0108239706605672,0.135472372174263,2.177260637283325,0.0,0.0,0.0,0.0,1.4521050453186035,0.0,0.0,1.326454758644104,0.0,1.2908096313476562,0.0895753651857376,0.9987280368804932,1.2690240144729614,2.876924753189087,0.0,0.5282416939735413,0.9490325450897216,1.8437743186950684,0.0
final_internal_val_00026,final_internal_val,C1,277,late,2,late,0.8500267423944518,0.7228121161460876,0.0080704465508461,0.0059238276444375,0.9860056638717652,0.0139943361282348,0.0757080725786482,0,0.0,0.0,0.0,0.3445731103420257,0.0,0.0020882189273834,1.934956669807434,0.0,0.0,0.173365905880928,2.304715633392334,0.0,0.0,0.0,0.0,0.0,1.4062435626983645,0.0,0.0,1.4569038152694702,1.738471269607544,0.0,0.8877997994422913,0.0,2.1740238666534424,1.4015296697616575,1.1635226011276243,0.0,2.103442907333374,0.0,0.0,0.0,0.3695048987865448,1.1197296380996704,0.0,1.2907346487045288,0.0,0.0,1.3776156902313232,1.7193193435668943,1.1449151039123535,0.0,0.0021025575697422,0.10850690305233,2.172365188598633,0.0,0.0,0.0,0.0,1.4563567638397217,0.0,0.0,1.3067389726638794,0.0,1.3011577129364014,0.052776850759983,1.0359399318695068,1.295575737953186,2.8822484016418457,0.0,0.4817130863666534,0.9458813667297364,1.8714418411254885,0.0
final_internal_val_00027,final_internal_val,C1,278,late,2,late,0.8548133622352951,0.7233678698539734,0.0080693326890468,0.0057901260443031,0.9861404895782472,0.0138595104217529,0.0750793309067539,0,0.0,0.0,0.0,0.3573600351810455,0.0,0.0008591711521148,1.937856674194336,0.0,0.0,0.161363884806633,2.285210132598877,0.0,0.0,0.0,0.0,0.0,1.417079210281372,0.0,0.0,1.4635196924209597,1.7342182397842407,0.0,0.8876870274543762,0.0,2.1757051944732666,1.4169678688049316,1.1734039783477783,0.0,2.110974073410034,0.0,0.0,0.0,0.3726964294910431,1.1262131929397583,0.0,1.2952462434768677,0.0,0.0,1.3572646379470823,1.711849570274353,1.1469849348068235,0.0,0.0,0.0928025692701339,2.165935754776001,0.0,0.0,0.0,0.0,1.4617738723754885,0.0,0.0,1.2955169677734375,0.0,1.311143398284912,0.0252198278903961,1.0603861808776855,1.3190953731536863,2.8870677947998047,0.0,0.4518393576145172,0.9462896585464478,1.888150691986084,0.0
final_internal_val_00028,final_internal_val,C1,279,late,2,late,0.8595649010071579,0.7230082154273987,0.0081285117194056,0.0057376688346266,0.9861337542533876,0.0138662457466125,0.0750924876195516,0,0.0,0.0,0.0,0.3659690022468567,0.0,0.0,1.9365792274475095,0.0,0.0,0.161015436053276,2.269338369369507,0.0,0.0,0.0,0.0,0.0,1.421116590499878,0.0,0.0,1.4661290645599363,1.727457046508789,0.0,0.8826680779457092,0.0,2.176793336868286,1.425325632095337,1.1790984869003296,0.0,2.104767084121704,0.0,0.0,0.0,0.3766854107379913,1.130408525466919,0.0,1.29279887676239,0.0,0.0,1.3413997888565063,1.7044200897216797,1.142478585243225,0.0,0.0,0.077754370868206,2.162317514419556,0.0,0.0,0.0,0.0,1.4612820148468018,0.0,0.0,1.2863510847091677,0.0,1.3120081424713137,0.0071142241358757,1.075410008430481,1.328627586364746,2.891146183013916,0.0,0.4288454353809356,0.9461513757705688,1.9008501768112185,0.0
final_internal_val_00029,final_internal_val,C1,280,late,2,late,0.8642805106114576,0.723240852355957,0.0081141041591763,0.0056366380304098,0.9862492680549622,0.0137507319450378,0.0745553478650586,0,0.0,0.0,0.0,0.3777000308036804,0.0,0.0,1.9383803606033323,0.0,0.0,0.1514709293842315,2.254183053970337,0.0,0.0,0.0,0.0,0.0,1.427361249923706,0.0,0.0,1.4758787155151367,1.7208834886550903,0.0,0.8803825378417969,0.0,2.18049430847168,1.435558557510376,1.1859337091445925,0.0,2.1087327003479004,0.0034795030951499,0.0,0.0,0.3779263794422149,1.1402404308319092,0.0,1.296457052230835,0.0,0.0,1.3280093669891355,1.6999449729919434,1.1391360759735107,0.0,0.0,0.0641123503446579,2.1639227867126465,0.0,0.0,0.0,0.0,1.4667541980743408,0.0,0.0,1.2769861221313477,0.0,1.3166136741638184,0.0,1.101944088935852,1.3507020473480225,2.897359848022461,0.0,0.4122588038444519,0.948699712753296,1.9116384983062744,0.0
final_internal_val_00030,final_internal_val,C4,50,early,0,early,0.2033672439565111,0.3047451376914978,0.9552346467971802,0.0305815301835536,0.0141837261617183,0.0447653532028198,0.1918401723554781,0,0.0,1.384785532951355,2.4908676147460938,0.0,0.0,1.8839502334594729,0.7923415303230286,2.209591150283813,0.6933248043060303,0.0,0.0,0.0,0.0,0.1847323924303054,2.4016318321228027,1.292935848236084,0.1211917847394943,0.0,2.5622005462646484,0.0045622587203979,0.0,0.0,0.0,2.1807215213775635,0.1834804117679596,0.3404298722743988,0.0,0.0,0.0,0.1427891850471496,0.0,3.369403123855591,0.0280922725796699,0.8163689970970154,0.0,0.0,0.0,0.0,0.0,0.1839142143726349,0.0,2.3551623821258545,0.0,0.0,0.0,0.0127217099070549,0.0,0.0,2.5616588592529297,0.0,0.6244162321090698,0.0,0.0,0.0,0.0,0.0,1.6648484468460083,1.5612561702728271,0.0,0.7878521084785461,0.0,0.0,0.0,1.6490399837493896
final_internal_val_00031,final_internal_val,C4,51,early,0,early,0.2057520916047888,0.3052301406860351,0.9550459384918212,0.0306601300835609,0.0142938857898116,0.0449540615081787,0.1925080043843652,0,0.0,1.387155294418335,2.4915168285369877,0.0,0.0,1.8797557353973389,0.7898313999176025,2.2111544609069824,0.6883872151374817,0.0,0.0,0.0,0.0,0.1866323053836822,2.396361351013184,1.2920094728469849,0.1258182823657989,0.0,2.5597729682922363,0.0076846256852149,0.0,0.0,0.0,2.170389175415039,0.1861047148704528,0.3407731354236603,0.0,0.0,0.0,0.1509304642677307,0.0,3.3634731769561768,0.0231802761554718,0.8189324736595154,0.0,0.0,0.0,0.0,0.0,0.1864088326692581,0.0,2.3512325286865234,0.0,0.0,0.0,0.0051154196262359,0.0,0.0,2.5561490058898926,0.0,0.6223521828651428,0.0,0.0,0.0,0.0,0.0,1.6600099802017212,1.5585209131240845,0.0,0.787004292011261,0.0,0.0,0.0,1.6492912769317627
final_internal_val_00032,final_internal_val,C4,52,early,0,early,0.2081602438525911,0.3053611218929291,0.9553529024124146,0.0305114425718784,0.0141356838867068,0.0446470975875854,0.1914362612725887,0,0.0,1.388024091720581,2.494748592376709,0.0,0.0,1.8761999607086184,0.7880233526229858,2.2145309448242188,0.6857552528381348,0.0,0.0,0.0,0.0,0.194801926612854,2.398893117904663,1.2954154014587402,0.1240746080875396,0.0,2.56064772605896,0.004562385380268,0.0,0.0,0.0,2.177433013916016,0.1813730597496032,0.3449269533157348,0.0,0.0,0.0,0.1548132300376892,0.0,3.375636339187622,0.0170391574501991,0.8229286670684814,0.0,0.0,0.0,0.0,0.0,0.1823431402444839,0.0,2.349799871444702,0.0,0.0,0.0,0.0,0.0,0.0,2.560999870300293,0.0,0.6334192752838135,0.0,0.0,0.0,0.0,0.0,1.6629817485809326,1.561737298965454,0.0,0.795274555683136,0.0,0.0,0.0,1.649863600730896
final_internal_val_00033,final_internal_val,C4,53,early,0,early,0.2105925131183229,0.3057655394077301,0.9553659558296204,0.0307794343680143,0.0138546014204621,0.0446340441703796,0.1911947881200758,0,0.0,1.3767262697219849,2.499231100082397,0.0,0.0,1.8795723915100095,0.7679582238197327,2.2212655544281006,0.6955121159553528,0.0,0.0,0.0,0.0,0.1989025771617889,2.391838550567627,1.322006344795227,0.1321260631084442,0.0,2.57899022102356,0.0,0.0,0.0,0.0,2.168951988220215,0.1572888195514679,0.3506756722927093,0.0,0.0,0.0,0.148429125547409,0.0,3.385473728179932,0.0,0.8169494271278381,0.0,0.0,0.0,0.0,0.0,0.1490620821714401,0.0,2.3372368812561035,0.0,0.0,0.0,0.0022967159748077,0.0,0.0,2.561464786529541,0.0,0.6780279874801636,0.0,0.0,0.0,0.0,0.0,1.669661283493042,1.5454691648483276,0.0,0.7972553968429565,0.0,0.0,0.0,1.650967359542847
final_internal_val_00034,final_internal_val,C4,54,early,0,early,0.2130493589142454,0.3061124980449676,0.955467700958252,0.030656473711133,0.0138757927343249,0.044532299041748,0.1908917225625997,0,0.0,1.3854206800460815,2.495845317840576,0.0,0.0,1.8792695999145508,0.7715597152709961,2.224048614501953,0.6917963027954102,0.0,0.0,0.0,0.0,0.2060383856296539,2.3923861980438232,1.311340570449829,0.124202162027359,0.0,2.5721242427825928,0.0,0.0,0.0,0.0,2.173573732376098,0.1584074795246124,0.3442298471927643,0.0,0.0,0.0,0.1542350053787231,0.0,3.387045860290528,0.0,0.8222841024398804,0.0,0.0,0.0,0.0,0.0,0.1565587967634201,0.0,2.341095447540283,0.0,0.0,0.0,0.0,0.0,0.0,2.564941883087158,0.0,0.6610350012779236,0.0,0.0,0.0,0.0,0.0,1.66387939453125,1.5518232583999634,0.0,0.7957192063331604,0.0,0.0,0.0,1.6494299173355105
final_internal_val_00035,final_internal_val,C4,55,early,0,early,0.215530910675895,0.3063684403896332,0.9550824165344238,0.0310497898608446,0.0138678885996341,0.0449175834655761,0.192090136335013,0,0.0,1.3920973539352417,2.4926764965057373,0.0,0.0,1.8780840635299685,0.7628046870231628,2.222217798233032,0.7094294428825378,0.0,0.0,0.0,0.0,0.2148520648479461,2.388681650161743,1.3049319982528689,0.1081256419420242,0.0,2.5763049125671387,0.0,0.0,0.0,0.0,2.165372371673584,0.1548552811145782,0.3363626301288605,0.0,0.0,0.0,0.1529157757759094,0.0,3.374027967453003,0.0,0.8200556635856628,0.0,0.0,0.0,0.0,0.0,0.1492362320423126,0.0,2.3416779041290283,0.0,0.0,0.0,0.0,0.0,0.0,2.555869579315185,0.0,0.662665069103241,0.0,0.0,0.0,0.0,0.0,1.6522611379623413,1.5478111505508425,0.0,0.7968559265136719,0.0,0.0,0.0,1.6465076208114624
final_internal_val_00036,final_internal_val,C4,56,early,0,early,0.2180369898811809,0.3058828711509704,0.9550926089286804,0.0310884453356266,0.0138189708814024,0.0449073910713195,0.1920221961552154,0,0.0,1.3911347389221191,2.4949791431427,0.0,0.0,1.8751530647277832,0.7582387328147888,2.222602128982544,0.7078670859336853,0.0,0.0,0.0,0.0,0.2118573486804962,2.393117666244507,1.3136765956878662,0.104833647608757,0.0,2.581923723220825,0.0,0.0,0.0,0.0,2.1590359210968018,0.1551892161369323,0.3384325504302978,0.0,0.0,0.0,0.1520739495754242,0.0,3.3707141876220703,0.0,0.8224725723266602,0.0,0.0,0.0,0.0,0.0,0.1477924585342407,0.0,2.339592456817627,0.0,0.0,0.0,0.0,0.0,0.0,2.5579581260681152,0.0,0.6744273900985718,0.0,0.0,0.0,0.0,0.0,1.660265326499939,1.541781306266785,0.0,0.799920380115509,0.0,0.0,0.0,1.6433454751968384
final_internal_val_00037,final_internal_val,C4,57,early,0,early,0.2205671313022277,0.3062755763530731,0.9550867080688475,0.0306920632719993,0.0142211988568305,0.0449132919311523,0.1923297512713885,0,0.0,1.3926258087158203,2.486051559448242,0.0,0.0,1.869144916534424,0.7749493718147278,2.214400053024292,0.6611247062683105,0.0,0.0,0.0,0.0,0.1938436925411224,2.398698329925537,1.295524835586548,0.1107148975133895,0.0,2.55356764793396,0.0014919005334377,0.0,0.0,0.0,2.1583733558654785,0.180976003408432,0.3356113135814667,0.0,0.0,0.0,0.1658022403717041,0.0,3.365183591842652,0.0111758708953857,0.8375802040100098,0.0,0.0,0.0,0.0,0.0,0.1820674687623977,0.0,2.3391013145446777,0.0,0.0,0.0,0.0,0.0,0.0,2.558870792388916,0.0,0.6347112059593201,0.0,0.0,0.0,0.0,0.0,1.664766788482666,1.5511833429336548,0.0,0.797761857509613,0.0,0.0,0.0,1.6398661136627195
final_internal_val_00038,final_internal_val,C4,160,middle,1,middle,0.3560202628099148,0.4132846891880035,0.0206460896879434,0.962309718132019,0.017044199630618,0.0376902818679809,0.169746430081212,0,0.6402667760848999,0.0,0.0,0.0,0.7054181694984436,0.2736111879348755,0.0,0.0,2.329284429550171,0.0,0.9528375864028932,0.0,1.5911924839019775,1.2877438068389893,1.638423204421997,0.4042006731033325,0.0,1.592324137687683,1.92929482460022,0.0,0.0,1.9818559885025024,0.0,0.0,0.0,0.0,0.0881103128194809,0.0,0.272249311208725,0.0,0.0478615723550319,0.0,0.0,0.0,0.0,0.0,0.3682087361812591,0.0,0.9924594163894652,0.0,1.454261064529419,0.7107831835746765,0.0,2.0674595832824707,0.1007189601659774,2.7222893238067627,1.5600574016571045,0.0,0.0,0.5276485681533813,1.6127482652664185,0.0,0.0,0.0,0.0,1.3463783264160156,0.0,0.0,0.0,0.6638124585151672,0.5764485597610474,0.0,0.0,0.6158549189567566
final_internal_val_00039,final_internal_val,C4,161,middle,1,middle,0.3560300796500036,0.4211509823799133,0.0200084187090396,0.9621917605400084,0.0177998691797256,0.0378082394599914,0.1702667984177933,0,0.6543985605239868,0.0,0.0,0.0,0.7280405759811401,0.2312942743301391,0.0,0.0,2.2499027252197266,0.0,0.9398987293243408,0.0,1.6132298707962036,1.3174458742141724,1.594085454940796,0.3589132130146026,0.0,1.6189346313476562,1.8339364528656008,0.0,0.0,2.012760877609253,0.0,0.0,0.0,0.0,0.114968717098236,0.0,0.2615198791027069,0.0,0.0117228254675865,0.0,0.0421063676476478,0.0,0.0,0.0,0.2933024764060974,0.0,1.0698120594024658,0.0,1.463708758354187,0.6808205842971802,0.0,2.134242534637451,0.1126642152667045,2.6753134727478027,1.485957384109497,0.0,0.0,0.5248963832855225,1.5551692247390747,0.0,0.0,0.0,0.0,1.3718611001968384,0.0,0.0,0.0,0.6095201969146729,0.6362301707267761,0.0,0.0,0.6433025002479553
final_internal_val_00040,final_internal_val,C4,162,middle,1,middle,0.3560326612905548,0.4136688113212585,0.0213084798306226,0.9617998003959656,0.0168917458504438,0.0382001996040344,0.1714927327781103,0,0.6769567131996155,0.0,0.0,0.0,0.7367281913757324,0.2785779535770416,0.0,0.0,2.2317984104156494,0.0,0.8755114078521729,0.0,1.5942190885543823,1.2602391242980957,1.6326115131378174,0.3500348627567291,0.0,1.6115387678146362,1.9068171977996824,0.0,0.0,1.9721633195877075,0.0,0.0,0.0,0.0,0.0606315955519676,0.0,0.2183324098587036,0.0,0.0034669376909732,0.0,0.0,0.0,0.0,0.0,0.3437905013561249,0.0,0.9937379360198976,0.0,1.4156466722488403,0.7424924373626709,0.0,2.08149528503418,0.0565523952245712,2.692570447921753,1.4700713157653809,0.0,0.0,0.4987098276615143,1.598311185836792,0.0,0.0,0.0,0.0,1.4094754457473757,0.0,0.0,0.0,0.6604908108711243,0.5931113362312317,0.0,0.0,0.6136562824249268
final_internal_val_00041,final_internal_val,C4,163,middle,1,middle,0.3560326612905548,0.4192080199718475,0.0210839491337537,0.961384415626526,0.0175315532833337,0.0386155843734741,0.1730561164762562,0,0.6973398923873901,0.0,0.0,0.0,0.7209061980247498,0.2822097837924957,0.0,0.0,2.185532808303833,0.0,0.8950742483139038,0.0,1.5732296705245972,1.2803964614868164,1.6147078275680542,0.3575784265995025,0.0,1.612215518951416,1.84328293800354,0.0,0.0,1.9619910717010496,0.0,0.0,0.0,0.0,0.0770751386880874,0.0,0.2598800361156463,0.0,0.0188808999955654,0.0,0.0301606059074401,0.0,0.0,0.0,0.3345259428024292,0.0,1.0157943964004517,0.0,1.4315701723098757,0.7150005102157593,0.0,2.080296516418457,0.0959854796528816,2.6943392753601074,1.423517823219299,0.0,0.0,0.5339113473892212,1.610601782798767,0.0,0.0,0.0,0.0,1.439426302909851,0.0,0.0,0.0,0.6401406526565552,0.652600884437561,0.0,0.0,0.6181073188781738
final_internal_val_00042,final_internal_val,C4,164,middle,1,middle,0.3560326612905548,0.4180842638015747,0.0216639153659343,0.9606362581253052,0.0176998600363731,0.0393637418746948,0.1756778288645735,0,0.6993169188499451,0.0,0.0,0.0,0.7207433581352234,0.306780606508255,0.0,0.0,2.149088144302368,0.0,0.8841186165809631,0.0,1.5452474355697632,1.263874888420105,1.6121711730957031,0.3615626394748688,0.0,1.6144461631774902,1.841456413269043,0.0,0.0,1.963663101196289,0.0,0.0,0.0,0.0,0.0653021335601806,0.0,0.2489341497421264,0.0,0.0160240791738033,0.0,0.0188089832663536,0.0,0.0,0.0,0.3608494997024536,0.0,0.9945275783538818,0.0,1.4216327667236328,0.7170040607452393,0.0,2.0544180870056152,0.0792637690901756,2.6907479763031006,1.3811285495758057,0.0,0.0,0.5352290272712708,1.6150248050689695,0.0,0.0,0.0,0.0,1.454137086868286,0.0,0.0,0.0,0.6333180665969849,0.6561949849128723,0.0,0.0,0.6073397397994995
final_internal_val_00043,final_internal_val,C4,165,middle,1,middle,0.3560326612905548,0.4197680652141571,0.021869396790862,0.9599032402038574,0.0182273928076028,0.0400967597961425,0.1782967064560096,0,0.7025318145751953,0.0,0.0,0.0,0.6958075761795044,0.3039721548557281,0.0,0.0,2.124354600906372,0.0,0.8761469721794128,0.0,1.5342073440551758,1.2736905813217163,1.5652480125427246,0.3546400368213653,0.0,1.5940327644348145,1.826700210571289,0.0,0.0,1.9745497703552248,0.0,0.0,0.0,0.0,0.0712248384952545,0.0,0.2575771808624267,0.0,0.0040641799569129,0.0,0.0245758816599845,0.0,0.0,0.0,0.345172107219696,0.0,1.0074151754379272,0.0,1.4035109281539917,0.6929251551628113,0.0,2.0469870567321777,0.0850508660078048,2.691124677658081,1.3665026426315308,0.0,0.0,0.5363443493843079,1.5883848667144775,0.0,0.0,0.0,0.0,1.4668108224868774,0.0,0.0,0.0,0.6407793164253235,0.6659857034683228,0.0,0.0,0.6126886010169983
final_internal_val_00044,final_internal_val,C4,166,middle,1,middle,0.3560326612905548,0.4190571010112762,0.0233207792043685,0.958039939403534,0.0186392739415168,0.041960060596466,0.1847301762506285,0,0.7082881331443787,0.0,0.0,0.0,0.6877076029777527,0.332938551902771,0.0,0.0,2.1039724349975586,0.0,0.8345081210136414,0.0,1.517903208732605,1.2517704963684082,1.558704853057861,0.3441050052642822,0.0,1.552762150764465,1.8371853828430176,0.0,0.0,1.9327458143234253,0.0,0.0,0.0,0.0,0.0643259435892105,0.0,0.2365494966506958,0.0,0.0,0.0,0.0050943493843078,0.0,0.0,0.0,0.3477703630924225,0.0,0.9732562303543092,0.0,1.3427578210830688,0.7153471112251282,0.0,1.995915770530701,0.0741124600172042,2.669020175933838,1.3378831148147583,0.0,0.0,0.5371520519256592,1.59052574634552,0.0,0.0,0.0,0.0,1.482848882675171,0.0,0.0,0.0,0.6492000222206116,0.6563013792037964,0.0,0.0,0.6188139915466309
final_internal_val_00045,final_internal_val,C4,167,middle,1,middle,0.3560326612905548,0.4229848682880401,0.0237402077764272,0.9566494226455688,0.0196103937923908,0.0433505773544311,0.1896041279792122,0,0.7116618752479553,0.0,0.0,0.0,0.6616883277893066,0.3372797071933746,0.0,0.0,2.099310874938965,0.0,0.8414351344108582,0.0,1.5039000511169434,1.254939079284668,1.529351830482483,0.338379830121994,0.0,1.5295287370681765,1.8010101318359375,0.0,0.0,1.9218937158584597,0.0,0.0,0.0,0.0,0.0822157189249992,0.0,0.2670318484306335,0.0,0.0,0.0,0.0348268672823905,0.0,0.0,0.0,0.3303606510162353,0.0,0.9845583438873292,0.0,1.3252055644989014,0.6977408528327942,0.0,1.9762351512908936,0.1013098210096359,2.670728921890259,1.3224197626113892,0.0,0.0,0.553244411945343,1.5693721771240234,0.0,0.0,0.0,0.0,1.476813554763794,0.0,0.0,0.0157495513558387,0.648797333240509,0.6663070917129517,0.0,0.0,0.6375474333763123
final_internal_val_00046,final_internal_val,C4,168,middle,1,middle,0.3560326612905548,0.4204238653182983,0.0255699902772903,0.9546673893928528,0.0197626017034053,0.0453326106071472,0.1962340261395387,0,0.7081834673881531,0.0,0.0,0.0,0.6495295763015747,0.3618458807468414,0.0,0.0,2.089467287063598,0.0,0.781581461429596,0.0,1.4856607913970947,1.2406318187713623,1.5354018211364746,0.3275905847549438,0.0,1.4880504608154297,1.834150791168213,0.0,0.0,1.876684546470642,0.0,0.0,0.0,0.0,0.0810505449771881,0.0,0.2350212335586547,0.0,0.0,0.0,0.0,0.0,0.0,0.0,0.3294314444065094,0.0,0.9378291964530944,0.0,1.263455510139465,0.7289648652076721,0.0,1.9270341396331787,0.073616437613964,2.648064136505127,1.3141084909439087,0.0,0.0,0.5430158376693726,1.5700713396072388,0.0,0.0,0.0,0.0,1.470507264137268,0.0,0.0,0.0,0.6609246134757996,0.6428056955337524,0.0,0.0,0.6364830136299133
final_internal_val_00047,final_internal_val,C4,169,middle,1,middle,0.3560326612905548,0.4229332208633423,0.0272980816662311,0.9512090682983398,0.0214928146451711,0.0487909317016601,0.2079102289660987,0,0.6945868134498596,0.0,0.0,0.0,0.6148040890693665,0.3620884418487549,0.0,0.0,2.0696046352386475,0.0,0.7792108058929443,0.0,1.443091630935669,1.2327560186386108,1.50462543964386,0.3251345753669739,0.0,1.445410132408142,1.7951998710632324,0.0,0.0,1.830667495727539,0.0,0.0,0.0,0.0,0.103176973760128,0.0,0.2465609312057495,0.0,0.0,0.0,0.0059767216444015,0.0,0.0,0.0,0.3182495236396789,0.0,0.9213349223136902,0.0,1.2196829319000244,0.712616503238678,0.0,1.8779338598251345,0.0919223129749298,2.604578971862793,1.300336241722107,0.0,0.0,0.5484398007392883,1.530079960823059,0.0,0.0,0.0,0.0,1.453846454620361,0.0,0.0,0.0,0.6478299498558044,0.6391591429710388,0.0,0.0,0.6381562352180481
final_internal_val_00048,final_internal_val,C4,170,middle,1,middle,0.3560326612905548,0.4223524034023285,0.0296959392726421,0.947385311126709,0.0229187570512294,0.052614688873291,0.2204374405291056,0,0.6733166575431824,0.0,0.0,0.0,0.5940189361572266,0.3630913496017456,0.0,0.0,2.033942937850952,0.0,0.7457178235054016,0.0,1.4191410541534424,1.2140569686889648,1.484003663063049,0.3393246829509735,0.0,1.401686191558838,1.796111822128296,0.0,0.0,1.7996147871017456,0.0,0.0,0.0,0.0,0.1106485724449157,0.0,0.2254813313484192,0.0,0.0,0.0,0.0,0.0,0.0,0.0,0.3042400479316711,0.0,0.8928777575492859,0.0,1.1759235858917236,0.7136701345443726,0.0,1.8323948383331297,0.0899492502212524,2.54706072807312,1.2963902950286863,0.0,0.0,0.5287433862686157,1.4813333749771118,0.0,0.0,0.0,0.0,1.40831196308136,0.0,0.0,0.0,0.653742253780365,0.6219376921653748,0.0,0.0,0.6445850729942322
final_internal_val_00049,final_internal_val,C4,171,middle,1,middle,0.3560326612905548,0.4212221205234527,0.0312840119004249,0.9449504017829896,0.0237656123936176,0.0550495982170105,0.2282568140353158,0,0.6685785055160522,0.0,0.0,0.0,0.5756999850273132,0.3705889284610748,0.0,0.0,2.010711431503296,0.0,0.7368761301040649,0.0,1.4025996923446655,1.1935791969299316,1.467521071434021,0.3601991832256317,0.0,1.3624175786972046,1.803972005844116,0.0,0.0,1.7626194953918457,0.0,0.0,0.0,0.0,0.10148885846138,0.0,0.2117158025503158,0.0,0.0,0.0,0.0,0.0,0.0,0.0,0.313961923122406,0.0,0.8838075995445251,0.0,1.1473023891448977,0.7227311730384827,0.0,1.8116728067398071,0.0882752239704132,2.514849901199341,1.296272039413452,0.0,0.0,0.5225965976715088,1.4578380584716797,0.0,0.0,0.0,0.0,1.3883064985275269,0.0,0.0,0.0,0.6725208759307861,0.6164088845252991,0.0,0.0,0.6400680541992188
final_internal_val_00050,final_internal_val,C4,172,middle,1,middle,0.3560326612905548,0.4215050339698791,0.0330675952136516,0.9422023892402648,0.0247299429029226,0.0577976107597351,0.2369558697736989,0,0.6695796251296997,0.0,0.0,0.0,0.5501528382301331,0.3788960874080658,0.0,0.0,1.9856410026550293,0.0,0.7175195217132568,0.0,1.38883376121521,1.1790266036987305,1.464186668395996,0.3830694556236267,0.0,1.3280049562454224,1.812770128250122,0.0,0.0,1.7299748659133911,0.0,0.0,0.0,0.0,0.1093906611204147,0.0,0.2171568572521209,0.0,0.0,0.0,0.0,0.0,0.0,0.0,0.3057684600353241,0.0,0.8670779466629028,0.0,1.1313254833221436,0.7271665334701538,0.0,1.7888646125793457,0.097848042845726,2.4807584285736084,1.2818684577941897,0.0,0.0,0.5054966807365417,1.429969072341919,0.0,0.0,0.0,0.0,1.361905217170715,0.0,0.0,0.0,0.6828544735908508,0.6193757057189941,0.0,0.0,0.6548590064048767
final_internal_val_00051,final_internal_val,C4,173,middle,1,middle,0.3560326612905548,0.4199690520763397,0.0317683145403862,0.9444541931152344,0.0237775407731533,0.0555458068847656,0.2297956340150322,0,0.6825360655784607,0.0,0.0,0.0,0.5528272390365601,0.3528014421463012,0.0,0.0,2.0090463161468506,0.0,0.714400589466095,0.0,1.406399130821228,1.1875938177108765,1.4566503763198853,0.3735629916191101,0.0,1.3417985439300537,1.81732177734375,0.0,0.0,1.7464196681976318,0.0,0.0,0.0,0.0,0.0943934470415115,0.0,0.2047659009695053,0.0,0.0,0.0,0.0,0.0,0.0,0.0,0.3141852617263794,0.0,0.8637561202049255,0.0,1.1491972208023071,0.7288966178894043,0.0,1.8117120265960691,0.1008399054408073,2.5139894485473637,1.3192590475082395,0.0,0.0,0.5012476444244385,1.4579412937164309,0.0,0.0,0.0,0.0,1.3786152601242063,0.0,0.0,0.0,0.6914883255958557,0.6191535592079163,0.0,0.0,0.6369675993919373
final_internal_val_00052,final_internal_val,C4,174,middle,1,middle,0.3560326612905548,0.4219880998134613,0.0294258967041969,0.9473056793212892,0.0232684295624494,0.0526943206787109,0.2207673349297919,0,0.6898977160453796,0.0,0.0,0.0,0.5614305734634399,0.3081450462341308,0.0,0.0,2.037441730499268,0.0,0.746009349822998,0.0,1.4319711923599243,1.2134250402450562,1.445518136024475,0.3531162738800049,0.0,1.3742996454238892,1.788477659225464,0.0,0.0,1.7827651500701904,0.0,0.0,0.0,0.0,0.1113308519124984,0.0,0.2109215706586837,0.0,0.0,0.0,0.0,0.0,0.0,0.0,0.3023906648159027,0.0,0.8907660245895386,0.0,1.1971033811569214,0.708280622959137,0.0,1.8722983598709104,0.1161369234323501,2.5434257984161377,1.3437126874923706,0.0,0.0,0.5159720182418823,1.4550880193710327,0.0,0.0,0.0,0.0,1.391459345817566,0.0,0.0,0.0,0.6722901463508606,0.6397721767425537,0.0,0.0,0.6239747405052185
final_internal_val_00053,final_internal_val,C4,274,late,2,late,0.7174813573272468,0.7324543595314026,0.0078088729642331,0.005026388913393,0.9871647357940674,0.0128352642059326,0.0703159701655888,0,0.0,0.0,0.0623387843370437,0.4428064823150635,0.0,0.1219430193305015,1.974062204360962,0.0,0.0,0.0168891325592994,2.2369813919067383,0.0,0.0,0.0,0.0,0.0,1.4301776885986328,0.0,0.0,1.5749017000198364,1.7485225200653076,0.0,0.9334550499916076,0.0,2.1871683597564697,1.465194582939148,1.1897410154342651,0.0,2.279552698135376,0.0045598670840263,0.0,0.0,0.3281501531600952,1.2163833379745483,0.0,1.407751202583313,0.0,0.0,1.342014193534851,1.6985851526260376,1.1444883346557615,0.0,0.0523807927966117,0.0470781624317169,2.174825668334961,0.0,0.0,0.0,0.0,1.5380182266235352,0.0,0.0,1.2631447315216064,0.0,1.3940825462341309,0.0,1.262853741645813,1.5119551420211792,2.892321825027466,0.0,0.4364258348941803,0.9380961060523988,1.9627424478530884,0.0
final_internal_val_00054,final_internal_val,C4,275,late,2,late,0.725076974002951,0.7319713830947876,0.0077674621716141,0.0050555430352687,0.9871769547462464,0.0128230452537536,0.0702735363759108,0,0.0,0.0,0.0562255010008811,0.4468966126441955,0.0,0.1084393337368965,1.97621750831604,0.0,0.0,0.0283353850245475,2.237222194671631,0.0,0.0,0.0,0.0,0.0,1.4298317432403564,0.0,0.0,1.5633848905563354,1.7499438524246216,0.0,0.935774862766266,0.0,2.1893110275268555,1.4635670185089111,1.19542133808136,0.0,2.266464233398437,0.0026624351739883,0.0,0.0,0.3356263041496277,1.204258918762207,0.0,1.3949949741363523,0.0,0.0,1.3431830406188965,1.7041311264038086,1.1456924676895142,0.0,0.046177465468645,0.0522228293120861,2.184834718704224,0.0,0.0,0.0,0.0,1.5323240756988523,0.0,0.0,1.2664861679077148,0.0,1.395712971687317,0.0,1.2442867755889893,1.4959125518798828,2.896214723587036,0.0090770907700061,0.4396710991859436,0.9386378526687622,1.9593218564987185,0.0
final_internal_val_00055,final_internal_val,C4,276,late,2,late,0.7326792734871995,0.7315043210983276,0.0077641028910875,0.0050571267493069,0.9871788024902344,0.0128211975097656,0.0702662527111971,0,0.0,0.0,0.0524961277842521,0.448161780834198,0.0,0.0989992767572403,1.973491072654724,0.0,0.0,0.0374996326863765,2.234844446182251,0.0,0.0,0.0,0.0,0.0,1.4323079586029053,0.0,0.0,1.559880018234253,1.7447417974472046,0.0,0.9327139258384703,0.0,2.191837310791016,1.4623422622680664,1.1978298425674438,0.0,2.252894401550293,0.0097086355090141,0.0,0.0,0.3380589485168457,1.202802062034607,0.0,1.3899067640304563,0.0,0.0,1.339291214942932,1.7027606964111328,1.1393994092941284,0.0,0.0407811999320983,0.044539738446474,2.1850831508636475,0.0,0.0,0.0,0.0,1.5308234691619873,0.0,0.0,1.2668521404266355,0.0,1.3901710510253906,0.0,1.242482304573059,1.4890555143356323,2.902448892593384,0.0060026459395885,0.4331587255001068,0.9399470090866088,1.960721015930176,0.0
final_internal_val_00056,final_internal_val,C4,277,late,2,late,0.7402857025027645,0.7313327789306641,0.0077653224579989,0.0050280024297535,0.9872066974639891,0.0127933025360107,0.0701317558409888,0,0.0,0.0,0.0533132553100585,0.4519874453544616,0.0,0.0964019894599914,1.9729197025299072,0.0,0.0,0.0367383882403373,2.2283380031585693,0.0,0.0,0.0,0.0,0.0,1.4375691413879397,0.0,0.0,1.5616332292556765,1.742882251739502,0.0,0.9318674206733704,0.0,2.192046403884888,1.4682666063308716,1.1990405321121216,0.0,2.252032995223999,0.0159504264593124,0.0,0.0,0.3366617560386657,1.2089362144470217,0.0,1.3893393278121948,0.0,0.0,1.3329010009765625,1.7000749111175537,1.142644286155701,0.0,0.0349841304123401,0.0341050587594509,2.178337335586548,0.0,0.0,0.0,0.0,1.5301830768585205,0.0,0.0,1.2649157047271729,0.0,1.392971754074097,0.0,1.252884030342102,1.4943410158157349,2.8998944759368896,0.0,0.4198188483715057,0.940744400024414,1.9662832021713257,0.0
final_internal_val_00057,final_internal_val,C4,278,late,2,late,0.7478937147104463,0.7311182618141174,0.0077738487161695,0.0050305426120758,0.9871954917907716,0.0128045082092285,0.0701816835315129,0,0.0,0.0,0.0487707182765007,0.4513204991817474,0.0,0.0931435599923133,1.971902847290039,0.0,0.0,0.0401986762881279,2.2262966632843018,0.0,0.0,0.0,0.0,0.0,1.4410653114318848,0.0,0.0,1.5612099170684814,1.738952875137329,0.0,0.9304860830307008,0.0,2.1911206245422363,1.4670873880386353,1.1998839378356934,0.0,2.248026132583618,0.0187210291624069,0.0,0.0,0.3365190327167511,1.210208535194397,0.0,1.3872767686843872,0.0,0.0,1.329732060432434,1.698137640953064,1.1417860984802246,0.0,0.0317741855978965,0.0309371184557676,2.173539638519287,0.0,0.0,0.0,0.0,1.5289928913116455,0.0,0.0,1.263914942741394,0.0,1.3897939920425415,0.0,1.2540388107299805,1.4932348728179932,2.9017374515533447,0.0,0.4157651662826538,0.9421377182006836,1.9660314321517944,0.0
final_internal_val_00058,final_internal_val,C4,279,late,2,late,0.7555007720306038,0.7309176921844482,0.0078038964420557,0.0050124754197895,0.9871835708618164,0.0128164291381835,0.0702272166086901,0,0.0,0.0,0.0537732914090156,0.453528493642807,0.0,0.09528748691082,1.9704773426055908,0.0,0.0,0.0368337966501712,2.220932722091675,0.0,0.0,0.0,0.0,0.0,1.443287372589111,0.0,0.0,1.5655992031097412,1.7353979349136353,0.0,0.9281979203224182,0.0,2.1914541721343994,1.4718787670135498,1.1996992826461792,0.0,2.2498233318328857,0.0239953026175498,0.0,0.0,0.334616869688034,1.2181421518325806,0.0,1.3887275457382202,0.0,0.0,1.3255908489227295,1.694211483001709,1.1421126127243042,0.0,0.0297514665871858,0.0232942029833793,2.1679975986480717,0.0,0.0,0.0,0.0,1.5302364826202393,0.0,0.0,1.2611771821975708,0.0,1.3920578956604004,0.0,1.2673133611679075,1.5002156496047974,2.899857997894287,0.0,0.4064758419990539,0.9418992400169371,1.9707460403442385,0.0
final_internal_val_00059,final_internal_val,C4,280,late,2,late,0.7631043467080438,0.7307389378547668,0.0078063062392175,0.0050061675719916,0.9871875047683716,0.0128124952316284,0.0702074611940613,0,0.0,0.0,0.0545938462018966,0.4539287686347961,0.0,0.0879247337579727,1.9676250219345093,0.0,0.0,0.041494145989418,2.2189836502075195,0.0,0.0,0.0,0.0,0.0,1.443838119506836,0.0,0.0,1.5642939805984497,1.7348272800445557,0.0,0.926660180091858,0.0,2.1920979022979736,1.4733346700668335,1.2007077932357788,0.0,2.242600679397583,0.0304134711623191,0.0,0.0,0.3336708545684814,1.2173688411712646,0.0,1.3871642351150513,0.0,0.0,1.3245000839233398,1.692825198173523,1.1374934911727903,0.0,0.0271662585437297,0.0149192893877625,2.167717456817627,0.0,0.0,0.0,0.0,1.5308353900909424,0.0,0.0,1.2592192888259888,0.0,1.3867889642715454,0.0,1.2712008953094482,1.4980063438415527,2.9062047004699707,0.0,0.4011500477790832,0.9431979656219482,1.973221063613892,0.0
test_C6_00000,test_C6,C6,12,early,0,early,0.0543003305631503,0.3084273636341095,0.953852355480194,0.0314449332654476,0.0147026730701327,0.0461476445198059,0.1965130298325786,0,0.0,1.3692562580108645,2.484408378601074,0.0,0.0,1.8800151348114011,0.7957918047904968,2.178091287612915,0.6504619717597961,0.0,0.0,0.0,0.0,0.1896764039993286,2.3929622173309326,1.2873528003692627,0.1349978893995285,0.0,2.487540006637573,0.0118391625583171,0.0,0.0,0.0,2.142536163330078,0.1405152827501297,0.3295261263847351,0.0,0.0,0.0,0.163895308971405,0.0,3.3417649269104004,0.0431590974330902,0.7974453568458557,0.0,0.0,0.0,0.0,0.0,0.159744381904602,0.0,2.3399953842163086,0.0,0.0,0.0,0.0054729953408241,0.0,0.0,2.535252571105957,0.0,0.6366977691650391,0.0,0.0,0.0,0.00564806163311,0.0,1.6474512815475464,1.5335086584091189,0.0,0.740720272064209,0.0,0.0,0.0,1.6150108575820925
test_C6_00001,test_C6,C6,13,early,0,early,0.0607357409228696,0.31106698513031,0.9517534971237184,0.0332558825612068,0.0149906519800424,0.0482465028762817,0.203180241515489,0,0.0,1.3406012058258057,2.477344751358032,0.0,0.0,1.878226637840271,0.7680450677871704,2.1516807079315186,0.6768200397491455,0.0,0.0,0.0,0.0,0.1903840899467468,2.3680243492126465,1.2857691049575806,0.1219968646764755,0.0,2.480844736099243,2.1491199731826786e-05,0.0,0.0,0.0,2.103888511657715,0.1111047714948654,0.3264877200126648,0.0,0.0,0.0,0.161104530096054,0.0,3.3014492988586426,0.0368021056056022,0.7809505462646484,0.0,0.0,0.0,0.0,0.0,0.1297057718038559,0.0,2.319774866104126,0.0,0.0,0.0,0.0442393720149993,0.0,0.0,2.489356517791748,0.0,0.6574984192848206,0.0,0.0,0.0,0.0255931988358497,0.0,1.6185063123703003,1.5041214227676392,0.0,0.7381303906440735,0.0,0.0,0.0,1.6108074188232422
test_C6_00002,test_C6,C6,14,early,0,early,0.0675207371477249,0.3111720383167267,0.9515602588653564,0.0336621738970279,0.014777629636228,0.0484397411346435,0.2036121072221683,0,0.0,1.3319339752197266,2.4904379844665527,0.0,0.0,1.881381869316101,0.7532322406768799,2.151462316513061,0.7100434303283691,0.0,0.0,0.0,0.0,0.1847496628761291,2.363122940063477,1.303085207939148,0.1212940737605094,0.0,2.499811172485352,0.0,0.0,0.0,0.0,2.0982625484466557,0.0966893061995506,0.3328555226325989,0.0,0.0,0.0,0.15665864944458,0.0,3.3036389350891118,0.0338045135140419,0.7683300971984863,0.0,0.0,0.0,0.0,0.0,0.1153731197118759,0.0,2.3200693130493164,0.0,0.0,0.0,0.0730815827846527,0.0,0.0,2.4751672744750977,0.0,0.6772390007972717,0.0,0.0,0.0,0.0332974418997764,0.0,1.614582061767578,1.5022889375686646,0.0,0.7495361566543579,0.0,0.0,0.0,1.625338077545166
test_C6_00003,test_C6,C6,15,early,0,early,0.0746968680474152,0.310904860496521,0.95039165019989,0.0348266959190368,0.0147817023098468,0.0496083498001098,0.2071509781286998,0,0.0,1.308038592338562,2.4829461574554443,0.0,0.0,1.893155813217163,0.7435159683227539,2.1371405124664307,0.7415638566017151,0.0,0.0,0.0,0.0,0.1750795841217041,2.3499889373779297,1.3286426067352295,0.1350085735321045,0.0101078003644943,2.523969888687134,0.0,0.0,0.0,0.0,2.086732625961304,0.0759423673152923,0.3463268280029297,0.0,0.0,0.0,0.140228271484375,0.0,3.291422843933105,0.0363082215189933,0.7434829473495483,0.0,0.0,0.0,0.0,0.0,0.0970779657363891,0.0,2.309303045272827,0.0,0.0,0.0,0.1248355060815811,0.0,0.0,2.464057445526123,0.0,0.7145228981971741,0.0,0.0,0.0,0.0517429113388061,0.0,1.6126660108566284,1.473287582397461,0.0,0.747859537601471,0.0,0.0,0.0,1.6318836212158203
test_C6_00004,test_C6,C6,16,early,0,early,0.0810622745661246,0.3110153973102569,0.9494444131851196,0.035890195518732,0.014665444381535,0.0505555868148803,0.2098957261271078,0,0.0,1.2936755418777466,2.482848644256592,0.0,0.0,1.897775173187256,0.7269212603569031,2.132118463516236,0.7782915234565735,0.0,0.0,0.0,0.0,0.1806360185146331,2.341789722442627,1.3435773849487305,0.1273146569728851,0.0193803086876869,2.5455477237701416,0.0,0.0,0.0,0.0,2.07942008972168,0.0650202482938766,0.3487329185009002,0.0,0.0,0.0,0.1338259279727935,0.0,3.277829885482788,0.0295363143086433,0.7248972654342651,0.0,0.0,0.0,0.0,0.0,0.0773368179798126,0.0,2.3053653240203857,0.0,0.0,0.0,0.1615541130304336,0.0,0.0,2.448873996734619,0.0,0.7334058880805969,0.0,0.0,0.0,0.0604694262146949,0.0,1.6014742851257324,1.4568893909454346,0.0,0.7542838454246521,0.0,0.0,0.0,1.6375973224639893
test_C6_00005,test_C6,C6,17,early,0,early,0.0874276810764199,0.3112186789512634,0.9472103714942932,0.0380255989730358,0.0147639755159616,0.0527896285057067,0.2165769490309667,0,0.0,1.262508988380432,2.465813159942627,0.0,0.0,1.896400094032288,0.7019126415252686,2.1145448684692383,0.8231479525566101,0.0,0.0,0.0,0.0,0.1882376670837402,2.330784797668457,1.355713963508606,0.1152168810367584,0.0273712575435638,2.5658929347991943,0.0,0.0,0.0,0.0,2.058280229568481,0.0478409528732299,0.3549585044384002,0.0,0.0,0.0,0.1162801906466484,0.0,3.237720489501953,0.0168640166521072,0.710140585899353,0.0,0.0,0.0,0.0,0.0,0.0543344244360923,0.0,2.2886765003204346,0.0,0.0,0.0,0.2157045751810073,0.0,0.0,2.4203600883483887,0.0,0.7689111232757568,0.0,0.0,0.0,0.0589975751936435,0.0,1.5819083452224731,1.4205926656723022,0.0,0.756643533706665,0.0,0.0,0.0,1.634822130203247
test_C6_00006,test_C6,C6,18,early,0,early,0.0935881687037735,0.310677707195282,0.9462599754333496,0.0391161851584911,0.0146237723529338,0.0537400245666503,0.21922253339302,0,0.0,1.246850848197937,2.468684196472168,0.0,0.0,1.8999422788619995,0.6769203543663025,2.111243486404419,0.8546357154846191,0.0,0.0,0.0,0.0,0.1869225054979324,2.324794292449951,1.3663731813430786,0.1073966100811958,0.0352588668465614,2.5931262969970703,0.0,0.0,0.0,0.0,2.043417930603028,0.0455267205834388,0.3618555068969726,0.0,0.0,0.0,0.109651856124401,0.0,3.22186017036438,0.0070106908679008,0.6983799338340759,0.0,0.0,0.0,0.0,0.0,0.0380207151174545,0.0,2.281657695770264,0.0,0.0,0.0,0.2476567476987838,0.0,0.0,2.4037256240844727,0.0,0.7891420125961304,0.0,0.0,0.0,0.0561130791902542,0.0,1.578657627105713,1.3998652696609497,0.0,0.7786195278167725,0.0,0.0,0.0,1.6414477825164795
test_C6_00007,test_C6,C6,19,early,0,early,0.0995437374397715,0.3121246099472046,0.9431028962135316,0.0420581512153148,0.0148389302194118,0.0568971037864685,0.2284663448593353,0,0.0,1.240652561187744,2.452735185623169,0.0,0.0,1.8868132829666135,0.6506214141845703,2.0919814109802246,0.908325493335724,0.0,0.0,0.0,0.010601982474327,0.2028787732124328,2.31450629234314,1.3554298877716064,0.0953415185213089,0.0559623315930366,2.614156007766724,0.0,0.0,0.0,0.0,2.008105993270874,0.0331555679440498,0.3496446907520294,0.0,0.0,0.0,0.0971627756953239,0.0,3.165434598922729,0.0,0.6805689930915833,0.0,0.0,0.0,0.0,0.0,0.0217197518795728,0.0,2.2613561153411865,0.0,0.0,0.0,0.2911467552185058,0.0,0.0,2.352248191833496,0.0,0.8228092789649963,0.0,0.0,0.0,0.0537384673953056,0.0,1.5433844327926636,1.3654639720916748,0.0,0.7914219498634338,0.0,0.0,0.0,1.6374589204788208
test_C6_00008,test_C6,C6,20,early,0,early,0.1052943872844138,0.3115330934524536,0.9424165487289428,0.0427373871207237,0.0148459803313016,0.0575834512710571,0.2304107442473783,0,0.0,1.2390791177749634,2.451068639755249,0.0,0.0,1.8815360069274905,0.6377208828926086,2.091839075088501,0.9206968545913696,0.0,0.0,0.0,0.0141834504902362,0.2102821171283722,2.3100779056549072,1.3528670072555542,0.0877986773848533,0.0571058019995689,2.627234697341919,0.0,0.0,0.0,0.0,1.9981721639633176,0.0376934446394443,0.3487567007541656,0.0,0.0,0.0,0.0922267064452171,0.0,3.1495707035064697,0.0,0.6821855902671814,0.0,0.0,0.0,0.0,0.0,0.0177227761596441,0.0,2.2534821033477783,0.0,0.0,0.0,0.2940701842308044,0.0,0.0,2.3429031372070312,0.0,0.8286872506141663,0.0,0.0,0.0,0.0391270145773887,0.0,1.5343220233917236,1.3555408716201782,0.0,0.8032431602478027,0.0,0.0,0.0,1.6367512941360474
test_C6_00009,test_C6,C6,21,early,0,early,0.1108401182377004,0.3095632791519165,0.9472193717956544,0.0379470288753509,0.0148336226120591,0.0527806282043457,0.216610518994033,0,0.0,1.2860476970672607,2.479701280593872,0.0,0.0,1.8762394189834597,0.6734565496444702,2.1397316455841064,0.8372105956077576,0.0,0.0,0.0,0.0,0.1836333870887756,2.3222806453704834,1.3228429555892944,0.1057036444544792,0.0074174851179122,2.6024155616760254,0.0,0.0,0.0,0.0,2.034604072570801,0.0904029756784439,0.3452369272708893,0.0,0.0,0.0,0.1142660751938819,0.0,3.222487211227417,0.0,0.7225586771965027,0.0,0.0,0.0,0.0,0.0,0.0744040459394455,0.0,2.2752630710601807,0.0,0.0,0.0,0.1930231302976608,0.0,0.0,2.3983750343322754,0.0,0.7449775338172913,0.0,0.0,0.0,0.0137962028384208,0.0,1.575844645500183,1.4274345636367798,0.0,0.8004012703895569,0.0,0.0,0.0,1.64716899394989
test_C6_00010,test_C6,C6,22,early,0,early,0.1161809303080454,0.3078551888465881,0.9496676325798036,0.0357016623020172,0.0146306548267602,0.0503323674201965,0.2092011466367392,0,0.0,1.3127959966659546,2.494344472885132,0.0,0.0,1.8801963329315183,0.7017077207565308,2.165382146835327,0.7987871766090393,0.0,0.0,0.0,0.0,0.1716268658638,2.3337769508361816,1.3281700611114502,0.1268668472766876,0.0,2.594353199005127,0.0,0.0,0.0,0.0,2.072527885437012,0.1023916006088256,0.3482506573200226,0.0,0.0,0.0,0.1213230714201927,0.0,3.265885829925537,0.0029234066605567,0.7409288883209229,0.0,0.0,0.0,0.0,0.0,0.0991744473576545,0.0,2.291886568069458,0.0,0.0,0.0,0.1478404402732849,0.0,0.0,2.439964771270752,0.0,0.7246649861335754,0.0,0.0,0.0,0.0032645910978317,0.0,1.6011396646499634,1.4590058326721191,0.0,0.793408215045929,0.0,0.0,0.0,1.6480995416641235
test_C6_00011,test_C6,C6,23,early,0,early,0.1213168234786207,0.3078605234622955,0.9508517384529114,0.0343896858394146,0.0147586008533835,0.0491482615470886,0.2057455699294764,0,0.0,1.3308501243591309,2.4979827404022217,0.0,0.0,1.8735381364822388,0.7256274223327637,2.1791701316833496,0.7542438507080078,0.0,0.0,0.0,0.0,0.1672446131706237,2.3377013206481934,1.3166738748550415,0.1342811435461044,0.0,2.571113348007202,0.0,0.0,0.0,0.0,2.0893945693969727,0.1169053837656974,0.341775506734848,0.0,0.0,0.0,0.1313261091709137,0.0,3.281178474426269,0.0059187486767768,0.7578432559967041,0.0,0.0,0.0,0.0,0.0,0.1274595707654953,0.0,2.299440383911133,0.0,0.0,0.0,0.0994470715522766,0.0,0.0,2.461255550384521,0.0,0.6928954720497131,0.0,0.0,0.0,0.0,0.0,1.6051887273788452,1.482745885848999,0.0,0.7873532176017761,0.0,0.0,0.0,1.6406692266464231
test_C6_00012,test_C6,C6,24,early,0,early,0.1262477977578404,0.3084187507629394,0.9513874650001526,0.0336827263236045,0.0149296820163726,0.0486125349998474,0.2042505061925285,0,0.0,1.3415215015411377,2.496102333068848,0.0,0.0,1.8675096035003664,0.7371642589569092,2.1827051639556885,0.7207225561141968,0.0,0.0,0.0,0.0,0.1660489290952682,2.3400027751922607,1.303221583366394,0.1351217329502105,0.0,2.5504629611968994,0.0,0.0,0.0,0.0,2.0962531566619877,0.1258503496646881,0.3347978293895721,0.0,0.0,0.0,0.1396035850048065,0.0,3.2870936393737797,0.0080081298947334,0.770237386226654,0.0,0.0,0.0,0.0,0.0,0.1438924968242645,0.0,2.300387144088745,0.0,0.0,0.0,0.0640773028135299,0.0,0.0,2.4715733528137207,0.0,0.6640322804450989,0.0,0.0,0.0,0.0,0.0,1.6069279909133911,1.4982789754867554,0.0,0.7785535454750061,0.0,0.0,0.0,1.6351600885391235
test_C6_00013,test_C6,C6,25,early,0,early,0.13117877203706,0.3089019358158111,0.9520279765129088,0.0329797081649303,0.0149923004209995,0.047972023487091,0.202342267419247,0,0.0,1.3523660898208618,2.492366075515747,0.0,0.0,1.85984480381012,0.7529667019844055,2.1892898082733154,0.705578625202179,0.0,0.0,0.0,0.0,0.1690364778041839,2.3441710472106934,1.2891448736190796,0.1335693597793579,0.0,2.545910358428955,0.0,0.0,0.0,0.0,2.102362155914306,0.1459291577339172,0.3334981501102447,0.0,0.0,0.0,0.1414299607276916,0.0,3.3008697032928467,0.0042285844683647,0.786099374294281,0.0,0.0,0.0,0.0,0.0,0.1635612100362777,0.0,2.3079514503479004,0.0,0.0,0.0,0.0423534214496612,0.0,0.0,2.4824695587158203,0.0,0.6448065638542175,0.0,0.0,0.0,0.0,0.0,1.610001802444458,1.5210360288619995,0.0,0.7808405756950378,0.0,0.0,0.0,1.6387808322906494
test_C6_00014,test_C6,C6,26,early,0,early,0.1361097463162796,0.3093636631965637,0.952582597732544,0.0322404094040393,0.0151770133525133,0.047417402267456,0.2007684939870773,0,0.0,1.3612691164016724,2.484094858169556,0.0,0.0,1.8573989868164065,0.762464165687561,2.1894497871398926,0.6724546551704407,0.0,0.0,0.0,0.0,0.1628605723381042,2.34802794456482,1.272931694984436,0.1327799409627914,0.0,2.5316336154937744,0.0099338665604591,0.0,0.0,0.0,2.107877731323242,0.1666727662086486,0.3275147378444671,0.0,0.0,0.0,0.1503460705280304,0.0,3.308922529220581,0.0097117573022842,0.8030200004577637,0.0,0.0,0.0,0.0,0.0,0.1832814365625381,0.0,2.313732147216797,0.0,0.0,0.0,0.0117368921637535,0.0,0.0,2.490680694580078,0.0,0.6133811473846436,0.0,0.0,0.0,0.0,0.0,1.6169010400772097,1.5350220203399658,0.0,0.7779388427734375,0.0,0.0,0.0,1.6402454376220703
test_C6_00015,test_C6,C6,27,early,0,early,0.1410407205954993,0.3098851144313812,0.9526476860046388,0.0319205746054649,0.0154316779226064,0.0473523139953613,0.2007389659832004,0,0.0,1.3610601425170898,2.474224805831909,0.0,0.0,1.858221173286438,0.7738288640975952,2.182048082351685,0.6471216678619385,0.0,0.0,0.0,0.0,0.1603365391492843,2.3492136001586914,1.2609460353851318,0.133158192038536,0.0,2.515105962753296,0.0223996415734291,0.0,0.0,0.0,2.1042909622192383,0.1808076798915863,0.3237188756465912,0.0,0.0,0.0,0.1546856164932251,0.0,3.3078200817108154,0.0151444673538208,0.8166006207466125,0.0,0.0,0.0,0.0,0.0,0.1966868340969085,0.0,2.3117218017578125,0.0,0.0,0.0,0.0,0.0,0.0,2.49401330947876,0.0,0.5980179309844971,0.0,0.0,0.0,0.0,0.0,1.623288869857788,1.5421357154846191,0.0,0.7666817903518677,0.0,0.0,0.0,1.63386869430542
test_C6_00016,test_C6,C6,28,early,0,early,0.1459716948747189,0.3103255033493042,0.9526540040969848,0.031653419137001,0.0156925041228532,0.0473459959030151,0.2008889525090942,0,0.0,1.3650343418121338,2.462819099426269,0.0,0.0,1.855429768562317,0.7832786440849304,2.177356004714966,0.6197471022605896,0.0,0.0,0.0,0.0,0.1541274189949035,2.3527169227600098,1.2454473972320557,0.1318516731262207,0.0,2.501777172088623,0.0341933146119117,0.0,0.0,0.0,2.1040971279144287,0.195432960987091,0.3200990557670593,0.0,0.0,0.0,0.1580334603786468,0.0,3.303961038589477,0.0211770087480545,0.8277227878570557,0.0,0.0,0.0,0.0,0.0,0.2116541415452957,0.0,2.311109781265259,0.0,0.0,0.0,0.0,0.0,0.0,2.496077537536621,0.0,0.5735512971878052,0.0,0.0,0.0,0.0,0.0,1.626009225845337,1.5487022399902344,0.0,0.7603840231895447,0.0,0.0,0.0,1.6294094324111938
test_C6_00017,test_C6,C6,29,early,0,early,0.1509026691539386,0.3104191422462463,0.95267516374588,0.0313874892890453,0.0159373208880424,0.0473248362541198,0.2009770889212174,0,0.0,1.3693853616714478,2.45231556892395,0.0,0.0,1.851650595664978,0.7971639633178711,2.173651933670044,0.5962101221084595,0.0,0.0,0.0,0.0,0.1497486531734466,2.359621047973633,1.234183430671692,0.1328073143959045,0.0,2.487547874450684,0.0457133129239082,0.0,0.0,0.0,2.1060900688171387,0.2077622860670089,0.320455402135849,0.0,0.0,0.0,0.1613304316997528,0.0,3.300654888153076,0.0292377769947052,0.836568295955658,0.0,0.0,0.0,0.0,0.0,0.2269444316625595,0.0,2.3118021488189697,0.0,0.0,0.0,0.0,0.0,0.0,2.500399112701416,0.0,0.5539121627807617,0.0,0.0,0.0,0.0,0.0,1.6297950744628906,1.5543701648712158,0.0,0.7521225214004517,0.0,0.0,0.0,1.6221994161605835
test_C6_00018,test_C6,C6,30,early,0,early,0.1554870761471252,0.3101087212562561,0.9528656601905824,0.0311665032058954,0.0159678701311349,0.0471343398094177,0.2004035511885877,0,0.0,1.3734694719314575,2.4500412940979004,0.0,0.0,1.8521848917007449,0.8074179291725159,2.172825336456299,0.5883039832115173,0.0,0.0,0.0,0.0,0.1518596857786178,2.3665218353271484,1.2305305004119873,0.1303654015064239,0.0,2.4817709922790527,0.0524009466171264,0.0,0.0,0.0,2.11086654663086,0.2153114378452301,0.3186994194984436,0.0,0.0,0.0,0.1615355014801025,0.0,3.302487850189209,0.0329613462090492,0.8386416435241699,0.0,0.0,0.0,0.0,0.0,0.2355589717626571,0.0,2.316938877105713,0.0,0.0,0.0,0.0,0.0,0.0,2.5092287063598637,0.0,0.5452656745910645,0.0,0.0,0.0,0.0,0.0,1.6320420503616333,1.558385729789734,0.0,0.7476862072944641,0.0,0.0,0.0,1.6178232431411743
test_C6_00019,test_C6,C6,31,early,0,early,0.1597249158626929,0.3100453317165375,0.9532483220100404,0.0310382861644029,0.0157134011387825,0.0467516779899597,0.1990551237630377,0,0.0,1.378832459449768,2.451144933700561,0.0,0.0,1.8556638956069944,0.8083967566490173,2.17418909072876,0.5917946100234985,0.0,0.0,0.0,0.0,0.1594604104757309,2.373976945877075,1.2370697259902954,0.1300903409719467,0.0,2.481368064880371,0.0485593676567077,0.0,0.0,0.0,2.1228837966918945,0.2062649428844452,0.3173829019069671,0.0,0.0,0.0,0.1643893420696258,0.0,3.314631938934326,0.0356959179043769,0.8362956643104553,0.0,0.0,0.0,0.0,0.0,0.225992202758789,0.0,2.325995922088623,0.0,0.0,0.0,0.0,0.0,0.0,2.516173839569092,0.0,0.5582216382026672,0.0,0.0,0.0,0.0,0.0,1.6319061517715454,1.5585085153579712,0.0,0.749320387840271,0.0,0.0,0.0,1.6187182664871216
test_C6_00020,test_C6,C6,32,early,0,early,0.1636161882838135,0.3103636801242828,0.953287661075592,0.030978100374341,0.0157341957092285,0.0467123389244079,0.1989452041748804,0,0.0,1.3808705806732178,2.451991319656372,0.0,0.0,1.8565192222595213,0.8070952892303467,2.171525716781616,0.5846222043037415,0.0,0.0,0.0,0.0,0.1588845700025558,2.375115156173706,1.236548900604248,0.1316754668951034,0.0,2.473427057266236,0.0513631030917167,0.0,0.0,0.0,2.1199896335601807,0.2033059000968933,0.3153032660484314,0.0,0.0,0.0,0.1700420677661895,0.0,3.3166263103485107,0.0381141975522041,0.8352194428443909,0.0,0.0,0.0,0.0,0.0,0.2252178639173507,0.0,2.3291914463043213,0.0,0.0,0.0,0.0,0.0,0.0,2.5174951553344727,0.0,0.5528501272201538,0.0,0.0,0.0,0.0,0.0,1.63612961769104,1.5565181970596311,0.0,0.7418882846832275,0.0,0.0,0.0,1.6181092262268066
test_C6_00021,test_C6,C6,33,early,0,early,0.1671608934273151,0.3106437027454376,0.95305734872818,0.0307776350528001,0.0161650646477937,0.04694265127182,0.1999235210621718,0,0.0,1.38524067401886,2.442534685134888,0.0,0.0,1.85608983039856,0.8056851029396057,2.173454761505127,0.5450706481933594,0.0,0.0,0.0,0.0,0.1390457600355148,2.379356622695923,1.2264947891235352,0.1455927342176437,0.0,2.461090087890625,0.0609946474432945,0.0,0.0,0.0,2.108935594558716,0.2252086997032165,0.3096545934677124,0.0,0.0,0.0,0.1803089380264282,0.0,3.3081750869750977,0.042795717716217,0.8395962119102478,0.0,0.0,0.0,0.0,0.0,0.2462086379528045,0.0,2.3222577571868896,0.0,0.0,0.0,0.0,0.0,0.0,2.515620708465576,0.0,0.5118007063865662,0.0,0.0,0.0,0.0,0.0,1.6465834379196167,1.5491167306900024,0.0,0.7292160987854004,0.0,0.0,0.0,1.6157269477844238
test_C6_00022,test_C6,C6,34,early,0,early,0.1703590312763698,0.3106451332569122,0.9532911777496338,0.0306448116898536,0.0160639528185129,0.0467088222503662,0.1991327890594084,0,0.0,1.386497139930725,2.439046621322632,0.0,0.0,1.856617093086243,0.8060185313224792,2.173785924911499,0.5402075052261353,0.0,0.0,0.0,0.0,0.1388398259878158,2.382564783096313,1.229278326034546,0.1488869786262512,0.0,2.463989496231079,0.0598053634166717,0.0,0.0,0.0,2.1186177730560303,0.2226645052433014,0.3107976615428924,0.0,0.0,0.0,0.1808885633945465,0.0,3.318624258041382,0.0446894839406013,0.8430600166320801,0.0,0.0,0.0,0.0,0.0,0.2435056418180465,0.0,2.322839498519897,0.0,0.0,0.0,0.0,0.0,0.0,2.517737865447998,0.0,0.5209577083587646,0.0,0.0,0.0,0.0,0.0,1.6477452516555786,1.5498831272125244,0.0,0.7307168841362,0.0,0.0,0.0,1.616416573524475
test_C6_00023,test_C6,C6,35,early,0,early,0.1732106018478054,0.310836911201477,0.9532259702682496,0.0305677708238363,0.0162062775343656,0.0467740297317504,0.1994200123070416,0,0.0,1.3857567310333252,2.431710958480835,0.0,0.0,1.857503652572632,0.8101538419723511,2.1692593097686768,0.5304654836654663,0.0,0.0,0.0,0.0,0.1339351236820221,2.3783726692199707,1.2282862663269043,0.1568318009376526,0.0,2.4608004093170166,0.0674987658858299,0.0,0.0,0.0,2.1168689727783203,0.2262068688869476,0.3127468228340149,0.0,0.0,0.0,0.1831378042697906,0.0,3.319406509399414,0.0490251928567886,0.845717191696167,0.0,0.0,0.0,0.0,0.0,0.2475180923938751,0.0,2.321420431137085,0.0,0.0,0.0,0.0,0.0,0.0,2.5173463821411133,0.0,0.5177779197692871,0.0,0.0,0.0,0.0,0.0,1.649176001548767,1.5501538515090942,0.0,0.7269741296768188,0.0,0.0,0.0,1.6168187856674194
test_C6_00024,test_C6,C6,36,early,0,early,0.175715605133208,0.3107473850250244,0.95329350233078,0.0305207800120115,0.0161856766790151,0.0467064976692199,0.1991964702620736,0,0.0,1.3877207040786743,2.4298675060272217,0.0,0.0,1.8581393957138064,0.8135546445846558,2.168829679489136,0.5303381085395813,0.0,0.0,0.0,0.0,0.1380482017993927,2.3805575370788574,1.2270911931991575,0.1573708057403564,0.0,2.458843469619751,0.0696685686707496,0.0,0.0,0.0,2.123329162597656,0.2259411215782165,0.3113403022289276,0.0,0.0,0.0,0.1836127042770385,0.0,3.3213536739349365,0.0519099757075309,0.8457230925559998,0.0,0.0,0.0,0.0,0.0,0.2472654581069946,0.0,2.3218560218811035,0.0,0.0,0.0,0.0,0.0,0.0,2.5197482109069824,0.0,0.5177885293960571,0.0,0.0,0.0,0.0,0.0,1.6468355655670166,1.5529561042785645,0.0,0.7266334891319275,0.0,0.0,0.0,1.6141685247421265
test_C6_00025,test_C6,C6,37,early,0,early,0.1782206084186106,0.3106285333633423,0.953421115875244,0.0303912460803985,0.0161876194179058,0.0465788841247558,0.1987976048463602,0,0.0,1.3839181661605835,2.428860902786255,0.0,0.0,1.8575268983840945,0.8193204402923584,2.1684606075286865,0.5280632376670837,0.0,0.0,0.0,0.0,0.1405477970838546,2.3798575401306152,1.2252825498580933,0.1565214991569519,0.0,2.459409713745117,0.0751058012247085,0.0,0.0,0.0,2.1316514015197754,0.2306800782680511,0.3107259571552276,0.0,0.0,0.0,0.1821729838848114,0.0,3.324084043502808,0.0532053261995315,0.8474169969558716,0.0,0.0,0.0,0.0,0.0,0.2533172965049743,0.0,2.323991537094116,0.0,0.0,0.0,0.0,0.0,0.0,2.521775245666504,0.0,0.5144648551940918,0.0,0.0,0.0,0.0,0.0,1.6444100141525269,1.5598814487457275,0.0,0.7315019369125366,0.0,0.0,0.0,1.6141051054000854
test_C6_00026,test_C6,C6,38,early,0,early,0.1807256117040133,0.3103064596652984,0.9535943269729614,0.0302845500409603,0.0161211118102073,0.0464056730270385,0.1982158882500016,0,0.0,1.3857632875442505,2.4291679859161377,0.0,0.0,1.8592766523361208,0.8188526630401611,2.1709253787994385,0.5269394516944885,0.0,0.0,0.0,0.0,0.1414017230272293,2.382884740829468,1.225904941558838,0.1549375653266906,0.0,2.461874485015869,0.0755027756094932,0.0,0.0,0.0,2.138865232467652,0.2342497110366821,0.3087620735168457,0.0,0.0,0.0,0.1837375164031982,0.0,3.327047824859619,0.0552966371178627,0.8491554856300354,0.0,0.0,0.0,0.0,0.0,0.2554384768009186,0.0,2.3272626399993896,0.0,0.0,0.0,0.0,0.0,0.0,2.525503158569336,0.0,0.5107818841934204,0.0,0.0,0.0,0.0,0.0,1.6445318460464478,1.5602002143859863,0.0,0.7345907092094421,0.0,0.0,0.0,1.6169254779815674
test_C6_00027,test_C6,C6,39,early,0,early,0.183230614989416,0.3101058006286621,0.9536410570144652,0.0302737168967723,0.0160851646214723,0.0463589429855346,0.1980483775252061,0,0.0,1.3846629858016968,2.431034803390503,0.0,0.0,1.8607944250106807,0.8199556469917297,2.170440435409546,0.5309454202651978,0.0,0.0,0.0,0.0,0.1434576511383056,2.380732536315918,1.227639079093933,0.1534817367792129,0.0,2.4646990299224854,0.0748124793171882,0.0,0.0,0.0,2.1385390758514404,0.233351320028305,0.3095913827419281,0.0,0.0,0.0,0.1828785240650177,0.0,3.3284871578216557,0.0544168949127197,0.8496399521827698,0.0,0.0,0.0,0.0,0.0,0.2544092535972595,0.0,2.3260018825531006,0.0,0.0,0.0,0.0,0.0,0.0,2.528085708618164,0.0,0.5151193141937256,0.0,0.0,0.0,0.0,0.0,1.6465903520584106,1.5615040063858032,0.0,0.7345497012138367,0.0,0.0,0.0,1.6168466806411743
test_C6_00028,test_C6,C6,40,early,0,early,0.1857356182748186,0.3101069331169128,0.9535922408103944,0.0303368177264928,0.0160709880292415,0.0464077591896057,0.1981936981653242,0,0.0,1.3875950574874878,2.430525779724121,0.0,0.0,1.8608946800231931,0.8170165419578552,2.1710872650146484,0.5336982011795044,0.0,0.0,0.0,0.0,0.145685076713562,2.380868673324585,1.2268966436386108,0.1521005481481552,0.0,2.4666566848754883,0.074000135064125,0.0,0.0,0.0,2.136554479598999,0.2318997383117675,0.3081354796886444,0.0,0.0,0.0,0.1843170821666717,0.0,3.3249752521514893,0.0534019172191619,0.8514575958251953,0.0,0.0,0.0,0.0,0.0,0.2527448236942291,0.0,2.325916290283203,0.0,0.0,0.0,0.0,0.0,0.0,2.527883529663086,0.0,0.5154998302459717,0.0,0.0,0.0,0.0,0.0,1.6460623741149902,1.560241460800171,0.0,0.7354460954666138,0.0,0.0,0.0,1.6169304847717283
test_C6_00029,test_C6,C6,41,early,0,early,0.1882406215602211,0.3101134896278381,0.9536438584327698,0.0303379017859697,0.0160181503742933,0.0463561415672302,0.1980007692139484,0,0.0,1.3880400657653809,2.428153276443481,0.0,0.0,1.85715126991272,0.8167902231216431,2.173525810241699,0.5351162552833557,0.0,0.0,0.0,0.0,0.1495985686779022,2.381735324859619,1.225693702697754,0.1474248766899109,0.0,2.470900058746338,0.0723778456449508,0.0,0.0,0.0,2.13753604888916,0.2274171710014343,0.3111033141613006,0.0,0.0,0.0,0.1806054413318634,0.0,3.325085163116455,0.0508002638816833,0.8539461493492126,0.0,0.0,0.0,0.0,0.0,0.2502961158752441,0.0,2.3238718509674072,0.0,0.0,0.0,0.0,0.0,0.0,2.5312557220458984,0.0,0.5181846022605896,0.0,0.0,0.0,0.0,0.0,1.6477580070495603,1.563138484954834,0.0,0.7394116520881653,0.0,0.0,0.0,1.6168290376663208
test_C6_00030,test_C6,C6,42,early,0,early,0.1907456248456237,0.3096126914024353,0.953776478767395,0.0302805062383413,0.0159429665654897,0.0462235212326049,0.1975407047382935,0,0.0,1.389047622680664,2.4291110038757324,0.0,0.0,1.859745502471924,0.8188669085502625,2.173875331878662,0.5359957218170166,0.0,0.0,0.0,0.0,0.1529075056314468,2.384607553482056,1.2286512851715088,0.146236389875412,0.0,2.472933292388916,0.0728543326258659,0.0,0.0,0.0,2.1403250694274902,0.2286947965621948,0.312415599822998,0.0,0.0,0.0,0.181337684392929,0.0,3.3256988525390625,0.0525220856070518,0.8545359373092651,0.0,0.0,0.0,0.0,0.0,0.2500274181365967,0.0,2.326575756072998,0.0,0.0,0.0,0.0,0.0,0.0,2.537917137145996,0.0,0.5211668610572815,0.0,0.0,0.0,0.0,0.0,1.650304675102234,1.5615803003311155,0.0,0.7422458529472351,0.0,0.0,0.0,1.6171512603759766
test_C6_00031,test_C6,C6,43,early,0,early,0.1932506281226124,0.3096719980239868,0.953779399394989,0.0302180405706167,0.0160025991499423,0.0462206006050109,0.1975663942373026,0,0.0,1.3887995481491089,2.4297797679901123,0.0,0.0,1.8603442907333372,0.8208647966384888,2.1706786155700684,0.530905544757843,0.0,0.0,0.0,0.0,0.1526917219161987,2.3842055797576904,1.226036548614502,0.1473478972911834,0.0,2.4682326316833496,0.0771722421050071,0.0,0.0,0.0,2.138320207595825,0.2317666113376617,0.3134042918682098,0.0,0.0,0.0,0.1853387653827667,0.0,3.325174331665039,0.053590603172779,0.8575993776321411,0.0,0.0,0.0,0.0,0.0,0.2545863687992096,0.0,2.3276286125183105,0.0,0.0,0.0,0.0,0.0,0.0,2.53810453414917,0.0,0.5174909234046936,0.0,0.0,0.0,0.0,0.0,1.6536927223205566,1.5621811151504517,0.0,0.7396738529205322,0.0,0.0,0.0,1.6176645755767822
test_C6_00032,test_C6,C6,44,early,0,early,0.195755631408015,0.3094338774681091,0.9538699388504028,0.0301464349031448,0.0159836392849683,0.0461300611495971,0.1972708022352405,0,0.0,1.3909653425216677,2.428110361099243,0.0,0.0,1.8620095252990725,0.825614333152771,2.171076536178589,0.5313346982002258,0.0,0.0,0.0,0.0,0.1555092334747314,2.3859474658966064,1.2248297929763794,0.1477911472320556,0.0,2.468294620513916,0.0797598958015441,0.0,0.0,0.0,2.142297744750977,0.2319542169570922,0.3143689036369324,0.0,0.0,0.0,0.1849512159824371,0.0,3.3266403675079346,0.0554324984550476,0.8570947647094727,0.0,0.0,0.0,0.0,0.0,0.2556069195270538,0.0,2.3291616439819336,0.0,0.0,0.0,0.0,0.0,0.0,2.542738914489746,0.0,0.5170369148254395,0.0,0.0,0.0,0.0,0.0,1.6531599760055542,1.5644558668136597,0.0,0.7395017743110657,0.0,0.0,0.0,1.6157901287078855
test_C6_00033,test_C6,C6,45,early,0,early,0.1982606346850036,0.3091960549354553,0.9540846347808838,0.0300489608198404,0.0158663876354694,0.0459153652191162,0.1965273530168202,0,0.0,1.3939132690429688,2.433104515075684,0.0,0.0,1.8632493019104004,0.825964629650116,2.1737136840820312,0.5331054925918579,0.0,0.0,0.0,0.0,0.1591332703828811,2.3908438682556152,1.2268202304840088,0.1476439088582992,0.0,2.4683005809783936,0.0776140242815017,0.0,0.0,0.0,2.1480517387390137,0.2295884788036346,0.3126401007175445,0.0,0.0,0.0,0.1863568425178527,0.0,3.330394744873047,0.0558038055896759,0.8556022644042969,0.0,0.0,0.0,0.0,0.0,0.2545734643936157,0.0,2.334338426589966,0.0,0.0,0.0,0.0,0.0,0.0,2.5483617782592773,0.0,0.5158596038818359,0.0,0.0,0.0,0.0,0.0,1.6540626287460327,1.5650233030319214,0.0,0.7400181889533997,0.0,0.0,0.0,1.617949604988098
test_C6_00034,test_C6,C6,46,early,0,early,0.2007656379704062,0.3092656135559082,0.9540330171585084,0.0300983246415853,0.0158686693757772,0.0459669828414917,0.1966911744365838,0,0.0,1.3938214778900146,2.4350056648254395,0.0,0.0,1.8630117177963257,0.825110673904419,2.1735527515411377,0.5348446369171143,0.0,0.0,0.0,0.0,0.1592157334089279,2.388608694076538,1.227944016456604,0.1476021558046341,0.0,2.467320919036865,0.0758677050471305,0.0,0.0,0.0,2.1455440521240234,0.2274356186389923,0.3124891221523285,0.0,0.0,0.0,0.1873128414154052,0.0,3.32932186126709,0.05509003251791,0.854987382888794,0.0,0.0,0.0,0.0,0.0,0.2528943717479706,0.0,2.3330557346343994,0.0,0.0,0.0,0.0,0.0,0.0,2.547013282775879,0.0,0.5179746150970459,0.0,0.0,0.0,0.0,0.0,1.6531949043273926,1.563823938369751,0.0,0.7397584915161133,0.0,0.0,0.0,1.617900013923645
test_C6_00035,test_C6,C6,47,early,0,early,0.2032706412810509,0.3092714846134186,0.9539660811424256,0.0301631055772304,0.015870900824666,0.0460339188575744,0.1969031738397055,0,0.0,1.3934391736984253,2.4368762969970703,0.0,0.0,1.8640282154083248,0.8236686587333679,2.1731104850769043,0.5402242541313171,0.0,0.0,0.0,0.0,0.1606287956237793,2.3917927742004395,1.226812720298767,0.1493491530418396,0.0,2.467393398284912,0.076146550476551,0.0,0.0,0.0,2.1484463214874268,0.227305382490158,0.310726523399353,0.0,0.0,0.0,0.1885136663913726,0.0,3.324706554412842,0.0533825680613517,0.8572977781295776,0.0,0.0,0.0,0.0,0.0,0.2549232244491577,0.0,2.334883213043213,0.0,0.0,0.0,0.0,0.0,0.0,2.542551040649414,0.0,0.5165233016014099,0.0,0.0,0.0,0.0,0.0,1.647675395011902,1.5655667781829834,0.0,0.7404903769493103,0.0,0.0,0.0,1.6178474426269531
test_C6_00036,test_C6,C6,48,early,0,early,0.2057756445412115,0.309207022190094,0.9539502263069152,0.0301639772951602,0.0158858690410852,0.0460497736930847,0.196961727993466,0,0.0,1.392859935760498,2.4366824626922607,0.0,0.0,1.8621777296066284,0.8238207101821899,2.17409896850586,0.5384308695793152,0.0,0.0,0.0,0.0,0.1580595076084137,2.387827157974243,1.2293341159820557,0.1487517654895782,0.0,2.4688475131988525,0.0744944736361503,0.0,0.0,0.0,2.145037174224853,0.2275650203227996,0.3121896684169769,0.0,0.0,0.0,0.1871703267097473,0.0,3.3258097171783447,0.0531114935874938,0.8554306626319885,0.0,0.0,0.0,0.0,0.0,0.2542824149131775,0.0,2.331838369369507,0.0,0.0,0.0,0.0,0.0,0.0,2.543734550476074,0.0,0.5178614854812622,0.0,0.0,0.0,0.0,0.0,1.6503005027770996,1.563632607460022,0.0,0.7427141666412354,0.0,0.0,0.0,1.61839759349823
test_C6_00037,test_C6,C6,49,early,0,early,0.2082806478266142,0.3094585835933685,0.9538530111312866,0.0302215069532394,0.0159254539757967,0.0461469888687133,0.1972901439594152,0,0.0,1.392669677734375,2.437710762023926,0.0,0.0,1.8624672889709477,0.8214186429977417,2.1730775833129883,0.5366074442863464,0.0,0.0,0.0,0.0,0.1568019837141037,2.38660740852356,1.2283427715301514,0.1487937569618225,0.0,2.465552568435669,0.0739122331142425,0.0,0.0,0.0,2.140930652618408,0.2278218269348144,0.3100586533546448,0.0,0.0,0.0,0.1897090971469879,0.0,3.323721408843994,0.0528987050056457,0.8551889061927795,0.0,0.0,0.0,0.0,0.0,0.2538436949253082,0.0,2.331367254257202,0.0,0.0,0.0,0.0,0.0,0.0,2.540036201477051,0.0,0.5162964463233948,0.0,0.0,0.0,0.0,0.0,1.650040626525879,1.5611004829406738,0.0,0.7400470972061157,0.0,0.0,0.0,1.618083953857422
test_C6_00038,test_C6,C6,50,early,0,early,0.2107856511456729,0.3095962703227997,0.9537895917892456,0.0302822161465883,0.0159282367676496,0.0462104082107543,0.1974911297019269,0,0.0,1.3911938667297363,2.438086986541748,0.0,0.0,1.8622658252716064,0.8215358257293701,2.1704623699188232,0.5376123189926147,0.0,0.0,0.0,0.0,0.1553734242916107,2.3831496238708496,1.232224464416504,0.1495040357112884,0.0,2.463740348815918,0.071145586669445,0.0,0.0,0.0,2.135343313217163,0.2227302491664886,0.312347799539566,0.0,0.0,0.0,0.1896008253097534,0.0,3.3244054317474365,0.0535952672362327,0.8536574840545654,0.0,0.0,0.0,0.0,0.0,0.2490751147270202,0.0,2.329238176345825,0.0,0.0,0.0,0.0,0.0,0.0,2.539478302001953,0.0,0.5246363878250122,0.0,0.0,0.0,0.0,0.0,1.6521975994110107,1.5592397451400757,0.0,0.7373831272125244,0.0,0.0,0.0,1.6169555187225342
test_C6_00039,test_C6,C6,51,early,0,early,0.2132906544058334,0.3097080886363983,0.95356947183609,0.0303719546645879,0.0160585790872573,0.0464305281639099,0.1982578676583613,0,0.0,1.3907833099365234,2.4360222816467285,0.0,0.0,1.8622387647628784,0.8224694728851318,2.166933536529541,0.5360285043716431,0.0,0.0,0.0,0.0,0.150801345705986,2.380383253097534,1.231099009513855,0.154277965426445,0.0,2.459047079086304,0.0721205174922943,0.0,0.0,0.0,2.1288673877716064,0.2230980992317199,0.3131378889083862,0.0,0.0,0.0,0.1896071135997772,0.0,3.3196370601654053,0.0544172301888465,0.8538922667503357,0.0,0.0,0.0,0.0,0.0,0.2510814666748047,0.0,2.3250885009765625,0.0,0.0,0.0,0.0,0.0,0.0,2.536087989807129,0.0,0.5242465138435364,0.0,0.0,0.0,0.0,0.0,1.653336524963379,1.5556330680847168,0.0,0.7329276204109192,0.0,0.0,0.0,1.6155364513397217
test_C6_00040,test_C6,C6,52,early,0,early,0.21579565769965,0.3098490238189697,0.9535229802131652,0.0303960740566253,0.0160809513181448,0.0464770197868347,0.1984166841018131,0,0.0,1.3880730867385864,2.438316345214844,0.0,0.0,1.8610455989837649,0.8238230347633362,2.165428876876831,0.5364441871643066,0.0,0.0,0.0,0.0,0.1525108367204666,2.377490520477295,1.2311420440673828,0.1540540307760238,0.0,2.457951068878174,0.0730725526809692,0.0,0.0,0.0,2.125060796737671,0.2198717147111892,0.3154582381248474,0.0,0.0,0.0,0.1891485154628753,0.0,3.318727970123291,0.0531702637672424,0.8530371785163879,0.0,0.0,0.0,0.0,0.0,0.2505761981010437,0.0,2.324049472808838,0.0,0.0,0.0,0.0,0.0,0.0,2.535898208618164,0.0,0.5258074402809143,0.0,0.0,0.0,0.0,0.0,1.65408456325531,1.5571027994155884,0.0,0.7298048734664917,0.0,0.0,0.0,1.615417718887329
test_C6_00041,test_C6,C6,53,early,0,early,0.2183006610187089,0.3103300333023071,0.953186810016632,0.0305189527571201,0.0162942856550216,0.0468131899833679,0.1995932604437065,0,0.0,1.3887916803359983,2.4350709915161133,0.0,0.0,1.860449194908142,0.8229440450668335,2.1613242626190186,0.531300961971283,0.0,0.0,0.0,0.0,0.1462423354387283,2.372335433959961,1.2255769968032837,0.158119723200798,0.0,2.450340747833252,0.0777597278356552,0.0,0.0,0.0,2.1155993938446045,0.2214854955673217,0.3141083717346191,0.0,0.0,0.0,0.1929153203964233,0.0,3.3100388050079346,0.0561810657382011,0.8529447317123413,0.0,0.0,0.0,0.0,0.0,0.2541938722133636,0.0,2.321994543075561,0.0,0.0,0.0,0.0,0.0,0.0,2.527042865753174,0.0,0.5164845585823059,0.0,0.0,0.0,0.0,0.0,1.6507349014282229,1.5534768104553225,0.0,0.7230093479156494,0.0,0.0,0.0,1.6151084899902344
test_C6_00042,test_C6,C6,54,early,0,early,0.2208056642536273,0.3105683028697967,0.9530314803123474,0.0305705294013023,0.016397938132286,0.0469685196876525,0.2001384773347676,0,0.0,1.3851075172424316,2.4355664253234863,0.0,0.0,1.8593264818191528,0.8258594870567322,2.157400608062744,0.5287618637084961,0.0,0.0,0.0,0.0,0.1453081965446472,2.3693463802337646,1.2241437435150146,0.1601492613554,0.0,2.4448649883270264,0.0795423984527587,0.0,0.0,0.0,2.109952211380005,0.221041738986969,0.315308004617691,0.0,0.0,0.0,0.1927639544010162,0.0,3.306807041168213,0.0565364062786102,0.8525192737579346,0.0,0.0,0.0,0.0,0.0,0.255951851606369,0.0,2.31963849067688,0.0,0.0,0.0,0.0,0.0,0.0,2.5244951248168945,0.0,0.5170696377754211,0.0,0.0,0.0,0.0,0.0,1.6518275737762451,1.554011583328247,0.0,0.7177301645278931,0.0,0.0,0.0,1.6126561164855957
test_C6_00043,test_C6,C6,55,early,0,early,0.2233106675726861,0.310672789812088,0.9527779817581176,0.0306939724832773,0.0165280941873788,0.0472220182418823,0.2010054368900289,0,0.0,1.382584571838379,2.432720184326172,0.0,0.0,1.8601561784744265,0.827368438243866,2.153777837753296,0.5278050899505615,0.0,0.0,0.0,0.0,0.1407239437103271,2.364364624023437,1.22348952293396,0.1644986271858215,0.0,2.44221568107605,0.0809222534298896,0.0,0.0,0.0,2.1037912368774414,0.2207905352115631,0.3149462640285492,0.0,0.0,0.0,0.1898256540298462,0.0,3.3019022941589355,0.0573285594582557,0.8492562770843506,0.0,0.0,0.0,0.0,0.0,0.2562243640422821,0.0,2.315138816833496,0.0,0.0,0.0,0.0,0.0,0.0,2.5211968421936035,0.0,0.5183687806129456,0.0,0.0,0.0,0.0,0.0,1.6504714488983154,1.5499942302703855,0.0,0.7132991552352905,0.0,0.0,0.0,1.6101120710372925
test_C6_00044,test_C6,C6,56,early,0,early,0.2258156708917448,0.3110683560371399,0.9526655673980712,0.0307763144373893,0.0165581759065389,0.0473344326019287,0.2013737977211217,0,0.0,1.3781501054763794,2.431193351745605,0.0,0.0,1.858751893043518,0.8267379403114319,2.1519711017608643,0.5243535041809082,0.0,0.0,0.0,0.0,0.1401571333408355,2.363208293914795,1.222991943359375,0.1636049151420593,0.0,2.4385476112365723,0.079198844730854,0.0,0.0,0.0,2.101480007171631,0.2172104120254516,0.315026193857193,0.0,0.0,0.0,0.1874013245105743,0.0,3.299896240234375,0.0568204969167709,0.8478716611862183,0.0,0.0,0.0,0.0,0.0,0.2518158853054046,0.0,2.312419414520264,0.0,0.0,0.0,0.0,0.0,0.0,2.518205165863037,0.0,0.521294355392456,0.0,0.0,0.0,0.0,0.0,1.648639440536499,1.5502102375030518,0.0,0.7118184566497803,0.0,0.0,0.0,1.6071041822433472
test_C6_00045,test_C6,C6,57,early,0,early,0.2283206741266631,0.3117004930973053,0.9523136615753174,0.0310057383030653,0.0166805982589721,0.0476863384246826,0.2025409744733566,0,0.0,1.3744351863861084,2.4274940490722656,0.0,0.0,1.857092022895813,0.8240235447883606,2.1477649211883545,0.5236063003540039,0.0,0.0,0.0,0.0,0.135676622390747,2.3563082218170166,1.221977472305298,0.1642688810825348,0.0,2.4332008361816406,0.0782299414277076,0.0,0.0,0.0,2.092926025390625,0.2095293998718261,0.3140080571174621,0.0,0.0,0.0,0.1846045553684234,0.0,3.2938990592956543,0.057193100452423,0.8428288102149963,0.0,0.0,0.0,0.0,0.0,0.2456278502941131,0.0,2.3073647022247314,0.0,0.0,0.0,0.0,0.0,0.0,2.5100231170654297,0.0,0.523918867111206,0.0,0.0,0.0,0.0,0.0,1.643401861190796,1.5464962720870972,0.0,0.7063814997673035,0.0,0.0,0.0,1.6028176546096802
test_C6_00046,test_C6,C6,58,early,0,early,0.230825677445722,0.3120752274990082,0.9522584080696106,0.0310072489082813,0.0167343597859144,0.0477415919303894,0.2027435335959554,0,0.0,1.3690444231033323,2.4275803565979004,0.0,0.0,1.856398582458496,0.8209087252616882,2.1480836868286133,0.5204473733901978,0.0,0.0,0.0,0.0,0.1355405002832412,2.361971139907837,1.2160061597824097,0.16354900598526,0.0,2.432544231414795,0.0804929733276367,0.0,0.0,0.0,2.0991861820220947,0.2143320441246032,0.3121068775653839,0.0,0.0,0.0,0.1846582591533661,0.0,3.2885656356811523,0.0549887865781784,0.8475925922393799,0.0,0.0,0.0,0.0,0.0,0.249208927154541,0.0,2.307839155197144,0.0,0.0,0.0,0.0,0.0,0.0,2.501455307006836,0.0,0.5113970041275024,0.0,0.0,0.0,0.0,0.0,1.635495901107788,1.5555846691131592,0.0,0.7076470255851746,0.0,0.0,0.0,1.602179765701294
test_C6_00047,test_C6,C6,59,early,0,early,0.2333306806806404,0.312471330165863,0.9517053365707396,0.0313120782375335,0.0169825255870819,0.0482946634292602,0.204603540131393,0,0.0,1.3642253875732422,2.419193983078003,0.0,0.0,1.855435848236084,0.8212318420410156,2.1416261196136475,0.5167264938354492,0.0,0.0,0.0,0.0,0.1245148330926895,2.346797227859497,1.2178469896316528,0.1694257855415344,0.0,2.427381992340088,0.0795315876603126,0.0,0.0,0.0,2.084814071655273,0.2122481763362884,0.311278223991394,0.0,0.0,0.0,0.1813749372959137,0.0,3.2805635929107666,0.0554913282394409,0.8431840538978577,0.0,0.0,0.0,0.0,0.0,0.2472565770149231,0.0,2.296071529388428,0.0,0.0,0.0,0.0,0.0,0.0,2.49180269241333,0.0,0.5213378667831421,0.0,0.0,0.0,0.0,0.0,1.63315749168396,1.5437649488449097,0.0,0.707231879234314,0.0,0.0,0.0,1.5960620641708374
test_C6_00048,test_C6,C6,60,early,0,early,0.2358356839155588,0.312720388174057,0.9517614841461182,0.0314915999770164,0.0167468730360269,0.0482385158538818,0.2042958900698699,0,0.0,1.362357497215271,2.4241533279418945,0.0,0.0,1.8573591709136963,0.8122313022613525,2.142705202102661,0.5288884043693542,0.0,0.0,0.0,0.0,0.1310149282217025,2.346249580383301,1.221310257911682,0.1573916524648666,0.0,2.4305591583251958,0.0698190405964851,0.0,0.0,0.0,2.0844414234161377,0.2000994533300399,0.3095719814300537,0.0,0.0,0.0,0.178709328174591,0.0,3.283231735229492,0.052956037223339,0.838674783706665,0.0,0.0,0.0,0.0,0.0,0.2306545525789261,0.0,2.2983431816101074,0.0,0.0,0.0,0.0,0.0,0.0,2.490065097808838,0.0,0.5351465940475464,0.0,0.0,0.0,0.0,0.0,1.630565881729126,1.540282130241394,0.0,0.7092379927635193,0.0,0.0,0.0,1.5976171493530271
test_C6_00049,test_C6,C6,61,early,0,early,0.2383406872346176,0.3130659461021423,0.9512863159179688,0.0317566320300102,0.0169570706784725,0.0487136840820312,0.2058888017718926,0,0.0,1.3598827123641968,2.419811725616455,0.0,0.0,1.854209423065185,0.8110643625259399,2.136882781982422,0.5283050537109375,0.0,0.0,0.0,0.0,0.1215950548648834,2.3351218700408936,1.2231940031051636,0.1618329137563705,0.0,2.4269018173217773,0.0691878274083137,0.0,0.0,0.0,2.068995714187622,0.1941644698381424,0.3124266564846039,0.0,0.0,0.0,0.1781602203845977,0.0,3.275876522064209,0.0559355914592742,0.8335519433021545,0.0,0.0,0.0,0.0,0.0,0.2289498001337051,0.0,2.289944887161255,0.0,0.0,0.0,0.0,0.0,0.0,2.481562614440918,0.0,0.5404303073883057,0.0,0.0,0.0,0.0,0.0,1.6284399032592771,1.5335334539413452,0.0,0.704401969909668,0.0,0.0,0.0,1.5940970182418823
test_C6_00050,test_C6,C6,62,early,0,early,0.2405333421859526,0.3128034472465515,0.9514247179031372,0.0318876132369041,0.0166875813156366,0.0485752820968627,0.2053041554333028,0,0.0,1.3592146635055542,2.425750255584717,0.0,0.0,1.857942819595337,0.805374026298523,2.1381521224975586,0.5470492839813232,0.0,0.0,0.0,0.0,0.1297866404056549,2.340322256088257,1.227291703224182,0.1527942717075348,0.0,2.432065486907959,0.0595126450061798,0.0,0.0,0.0,2.0717577934265137,0.1836339235305786,0.3146900534629822,0.0,0.0,0.0,0.1736699044704437,0.0,3.27955174446106,0.0541013032197952,0.8317229747772217,0.0,0.0,0.0,0.0,0.0,0.2159708738327026,0.0,2.293364286422729,0.0,0.0,0.0,0.0,0.0,0.0,2.48401403427124,0.0,0.5570285320281982,0.0,0.0,0.0,0.0,0.0,1.630279302597046,1.530407190322876,0.0,0.7060320377349854,0.0,0.0,0.0,1.5981478691101074
test_C6_00051,test_C6,C6,63,early,0,early,0.2424136488537044,0.3135460913181305,0.95066636800766,0.0322860851883888,0.0170475244522094,0.04933363199234,0.2078544417911122,0,0.0,1.351292371749878,2.420443534851074,0.0,0.0,1.8531516790390012,0.8070396780967712,2.1282355785369877,0.5419121980667114,0.0,0.0,0.0,0.0,0.1211850345134735,2.326484203338623,1.2263985872268677,0.1611438989639282,0.0,2.4197041988372803,0.0619677826762199,0.0,0.0,0.0,2.052474975585937,0.1790912747383117,0.3154442906379699,0.0,0.0,0.0,0.1728680431842804,0.0,3.263906955718994,0.0548461377620697,0.8267108201980591,0.0,0.0,0.0,0.0,0.0,0.2165318727493286,0.0,2.2815165519714355,0.0,0.0,0.0,0.0,0.0,0.0,2.4705796241760254,0.0,0.5608680248260498,0.0,0.0,0.0,0.0,0.0,1.6246658563613892,1.5231152772903442,0.0,0.6996184587478638,0.0,0.0,0.0,1.5891858339309692
test_C6_00052,test_C6,C6,64,early,0,early,0.2439816073220131,0.3136996626853943,0.9505333304405212,0.0325065068900585,0.0169601794332265,0.0494666695594787,0.2082124807062884,0,0.0,1.3530625104904177,2.426643848419189,0.0,0.0,1.8523154258728027,0.7998056411743164,2.1295006275177,0.5533929467201233,0.0,0.0,0.0,0.0,0.1263789981603622,2.327718734741211,1.2234447002410889,0.1541176438331604,0.0,2.421802520751953,0.0585733652114868,0.0,0.0,0.0,2.0517914295196533,0.1699443459510803,0.3138935565948486,0.0,0.0,0.0,0.1739988029003143,0.0,3.2580196857452397,0.053158089518547,0.8220890164375305,0.0,0.0,0.0,0.0,0.0,0.2099320888519287,0.0,2.284794569015503,0.0,0.0,0.0,0.0,0.0,0.0,2.463963031768799,0.0,0.560562789440155,0.0,0.0,0.0,0.0,0.0,1.6153833866119385,1.5214868783950806,0.0,0.6983031630516052,0.0,0.0,0.0,1.5902096033096311
test_C6_00053,test_C6,C6,65,early,0,early,0.2452372175067385,0.3148799538612366,0.9483803510665894,0.0334783159196376,0.0181414056569337,0.0516196489334106,0.2154753659520202,0,0.0,1.351465940475464,2.413309335708618,0.0,0.0,1.840836763381958,0.8105844259262085,2.105962038040161,0.5560786128044128,0.0,0.0,0.0,0.0,0.1228236183524131,2.306637763977051,1.187932014465332,0.1567466109991073,0.0,2.38427996635437,0.0865223333239555,0.0,0.0,0.0,2.0112011432647705,0.1937607377767563,0.3079648315906524,0.0,0.0,0.0,0.1819671988487243,0.0,3.2030746936798096,0.067049853503704,0.8182926774024963,0.0,0.0,0.0,0.0,0.0,0.2377364784479141,0.0,2.266399621963501,0.0,0.0,0.0,0.0,0.0,0.0,2.4249587059021,0.0,0.5193384885787964,0.0,0.0,0.0,0.0,0.0,1.592853546142578,1.512834548950195,0.0,0.6744589805603027,0.0,0.0,0.0,1.5755164623260498
test_C6_00054,test_C6,C6,66,early,0,early,0.2461804794078805,0.3154285848140716,0.9478784799575806,0.0339639447629451,0.0181575715541839,0.0521215200424194,0.2170084756471099,0,0.0,1.3475682735443115,2.4073007106781006,0.0,0.0,1.8390977382659912,0.8186668753623962,2.087151050567627,0.6020064353942871,0.0,0.0,0.0,0.0,0.1221706867218017,2.30960750579834,1.1837568283081057,0.1674935221672058,0.0,2.3901944160461426,0.0823423340916633,0.0,0.0,0.0,2.007308006286621,0.1844105124473571,0.3181653320789337,0.0,0.0,0.0,0.1740701496601104,0.0,3.207648515701294,0.0754262432456016,0.8174310922622681,0.0,0.0,0.0,0.0,0.0,0.2447767257690429,0.0,2.2764480113983154,0.0,0.0,0.0,0.0111846104264259,0.0,0.0,2.4016871452331543,0.0,0.551214337348938,0.0,0.0,0.0,0.0041671246290206,0.0,1.5858036279678345,1.5184723138809204,0.0,0.6794658303260803,0.0,0.0,0.0,1.5898263454437256
test_C6_00055,test_C6,C6,67,early,0,early,0.2468113930254392,0.3167695999145508,0.946114420890808,0.0352642238140106,0.0186214111745357,0.0538855791091918,0.2225890649255231,0,0.0,1.3232825994491575,2.3923587799072266,0.0,0.0,1.8320903778076167,0.8247347474098206,2.0624399185180664,0.6319284439086914,0.0,0.0,0.0,0.0,0.1218850538134574,2.2988879680633545,1.1786164045333862,0.1754298955202102,0.0,2.375183582305908,0.0809691622853279,0.0,0.0,0.0,1.9864604473114011,0.1713084280490875,0.3313077986240387,0.0,0.0,0.0,0.1581372320652008,0.0,3.18214750289917,0.0842723473906517,0.8117260932922363,0.0,0.0,0.0,0.0,0.0,0.2409648597240448,0.0,2.263282537460327,0.0,0.0,0.0,0.0538981407880783,0.0,0.0,2.372421264648437,0.0,0.5826752781867981,0.0,0.0,0.0,0.0172905251383781,0.0,1.5737682580947876,1.5055553913116455,0.0,0.6756165027618408,0.0,0.0,0.0,1.583102107048035
test_C6_00056,test_C6,C6,68,early,0,early,0.2471427694933539,0.3171189725399017,0.9445272088050842,0.0366612114012241,0.0188116300851106,0.0554727911949157,0.2274251470230437,0,0.0,1.3072876930236816,2.392632484436035,0.0,0.0,1.83092737197876,0.814939558506012,2.0462141036987305,0.6576894521713257,0.0,0.0,0.0,0.0,0.1240105181932449,2.289689064025879,1.1838136911392212,0.1730912625789642,0.0,2.371601104736328,0.071658082306385,0.0,0.0,0.0,1.969315767288208,0.15385602414608,0.3295588493347168,0.0,0.0,0.0,0.1486463248729705,0.0,3.151274919509888,0.0849620178341865,0.7878470420837402,0.0,0.0,0.0,0.0,0.0,0.2251667529344558,0.0,2.253589868545532,0.0,0.0,0.0,0.087303951382637,0.0,0.0,2.352955818176269,0.0,0.6035037636756897,0.0,0.0,0.0,0.0317108780145645,0.0,1.556046485900879,1.4798773527145386,0.0,0.6711780428886414,0.0,0.0,0.0,1.5693446397781372
test_C6_00057,test_C6,C6,69,early,0,early,0.2479090181565044,0.3198026716709137,0.9415220022201538,0.0389556139707565,0.0195223186165094,0.0584779977798461,0.2366634923499183,0,0.0,1.2716500759124756,2.3651561737060547,0.0,0.0,1.814296841621399,0.8044304847717285,2.005979061126709,0.6952826380729675,0.0,0.0,0.0,0.0,0.1266595870256424,2.2675082683563232,1.1734925508499146,0.1800475418567657,0.0,2.357489824295044,0.0672391876578331,0.0,0.0,0.0,1.9331547021865845,0.1296426951885223,0.3463572561740875,0.0,0.0,0.0,0.1308214962482452,0.0,3.11456036567688,0.0876757875084877,0.7795137763023376,0.0,0.0,0.0,0.0,0.0,0.21003058552742,0.0,2.22646427154541,0.0,0.0,0.0,0.1438531428575515,0.0,0.0,2.306515693664551,0.0,0.6444329619407654,0.0,0.0,0.0,0.0446066558361053,0.0,1.5370243787765503,1.462371587753296,0.0,0.6617767214775085,0.0,0.0,0.0,1.5607588291168213
test_C6_00058,test_C6,C6,70,early,0,early,0.2490971012066999,0.322272777557373,0.9373399019241332,0.0424920991063118,0.0201680101454257,0.0626600980758667,0.2490344103030613,0,0.0,1.2324053049087524,2.335308790206909,0.0,0.0,1.812799572944641,0.7660713791847229,1.9667131900787356,0.736250638961792,0.0,0.0,0.0,0.0,0.1253599226474762,2.238367795944214,1.1637012958526611,0.1727054715156555,0.0,2.356658697128296,0.053312636911869,0.0,0.0,0.0,1.894903540611267,0.0985875651240348,0.3390403091907501,0.0,0.0,0.0,0.1069056317210197,0.0,3.0438125133514404,0.0860030576586723,0.7450608611106873,0.0,0.0,0.0,0.0,0.0,0.1689494848251342,0.0,2.1970698833465576,0.0,0.0,0.0,0.1985484510660171,0.0,0.0,2.2460451126098637,0.0,0.6736318469047546,0.0,0.0,0.0,0.0665555819869041,0.0,1.492863416671753,1.4077149629592896,0.0,0.6664037108421326,0.0,0.0,0.0,1.5527381896972656
test_C6_00059,test_C6,C6,71,early,0,early,0.2506934927372599,0.3247813880443573,0.9320969581604004,0.0470913834869861,0.020811615511775,0.0679030418395996,0.2639937283902627,0,0.0,1.1875663995742798,2.29509711265564,0.0,0.0,1.8006470203399658,0.7360280156135559,1.918756365776062,0.7953196167945862,0.0,0.0,0.0,0.0,0.1400264650583267,2.2208590507507324,1.1614058017730713,0.1682129353284835,0.0301930978894233,2.359118700027466,0.0351425036787986,0.0,0.0,0.0,1.8576505184173584,0.0711396634578704,0.3419148623943329,0.0,0.0,0.0,0.0815228894352912,0.0,2.9766740798950195,0.0876147523522377,0.7153217792510986,0.0,0.0,0.0,0.0,0.0,0.1377255618572235,0.0,2.160137176513672,0.0,0.0,0.0,0.2763705849647522,0.0,0.0,2.188539505004883,0.0,0.7238397002220154,0.0,0.0,0.0,0.0844500586390495,0.0,1.4573395252227783,1.3571643829345703,0.0,0.6682305932044983,0.0,0.0,0.0,1.5446256399154663
test_C6_00060,test_C6,C6,72,early,0,early,0.252684213072299,0.3267357051372528,0.9275814890861512,0.0514358468353748,0.0209827870130538,0.0724185109138488,0.2762038631748449,0,0.0,1.1511027812957764,2.2718331813812256,0.0,0.0,1.78886878490448,0.700764000415802,1.8892875909805296,0.8414420485496521,0.0,0.0,0.0,0.0,0.158806711435318,2.205441951751709,1.1605043411254885,0.1418004035949707,0.0555057898163795,2.3722548484802246,0.0128548480570316,0.0,0.0,0.0,1.8286210298538208,0.0421109572052955,0.3314136564731598,0.0,0.0,0.0,0.0639800801873207,0.0,2.91694712638855,0.0745142772793769,0.6782856583595276,0.0,0.0,0.0,0.0,0.0,0.1015040576457977,0.0,2.1422085762023926,0.0,0.0,0.0,0.3368253111839294,0.0,0.0,2.143718719482422,0.0,0.7546466588973999,0.0,0.0,0.0,0.0894444286823272,0.0,1.4107904434204102,1.306409478187561,0.0,0.6794670820236206,0.0,0.0,0.0,1.5381419658660889
test_C6_00061,test_C6,C6,73,early,0,early,0.255054863769136,0.332132339477539,0.9164703488349916,0.0610815994441509,0.0224480219185352,0.0835296511650085,0.3057685430841252,0,0.0,1.1014782190322876,2.205732107162476,0.0,0.0,1.74808669090271,0.6566305756568909,1.813638925552368,0.9100228548049928,0.0,0.0,0.0,0.0328027009963989,0.1914951205253601,2.176928997039795,1.1273703575134275,0.1207625567913055,0.1005220636725425,2.3640058040618896,0.0,0.0,0.0,0.0,1.7587698698043823,0.008313663303852,0.3060196042060852,0.0,0.0,0.0,0.0382963493466377,0.0,2.781988859176636,0.0674151703715324,0.6331951022148132,0.0,0.0,0.0,0.0,0.0,0.0738972127437591,0.0,2.095925092697144,0.0,0.0,0.0,0.4340991377830505,0.0,0.0,2.0302205085754395,0.0,0.7882691621780396,0.0,0.0,0.0,0.0860957354307174,0.0,1.3229877948760986,1.221419095993042,0.0,0.6827302575111389,0.0,0.0,0.0,1.512086033821106
test_C6_00062,test_C6,C6,74,early,0,early,0.2577906625365613,0.3342868983745575,0.9084926843643188,0.0685216337442398,0.0229856856167316,0.0915073156356811,0.3254910252399808,0,0.0,1.0632697343826294,2.164515495300293,0.0,0.0,1.7249698638916016,0.624099612236023,1.775339961051941,0.9655694365501404,0.0,0.0,0.0,0.0682066529989242,0.2212449014186859,2.162790536880493,1.123231291770935,0.0960416421294212,0.1428399085998535,2.3831770420074463,0.0,0.0,0.0,0.0,1.7177032232284546,0.0,0.2983510196208954,0.0,0.0,0.0,0.0160615146160125,0.0,2.7060434818267822,0.0599978119134902,0.6013849973678589,0.0,0.0,0.0,0.0,0.0,0.0549838282167911,0.0,2.0657222270965576,0.0,0.0,0.0,0.5065522193908691,0.0,0.0,1.9759557247161863,0.0,0.8316598534584045,0.0,0.0,0.0,0.0772859901189804,0.0,1.266551494598389,1.154480218887329,0.0,0.6917936205863953,0.0,0.0,0.0,1.498665690422058
test_C6_00063,test_C6,C6,75,early,0,early,0.2608636681129916,0.3358736336231231,0.8956082463264465,0.0804226621985435,0.0239690989255905,0.1043917536735534,0.3557881678343142,0,0.0,1.02330482006073,2.1113107204437256,0.0,0.0,1.6986615657806396,0.580390214920044,1.726243019104004,1.0186035633087158,0.0,0.0,0.0,0.1202824339270591,0.2508943378925323,2.1415047645568848,1.1136387586593628,0.0753797739744186,0.1825343072414398,2.401724100112915,0.0,0.0,0.0520033910870552,0.0,1.665904521942139,0.0,0.2744559347629547,0.0,0.0,0.0,0.0,0.0,2.6049628257751465,0.0470183938741683,0.5561443567276001,0.0,0.0,0.0,0.0,0.0,0.0307374577969312,0.0,2.027789831161499,0.0,0.0226415731012821,0.0,0.5835763216018677,0.0138779506087303,0.0,1.9066778421401975,0.0,0.8739944100379944,0.0,0.0,0.0,0.0693932548165321,0.0282335728406906,1.2042180299758911,1.073477268218994,0.0,0.7009773850440979,0.0,0.0,0.0,1.479007601737976
test_C6_00064,test_C6,C6,76,early,0,early,0.2638363774010046,0.3343976736068725,0.9034100770950316,0.0731082409620285,0.0234816800802946,0.0965899229049682,0.3377871533844985,0,0.0,1.0637098550796509,2.1385269165039062,0.0,0.0,1.7120180130004885,0.6078299880027771,1.7731423377990725,1.0241665840148926,0.0,0.0,0.0,0.0885995626449585,0.2243178486824035,2.1626009941101074,1.1024097204208374,0.1162674129009246,0.1644430756568908,2.418715476989746,0.0,0.0,0.0122748594731092,0.0,1.6894586086273191,0.0,0.2956179976463318,0.0,0.0,0.0,0.0,0.0,2.658318996429444,0.0613300427794456,0.6133944392204285,0.0,0.0,0.0,0.0,0.0,0.0589586719870567,0.0,2.03389310836792,0.0,0.0,0.0,0.5405484437942505,0.0,0.0,1.910416603088379,0.0,0.8747660517692566,0.0,0.0,0.0,0.0420919470489025,0.0,1.2415691614151,1.122355818748474,0.0,0.7096670269966125,0.0,0.0,0.0,1.4898601770401
test_C6_00065,test_C6,C6,77,early,0,early,0.266706110107996,0.3348401188850403,0.891592264175415,0.0844196006655693,0.0239881835877895,0.1084077358245849,0.3645226517519011,0,0.0,1.023363471031189,2.086511373519897,0.0,0.0,1.695773005485535,0.5652611255645752,1.7309283018112185,1.0506280660629272,0.0,0.0,0.0,0.1347699761390686,0.2604779601097107,2.1412172317504883,1.116297483444214,0.0702524632215499,0.1945016086101532,2.4311673641204834,0.0,0.0,0.06368338316679,0.0,1.6516603231430054,0.0,0.2711807489395141,0.0,0.0,0.0,0.0,0.0,2.5788018703460693,0.0315354093909263,0.55665123462677,0.0,0.0,0.0,0.0,0.0,0.0189523100852966,0.0,2.015744686126709,0.0,0.0497992485761642,0.0,0.6012533903121948,0.0292127430438995,0.0,1.8892935514450075,0.0,0.9073274731636048,0.0,0.0,0.0,0.0505067557096481,0.0405388474464416,1.1886639595031738,1.0515987873077393,0.0,0.7100627422332764,0.0,0.0,0.0,1.4649661779403689
test_C6_00066,test_C6,C6,78,early,0,early,0.2694704346603989,0.3335302770137787,0.9055038094520568,0.0719904229044914,0.0225057378411293,0.0944961905479431,0.3319578344161015,0,0.0,1.0734981298446655,2.163008213043213,0.0,0.0,1.7235300540924072,0.575567364692688,1.799610614776611,1.0156034231185913,0.0,0.0,0.0,0.1067638918757438,0.2429910898208618,2.145473003387451,1.134428858757019,0.06324303150177,0.1417815387248993,2.4382107257843018,0.0,0.0,0.0058054812252521,0.0,1.6921547651290894,0.0,0.2800951600074768,0.0,0.0,0.0,0.0071864947676658,0.0,2.672157049179077,0.0347931757569313,0.5834822654724121,0.0,0.0,0.0,0.0,0.0,0.0209027417004108,0.0,2.0418407917022705,0.0,0.0,0.0,0.5201221108436584,0.0002482831478118,0.0,1.9632294178009035,0.0,0.870756208896637,0.0,0.0,0.0,0.0620227083563804,0.0,1.2527928352355957,1.114250659942627,0.0,0.7130169868469238,0.0,0.0,0.0,1.489821434020996
test_C6_00067,test_C6,C6,79,early,0,early,0.2721271695499306,0.3345688879489898,0.902674674987793,0.0749068111181259,0.022418588399887,0.097325325012207,0.3383288030431206,0,0.0,1.059505581855774,2.143122673034668,0.0,0.0,1.7219974994659424,0.5661512613296509,1.785664677619934,1.0258243083953855,0.0,0.0,0.0,0.1184267327189445,0.2529922127723694,2.14298152923584,1.1486347913742063,0.0513049699366092,0.1646083891391754,2.445151805877685,0.0,0.0,0.0247249715030193,0.0,1.6820303201675415,0.0,0.2718856632709503,0.0,0.0,0.0,0.0021593198180198,0.0,2.656628131866455,0.0275946259498596,0.5693768262863159,0.0,0.0,0.0,0.0,0.0,0.0003770631738007,0.0,2.044757127761841,0.0,0.0060098487883806,0.0,0.548091471195221,0.0078176334500312,0.0,1.9600566625595093,0.0,0.9042798280715942,0.0,0.0,0.0,0.0640999674797058,0.0,1.2345740795135498,1.0951627492904663,0.0,0.7081565856933594,0.0,0.0,0.0,1.4811739921569824
test_C6_00068,test_C6,C6,80,early,0,early,0.2746743849322597,0.331474095582962,0.9137000441551208,0.0652375146746635,0.0210625305771827,0.0862999558448791,0.3111663218727576,0,0.0,1.1097946166992188,2.224813938140869,0.0,0.0,1.751583456993103,0.5915040969848633,1.851552367210388,0.981275737285614,0.0,0.0,0.0,0.0919902026653289,0.2259684652090072,2.157480478286743,1.15840744972229,0.0611402466893196,0.1272922158241272,2.451457500457764,0.0,0.0,0.0,0.0,1.729439616203308,0.0,0.2833460569381714,0.0,0.0,0.0,0.027928352355957,0.0,2.757098436355591,0.035433679819107,0.5947576761245728,0.0,0.0,0.0,0.0,0.0,0.0180823765695095,0.0,2.0867178440093994,0.0,0.0,0.0,0.4734137058258056,0.0,0.0,2.0289559364318848,0.0,0.8628763556480408,0.0,0.0,0.0,0.0766168907284736,0.0,1.2940086126327517,1.162064790725708,0.0,0.7266810536384583,0.0,0.0,0.0,1.5081747770309448
test_C6_00069,test_C6,C6,81,early,0,early,0.2771104033001299,0.3312467634677887,0.9116972088813782,0.0669828504323959,0.02131999284029,0.0883027911186218,0.3162186352232896,0,0.0,1.0821150541305542,2.1995646953582764,0.0,0.0,1.7447954416275024,0.5713709592819214,1.83508574962616,0.9628397226333618,0.0,0.0,0.0,0.0812090188264846,0.224899560213089,2.151869535446167,1.1675024032592771,0.0539167337119579,0.1252410411834716,2.450991153717041,0.0,0.0,0.0,0.0,1.7250465154647827,0.0,0.2722081243991852,0.0,0.0,0.0,0.0214003697037696,0.0,2.729862928390503,0.0212003365159034,0.5819465517997742,0.0,0.0,0.0,0.0,0.0,0.0050210803747177,0.0,2.0747220516204834,0.0,0.0,0.0,0.4771591424942016,0.0,0.0,2.024914026260376,0.0,0.8657268285751343,0.0,0.0,0.0,0.0594547875225544,0.0,1.272151231765747,1.1333565711975098,0.0,0.7273008227348328,0.0,0.0,0.0,1.4901632070541382
test_C6_00070,test_C6,C6,82,early,0,early,0.2794337993150789,0.3298847079277038,0.9173098802566528,0.0621068514883518,0.0205832459032535,0.0826901197433471,0.3019191330647036,0,0.0,1.120688796043396,2.2452681064605717,0.0,0.0,1.7560396194458008,0.5941570997238159,1.872585654258728,0.939521074295044,0.0,0.0,0.0,0.0629588514566421,0.219395637512207,2.1667473316192627,1.1677234172821045,0.0586066655814647,0.1062360629439354,2.449331998825073,0.0,0.0,0.0,0.0,1.7534030675888062,0.0,0.2743070125579834,0.0,0.0,0.0,0.0384146049618721,0.0,2.78665828704834,0.0249093994498252,0.596775472164154,0.0,0.0,0.0,0.0,0.0,0.0150316823273897,0.0,2.105717420578003,0.0,0.0,0.0,0.4287351369857788,0.0,0.0,2.056262969970703,0.0,0.8365418910980225,0.0,0.0,0.0,0.0588160268962383,0.0,1.2919572591781616,1.179439663887024,0.0,0.7324661016464233,0.0,0.0,0.0,1.5067603588104248
test_C6_00071,test_C6,C6,83,early,0,early,0.2816433994708767,0.3303164541721344,0.91498601436615,0.0643696561455726,0.0206444077193737,0.0850139856338501,0.307636552156213,0,0.0,1.0944687128067017,2.2222564220428467,0.0,0.0,1.7539093494415283,0.5718041658401489,1.8607738018035889,0.9440112709999084,0.0,0.0,0.0,0.0716292411088943,0.2248375415802002,2.159792900085449,1.1858121156692505,0.0475407540798187,0.1152123287320137,2.458155870437622,0.0,0.0,0.0,0.0,1.7451618909835815,0.0,0.2689527571201324,0.0,0.0,0.0,0.0293488800525665,0.0,2.7649450302124023,0.0128646045923233,0.580795168876648,0.0,0.0,0.0,0.0,0.0,0.0,0.0,2.093625783920288,0.0,0.0,0.0,0.4499159455299377,0.0,0.0,2.057131767272949,0.0,0.8616364598274231,0.0,0.0,0.0,0.0596418865025043,0.0,1.2816212177276611,1.1497092247009275,0.0,0.7304741740226746,0.0,0.0,0.0,1.5010173320770264
test_C6_00072,test_C6,C6,84,early,0,early,0.2837382809997008,0.3304624557495117,0.9170507192611694,0.0627083182334899,0.0202408917248249,0.0829492807388305,0.3022048100594925,0,0.0,1.0999586582183838,2.2364790439605717,0.0,0.0,1.7651902437210083,0.5854083299636841,1.8724271059036253,0.9444190263748168,0.0,0.0,0.0,0.0741305351257324,0.2255311757326126,2.170680046081543,1.1927320957183838,0.0467838235199451,0.1184838935732841,2.4595158100128174,0.0,0.0,0.0,0.0,1.7564072608947754,0.0,0.2763691246509552,0.0,0.0,0.0,0.0325666144490242,0.0,2.7941203117370605,0.0140664801001548,0.5898223519325256,0.0,0.0,0.0,0.0,0.0,0.0,0.0,2.107107400894165,0.0,0.0,0.0,0.4408010244369507,0.0,0.0,2.0739223957061768,0.0,0.8554495573043823,0.0,0.0,0.0,0.0686883330345153,0.0,1.2952091693878174,1.1710536479949951,0.0,0.7324175834655762,0.0,0.0,0.0,1.5175005197525024
test_C6_00073,test_C6,C6,85,early,0,early,0.2857177701051873,0.3311319649219513,0.91406512260437,0.0655010193586349,0.0204339250922203,0.0859348773956298,0.3096331443595607,0,0.0,1.0846292972564695,2.219167709350586,0.0,0.0,1.7567657232284546,0.5679886341094971,1.857803225517273,0.9525994658470154,0.0,0.0,0.0,0.0873270705342292,0.2384966909885406,2.162627696990967,1.1992698907852173,0.029786080121994,0.1267174184322357,2.466449737548828,0.0,0.0,0.0,0.0,1.7440375089645386,0.0,0.2590187191963196,0.0,0.0,0.0,0.0279135704040527,0.0,2.7605254650115967,0.0024867877364158,0.5646353363990784,0.0,0.0,0.0,0.0,0.0,0.0,0.0,2.0995988845825195,0.0,0.0,0.0,0.4618228077888489,0.0,0.0,2.060239553451538,0.0,0.8650456070899963,0.0,0.0,0.0,0.0683358907699585,0.0,1.2712942361831665,1.141181707382202,0.0,0.7343330979347229,0.0,0.0,0.0,1.5089261531829834
test_C6_00074,test_C6,C6,86,early,0,early,0.2875814402796224,0.3310000300407409,0.909570336341858,0.0698662176728248,0.0205633882433176,0.090429663658142,0.3204142702436123,0,0.0,1.053876876831055,2.1956889629364014,0.0,0.0,1.749751329421997,0.5469797253608704,1.8366596698760984,0.98611718416214,0.0,0.0,0.0,0.1058555170893669,0.2568698227405548,2.1611924171447754,1.2089506387710571,0.0109523758292198,0.1506305932998657,2.482670783996582,0.0,0.0,0.0129674486815929,0.0,1.7299306392669678,0.0,0.2619378268718719,0.0,0.0,0.0,0.0201053768396377,0.0,2.724360704421997,0.0,0.5495991706848145,0.0,0.0,0.0,0.0,0.0,0.0,0.0,2.0866000652313232,0.0,0.0,0.0,0.5058078169822693,0.0130723863840103,0.0,2.041823387145996,0.0,0.8934659361839294,0.0,0.0,0.0,0.0661377310752868,0.0,1.2494491338729858,1.1072728633880615,0.0,0.7432712912559509,0.0,0.0,0.0,1.5069175958633425
test_C6_00075,test_C6,C6,87,early,0,early,0.2893291093590293,0.3271334767341614,0.9224657416343688,0.0577649809420108,0.0197693780064582,0.0775342583656311,0.2882952077628475,0,0.0,1.135043978691101,2.26511287689209,0.0,0.0,1.7700914144515991,0.603373110294342,1.9120614528656008,0.9405658841133118,0.0,0.0,0.0,0.0391024500131607,0.2041370123624801,2.198338031768799,1.194599986076355,0.0785523355007171,0.0948437973856926,2.4787399768829346,0.0,0.0,0.0,0.0,1.7818973064422607,0.0,0.2968383431434631,0.0,0.0,0.0,0.0409691408276557,0.0,2.858555555343628,0.0257201567292213,0.6461724042892456,0.0,0.0,0.0,0.0,0.0,0.0342791080474853,0.0,2.1134402751922607,0.0,0.0,0.0,0.3947601318359375,0.0,0.0,2.088986873626709,0.0,0.8428241610527039,0.0,0.0,0.0,0.0316130295395851,0.0,1.346555233001709,1.226743459701538,0.0,0.737647294998169,0.0,0.0,0.0,1.5414745807647705
test_C6_00076,test_C6,C6,88,early,0,early,0.2909608366623936,0.3313663303852081,0.9031520485877992,0.0753796845674514,0.0214682761579751,0.0968479514122009,0.3361835264215374,0,0.0,1.048572063446045,2.143275260925293,0.0,0.0,1.7218072414398191,0.5264976024627686,1.810313105583191,1.0025564432144165,0.0,0.0,0.0,0.1154304817318916,0.2604595422744751,2.1573832035064697,1.1837910413742063,0.0197292789816856,0.163677841424942,2.4900035858154297,0.0,0.0,0.0444023385643959,0.0,1.6989643573760986,0.0,0.24974325299263,0.0,0.0,0.0,0.0083240196108818,0.0,2.659830093383789,0.0,0.5452027916908264,0.0,0.0,0.0,0.0,0.0,0.0,0.0,2.061714172363281,0.0,0.0,0.0,0.5279650688171387,0.0298301056027412,0.0,1.988469481468201,0.0,0.9014847874641418,0.0,0.0,0.0,0.0291390977799892,0.0,1.212574481964111,1.071157455444336,0.0,0.7521378397941589,0.0,0.0,0.0,1.4766929149627686
test_C6_00077,test_C6,C6,89,early,0,early,0.292476919541907,0.3301905691623688,0.91185861825943,0.0677538216114044,0.0203874446451663,0.08814138174057,0.3148401643762479,0,0.0,1.0892726182937622,2.2110495567321777,0.0,0.0,1.74444842338562,0.5482094883918762,1.8595482110977173,0.997377336025238,0.0,0.0,0.0,0.0953501090407371,0.2571256160736084,2.1683268547058105,1.193517804145813,0.0165548026561737,0.1390133202075958,2.487292528152466,0.0,0.0,0.0,0.0,1.7266682386398315,0.0,0.2698009610176086,0.0,0.0,0.0,0.0295440703630447,0.0,2.739562749862671,9.484589099884032e-06,0.5766106843948364,0.0,0.0,0.0,0.0,0.0,0.0,0.0,2.080860376358032,0.0,0.0,0.0,0.4789341688156128,0.0038809552788734,0.0,2.0400218963623047,0.0,0.8909160494804382,0.0,0.0,0.0,0.0473286509513855,0.0,1.269644856452942,1.1260077953338623,0.0,0.7506960034370422,0.0,0.0,0.0,1.5062578916549685
test_C6_00078,test_C6,C6,90,early,0,early,0.2938778895966487,0.3326277434825897,0.8850275278091431,0.0920920595526695,0.0228803530335426,0.1149724721908569,0.3769853140404705,0,0.0,0.9983318448066713,2.07281231880188,0.0,0.0,1.6925157308578491,0.49144047498703,1.7400139570236206,1.0674222707748413,0.0,0.0,0.0,0.1755854189395904,0.297808825969696,2.127283096313477,1.171913504600525,0.0,0.2085344791412353,2.496884822845459,0.0,0.0,0.1264790743589401,0.0,1.630323886871338,0.0,0.231136605143547,0.0,0.0,0.0,0.0,0.0,2.5614562034606934,0.0,0.4939794838428497,0.0,0.0,0.0,0.0,0.0,0.0,0.0,2.020284414291382,0.0,0.0936722680926323,0.0,0.6249001622200012,0.0674028098583221,0.0,1.9187486171722408,0.0,0.9525641202926636,0.0,0.0,0.0,0.0368567071855068,0.0486725345253944,1.147787094116211,0.9995179176330566,0.0,0.7431487441062927,0.0,0.0,0.0,1.4711936712265017
test_C6_00079,test_C6,C6,91,early,0,early,0.2951645082131444,0.3338396549224853,0.9048061370849608,0.0738471001386642,0.0213467571884393,0.095193862915039,0.3322896548510324,0,0.0,1.0784404277801514,2.1763405799865723,0.0,0.0,1.7290704250335691,0.5592451095581055,1.809619903564453,1.03350567817688,0.0,0.0,0.0,0.1348209381103515,0.2645075023174286,2.1522481441497803,1.1527796983718872,0.0236358791589736,0.1824635863304138,2.4794161319732666,0.0,0.0,0.0387610122561454,0.0,1.6805227994918823,0.0,0.277256965637207,0.0,0.0,0.0,0.0183092877268791,0.0,2.693078994750977,0.0188840553164482,0.5657418370246887,0.0,0.0,0.0,0.0,0.0,0.0,0.0,2.05800724029541,0.0,0.0114591047167778,0.0,0.5388794541358948,0.0164229422807693,0.0,1.9820361137390137,0.0,0.9035054445266724,0.0,0.0,0.0,0.0644804462790489,0.0,1.245749831199646,1.1105870008468628,0.0,0.7535905838012695,0.0,0.0,0.0,1.514909744262695
test_C6_00080,test_C6,C6,92,early,0,early,0.2963377620217843,0.3341951370239258,0.8760532736778259,0.1000717356801033,0.0238750055432319,0.123946726322174,0.396363632865884,0,0.0,0.9773258566856384,2.045363187789917,0.0,0.0,1.6714321374893188,0.5051645040512085,1.691220760345459,1.0783934593200684,0.0,0.0,0.0,0.1934654116630554,0.3099819719791412,2.1194891929626465,1.142539620399475,0.0,0.2469242513179779,2.47245454788208,0.0,0.0,0.152529090642929,0.0,1.5972797870635986,0.0,0.2325049042701721,0.0,0.0,0.0,0.0,0.0,2.5103631019592285,0.0,0.484430730342865,0.0,0.0,0.0,0.0,0.0,0.0,0.0,2.00205659866333,0.0,0.1298345029354095,0.0,0.6675117611885071,0.0746131837368011,0.0,1.8818305730819704,0.0,0.9636781215667723,0.0,0.0,0.0,0.048753909766674,0.084238052368164,1.1240075826644895,0.9717917442321776,0.0,0.7385241389274597,0.0,0.0,0.0,1.4598731994628906
test_C6_00081,test_C6,C6,93,early,0,early,0.2973988580166796,0.3337473571300506,0.8918947577476501,0.0857587307691574,0.0223465915769338,0.1081052422523498,0.3619315117663116,0,0.0,1.0255213975906372,2.120782852172852,0.0,0.0,1.7000466585159302,0.5292885303497314,1.7556190490722656,1.0479429960250854,0.0,0.0,0.0,0.1630557179450988,0.2974311411380768,2.1417315006256104,1.1435933113098145,0.0062757581472396,0.2182502150535583,2.482297897338867,0.0,0.0,0.0914195477962493,0.0,1.6450287103652954,0.0,0.2510762214660644,0.0,0.0,0.0,0.0014374330639839,0.0,2.6005561351776123,0.0030349865555763,0.5206249356269836,0.0,0.0,0.0,0.0,0.0,0.0,0.0,2.035309076309204,0.0,0.0523973330855369,0.0,0.6008129119873047,0.0511911958456039,0.0,1.937256455421448,0.0,0.932723343372345,0.0,0.0,0.0,0.0553711727261543,0.0396048389375209,1.181246042251587,1.0315489768981934,0.0,0.7513197064399719,0.0,0.0,0.0,1.4850754737854004
test_C6_00082,test_C6,C6,94,early,0,early,0.2983492180865358,0.3332902491092682,0.8463973999023438,0.1278864741325378,0.0257162041962146,0.1536026000976562,0.4535731434512096,0,0.0257443077862262,0.9026039838790894,1.959214448928833,0.0,0.0,1.6235252618789673,0.45351043343544,1.6031357049942017,1.1223423480987549,0.0,0.0,0.0,0.2418602108955383,0.3671094179153442,2.1006059646606445,1.1324806213378906,0.0,0.3010753989219665,2.47417950630188,0.0,0.0,0.2324917763471603,0.0,1.5313082933425903,0.0,0.2055823057889938,0.0,0.0,0.0,0.0,0.0,2.374018430709839,0.0,0.4233346581459045,0.0,0.0,0.0517200082540512,0.0,0.0193898640573024,0.0,0.0,1.9621989727020264,0.0,0.2058862149715423,0.0,0.7732282280921936,0.1351617723703384,0.0,1.815463900566101,0.0,1.013261795043945,0.0,0.0,0.0,0.0410563200712204,0.1669739782810211,1.0455378293991089,0.8636559844017029,0.0,0.7315292954444885,0.0,0.0,0.0,1.4245587587356567
test_C6_00083,test_C6,C6,95,early,0,early,0.2991904732089655,0.3352212309837341,0.8576709628105164,0.1172771528363227,0.0250518061220645,0.1423290371894836,0.4327220323552543,0,0.0152432136237621,0.9231942892074584,1.995729923248291,0.0,0.0,1.644567370414734,0.4831248819828033,1.6294053792953491,1.1187629699707031,0.0,0.0,0.0,0.2321168482303619,0.3606377840042114,2.115267038345337,1.1230703592300415,0.0,0.3100838959217071,2.4626965522766118,0.0,0.0,0.1893328875303268,0.0,1.546911358833313,0.0,0.2375573217868805,0.0,0.0,0.0,0.0,0.0,2.429582357406616,0.0,0.4634529054164886,0.0,0.0,0.0234773457050323,0.0,0.0040092431008815,0.0,0.0,1.9691386222839355,0.0,0.1776020228862762,0.0,0.739155113697052,0.1247913986444473,0.0,1.828358054161072,0.0,0.9879231452941896,0.0,0.0,0.0,0.0643259212374687,0.1480939090251922,1.0938410758972168,0.9178203344345092,0.0,0.7373742461204529,0.0,0.0,0.0,1.454048752784729
test_C6_00084,test_C6,C6,96,middle,1,early,0.2999244579813612,0.3372643291950226,0.7871591448783875,0.1829853951930999,0.0298554431647062,0.2128408551216125,0.5497789337509804,1,0.0651809275150299,0.8032349348068237,1.814157009124756,0.0,0.0,1.546015739440918,0.3993414640426636,1.4646790027618408,1.199750542640686,0.0,0.0,0.0,0.3249776065349579,0.4351168572902679,2.058781862258911,1.0838377475738523,0.0,0.3874484598636627,2.4489707946777344,0.0,0.0,0.3532095551490783,0.0,1.4185247421264648,0.0,0.1764933317899704,0.0,0.0,0.0,0.0,0.0,2.1783809661865234,0.0,0.3638985157012939,0.0,0.0,0.082625575363636,0.0,0.1030381023883819,0.0,0.0846225321292877,1.8707083463668823,0.0,0.3394472002983093,0.0,0.9148278832435608,0.217113509774208,0.0,1.667681336402893,0.0214507281780242,1.0534310340881348,0.0,0.0,0.0,0.0301495604217052,0.2812379896640777,0.9355975389480592,0.7400400042533875,0.0,0.717735230922699,0.0,0.0,0.0,1.3948408365249634
test_C6_00085,test_C6,C6,97,middle,1,early,0.3005532038896633,0.3408200144767761,0.7039474844932556,0.261661171913147,0.034391351044178,0.2960525155067444,0.6497554650658155,1,0.0853032767772674,0.7210721373558044,1.6724931001663208,0.0,0.0,1.4888604879379272,0.3129124641418457,1.3418704271316528,1.22262442111969,0.0,0.0,0.0,0.4055232405662536,0.4883726239204407,1.9828338623046875,1.0304962396621704,0.0,0.4754624962806701,2.452702283859253,0.0,0.0,0.5140727162361145,0.0,1.3065683841705322,0.0,0.1140558123588562,0.0,0.0,0.0,0.0,0.0,1.9681801795959477,0.0,0.2531846165657043,0.0,0.0,0.1496208906173706,0.0,0.2384778708219528,0.0,0.1538834571838379,1.760332465171814,0.0,0.4760214686393738,0.0,1.0334736108779907,0.2993479967117309,0.0,1.4937957525253296,0.1128386929631233,1.0071229934692385,0.0,0.0,0.0,0.0335695631802082,0.4327572286128998,0.8038203716278076,0.5918555855751038,0.0,0.7808534502983093,0.0,0.0,0.0,1.31907057762146
test_C6_00086,test_C6,C6,98,middle,1,early,0.3010789330819709,0.3408096730709076,0.6411197185516357,0.3224782645702362,0.0364020355045795,0.3588802814483642,0.7013961867233816,1,0.1659044474363327,0.6647791266441345,1.5653557777404783,0.0,0.0402535945177078,1.4132723808288574,0.2647663354873657,1.2531818151474,1.2634689807891846,0.0,0.0,0.0,0.4651963114738464,0.5342901945114136,1.9565649032592771,0.9915613532066344,0.0,0.5023108720779419,2.433433771133423,0.0,0.0,0.625537097454071,0.0,1.2607427835464478,0.0,0.0683527663350105,0.0,0.0,0.0,0.0,0.0,1.8143136501312256,0.0,0.1957270205020904,0.0,0.0,0.1697669327259063,0.0,0.2435922771692276,0.0,0.1968239694833755,1.6956921815872192,0.0,0.5369216799736023,0.0,1.123855471611023,0.3652005195617676,0.0,1.3622498512268066,0.1017658188939094,1.0085104703903198,0.0,0.0,0.0,0.0,0.4932320713996887,0.6930776834487915,0.4913061857223511,0.0,0.7801235318183899,0.0068088918924331,0.0,0.0,1.2677556276321411
test_C6_00087,test_C6,C6,99,middle,1,middle,0.3015040515531672,0.3495660126209259,0.3704655766487121,0.5897291898727417,0.0398052297532558,0.4102708101272583,0.7351310291719185,0,0.2947227358818054,0.399189680814743,1.1624661684036257,0.0,0.1442344486713409,1.176007628440857,0.0989656448364257,0.8811149001121521,1.4145675897598269,0.0,0.0385732203722,0.0,0.6587668061256409,0.6975740790367126,1.8112802505493164,0.8696812987327576,0.0,0.6905693411827087,2.3171145915985107,0.0,0.0,0.9410292506217957,0.0,0.9781773090362548,0.0,0.0,0.0,0.0,0.0,0.0,0.0,1.2670665979385376,0.0,0.0371823236346244,0.0,0.0,0.2650433182716369,0.0,0.4437551498413086,0.0,0.4062309265136719,1.4475839138031006,0.0,0.853707492351532,0.0,1.465919852256775,0.5929387211799622,0.0,0.9721195697784424,0.1951451003551483,1.129037857055664,0.0,0.0,0.0,0.0,0.7456314563751221,0.3828679025173187,0.1448860615491867,0.0,0.7441208958625793,0.1921262592077255,0.0,0.0,1.1053848266601562
test_C6_00088,test_C6,C6,100,middle,1,middle,0.3018311420771272,0.3529260158538818,0.3079256117343902,0.6524811387062073,0.0395932495594024,0.3475188612937927,0.7001077511954648,0,0.3442684710025787,0.3308775722980499,1.066814661026001,0.0,0.2032536119222641,1.1261755228042605,0.048022337257862,0.784263551235199,1.43329119682312,0.0,0.0909378305077552,0.0,0.7191649079322815,0.7368708848953247,1.7607766389846802,0.8262723088264465,0.0,0.7356926202774048,2.269606590270996,0.0,0.0,1.013892412185669,0.0,0.9130436778068542,0.0,0.0,0.0,0.0,0.0,0.0,0.0,1.137917399406433,0.0,0.0,0.0,0.0,0.2741404473781585,0.0,0.4929535984992981,0.0,0.4492647051811218,1.357302188873291,0.0,0.9160612225532532,0.0,1.5353845357894895,0.6416370868682861,0.0,0.880433976650238,0.2525640726089477,1.1305463314056396,0.0,0.0,0.0,0.0,0.8163440823554993,0.3240304887294769,0.065033808350563,0.0,0.759127140045166,0.2175242453813552,0.0,0.0,1.0669468641281128
test_C6_00089,test_C6,C6,101,middle,1,middle,0.3020690494932344,0.3589408993721008,0.2369355857372284,0.7236404418945312,0.0394239127635955,0.2763595581054687,0.6396443820809458,0,0.380692183971405,0.2273065149784088,0.9063690900802612,0.0,0.2330305129289627,1.0231878757476809,0.0,0.6346624493598938,1.4489405155181885,0.0,0.1558696925640106,0.0,0.7539141774177551,0.8042123913764954,1.692164659500122,0.777732789516449,0.0,0.7966452836990356,2.1840591430664062,0.0,0.0,1.0996216535568235,0.0,0.7993542551994324,0.0,0.0,0.0,0.0,0.0078685358166694,0.0,0.0,0.9363827109336852,0.0,0.0,0.0,0.0,0.3014505803585052,0.0,0.5425769090652466,0.0,0.5268043279647827,1.257771372795105,0.0,1.001286864280701,0.0,1.6283727884292605,0.7156105041503906,0.0,0.7576562166213989,0.2900952696800232,1.1579684019088743,0.0,0.0,0.0,0.0,0.9008296728134156,0.2169198095798492,0.0,0.0,0.7459394931793213,0.2938773930072784,0.0,0.0,0.9719102382659912
test_C6_00090,test_C6,C6,102,middle,1,middle,0.3022325432192163,0.3645730018615722,0.1920894831418991,0.7687240839004517,0.0391863845288753,0.2312759160995483,0.5880524894605671,0,0.4234037697315216,0.1441726684570312,0.7988801002502441,0.0,0.2873947024345398,0.9620020389556884,0.0,0.5392664074897766,1.483601689338684,0.0,0.2130299210548401,0.0,0.8278149366378784,0.8316783308982849,1.6316035985946655,0.7255241274833679,0.0,0.8240976929664612,2.121147632598877,0.0,0.0,1.170054912567139,0.0,0.7207731604576111,0.0,0.0,0.0,0.0,0.0061050653457641,0.0,0.0,0.778908371925354,0.0,0.0,0.0,0.0,0.3191310465335846,0.0,0.5883845686912537,0.0,0.5648936033248901,1.1696481704711914,0.0,1.0753813982009888,0.0,1.6998683214187622,0.7771849036216736,0.0,0.6553137302398682,0.3307493925094604,1.173392415046692,0.0,0.0,0.0,0.0,0.9497087001800536,0.1376499831676483,0.0,0.0,0.7467250823974609,0.3258599042892456,0.0,0.0,0.9084004759788512
test_C6_00091,test_C6,C6,103,middle,1,middle,0.302336046771595,0.3776892423629761,0.1374365985393524,0.8232494592666626,0.0393139496445655,0.1767505407333374,0.5098260931980351,0,0.4667211174964905,0.0339767411351203,0.614288330078125,0.0,0.3218090534210205,0.8304537534713745,0.0,0.3480830788612366,1.5126309394836426,0.0,0.3078106045722961,0.0,0.887452244758606,0.8886871337890625,1.5430070161819458,0.6456523537635803,0.0,0.8979369401931763,1.993586540222168,0.0,0.0,1.2730528116226196,0.0,0.5705438852310181,0.0,0.0,0.0080698505043983,0.0,0.0452669821679592,0.0,0.0,0.5393767952919006,0.0,0.0,0.0,0.0,0.3196918368339538,0.0,0.6427087187767029,0.0,0.6459223031997681,1.0427048206329346,0.0,1.1908433437347412,0.0,1.8088210821151731,0.8359010815620422,0.0,0.4880183935165405,0.3785858452320099,1.1946061849594116,0.0,0.0,0.0,0.0,1.028645157814026,0.0330822765827178,0.0,0.0,0.693020761013031,0.4020502269268036,0.0,0.0,0.808100700378418
test_C6_00092,test_C6,C6,104,middle,1,middle,0.3023936126918466,0.3847452104091644,0.1197616979479789,0.8397444486618042,0.0404938273131847,0.1602555513381958,0.4830456992436631,0,0.4725212454795837,0.0,0.5281761884689331,0.0,0.3405022919178009,0.7584042549133301,0.0,0.2607207894325256,1.5231341123580933,0.0,0.3291758894920349,0.0,0.899572491645813,0.9184048175811768,1.4754860401153564,0.5885856747627258,0.0,0.9209617376327516,1.9028615951538088,0.0,0.0,1.2892221212387085,0.0,0.4915274977684021,0.0,0.0,0.021418958902359,0.0,0.059357788413763,0.0,0.0,0.4244848489761352,0.0,0.0,0.0,0.0,0.3063563406467438,0.0,0.6590463519096375,0.0,0.6627872586250305,0.9768760204315186,0.0,1.2354187965393066,0.0,1.836573362350464,0.874947726726532,0.0,0.3999123573303222,0.3999216556549072,1.1870310306549072,0.0,0.0,0.0,0.0,1.05318284034729,0.0,0.0,0.0,0.6650969386100769,0.4161173403263092,0.0,0.0,0.7598272562026978
test_C6_00093,test_C6,C6,105,middle,1,middle,0.302418898229824,0.388908177614212,0.1162295043468475,0.8394744396209717,0.0442959889769554,0.1605255603790283,0.4870715991052741,0,0.4558097720146179,0.0,0.4770822525024414,0.0,0.3332166969776153,0.7016527652740479,0.0,0.2148431539535522,1.489863395690918,0.0,0.3439247012138366,0.0,0.8668559789657593,0.909859299659729,1.4170759916305542,0.5525028109550476,0.0,0.9038302302360536,1.8132243156433103,0.0,0.0,1.263026475906372,0.0,0.4409611523151397,0.0,0.0,0.0307860746979713,0.0,0.0694502890110015,0.0,0.0,0.3465128242969513,0.0,0.0,0.0,0.0,0.29831662774086,0.0,0.6450157761573792,0.0,0.6687458753585815,0.919333279132843,0.0,1.2244162559509275,0.0,1.8036187887191768,0.8976248502731323,0.0,0.3373936712741852,0.4092156887054443,1.145969271659851,0.0,0.0,0.0,0.0,1.0443365573883057,0.0,0.0,0.0,0.6322809457778931,0.4005754590034485,0.0,0.0,0.7011656761169434
test_C6_00094,test_C6,C6,106,middle,1,middle,0.3024251420368648,0.3939142525196075,0.1186070218682289,0.8331202864646912,0.0482726618647575,0.1668797135353088,0.5017975686492058,0,0.4448718428611755,0.0,0.4476770758628845,0.0,0.3110597729682922,0.6630319952964783,0.0,0.1955236345529556,1.4540436267852783,0.0,0.3330870270729065,0.0,0.8342628479003906,0.8911007046699524,1.3652969598770142,0.5254498720169067,0.0,0.889472484588623,1.7437984943389893,0.0,0.0,1.2404067516326904,0.0,0.4070833027362823,0.0,0.0,0.0455252230167388,0.0,0.0772530734539032,0.0,0.0,0.322581797838211,0.0,0.0,0.0,0.0,0.2702970504760742,0.0,0.629778265953064,0.0,0.6657606959342957,0.8886414170265198,0.0,1.2120715379714966,0.0,1.7651617527008057,0.8735765814781189,0.0,0.3071088790893554,0.3985398709774017,1.096457839012146,0.0,0.0,0.0,0.0,1.0180699825286863,0.0,0.0,0.0,0.5968634486198425,0.3965017199516296,0.0,0.0,0.6756842732429504
test_C6_00095,test_C6,C6,107,middle,1,middle,0.3024251420368648,0.3973129093647003,0.1161540821194648,0.8331173658370972,0.0507285073399543,0.1668826341629028,0.5037330431743406,0,0.4342780113220215,0.0,0.4154908359050751,0.0,0.3061298429965973,0.6241594552993774,0.0,0.1771630048751831,1.4473851919174194,0.0,0.3504185080528259,0.0,0.8265849351882935,0.8863720893859863,1.3237085342407229,0.5053685903549194,0.0,0.879513680934906,1.6925318241119385,0.0,0.0,1.2260653972625732,0.0,0.3700064122676849,0.0,0.0,0.0481023639440536,0.0,0.0730599462985992,0.0,0.0,0.2804268300533294,0.0,0.0,0.0,0.0,0.2636992633342743,0.0,0.6242726445198059,0.0,0.6566522717475891,0.853527307510376,0.0,1.2086504697799685,0.0,1.746404767036438,0.8881912231445312,0.0,0.268659770488739,0.4005098342895508,1.087540626525879,0.0,0.0,0.0,0.0,1.0095077753067017,0.0,0.0,0.0,0.5692650079727173,0.3852787911891937,0.0,0.0,0.643709659576416
test_C6_00096,test_C6,C6,108,middle,1,middle,0.3024251420368648,0.3809111416339874,0.2068392634391784,0.7327818274497986,0.060378935188055,0.2672181725502014,0.6583377108963494,0,0.3537761867046356,0.0764059498906135,0.6365029811859131,0.0,0.2569018602371216,0.7826306819915771,0.0,0.4563516974449157,1.3132168054580688,0.0,0.175174742937088,0.0,0.6441977620124817,0.7275117039680481,1.389108419418335,0.5349014401435852,0.0,0.6790376901626587,1.7542693614959717,0.0,0.0,1.0064232349395752,0.0,0.5854741930961609,0.0,0.0,0.0318353995680809,0.0,0.0463577881455421,0.0,0.0,0.5841464996337891,0.0300599560141563,0.0,0.0,0.0,0.2067300975322723,0.0,0.4462879300117492,0.0,0.5013260841369629,0.946151852607727,0.0253923572599887,0.9517268538475036,0.0,1.4597731828689575,0.7707422971725464,0.0,0.4661199748516083,0.3262698948383331,0.9861578941345216,0.0,0.0,0.0,0.0,0.8323221802711487,0.1107463389635086,0.0,0.0,0.5946129560470581,0.2348275333642959,0.0,0.0,0.6780160665512085
test_C6_00097,test_C6,C6,109,middle,1,middle,0.3024251420368648,0.3916327655315399,0.1503958106040954,0.7950858473777771,0.0545183457434177,0.2049141526222229,0.5696692792857889,0,0.3791848421096802,0.0,0.5165737867355347,0.0,0.2575469613075256,0.6807878017425537,0.0,0.3070916533470154,1.4065839052200315,0.0,0.2943751811981201,0.0,0.7480201125144958,0.8120372295379639,1.3575023412704468,0.5295676589012146,0.0,0.7892483472824097,1.7390494346618652,0.0,0.0,1.1307690143585205,0.0,0.4497063159942627,0.0,0.0,0.0274042785167694,0.0,0.0331390872597694,0.0,0.0,0.4157129228115082,0.0,0.0,0.0,0.0,0.2411105334758758,0.0,0.560602605342865,0.0,0.5904204845428467,0.9205239415168762,0.0,1.113864183425903,0.0,1.6232315301895142,0.8345420956611633,0.0,0.3702186644077301,0.3494169116020202,1.070410132408142,0.0,0.0,0.0,0.0,0.9173414707183838,0.0016447976231575,0.0,0.0,0.5501505732536316,0.3254412710666656,0.0,0.0,0.6753084659576416
test_C6_00098,test_C6,C6,110,middle,1,middle,0.3024251420368648,0.3874472081661224,0.1852438896894455,0.7579761147499084,0.0567800588905811,0.2420238852500915,0.6237429891029431,0,0.3123597800731659,0.0293212570250034,0.6241947412490845,0.0,0.2372615486383438,0.7546337842941284,0.0,0.4053580164909363,1.383703589439392,0.0,0.2570057809352875,0.0,0.7025517821311951,0.7700711488723755,1.3725329637527466,0.5688542723655701,0.0,0.7253115773200989,1.7634999752044678,0.0,0.0,1.0373080968856812,0.0,0.5011534690856934,0.0,0.0,0.0,0.0,0.0031635835766792,0.0,0.0,0.5514810681343079,0.0,0.0,0.0,0.0,0.2145608365535736,0.0,0.5470371842384338,0.0,0.5190795063972473,0.9698748588562012,0.0,1.0374928712844849,0.0,1.5260893106460571,0.8125219941139221,0.0,0.4690310359001159,0.3440959453582763,1.0805494785308838,0.0,0.0,0.0,0.0,0.8514875769615173,0.0927558243274688,0.0,0.0,0.5630415678024292,0.2713172435760498,0.0,0.0,0.7390340566635132
test_C6_00099,test_C6,C6,111,middle,1,middle,0.3024251420368648,0.3959003388881683,0.141476958990097,0.8049982190132141,0.05352483689785,0.1950017809867859,0.5534174023297528,0,0.3719358146190643,0.0,0.4997585415840149,0.0,0.257502794265747,0.6662775278091431,0.0,0.2659707069396972,1.4426333904266355,0.0,0.3177580833435058,0.0,0.7781795859336853,0.8319907784461975,1.341274380683899,0.5242518186569214,0.0,0.8128462433815002,1.7250890731811523,0.0,0.0,1.1438214778900146,0.0,0.4097275733947754,0.0,0.0,0.0250181704759597,0.0,0.044173490256071,0.0,0.0,0.4102092385292053,0.0,0.0,0.0,0.0,0.2209308743476867,0.0,0.5927290320396423,0.0,0.6153335571289062,0.9039164781570436,0.0,1.1522325277328491,0.0,1.663013935089111,0.8454395532608032,0.0,0.3430081903934479,0.3566167950630188,1.0897071361541748,0.0,0.0,0.0,0.0,0.9325602650642396,0.0011096708476543,0.0,0.0,0.5380419492721558,0.3494169116020202,0.0,0.0,0.7109997868537903
test_C6_00100,test_C6,C6,112,middle,1,middle,0.3024251420368648,0.3913194835186004,0.1925230324268341,0.7500522136688232,0.0574247576296329,0.2499477863311767,0.6344297121817659,0,0.3218304812908172,0.0681687593460083,0.6574196815490723,0.0,0.2332347780466079,0.7880994081497192,0.0,0.4132317900657654,1.385109305381775,0.0,0.2432667464017868,0.0,0.7012802958488464,0.747016966342926,1.3803949356079102,0.5381371378898621,0.0,0.7499437928199768,1.74900221824646,0.0,0.0,1.025115132331848,0.0,0.5153950452804565,0.0,0.0,0.0,0.0,0.0380539260804653,0.0,0.0,0.6136728525161743,0.0099016204476356,0.0,0.0,0.0,0.1705108284950256,0.0,0.5716236233711243,0.0,0.5282106399536133,0.9748343229293824,0.0,1.0557870864868164,0.0,1.5311287641525269,0.7708567976951599,0.0,0.4665441513061523,0.3603902459144592,1.045952320098877,0.0,0.0,0.0,0.0,0.837280809879303,0.1529220044612884,0.0,0.0,0.5748563408851624,0.2727746665477752,0.0,0.0,0.8016685247421265
test_C6_00101,test_C6,C6,113,middle,1,middle,0.3024251420368648,0.3997854888439178,0.1258613318204879,0.821550190448761,0.0525885224342346,0.178449809551239,0.5254169334995262,0,0.4047553539276123,0.0,0.4474265575408935,0.0,0.2733127474784851,0.6328256726264954,0.0,0.1935469657182693,1.4389524459838867,0.0,0.3423134386539459,0.0,0.8060795068740845,0.8414039015769958,1.330868363380432,0.4897232055664062,0.0,0.8673481941223145,1.6928904056549072,0.0,0.0,1.19663667678833,0.0,0.3739614486694336,0.0,0.0,0.0447576567530632,0.0,0.055433552712202,0.0,0.0,0.3429803252220154,0.0,0.0,0.0,0.0,0.2303608357906341,0.0,0.6234055757522583,0.0,0.6474204063415527,0.8806416988372803,0.0,1.1977949142456057,0.0,1.7247366905212402,0.832388162612915,0.0,0.2923363447189331,0.3853552937507629,1.0673460960388184,0.0,0.0,0.0,0.0,0.9835858345031738,0.0,0.0,0.0062876269221305,0.5527451634407043,0.3745891749858856,0.0,0.0,0.6793444156646729
test_C6_00102,test_C6,C6,114,middle,1,middle,0.3024251420368648,0.3996331393718719,0.1419430375099182,0.8038507103919983,0.0542062260210514,0.1961492896080017,0.5558309131289517,0,0.3957796692848205,0.0006266869604587,0.5029403567314148,0.0,0.2648597657680511,0.6715332865715027,0.0,0.2438759505748748,1.406352996826172,0.0,0.2882305383682251,0.0,0.7651232481002808,0.8215194344520569,1.353345513343811,0.4840758144855499,0.0,0.8443514704704285,1.6956660747528076,0.0,0.0,1.1485440731048584,0.0,0.4150765538215637,0.0,0.0,0.0398382022976875,0.0,0.0594766922295093,0.0,0.0,0.4104808866977691,0.0,0.0,0.0,0.0,0.1963731348514557,0.0,0.6074665188789368,0.0,0.6137934327125549,0.9193125367164612,0.0,1.153335690498352,0.0,1.6788897514343262,0.7947502136230469,0.0,0.3322800397872925,0.3889403939247131,1.0569396018981934,0.0,0.0,0.0,0.0,0.9496461749076844,0.0359112918376922,0.0,0.0145190879702568,0.5564620494842529,0.3463907241821289,0.0,0.0,0.7099388837814331
test_C6_00103,test_C6,C6,115,middle,1,middle,0.3024251420368648,0.4057877361774444,0.1013834178447723,0.8472448587417603,0.0513717271387577,0.1527551412582397,0.4778761148221529,0,0.4521694183349609,0.0,0.3366234302520752,0.0,0.3068339824676513,0.5457499623298645,0.0,0.0740434527397155,1.4685804843902588,0.0,0.3793918490409851,0.0,0.854300856590271,0.9018590450286864,1.2978352308273315,0.4398401975631714,0.0,0.9229456186294556,1.6325161457061768,0.0,0.0,1.260061502456665,0.0,0.3003168404102325,0.0,0.0,0.0835834369063377,0.0,0.0988774299621582,0.0,0.0,0.2083485722541809,0.0,0.0,0.0,0.0,0.2207215726375579,0.0,0.6458295583724976,0.0,0.7153312563896179,0.8150948882102966,0.0,1.2714240550994873,0.0,1.8143099546432493,0.8743390440940857,0.0,0.1982799768447876,0.4143304526805877,1.0774924755096436,0.0,0.0,0.0,0.0,1.0492066144943235,0.0,0.0,0.0176743417978286,0.5245744585990906,0.4220243692398071,0.0,0.0,0.6301255822181702
test_C6_00104,test_C6,C6,116,middle,1,middle,0.3024251420368648,0.405704140663147,0.1156170889735221,0.8325153589248657,0.0518675781786441,0.1674846410751342,0.5056588061465239,0,0.4511163830757141,0.0,0.4151429831981659,0.0,0.3091809749603271,0.600913941860199,0.0,0.1497082412242889,1.465623140335083,0.0,0.344636857509613,0.0,0.8353296518325806,0.8974267244338989,1.3334871530532837,0.4669655859470367,0.0,0.8964707255363464,1.6498072147369385,0.0,0.0,1.2027273178100586,0.0,0.3632190823554992,0.0,0.0,0.0869993269443512,0.0,0.1419573724269867,0.0,0.0,0.3264002501964569,0.0005806609988212,0.0,0.0,0.0,0.1753740608692169,0.0,0.6309881806373596,0.0,0.698151171207428,0.8564695715904236,0.0,1.214614748954773,0.0,1.7695027589797974,0.8642852902412415,0.0,0.2674956321716308,0.4129746854305267,1.0935641527175903,0.0,0.0,0.0,0.0,1.0100070238113403,0.0,0.0,0.0216990634799003,0.5325413942337036,0.4045286774635315,0.0,0.0,0.7015560865402222
test_C6_00105,test_C6,C6,117,middle,1,middle,0.3024251420368648,0.4111517667770386,0.0901253446936607,0.8591035008430481,0.0507711395621299,0.1408964991569519,0.4539177950720236,0,0.4738325476646423,0.0,0.2873649597167969,0.0,0.3210879862308502,0.4948262572288513,0.0,0.0108930692076683,1.4942913055419922,0.0,0.4181887507438659,0.0,0.8819716572761536,0.9354323744773864,1.2773908376693726,0.4248782694339752,0.0,0.9645028710365297,1.5828940868377686,0.0,0.0,1.276251196861267,0.0,0.2465446442365646,0.0,0.0,0.1067690849304199,0.0,0.1277727931737899,0.0,0.0,0.1434826552867889,0.0,0.0,0.0,0.0,0.2045082151889801,0.0,0.6625415086746216,0.0,0.75590980052948,0.7912618517875671,0.0,1.314366340637207,0.0100878179073333,1.8613241910934448,0.901875138282776,0.0,0.1514788568019867,0.4298321306705475,1.0992509126663208,0.0,0.0,0.0,0.0,1.0809231996536257,0.0,0.0,0.0244975909590721,0.5014753341674805,0.4640399515628814,0.0,0.0,0.6085038185119629
test_C6_00106,test_C6,C6,118,middle,1,middle,0.3024251420368648,0.4194510281085968,0.0770859941840171,0.8712688684463501,0.0516451224684715,0.1287311315536499,0.4284191904710623,0,0.5010889172554016,0.0,0.1997563242912292,0.0,0.3455092310905456,0.4267728924751282,0.0,0.0,1.5194547176361084,0.0,0.4566064476966858,0.0,0.9100674986839294,0.9609062075614928,1.2286279201507568,0.3735160529613495,0.0,1.002013921737671,1.5090281963348389,0.0,0.0,1.3224201202392578,0.0,0.1787572503089904,0.0,0.0,0.1396084725856781,0.0,0.1593511551618576,0.0,0.0,0.0374352112412452,0.004892885684967,0.0,0.0,0.0,0.1837717890739441,0.0,0.6828035712242126,0.0,0.8063268661499023,0.7273322939872742,0.0,1.3683323860168457,0.0370841361582279,1.9118732213974,0.939899742603302,0.0,0.0589487105607986,0.4578299820423126,1.1003471612930298,0.0,0.0,0.0,0.0,1.124362230300903,0.0,0.0,0.0464668348431587,0.4888404011726379,0.4902410805225372,0.0,0.0,0.5664322972297668
test_C6_00107,test_C6,C6,119,middle,1,middle,0.3024251420368648,0.3977336287498474,0.1411541551351547,0.7963355183601379,0.0625103339552879,0.203664481639862,0.5743831260268839,0,0.4039508700370788,0.0,0.4296677708625793,0.0,0.2992043793201446,0.612023651599884,0.0,0.2248591482639312,1.3745887279510498,0.0,0.2878777980804443,0.0,0.7197324633598328,0.802224338054657,1.2980527877807615,0.4174159467220306,0.0,0.7746878266334534,1.5946896076202393,0.0,0.0,1.0974913835525513,0.0,0.4231307804584503,0.0,0.0,0.1189690381288528,0.0,0.1349132359027862,0.0,0.0,0.3373304903507232,0.0527196153998374,0.0,0.0,0.0,0.1583277285099029,0.0,0.5041919350624084,0.0,0.6423926949501038,0.796053946018219,0.0333677604794502,1.0832687616348269,0.0,1.5989153385162354,0.8331731557846069,0.0,0.2603189945220947,0.3775387406349182,0.9733507633209229,0.0,0.0,0.0,0.0,0.9443035125732422,0.0,0.0,0.0039127841591835,0.5136075019836426,0.3250994086265564,0.0,0.0,0.5922162532806396
test_C6_00108,test_C6,C6,120,middle,1,middle,0.3024251420368648,0.4189057648181915,0.0964318811893463,0.8390532732009888,0.0645147934556007,0.1609467267990112,0.5002768696677344,0,0.4401065409183502,0.0,0.2336315810680389,0.0,0.2988215386867523,0.4197902381420135,0.0,0.0074357986450195,1.4293392896652222,0.0,0.4359450340270996,0.0,0.8069917559623718,0.8709615468978882,1.163527488708496,0.3423240482807159,0.0,0.8735315799713135,1.4437751770019531,0.0,0.0,1.2015129327774048,0.0,0.2090546935796737,0.0,0.0,0.1547649055719375,0.0,0.1485413759946823,0.0,0.0,0.0734938010573387,0.0153718516230583,0.0,0.0,0.0,0.1595185995101928,0.0,0.5921832323074341,0.0,0.7201400995254517,0.6838955879211426,0.0078821526840329,1.2290300130844116,0.0637678653001785,1.72645902633667,0.8857757449150085,0.0,0.0654278248548507,0.4160888791084289,0.9893833994865416,0.0,0.0,0.0,0.0,1.0247015953063965,0.0,0.0,0.0393319725990295,0.4317851662635803,0.401757538318634,0.0,0.0,0.5143674612045288
test_C6_00109,test_C6,C6,121,middle,1,middle,0.3024251420368648,0.4198625981807709,0.0997669026255607,0.8376392126083374,0.0625938922166824,0.1623607873916626,0.5022795112462449,0,0.4039791524410248,0.0,0.2757837176322937,0.0,0.3033907413482666,0.4490622580051422,0.0,0.0334490314126014,1.4609400033950806,0.0,0.4596186280250549,0.0,0.8270331025123596,0.8692392706871033,1.175363063812256,0.3842898905277252,0.0,0.8634406328201294,1.4617414474487305,0.0,0.0,1.17808198928833,0.0,0.1960347890853881,0.0,0.0,0.1154346764087677,0.0,0.1226144582033157,0.0,0.0,0.1223444640636444,0.005145139992237,0.0,0.0,0.0,0.1589371860027313,0.0,0.632777988910675,0.0,0.695022702217102,0.7163920998573303,0.0,1.22537362575531,0.0578569024801254,1.7212612628936768,0.9072015285491944,0.0,0.1086364239454269,0.4349887669086456,1.058257222175598,0.0,0.0,0.0,0.0,1.001007318496704,0.0,0.0,0.0354603976011276,0.4428858458995819,0.3866104483604431,0.0,0.0,0.573493242263794
test_C6_00110,test_C6,C6,122,middle,1,middle,0.3024251420368648,0.4261872470378876,0.0892940685153007,0.845888078212738,0.0648178234696388,0.1541119217872619,0.486655792726381,0,0.4250944554805755,0.0,0.2026104032993316,0.0,0.303292840719223,0.3917157351970672,0.0,0.0,1.441295146942139,0.0,0.4757206439971924,0.0,0.8319479823112488,0.8776705861091614,1.1149194240570068,0.3500268459320068,0.0,0.8985688090324402,1.3899123668670654,0.0,0.0,1.200221300125122,0.0,0.1362431347370147,0.0,0.0,0.1266177743673324,0.0,0.1409898400306701,0.0,0.0,0.0323120094835758,0.0150084868073463,0.0,0.0,0.0,0.1567322611808776,0.0,0.6511644721031189,0.0,0.7398962378501892,0.6653847098350525,0.0,1.2768574953079224,0.0754813849925994,1.7557958364486694,0.9019833207130432,0.0,0.0355649776756763,0.448951780796051,1.0273486375808716,0.0,0.0,0.0,0.0,1.043626070022583,0.0,0.0,0.05778219550848,0.4331820011138916,0.4239413142204284,0.0,0.0,0.5178126096725464
test_C6_00111,test_C6,C6,123,middle,1,middle,0.3024251420368648,0.4260479509830475,0.1253885477781295,0.7998151183128357,0.0747963339090347,0.2001848816871643,0.5761389639496551,0,0.3710080981254577,0.0,0.366859495639801,0.0,0.2696571946144104,0.5111318230628967,0.0,0.0841158032417297,1.3493661880493164,0.0,0.4043858647346496,0.0,0.7300717830657959,0.7757089138031006,1.1507301330566406,0.3552602529525757,0.0,0.8300948739051819,1.3758325576782229,0.0,0.0,1.0802984237670898,0.0,0.2417528629302978,0.0,0.0,0.1161780506372451,0.0,0.1648574769496917,0.0,0.0,0.256193071603775,0.0807149335741996,0.0,0.0,0.0,0.0825052633881568,0.0,0.6302956938743591,0.0,0.6621522307395935,0.7288300395011902,0.0,1.1535604000091553,0.079291857779026,1.6026816368103027,0.7984524369239807,0.0,0.1569509804248809,0.4471306800842285,0.9677222967147828,0.0,0.0,0.0,0.0314615666866302,0.9230628609657288,0.0531043037772178,0.0,0.1258537173271179,0.4447274506092071,0.3466165065765381,0.0,0.0,0.6088954210281372
test_C6_00112,test_C6,C6,124,middle,1,middle,0.3024251420368648,0.4328463971614837,0.0933040454983711,0.8349437713623047,0.0717521905899047,0.1650562286376953,0.5106052418680879,0,0.4205703139305115,0.0,0.2086215615272522,0.0,0.2846419513225555,0.3742920458316803,0.0,0.0,1.3761813640594482,0.0,0.4786421656608581,0.0,0.7938006520271301,0.8521456122398376,1.0917634963989258,0.3273195624351501,0.0,0.897102952003479,1.3325068950653076,0.0,0.0,1.1792781352996826,0.0,0.122225746512413,0.0,0.0,0.1512036770582199,0.0,0.1764511615037918,0.0,0.0,0.0378894694149494,0.0489490553736686,0.0,0.0,0.0,0.1318956017494201,0.0,0.6570422053337097,0.0,0.7319252490997314,0.6480231881141663,0.0,1.2492327690124512,0.1036230325698852,1.714609980583191,0.8511069416999817,0.0,0.020675353705883,0.4616794884204864,0.9726293087005616,0.0,0.0,0.0,0.0,1.0225144624710083,0.0,0.0,0.1234108880162239,0.4221988320350647,0.4173597991466522,0.0,0.0,0.5066050291061401
test_C6_00113,test_C6,C6,125,middle,1,middle,0.3024251420368648,0.4330358803272247,0.0883425548672676,0.8442498445510864,0.0674075856804847,0.1557501554489135,0.490711315537219,0,0.4421111047267914,0.0,0.2007511705160141,0.0,0.3124665021896362,0.3694047033786773,0.0,0.0,1.4123836755752563,0.0,0.476270318031311,0.0,0.8325938582420349,0.8842816352844238,1.119908332824707,0.319541871547699,0.0,0.9169082641601562,1.347996473312378,0.0,0.0,1.2073073387145996,0.0,0.113927848637104,0.0,0.0,0.1581707745790481,0.0,0.1717155873775482,0.0,0.0,0.0260645486414432,0.0400676950812339,0.0,0.0,0.0,0.1274800598621368,0.0,0.6608386635780334,0.0,0.7430946230888367,0.6616573333740234,0.0,1.2710305452346802,0.0909943059086799,1.763672947883606,0.8685171008110046,0.0,0.0173647925257682,0.4690473079681396,1.0164982080459597,0.0,0.0,0.0,0.0,1.0422805547714231,0.0,0.0,0.1120054572820663,0.4124968945980072,0.4299807846546173,0.0,0.0,0.5234821438789368
test_C6_00114,test_C6,C6,126,middle,1,middle,0.3024412137797824,0.4375047385692596,0.076773926615715,0.8579608798027039,0.0652651339769363,0.1420391201972961,0.4611590599051786,0,0.4754049181938171,0.0,0.1135646477341651,0.0,0.3268375098705292,0.3025359809398651,0.0,0.0,1.4547544717788696,0.0,0.5225313305854797,0.0,0.8711092472076416,0.9265063405036926,1.0802544355392456,0.3070492148399353,0.0,0.9549691081047058,1.3169825077056885,0.0,0.0,1.2494888305664062,0.0,0.0565624423325061,0.0,0.0,0.1732707023620605,0.0,0.1912849247455597,0.0,0.0,0.0,0.0368454754352569,0.0,0.0,0.0,0.1376949250698089,0.0,0.6729094982147217,0.0,0.792814314365387,0.6066656112670898,0.0,1.335155367851257,0.1037875413894653,1.8350133895874023,0.922860622406006,0.0,0.0,0.4816555678844452,1.0391759872436523,0.0,0.0,0.0,0.0,1.091478943824768,0.0,0.0,0.0977580994367599,0.3994166254997253,0.4670091569423675,0.0,0.0,0.4794298112392425
test_C6_00115,test_C6,C6,127,middle,1,middle,0.3026364281860637,0.4330861270427704,0.0916832461953163,0.8398052453994751,0.0685115456581115,0.1601947546005249,0.5000395062925183,0,0.4581801891326904,0.0,0.2266583442687988,0.0,0.320966362953186,0.3850219547748565,0.0,0.0,1.4011080265045166,0.0,0.4739875197410583,0.0,0.8273909091949463,0.8916788697242737,1.1225380897521973,0.352599948644638,0.0,0.906885027885437,1.326369285583496,0.0,0.0,1.1738535165786743,0.0,0.1573398262262344,0.0,0.0,0.1657847762107849,0.0,0.2290122210979461,0.0,0.0,0.0796483382582664,0.0601714253425598,0.0,0.0,0.0,0.0971563532948494,0.0,0.6538951396942139,0.0,0.7745134830474854,0.662652313709259,0.0,1.2503331899642944,0.0899053812026977,1.7432560920715332,0.8864187598228455,0.0,0.0428860671818256,0.4700140357017517,1.0119917392730713,0.0,0.0,0.0,0.0100179277360439,1.0336601734161377,0.0,0.0,0.1202219799160957,0.4164501130580902,0.4385218620300293,0.0,0.0,0.5590327382087708
test_C6_00116,test_C6,C6,128,middle,1,middle,0.3030107851715685,0.4361431300640106,0.0796394869685173,0.8536286354064941,0.0667318552732467,0.1463713645935058,0.4708211327658677,0,0.4740676879882812,0.0,0.1317402422428131,0.0,0.3218707144260406,0.3045772910118103,0.0,0.0,1.422948122024536,0.0,0.5065043568611145,0.0,0.852422297000885,0.9323866367340088,1.0828924179077148,0.3282988369464874,0.0,0.9445262551307678,1.3006014823913574,0.0,0.0,1.2246400117874146,0.0,0.0799720808863639,0.0,0.0,0.1770627796649933,0.0,0.2109221518039703,0.0,0.0,0.0,0.036973588168621,0.0,0.0,0.0,0.1393721997737884,0.0,0.656696617603302,0.0,0.792016863822937,0.6067058444023132,0.0,1.3106404542922974,0.1052437648177146,1.79290771484375,0.9237090349197388,0.0,0.0,0.4656912684440613,1.015322208404541,0.0,0.0,0.0,0.0,1.0811355113983154,0.0,0.0,0.0894593000411987,0.3996536433696747,0.471050888299942,0.0,0.0,0.4780325591564178
test_C6_00117,test_C6,C6,129,middle,1,middle,0.3035642847362966,0.4444568455219269,0.0654464140534401,0.8709262013435364,0.0636273920536041,0.1290737986564636,0.4315230896016047,0,0.475931167602539,0.0,0.0444956272840499,0.0,0.3529379665851593,0.2288465499877929,0.0,0.0,1.500383377075195,0.0,0.6114798784255981,0.0,0.9231106638908386,0.9626945853233336,1.05938720703125,0.2980536520481109,0.0,1.0235190391540527,1.271122694015503,0.0,0.0,1.3115688562393188,0.0,0.0,0.0174244344234466,0.0,0.1783697307109832,0.0,0.2153958827257156,0.0,0.0,0.0,0.0265857279300689,0.0,0.0,0.0,0.1361088454723358,0.0,0.7334529161453247,0.0,0.8988709449768066,0.5693691372871399,0.0,1.4098927974700928,0.1388599872589111,1.9034007787704468,0.9858437776565552,0.0,0.0,0.5165780782699585,1.0324249267578125,0.0,0.0,0.0,0.0,1.1459490060806274,0.0,0.0,0.1371860951185226,0.4178157150745392,0.5088937282562256,0.0,0.0,0.4547600746154785
test_C6_00118,test_C6,C6,130,middle,1,middle,0.3042969268802481,0.4410601258277893,0.0601588785648345,0.8817927241325378,0.0580483824014663,0.1182072758674621,0.4052876548294864,0,0.5130793452262878,0.0,0.0,0.0,0.3647806346416473,0.1938224732875824,0.0,0.0,1.5322511196136477,0.0,0.605080246925354,0.0,0.9663797616958618,0.9891698360443116,1.0520901679992676,0.2973845303058624,0.0,1.0638298988342283,1.292203664779663,0.0,0.0,1.366999268531799,0.0,0.0,0.0,0.0,0.1731806248426437,0.0,0.1828102469444275,0.0,0.0,0.0,0.0238906368613243,0.0,0.0,0.0,0.1620620489120483,0.0,0.7073718905448914,0.0,0.9102576375007628,0.5540903806686401,0.0,1.4544662237167358,0.126917615532875,1.966920256614685,1.0348058938980105,0.0,0.0,0.503503143787384,1.0650184154510498,0.0,0.0,0.0,0.0,1.188318371772766,0.0,0.0,0.0980850085616111,0.4490434229373932,0.5189052820205688,0.0,0.0,0.4139666855335235
test_C6_00119,test_C6,C6,131,middle,1,middle,0.3052087116875634,0.4423111975193023,0.0510355569422245,0.8968413472175598,0.0521231517195701,0.1031586527824401,0.3672513268589015,0,0.548223614692688,0.0,0.0,0.0,0.3973604738712311,0.1255611181259155,0.0,0.0,1.6293553113937378,0.0,0.6741819381713867,0.0,1.0581111907958984,1.040463089942932,1.0499385595321655,0.2742001414299011,0.0,1.12865149974823,1.3015625476837158,0.0,0.0,1.436750411987305,0.0,0.0,0.0,0.0,0.1741465181112289,0.0,0.195174366235733,0.0,0.0,0.0,0.0215528160333633,0.0,0.0,0.0,0.1512110531330108,0.0,0.7454422116279602,0.0,0.981172502040863,0.5236173272132874,0.0,1.5548226833343506,0.1450069546699524,2.0643699169158936,1.1266225576400757,0.0,0.0,0.5193158388137817,1.127501368522644,0.0,0.0,0.0,0.0,1.2306214570999146,0.0,0.0,0.0954354405403137,0.4462226629257202,0.5434626340866089,0.0,0.0,0.4329313635826111
test_C6_00120,test_C6,C6,132,middle,1,middle,0.3062996390741022,0.4390105307102203,0.0473128668963909,0.9061457514762878,0.0465413630008697,0.0938542485237121,0.3426296917658251,0,0.5705971121788025,0.0,0.0,0.0,0.4175014793872833,0.1279921382665634,0.0,0.0,1.684011697769165,0.0,0.6832323670387268,0.0,1.1075966358184814,1.0577017068862915,1.0891578197479248,0.2765696048736572,0.0,1.1606885194778442,1.363717555999756,0.0,0.0,1.482723832130432,0.0,0.0,0.0,0.0,0.1553999483585357,0.0,0.1686591506004333,0.0,0.0,0.0,0.0022950023412704,0.0,0.0,0.0,0.1681715548038482,0.0,0.7651322484016418,0.0,1.001940131187439,0.5525757074356079,0.0,1.6142038106918335,0.1320011764764785,2.1248257160186768,1.1756988763809204,0.0,0.0,0.521037220954895,1.1709712743759155,0.0,0.0,0.0,0.0,1.254056453704834,0.0,0.0,0.0710876882076263,0.4829208552837372,0.55819171667099,0.0,0.0,0.453581303358078
test_C6_00121,test_C6,C6,133,middle,1,middle,0.3075536372969468,0.4387499690055847,0.0396680124104023,0.9211574792861938,0.0391745641827583,0.0788425207138061,0.3009080735952538,0,0.6182094216346741,0.0,0.0,0.0,0.4513682425022125,0.1113530099391937,0.0,0.0,1.7714406251907349,0.0,0.7300890684127808,0.0,1.206829309463501,1.1212929487228394,1.145073175430298,0.2736948728561401,0.0,1.254483699798584,1.4307096004486084,0.0,0.0,1.600863695144653,0.0,0.0,0.0,0.0,0.1625889837741851,0.0,0.1853874325752258,0.0,0.0,0.0,3.586709499359131e-05,0.0,0.0,0.0,0.1738159954547882,0.0,0.813597559928894,0.0,1.073474645614624,0.5706599354743958,0.0,1.7152451276779177,0.1309452652931213,2.261651039123535,1.2257585525512695,0.0,0.0,0.5362228751182556,1.23557710647583,0.0,0.0,0.0,0.0,1.312383770942688,0.0,0.0,0.0829883068799972,0.5186464786529541,0.6070199012756348,0.0,0.0,0.4857303202152252
test_C6_00122,test_C6,C6,134,middle,1,middle,0.3088076355197915,0.4355540871620178,0.0379924178123474,0.9257622957229614,0.0362452305853366,0.0742377042770385,0.2875464958593082,0,0.6332974433898926,0.0,0.0,0.0,0.4704766869544983,0.1198156625032424,0.0,0.0,1.8008571863174438,0.0,0.7055686712265015,0.0,1.228490114212036,1.1404353380203247,1.1698641777038574,0.2645286023616791,0.0,1.2815951108932495,1.4594230651855469,0.0,0.0,1.6319091320037842,0.0,0.0,0.0,0.0,0.1545097529888153,0.0,0.1769597381353378,0.0,0.0,0.0,8.73953104019165e-06,0.0,0.0,0.0,0.1791576445102691,0.0,0.8100098371505737,0.0,1.0774277448654177,0.579259991645813,0.0,1.7517532110214231,0.1120920926332473,2.2993884086608887,1.2412240505218506,0.0,0.0,0.5319226384162903,1.2650904655456543,0.0,0.0,0.0,0.0,1.3352153301239014,0.0,0.0,0.0458835214376449,0.5306412577629089,0.6120373010635376,0.0,0.0,0.4852124750614166
test_C6_00123,test_C6,C6,135,middle,1,middle,0.310061633742636,0.4330067336559295,0.0341842100024223,0.9335646629333496,0.0322510711848735,0.0664353370666503,0.2642791341126227,0,0.6575129628181458,0.0,0.0,0.0,0.4976935386657715,0.1273721903562545,0.0,0.0,1.8520070314407349,0.0,0.7392673492431641,0.0,1.2856860160827637,1.1697224378585815,1.2176928520202637,0.2762698233127594,0.0,1.3337345123291016,1.5212342739105225,0.0,0.0,1.7019191980361938,0.0,0.0,0.0,0.0,0.1470408290624618,0.0,0.1798959076404571,0.0,0.0,0.0,0.0,0.0,0.0,0.0,0.207983523607254,0.0,0.8355726599693298,0.0,1.125490665435791,0.5916171669960022,0.0,1.8048511743545528,0.1115961298346519,2.3718936443328857,1.2701622247695925,0.0,0.0,0.5397029519081116,1.3129022121429443,0.0,0.0,0.0,0.0,1.375790238380432,0.0,0.0,0.0395387560129165,0.5530723333358765,0.6325742602348328,0.0,0.0,0.4981967508792877
test_C6_00124,test_C6,C6,136,middle,1,middle,0.3113156319654807,0.4311597645282745,0.033303327858448,0.9358513951301576,0.0308452602475881,0.0641486048698425,0.2572794916318165,0,0.6615149974822998,0.0,0.0,0.0,0.5053552985191345,0.132813960313797,0.0,0.0,1.865472435951233,0.0,0.7282017469406128,0.0,1.295304536819458,1.1814565658569336,1.2348703145980835,0.2732194066047668,0.0,1.3521876335144043,1.5409023761749268,0.0,0.0,1.7252353429794312,0.0,0.0,0.0,0.0,0.144823670387268,0.0,0.1740815490484237,0.0,0.0,0.0,0.0,0.0,0.0,0.0,0.2113215625286102,0.0,0.8356645107269287,0.0,1.1368181705474854,0.5980646014213562,0.0,1.822924256324768,0.1003655195236206,2.394163131713867,1.2756623029708862,0.0,0.0,0.5391247272491455,1.3319742679595947,0.0,0.0,0.0,0.0,1.3912241458892822,0.0,0.0,0.0231207385659217,0.5605044960975647,0.6362185478210449,0.0,0.0,0.4973198473453522
test_C6_00125,test_C6,C6,137,middle,1,middle,0.3125696301883253,0.4298482835292816,0.0303575284779071,0.9417423009872437,0.0279002003371715,0.0582576990127563,0.2389157316901846,0,0.6796050667762756,0.0,0.0,0.0,0.5279098153114319,0.1397223621606826,0.0,0.0,1.9187066555023196,0.0,0.763444721698761,0.0,1.3496838808059692,1.207641839981079,1.2791619300842283,0.2772096991539001,0.0,1.3946669101715088,1.5868632793426514,0.0,0.0,1.783087134361267,0.0,0.0,0.0,0.0,0.1429405808448791,0.0,0.1820506155490875,0.0,0.0,0.0,0.0,0.0,0.0,0.0,0.2282818555831909,0.0,0.8527334332466125,0.0,1.1775729656219482,0.6106106042861938,0.0,1.8605499267578125,0.1005993783473968,2.462547063827514,1.3058133125305176,0.0,0.0,0.5514533519744873,1.3828980922698977,0.0,0.0,0.0,0.0,1.4233280420303345,0.0,0.0,0.0145836994051933,0.5714093446731567,0.6504780650138855,0.0,0.0,0.5095745325088501
test_C6_00126,test_C6,C6,138,middle,1,middle,0.3138236284111699,0.430252194404602,0.0300108063966035,0.9422179460525512,0.0277712792158126,0.0577820539474487,0.2374165717395616,0,0.6762616634368896,0.0,0.0,0.0,0.5231878757476807,0.1309200823307037,0.0,0.0,1.9186939001083372,0.0,0.7580111026763916,0.0,1.3450675010681152,1.2160300016403198,1.2775341272354126,0.2689069509506225,0.0,1.4053051471710205,1.5793557167053225,0.0,0.0,1.7950602769851685,0.0,0.0,0.0,0.0,0.145829752087593,0.0,0.1855613887310028,0.0,0.0,0.0,0.0,0.0,0.0,0.0,0.2140207588672638,0.0,0.8602694272994995,0.0,1.191253662109375,0.6066933870315552,0.0,1.87541925907135,0.0993009135127067,2.46717381477356,1.3077830076217651,0.0,0.0,0.5539765357971191,1.382674217224121,0.0,0.0,0.0,0.0,1.4299471378326416,0.0,0.0,0.0165936425328254,0.5746339559555054,0.6582348942756653,0.0,0.0,0.5084366798400879
test_C6_00127,test_C6,C6,139,middle,1,middle,0.3150776266340144,0.4286084473133087,0.0284893307834863,0.9455000758171082,0.0260106027126312,0.0544999241828918,0.2269023914890889,0,0.6817096471786499,0.0,0.0,0.0,0.5447594523429871,0.1379679143428802,0.0,0.0,1.9490392208099363,0.0,0.7749436497688293,0.0,1.3729759454727173,1.2266961336135864,1.3086849451065063,0.2705450356006622,0.0,1.437328577041626,1.607217788696289,0.0,0.0,1.8311046361923216,0.0,0.0,0.0,0.0,0.1384650617837906,0.0,0.1794306635856628,0.0,0.0,0.0,0.0,0.0,0.0,0.0,0.2301803827285766,0.0,0.8682237267494202,0.0,1.2130608558654783,0.6201346516609192,0.0,1.9021565914154053,0.0904588550329208,2.5053834915161133,1.3173903226852417,0.0,0.0,0.5606516599655151,1.4154856204986572,0.0,0.0,0.0,0.0,1.4467370510101318,0.0,0.0,0.0046148747205734,0.5784476399421692,0.6618086695671082,0.0,0.0,0.5085505843162537
test_C6_00128,test_C6,C6,140,middle,1,middle,0.3163316248568591,0.4262362420558929,0.0290405396372079,0.9453672170639038,0.0255922712385654,0.0546327829360961,0.2272833800517431,0,0.6850452423095703,0.0,0.0,0.0,0.5432100892066956,0.1612016558647155,0.0,0.0,1.9634408950805664,0.0,0.7655850648880005,0.0,1.36763334274292,1.2206364870071411,1.3234457969665527,0.2698995471000671,0.0,1.4330636262893677,1.633845329284668,0.0,0.0,1.8199859857559204,0.0,0.0,0.0,0.0,0.1230551525950431,0.0,0.1814861893653869,0.0,0.0,0.0,0.0,0.0,0.0,0.0,0.2444915771484375,0.0,0.8334389925003052,0.0,1.2012676000595093,0.6259414553642273,0.0,1.868935227394104,0.0816636458039283,2.512237310409546,1.327755093574524,0.0,0.0,0.5460805892944336,1.431071400642395,0.0,0.0,0.0,0.0,1.4464595317840576,0.0,0.0,0.0,0.5870634913444519,0.6430023908615112,0.0,0.0,0.5213716626167297
test_C6_00129,test_C6,C6,141,middle,1,middle,0.3175856230797036,0.4272903203964233,0.027927340939641,0.9470879435539246,0.0249847676604986,0.0529120564460754,0.2217307047062553,0,0.6851529479026794,0.0,0.0,0.0,0.5548993349075317,0.1563412696123123,0.0,0.0,1.986839771270752,0.0,0.7828869819641113,0.0,1.3880540132522583,1.22975492477417,1.3332300186157229,0.2688786387443542,0.0,1.4433220624923706,1.634387493133545,0.0,0.0,1.8419506549835205,0.0,0.0,0.0,0.0,0.1316455453634262,0.0,0.1811267733573913,0.0,0.0,0.0,0.0,0.0,0.0,0.0,0.2403654754161834,0.0,0.8642866015434265,0.0,1.2132306098937988,0.6340779066085815,0.0,1.8993457555770876,0.0853731259703636,2.531895399093628,1.3330997228622437,0.0,0.0,0.5623624324798584,1.4482886791229248,0.0,0.0,0.0,0.0,1.4522547721862793,0.0,0.0,0.0,0.57958984375,0.6500683426856995,0.0,0.0,0.5220571160316467
test_C6_00130,test_C6,C6,142,middle,1,middle,0.3188396213025483,0.4272324442863464,0.0278924088925123,0.94717276096344,0.0249348264187574,0.05282723903656,0.2214533829022741,0,0.6852163672447205,0.0,0.0,0.0,0.5546485781669617,0.1540209352970123,0.0,0.0,1.9847445487976076,0.0,0.7848621010780334,0.0,1.3888026475906372,1.2277723550796509,1.3351153135299685,0.2729275524616241,0.0,1.4422138929367063,1.6332974433898926,0.0,0.0,1.8417372703552248,0.0,0.0,0.0,0.0,0.1298921406269073,0.0,0.1777739524841308,0.0,0.0,0.0,0.0,0.0,0.0,0.0,0.2409810721874237,0.0,0.8646998405456543,0.0,1.216053485870361,0.6343704462051392,0.0,1.902140498161316,0.0890215933322906,2.534907341003418,1.3436461687088013,0.0,0.0,0.5656121969223022,1.4504873752593994,0.0,0.0,0.0,0.0,1.4462652206420898,0.0,0.0,0.0,0.5885248184204102,0.6499989032745361,0.0,0.0,0.520687997341156
test_C6_00131,test_C6,C6,143,middle,1,middle,0.3200936195253929,0.4281225800514221,0.0275247637182474,0.9475935697555542,0.0248817019164562,0.0524064302444458,0.220095447378094,0,0.6850916743278503,0.0,0.0,0.0,0.5567013621330261,0.1487904191017151,0.0,0.0,1.9906307458877563,0.0,0.7860782742500305,0.0,1.39477801322937,1.2401379346847534,1.332351565361023,0.2713036239147186,0.0,1.4455991983413696,1.6262447834014893,0.0,0.0,1.8412551879882808,0.0,0.0,0.0,0.0,0.1344465464353561,0.0,0.1876153349876403,0.0,0.0,0.0,0.0,0.0,0.0,0.0,0.2329134941101074,0.0,0.8728912472724915,0.0,1.222975254058838,0.6281241774559021,0.0,1.9126498699188232,0.0955042541027069,2.537501096725464,1.3457661867141724,0.0,0.0,0.5689471364021301,1.4517545700073242,0.0,0.0,0.0,0.0,1.450876235961914,0.0,0.0,0.0,0.5817906260490417,0.6594616770744324,0.0,0.0,0.5223001837730408
test_C6_00132,test_C6,C6,144,middle,1,middle,0.3213476177482375,0.4286538362503052,0.028004853054881,0.9466719627380372,0.0253231916576623,0.0533280372619628,0.2230968869122715,0,0.6825692653656006,0.0,0.0,0.0,0.5552428960800171,0.1456780880689621,0.0,0.0,1.980423927307129,0.0,0.7740359306335449,0.0,1.38040030002594,1.2346798181533811,1.32657790184021,0.2631794512271881,0.0,1.4402340650558472,1.6118974685668943,0.0,0.0,1.831656575202942,0.0,0.0,0.0,0.0,0.1359917372465133,0.0,0.1816208064556121,0.0,0.0,0.0,0.0,0.0,0.0,0.0,0.2228319942951202,0.0,0.8734723925590515,0.0,1.214310884475708,0.6295000314712524,0.0,1.9120774269104004,0.093459814786911,2.5242862701416016,1.336409568786621,0.0,0.0,0.5685322880744934,1.4447674751281738,0.0,0.0,0.0,0.0,1.445217847824097,0.0,0.0,0.0,0.5788866281509399,0.6594875454902649,0.0,0.0,0.5218037366867065
test_C6_00133,test_C6,C6,145,middle,1,middle,0.3226016159710823,0.4290164411067962,0.0274415593594312,0.9474908113479614,0.0250676684081554,0.0525091886520385,0.2204427981595747,0,0.6824831366539001,0.0,0.0,0.0,0.5581108331680298,0.1396489292383194,0.0,0.0,1.9862089157104488,0.0,0.787703812122345,0.0,1.3902273178100586,1.2399399280548096,1.3290197849273682,0.2652753293514251,0.0,1.4507293701171875,1.6143383979797363,0.0,0.0,1.843156337738037,0.0,0.0,0.0,0.0,0.1381144076585769,0.0,0.1861109733581543,0.0,0.0,0.0,0.0,0.0,0.0,0.0,0.224728375673294,0.0,0.8826465606689453,0.0,1.2256299257278442,0.6267381310462952,0.0,1.9220184087753296,0.0970175266265869,2.532454490661621,1.3390542268753052,0.0,0.0,0.5721501111984253,1.4451968669891355,0.0,0.0,0.0,0.0,1.45225191116333,0.0,0.0,0.0,0.5773687958717346,0.6646512150764465,0.0,0.0,0.5212877988815308
test_C6_00134,test_C6,C6,146,middle,1,middle,0.3238556141939268,0.4284985363483429,0.027354922145605,0.9478225708007812,0.0248224567621946,0.0521774291992187,0.2193515776874091,0,0.6826235055923462,0.0,0.0,0.0,0.5660359859466553,0.1400772631168365,0.0,0.0,1.9828685522079468,0.0,0.7768154144287109,0.0,1.3921220302581787,1.2492138147354126,1.33437979221344,0.2626599371433258,0.0,1.4617671966552734,1.6133368015289309,0.0,0.0,1.8481462001800537,0.0,0.0,0.0,0.0,0.1406775116920471,0.0,0.1810302883386612,0.0,0.0,0.0,0.0,0.0,0.0,0.0,0.2235975861549377,0.0,0.8777151107788086,0.0,1.2224698066711426,0.6278332471847534,0.0,1.9286822080612185,0.0858407616615295,2.533083438873291,1.3281269073486328,0.0,0.0,0.568597674369812,1.4499380588531494,0.0,0.0,0.0,0.0,1.4570708274841309,0.0,0.0,0.0,0.5676467418670654,0.6685016751289368,0.0,0.0,0.5140990018844604
test_C6_00135,test_C6,C6,147,middle,1,middle,0.3251096124167714,0.4296855032444,0.0271782074123621,0.9476978182792664,0.0251239966601133,0.0523021817207336,0.2197788046355555,0,0.6781086325645447,0.0,0.0,0.0,0.5592547655105591,0.1325999647378921,0.0,0.0,1.9854629039764404,0.0,0.7899393439292908,0.0,1.3855186700820925,1.2485575675964355,1.3259044885635376,0.2607332766056061,0.0,1.4593547582626345,1.6000020503997805,0.0,0.0,1.8442411422729488,0.0,0.0,0.0,0.0,0.1393560767173767,0.0,0.1937819570302963,0.0,0.0,0.0,0.0,0.0,0.0,0.0,0.219033271074295,0.0,0.8892654180526733,0.0,1.2334554195404053,0.6216609477996826,0.0,1.9313983917236328,0.0978153049945831,2.5314395427703857,1.3338510990142822,0.0,0.0,0.5772532224655151,1.4449445009231567,0.0,0.0,0.0,0.0,1.4622089862823486,0.0,0.0,0.0,0.5699502825737,0.6727805137634277,0.0,0.0,0.5122194290161133
test_C6_00136,test_C6,C6,148,middle,1,middle,0.326363610639616,0.4299250841140747,0.0271577797830104,0.9476980566978456,0.025144150480628,0.0523019433021545,0.2197793878712774,0,0.6740955114364624,0.0,0.0,0.0,0.5572212338447571,0.1328630149364471,0.0,0.0,1.9819992780685425,0.0,0.7906220555305481,0.0,1.3832858800888062,1.251228928565979,1.3279017210006714,0.2665097415447235,0.0,1.4633324146270752,1.6006693840026855,0.0,0.0,1.850417971611023,0.0,0.0,0.0,0.0,0.1413827240467071,0.0,0.1972826421260833,0.0,0.0,0.0,0.0,0.0,0.0,0.0,0.2137978374958038,0.0,0.8917402625083923,0.0,1.2438725233078003,0.6198269128799438,0.0,1.9324806928634644,0.1000221073627471,2.529838800430298,1.3320660591125488,0.0,0.0,0.579211950302124,1.441991925239563,0.0,0.0,0.0,0.0,1.457690954208374,0.0,0.0,0.0,0.5738129019737244,0.6784541606903076,0.0,0.0,0.5149458646774292
test_C6_00137,test_C6,C6,149,middle,1,middle,0.3276176088624607,0.4304493367671966,0.0270475707948207,0.9478330612182616,0.0251193158328533,0.0521669387817382,0.2193407810447421,0,0.6775388717651367,0.0,0.0,0.0,0.5586107969284058,0.1258019208908081,0.0,0.0,1.9854735136032104,0.0,0.790896475315094,0.0,1.3880945444107056,1.254401445388794,1.3229817152023315,0.2578642666339874,0.0,1.4651856422424316,1.594261646270752,0.0,0.0,1.8484565019607544,0.0,0.0,0.0,0.0,0.1414416879415512,0.0,0.1988769173622131,0.0,0.0,0.0,0.0,0.0,0.0,0.0,0.2065446972846985,0.0,0.8895593285560608,0.0,1.2381727695465088,0.6168057322502136,0.0,1.9345018863677976,0.097994327545166,2.5343406200408936,1.334477424621582,0.0,0.0,0.577329158782959,1.4443806409835815,0.0,0.0,0.0,0.0,1.461843490600586,0.0,0.0,0.0,0.5691040754318237,0.6778510212898254,0.0,0.0,0.5158594250679016
test_C6_00138,test_C6,C6,150,middle,1,middle,0.3288716070853052,0.4276692867279053,0.0283653456717729,0.9460538029670716,0.0255808588117361,0.0539461970329284,0.2250979551106948,0,0.6718211770057678,0.0,0.0,0.0,0.5525895357131958,0.1534942388534546,0.0,0.0,1.9864730834960935,0.0,0.7856898307800293,0.0,1.370034098625183,1.2353696823120115,1.3255085945129397,0.271431565284729,0.0,1.4419927597045898,1.6202585697174072,0.0,0.0,1.8245633840560915,0.0,0.0,0.0,0.0,0.1264707446098327,0.0,0.1974579095840454,0.0,0.0,0.0,0.0,0.0,0.0,0.0,0.2380532324314117,0.0,0.8534097075462341,0.0,1.215203881263733,0.6172781586647034,0.0,1.8826366662979128,0.0944399461150169,2.51559853553772,1.3314523696899414,0.0,0.0,0.5514746904373169,1.435453176498413,0.0,0.0,0.0,0.0,1.4457447528839111,0.0,0.0,0.0,0.5703690052032471,0.6528084874153137,0.0,0.0,0.5273960828781128
test_C6_00139,test_C6,C6,151,middle,1,middle,0.3301256053081499,0.43007493019104,0.0275842882692813,0.94698166847229,0.0254340767860412,0.0530183315277099,0.222111489814588,0,0.6740543842315674,0.0,0.0,0.0,0.5539087653160095,0.1373247802257537,0.0,0.0,1.9999903440475464,0.0,0.7964853048324585,0.0,1.3815351724624634,1.242895007133484,1.3231914043426514,0.2568108737468719,0.0,1.448123335838318,1.5997140407562256,0.0,0.0,1.8392183780670168,0.0,0.0,0.0,0.0,0.143126830458641,0.0,0.198245421051979,0.0,0.0,0.0,0.0,0.0,0.0,0.0,0.2172907292842865,0.0,0.8782515525817871,0.0,1.2187343835830688,0.6239113807678223,0.0,1.903737545013428,0.0992674976587295,2.5283336639404297,1.3341745138168335,0.0,0.0,0.5722822546958923,1.4483872652053833,0.0,0.0,0.0,0.0,1.4578351974487305,0.0,0.0,0.0,0.5628892779350281,0.660436749458313,0.0,0.0,0.5217119455337524
test_C6_00140,test_C6,C6,152,middle,1,middle,0.3313796035309944,0.4286222159862518,0.0275811254978179,0.9473552107810974,0.0250636860728263,0.0526447892189025,0.2208792619339224,0,0.6722418665885925,0.0,0.0,0.0,0.5576885342597961,0.1415320485830307,0.0,0.0,1.9969562292099,0.0,0.7937242984771729,0.0,1.383608102798462,1.2345216274261477,1.340014934539795,0.263109803199768,0.0,1.4539308547973633,1.608651876449585,0.0,0.0,1.8449324369430544,0.0,0.0,0.0,0.0,0.1395870745182037,0.0,0.185549110174179,0.0,0.0,0.0,0.0,0.0,0.0,0.0,0.227653682231903,0.0,0.8694380521774292,0.0,1.224467396736145,0.632695734500885,0.0,1.902578592300415,0.0946985408663749,2.5326313972473145,1.3467494249343872,0.0,0.0,0.5752060413360596,1.459126591682434,0.0,0.0,0.0,0.0,1.4524375200271606,0.0,0.0,0.0,0.5757215023040771,0.6535198092460632,0.0,0.0,0.5131521821022034
test_C6_00141,test_C6,C6,153,middle,1,middle,0.3326336017538391,0.4313619434833526,0.0278259720653295,0.9462350010871888,0.0259390696883201,0.0537649989128112,0.2245462954994493,0,0.6727608442306519,0.0,0.0,0.0,0.5478697419166565,0.1261412650346756,0.0,0.0,1.9808826446533203,0.0,0.7888827919960022,0.0,1.3703579902648926,1.2451497316360474,1.312591314315796,0.2489435672760009,0.0,1.4452561140060425,1.5751049518585205,0.0,0.0,1.828979253768921,0.0,0.0,0.0,0.0,0.1476675122976303,0.0,0.2022318392992019,0.0,0.0,0.0,0.0,0.0,0.0,0.0,0.2032975852489471,0.0,0.8803218007087708,0.0,1.2175472974777222,0.6151717901229858,0.0,1.9045741558074951,0.1039033904671669,2.514257431030273,1.3354147672653198,0.0,0.0,0.5777367353439331,1.4416427612304688,0.0,0.0,0.0,0.0,1.458017110824585,0.0,0.0,0.0,0.5656338930130005,0.6692675948143005,0.0,0.0,0.5149679183959961
test_C6_00142,test_C6,C6,154,middle,1,middle,0.3338875999766836,0.4319930970668793,0.0284672230482101,0.9450157284736632,0.0265170838683843,0.0549842715263366,0.2284838419309941,0,0.6685114502906799,0.0,0.0,0.0,0.5473635196685791,0.126354694366455,0.0,0.0,1.9664465188980105,0.0,0.7729464769363403,0.0,1.3539983034133911,1.240363597869873,1.306401014328003,0.2458684146404266,0.0,1.4372562170028689,1.559168815612793,0.0,0.0,1.815077304840088,0.0,0.0,0.0,0.0,0.1498821675777435,0.0,0.1974709033966064,0.0,0.0,0.0,0.0,0.0,0.0,0.0,0.1910535991191864,0.0,0.8800866007804871,0.0,1.2108372449874878,0.6167252659797668,0.0,1.9018844366073608,0.1016356498003006,2.497589588165283,1.320781707763672,0.0,0.0,0.5784437656402588,1.435378074645996,0.0,0.0,0.0,0.0,1.4491732120513916,0.0,0.0,0.0,0.5591857433319092,0.6725708246231079,0.0,0.0,0.5148565769195557
test_C6_00143,test_C6,C6,155,middle,1,middle,0.3351415981995282,0.4338762760162353,0.0284859985113143,0.9442092180252076,0.0273048095405101,0.0557907819747924,0.2310950560763161,0,0.666856586933136,0.0,0.0,0.0,0.5403546094894409,0.1117948666214943,0.0,0.0,1.96012544631958,0.0,0.7843157052993774,0.0,1.3450454473495483,1.2429100275039673,1.283761501312256,0.2404549419879913,0.0,1.4328211545944214,1.530287742614746,0.0,0.0,1.804769277572632,0.0,0.0,0.0,0.0,0.1550877392292022,0.0,0.2110116481781005,0.0,0.0,0.0,0.0,0.0,0.0,0.0,0.1866196990013122,0.0,0.8882089853286743,0.0,1.2029601335525513,0.602249801158905,0.0,1.900409460067749,0.1103616952896118,2.4881398677825928,1.3173177242279053,0.0,0.0,0.5843076705932617,1.4210296869277954,0.0,0.0,0.0,0.0,1.457684874534607,0.0,0.0,0.0077655613422393,0.5499968528747559,0.6750590205192566,0.0,0.0,0.5043306350708008
test_C6_00144,test_C6,C6,156,middle,1,middle,0.3363955964223728,0.4336780309677124,0.0284894853830337,0.944464147090912,0.0270463097840547,0.0555358529090881,0.2302713644734513,0,0.6684635877609253,0.0,0.0,0.0,0.5489924550056458,0.11958909034729,0.0,0.0,1.9608888626098635,0.0,0.7791110277175903,0.0,1.3487333059310913,1.2489584684371948,1.2918378114700315,0.240389883518219,0.0,1.4419784545898438,1.532705783843994,0.0,0.0,1.814961552619934,0.0,0.0,0.0,0.0,0.162947803735733,0.0,0.2077724337577819,0.0,0.0,0.0,0.0,0.0,0.0,0.0,0.1884992718696594,0.0,0.8805887699127197,0.0,1.1944937705993652,0.6039373278617859,0.0,1.8933782577514648,0.1005884259939193,2.491044282913208,1.3002444505691528,0.0,0.0,0.5797867178916931,1.429751753807068,0.0,0.0,0.0,0.0,1.4574655294418335,0.0,0.0,0.00154859572649,0.5368074178695679,0.6758254766464233,0.0,0.0,0.5038089156150818
test_C6_00145,test_C6,C6,157,middle,1,middle,0.3376495946452175,0.4353448748588562,0.0291444696485996,0.9425711631774902,0.0282843504101037,0.0574288368225097,0.2363287150455132,0,0.6626144051551819,0.0,0.0,0.0,0.5311577916145325,0.1071042492985725,0.0,0.0,1.9471036195755005,0.0,0.7817357182502747,0.0,1.3231801986694336,1.2445577383041382,1.2696387767791748,0.2308616042137146,0.0,1.4268808364868164,1.5018484592437744,0.0,0.0,1.801631450653076,0.0,0.0,0.0,0.0,0.1721234321594238,0.0,0.2209905534982681,0.0,0.0,0.0,0.0,0.0,0.0,0.0,0.179992526769638,0.0,0.8788444995880127,0.0,1.1829376220703125,0.5915161967277527,0.0,1.875454068183899,0.1079925820231437,2.470787763595581,1.300518274307251,0.0,0.0,0.5828330516815186,1.4112485647201538,0.0,0.0,0.0,0.0,1.4532370567321775,0.0,0.0,0.0078345462679862,0.5319795608520508,0.6709275841712952,0.0,0.0,0.492515355348587
test_C6_00146,test_C6,C6,158,middle,1,middle,0.3389266209189708,0.4364944398403168,0.0291124247014522,0.9424520134925842,0.0284355357289314,0.0575479865074157,0.2367094458993602,0,0.6583942770957947,0.0,0.0,0.0,0.5280869603157043,0.1051932573318481,0.0,0.0,1.9552206993103027,0.0,0.7880300283432007,0.0,1.3241527080535889,1.2468572854995728,1.270692229270935,0.2326776385307312,0.0,1.4248405694961548,1.4962868690490725,0.0,0.0,1.8065412044525144,0.0,0.0,0.0,0.0,0.180822879076004,0.0,0.2240728437900543,0.0,0.0,0.0,0.0,0.0,0.0,0.0,0.1691906154155731,0.0,0.8861942887306213,0.0,1.188425064086914,0.5957939028739929,0.0,1.869500041007996,0.1117010489106178,2.47358512878418,1.3060510158538818,0.0,0.0,0.5882980823516846,1.413975954055786,0.0,0.0,0.0,0.0,1.4445621967315674,0.0,0.0,0.0150606632232666,0.5328808426856995,0.6728248596191406,0.0,0.0,0.5009823441505432
test_C6_00147,test_C6,C6,159,middle,1,middle,0.3402266750753522,0.4346721768379211,0.0293327812105417,0.9424360394477844,0.0282312352210283,0.0575639605522155,0.2367543957408154,0,0.6549937129020691,0.0,0.0,0.0,0.5327162742614746,0.1064790114760398,0.0,0.0,1.9512428045272827,0.0,0.7823972702026367,0.0,1.3188649415969849,1.2422155141830444,1.2781769037246704,0.2319542169570922,0.0,1.4279584884643557,1.5039558410644531,0.0,0.0,1.7998738288879397,0.0,0.0,0.0,0.0,0.175859272480011,0.0,0.2144558727741241,0.0,0.0,0.0,0.0,0.0,0.0,0.0,0.1809576451778412,0.0,0.8708655834197998,0.0,1.1771198511123655,0.5972476601600647,0.0,1.8642436265945437,0.1008858457207679,2.4653096199035645,1.3065687417984009,0.0,0.0,0.5851455926895142,1.4206211566925049,0.0,0.0,0.0,0.0,1.4499399662017822,0.0,0.0,0.0,0.5272077918052673,0.6626002192497253,0.0,0.0,0.4860657751560211
test_C6_00148,test_C6,C6,160,middle,1,middle,0.3415497572826421,0.4337354600429535,0.0287168510258197,0.9439750909805298,0.0273080710321664,0.0560249090194702,0.2318403770744952,0,0.6631292104721069,0.0,0.0,0.0,0.5419613122940063,0.1125246435403823,0.0,0.0,1.9715440273284912,0.0,0.7919155359268188,0.0,1.3396039009094238,1.2504204511642456,1.2999637126922607,0.2373102009296417,0.0,1.4377799034118652,1.5272562503814695,0.0,0.0,1.8134450912475584,0.0,0.0,0.0,0.0,0.1775946021080017,0.0,0.2105316221714019,0.0,0.0,0.0,0.0,0.0,0.0,0.0,0.1910260915756225,0.0,0.8635469079017639,0.0,1.1848727464675903,0.60293048620224,0.0,1.8676395416259768,0.0997269004583358,2.4866535663604736,1.3177080154418943,0.0,0.0,0.5809187889099121,1.439575433731079,0.0,0.0,0.0,0.0,1.4486321210861206,0.0,0.0,0.0,0.523788332939148,0.6630710363388062,0.0,0.0,0.4977553784847259
test_C6_00149,test_C6,C6,161,middle,1,middle,0.3428958675408408,0.4501543343067169,0.0289210472255945,0.937610924243927,0.033468022942543,0.062389075756073,0.2517449644118167,0,0.6247317790985107,0.0,0.0,0.0,0.5099546909332275,0.0511394031345844,0.0,0.0,1.97693145275116,0.0,0.8591757416725159,0.0,1.28192138671875,1.2469102144241333,1.197217345237732,0.1794421076774597,0.0,1.4018179178237915,1.3402225971221924,0.0,0.0,1.7417478561401367,0.0,0.0,0.0,0.0,0.1995477080345153,0.0,0.2936800718307495,0.0,0.0,0.0,0.0523155778646469,0.0,0.0,0.0,0.0947513803839683,0.0,1.009679913520813,0.0,1.2122944593429563,0.5647635459899902,0.0,1.9206737279891968,0.1790899634361267,2.4334402084350586,1.2968167066574097,0.0,0.0,0.630077064037323,1.3423415422439575,0.0,0.0,0.0,0.0,1.424649357795715,0.0,0.0,0.1236130893230438,0.4799624979496002,0.6935901641845703,0.0,0.0,0.5441805124282837
test_C6_00150,test_C6,C6,162,middle,1,middle,0.3442650056816676,0.4460711181163788,0.0286821983754634,0.9392410516738892,0.0320766828954219,0.0607589483261108,0.2467390386466127,0,0.6375080347061157,0.0,0.0,0.0,0.5175716280937195,0.0381300821900367,0.0,0.0,1.94473135471344,0.0,0.8415910005569458,0.0,1.3106697797775269,1.246529221534729,1.2072505950927734,0.1990122646093368,0.0,1.4325302839279177,1.3654046058654783,0.0,0.0,1.7567741870880127,0.0,0.0,0.0,0.0,0.1905792653560638,0.0,0.2663779854774475,0.0,0.0,0.0,0.0618163719773292,0.0,0.0,0.0,0.1036007031798362,0.0,0.9551091194152832,0.0,1.2260981798171997,0.5619864463806152,0.0,1.913540244102478,0.1585238575935363,2.447312593460083,1.3015838861465454,0.0,0.0,0.6189424395561218,1.3508201837539673,0.0,0.0,0.0,0.0,1.4480096101760864,0.0,0.0,0.1056433543562889,0.4991481006145477,0.6951736807823181,0.0,0.0,0.5092822909355164
test_C6_00151,test_C6,C6,163,middle,1,middle,0.3456571718734029,0.4465202093124389,0.0286556184291839,0.939182460308075,0.0321618840098381,0.060817539691925,0.2469163965605743,0,0.6412650346755981,0.0,0.0,0.0,0.523463249206543,0.0387384705245494,0.0,0.0,1.931570529937744,0.0,0.8365654945373535,0.0,1.3132468461990356,1.2477424144744873,1.211301326751709,0.1954856514930725,0.0,1.4358073472976685,1.3623368740081787,0.0,0.0,1.7589062452316284,0.0,0.0,0.0,0.0,0.1931935250759124,0.0,0.2695676982402801,0.0,0.0,0.0,0.0757120177149772,0.0,0.0,0.0,0.0981264635920524,0.0,0.9602484703063964,0.0,1.2303845882415771,0.5595396757125854,0.0,1.91840922832489,0.1597883105278015,2.4469692707061768,1.2938240766525269,0.0,0.0,0.6218708753585815,1.3550996780395508,0.0,0.0,0.0,0.0,1.4451823234558103,0.0,0.0,0.1141214966773986,0.4974781274795532,0.6995696425437927,0.0,0.0,0.5099377632141113
test_C6_00152,test_C6,C6,164,middle,1,middle,0.3470723660319067,0.4497026205062866,0.0294648129492998,0.9357367753982544,0.0347983762621879,0.0642632246017456,0.257472501964921,0,0.6324350237846375,0.0,0.0,0.0,0.5048172473907471,0.025930717587471,0.0,0.0,1.9059150218963623,0.0,0.8561840653419495,0.0,1.283344268798828,1.2270886898040771,1.1745907068252563,0.197619155049324,0.0,1.408092975616455,1.318997859954834,0.0,0.0,1.7329331636428833,0.0,0.0,0.0,0.0,0.1973347663879394,0.0,0.288788229227066,0.0,0.0,0.0,0.085638515651226,0.0,0.0,0.0,0.0958245322108268,0.0,0.9908045530319214,0.0,1.2256957292556765,0.5483208894729614,0.0,1.9103903770446775,0.1801277697086334,2.4114043712615967,1.2859834432601929,0.0,0.0,0.6299846172332764,1.3192384243011477,0.0,0.0,0.0,0.0,1.437381148338318,0.0,0.0,0.1558279544115066,0.4954409003257751,0.6928492784500122,0.0,0.0,0.5082312226295471
test_C6_00153,test_C6,C6,165,middle,1,middle,0.3484875601904105,0.4534157216548919,0.0293698515743017,0.9341943860054016,0.0364357568323612,0.0658056139945983,0.2620438221719147,0,0.6367878913879395,0.0,0.0,0.0,0.4935976862907409,0.0211560949683189,0.0,0.0,1.8978925943374636,0.0,0.8704953789710999,0.0,1.2787346839904783,1.241291880607605,1.156562328338623,0.1835267841815948,0.0,1.4024150371551514,1.2963659763336182,0.0,0.0,1.7366552352905271,0.0,0.0,0.0258639678359031,0.0,0.2184009253978729,0.0,0.3238933980464935,0.0,0.0,0.0,0.1076326295733451,0.0,0.0,0.0,0.0592424497008323,0.0,1.0178266763687134,0.0,1.240965485572815,0.5315185189247131,0.0,1.9120078086853027,0.1905151605606079,2.40999174118042,1.2683662176132202,0.0,0.0,0.6416696310043335,1.2959915399551392,0.0,0.0,0.0,0.0,1.4376972913742063,0.0,0.0,0.2066022157669067,0.487210601568222,0.7156480550765991,0.0,0.0,0.5341609716415405
test_C6_00154,test_C6,C6,166,middle,1,middle,0.3499027544330546,0.4561644196510315,0.0305297952145338,0.929822564125061,0.0396476425230503,0.0701774358749389,0.2750260254161575,0,0.6175875067710876,0.0,0.0,0.0,0.4833665490150451,0.0075214058160781,0.0,0.0,1.868017077445984,0.0,0.873848557472229,0.0,1.243183970451355,1.218424916267395,1.116410255432129,0.1810211539268493,0.0,1.3752481937408447,1.2390668392181396,0.0,0.0,1.6904441118240356,0.0,0.0,0.0405974313616752,0.0,0.2145111858844757,0.0,0.3393606543540954,0.0,0.0,0.0,0.1192752793431282,0.0,0.0,0.0,0.0509717017412185,0.0,1.031057357788086,0.0,1.225306749343872,0.5194604396820068,0.0054057724773883,1.9015315771102903,0.2042097300291061,2.368508100509644,1.262714147567749,0.0,0.0,0.6580832004547119,1.2727497816085815,0.0,0.0169522631913423,0.0,0.0234937295317649,1.4403398036956787,0.0,0.0,0.2330589592456817,0.4817934036254883,0.7050159573554993,0.0,0.0,0.5093584060668945
test_C6_00155,test_C6,C6,167,middle,1,middle,0.3513179485915584,0.4612416326999664,0.0302285980433225,0.9275825023651124,0.042188961058855,0.0724174976348877,0.281311027810484,0,0.6173235177993774,0.0,0.0,0.0,0.476440280675888,0.0,0.0,0.0,1.85808539390564,0.0,0.9223224520683287,0.0,1.240713357925415,1.2138272523880005,1.0947710275650024,0.1728453785181045,0.0,1.3687965869903564,1.2051901817321775,0.0,0.0,1.6958919763565063,0.0,0.0,0.0733053684234619,0.0,0.2294793874025344,0.0,0.3692705035209656,0.0,0.0,0.0,0.1305919885635376,0.0,0.0,0.0,0.0395508185029029,0.0,1.075844407081604,0.0,1.2423328161239624,0.5062470436096191,0.0134854279458522,1.908028244972229,0.2273917347192764,2.354047536849976,1.2588434219360352,0.0,0.0,0.6728613972663879,1.2496873140335083,0.0,0.0262563023716211,0.0,0.0511829182505607,1.4325369596481323,0.0,0.0,0.2930477857589721,0.4732356965541839,0.7144132256507874,0.0,0.0,0.5171919465065002
test_C6_00156,test_C6,C6,168,middle,1,middle,0.3527331427500622,0.470242977142334,0.0324929542839527,0.9167723059654236,0.0507347658276557,0.0832276940345764,0.3115350624852507,0,0.5977551937103271,0.0,0.0,0.0,0.4488031566143036,0.0,0.0,0.0,1.815523982048035,0.0,0.9429234862327576,0.0,1.1732220649719238,1.1891541481018066,1.015979290008545,0.1399609744548797,0.0,1.322324514389038,1.0871964693069458,0.0,0.0525792501866817,1.6292542219161987,0.0,0.0,0.1132724657654762,0.0,0.2572740614414215,0.0,0.4245727360248565,0.0,0.0,0.0,0.1724893152713775,0.0,0.0,0.0,0.0127749964594841,0.0,1.112558126449585,0.0,1.2241759300231934,0.4714356660842895,0.0580162778496742,1.881041169166565,0.2633934617042541,2.2955191135406494,1.2201677560806274,0.0,0.0,0.6907432675361633,1.175634503364563,0.0,0.0683560296893119,0.0,0.0980632081627845,1.4240729808807373,0.0,0.0,0.362692266702652,0.4350672960281372,0.7088875770568848,0.0,0.0,0.4890235364437103
test_C6_00157,test_C6,C6,169,middle,1,middle,0.3541483369085658,0.4830891788005829,0.0350512526929378,0.8999485969543457,0.0650001689791679,0.1000514030456543,0.3549882668234568,0,0.5812848210334778,0.0,0.0,0.0,0.4079672396183014,0.0,0.0235516112297773,0.0,1.7679884433746338,0.0,1.0203368663787842,0.0,1.1116052865982056,1.1483163833618164,0.945312798023224,0.1135626211762428,0.0,1.2598570585250854,0.9819392561912536,0.0,0.1857995390892028,1.5589640140533447,0.0,0.0,0.2012424767017364,0.0,0.2932844758033752,0.0,0.5138370990753174,0.0,0.0,0.0,0.2034623622894287,0.0,0.0,0.0,0.0,0.0,1.1619480848312378,0.0294446740299463,1.2251908779144287,0.4227455556392669,0.086168423295021,1.8323838710784912,0.3263366818428039,2.211374998092652,1.1990716457366943,0.0,0.0,0.7224893569946289,1.0947396755218506,0.0,0.1142318621277809,0.0,0.1591275334358215,1.4140353202819824,0.0,0.0,0.4695055484771728,0.3916969001293182,0.7014515995979309,0.0,0.0,0.4706197679042816
test_C6_00158,test_C6,C6,170,middle,1,middle,0.3555635310670696,0.4933706223964691,0.0393527150154113,0.8705379366874695,0.0901093780994415,0.1294620633125305,0.4231496150322896,0,0.5501521825790405,0.0,0.0,0.0,0.3688544929027557,0.0,0.1235055774450302,0.0,1.681819200515747,0.0,1.0753564834594729,0.0,1.0242058038711548,1.095731258392334,0.8360912799835205,0.0788471102714538,0.0,1.1769548654556274,0.8343498110771179,0.0,0.3136157691478729,1.4703971147537231,0.0,0.0,0.2833272218704223,0.0445445477962493,0.3435482382774353,0.0,0.582248866558075,0.0,0.0,0.0,0.2370929718017578,0.0,0.0,0.0,0.0,0.0,1.2068036794662476,0.1081394702196121,1.2167474031448364,0.3674174845218658,0.1134907752275466,1.778924584388733,0.3907276391983032,2.0983335971832275,1.1392215490341189,0.0,0.0,0.7480351328849792,0.9806921482086182,0.0,0.1727413982152938,0.0,0.2164534032344818,1.379031538963318,0.0,0.0,0.5891451239585876,0.3332259654998779,0.6981419920921326,0.0,0.0,0.4258796274662018
test_C6_00159,test_C6,C6,171,middle,1,middle,0.3569787253097137,0.502670407295227,0.0428003594279289,0.8386951684951782,0.1185044795274734,0.1613048315048217,0.4871171728733156,0,0.5250096917152405,0.0,0.0,0.0,0.338466614484787,0.0,0.2182023227214813,0.0,1.607890248298645,0.0,1.1430753469467163,0.0,0.965614140033722,1.0441347360610962,0.7557656764984131,0.0678474083542823,0.0,1.1097437143325806,0.7232908606529236,0.0,0.4133499264717102,1.3941432237625122,0.0,0.0,0.3729397058486938,0.1024705320596695,0.3848609030246734,0.0,0.6498557925224304,0.0,0.0,0.0,0.2608530521392822,0.0,0.0,0.0201963149011135,0.0,0.0,1.2383091449737549,0.1796439737081527,1.2199608087539673,0.320779800415039,0.1191161274909973,1.717483401298523,0.451640784740448,2.004500389099121,1.0890755653381348,0.0,0.0,0.7804304957389832,0.9114824533462524,0.0,0.2261991947889328,0.0,0.2711057066917419,1.3511921167373655,0.0,0.0,0.6969754695892334,0.2891546487808227,0.6896105408668518,0.0,0.0,0.3907054960727691
test_C6_00160,test_C6,C6,172,middle,1,middle,0.3583939194682176,0.5047885775566101,0.0469878800213336,0.8161962628364563,0.1368158608675003,0.1838037371635437,0.5293910745817186,0,0.5331929922103882,0.0,0.0,0.0,0.3195179104804992,0.0,0.2164322137832641,0.0,1.5382394790649414,0.0,1.1575268507003784,0.0,0.9327353239059448,1.0133172273635864,0.7301998734474182,0.0760568603873252,0.0,1.0357942581176758,0.6925626993179321,0.0,0.3984314501285553,1.3147727251052856,0.0,0.0,0.4063755571842193,0.1239994615316391,0.4400990903377533,0.0,0.6964741349220276,0.0,0.0,0.0,0.3040877282619476,0.0,0.0,0.0255986228585243,0.0,0.0,1.1457116603851318,0.1979898959398269,1.1938282251358032,0.2570004463195801,0.1224675700068473,1.5897661447525024,0.4953261017799377,1.944952130317688,1.0259099006652832,0.0,0.0,0.7732931971549988,0.8830318450927734,0.0,0.2403061240911483,0.0,0.2800707519054413,1.300268292427063,0.0,0.0,0.7245410084724426,0.2343822121620178,0.6593868732452393,0.0,0.0,0.389864832162857
test_C6_00161,test_C6,C6,173,middle,1,middle,0.3598091136267213,0.5127119421958923,0.0475956983864307,0.7971330881118774,0.1552711725234985,0.2028669118881225,0.5596803774028591,0,0.5254955887794495,0.0,0.0,0.0,0.3114064633846283,0.0,0.2857791781425476,0.0,1.517391800880432,0.0,1.1954658031463623,0.0,0.918981909751892,0.9943221807479858,0.6876952052116394,0.049630083143711,0.024129994213581,1.0160033702850342,0.6366496086120605,0.0,0.4698095917701721,1.2922184467315674,0.0032647661864757,0.0,0.4503416121006012,0.1672718524932861,0.4486081004142761,0.0,0.719794511795044,0.0,0.0,0.0,0.2811585068702698,0.0,0.0,0.0605468712747097,0.0,0.0,1.2091814279556274,0.2329940795898437,1.1956478357315063,0.2657637000083923,0.1238948255777359,1.6120723485946655,0.5195357203483582,1.9001096487045288,0.9953762292861938,0.0,0.0,0.7879205346107483,0.8415679931640625,0.0,0.2699816524982452,0.0,0.3131675720214844,1.29181969165802,0.0,0.0,0.7983953952789307,0.2183996140956878,0.6739851236343384,0.0,0.0,0.3747137188911438
test_C6_00162,test_C6,C6,174,middle,1,middle,0.3612243078693654,0.5176573395729065,0.0507000982761383,0.7642463445663452,0.1850535869598388,0.2357536554336547,0.608826098023609,0,0.5036447644233704,0.0,0.0,0.0,0.2994254231452942,0.0,0.3326943218708038,0.0,1.4502053260803225,0.0,1.2097320556640625,0.0,0.8593053221702576,0.9469650387763976,0.6600574254989624,0.0591916032135486,0.0750281885266304,0.9683796763420104,0.5773540735244751,0.0,0.5164767503738403,1.235821008682251,0.0,0.0,0.5099841952323914,0.2120976895093917,0.4710406959056854,0.0,0.7638953924179077,0.0,0.0,0.0,0.3143386840820312,0.0029390142299234,0.0,0.0989105105400085,0.0,0.0,1.2106877565383911,0.2929426729679107,1.1929643154144287,0.2396700978279113,0.1279129087924957,1.5608168840408323,0.5553855299949646,1.8410794734954836,0.9321364760398864,0.0,0.0,0.8027320504188538,0.7778226733207703,0.0,0.297608345746994,0.0,0.3476620316505432,1.2578338384628296,0.0,0.0,0.8528134226799011,0.2073434591293335,0.6576564908027649,0.0,0.0222986377775669,0.3747260272502899
test_C6_00163,test_C6,C6,175,middle,1,middle,0.3626395020278692,0.5279541015625,0.0522677861154079,0.7151256203651428,0.2326066344976425,0.2848743796348572,0.6674569133724868,0,0.4916389584541321,0.0,0.0,0.0,0.2736848890781402,0.0,0.4126447141170501,0.0,1.3727505207061768,0.0,1.2758941650390625,0.0,0.824812114238739,0.9130849838256836,0.5874941945075989,0.0525132752954959,0.1276577264070511,0.9289352893829346,0.4906772077083587,6.355717778205872e-05,0.5913069248199463,1.1843605041503906,0.0313250124454498,0.0,0.6116492748260498,0.2719349265098572,0.50140380859375,0.0,0.8321563601493835,0.0,0.0,0.0,0.3272656798362732,0.0546106435358524,0.0,0.1384419798851013,0.0,0.0,1.2396539449691772,0.3572206497192383,1.1973894834518433,0.1930471658706665,0.1172021776437759,1.5136184692382812,0.6150868535041809,1.7750591039657593,0.8635973930358887,0.0,0.0,0.8257303833961487,0.7231194376945496,0.0,0.3525001406669616,0.0,0.3988232016563415,1.2319272756576538,0.0,0.0,0.9614264965057372,0.1846756935119629,0.6604661345481873,0.0341499522328376,0.0972984731197357,0.3419030904769897
test_C6_00164,test_C6,C6,176,middle,1,middle,0.3640546962705133,0.5201172828674316,0.052778273820877,0.7493579983711243,0.1978636980056762,0.2506420016288757,0.6299295196056085,0,0.5005273818969727,0.0,0.0,0.0,0.2893618643283844,0.0,0.3468884825706482,0.0,1.385767698287964,0.0,1.218266487121582,0.0,0.8454870581626892,0.9262820482254028,0.6385859847068787,0.0816615521907806,0.0844734907150268,0.9571889042854308,0.5571883916854858,0.0,0.4974325299263,1.2124786376953125,0.0,0.0,0.5532680153846741,0.2356881946325302,0.4748986363410949,0.0,0.7818260192871094,0.0,0.0,0.0,0.3208961486816406,0.0377497896552085,0.0,0.102095291018486,0.0,0.0,1.18571674823761,0.2886487543582916,1.1826218366622925,0.215886116027832,0.097897931933403,1.513036608695984,0.5666660666465759,1.8119257688522337,0.8975210785865784,0.0,0.0,0.8177826404571533,0.7996178865432739,0.0,0.2944275736808777,0.0,0.3628419637680053,1.224632740020752,0.0,0.0,0.8757662177085876,0.2119823098182678,0.637309193611145,0.0,0.0383693799376487,0.3626137971878052
test_C6_00165,test_C6,C6,177,middle,1,middle,0.365469890429017,0.5262582302093506,0.052412986755371,0.723976194858551,0.2236107736825943,0.276023805141449,0.6583960887230311,0,0.4890102744102478,0.0,0.0,0.0,0.2686913013458252,0.0,0.4024624824523926,0.0,1.374542474746704,0.0,1.264578342437744,0.0,0.8270738124847412,0.9117662906646729,0.6023591160774231,0.0711480677127838,0.1244422495365142,0.9399797320365906,0.5117899179458618,0.0,0.5795419216156006,1.1927732229232788,0.022187428548932,0.0,0.5994238257408142,0.270526111125946,0.4828485548496246,0.0,0.8366684913635254,0.0,0.0,0.0,0.3195891380310058,0.0656220391392707,0.0,0.1283429414033889,0.0,0.0,1.233148455619812,0.3341366052627563,1.2044018507003784,0.2018875479698181,0.0996240824460983,1.5143287181854248,0.5997746586799622,1.7849558591842651,0.8872053027153015,0.0,0.0,0.8225403428077698,0.7492855787277222,0.0,0.3301073610782623,0.0,0.393017053604126,1.2413421869277954,0.0,0.0,0.939530909061432,0.2018994987010955,0.6518388986587524,0.0254370924085378,0.0807986930012703,0.3492819368839264
test_C6_00166,test_C6,C6,178,middle,1,middle,0.3668850845875208,0.5213652849197388,0.0519493147730827,0.7452495098114014,0.2028011977672577,0.2547504901885986,0.633840508466372,0,0.4824773669242859,0.0,0.0,0.0,0.2805497050285339,0.0,0.3672788739204407,0.0,1.4027818441390991,0.0,1.2248643636703491,0.0,0.8378764986991882,0.9322679042816162,0.6181654930114746,0.0760460123419761,0.0969636812806129,0.958568513393402,0.5322884321212769,0.0,0.5386075377464294,1.2070006132125854,0.0122850779443979,0.0,0.5574167966842651,0.235523372888565,0.469089537858963,0.0,0.7968970537185669,0.0,0.0,0.0,0.3071894645690918,0.0428312271833419,0.0,0.1072287634015083,0.0,0.0,1.2208086252212524,0.2982731759548187,1.195473074913025,0.2135860919952392,0.1008259207010269,1.5381686687469482,0.5746698975563049,1.8021425008773804,0.9189038872718812,0.0,0.0,0.8167444467544556,0.7771457433700562,0.0,0.3118473291397095,0.0,0.3629627227783203,1.2481319904327393,0.0,0.0,0.8799240589141846,0.2110431790351867,0.6517186760902405,0.0006926469504833,0.0487091541290283,0.3376252651214599
test_C6_00167,test_C6,C6,179,middle,1,middle,0.368300278830165,0.5186871290206909,0.049498651176691,0.7675126791000366,0.182988703250885,0.2324873208999633,0.6031636115989354,0,0.4930372834205627,0.0,0.0,0.0,0.2836735844612121,0.0,0.347475916147232,0.0,1.4408624172210691,0.0,1.2324223518371582,0.0,0.8762451410293579,0.9636407494544984,0.6454035043716431,0.0878130197525024,0.068524032831192,0.997567355632782,0.5713956356048584,0.0,0.5149739980697632,1.2578814029693604,0.0126021429896354,0.0,0.5418996810913086,0.2129000276327133,0.4607315063476562,0.0,0.7776539921760559,0.0,0.0,0.0,0.2854956388473511,0.0202475115656852,0.0,0.0944840013980865,0.0,0.0,1.2274560928344729,0.2772422134876251,1.2150753736495972,0.2302576899528503,0.0900209695100784,1.5692307949066162,0.5595446228981018,1.8447253704071045,0.9614733457565308,0.0,0.0,0.8153116703033447,0.8167412877082825,0.0,0.3016839325428009,0.0,0.3410030603408813,1.2724140882492063,0.0,0.0,0.857014000415802,0.2380425035953521,0.6708071231842041,0.0,0.0169306732714176,0.3424617648124695
test_C6_00168,test_C6,C6,180,middle,1,middle,0.3697154729886687,0.5068267583847046,0.0464386641979217,0.8170053958892822,0.1365559101104736,0.1829946041107177,0.5275377956025158,0,0.5118690729141235,0.0,0.0,0.0,0.3151820003986358,0.0,0.2443152368068695,0.0,1.5146678686141968,0.0,1.1546506881713867,0.0,0.9388722777366638,1.0208752155303955,0.7109044790267944,0.1009899675846099,0.0,1.0675901174545288,0.6630569100379944,0.0,0.3986419141292572,1.331803560256958,0.0,0.0,0.4341422617435455,0.1282870322465896,0.4234291017055511,0.0,0.6805845499038696,0.0,0.0,0.0,0.2593371570110321,0.0,0.0,0.0336871743202209,0.0,0.0,1.188446044921875,0.1888007372617721,1.2093359231948853,0.2790723145008087,0.0833384841680526,1.6288126707077026,0.4824844002723694,1.933355450630188,1.030604362487793,0.0,0.0,0.7896461486816406,0.906446933746338,0.0,0.2444290369749069,0.0,0.2773879468441009,1.296046257019043,0.0,0.0,0.7356240153312683,0.2734622359275818,0.6800298690795898,0.0,0.0,0.3624245822429657
test_C6_00169,test_C6,C6,181,middle,1,middle,0.3711306671471724,0.5020236372947693,0.0433064363896846,0.8383382558822632,0.1183552667498588,0.1616617441177368,0.4882190814791767,0,0.531220018863678,0.0,0.0,0.0,0.3390818834304809,0.0,0.1993642449378967,0.0,1.570825457572937,0.0,1.1432639360427856,0.0,0.9800831079483032,1.0491005182266235,0.7462284564971924,0.1013618037104606,0.0,1.1143884658813477,0.7144081592559814,0.0,0.362104594707489,1.3785748481750488,0.0,0.0,0.3933145105838775,0.0909706950187683,0.3948226273059845,0.0,0.6478776335716248,0.0,0.0,0.0,0.2441709041595459,0.0,0.0,0.0204811505973339,0.0,0.0,1.1892532110214231,0.1732056885957718,1.2237749099731443,0.3015856742858886,0.0846786051988601,1.6795803308486938,0.4588651061058044,1.993878722190857,1.0759036540985107,0.0,0.0,0.7778096199035645,0.9470642805099488,0.0,0.2399806827306747,0.0,0.2558684349060058,1.3396522998809814,0.0,0.0,0.6889583468437195,0.3023478388786316,0.6959325075149536,0.0,0.0,0.372819036245346
test_C6_00170,test_C6,C6,182,middle,1,middle,0.3725458613056763,0.4968989193439483,0.0418636538088321,0.8537665605545044,0.1043697744607925,0.1462334394454956,0.4584712926804439,0,0.5492404699325562,0.0,0.0,0.0,0.3560554385185241,0.0,0.1485081613063812,0.0,1.6029092073440552,0.0,1.109197974205017,0.0,1.0088011026382446,1.0717378854751587,0.7826439142227173,0.1053439900279045,0.0,1.140351414680481,0.7581896185874939,0.0,0.3047035932540893,1.4042826890945437,0.0,0.0,0.3505859375,0.057530116289854,0.3823907375335693,0.0,0.6130147576332092,0.0,0.0,0.0,0.2409961521625518,0.0,0.0,0.0,0.0,0.0,1.1560558080673218,0.1426154822111129,1.2218401432037354,0.3162666261196136,0.0851442962884903,1.6938791275024414,0.4319761991500854,2.0392658710479736,1.0956135988235474,0.0,0.0,0.7655036449432373,0.9836251139640808,0.0,0.2232339233160019,0.0,0.2268439978361129,1.3530497550964355,0.0,0.0,0.6314218640327454,0.3132243454456329,0.7013192176818848,0.0,0.0,0.3877200186252594
test_C6_00171,test_C6,C6,183,middle,1,middle,0.3739610554641798,0.4928957819938659,0.0421585254371166,0.8624527454376221,0.0953887104988098,0.1375472545623779,0.4416959684457593,0,0.5571985244750977,0.0,0.0,0.0,0.3710152804851532,0.0,0.0799858421087265,0.0,1.632670521736145,0.0,1.07042133808136,0.0,1.01659893989563,1.075095295906067,0.8331556916236877,0.1124613732099533,0.0,1.131005883216858,0.8239673972129822,0.0,0.262289434671402,1.3992424011230469,0.0,0.0,0.2929371893405914,0.0367185920476913,0.3754197359085083,0.0,0.6018275022506714,0.0,0.0,0.0,0.2663699388504028,0.0,0.0,0.0,0.0,0.0,1.1074061393737793,0.1132796630263328,1.1983531713485718,0.3201785385608673,0.1042243912816047,1.664303183555603,0.4144450426101684,2.070046186447144,1.090246319770813,0.0,0.0,0.7371909618377686,0.9972390532493592,0.0,0.1922110319137573,0.0,0.2083335071802139,1.3447160720825195,0.0,0.0,0.5670229196548462,0.3001198768615722,0.6740676760673523,0.0,0.0,0.4321362972259521
test_C6_00172,test_C6,C6,184,middle,1,middle,0.3753762497068241,0.496462881565094,0.0415554046630859,0.8582965731620789,0.1001480594277381,0.1417034268379211,0.4494581034694888,0,0.5635629296302795,0.0,0.0,0.0,0.3589586615562439,0.0,0.1419581621885299,0.0,1.6196372509002686,0.0,1.1282700300216677,0.0,1.0530458688735962,1.0759286880493164,0.829063355922699,0.1243657991290092,0.0,1.1404224634170532,0.8132097721099854,0.0,0.2754521667957306,1.4071511030197144,0.0,0.0,0.3678644001483917,0.0686946064233779,0.3951085209846496,0.0,0.6170028448104858,0.0,0.0,0.0,0.2358929514884948,0.0,0.0,0.0,0.0,0.0,1.1278244256973269,0.1166592612862587,1.2195969820022583,0.3233287930488586,0.0664695277810096,1.6597331762313845,0.4328400492668152,2.051499128341675,1.0972059965133667,0.0,0.0,0.7670910358428955,1.0256930589675903,0.0,0.207780510187149,0.0,0.2148752212524414,1.3425594568252563,0.0,0.0,0.6217339634895325,0.3132867217063904,0.6872963905334473,0.0,0.0,0.4249445497989654
test_C6_00173,test_C6,C6,185,middle,1,middle,0.3767914438653277,0.4845648407936096,0.0384403131902217,0.886012077331543,0.0755476132035255,0.113987922668457,0.3892471262227427,0,0.5732784271240234,0.0,0.0,0.0,0.3943071663379669,0.0,0.0313439667224884,0.0,1.6761786937713623,0.0,1.0499292612075806,0.0,1.0908050537109375,1.102511644363403,0.919455349445343,0.1529333442449569,0.0,1.2043325901031494,0.933715522289276,0.0,0.1455784291028976,1.4811029434204102,0.0,0.0,0.2712944149971008,0.0,0.350591242313385,0.0,0.5213636159896851,0.0,0.0,0.0,0.2057626247406005,0.0,0.0,0.0,0.0,0.0,1.0851233005523682,0.0607777163386344,1.2218323945999146,0.3772753775119781,0.0368935875594615,1.7132210731506348,0.3665919899940491,2.137777805328369,1.1475380659103394,0.0,0.0,0.7451875805854797,1.1100109815597534,0.0,0.1622823923826217,0.0,0.15488101541996,1.367241144180298,0.0,0.0,0.4901601672172546,0.3730811774730682,0.6875602006912231,0.0,0.0,0.435854822397232
test_C6_00174,test_C6,C6,186,middle,1,middle,0.3782066380238316,0.4740836024284363,0.0349080748856067,0.9065824151039124,0.0585095360875129,0.0934175848960876,0.338711487058455,0,0.6050615310668945,0.0,0.0,0.0,0.4211954474449157,0.0,0.0,0.0,1.7472195625305176,0.0,0.9939462542533876,0.0,1.1544557809829712,1.1556395292282104,0.9874400496482848,0.162066102027893,0.0,1.2712403535842896,1.0426619052886963,0.0,0.0432812497019767,1.5620933771133425,0.0,0.0,0.1928307712078094,0.0,0.3166589140892029,0.0,0.4567879438400268,0.0,0.0,0.0,0.1724584996700287,0.0,0.0,0.0,0.0048349201679229,0.0,1.057175636291504,0.0,1.218281626701355,0.4194410443305969,0.0248512607067823,1.7703520059585571,0.3119834959506988,2.230469226837158,1.1970269680023191,0.0,0.0,0.7160242795944214,1.1867271661758425,0.0,0.1197936162352562,0.0,0.0966181978583335,1.399791240692139,0.0,0.0,0.3900827765464782,0.4155553579330444,0.7030782699584961,0.0,0.0,0.4534013867378235
test_C6_00175,test_C6,C6,187,middle,1,middle,0.3796218321823353,0.4701003432273865,0.0350962877273559,0.909369707107544,0.0555339679121971,0.090630292892456,0.3317725282199755,0,0.6055237054824829,0.0,0.0,0.0,0.4269883334636688,0.0,0.0,0.0,1.757062554359436,0.0,0.946543276309967,0.0,1.1452089548110962,1.1589454412460327,1.0076621770858765,0.1524669528007507,0.0,1.268712282180786,1.0654726028442385,0.0,0.0090090185403823,1.5665204524993896,0.0,0.0,0.1603376269340515,0.0,0.3051811456680298,0.0,0.434787392616272,0.0,0.0,0.0,0.1536963284015655,0.0,0.0,0.0,0.0,0.0,1.0391952991485596,0.0,1.2060325145721436,0.4393008649349212,0.0161420553922653,1.7740927934646606,0.2868465185165405,2.235018730163574,1.205406904220581,0.0,0.0,0.7049994468688965,1.2047381401062012,0.0,0.0913029238581657,0.0,0.075885996222496,1.3929964303970337,0.0,0.0,0.3467044532299042,0.4185293316841125,0.6988017559051514,0.0,0.0,0.4581228792667389
test_C6_00176,test_C6,C6,188,middle,1,middle,0.3810370263408391,0.4645352959632873,0.0322307124733924,0.920158326625824,0.0476109609007835,0.079841673374176,0.3024123063402958,0,0.6164787411689758,0.0,0.0,0.0,0.4454856216907501,0.0,0.0,0.0,1.8292832374572756,0.0,0.9495933055877686,0.0,1.2062888145446775,1.1880778074264526,1.0598632097244265,0.1761206984519958,0.0,1.316638708114624,1.1441097259521484,0.0,0.0,1.6225134134292605,0.0,0.0,0.1257821023464203,0.0,0.2802883684635162,0.0,0.4063897728919983,0.0,0.0,0.0,0.1295409798622131,0.0,0.0,0.0,0.0337330102920532,0.0,1.0362491607666016,0.0,1.224076747894287,0.4688669741153717,0.0017892532050609,1.8127925395965576,0.2650403678417206,2.3087058067321777,1.2504568099975586,0.0,0.0,0.6964714527130127,1.2608418464660645,0.0,0.0756040662527084,0.0,0.048271544277668,1.424462914466858,0.0,0.0,0.291667103767395,0.4486643970012665,0.7046998739242554,0.0,0.0,0.4743835031986236
test_C6_00177,test_C6,C6,189,middle,1,middle,0.3824522205834832,0.460752010345459,0.0317655280232429,0.9241228699684144,0.0441116169095039,0.0758771300315857,0.2914292181329888,0,0.6174470782279968,0.0,0.0,0.0,0.4591909646987915,0.0,0.0,0.0,1.8523873090744016,0.0,0.912095069885254,0.0,1.2194480895996094,1.2048336267471311,1.0858962535858154,0.1737453192472458,0.0,1.3354567289352417,1.173478603363037,0.0,0.0,1.642082452774048,0.0,0.0,0.0853059813380241,0.0,0.2702569365501404,0.0,0.3801195323467254,0.0,0.0,0.0,0.1146746203303337,0.0,0.0,0.0,0.0428502783179283,0.0,1.0128568410873413,0.0,1.2175047397613523,0.4869042336940765,0.000997994095087,1.8211994171142576,0.2397965490818023,2.331959009170532,1.2590798139572144,0.0,0.0,0.677656352519989,1.2849078178405762,0.0,0.0587998926639556,0.0,0.0261800028383731,1.4285825490951538,0.0,0.0,0.2399497330188751,0.449111133813858,0.7032610774040222,0.0,0.0,0.4711742699146271
test_C6_00178,test_C6,C6,190,middle,1,middle,0.3842404922043516,0.4566036462783813,0.0299074221402406,0.9306659698486328,0.0394266657531261,0.0693340301513671,0.2724493171237812,0,0.6225530505180359,0.0,0.0,0.0,0.4686943888664245,0.0,0.0,0.0,1.899983286857605,0.0,0.9157707691192628,0.0,1.2558313608169556,1.2248300313949585,1.1252423524856567,0.1907333433628082,0.0,1.365426778793335,1.2309813499450684,0.0,0.0,1.6913939714431765,0.0,0.0,0.0617414228618145,0.0,0.2544097006320953,0.0,0.3566637635231018,0.0,0.0,0.0,0.0881428644061088,0.0,0.0,0.0,0.0658975467085838,0.0,1.0111335515975952,0.0,1.2367513179779053,0.5136394500732422,0.0,1.8469401597976685,0.2263791710138321,2.383039951324463,1.299474000930786,0.0,0.0,0.6790335774421692,1.3306777477264404,0.0,0.04413703083992,0.0,0.0,1.445957064628601,0.0,0.0,0.1975719034671783,0.4766821563243866,0.7077953815460205,0.0,0.0,0.4718018472194671
test_C6_00179,test_C6,C6,191,middle,1,middle,0.3864018412875842,0.4520258009433746,0.0298924688249826,0.9336552619934082,0.0364522002637386,0.0663447380065918,0.2637338765306974,0,0.6323384642601013,0.0,0.0,0.0,0.4761280119419098,0.0170710533857345,0.0,0.0,1.904723644256592,0.0,0.8753518462181091,0.0,1.2667156457901,1.2380716800689695,1.1610620021820068,0.1982240676879882,0.0,1.3845869302749634,1.2847189903259275,0.0,0.0,1.7148633003234863,0.0,0.0,0.029480256140232,0.0,0.2458741664886474,0.0,0.3248708844184875,0.0,0.0,0.0,0.0723829939961433,0.0,0.0,0.0,0.0801487043499946,0.0,0.969818115234375,0.0,1.235174298286438,0.5309037566184998,0.0,1.8435651063919067,0.1945067346096038,2.4001107215881348,1.3065448999404907,0.0,0.0,0.6507670879364014,1.348044753074646,0.0,0.023048723116517,0.0,0.0,1.4415618181228638,0.0,0.0,0.1463264375925064,0.4864392280578613,0.7045530080795288,0.0,0.0,0.4769352972507477
test_C6_00180,test_C6,C6,192,middle,1,middle,0.3889362679173217,0.4491161704063415,0.0282541569322347,0.9387460947036744,0.0329997725784778,0.0612539052963256,0.2482020651097172,0,0.6439574956893921,0.0,0.0,0.0,0.497856080532074,0.0333752408623695,0.0,0.0,1.953215479850769,0.0,0.8911675214767456,0.0,1.3103106021881104,1.24669349193573,1.2056277990341189,0.2119865715503692,0.0,1.4111837148666382,1.340790033340454,0.0,0.0,1.746017336845398,0.0,0.0,0.011963203549385,0.0,0.2299169600009918,0.0,0.3074028193950653,0.0,0.0,0.0,0.0546028017997741,0.0,0.0,0.0,0.1092555150389671,0.0,0.965286374092102,0.0,1.2539994716644287,0.5523501634597778,0.0,1.862267255783081,0.1866856813430786,2.4508347511291504,1.337293028831482,0.0,0.0,0.6522378921508789,1.3963046073913574,0.0,0.0168454255908727,0.0,0.0,1.4567713737487793,0.0,0.0,0.1114975064992904,0.5014342665672302,0.7013830542564392,0.0,0.0,0.4886758029460907
test_C6_00181,test_C6,C6,193,middle,1,middle,0.3918437719252833,0.4550849497318268,0.0272410716861486,0.9382440447807312,0.0345148667693138,0.0617559552192688,0.249540794545937,0,0.6259682774543762,0.0,0.0,0.0,0.4970779418945312,0.0065395981073379,0.0,0.0,1.989400029182434,0.0,0.9294206500053406,0.0,1.303974986076355,1.2614279985427856,1.1811418533325195,0.1831214725971222,0.0,1.4163976907730105,1.280219554901123,0.0,0.0,1.7422467470169067,0.0,0.0,0.0359479561448097,0.0,0.2365264296531677,0.0,0.3362843096256256,0.0,0.0,0.0,0.0775523856282234,0.0,0.0,0.0,0.0732672289013862,0.0,1.0421180725097656,0.0,1.2755454778671265,0.5433389544487,0.0,1.9100037813186648,0.219106063246727,2.4533114433288574,1.3420031070709229,0.0,0.0,0.6847015023231506,1.382706880569458,0.0,0.0281422976404428,0.0,0.0,1.450789213180542,0.0,0.0,0.1568482965230941,0.489517867565155,0.7172368168830872,0.0,0.0,0.5066548585891724
test_C6_00182,test_C6,C6,194,middle,1,middle,0.3951243534797499,0.4501535594463348,0.0263147298246622,0.942637026309967,0.0310482196509838,0.0573629736900329,0.2359472517561085,0,0.6476662158966064,0.0,0.0,0.0,0.5125961899757385,0.0174490138888359,0.0,0.0,2.0049989223480225,0.0,0.9211933612823486,0.0,1.3543701171875,1.267056584358215,1.224924087524414,0.2089304029941558,0.0,1.446512222290039,1.3499228954315186,0.0,0.0,1.7775729894638062,0.0,0.0,0.0134777426719665,0.0,0.2241610586643219,0.0,0.3033491373062134,0.0,0.0,0.0,0.0625600591301918,0.0,0.0,0.0,0.0929620191454887,0.0,0.9923583269119264,0.0,1.2934954166412354,0.5617785453796387,0.0,1.90885865688324,0.1924770325422287,2.4991469383239746,1.3713464736938477,0.0,0.0,0.6712329983711243,1.425309419631958,0.0,0.0175157468765974,0.0,0.0,1.4644118547439575,0.0,0.0,0.1136652305722236,0.5134902596473694,0.7128534913063049,0.0,0.0,0.5093915462493896
test_C6_00183,test_C6,C6,195,middle,1,middle,0.3987780124965807,0.4485146999359131,0.0254852380603551,0.9452881217002868,0.0292265750467777,0.0547118782997131,0.2275208519359309,0,0.6543863415718079,0.0,0.0,0.0,0.5303065776824951,0.0244279652833938,0.0,0.0,2.020021677017212,0.0,0.9142337441444396,0.0,1.382171392440796,1.2781484127044678,1.2579708099365234,0.2086657434701919,0.0,1.4654191732406616,1.3824257850646973,0.0,0.0,1.800235152244568,0.0,0.0,0.0,0.0,0.2208149433135986,0.0,0.2921285629272461,0.0,0.0,0.0,0.0593411922454834,0.0,0.0,0.0,0.0965005084872245,0.0,0.9928632974624634,0.0,1.309893250465393,0.5746921300888062,0.0,1.929584264755249,0.183662474155426,2.519252300262451,1.3834753036499023,0.0,0.0,0.6682054400444031,1.4537322521209717,0.0,0.0107164252549409,0.0,0.0,1.4698702096939087,0.0,0.0,0.0939429923892021,0.5165552496910095,0.717471182346344,0.0,0.0,0.5177149772644043
test_C6_00184,test_C6,C6,196,middle,1,middle,0.4028047489757763,0.4448868334293365,0.0247874539345502,0.9481108784675598,0.0271016638725996,0.0518891215324401,0.2184170848609933,0,0.664774477481842,0.0,0.0,0.0,0.5432755351066589,0.0436725430190563,0.0,0.0,2.048063039779663,0.0,0.9131066799163818,0.0,1.405997395515442,1.2788513898849487,1.2951630353927612,0.2219813615083694,0.0,1.478298306465149,1.4391963481903076,0.0,0.0,1.8248404264450075,0.0,0.0,0.0,0.0,0.2068223357200622,0.0,0.2716872692108154,0.0,0.003876831382513,0.0,0.0391300097107887,0.0,0.0,0.0,0.1245121732354164,0.0,0.9797780513763428,0.0,1.3169097900390625,0.5975727438926697,0.0,1.9401910305023196,0.1723574250936508,2.551980972290039,1.4034656286239624,0.0,0.0,0.6627100706100464,1.4846500158309937,0.0,0.0,0.0,0.0,1.4747518301010132,0.0,0.0,0.0598833374679088,0.5346975326538086,0.7085862159729004,0.0,0.0,0.524850606918335
test_C6_00185,test_C6,C6,197,middle,1,middle,0.4068314854549716,0.4460882246494293,0.0239858943969011,0.949399471282959,0.0266146454960107,0.050600528717041,0.2141656491020625,0,0.6685622930526733,0.0,0.0,0.0,0.5429777503013611,0.0375148244202137,0.0,0.0,2.065867185592652,0.0,0.9217534065246582,0.0,1.422476053237915,1.299052357673645,1.2982361316680908,0.2187957614660263,0.0,1.485863208770752,1.4427809715270996,0.0,0.0,1.8465721607208248,0.0,0.0,0.0,0.0,0.2137466967105865,0.0,0.2802144289016723,0.0,0.0,0.0,0.0428551435470581,0.0,0.0,0.0,0.1102878227829933,0.0,1.0052587985992432,0.0,1.3304598331451416,0.5971004962921143,0.0,1.9665439128875728,0.1794223934412002,2.56821084022522,1.4138187170028689,0.0,0.0,0.6692478656768799,1.487527847290039,0.0,0.0,0.0,0.0,1.4794474840164185,0.0,0.0,0.0735996589064598,0.5384269952774048,0.7239334583282471,0.0,0.0,0.5357290506362915
test_C6_00186,test_C6,C6,198,middle,1,middle,0.4108582219341671,0.4421637058258056,0.0237183403223752,0.9511116743087769,0.0251700449734926,0.0488883256912231,0.2085306154471854,0,0.670286238193512,0.0,0.0,0.0,0.5563219785690308,0.0542732253670692,0.0,0.0,2.0831375122070312,0.0,0.91316956281662,0.0,1.4333232641220093,1.2917600870132446,1.3282785415649414,0.2302933931350708,0.0,1.4976357221603394,1.484121561050415,0.0,0.0,1.8561527729034424,0.0,0.0,0.0,0.0,0.1961914002895355,0.0,0.2604288756847381,0.0,0.0064236111938953,0.0,0.0233078896999359,0.0,0.0,0.0,0.1378804445266723,0.0,0.9833567142486572,0.0,1.334573745727539,0.6147333383560181,0.0,1.9721784591674805,0.1648386716842651,2.58701229095459,1.426196575164795,0.0,0.0,0.6633703112602234,1.5118297338485718,0.0,0.0,0.0,0.0,1.484364628791809,0.0,0.0,0.0357131212949752,0.5499013066291809,0.7093959450721741,0.0,0.0,0.5274892449378967
test_C6_00187,test_C6,C6,199,middle,1,middle,0.4148849584133625,0.4410771429538727,0.0231188479810953,0.9525207281112672,0.0243604928255081,0.0474792718887329,0.2038200511024792,0,0.6726096868515015,0.0,0.0,0.0,0.5675118565559387,0.0595441162586212,0.0,0.0,2.09831976890564,0.0,0.9192731976509094,0.0,1.4521909952163696,1.301274657249451,1.3454028367996216,0.2335314750671386,0.0,1.509889006614685,1.504138469696045,0.0,0.0,1.8763428926467896,0.0,0.0,0.0,0.0,0.1921945363283157,0.0,0.2601685523986816,0.0,0.0081395246088504,0.0,0.0233369171619415,0.0,0.0,0.0,0.1472905576229095,0.0,0.988337516784668,0.0,1.346574068069458,0.6180030107498169,0.0,1.9885691404342647,0.1632674485445022,2.5998988151550293,1.43529212474823,0.0,0.0,0.6598236560821533,1.5188409090042114,0.0,0.0,0.0,0.0,1.4846659898757937,0.0,0.0,0.0278937965631485,0.5491757988929749,0.7093759775161743,0.0,0.0,0.5321801900863647
test_C6_00188,test_C6,C6,200,middle,1,middle,0.4189116948925581,0.4396816492080688,0.0229446738958358,0.9533286094665528,0.0237267445772886,0.0466713905334472,0.2011072183053217,0,0.6728519797325134,0.0,0.0,0.0,0.5736917853355408,0.0685396566987037,0.0,0.0,2.111586093902588,0.0,0.9112876653671264,0.0,1.4583051204681396,1.304599404335022,1.357858180999756,0.234427273273468,0.0,1.5160865783691406,1.51599383354187,0.0,0.0,1.8828575611114504,0.0,0.0,0.0,0.0,0.1892680525779724,0.0,0.2530238330364227,0.0,0.014709684997797,0.0,0.01835198700428,0.0,0.0,0.0,0.1566380858421325,0.0,0.9800314903259276,0.0,1.3486076593399048,0.6272274851799011,0.0,1.99139142036438,0.1575580239295959,2.61368465423584,1.4360642433166504,0.0,0.0,0.6560693383216858,1.5300694704055786,0.0,0.0,0.0,0.0,1.4868996143341064,0.0,0.0,0.0067238211631774,0.5480674505233765,0.7062140107154846,0.0,0.0,0.5290406942367554
test_C6_00189,test_C6,C6,201,middle,1,middle,0.4229384313717534,0.4409306049346924,0.0225692894309759,0.9536187052726746,0.0238120462745428,0.0463812947273254,0.2001175622305057,0,0.6736057996749878,0.0,0.0,0.0,0.5704286098480225,0.0661146342754364,0.0,0.0,2.126777172088623,0.0,0.930648922920227,0.0,1.4602211713790894,1.30756676197052,1.3547652959823608,0.2328336834907531,0.0,1.515605926513672,1.5029332637786863,0.0,0.0,1.8807716369628904,0.0,0.0,0.0,0.0,0.1883910149335861,0.0,0.2718954384326935,0.0,0.0252762995660305,0.0,0.0308986753225326,0.0,0.0,0.0,0.1538642942905426,0.0,0.9925087690353394,0.0,1.35796058177948,0.6209920048713684,0.0,1.9943617582321167,0.1720354408025741,2.623500347137451,1.4480085372924805,0.0,0.0,0.6728319525718689,1.5394227504730225,0.0,0.0,0.0,0.0,1.4933780431747437,0.0,0.0,0.010482907295227,0.5494532585144043,0.7080563306808472,0.0,0.0,0.5274062156677246
test_C6_00190,test_C6,C6,202,middle,1,middle,0.4269651678509489,0.4396722018718719,0.0224872659891843,0.9541447758674622,0.0233679488301277,0.0458552241325378,0.1983423554563168,0,0.6739870309829712,0.0,0.0,0.0,0.5796719789505005,0.069084957242012,0.0,0.0,2.1261534690856934,0.0,0.9259604811668396,0.0,1.4646061658859253,1.3052595853805542,1.3651363849639893,0.2357580661773681,0.0,1.5261082649230957,1.512091875076294,0.0,0.0,1.888374209403992,0.0,0.0,0.0,0.0,0.1832107901573181,0.0,0.2559780776500702,0.0,0.0259617455303668,0.0,0.0234416425228118,0.0,0.0,0.0,0.1626085937023162,0.0,0.9843939542770386,0.0,1.362664818763733,0.6294217109680176,0.0,2.000385284423828,0.1630739271640777,2.6280858516693115,1.4427217245101929,0.0,0.0,0.6657651662826538,1.5436118841171265,0.0,0.0,0.0,0.0,1.4935688972473145,0.0,0.0,0.0,0.5471165180206299,0.7072578072547913,0.0,0.0,0.5253052115440369
test_C6_00191,test_C6,C6,203,middle,1,middle,0.4309919042460039,0.4423034191131592,0.0225329063832759,0.953206181526184,0.0242609065026044,0.0467938184738159,0.2014973351852057,0,0.6669480204582214,0.0,0.0,0.0,0.5711348652839661,0.0583413876593112,0.0,0.0,2.118999481201172,0.0,0.9398174285888672,0.0,1.4513492584228516,1.3029922246932983,1.3458783626556396,0.2313946783542633,0.0,1.5190085172653198,1.4731214046478271,0.0,0.0,1.870221734046936,0.0,0.0,0.0,0.0,0.1858830451965332,0.0,0.2749869525432586,0.0,0.0286596752703189,0.0,0.0380922779440879,0.0,0.0,0.0,0.1494784951210022,0.0,1.0060120820999146,0.0,1.3660199642181396,0.6202598214149475,0.0,1.996786832809448,0.1792607307434082,2.614406108856201,1.443688988685608,0.0,0.0,0.6843957901000977,1.5416327714920044,0.0,0.0,0.0,0.0,1.5036649703979492,0.0,0.0,0.0188182145357131,0.544001042842865,0.714631199836731,0.0,0.0,0.517467200756073
test_C6_00192,test_C6,C6,204,middle,1,middle,0.4350186407251992,0.4395731389522552,0.0230220668017864,0.9528829455375672,0.0240950193256139,0.0471170544624328,0.2026050218938007,0,0.6740477681159973,0.0,0.0,0.0,0.578793466091156,0.0640854686498642,0.0,0.0,2.1027708053588867,0.0,0.9276758432388306,0.0,1.457807540893555,1.2994446754455566,1.3485183715820312,0.2283844947814941,0.0,1.5283429622650146,1.4932467937469482,0.0,0.0,1.8719406127929688,0.0,0.0,0.0,0.0,0.1763039827346801,0.0,0.2612001299858093,0.0,0.0356336571276187,0.0,0.0509348884224891,0.0,0.0,0.0,0.1649826467037201,0.0,0.9662541151046752,0.0,1.363371729850769,0.6130394339561462,0.0,1.979583978652954,0.1606797128915786,2.610236883163452,1.4366437196731567,0.0,0.0,0.6438469886779785,1.5158004760742188,0.0,0.0,0.0,0.0,1.4837000370025637,0.0,0.0,0.0006380006670951,0.5369200706481934,0.700675368309021,0.0,0.0,0.5337607264518738
test_C6_00193,test_C6,C6,205,middle,1,middle,0.4390453772043946,0.4451496303081512,0.0229950435459613,0.951297163963318,0.0257077757269144,0.0487028360366821,0.207862742727434,0,0.664946973323822,0.0,0.0,0.0,0.5538132786750793,0.0472338274121284,0.0,0.0,2.0999624729156494,0.0,0.9551698565483092,0.0,1.4383162260055542,1.2980948686599731,1.3171550035476685,0.2250211536884308,0.0,1.501149296760559,1.4422831535339355,0.0,0.0,1.846961259841919,0.0,0.0,0.0,0.0,0.1942714154720306,0.0,0.2978921234607696,0.0,0.0200924389064311,0.0,0.0509845241904258,0.0,0.0,0.0,0.1326980590820312,0.0,1.0142759084701538,0.0,1.3574748039245603,0.6019308567047119,0.0,1.97726047039032,0.1894683539867401,2.587945938110352,1.4382894039154053,0.0,0.0,0.6939973831176758,1.5258581638336182,0.0,0.0101247783750295,0.0,0.0,1.507477045059204,0.0,0.0,0.0493781194090843,0.5332414507865906,0.7172093987464905,0.0,0.0,0.5143200159072876
test_C6_00194,test_C6,C6,206,middle,1,middle,0.4430721135994497,0.4427049458026886,0.0235238876193761,0.9508492350578308,0.0256268065422773,0.0491507649421691,0.2093828991640477,0,0.6575568914413452,0.0,0.0,0.0,0.5620260834693909,0.0628236010670661,0.0,0.0,2.081421136856079,0.0,0.9467092156410216,0.0,1.418152928352356,1.2799512147903442,1.333802580833435,0.2384988665580749,0.0,1.506810188293457,1.4525353908538818,0.0,0.0,1.8417705297470093,0.0,0.0,0.0,0.0,0.186111032962799,0.0,0.2769092321395874,0.0,0.0274180732667446,0.0,0.0407881289720535,0.0,0.0,0.0,0.1605711281299591,0.0,0.9974733591079712,0.0,1.358328342437744,0.6110171675682068,0.0,1.9647458791732788,0.1794947385787964,2.576129198074341,1.4215352535247805,0.0,0.0,0.6848493218421936,1.523969650268555,0.0,0.0140438042581081,0.0,0.0,1.5005220174789429,0.0,0.0,0.0277975723147392,0.534117579460144,0.7113101482391357,0.0,0.0,0.5085588097572327
test_C6_00195,test_C6,C6,207,middle,1,middle,0.4470988500786451,0.4468312561511993,0.0238037593662738,0.9485948085784912,0.0276014450937509,0.0514051914215087,0.2167490171325663,0,0.6515976190567017,0.0,0.0,0.0,0.5393077731132507,0.0420244261622428,0.0,0.0,2.0675714015960693,0.0,0.9704480171203612,0.0,1.393360257148743,1.281767964363098,1.2925045490264893,0.2263142168521881,0.0,1.4899799823760986,1.3941738605499268,0.0,0.0,1.8131580352783203,0.0,0.0,0.0,0.0,0.1970698535442352,0.0,0.308525949716568,0.0,0.0300136171281337,0.0,0.0613211616873741,0.0,0.0,0.0,0.1412787437438964,0.0,1.0204862356185913,0.0,1.3573715686798096,0.5855293869972229,0.0,1.9536617994308472,0.2061448097229004,2.5569541454315186,1.4169366359710691,0.0,0.0,0.7021877765655518,1.503447651863098,0.0,0.0429724901914596,0.0,0.0,1.5121619701385498,0.0,0.0,0.0666958019137382,0.528075635433197,0.7261850237846375,0.0,0.0,0.4970448911190033
test_C6_00196,test_C6,C6,208,middle,1,middle,0.4511255865578406,0.446054607629776,0.0243386961519718,0.9481141567230223,0.0275470912456512,0.0518858432769775,0.2183628575024725,0,0.6522592902183533,0.0,0.0,0.0,0.5349429845809937,0.0485198386013507,0.0,0.0,2.0566349029541016,0.0,0.9527809619903564,0.0,1.3833568096160889,1.269766330718994,1.2978473901748655,0.2253438830375671,0.0,1.480683207511902,1.3972997665405271,0.0,0.0,1.804232478141785,0.0,0.0,0.0,0.0,0.1957570612430572,0.0,0.2964190244674682,0.0,0.0208690874278545,0.0,0.0411435142159462,0.0,0.0,0.0,0.142156720161438,0.0,1.0029405355453491,0.0,1.349866509437561,0.5996842384338379,0.0,1.9317450523376465,0.1931678652763366,2.5501997470855717,1.4213905334472656,0.0,0.0,0.7007256150245667,1.5129656791687012,0.0,0.033742070198059,0.0,0.0,1.508824110031128,0.0,0.0,0.0547462776303291,0.5340168476104736,0.7180671691894531,0.0,0.0,0.48758265376091
test_C6_00197,test_C6,C6,209,middle,1,middle,0.455152323037036,0.4516468644142151,0.0244875811040401,0.9448050260543824,0.0307074673473835,0.0551949739456176,0.2288737689201779,0,0.6394373178482056,0.0,0.0,0.0,0.5124308466911316,0.0262225419282913,0.0,0.0,2.048976182937622,0.0,0.9990137815475464,0.0,1.3613848686218262,1.2668452262878418,1.2493205070495603,0.2165184020996093,0.0,1.458245038986206,1.320683479309082,0.0,0.0,1.7593790292739868,0.0,0.0,0.0334753692150116,0.0,0.2078068256378173,0.0,0.3483730554580688,0.0,0.0234805904328823,0.0,0.0817980989813804,0.0,0.0,0.0,0.1174120679497718,0.0,1.050402283668518,0.0,1.3571683168411257,0.5625413656234741,0.0,1.9318293333053589,0.2399966418743133,2.520596027374268,1.4171805381774902,0.0,0.0,0.7277373671531677,1.4785414934158323,0.0,0.0749159753322601,0.0,0.0,1.5218287706375122,0.0,0.0,0.1164716929197311,0.5195465087890625,0.7352326512336731,0.0,0.0,0.4864992797374725
test_C6_00198,test_C6,C6,210,middle,1,middle,0.4591790595162315,0.4513644278049469,0.0248594842851161,0.944311261177063,0.0308292396366596,0.055688738822937,0.2304872973267909,0,0.6395735740661621,0.0,0.0,0.0,0.5117337107658386,0.0229522436857223,0.0,0.0,2.037356376647949,0.0,0.9911062717437744,0.0,1.3542276620864868,1.264569640159607,1.2469570636749268,0.2172505259513855,0.0,1.4615845680236816,1.3092634677886963,0.0,0.0,1.7546225786209106,0.0,0.0,0.0221709534525871,0.0,0.2127644419670105,0.0,0.3343610465526581,0.0,0.0271060056984424,0.0,0.0719966664910316,0.0,0.0,0.0,0.1273547410964965,0.0,1.0314149856567385,0.0,1.3534226417541504,0.5652481913566589,0.0,1.917961597442627,0.2305669635534286,2.515775203704834,1.4082467555999756,0.0,0.0,0.7177312970161438,1.4736852645874023,0.0,0.0797966197133064,0.0,0.0,1.5129486322402954,0.0,0.0,0.0991538166999816,0.5076910257339478,0.7325620055198669,0.0,0.0,0.4737866818904876
test_C6_00199,test_C6,C6,211,middle,1,middle,0.4632057959954269,0.4566443562507629,0.0251500885933637,0.940945029258728,0.0339049026370048,0.0590549707412719,0.2408873125755953,0,0.6300855278968811,0.0,0.0,0.0,0.49072927236557,0.0049824342131614,0.0,0.0,2.0260214805603027,0.0,1.0253355503082275,0.0,1.3366457223892212,1.257935643196106,1.2137149572372437,0.206455647945404,0.0,1.4340181350708008,1.2543673515319824,0.0,0.0,1.716755986213684,0.0,0.0,0.0655451938509941,0.0,0.2278237342834472,0.0,0.3767523169517517,0.0,0.0199057571589946,0.0,0.0969104245305061,0.0,0.0,0.0,0.0997352972626686,0.0,1.0710707902908323,0.0,1.3539283275604248,0.5419811606407166,0.0,1.909590721130371,0.2675426602363586,2.481515884399414,1.4130111932754517,0.0,0.0,0.7444726824760437,1.4513211250305176,0.0,0.1055902391672134,0.0,0.018962163478136,1.5222817659378052,0.0,0.0,0.1560565829277038,0.4993077218532562,0.7412402033805847,0.0,0.0,0.4707142412662506
test_C6_00200,test_C6,C6,212,middle,1,middle,0.4672325324746222,0.4596397876739502,0.0258291419595479,0.9374008178710938,0.0367699861526489,0.0625991821289062,0.2516715580925784,0,0.6205735206604004,0.0,0.0,0.0,0.4727602303028106,0.0,0.0,0.0,1.9918158054351809,0.0,1.0448185205459597,0.0,1.3053996562957764,1.2435367107391355,1.178086519241333,0.2011524736881256,0.0,1.4233462810516355,1.207390069961548,0.0,0.0,1.6970268487930298,0.0,0.0,0.0940812975168228,0.0,0.2342470735311508,0.0,0.3908637464046478,0.0,0.0127016343176364,0.0,0.1093500033020973,0.0,0.0,0.0,0.0856516137719154,0.0,1.0902376174926758,0.0,1.364632487297058,0.5234916806221008,0.0,1.9006593227386477,0.2836348414421081,2.44758939743042,1.3969810009002686,0.0,0.0,0.7510402202606201,1.417986512184143,0.0,0.1246335878968238,0.0,0.0293239653110504,1.51768159866333,0.0,0.0,0.1998974382877349,0.4951570332050323,0.752841055393219,0.0,0.0,0.4639429152011871
test_C6_00201,test_C6,C6,213,middle,1,middle,0.4712592689538178,0.4659953713417053,0.0265847761183977,0.931613028049469,0.0418022312223911,0.068386971950531,0.2686492786864046,0,0.6049826741218567,0.0,0.0,0.0,0.4555329084396362,0.0,0.0,0.0,1.9664973020553589,0.0,1.0900394916534424,0.0,1.2795631885528564,1.2238489389419556,1.137434482574463,0.2001297920942306,0.0,1.3931076526641846,1.1388838291168213,0.0,0.0082158334553241,1.6411645412445068,0.0,0.0,0.1512144356966018,0.0,0.2457301467657089,0.0,0.4434330761432647,0.0,0.0,0.0,0.1370842456817627,0.0,0.0,0.0,0.0659219995141029,0.0,1.1245465278625488,0.0,1.3681907653808594,0.4899860620498657,0.0,1.8824211359024048,0.3277369737625122,2.393545627593994,1.389704942703247,0.0,0.0,0.7766682505607605,1.3832544088363647,0.0,0.1633443981409073,0.0,0.0753863751888275,1.5245513916015625,0.0,0.0,0.2617664933204651,0.4764353632926941,0.7569431662559509,0.0,0.0,0.4517611563205719
test_C6_00202,test_C6,C6,214,middle,1,middle,0.4752860054330132,0.4753658473491668,0.0281982999294996,0.9219359755516052,0.0498656779527664,0.0780640244483947,0.2958990281971185,0,0.5906224250793457,0.0,0.0,0.0,0.4239641726016998,0.0,0.0,0.0,1.9259299039840696,0.0,1.144109129905701,0.0,1.2302541732788086,1.201787352561951,1.0769860744476318,0.187914103269577,0.0,1.3486090898513794,1.0539376735687256,0.0,0.0919542908668518,1.589284062385559,0.0,0.0,0.2029522359371185,0.0,0.2769262194633484,0.0,0.4928999543190002,0.0,0.0,0.0,0.1554760038852691,0.0,0.0,0.0,0.044988214969635,0.0,1.1609809398651123,0.0064905695617198,1.3687788248062134,0.4497995674610138,0.0273921154439449,1.8576613664627075,0.3776691555976867,2.326635837554932,1.3623242378234863,0.0,0.0,0.7983314394950867,1.3249132633209229,0.0,0.1977650970220565,0.0,0.1062216758728027,1.5113584995269775,0.0,0.0,0.3401868045330047,0.44378262758255,0.7692715525627136,0.0,0.0,0.4347712993621826
test_C6_00203,test_C6,C6,215,middle,1,middle,0.4793127419122085,0.4687154591083526,0.027558721601963,0.9292997121810912,0.0431416220963001,0.0707002878189086,0.275548523241305,0,0.6264515519142151,0.0,0.0,0.0,0.468820571899414,0.0,0.0,0.0,1.9599822759628296,0.0,1.0854511260986328,0.0,1.2766305208206177,1.2282233238220217,1.1221493482589722,0.1833190619945526,0.0,1.3828197717666626,1.113248348236084,0.0,0.0103753954172134,1.6311343908309937,0.0,0.0,0.1123167425394058,0.0,0.2637125849723816,0.0,0.4562270641326904,0.0,0.0166782774031162,0.0,0.1989970505237579,0.0,0.0,0.0,0.0693756565451622,0.0,1.0930163860321045,0.0,1.3480339050292969,0.4709102809429168,0.0442058630287647,1.8330657482147217,0.3365008533000946,2.409208297729492,1.3467434644699097,0.0,0.0,0.7439594864845276,1.3538594245910645,0.0,0.1460526585578918,0.0,0.0798948481678962,1.4777061939239502,0.0,0.0,0.2663451731204986,0.4415895938873291,0.7412635684013367,0.0,0.0,0.5087502002716064
test_C6_00204,test_C6,C6,216,middle,1,middle,0.4833394783072636,0.4919394254684448,0.0315979272127151,0.8966456651687622,0.0717563703656196,0.1033543348312377,0.3604728799165541,0,0.5878730416297913,0.0,0.0,0.0,0.4091909825801849,0.0,0.13130784034729,0.0,1.835307478904724,0.0,1.2453689575195312,0.0,1.184428334236145,1.1484322547912598,0.9878736138343812,0.1599497646093368,0.0190161913633346,1.2922241687774658,0.9240885972976683,0.0,0.2333957850933075,1.4927735328674316,0.0,0.0,0.3191288113594055,0.0,0.3263390064239502,0.0,0.6006759405136108,0.0,0.0,0.0,0.2114061117172241,0.0,0.0,0.0206969082355499,0.0041643604636192,0.0,1.2156033515930176,0.0987562239170074,1.3474177122116089,0.3866864740848541,0.0598446577787399,1.808746337890625,0.4610792994499206,2.191092014312744,1.278622031211853,0.0,0.0,0.820046067237854,1.2311235666275024,0.0,0.2652136087417602,0.0,0.1912529468536377,1.4884345531463623,0.0,0.0,0.5232720375061035,0.3768543303012848,0.76817786693573,0.0,0.0,0.4114044904708862
test_C6_00205,test_C6,C6,217,middle,1,middle,0.4873662147864592,0.4804013669490814,0.0303550325334072,0.911087453365326,0.0585574731230735,0.088912546634674,0.3250400348270699,0,0.5954058170318604,0.0,0.0,0.0,0.4263994097709656,0.0,0.0382063575088977,0.0,1.8631086349487305,0.0,1.1801859140396118,0.0,1.194798469543457,1.151904582977295,1.06171452999115,0.1916701644659042,0.0,1.3143885135650637,1.0126744508743286,0.0,0.1349583864212036,1.5365952253341677,0.0,0.0,0.2543106079101562,0.0,0.3007394671440124,0.0,0.5242908596992493,0.0,0.0,0.0,0.1935755014419555,0.0,0.0,0.0,0.0479786023497581,0.0,1.1677933931350708,0.065791018307209,1.3477810621261597,0.4278762340545654,0.0362572446465492,1.8077424764633176,0.4072090983390808,2.2705368995666504,1.2968815565109253,0.0,0.0,0.80809086561203,1.2869006395339966,0.0,0.2263097316026687,0.0,0.1419781446456909,1.4910017251968384,0.0,0.0,0.4099062085151672,0.414066344499588,0.7549936175346375,0.0,0.0,0.4435916244983673
test_C6_00206,test_C6,C6,218,middle,1,middle,0.4913929512656543,0.4947957098484039,0.0328192599117755,0.8866792321205139,0.080501489341259,0.113320767879486,0.3837563009910255,0,0.5748315453529358,0.0,0.0,0.0,0.3908802270889282,0.0,0.1573505699634552,0.0,1.8118791580200195,0.0,1.2642592191696167,0.0,1.1321518421173096,1.1222002506256104,0.9642320871353148,0.1608758717775344,0.047987762838602,1.2619768381118774,0.8837516903877258,0.0,0.2609950006008148,1.4732255935668943,0.0,0.0,0.3574385344982147,0.0,0.343699038028717,0.0,0.6169556975364685,0.0,0.0,0.0,0.2245239913463592,0.0,0.0,0.0422407239675521,0.0024199038743972,0.0,1.2291568517684937,0.1620693951845169,1.349090576171875,0.3663258552551269,0.0689627826213836,1.7777535915374756,0.4888826012611389,2.1775002479553223,1.2430378198623655,0.0,0.0,0.8313575983047485,1.190782904624939,0.0,0.2948305904865265,0.0,0.2095237076282501,1.4832011461257937,0.0,0.0,0.5528057217597961,0.377141535282135,0.7803149819374084,0.0,0.0,0.4116561114788055
test_C6_00207,test_C6,C6,219,middle,1,middle,0.4954196876607095,0.4859336316585541,0.0324873812496662,0.8965538740158081,0.0709587633609771,0.1034461259841919,0.3613326507524517,0,0.577046275138855,0.0,0.0,0.0,0.3771777153015136,0.0,0.1251214146614074,0.0,1.8088746070861816,0.0,1.2298763990402222,0.0,1.1348103284835815,1.1323928833007812,0.9985893964767456,0.1812522113323211,0.0,1.2804621458053589,0.9355682730674744,0.0,0.1869324296712875,1.5096193552017212,0.0,0.0,0.3471073806285858,0.0,0.3338923454284668,0.0,0.5706361532211304,0.0,0.0,0.0,0.1799689829349517,0.0,0.0,0.0,0.0179226100444793,0.0,1.1831941604614258,0.1246969401836395,1.360571265220642,0.3901694118976593,0.0330520421266555,1.7581111192703247,0.4369681477546692,2.210374593734741,1.2826390266418457,0.0,0.0,0.8378692865371704,1.251823663711548,0.0,0.2505677938461303,0.0,0.1523708403110504,1.4620234966278076,0.0,0.0,0.4858007133007049,0.4062898755073547,0.7676441669464111,0.0,0.0,0.4003397226333618
test_C6_00208,test_C6,C6,220,middle,1,middle,0.4994464241399048,0.515974760055542,0.0400256887078285,0.8009700179100037,0.1590042412281036,0.1990299820899963,0.5451910659258289,0,0.5124624967575073,0.0,0.0,0.0,0.3072856068611145,0.0,0.3928371369838714,0.0,1.65026593208313,0.033284168690443,1.4045941829681396,0.0,0.9582039713859558,0.9744552373886108,0.7983621954917908,0.1445634663105011,0.2322990596294403,1.1185929775238037,0.6431336998939514,0.0,0.4990467727184295,1.298306584358215,0.048158936202526,0.0,0.5722078680992126,0.1441310793161392,0.4068001806735992,0.0,0.8185960650444031,0.0,0.0,0.0,0.2785401344299316,0.0226806793361902,0.0,0.1531171053647995,0.0,0.0,1.2713700532913208,0.3792969584465027,1.3794841766357422,0.2542766630649566,0.085495226085186,1.6420435905456543,0.6327921748161316,1.9592887163162231,1.1052030324935913,0.0,0.0,0.8615143895149231,0.982783854007721,0.0,0.4203527271747589,0.0,0.3276204466819763,1.4534355401992798,0.0,0.0,0.7794408202171326,0.2891623973846435,0.7855047583580017,0.0,0.0012579783797264,0.3264614641666412
test_C6_00209,test_C6,C6,221,middle,1,middle,0.5034731606191004,0.5206659436225891,0.0412443429231643,0.7854793667793274,0.1732762902975082,0.2145206332206726,0.5687994713700251,0,0.5024996399879456,0.0,0.0,0.0,0.297414094209671,0.0,0.4170519709587097,0.0,1.6084221601486206,0.024230258539319,1.442357897758484,0.0,0.9454330801963806,0.9724104404449464,0.7761166095733643,0.1407102793455124,0.2393582016229629,1.1056299209594729,0.6098428964614868,0.0,0.5084608793258667,1.27104914188385,0.0683821439743042,0.0,0.6169984936714172,0.1489032208919525,0.4267545044422149,0.0,0.8186755180358887,0.0,0.0,0.0,0.2603147327899933,0.0748439952731132,0.0,0.1659878045320511,0.0,0.0,1.266202688217163,0.3863435089588165,1.3800625801086426,0.2192674875259399,0.0814874023199081,1.5992411375045776,0.6629036068916321,1.91901171207428,1.0812311172485352,0.0,0.0,0.8858768939971924,0.9932029247283936,0.0,0.434016466140747,0.0,0.3181399703025818,1.4118717908859253,0.0,0.0,0.7964612245559692,0.2633189260959625,0.7701074481010437,0.0,0.0149991810321807,0.2914792895317077
test_C6_00210,test_C6,C6,222,middle,1,middle,0.5080172527216286,0.5424875617027283,0.0439823269844055,0.6621538996696472,0.2938637435436249,0.3378461003303528,0.7011155282685257,0,0.4637755751609802,0.0,0.0,0.0,0.2246769815683365,0.0,0.6153103113174438,0.0,1.4795726537704468,0.1136223673820495,1.603102684020996,0.0,0.8228332996368408,0.861453115940094,0.6352382302284241,0.1206491962075233,0.3884343206882477,0.974949300289154,0.4196618199348449,0.0,0.7132152318954468,1.1560693979263306,0.1505719721317291,0.0,0.8022212386131287,0.2833602130413055,0.5023696422576904,0.0,0.9857062697410583,0.0,0.0,0.0,0.2935174405574798,0.1653175354003906,0.0,0.2669354081153869,0.0,0.0,1.340779185295105,0.5547032952308655,1.3955553770065308,0.1348160505294799,0.0859714820981025,1.499165415763855,0.8068052530288696,1.7519309520721436,0.969313144683838,0.0,0.0,0.9288994669914246,0.828206479549408,0.0,0.5431257486343384,0.0,0.4276991486549377,1.369130253791809,0.0,0.0,1.031375288963318,0.1990578770637512,0.784332275390625,0.0641196966171264,0.1940995156764984,0.239658772945404
test_C6_00211,test_C6,C6,223,middle,1,middle,0.5130787005316301,0.5424078106880188,0.0439722016453743,0.6671110391616821,0.2889167666435241,0.3328889608383178,0.6973774484538913,0,0.4676350355148315,0.0,0.0,0.0,0.2257320433855056,0.0,0.6016227602958679,0.0,1.460801601409912,0.0873902216553688,1.6203020811080933,0.0,0.8319791555404663,0.8774042129516602,0.6251389980316162,0.1080935448408126,0.3476981520652771,0.9844174981117249,0.4168142974376678,0.0,0.6761060953140259,1.1673548221588137,0.1697768270969391,0.0,0.8170205950737,0.2562940716743469,0.5119695663452148,0.0,0.9532679319381714,0.0,0.0,0.0,0.2778684794902801,0.1777710765600204,0.0,0.2503127753734588,0.0,0.0,1.3255982398986816,0.5428446531295776,1.3955787420272827,0.1183442324399948,0.0772126764059066,1.4816983938217163,0.801875650882721,1.7566709518432615,0.9661835432052612,0.0,0.0,0.9509467482566832,0.8619933128356934,0.0,0.5413569211959839,0.0,0.3981469273567199,1.3417179584503174,0.0,0.0,1.0324504375457764,0.1924998462200164,0.7880045175552368,0.0705291330814361,0.1773774623870849,0.2253440916538238
test_C6_00212,test_C6,C6,224,middle,1,middle,0.5186575039649646,0.5644207000732422,0.0437954925000667,0.4882469475269317,0.4679575860500335,0.5117530822753906,0.7667850493279597,0,0.4461451470851898,0.0,0.0,0.0,0.1802439391613006,0.0,0.8024227023124695,0.0,1.2846895456314087,0.1903881281614303,1.747619867324829,0.0,0.692091166973114,0.729950487613678,0.4920827746391296,0.0791127979755401,0.5641059875488281,0.8593508005142212,0.2092625200748443,0.1017704680562019,0.8750560283660889,1.013702392578125,0.2273130118846893,0.0,1.011224389076233,0.4101628363132477,0.5700099468231201,0.0,1.149052619934082,0.0,0.0,0.0,0.32876917719841,0.2814079821109772,0.0,0.3892262876033783,0.0,0.0,1.3532512187957764,0.7599137425422668,1.4052718877792358,0.0404193699359893,0.0748943090438842,1.3464065790176392,0.9454996585845948,1.5676430463790894,0.7979117035865784,0.0,0.0,0.9557815790176392,0.6713398694992065,0.0,0.6862989068031311,0.0,0.5394234657287598,1.3051477670669556,0.0,0.0,1.2576605081558228,0.1249903738498687,0.7826062440872192,0.1650401949882507,0.3669299781322479,0.1546933501958847
test_C6_00213,test_C6,C6,225,late,2,late,0.5247536630216317,0.5981863141059875,0.0343388617038726,0.2183608412742614,0.7473003268241882,0.2526996731758117,0.6059568495439948,0,0.3491508662700653,0.0,0.0,0.0,0.0813317149877548,0.0,1.095059156417847,0.0,0.9779109358787536,0.2939532697200775,1.951283812522888,0.0,0.3982096016407013,0.5349130034446716,0.1855516731739044,0.0,0.7694646120071411,0.5952894687652588,0.0,0.3299578130245209,1.2015372514724731,0.8206824660301208,0.4074119329452514,0.0,1.3215184211730957,0.6406596899032593,0.686654806137085,0.0,1.3758175373077393,0.0,0.0,0.0,0.2988986372947693,0.4419532716274261,0.0,0.5452112555503845,0.0,0.0,1.4806580543518066,1.0560708045959473,1.3730592727661133,0.0,0.0757550299167633,1.1204397678375244,1.1792805194854736,1.2363686561584473,0.5452430248260498,0.0,0.0,1.0048044919967651,0.341261625289917,0.0,0.8979188203811646,0.0,0.6857902407646179,1.119016408920288,0.0,0.0,1.5975998640060425,0.0157943330705165,0.7524171471595764,0.3791151344776153,0.6048070788383484,0.0
test_C6_00214,test_C6,C6,226,late,2,late,0.5313671777016317,0.6170638799667358,0.0276136025786399,0.1282574832439422,0.8441289067268372,0.1558710932731628,0.4601801462185437,0,0.3432537317276001,0.0,0.0,0.0,0.0445533543825149,0.0,1.2415653467178345,0.0,0.7934030294418335,0.3762418329715729,2.1010239124298096,0.0,0.2987383306026459,0.4372680783271789,0.0777738615870475,0.0,0.921543538570404,0.4540787935256958,0.0,0.4519911706447601,1.286996841430664,0.7002786993980408,0.4750392436981201,0.0,1.5119898319244385,0.7518905401229858,0.7702862024307251,0.0,1.4981670379638672,0.0,0.0,0.0,0.2966014742851257,0.5426589846611023,0.0,0.6543048024177551,0.0,0.0,1.476887822151184,1.1986889839172363,1.3440220355987549,0.0,0.0450285449624061,0.94770610332489,1.3316001892089844,1.0716663599014282,0.4190161824226379,0.0,0.0,1.066239356994629,0.2493094652891159,0.0,1.0162898302078247,0.0,0.7470737099647522,1.0205764770507812,0.0567421987652778,0.0997945964336395,1.7952216863632202,0.0,0.7408896684646606,0.501762330532074,0.7700015306472778,0.0
test_C6_00215,test_C6,C6,227,late,2,late,0.5384980480049646,0.6511935591697693,0.017808673903346,0.0434664562344551,0.9387248754501344,0.0612751245498657,0.2433919980381203,0,0.2615359127521515,0.0,0.0,0.0,0.0,0.0,1.493672251701355,0.0,0.4103034436702728,0.441029816865921,2.295393943786621,0.0,0.0513562187552452,0.276302307844162,0.0,0.0,1.0928175449371338,0.2199388742446899,0.0,0.7325554490089417,1.4921177625656128,0.4692483246326446,0.6189836859703064,0.0,1.8205426931381223,0.977092444896698,0.8905696868896484,0.0,1.716360330581665,0.0,0.0,0.0,0.26935875415802,0.7110003232955933,0.0,0.847381591796875,0.0,0.0,1.5254459381103516,1.479384183883667,1.2914762496948242,0.0,0.0,0.6408133506774902,1.5685847997665403,0.7572506070137024,0.1655778288841247,0.0,0.0,1.1622014045715332,0.0322101339697837,0.0,1.221558928489685,0.0,0.9107093811035156,0.7955006957054138,0.2495175302028656,0.3548581600189209,2.148372173309326,0.0,0.7070896625518799,0.7006545662879944,1.0676827430725098,0.0
test_C6_00216,test_C6,C6,228,late,2,late,0.5461462739316305,0.6577705144882202,0.016438890248537,0.0357509478926658,0.947810173034668,0.052189826965332,0.2161172779003336,0,0.2469028979539871,0.0,0.0,0.0,0.0,0.0,1.5389018058776855,0.0,0.348283588886261,0.4450798332691192,2.337174892425537,0.0,0.0002653636038303,0.242012619972229,0.0,0.0,1.1232223510742188,0.1796338260173797,0.0,0.7847976088523865,1.533397912979126,0.4304824769496918,0.654570996761322,0.0,1.8584215641021729,1.0123186111450195,0.90621817111969,0.0,1.7484784126281738,0.0,0.0,0.0,0.2653505802154541,0.7420873045921326,0.0,0.8893088698387146,0.0,0.0,1.532485008239746,1.5257447957992554,1.2670466899871826,0.0,0.0,0.5909072160720825,1.6219351291656494,0.6945505738258362,0.1272749453783035,0.0,0.0,1.1764886379241943,0.0,0.0,1.248693585395813,0.0,0.9389088153839112,0.7448544502258301,0.2780929803848266,0.4019255042076111,2.208280563354492,0.0,0.6995720267295837,0.721951425075531,1.1290868520736694,0.0
test_C6_00217,test_C6,C6,229,late,2,late,0.5537944998582961,0.6783016324043274,0.013041216880083,0.0205118563026189,0.9664468765258788,0.033553123474121,0.1541057705981684,0,0.1744924485683441,0.0,0.0,0.0,0.0,0.0,1.6768598556518557,0.0,0.138690635561943,0.4315765798091888,2.4103426933288574,0.0,0.0,0.158459335565567,0.0,0.0,1.192211627960205,0.0715638324618339,0.0,0.9649080634117126,1.638564944267273,0.2985409498214721,0.7367045879364014,0.0,1.978442907333374,1.1201975345611572,0.976518988609314,0.0,1.8469781875610352,0.0,0.0,0.0,0.2846795618534088,0.8357863426208496,0.0,1.004098415374756,0.0,0.0,1.5506211519241333,1.655323505401611,1.2244700193405151,0.0,0.0,0.4616935551166534,1.7653836011886597,0.5002691149711609,0.0121938660740852,0.0,0.0,1.2341454029083252,0.0,0.0,1.331492900848389,0.0,1.0296680927276611,0.5930755734443665,0.3953290283679962,0.5830593705177307,2.4128732681274414,0.0,0.7006704807281494,0.8314701318740845,1.3199883699417114,0.0
test_C6_00218,test_C6,C6,230,late,2,late,0.5614427257849618,0.6880930066108704,0.0117637189105153,0.0154925640672445,0.9727436900138856,0.0272563099861145,0.1308088130294989,0,0.1030976772308349,0.0,0.0,0.0,0.0,0.0,1.733565092086792,0.0,0.0184704326093196,0.41501185297966,2.4393246173858643,0.0049882601015269,0.0,0.1160807237029075,0.0,0.0,1.227203607559204,0.0272932201623916,0.0,1.059426188468933,1.675168514251709,0.2139959633350372,0.7682222127914429,0.0,2.02817702293396,1.1716315746307373,1.000638723373413,0.0,1.8861517906188965,0.0,0.0,0.0,0.2865360975265503,0.8848506212234497,0.0,1.060869574546814,0.0,0.0,1.549903392791748,1.70377779006958,1.2117890119552612,0.0,0.0,0.3890025615692138,1.846334457397461,0.3906475901603699,0.0,0.0,0.0,1.2649650573730469,0.0,0.0,1.3650282621383667,0.0,1.0798369646072388,0.5018547773361206,0.4902937114238739,0.6886403560638428,2.5109188556671143,0.0,0.6761530637741089,0.864071249961853,1.4171637296676636,0.0
test_C6_00219,test_C6,C6,231,late,2,late,0.5690909517116278,0.6969251036643982,0.0103941289708018,0.0117269940674304,0.9778788089752196,0.0221211910247802,0.1105724256026786,0,0.0322716124355793,0.0,0.0,0.0302939340472221,0.0,0.0,1.802256941795349,0.0,0.0,0.3781159818172455,2.46189284324646,0.0079892016947269,0.0,0.0724892616271972,0.0,0.0,1.2686691284179688,0.0,0.0,1.1547017097473145,1.7152338027954102,0.136484757065773,0.8132840991020203,0.0,2.0815677642822266,1.2219336032867432,1.036234736442566,0.0,1.928878664970398,0.0,0.0,0.0,0.3002300560474396,0.9391311407089232,0.0,1.1189545392990112,0.0,0.0,1.550938606262207,1.752304196357727,1.198264241218567,0.0,0.0,0.3272786736488342,1.9330472946166992,0.2730966806411743,0.0,0.0,0.0,1.3036954402923584,0.0,0.0,1.397413730621338,0.0,1.1299504041671753,0.4047667682170868,0.5800502300262451,0.8150798082351685,2.620735883712769,0.0,0.6670523285865784,0.9099202156066896,1.5129590034484863,0.0
test_C6_00220,test_C6,C6,232,late,2,late,0.5767391776382933,0.7028141021728516,0.0096976198256015,0.0098349228501319,0.9804674386978148,0.019532561302185,0.0999012125249735,0,0.0,0.0,0.0,0.0916076973080635,0.0,0.0,1.839186429977417,0.0,0.0,0.3474351167678833,2.455075979232788,0.0066009839065372,0.0,0.039902426302433,0.0,0.0,1.303781032562256,0.0,0.0,1.2246180772781372,1.7306360006332395,0.0722024217247963,0.835957944393158,0.0,2.105285167694092,1.252025127410889,1.05878746509552,0.0,1.9499943256378172,0.0,0.0,0.0,0.3157272338867187,0.9777714610099792,0.0,1.1514554023742676,0.0,0.0,1.531202793121338,1.7613911628723145,1.1908694505691528,0.0,0.0,0.2840262651443481,1.9965044260025024,0.1841242164373397,0.0,0.0,0.0,1.327620029449463,0.0,0.0,1.4006541967391968,0.0,1.1671894788742063,0.3288698196411133,0.6587356328964233,0.9097858667373656,2.686959981918335,0.0,0.6361450552940369,0.9247267842292786,1.5858609676361084,0.0
test_C6_00221,test_C6,C6,233,late,2,late,0.5843874036490995,0.7089534401893616,0.0089831436052918,0.0082849832251667,0.9827318787574768,0.0172681212425231,0.0902619401119266,0,0.0,0.0,0.0,0.1533364504575729,0.0,0.0,1.8800917863845823,0.0,0.0,0.3119137287139892,2.444695472717285,0.0,0.0,0.0115871503949165,0.0,0.0,1.3429172039031982,0.0,0.0,1.291882872581482,1.743121862411499,0.0167818032205104,0.8623784780502319,0.0,2.1360597610473637,1.2802566289901731,1.0878007411956787,0.0,1.9811757802963257,0.0,0.0,0.0,0.3342322409152984,1.0178730487823486,0.0,1.1886059045791626,0.0,0.0,1.510076880455017,1.7728732824325562,1.1832586526870728,0.0,0.0,0.2451262325048446,2.060136556625366,0.0995629876852035,0.0,0.0,0.0,1.35772967338562,0.0,0.0,1.4040454626083374,0.0,1.2020981311798096,0.2594689726829529,0.7349474430084229,1.0101293325424194,2.754629611968994,0.0,0.62161785364151,0.9484836459159852,1.653101086616516,0.0
test_C6_00222,test_C6,C6,234,late,2,late,0.5920356296599056,0.7120978832244873,0.0087014380842447,0.0075675141997635,0.9837310314178468,0.0162689685821533,0.0859054269776929,0,0.0,0.0,0.0,0.1963304579257965,0.0,0.0,1.8976343870162964,0.0,0.0,0.289135068655014,2.4235568046569824,0.0,0.0,0.0,0.0,0.0,1.3603575229644775,0.0,0.0,1.3263779878616333,1.746545672416687,0.0,0.8706932067871094,0.0,2.14586877822876,1.306107997894287,1.103613018989563,0.0,1.9955154657363887,0.0,0.0,0.0,0.3403093218803406,1.03682541847229,0.0,1.2056063413619995,0.0,0.0,1.4907119274139404,1.7694607973098757,1.1774760484695437,0.0,0.0,0.2118865549564361,2.09338927268982,0.0417362004518508,0.0,0.0,0.0,1.3755500316619873,0.0,0.0,1.3909887075424194,0.0,1.2242249250411987,0.2132444381713867,0.797122597694397,1.0721782445907593,2.7913312911987305,0.0,0.5911608934402466,0.9501383900642396,1.6959985494613647,0.0
test_C6_00223,test_C6,C6,235,late,2,late,0.5996838556707117,0.7163373231887817,0.0083330925554037,0.0068580047227442,0.98480886220932,0.0151911377906799,0.0811377326594775,0,0.0,0.0,0.0,0.2539771497249603,0.0,0.0,1.9192259311676023,0.0,0.0,0.2587406635284424,2.3971142768859863,0.0,0.0,0.0,0.0,0.0,1.3866186141967771,0.0,0.0,1.3665002584457395,1.7489067316055298,0.0,0.891548216342926,0.0,2.1645023822784424,1.329938888549805,1.124435544013977,0.0,2.019795656204224,0.0,0.0,0.0,0.3462201058864593,1.0595884323120115,0.0,1.2332942485809326,0.0,0.0,1.4668452739715576,1.768810749053955,1.1672115325927734,0.0,0.0,0.1709815114736557,2.130206346511841,0.0,0.0,0.0,0.0,1.4007980823516846,0.0,0.0,1.380738377571106,0.0,1.2561157941818235,0.1680976599454879,0.8697044849395752,1.143796682357788,2.829159736633301,0.0,0.5615695714950562,0.9554347395896912,1.7457423210144043,0.0
test_C6_00224,test_C6,C6,236,late,2,late,0.6073320816815179,0.7145554423332214,0.0086626326665282,0.0069603747688233,0.9843769073486328,0.0156230926513671,0.0830254564553296,0,0.0,0.0,0.0,0.2751715183258056,0.0,0.0,1.9003350734710691,0.0,0.0,0.2445528656244278,2.352621793746948,0.0,0.0,0.0,0.0,0.0,1.3724007606506348,0.0,0.0,1.3810453414916992,1.7219260931015017,0.0,0.8662978410720825,0.0,2.158759832382202,1.3476192951202393,1.1098538637161257,0.0,2.0124807357788086,0.0,0.0,0.0,0.3463901579380035,1.0656696557998655,0.0,1.2194974422454834,0.0,0.0,1.4299217462539673,1.74277663230896,1.1622174978256226,0.0,0.0,0.1395980566740036,2.129047155380249,0.0,0.0,0.0,0.0,1.399184226989746,0.0,0.0,1.3513331413269043,0.0,1.2643499374389648,0.157987892627716,0.9258064031600952,1.1668363809585571,2.805220603942871,0.0,0.5238579511642456,0.931682586669922,1.769792556762695,0.0
test_C6_00225,test_C6,C6,237,late,2,late,0.6149803076923238,0.7189689874649048,0.0081779425963759,0.006486034952104,0.985335886478424,0.0146641135215759,0.0787713283175428,0,0.0,0.0,0.0,0.3024864792823791,0.0,0.0,1.9316893815994265,0.0,0.0,0.2363908290863037,2.3562445640563965,0.0,0.0,0.0,0.0,0.0,1.418921709060669,0.0,0.0,1.3943090438842771,1.7371320724487305,0.0,0.909019649028778,0.0,2.165631055831909,1.3398194313049316,1.1418609619140625,0.0,2.041055917739868,0.0,0.0,0.0,0.3570083677768707,1.0701026916503906,0.0,1.247188925743103,0.0,0.0,1.43031907081604,1.7553000450134275,1.1442222595214844,0.0,0.0,0.1422977447509765,2.161177158355713,0.0,0.0,0.0,0.0,1.417637586593628,0.0,0.0,1.357272982597351,0.0,1.2759156227111816,0.1446195840835571,0.9252333641052246,1.1984798908233645,2.8568968772888184,0.0,0.5404407978057861,0.9595611691474916,1.780264139175415,0.0
test_C6_00226,test_C6,C6,238,late,2,late,0.6226285336189898,0.7184935808181763,0.00831906683743,0.0064567602239549,0.9852241277694702,0.0147758722305297,0.0792517314435483,0,0.0,0.0,0.0,0.3021281361579895,0.0,0.0,1.920719861984253,0.0,0.0,0.2244595140218734,2.340322256088257,0.0,0.0,0.0,0.0,0.0,1.4083471298217771,0.0,0.0,1.3989373445510864,1.7302570343017578,0.0,0.8877452611923218,0.0,2.1695921421051025,1.3670365810394287,1.1367703676223757,0.0,2.0395236015319824,0.0,0.0,0.0,0.3581178784370422,1.0801808834075928,0.0,1.2497788667678833,0.0,0.0,1.4130678176879885,1.7403985261917114,1.143614411354065,0.0,0.0,0.1240551099181175,2.1493358612060547,0.0,0.0,0.0,0.0,1.4230093955993652,0.0,0.0,1.3414520025253296,0.0,1.2824788093566897,0.1209320053458213,0.9582204818725586,1.2148985862731934,2.851083993911743,0.0,0.4984346926212311,0.9453628063201904,1.8010002374649048,0.0
test_C6_00227,test_C6,C6,239,late,2,late,0.6302767595456554,0.720963716506958,0.0080800978466868,0.0061744875274598,0.9857454299926758,0.0142545700073242,0.0769123865263883,0,0.0,0.0,0.0,0.3313402831554413,0.0,0.0,1.93751072883606,0.0,0.0,0.211555540561676,2.333329677581787,0.0,0.0,0.0,0.0,0.0,1.4242796897888184,0.0,0.0,1.412407159805298,1.738077163696289,0.0,0.9105210900306702,0.0,2.176132917404175,1.3677157163619995,1.1528037786483765,0.0,2.0580496788024902,0.0,0.0,0.0,0.3584031760692596,1.0885905027389526,0.0,1.2668629884719849,0.0,0.0,1.4071036577224731,1.748757243156433,1.138643503189087,0.0,0.0,0.1079984754323959,2.165205955505371,0.0,0.0,0.0,0.0,1.4347264766693115,0.0,0.0,1.3438862562179563,0.0,1.2937179803848269,0.1070129871368408,0.9783082008361816,1.2407145500183103,2.8713245391845703,0.0,0.5034699440002441,0.9538447260856628,1.818912148475647,0.0
test_C6_00228,test_C6,C6,240,late,2,late,0.6379249854723213,0.7174453139305115,0.0084598632529377,0.006615319289267,0.9849247336387634,0.0150752663612365,0.0805863917933358,0,0.0,0.0,0.0,0.2939852178096771,0.0,0.0,1.9202746152877808,0.0,0.0,0.2297848314046859,2.3413376808166504,0.0,0.0,0.0,0.0,0.0,1.393944501876831,0.0,0.0,1.3743324279785156,1.7335538864135742,0.0,0.8806582689285278,0.0,2.165127277374268,1.3763842582702637,1.1284701824188232,0.0,2.0309536457061768,0.0,0.0,0.0,0.3311342597007751,1.0772851705551147,0.0,1.2394556999206543,0.0,0.0,1.4294265508651731,1.7482597827911377,1.15699303150177,0.0,0.0,0.117490530014038,2.125736951828003,0.0,0.0,0.0,0.0,1.412449836730957,0.0,0.0,1.3388046026229858,0.0,1.2775975465774536,0.1291006207466125,0.9582186937332152,1.2079203128814695,2.8314363956451416,0.0,0.4934229552745819,0.9367807507514954,1.7790099382400513,0.0
test_C6_00229,test_C6,C6,241,late,2,late,0.645573211398987,0.7211993932723999,0.0080969613045454,0.0061170323751866,0.9857860207557678,0.0142139792442321,0.07672056301016,0,0.0,0.0,0.0,0.3327353298664093,0.0,0.0,1.938333868980408,0.0,0.0,0.2110844552516937,2.3291919231414795,0.0,0.0,0.0,0.0,0.0,1.4296252727508545,0.0,0.0,1.419484257698059,1.7398041486740112,0.0,0.9077954888343812,0.0,2.1758925914764404,1.3773326873779297,1.1539006233215332,0.0,2.059495210647583,0.0,0.0,0.0,0.3572698533535003,1.0997436046600342,0.0,1.2648303508758545,0.0,0.0,1.4031976461410522,1.7418183088302612,1.1482561826705933,0.0,0.0,0.1052359789609909,2.161050081253052,0.0,0.0,0.0,0.0,1.432328224182129,0.0,0.0,1.3387155532836914,0.0,1.298468828201294,0.094765193760395,0.9893667697906494,1.2524104118347168,2.869354486465454,0.0,0.4892836511135101,0.9553980827331544,1.8226503133773804,0.0
test_C6_00230,test_C6,C6,242,late,2,late,0.6532214373256527,0.7200806736946106,0.0082062166184186,0.0062110261060297,0.985582709312439,0.014417290687561,0.0776316450259686,0,0.0,0.0,0.0,0.331171840429306,0.0,0.0,1.930719017982483,0.0,0.0,0.2170771360397339,2.321805000305176,0.0,0.0,0.0,0.0,0.0,1.4209835529327393,0.0,0.0,1.4130253791809082,1.729262351989746,0.0,0.8980443477630615,0.0,2.175473213195801,1.374026894569397,1.1537045240402222,0.0,2.0448875427246094,0.0,0.0,0.0,0.3554032146930694,1.0919785499572754,0.0,1.2596964836120603,0.0,0.0,1.399216890335083,1.7409931421279907,1.1355135440826416,0.0,0.0,0.1017462387681007,2.1604013442993164,0.0,0.0,0.0,0.0,1.4292395114898682,0.0,0.0,1.3326642513275146,0.0,1.28953218460083,0.0968145430088043,0.9872500896453856,1.2434688806533811,2.8681752681732178,0.0,0.4819160401821136,0.9526056051254272,1.818204641342163,0.0
test_C6_00231,test_C6,C6,243,late,2,late,0.6608696632523182,0.7213953733444214,0.0080842329189181,0.0060353651642799,0.985880434513092,0.0141195654869079,0.0762865881603467,0,0.0,0.0,0.0,0.3433415591716766,0.0,0.0,1.94044029712677,0.0,0.0,0.2088732123374939,2.3215928077697754,0.0,0.0,0.0,0.0,0.0,1.430426836013794,0.0,0.0,1.4248018264770508,1.7371963262557983,0.0,0.9070333242416382,0.0,2.1805529594421387,1.380038857460022,1.1596195697784424,0.0,2.0570640563964844,0.0,0.0,0.0,0.360217273235321,1.104240655899048,0.0,1.2699142694473269,0.0,0.0,1.3911646604537964,1.7399171590805054,1.1411064863204956,0.0,0.0,0.0924232453107833,2.162403106689453,0.0,0.0,0.0,0.0,1.4359924793243408,0.0,0.0,1.3369791507720947,0.0,1.298919677734375,0.0828143507242202,0.9974579811096193,1.2605440616607666,2.876403570175171,0.0,0.4781699478626251,0.9544637203216552,1.8379889726638796,0.0
test_C6_00232,test_C6,C6,244,late,2,late,0.6685178891789844,0.7189964056015015,0.0082351826131343,0.0063125020824372,0.9854522347450256,0.0145477652549743,0.0782251416275487,0,0.0,0.0,0.0,0.3155143558979034,0.0,0.0,1.930918574333191,0.0,0.0,0.2279681414365768,2.338000774383545,0.0,0.0,0.0,0.0,0.0,1.4172594547271729,0.0,0.0,1.3960962295532229,1.7448914051055908,0.0,0.8962510824203491,0.0,2.1683645248413086,1.3725244998931885,1.1486268043518066,0.0,2.030122756958008,0.0,0.0,0.0,0.3563399910926819,1.0839251279830933,0.0,1.2486519813537598,0.0,0.0,1.4112778902053833,1.7497719526290894,1.146981716156006,0.0,0.0,0.1073722392320633,2.15261459350586,0.0,0.0,0.0,0.0,1.420435905456543,0.0,0.0,1.3436452150344849,0.0,1.2771990299224854,0.1034511625766754,0.9584293365478516,1.2204668521881104,2.866297483444214,0.0,0.4888645112514496,0.9540340900421144,1.809205651283264,0.0
test_C6_00233,test_C6,C6,245,late,2,late,0.6761661151897903,0.7219682335853577,0.008036664687097,0.0059640943072736,0.9859991669654846,0.0140008330345153,0.0757475834079056,0,0.0,0.0,0.0,0.3472098708152771,0.0,0.0,1.944036602973938,0.0,0.0,0.2034491598606109,2.322173595428467,0.0,0.0,0.0,0.0,0.0,1.4376230239868164,0.0,0.0,1.4276520013809204,1.7377161979675293,0.0,0.910075843334198,0.0,2.1833574771881104,1.381522297859192,1.16114604473114,0.0,2.0592658519744877,0.0,0.0,0.0,0.3637455105781555,1.109097242355347,0.0,1.2757747173309326,0.0,0.0,1.387749433517456,1.7413264513015747,1.1376789808273315,0.0,0.0,0.0905466526746749,2.1661248207092285,0.0,0.0,0.0,0.0,1.4382421970367432,0.0,0.0,1.3381404876708984,0.0,1.3009324073791504,0.0760861858725547,1.000815749168396,1.26873517036438,2.881699800491333,0.0,0.4755571782588959,0.955711841583252,1.841330885887146,0.0
test_C6_00234,test_C6,C6,246,late,2,late,0.6838143412005964,0.7164318561553955,0.0086685065180063,0.0064223920926451,0.9849091172218324,0.0150908827781677,0.0806062624987468,0,0.0,0.0,0.0,0.3203141391277313,0.0,0.0,1.9055970907211304,0.0,0.0,0.2017942517995834,2.2966055870056152,0.0,0.0,0.0,0.0,0.0,1.3873538970947266,0.0,0.0,1.4248850345611572,1.7156109809875488,0.0,0.8527308702468872,0.0,2.169529676437378,1.3993343114852903,1.1253654956817627,0.0,2.0235400199890137,0.0100986510515213,0.0,0.0,0.3593954741954803,1.1080118417739868,0.0,1.236508846282959,0.0,0.0,1.3668537139892578,1.7204431295394895,1.1487257480621338,0.0,0.0,0.0776786133646965,2.1401114463806152,0.0,0.0,0.0,0.0,1.4190242290496826,0.0,0.0,1.317149639129639,0.0,1.282370924949646,0.0818020030856132,1.0193214416503906,1.2548924684524536,2.8269660472869877,0.0,0.4516606032848358,0.9284413456916808,1.8419588804244995,0.0
test_C6_00235,test_C6,C6,247,late,2,late,0.6914625672114025,0.7224716544151306,0.0080281980335712,0.0059188767336308,0.9860529899597168,0.0139470100402832,0.0754999998439336,0,0.0,0.0,0.0,0.3621082901954651,0.0,0.0,1.9466197490692136,0.0,0.0,0.1921716630458831,2.298624992370605,0.0,0.0,0.0,0.0,0.0,1.447474479675293,0.0,0.0,1.4348516464233398,1.7271335124969482,0.0,0.9168649315834044,0.0,2.177252531051636,1.3792327642440796,1.1668492555618286,0.0,2.0691282749176025,0.0011043697595596,0.0,0.0,0.3631176948547363,1.103822946548462,0.0,1.2756619453430176,0.0,0.0,1.375541090965271,1.739098310470581,1.121469497680664,0.0,0.0,0.0857099518179893,2.1814115047454834,0.0,0.0,0.0,0.0,1.4455461502075195,0.0,0.0,1.323070049285889,0.0,1.3010920286178589,0.0807221457362175,1.0222660303115845,1.2896182537078855,2.89014220237732,0.0004097819328308,0.482662171125412,0.9617128372192384,1.8401210308074951,0.0
test_C6_00236,test_C6,C6,248,late,2,late,0.6991107932222087,0.722013533115387,0.0081529198214411,0.0058999857865273,0.9859471321105956,0.0140528678894042,0.0759573041226252,0,0.0,0.0,0.0,0.3671879172325134,0.0,0.0,1.9328571557998655,0.0,0.0,0.1864620745182037,2.284308433532715,0.0,0.0,0.0,0.0,0.0,1.4351043701171875,0.0,0.0,1.4382857084274292,1.718343734741211,0.0,0.8965301513671875,0.0,2.184699058532715,1.40839421749115,1.1589380502700806,0.0,2.061344623565674,0.0288066789507865,0.0,0.0,0.3568580150604248,1.115078330039978,0.0,1.276767015457153,0.0,0.0,1.3665846586227417,1.7271721363067627,1.1198599338531494,0.0,0.0,0.0574655793607234,2.1719603538513184,0.0,0.0,0.0,0.0,1.450688362121582,0.0,0.0,1.309980869293213,0.0,1.3108391761779783,0.0610158406198024,1.064913034439087,1.3009088039398191,2.8808934688568115,0.0,0.4365883469581604,0.9465881586074828,1.8597913980484009,0.0
test_C6_00237,test_C6,C6,249,late,2,late,0.7067590192330147,0.7234129905700684,0.0079814586788415,0.0057848989963531,0.9862335920333862,0.0137664079666137,0.0746700486297738,0,0.0,0.0,0.0,0.3755626678466797,0.0,0.0,1.947586178779602,0.0,0.0,0.1833718717098236,2.2900145053863525,0.0,0.0,0.0,0.0,0.0,1.4492499828338623,0.0,0.0,1.4413789510726929,1.729572057723999,0.0,0.9166039228439332,0.0,2.180955648422241,1.398354411125183,1.1709661483764648,0.0,2.0782246589660645,0.0123131871223449,0.0,0.0,0.3624093532562256,1.1130754947662354,0.0,1.285123586654663,0.0,0.0,1.3664398193359375,1.733348369598389,1.1236153841018677,0.0,0.0,0.0656474828720092,2.180097818374634,0.0,0.0,0.0,0.0,1.453383207321167,0.0,0.0,1.3162882328033447,0.0,1.3121511936187744,0.0593336820602417,1.0507572889328003,1.3042683601379397,2.8955206871032715,0.0,0.4575742781162262,0.95588880777359,1.862739324569702,0.0
test_C6_00238,test_C6,C6,250,late,2,late,0.7144072451596807,0.7190530896186829,0.0083657205104827,0.0062545132823288,0.9853797554969788,0.0146202445030212,0.0785258267694619,0,0.0,0.0,0.0,0.3299877047538757,0.0,0.0,1.929973840713501,0.0,0.0,0.2126256972551345,2.303951978683472,0.0,0.0,0.0,0.0,0.0,1.415868043899536,0.0,0.0,1.3951666355133057,1.7305399179458618,0.0,0.8845763206481934,0.0,2.1689159870147705,1.4012707471847534,1.1503897905349731,0.0,2.043241262435913,0.0180215537548065,0.0,0.0,0.3418917059898376,1.0951144695281982,0.0,1.2530779838562012,0.0,0.0,1.388157844543457,1.7343955039978027,1.141221046447754,0.0,0.0,0.0806034952402114,2.1372628211975098,0.0,0.0,0.0,0.0,1.4288723468780518,0.0,0.0,1.3153499364852903,0.0,1.285796880722046,0.0878934189677238,1.005993366241455,1.2563492059707642,2.862342596054077,0.0,0.4532991349697113,0.9411810636520386,1.8223814964294436,0.0
test_C6_00239,test_C6,C6,251,late,2,late,0.7220554710863463,0.7232587933540344,0.0079961009323596,0.0057549779303371,0.9862490296363832,0.0137509703636169,0.0745940720042724,0,0.0,0.0,0.0,0.3703756928443908,0.0,0.0,1.947986721992493,0.0,0.0,0.1846809089183807,2.2911009788513184,0.0,0.0,0.0,0.0,0.0,1.4509050846099854,0.0,0.0,1.4427410364151,1.7330756187438965,0.0,0.913394331932068,0.0,2.18399429321289,1.4037516117095947,1.1752290725708008,0.0,2.0784900188446045,0.0121628418564796,0.0,0.0,0.3669649958610534,1.1209396123886108,0.0,1.2847555875778198,0.0,0.0,1.360414743423462,1.7265691757202148,1.13403058052063,0.0,0.0,0.0677517354488372,2.1685142517089844,0.0,0.0,0.0,0.0,1.4521877765655518,0.0,0.0,1.3161712884902954,0.0,1.3136398792266846,0.0478206723928451,1.046269416809082,1.3076037168502808,2.89709734916687,0.0,0.4448533952236175,0.9561949372291564,1.8679436445236208,0.0
test_C6_00240,test_C6,C6,252,late,2,late,0.729703697013012,0.7222763299942017,0.0081147477030754,0.0058464887551963,0.9860388040542604,0.0139611959457397,0.0755411179623317,0,0.0,0.0,0.0,0.3677789270877838,0.0,0.0,1.9392579793930051,0.0,0.0,0.1905143857002258,2.284132480621338,0.0,0.0,0.0,0.0,0.0,1.439610719680786,0.0,0.0,1.4372252225875854,1.7215522527694702,0.0,0.9024483561515808,0.0,2.1842215061187744,1.4031471014022827,1.1716581583023071,0.0,2.0640571117401123,0.0199392288923263,0.0,0.0,0.3603048026561737,1.1155024766921997,0.0,1.280548095703125,0.0,0.0,1.3611384630203247,1.7256475687026978,1.1210111379623413,0.0,0.0,0.0619373768568038,2.16725492477417,0.0,0.0,0.0,0.0,1.4481360912322998,0.0,0.0,1.3080230951309204,0.0,1.3056198358535769,0.049532227218151,1.0513931512832642,1.30111563205719,2.8939096927642822,0.0,0.4369836747646332,0.9523087739944458,1.862132549285889,0.0
test_C6_00241,test_C6,C6,253,late,2,late,0.7373519229396778,0.7235472798347473,0.0079750288277864,0.0057031032629311,0.9863218069076538,0.0136781930923461,0.0742587453731991,0,0.0,0.0,0.0,0.3794606029987335,0.0,0.0,1.9510616064071653,0.0,0.0,0.1855298280715942,2.2881975173950195,0.0,0.0,0.0,0.0,0.0,1.451066493988037,0.0,0.0,1.445570707321167,1.7324315309524536,0.0,0.9154426455497742,0.0,2.1866002082824707,1.404214859008789,1.1779847145080566,0.0,2.075072288513184,0.0189573019742965,0.0,0.0,0.3625034391880035,1.1235849857330322,0.0,1.287843108177185,0.0,0.0,1.3576887845993042,1.7292358875274658,1.1300970315933228,0.0,0.0,0.055337943136692,2.169593572616577,0.0,0.0,0.0,0.0,1.4531183242797852,0.0,0.0,1.316896915435791,0.0,1.3137434720993042,0.0418309420347213,1.0528355836868286,1.3124420642852783,2.9002997875213623,0.0,0.4407124817371368,0.9564660787582396,1.8761452436447144,0.0
test_C6_00242,test_C6,C6,254,late,2,late,0.7448714868279991,0.7208490967750549,0.0081452131271362,0.0059909308329224,0.9858638644218444,0.0141361355781555,0.0763467767304908,0,0.0,0.0,0.0,0.3497113883495331,0.0,0.0,1.9392656087875368,0.0,0.0,0.2092003375291824,2.308591365814209,0.0,0.0,0.0,0.0,0.0,1.4345004558563232,0.0,0.0,1.4170448780059814,1.7408943176269531,0.0,0.9028484225273132,0.0,2.1747138500213623,1.3935785293579102,1.1620291471481323,0.0,2.0406289100646973,0.0127216428518295,0.0,0.0,0.3581137061119079,1.104372501373291,0.0,1.2639158964157104,0.0,0.0,1.3824377059936523,1.7405396699905396,1.1341161727905271,0.0,0.0,0.0680995732545852,2.16141676902771,0.0,0.0,0.0,0.0,1.434159278869629,0.0,0.0,1.3270705938339231,0.0,1.287829875946045,0.0658070668578147,1.0116173028945925,1.2654690742492676,2.8884992599487305,0.0,0.455339103937149,0.9560832381248474,1.8478236198425293,0.0
test_C6_00243,test_C6,C6,255,late,2,late,0.752262388677976,0.7240395545959473,0.0079590072855353,0.005663706921041,0.9863772392272948,0.013622760772705,0.074003545835788,0,0.0,0.0,0.0,0.3826268315315246,0.0,0.0,1.950661540031433,0.0,0.0,0.178205206990242,2.2898073196411133,0.0,0.0,0.0,0.0,0.0,1.4531288146972656,0.0,0.0,1.4535276889801023,1.7271316051483154,0.0,0.9157350659370422,0.0,2.191224813461304,1.4025706052780151,1.1727032661437988,0.0,2.0765621662139893,0.0195248872041702,0.0,0.0,0.3638495802879333,1.1327643394470217,0.0,1.2944281101226809,0.0,0.0,1.3576948642730713,1.7296384572982788,1.123064637184143,0.0,0.0,0.053264457732439,2.1741838455200195,0.0,0.0,0.0,0.0,1.4551670551300049,0.0,0.0,1.320298671722412,0.0,1.3170005083084106,0.0390473455190658,1.0632929801940918,1.3197526931762695,2.8980042934417725,0.0,0.4421815276145935,0.9554657936096193,1.878553032875061,0.0
test_C6_00244,test_C6,C6,256,late,2,late,0.7595246284896082,0.723435640335083,0.0079812817275524,0.0057322699576616,0.986286461353302,0.0137135386466979,0.0744228312835807,0,0.0,0.0,0.0,0.37531778216362,0.0,0.0,1.9510403871536253,0.0,0.0,0.1792273074388504,2.293912410736084,0.0,0.0,0.0,0.0,0.0,1.4522473812103271,0.0,0.0,1.4393672943115234,1.73120379447937,0.0,0.9150340557098388,0.0,2.186574697494507,1.4012213945388794,1.169817328453064,0.0,2.0683555603027344,0.0187104865908622,0.0,0.0,0.3631937503814697,1.121402382850647,0.0,1.2892266511917114,0.0,0.0,1.361965894699097,1.737274408340454,1.1202716827392578,0.0,0.0,0.0576846785843372,2.175248146057129,0.0,0.0,0.0,0.0,1.4524335861206057,0.0,0.0,1.3214844465255735,0.0,1.3087559938430786,0.0480704754590988,1.048328876495361,1.3110817670822144,2.899934768676758,0.0,0.4481053650379181,0.9549910426139832,1.8676496744155884,0.0
test_C6_00245,test_C6,C6,257,late,2,late,0.7666582063470367,0.7244014143943787,0.0078777037560939,0.0056148953735828,0.9865074157714844,0.0134925842285156,0.0734169666811428,0,0.0,0.0,0.0,0.3814446330070495,0.0,0.0,1.9549553394317627,0.0,0.0,0.1658148616552353,2.291321277618408,0.0,0.0,0.0,0.0,0.0,1.4527289867401123,0.0,0.0,1.445440411567688,1.741713047027588,0.0,0.9155879616737366,0.0,2.1925716400146484,1.4161638021469116,1.1769533157348633,0.0,2.081188201904297,0.0199392288923263,0.0,0.0,0.3649043440818786,1.1245633363723757,0.0,1.2976374626159668,0.0,0.0,1.3567993640899658,1.739207744598389,1.1275391578674316,0.0,0.0,0.0562582537531852,2.1816563606262207,0.0,0.0,0.0,0.0,1.4640142917633057,0.0,0.0,1.316756010055542,0.0,1.3132636547088623,0.0388987250626087,1.0591840744018557,1.3300811052322388,2.909918069839477,0.0009347833693027,0.4431258141994476,0.9560776352882384,1.8775315284729004,0.0
test_C6_00246,test_C6,C6,258,late,2,late,0.7736631222502615,0.7258619666099548,0.0078248959034681,0.0054345438256859,0.9867405295372008,0.013259470462799,0.0723334706913877,0,0.0,0.0,0.0,0.4128840863704681,0.0,0.0,1.959797739982605,0.0,0.0,0.1519832760095596,2.2651915550231934,0.0,0.0,0.0,0.0,0.0,1.4590437412261963,0.0,0.0,1.462587833404541,1.7386566400527954,0.0,0.9214946031570436,0.0,2.195988893508911,1.4327185153961182,1.187355399131775,0.0,2.096418619155884,0.0374865755438804,0.0,0.0,0.3594799637794494,1.1403021812438965,0.0,1.3086209297180176,0.0,0.0,1.3386893272399902,1.7304658889770508,1.1212096214294434,0.0,0.0,0.026765514165163,2.187072515487671,0.0,0.0,0.0,0.0,1.4750850200653076,0.0,0.0,1.3034780025482178,0.0,1.328563570976257,0.0185480415821075,1.1035362482070925,1.3606404066085815,2.915836811065674,0.0063332244753837,0.4186339080333709,0.95412677526474,1.9074828624725344,0.0
test_C6_00247,test_C6,C6,259,late,2,late,0.7805393761151413,0.725984513759613,0.0077942558564245,0.005431352648884,0.986774444580078,0.0132255554199218,0.0721833146202259,0,0.0,0.0,0.0,0.4115939140319824,0.0,0.0,1.9630109071731567,0.0,0.0,0.1510637700557708,2.2698967456817627,0.0,0.0,0.0,0.0,0.0,1.459566354751587,0.0,0.0,1.461464762687683,1.7433738708496094,0.0,0.9256371259689332,0.0,2.195821762084961,1.4281984567642212,1.189364671707153,0.0,2.099964141845703,0.0317143723368644,0.0,0.0,0.3621380031108856,1.1381783485412598,0.0,1.309998631477356,0.0,0.0,1.3398241996765137,1.7334544658660889,1.1253913640975952,0.0,0.0,0.033041313290596,2.1856961250305176,0.0,0.0,0.0,0.0,1.4744470119476318,0.0,0.0,1.307848334312439,0.0,1.3281441926956177,0.019747469574213,1.093376636505127,1.3586082458496094,2.9169914722442627,0.0084141083061695,0.4254599809646606,0.9557326436042786,1.90674090385437,0.0
test_C6_00248,test_C6,C6,260,late,2,late,0.7872869679416767,0.7265386581420898,0.0077894032001495,0.0053895809687674,0.9868209958076476,0.0131790041923522,0.0719640451160118,0,0.0,0.0,0.0,0.4169401228427887,0.0,0.0,1.96326756477356,0.0,0.0,0.1441036164760589,2.2642035484313965,0.0,0.0,0.0,0.0,0.0,1.4580259323120115,0.0,0.0,1.4686009883880615,1.7411859035491943,0.0,0.9256505966186525,0.0,2.1964223384857178,1.4334489107131958,1.1891835927963257,0.0,2.107449769973755,0.0335778519511222,0.0,0.0,0.3591809570789337,1.1441832780838013,0.0,1.3147999048233032,0.0,0.0,1.337121605873108,1.7301523685455322,1.1246123313903809,0.0,0.0,0.0278805121779441,2.185518503189087,0.0,0.0,0.0,0.0,1.4769117832183838,0.0,0.0,1.303695559501648,0.0,1.3346216678619385,0.0129935666918754,1.1079038381576538,1.3689212799072266,2.914043426513672,0.0061261020600795,0.4197725355625152,0.9532382488250732,1.9139138460159304,0.0
test_C6_00249,test_C6,C6,261,late,2,late,0.7940345597682124,0.727178156375885,0.0077338209375739,0.0053408369421958,0.9869253635406494,0.0130746364593505,0.0714875076221169,0,0.0,0.0,0.0,0.4242682754993438,0.0,0.0,1.9671231508255005,0.0,0.0,0.14154714345932,2.263753652572632,0.0,0.0,0.0,0.0,0.0,1.4607040882110596,0.0,0.0,1.4725239276885986,1.7436110973358154,0.0,0.9317864179611206,0.0,2.196657419204712,1.4303745031356812,1.1932700872421265,0.0,2.1130928993225098,0.0320344194769859,0.0,0.0,0.3601009845733642,1.1450703144073486,0.0,1.3194968700408936,0.0,0.0,1.336957335472107,1.731862187385559,1.1223260164260864,0.0,0.0,0.0252040419727563,2.190372943878174,0.0,0.0,0.0,0.0,1.4799516201019287,0.0,0.0,1.305123209953308,0.0,1.336748480796814,0.0113537311553955,1.1108901500701904,1.372650980949402,2.919248580932617,0.0094388611614704,0.4249071478843689,0.9548933506011964,1.9190565347671509,0.0
test_C6_00250,test_C6,C6,262,late,2,late,0.8007821515947479,0.7271155118942261,0.007744173053652,0.0053374515846371,0.9869183897972108,0.0130816102027893,0.0715171102259118,0,0.0,0.0,0.0,0.4249814748764038,0.0,0.0,1.966472148895264,0.0,0.0,0.1403756141662597,2.262092113494873,0.0,0.0,0.0,0.0,0.0,1.4586377143859863,0.0,0.0,1.4738552570343018,1.7424120903015137,0.0,0.930294156074524,0.0,2.197309732437134,1.4314322471618652,1.1928153038024902,0.0,2.112070322036743,0.0331518277525901,0.0,0.0,0.359802633523941,1.1465595960617063,0.0,1.31986665725708,0.0,0.0,1.3356603384017944,1.731397271156311,1.1203032732009888,0.0,0.0,0.0236009340733289,2.1909093856811523,0.0,0.0,0.0,0.0,1.4802143573760986,0.0,0.0,1.3035097122192385,0.0,1.3358078002929688,0.0102612823247909,1.1144781112670898,1.374674916267395,2.91983962059021,0.0093677677214145,0.4235601127147674,0.9546380043029784,1.920560598373413,0.0
test_C6_00251,test_C6,C6,263,late,2,late,0.8075297434212836,0.7276288866996765,0.0077036335133016,0.0053148861043155,0.9869814515113832,0.0130185484886169,0.0712309178135081,0,0.0,0.0,0.0,0.4285442531108856,0.0,0.002755582332611,1.969351053237915,0.0,0.0,0.137545108795166,2.2641794681549072,0.0,0.0,0.0,0.0,0.0,1.4617609977722168,0.0,0.0,1.4764902591705322,1.7419623136520386,0.0,0.936439335346222,0.0,2.19846248626709,1.4256739616394043,1.193974256515503,0.0,2.1157140731811523,0.031755156815052,0.0,0.0,0.3600804805755615,1.146731734275818,0.0,1.32389497756958,0.0,0.0,1.338815212249756,1.734142184257507,1.1160197257995603,0.0,0.0,0.0249759089201688,2.1960761547088623,0.0,0.0,0.0,0.0,1.482480764389038,0.0,0.0,1.3073786497116089,0.0,1.3378630876541138,0.0134018063545227,1.115073323249817,1.3767120838165283,2.9225962162017822,0.0131748095154762,0.4315788447856903,0.9567589163780212,1.9183578491210935,0.0
test_C6_00252,test_C6,C6,264,late,2,late,0.8142773352478189,0.727565348148346,0.0077294562943279,0.0053150202147662,0.9869555830955504,0.0130444169044494,0.0713455032874411,0,0.0,0.0,0.0,0.4297069907188415,0.0,0.0040261968970298,1.967558979988098,0.0,0.0,0.1365559250116348,2.2619943618774414,0.0,0.0,0.0,0.0,0.0,1.4595885276794434,0.0,0.0,1.477581262588501,1.7400566339492798,0.0,0.9343523979187012,0.0,2.19885802268982,1.4284940958023071,1.1905690431594849,0.0,2.113611459732056,0.0346054211258888,0.0,0.0,0.3587968945503235,1.149368166923523,0.0,1.3247175216674805,0.0,0.0,1.3371212482452393,1.7320021390914917,1.1121708154678345,0.0,0.0,0.0193715207278728,2.1961402893066406,0.0,0.0,0.0,0.0,1.481942653656006,0.0,0.0,1.305442452430725,0.0,1.3380662202835083,0.0124570243060588,1.1219874620437622,1.3786767721176147,2.921072244644165,0.0115404836833477,0.427765429019928,0.9538474082946776,1.9226161241531368,0.0
test_C6_00253,test_C6,C6,265,late,2,late,0.8210249269902141,0.7282912135124207,0.0077080759219825,0.0052599767223,0.987031877040863,0.0129681229591369,0.0709892072976201,0,0.0,0.0,0.0,0.4376060664653778,0.0,0.0123119428753852,1.9693511724472048,0.0,0.0,0.1276407688856125,2.256892442703247,0.0,0.0,0.0,0.0,0.0,1.462157964706421,0.0,0.0,1.4860079288482666,1.7367610931396484,0.0,0.937458336353302,0.0,2.201700210571289,1.431410312652588,1.1914008855819702,0.0,2.1231648921966557,0.0379293337464332,0.0,0.0,0.3550397753715515,1.1576533317565918,0.0,1.3303604125976562,0.0,0.0,1.336983323097229,1.7313600778579712,1.1107715368270874,0.0,0.0,0.0149793354794383,2.19838547706604,0.0,0.0,0.0,0.0,1.4864873886108398,0.0,0.0,1.3041188716888428,0.0,1.3462899923324585,0.0078377872705459,1.139067530632019,1.3920254707336426,2.91816782951355,0.01179189234972,0.4265188872814178,0.9541571140289308,1.9250656366348269,0.0
test_C6_00254,test_C6,C6,266,late,2,late,0.8277725187326093,0.7279256582260132,0.0077635860070586,0.0052621406503021,0.9869742393493652,0.0130257606506347,0.0712444814349491,0,0.0,0.0,0.0064940601587295,0.4393555819988251,0.0,0.0119342282414436,1.96709418296814,0.0,0.0,0.1262779980897903,2.250129461288452,0.0,0.0,0.0,0.0,0.0,1.459942102432251,0.0,0.0,1.4871488809585571,1.7329577207565308,0.0,0.9331234097480774,0.0,2.201361894607544,1.4374537467956543,1.1896017789840698,0.0,2.121643543243408,0.0430287346243858,0.0,0.0,0.3524308204650879,1.1615689992904663,0.0,1.328535556793213,0.0,0.0,1.3333274126052856,1.727182388305664,1.1087419986724854,0.0,0.0,0.0085034314543008,2.1961615085601807,0.0,0.0,0.0,0.0,1.4860098361968994,0.0,0.0,1.2990505695343018,0.0,1.3468782901763916,0.003555454313755,1.1500513553619385,1.3965355157852173,2.915071487426758,0.008559476584196,0.4182094931602478,0.9520283937454224,1.9292956590652464,0.0
test_C6_00255,test_C6,C6,267,late,2,late,0.8345201104750046,0.7278257012367249,0.0077825537882745,0.0052435980178415,0.9869738817214966,0.0130261182785034,0.071239679912959,0,0.0,0.0,0.0163617730140686,0.4433856308460235,0.0,0.0113411098718643,1.965140700340271,0.0,0.0,0.1244562044739723,2.245732069015503,0.0,0.0,0.0,0.0,0.0,1.4598371982574463,0.0,0.0,1.4907242059707642,1.7309455871582031,0.0,0.9320851564407348,0.0,2.2034125328063965,1.4415572881698608,1.1897356510162354,0.0,2.1222798824310303,0.0485757365822792,0.0,0.0,0.3498680889606476,1.1656204462051392,0.0,1.328721523284912,0.0,0.0,1.3324121236801147,1.7256978750228882,1.1085941791534424,0.0,0.0,0.0018066857010126,2.196061849594116,0.0,0.0,0.0,0.0,1.488415241241455,0.0,0.0,1.2971251010894775,0.0,1.3500921726226809,0.0006362423300743,1.1614446640014648,1.4008419513702393,2.913269519805908,0.006471324712038,0.4123868942260742,0.951781153678894,1.9328546524047847,0.0
test_C6_00256,test_C6,C6,268,late,2,late,0.8412677022173995,0.7243006229400635,0.008099609054625,0.0053598517552018,0.9865406155586244,0.0134593844413757,0.0731844319551595,0,0.0,0.0,0.0467747747898101,0.4323490560054779,0.0,0.0068273544311523,1.948620080947876,0.0,0.0,0.1241911053657531,2.2267768383026123,0.0,0.0,0.0,0.0,0.0,1.4341890811920166,0.0,0.0,1.4986125230789185,1.7242625951766968,0.0,0.896742045879364,0.0,2.200009346008301,1.4693551063537598,1.177881121635437,0.0,2.109208345413208,0.0561729595065116,0.0,0.0,0.3504213392734527,1.1815619468688965,0.0,1.3136985301971436,0.0,0.0,1.3131479024887085,1.704126477241516,1.1130740642547607,0.0,0.0,0.0,2.1812949180603027,0.0,0.0,0.0,0.0,1.4813463687896729,0.0,0.0,1.2755647897720337,0.0,1.340861201286316,0.0,1.1884242296218872,1.4076122045516968,2.895771026611328,0.0,0.3819664716720581,0.9395375847816468,1.958743929862976,0.0
test_C6_00257,test_C6,C6,269,late,2,late,0.8480152939597948,0.7272902727127075,0.0078180823475122,0.0053147217258811,0.9868671894073486,0.0131328105926513,0.0717349012953888,0,0.0,0.0,0.0123375356197357,0.43753182888031,0.0,0.0080702602863311,1.963075876235962,0.0,0.0,0.1334519982337951,2.244362592697144,0.0,0.0,0.0,0.0,0.0,1.4640648365020752,0.0,0.0,1.4838542938232422,1.7243701219558716,0.0,0.9315686225891112,0.0,2.197840929031372,1.4327569007873535,1.1900124549865725,0.0,2.11684799194336,0.047305978834629,0.0,0.0,0.3493615090847015,1.1561601161956787,0.0,1.3208991289138794,0.0,0.0,1.3348450660705566,1.7260385751724243,1.1042269468307495,0.0,0.0,0.0091727757826447,2.196692705154419,0.0,0.0,0.0,0.0,1.4851608276367188,0.0,0.0,1.293642282485962,0.0,1.3425017595291138,0.0107825510203838,1.1535624265670776,1.3927539587020874,2.9151206016540527,0.0101854093372821,0.4196740388870239,0.9561744928359984,1.9178171157836916,0.0
test_C6_00258,test_C6,C6,270,late,2,late,0.8547628857021901,0.7257544994354248,0.007973775267601,0.0053834482096135,0.986642837524414,0.0133571624755859,0.0727454589108452,0,0.0,0.0,0.0176082178950309,0.4207646250724792,0.0,0.0006225407123565,1.9518976211547847,0.0,0.0,0.1362352818250656,2.24341344833374,0.0,0.0,0.0,0.0,0.0,1.4530518054962158,0.0,0.0,1.4804788827896118,1.7210149765014648,0.0,0.9110639095306396,0.0,2.1997032165527344,1.449682593345642,1.1794419288635254,0.0,2.103480815887451,0.0523058995604515,0.0,0.0,0.3524357378482818,1.162146806716919,0.0,1.3133817911148071,0.0,0.0,1.3273931741714478,1.7142210006713867,1.1116118431091309,0.0,0.0,0.0066853407770395,2.179685115814209,0.0,0.0,0.0,0.0,1.4787473678588867,0.0,0.0,1.2865827083587646,0.0,1.3400883674621582,0.0,1.1561681032180786,1.389373779296875,2.904183149337769,0.0,0.3927591145038605,0.9467051029205322,1.924458146095276,0.0
test_C6_00259,test_C6,C6,271,late,2,late,0.8615104774445851,0.726554274559021,0.0078767770901322,0.0054035242646932,0.9867196679115297,0.0132803320884704,0.0724147846019261,0,0.0,0.0,0.0,0.4232805371284485,0.0,8.903443813323975e-06,1.9600584506988523,0.0,0.0,0.1452149897813797,2.2511911392211914,0.0,0.0,0.0,0.0,0.0,1.459864377975464,0.0,0.0,1.4737582206726074,1.7252857685089111,0.0,0.9266239404678344,0.0,2.1927027702331543,1.4324448108673096,1.1823060512542725,0.0,2.1052849292755127,0.0425171628594398,0.0,0.0,0.348685085773468,1.152006983757019,0.0,1.3120447397232056,0.0,0.0,1.3362555503845217,1.7234408855438232,1.1113803386688232,0.0,0.0,0.011764969676733,2.183088541030884,0.0,0.0,0.0,0.0,1.472980260848999,0.0,0.0,1.296333074569702,0.0,1.3383281230926514,0.0126261301338672,1.1347349882125854,1.3753236532211304,2.904115676879883,0.0,0.4154451787471771,0.9517627954483032,1.9137080907821653,0.0
test_C6_00260,test_C6,C6,272,late,2,late,0.8682580691869803,0.723988950252533,0.0080683063715696,0.0055687450803816,0.986362874507904,0.0136371254920959,0.0740356577095494,0,0.0,0.0,0.0,0.4027336239814758,0.0,0.0,1.9519892930984497,0.0,0.0,0.1604263186454773,2.253645658493042,0.0,0.0,0.0,0.0,0.0,1.446855545043945,0.0,0.0,1.455280900001526,1.7273874282836914,0.0,0.9089685082435608,0.0,2.1906180381774902,1.438090443611145,1.1747419834136963,0.0,2.0798444747924805,0.0449563041329383,0.0,0.0,0.3490920662879944,1.1453315019607544,0.0,1.293915629386902,0.0,0.0,1.3341413736343384,1.7219393253326416,1.1203621625900269,0.0,0.0,0.0155580174177885,2.16426944732666,0.0,0.0,0.0,0.0,1.4597105979919434,0.0,0.0,1.2936404943466189,0.0,1.3231462240219116,0.01545175537467,1.1103557348251345,1.355967402458191,2.894460678100586,0.0,0.403143435716629,0.947830855846405,1.906378030776977,0.0
test_C6_00261,test_C6,C6,273,late,2,late,0.8750056609293755,0.7256709337234497,0.0079223942011594,0.005462632048875,0.986615002155304,0.013384997844696,0.072895058873528,0,0.0,0.0,0.0,0.4155452847480774,0.0,0.0,1.9554414749145508,0.0,0.0,0.1558141857385635,2.256875276565552,0.0,0.0,0.0,0.0,0.0,1.4600112438201904,0.0,0.0,1.469743251800537,1.7227225303649902,0.0,0.925551176071167,0.0,2.1955270767211914,1.4246671199798584,1.1801104545593262,0.0,2.093050003051758,0.0420389100909233,0.0,0.0,0.3552250564098358,1.148239016532898,0.0,1.3061473369598389,0.0,0.0,1.335787296295166,1.7222126722335815,1.1138147115707395,0.0,0.0,0.0159407891333103,2.176323890686035,0.0,0.0,0.0,0.0,1.467191219329834,0.0,0.0,1.302956223487854,0.0,1.336447834968567,0.0161202512681484,1.1198526620864868,1.360869288444519,2.901373147964477,0.0,0.4114392697811126,0.9526225328445436,1.909951448440552,0.0
test_C6_00262,test_C6,C6,274,late,2,late,0.8817532527559108,0.724215030670166,0.0080715604126453,0.0055813021026551,0.9863472580909728,0.0136527419090271,0.0741088741380875,0,0.0,0.0,0.0,0.4082305431365967,0.0,0.0,1.9478906393051147,0.0,0.0,0.1661295294761657,2.252608060836792,0.0,0.0,0.0,0.0,0.0,1.449683666229248,0.0,0.0,1.4634487628936768,1.713046669960022,0.0,0.9160479307174684,0.0,2.192969560623169,1.420428991317749,1.1738815307617188,0.0,2.07692289352417,0.0442356541752815,0.0,0.0,0.3537274599075317,1.1439982652664185,0.0,1.2970218658447266,0.0,0.0,1.333580493927002,1.7167869806289673,1.1055090427398682,0.0,0.0,0.0141333797946572,2.169600486755371,0.0,0.0,0.0,0.0,1.458611011505127,0.0,0.0,1.2982966899871826,0.0,1.327880620956421,0.0203768722712993,1.114108920097351,1.3477180004119873,2.894933223724365,0.0,0.4068642258644104,0.9479434490203856,1.9080384969711304,0.0
test_C6_00263,test_C6,C6,275,late,2,late,0.8885008445824465,0.7245842218399048,0.008012699894607,0.0055953590199351,0.9863919019699096,0.0136080980300903,0.073917538912231,0,0.0,0.0,0.0,0.4064457416534424,0.0,0.0,1.9516960382461548,0.0,0.0,0.1717895418405532,2.263887643814087,0.0,0.0,0.0,0.0,0.0,1.4556784629821775,0.0,0.0,1.4601452350616455,1.7181657552719116,0.0,0.9253406524658204,0.0,2.190046548843384,1.4110615253448486,1.172504186630249,0.0,2.078662395477295,0.0387951955199241,0.0,0.0,0.3511608242988586,1.1384005546569824,0.0,1.2966395616531372,0.0,0.0,1.3425261974334717,1.7232954502105713,1.109914779663086,0.0,0.0,0.019025744870305,2.17077898979187,0.0,0.0,0.0,0.0,1.456611394882202,0.0,0.0,1.3079549074172974,0.0,1.3284180164337158,0.0313243828713893,1.100527286529541,1.339176893234253,2.8940911293029785,0.0,0.4211899042129516,0.9500033855438232,1.900216579437256,0.0
test_C6_00264,test_C6,C6,276,late,2,late,0.895248436408982,0.7225261330604553,0.0081955771893262,0.0057807834818959,0.9860236644744872,0.0139763355255126,0.0755869087483163,0,0.0,0.0,0.0,0.3891007602214813,0.0,0.0,1.943116545677185,0.0,0.0,0.1846732050180435,2.265685558319092,0.0,0.0,0.0,0.0,0.0,1.4426369667053225,0.0,0.0,1.445515751838684,1.7139687538146973,0.0,0.9145357012748718,0.0,2.184274435043335,1.4068100452423096,1.162199854850769,0.0,2.057551860809326,0.0379997864365577,0.0,0.0,0.3483448624610901,1.130507469177246,0.0,1.2812621593475342,0.0,0.0,1.3476154804229736,1.7216482162475586,1.1068695783615112,0.0,0.0,0.022266699001193,2.15945816040039,0.0,0.0,0.0,0.0,1.444016933441162,0.0,0.0,1.3072748184204102,0.0,1.3138275146484375,0.0411540418863296,1.0825114250183103,1.315721869468689,2.883791923522949,0.0,0.4222264587879181,0.9466790556907654,1.8888462781906128,0.0
test_C6_00265,test_C6,C6,277,late,2,late,0.9019960282355176,0.7235239148139954,0.0081632351502776,0.0056959851644933,0.9861407279968262,0.0138592720031738,0.0750486499950545,0,0.0,0.0,0.0,0.3985418081283569,0.0,0.0,1.9434198141098025,0.0,0.0,0.1773722469806671,2.260295867919922,0.0,0.0,0.0,0.0,0.0,1.4505205154418943,0.0,0.0,1.4594905376434326,1.705983281135559,0.0,0.9184303879737854,0.0,2.18982195854187,1.40836501121521,1.1613609790802002,0.0,2.068284034729004,0.0431150868535041,0.0,0.0,0.3485314846038818,1.1410822868347168,0.0,1.291075348854065,0.0,0.0,1.3375718593597412,1.7146990299224854,1.104472517967224,0.0,0.0,0.0143738975748419,2.1597044467926025,0.0,0.0,0.0,0.0,1.4504194259643557,0.0,0.0,1.3056609630584717,0.0,1.327053189277649,0.0368145629763603,1.1029679775238037,1.3330626487731934,2.881666421890259,0.0,0.4134736657142639,0.9429322481155396,1.8992644548416135,0.0
test_C6_00266,test_C6,C6,278,late,2,late,0.9087436200620532,0.7216888070106506,0.0083827227354049,0.0058598183095455,0.9857574701309204,0.0142425298690795,0.076770151610148,0,0.0,0.0,0.0,0.3862497806549072,0.0,0.0,1.9354472160339355,0.0,0.0,0.1831588447093963,2.251833438873291,0.0,0.0,0.0,0.0,0.0,1.4384560585021973,0.0,0.0,1.451055645942688,1.6959151029586792,0.0,0.906766414642334,0.0,2.182974100112915,1.4072920083999634,1.1512678861618042,0.0,2.053839445114136,0.0446592196822166,0.0,0.0,0.344520628452301,1.1376386880874634,0.0,1.2785468101501465,0.0,0.0,1.3316481113433838,1.7082252502441406,1.0998542308807373,0.0,0.0,0.0119037665426731,2.146979331970215,0.0,0.0,0.0,0.0,1.4406933784484863,0.0,0.0,1.297937512397766,0.0,1.3172152042388916,0.0432411730289459,1.098036289215088,1.3236596584320068,2.867816209793091,0.0,0.4092154502868652,0.9359171390533448,1.8927807807922363,0.0
test_C6_00267,test_C6,C6,279,late,2,late,0.9154912118885886,0.7138045430183411,0.0093267364427447,0.0063009532168507,0.98437237739563,0.0156276226043701,0.0828621911440451,0,0.0,0.0,0.0779144316911697,0.3558093011379242,0.0,0.0,1.884255051612854,0.0,0.0,0.1795676946640014,2.220413446426392,0.0,0.0,0.0066189244389534,0.0,0.0,1.3761866092681885,0.0,0.0,1.4754594564437866,1.6735806465148926,0.0,0.8205142021179199,0.0,2.1777381896972656,1.445318341255188,1.1135485172271729,0.0,2.015937805175781,0.0627694055438041,0.0,0.0,0.3511897027492523,1.1553955078125,0.0,1.2423412799835205,0.0,0.0,1.2930374145507812,1.6696680784225464,1.1106668710708618,0.0,0.0,0.0,2.119271755218506,0.0,0.0,0.0,0.0,1.429610013961792,0.0,0.0,1.2637068033218384,0.0,1.301561951637268,0.0329839959740638,1.1358413696289062,1.3295753002166748,2.807575464248657,0.0,0.3673938810825348,0.8988389372825623,1.9226405620574951,0.0
test_C6_00268,test_C6,C6,280,late,2,late,0.9222388037151243,0.7212038040161133,0.0084585947915911,0.0060330587439239,0.985508382320404,0.0144916176795959,0.0779049248707605,0,0.0,0.0,0.0066148489713668,0.3703573346138,0.0,0.0,1.9262254238128664,0.0,0.0,0.1874266266822815,2.255993366241455,0.0,0.0,0.0,0.0,0.0,1.4500913619995115,0.0,0.0,1.4487558603286743,1.6882258653640747,0.0,0.8967423439025879,0.0,2.162004947662353,1.3939313888549805,1.141795039176941,0.0,2.062190055847168,0.027155078947544,0.0,0.0,0.3376058638095855,1.1178114414215088,0.0,1.2685130834579468,0.0,0.0,1.3430277109146118,1.7116315364837646,1.1029235124588013,0.0,0.0,0.040923036634922,2.1578094959259038,0.0,0.0,0.0,0.0,1.4364073276519775,0.0,0.0,1.282378911972046,0.0,1.3067576885223389,0.0702910423278808,1.090567946434021,1.3218872547149658,2.8601858615875244,0.0,0.4387560784816742,0.9380791187286376,1.858647584915161,0.0
test_C6_00269,test_C6,C6,281,late,2,late,0.9289863954575196,0.7178779244422913,0.0089185973629355,0.0062419632449746,0.9848394989967346,0.0151605010032653,0.0808514792107774,0,0.0,0.0,0.0254504010081291,0.3404624760150909,0.0,0.0,1.902928352355957,0.0,0.0,0.1919590681791305,2.2494614124298096,0.0,0.0,0.0,0.0,0.0,1.4198555946350098,0.0,0.0,1.4427754878997805,1.673054814338684,0.0,0.8638774156570435,0.0,2.169562339782715,1.4150670766830444,1.1203007698059082,0.0,2.0345611572265625,0.0460514798760414,0.0,0.0,0.3460002839565277,1.1330548524856567,0.0,1.259009599685669,0.0,0.0,1.332310438156128,1.6786842346191406,1.1014509201049805,0.0,0.0,0.0304575450718402,2.11377215385437,0.0,0.0,0.0,0.0,1.4272081851959229,0.0,0.0,1.2737287282943726,0.0,1.3061217069625854,0.0486414730548858,1.1024529933929443,1.3088853359222412,2.836690902709961,0.0,0.3834721446037292,0.9153031706809998,1.874351143836975,0.0
test_C6_00270,test_C6,C6,282,late,2,late,0.9357339871999144,0.7195775508880615,0.0087119024246931,0.0062352940440177,0.985052764415741,0.014947235584259,0.0799335407843303,0,0.0,0.0,0.0,0.3490290641784668,0.0,0.0,1.9207775592803955,0.0,0.0,0.2002189010381698,2.255211353302002,0.0,0.0,0.0,0.0,0.0,1.4333295822143557,0.0,0.0,1.4322630167007446,1.6840561628341677,0.0,0.8955966830253601,0.0,2.152127265930176,1.3894002437591553,1.1308441162109375,0.0,2.0487334728240967,0.0201731026172637,0.0,0.0,0.3359887599945068,1.1139158010482788,0.0,1.260761857032776,0.0,0.0,1.33879292011261,1.6958383321762085,1.0991612672805786,0.0,0.0,0.0371773317456245,2.125802993774414,0.0,0.0,0.0,0.0,1.420419216156006,0.0,0.0,1.281529188156128,0.0,1.2988314628601074,0.0698220580816268,1.0714057683944702,1.2936800718307495,2.844818353652954,0.0,0.4272793531417846,0.9259681701660156,1.860109806060791,0.0
test_C6_00271,test_C6,C6,283,late,2,late,0.9424815789423098,0.7140624523162842,0.0092918891459703,0.0068566584959626,0.9838514924049376,0.0161485075950622,0.0852476388104828,0,0.0,0.0,0.0,0.3030430674552917,0.0,0.0,1.8955267667770384,0.0,0.0,0.2241490483283996,2.255472421646118,0.0,0.0,0.0,0.0,0.0,1.385465145111084,0.0,0.0,1.379414200782776,1.6728119850158691,0.0,0.862804114818573,0.0,2.151158094406128,1.3847298622131348,1.1071009635925293,0.0,2.006477832794189,0.0294790267944335,0.0,0.0,0.3184965252876282,1.092585563659668,0.0,1.2304295301437378,0.0,0.0,1.3562711477279663,1.6946557760238647,1.1075586080551147,0.0,0.0,0.040976271033287,2.060967206954956,0.0,0.0,0.0,0.0,1.395393133163452,0.0,0.0,1.2767099142074585,0.0,1.2748234272003174,0.0948488935828208,1.0288673639297483,1.2340611219406128,2.7971692085266118,0.0,0.4114713966846466,0.902312994003296,1.8175305128097532,0.0
test_C6_00272,test_C6,C6,284,late,2,late,0.949229170684705,0.7171517014503479,0.0088529027998447,0.0064291418530046,0.9847179055213928,0.0152820944786071,0.0814298320290186,0,0.0,0.0,0.0,0.3327765762805938,0.0,0.0,1.9017661809921265,0.0,0.0,0.2240093946456909,2.2660112380981445,0.0,0.0,0.0,0.0,0.0,1.4237005710601809,0.0,0.0,1.4267184734344482,1.6749985218048096,0.0,0.8863702416419983,0.0,2.162196636199951,1.369265913963318,1.1242330074310305,0.0,2.0274243354797363,0.0232135355472564,0.0,0.0,0.352793276309967,1.1109192371368408,0.0,1.248440504074097,0.0,0.0,1.339951515197754,1.6883515119552612,1.1080540418624878,0.0,0.0,0.0431915372610092,2.10387921333313,0.0,0.0,0.0,0.0,1.4134514331817627,0.0,0.0,1.2982468605041504,0.0,1.293818712234497,0.0823437198996543,1.0485670566558838,1.2537696361541748,2.8338329792022705,0.0,0.4219715893268585,0.9238176345825196,1.8538544178009035,0.0
test_C6_00273,test_C6,C6,285,late,2,late,0.9559767624271,0.7151066660881042,0.0091582303866744,0.0067203897051513,0.9841214418411256,0.0158785581588745,0.0840622528964635,0,0.0,0.0,0.0,0.322428822517395,0.0,0.0,1.892622709274292,0.0,0.0,0.2364795356988906,2.2526333332061768,0.0,0.0,0.0,0.0,0.0,1.4106955528259275,0.0,0.0,1.4059605598449707,1.659386157989502,0.0,0.8803234100341797,0.0,2.1480307579040527,1.3521257638931274,1.1171247959136963,0.0,2.0078041553497314,0.0158703029155731,0.0,0.0,0.3439235389232635,1.097592830657959,0.0,1.2361012697219849,0.0,0.0,1.338324785232544,1.6818926334381104,1.088870644569397,0.0,0.0,0.0445517785847187,2.087654590606689,0.0,0.0,0.0,0.0,1.39575457572937,0.0,0.0,1.2844058275222778,0.0,1.2790534496307373,0.0932350009679794,1.029348850250244,1.2271263599395752,2.8187954425811768,0.0,0.4208074808120727,0.914244532585144,1.8392984867095947,0.0
test_C6_00274,test_C6,C6,286,late,2,late,0.9618936363706976,0.7161245346069336,0.0090395426377654,0.0065798489376902,0.9843806028366088,0.0156193971633911,0.0829170220837201,0,0.0,0.0,0.0,0.3262264132499695,0.0,0.0,1.904776096343994,0.0,0.0,0.2328848838806152,2.2634918689727783,0.0,0.0,0.0,0.0,0.0,1.415517807006836,0.0,0.0,1.417327880859375,1.6681348085403442,0.0,0.8845791220664978,0.0,2.15008282661438,1.3595737218856812,1.1179401874542236,0.0,2.0166518688201904,0.0153076648712158,0.0,0.0,0.3439232409000397,1.1089953184127808,0.0,1.2407289743423462,0.0,0.0,1.3357056379318235,1.6803220510482788,1.095056176185608,0.0,0.0,0.0444810725748539,2.093018054962158,0.0,0.0,0.0,0.0,1.398700475692749,0.0,0.0,1.2902122735977173,0.0,1.2820167541503906,0.087594985961914,1.0290207862854004,1.2437721490859983,2.8268518447875977,0.0,0.428113043308258,0.9138791561126708,1.85442328453064,0.0
test_C6_00275,test_C6,C6,287,late,2,late,0.9669797925154976,0.7125243544578552,0.0094775129109621,0.0070126373320817,0.9835098385810852,0.0164901614189147,0.0867372160625579,0,0.0,0.0,0.0,0.2991198003292084,0.0,0.0,1.888021469116211,0.0,0.0,0.2467922568321228,2.2588860988616943,0.0,0.0,0.0,0.0,0.0,1.3921623229980469,0.0,0.0,1.3847999572753906,1.6647228002548218,0.0,0.8661666512489319,0.0,2.1370716094970703,1.3546568155288696,1.0943214893341064,0.0,1.983533501625061,0.0084829851984977,0.0,0.0,0.3321341574192047,1.1009880304336548,0.0,1.2126370668411257,0.0,0.0,1.345897197723389,1.6804004907608032,1.0937151908874512,0.0,0.0,0.0469206124544143,2.067510843276977,0.0,0.0,0.0,0.0,1.3742454051971436,0.0,0.0,1.283763766288757,0.0,1.2581639289855957,0.1040636226534843,1.0044264793395996,1.2059569358825684,2.7937610149383545,0.0,0.4299786686897278,0.9011977910995485,1.824751853942871,0.0
test_C6_00276,test_C6,C6,288,late,2,late,0.9712352308615,0.7172452807426453,0.009000539779663,0.0064162793569266,0.9845832586288452,0.0154167413711547,0.0820028407804121,0,0.0,0.0,0.0,0.3279070556163788,0.0,0.0,1.906150698661804,0.0,0.0,0.2195536643266677,2.261406898498535,0.0,0.0,0.0,0.0,0.0,1.426915407180786,0.0,0.0,1.423603057861328,1.6765834093093872,0.0,0.8773861527442932,0.0,2.155342102050781,1.383080244064331,1.1125669479370115,0.0,2.022937536239624,0.0182221084833145,0.0,0.0,0.3444151282310486,1.1260100603103638,0.0,1.2518740892410278,0.0,0.0,1.3279483318328855,1.680490255355835,1.100674033164978,0.0,0.0,0.03314109146595,2.094783306121826,0.0,0.0,0.0,0.0,1.4025752544403076,0.0,0.0,1.2793396711349487,0.0,1.290224313735962,0.0685256123542785,1.0574913024902344,1.273411989212036,2.8292486667633057,0.0,0.4088193476200104,0.910645306110382,1.8639672994613647,0.0
test_C6_00277,test_C6,C6,289,late,2,late,0.9746599514087048,0.7178816199302673,0.0088584870100021,0.0063111060298979,0.984830379486084,0.015169620513916,0.0809121696349148,0,0.0,0.0,0.0,0.3132671117782593,0.0,0.0,1.90578031539917,0.0,0.0,0.1878173798322677,2.269989252090454,0.0,0.0,0.0,0.0,0.0,1.4215564727783203,0.0,0.0,1.4119415283203125,1.7053170204162598,0.0,0.8704174757003784,0.0,2.1609697341918945,1.4202303886413574,1.1165156364440918,0.0,2.026920318603516,0.0282127857208251,0.0,0.0,0.3445293009281158,1.1104766130447388,0.0,1.261400580406189,0.0,0.0,1.33198881149292,1.7011064291000366,1.1157361268997192,0.0,0.0,0.0376599617302417,2.094650983810425,0.0,0.0,0.0,0.0,1.4227089881896973,0.0,0.0,1.28024160861969,0.0,1.2883880138397217,0.0536009110510349,1.0545438528060913,1.2922648191452026,2.8435211181640625,0.0,0.3912694752216339,0.9151926636695862,1.8608715534210205,0.0
test_C6_00278,test_C6,C6,290,late,2,late,0.9772539541571122,0.7199472784996033,0.0086228903383016,0.006051777396351,0.9853253960609436,0.0146746039390563,0.0787017944122258,0,0.0,0.0,0.0,0.3460604846477508,0.0,0.0,1.9230247735977173,0.0,0.0,0.1877358555793762,2.2647671699523926,0.0,0.0,0.0,0.0,0.0,1.4344797134399414,0.0,0.0,1.43229341506958,1.7080011367797852,0.0,0.8824352622032166,0.0,2.168203115463257,1.4194886684417725,1.1327834129333496,0.0,2.04135537147522,0.0298368632793426,0.0,0.0,0.3455886244773865,1.132827877998352,0.0,1.2726199626922607,0.0,0.0,1.3296749591827393,1.6997205018997192,1.1139129400253296,0.0,0.0,0.0307837687432765,2.118131399154663,0.0,0.0,0.0,0.0,1.427755355834961,0.0,0.0,1.2831252813339231,0.0,1.2982509136199951,0.0401352196931839,1.0726888179779053,1.3131382465362549,2.858944892883301,0.0,0.3963308930397033,0.924248456954956,1.88236141204834,0.0
test_C6_00279,test_C6,C6,291,late,2,late,0.9790172391067218,0.7208319306373596,0.0084721529856324,0.0059394910931587,0.985588312149048,0.0144116878509521,0.0775290294479573,0,0.0,0.0,0.0,0.34908527135849,0.0,0.0,1.929644465446472,0.0,0.0,0.1847740560770034,2.270665407180786,0.0,0.0,0.0,0.0,0.0,1.441006422042847,0.0,0.0,1.4322876930236816,1.7259691953659058,0.0,0.8894240856170654,0.0,2.1661019325256348,1.4280649423599243,1.1439952850341797,0.0,2.051400661468506,0.0267690792679786,0.0,0.0,0.3494682013988495,1.128126621246338,0.0,1.2767512798309326,0.0,0.0,1.3322482109069824,1.7049782276153564,1.1285698413848877,0.0,0.0,0.0327676273882389,2.122921705245972,0.0,0.0,0.0,0.0,1.4320135116577148,0.0,0.0,1.2845382690429688,0.0,1.298187494277954,0.0310020558536052,1.0684595108032229,1.3165491819381714,2.874453544616699,0.0,0.3942178785800934,0.932459592819214,1.8866456747055051,0.0
test_C6_00280,test_C6,C6,292,late,2,late,0.979949806257534,0.7222868204116821,0.0083625884726643,0.0057595451362431,0.9858778715133668,0.0141221284866333,0.076214185549095,0,0.0,0.0,0.0,0.3651299476623535,0.0,0.0,1.9366072416305544,0.0,0.0,0.1709966510534286,2.2621681690216064,0.0,0.0,0.0,0.0,0.0,1.4478673934936523,0.0,0.0,1.4487800598144531,1.7254656553268433,0.0,0.8956416249275208,0.0,2.169616460800171,1.4355847835540771,1.1524267196655271,0.0,2.0670700073242188,0.0263934060931205,0.0,0.0,0.3557565212249756,1.1392592191696167,0.0,1.2886022329330444,0.0,0.0,1.3230717182159424,1.7007566690444946,1.1234509944915771,0.0,0.0,0.0256588794291019,2.1350626945495605,0.0,0.0,0.0,0.0,1.4378118515014648,0.0,0.0,1.2787537574768066,0.0,1.305693507194519,0.0104781910777091,1.0922502279281616,1.339739203453064,2.88714599609375,0.0,0.3887624144554138,0.9371260404586792,1.904239296913147,0.0
test_C6_00281,test_C6,C6,293,late,2,late,0.980882373408346,0.723466694355011,0.0081825861707329,0.0056290854699909,0.9861882328987122,0.0138117671012878,0.0748189025932773,0,0.0,0.0,0.0,0.3770744502544403,0.0,0.0,1.945838212966919,0.0,0.0,0.1609513461589813,2.2648065090179443,0.0,0.0,0.0,0.0,0.0,1.4504122734069824,0.0,0.0,1.4501440525054932,1.7374975681304932,0.0,0.9054070711135864,0.0,2.174715042114258,1.4394807815551758,1.1632564067840576,0.0,2.078096628189087,0.028665542602539,0.0,0.0,0.3559958934783935,1.1368231773376465,0.0,1.2980645895004272,0.0,0.0,1.3235175609588623,1.7133835554122925,1.1249027252197266,0.0,0.0,0.0196846164762973,2.145805597305298,0.0,0.0,0.0,0.0,1.450305700302124,0.0,0.0,1.2837846279144287,0.0,1.3075716495513916,0.008753091096878,1.09541916847229,1.3500646352767944,2.902401924133301,0.0,0.3971589207649231,0.9422226548194884,1.9117180109024048,0.0
test_C6_00282,test_C6,C6,294,late,2,late,0.9818149405591582,0.7245869636535645,0.0080953715369105,0.0055157640017569,0.986388862133026,0.0136111378669738,0.0739040634543295,0,0.0,0.0,0.0,0.3911325931549072,0.0,0.0,1.9496374130249023,0.0,0.0,0.1530786305665969,2.259554624557495,0.0,0.0,0.0,0.0,0.0,1.4531199932098389,0.0,0.0,1.4604346752166748,1.7357324361801147,0.0,0.9087738394737244,0.0,2.1786606311798096,1.4428739547729492,1.1682283878326416,0.0,2.086709260940552,0.0326629355549812,0.0,0.0,0.3577113151550293,1.1454250812530518,0.0,1.3074313402175903,0.0,0.0,1.320351004600525,1.7107164859771729,1.1167904138565063,0.0,0.0,0.0120970476418733,2.1582932472229004,0.0,0.0,0.0,0.0,1.4581761360168457,0.0,0.0,1.2813925743103027,0.0,1.3124675750732422,0.0016407221555709,1.1161717176437378,1.364740014076233,2.9130656719207764,0.0,0.396083801984787,0.9426979422569276,1.922513723373413,0.0
test_C6_00283,test_C6,C6,295,late,2,late,0.9827475077099702,0.726219117641449,0.0079501271247863,0.0053834249265491,0.9866663813591005,0.0133336186408996,0.0726417107704436,0,0.0,0.0,0.0,0.4090343415737152,0.0,0.0,1.956296682357788,0.0,0.0,0.1387093812227249,2.253289699554444,0.0,0.0,0.0,0.0,0.0,1.4578754901885986,0.0,0.0,1.4718916416168213,1.735287070274353,0.0,0.920281946659088,0.0,2.184685230255127,1.4433757066726685,1.1771498918533323,0.0,2.1024980545043945,0.0378793105483055,0.0,0.0,0.3564898073673248,1.151145577430725,0.0,1.319563388824463,0.0,0.0,1.3203214406967163,1.714069128036499,1.108864665031433,0.0,0.0,0.0049484819173812,2.171308994293213,0.0,0.0,0.0,0.0,1.470935583114624,0.0,0.0,1.2830355167388916,0.0,1.322959542274475,0.0,1.1367141008377075,1.382551908493042,2.922267198562622,0.0,0.4007160663604736,0.9466540217399596,1.930094599723816,0.0
test_C6_00284,test_C6,C6,296,late,2,late,0.9836800748607823,0.7263782620429993,0.0079625528305768,0.0053143734112381,0.986723005771637,0.013276994228363,0.0723682952894373,0,0.0,0.0,0.0131208300590515,0.4237294495105743,0.0,0.0086836442351341,1.957689881324768,0.0,0.0,0.1266147047281265,2.239355564117432,0.0,0.0,0.0,0.0,0.0,1.454173564910889,0.0,0.0,1.4862825870513916,1.7281908988952637,0.0,0.919356107711792,0.0,2.1893908977508545,1.453634262084961,1.179850935935974,0.0,2.114978075027466,0.0461245849728584,0.0,0.0,0.352173238992691,1.1670647859573364,0.0,1.326749563217163,0.0,0.0,1.3149408102035522,1.7058377265930176,1.1040608882904053,0.0,0.0,0.0,2.1743643283843994,0.0,0.0,0.0,0.0,1.478083848953247,0.0,0.0,1.2758116722106934,0.0,1.33387553691864,0.0,1.1706546545028689,1.4034463167190552,2.920853853225708,0.0,0.3908770382404327,0.9442203640937804,1.9455113410949707,0.0
test_C6_00285,test_C6,C6,297,late,2,late,0.9846126420115944,0.7266040444374084,0.0079294573515653,0.0052647213451564,0.9868059158325196,0.0131940841674804,0.0719865878548467,0,0.0,0.0,0.0220874100923538,0.4321222305297851,0.0,0.0099454373121261,1.9587262868881223,0.0,0.0,0.1201563626527786,2.234543561935425,0.0,0.0,0.0,0.0,0.0,1.4551060199737549,0.0,0.0,1.493040919303894,1.7302156686782837,0.0,0.9206811189651488,0.0,2.191354274749756,1.4588215351104736,1.1833739280700684,0.0,2.1217947006225586,0.0507023259997367,0.0,0.0,0.3490738570690155,1.172656774520874,0.0,1.3304190635681152,0.0,0.0,1.3137983083724976,1.7074384689331057,1.1050095558166504,0.0,0.0,0.0,2.178089141845703,0.0,0.0,0.0,0.0,1.4844369888305664,0.0,0.0,1.2746105194091797,0.0,1.337818622589111,0.0,1.1848973035812378,1.4136189222335815,2.9219911098480225,0.0,0.3891514539718628,0.9455925226211548,1.9518111944198608,0.0
test_C6_00286,test_C6,C6,298,late,2,late,0.9855452091624064,0.7262866497039795,0.0079606361687183,0.0052390075288712,0.9868003129959106,0.0131996870040893,0.0720010127662491,0,0.0,0.0,0.037149429321289,0.4401234984397888,0.0,0.0135127529501914,1.9574360847473145,0.0,0.0,0.1155147701501846,2.224658250808716,0.0,0.0,0.0,0.0,0.0,1.4540119171142578,0.0,0.0,1.5002202987670898,1.7248605489730835,0.0,0.9182139039039612,0.0,2.193819999694824,1.465644359588623,1.1862404346466064,0.0,2.126539468765259,0.0580007210373878,0.0,0.0,0.3463862240314483,1.180617094039917,0.0,1.332456111907959,0.0,0.0,1.3100155591964722,1.7020539045333862,1.101706862449646,0.0,0.0,0.0,2.179262399673462,0.0,0.0,0.0,0.0,1.4892511367797852,0.0,0.0,1.2684292793273926,0.0,1.3425649404525757,0.0,1.2051723003387451,1.4239052534103394,2.922415256500244,0.0,0.3799638450145721,0.9450846910476683,1.9590791463851929,0.0
test_C6_00287,test_C6,C6,299,late,2,late,0.9864777763132186,0.7251976728439331,0.0080681536346673,0.0052395537495613,0.9866923689842224,0.0133076310157775,0.0724745526998055,0,0.0,0.0,0.0569190308451652,0.4437465965747833,0.0,0.0182358399033546,1.953255653381348,0.0,0.0,0.1091353893280029,2.213533878326416,0.0,0.0,0.0,0.0,0.0,1.447730302810669,0.0,0.0,1.5100218057632446,1.7167483568191528,0.0,0.9082089066505432,0.0,2.197251319885254,1.4768447875976562,1.1844220161437988,0.0,2.127284526824951,0.0663051679730415,0.0,0.0,0.3437080085277557,1.1963911056518557,0.0,1.3326187133789062,0.0,0.0,1.3027781248092651,1.6925537586212158,1.0995153188705444,0.0,0.0,0.0,2.173950433731079,0.0,0.0,0.0,0.0,1.4914462566375732,0.0,0.0,1.2612463235855105,0.0,1.3461860418319702,0.0,1.2300143241882324,1.4361125230789185,2.91603946685791,0.0,0.3651581704616546,0.9414374232292176,1.9718438386917116,0.0
test_C6_00288,test_C6,C6,300,late,2,late,0.9874103434640308,0.7242662310600281,0.0081806629896163,0.0052913469262421,0.986527979373932,0.0134720206260681,0.073212854523889,0,0.0,0.0,0.0645440742373466,0.442623108625412,0.0,0.0198128297924995,1.9510849714279173,0.0,0.0,0.11277686804533,2.206894874572754,0.0,0.0,0.0,0.0,0.0,1.4450201988220217,0.0,0.0,1.510486125946045,1.708939552307129,0.0,0.9025295972824096,0.0,2.1939327716827397,1.4761697053909302,1.1811108589172363,0.0,2.1213457584381104,0.0682469978928566,0.0,0.0,0.3417661190032959,1.1992257833480835,0.0,1.3267568349838257,0.0,0.0,1.2978758811950684,1.6873741149902344,1.0950347185134888,0.0,0.0,0.0,2.1705946922302246,0.0,0.0,0.0,0.0,1.4869320392608645,0.0,0.0,1.256374716758728,0.0,1.3438829183578491,0.0,1.233227014541626,1.4352707862854004,2.9088943004608154,0.0,0.3622213006019592,0.9390792846679688,1.9729516506195068,0.0
test_C6_00289,test_C6,C6,301,late,2,late,0.9883429106148428,0.724574089050293,0.0081290192902088,0.0052926461212337,0.9865782856941224,0.0134217143058776,0.0729936324923499,0,0.0,0.0,0.0482471659779548,0.4363448619842529,0.0,0.0119868293404579,1.951690912246704,0.0,0.0,0.1162547096610069,2.2097597122192383,0.0,0.0,0.0,0.0,0.0,1.4557278156280518,0.0,0.0,1.5006210803985596,1.71295166015625,0.0,0.9040958285331726,0.0,2.188955307006836,1.4772367477416992,1.1827363967895508,0.0,2.1195852756500244,0.0652856603264808,0.0,0.0,0.3451114594936371,1.189814567565918,0.0,1.3250812292099,0.0,0.0,1.2943778038024902,1.6904869079589844,1.1013102531433103,0.0,0.0,0.0,2.1670355796813965,0.0,0.0,0.0,0.0,1.485874891281128,0.0,0.0,1.2550339698791504,0.0,1.3400076627731323,0.0,1.2220631837844849,1.4315814971923828,2.914442300796509,0.0,0.3583488762378692,0.9416573643684388,1.9652422666549685,0.0
test_C6_00290,test_C6,C6,302,late,2,late,0.9892754777656552,0.7233025431632996,0.0082518085837364,0.0053379782475531,0.9864102005958556,0.0135897994041442,0.0737446502115342,0,0.0,0.0,0.0569389313459396,0.4318225085735321,0.0,0.0100306645035743,1.944740653038025,0.0,0.0,0.1186738908290863,2.2040557861328125,0.0,0.0,0.0,0.0,0.0,1.4497532844543457,0.0,0.0,1.5022767782211304,1.7068277597427368,0.0,0.8902261853218079,0.0,2.18955659866333,1.4863440990447998,1.1783608198165894,0.0,2.1115310192108154,0.0706111267209053,0.0,0.0,0.3467747867107391,1.1962766647338867,0.0,1.3214722871780396,0.0,0.0,1.2859538793563845,1.680827260017395,1.1006441116333008,0.0,0.0,0.0,2.1597466468811035,0.0,0.0,0.0,0.0,1.4826891422271729,0.0,0.0,1.2470061779022217,0.0,1.338391661643982,0.0,1.2314269542694092,1.4332873821258545,2.909139633178711,0.0,0.3408961296081543,0.9351937770843506,1.9733846187591555,0.0
test_C6_00291,test_C6,C6,303,late,2,late,0.9902080449164672,0.7231982350349426,0.0082640452310442,0.0053590042516589,0.9863770604133606,0.0136229395866394,0.0738976682068201,0,0.0,0.0,0.0491363182663917,0.4288508594036102,0.0,0.0074525922536849,1.946594715118408,0.0,0.0,0.1219606474041938,2.202486991882324,0.0,0.0,0.0,0.0,0.0,1.452514410018921,0.0,0.0,1.4979223012924194,1.7074685096740725,0.0,0.8910680413246155,0.0,2.184183359146118,1.485583782196045,1.17855703830719,0.0,2.110102891921997,0.0669177547097206,0.0,0.0,0.3462869524955749,1.1932172775268557,0.0,1.317324161529541,0.0,0.0,1.2843164205551147,1.6808631420135498,1.103457808494568,0.0,0.0,0.0,2.1562845706939697,0.0,0.0,0.0,0.0,1.4783132076263428,0.0,0.0,1.245083928108215,0.0,1.3357045650482178,0.0,1.2251313924789429,1.4303535223007202,2.9074673652648926,0.0,0.3420390784740448,0.9366706013679504,1.970234751701355,0.0
test_C6_00292,test_C6,C6,304,late,2,late,0.9911406120672792,0.7223459482192993,0.0083380714058876,0.0054260329343378,0.9862359166145324,0.0137640833854675,0.0745374777938102,0,0.0,0.0,0.0438232719898223,0.4199028015136719,0.0,0.0,1.941870093345642,0.0,0.0,0.1330908238887787,2.203063488006592,0.0,0.0,0.0,0.0,0.0,1.4495208263397217,0.0,0.0,1.4906588792800903,1.7065261602401731,0.0,0.8836010098457336,0.0,2.181562900543213,1.4855403900146484,1.1753562688827517,0.0,2.095355749130249,0.066933237016201,0.0,0.0,0.348099410533905,1.1877373456954956,0.0,1.309585690498352,0.0,0.0,1.281888723373413,1.679202437400818,1.103333830833435,0.0,0.0,0.0,2.151603937149048,0.0,0.0,0.0,0.0,1.4708943367004397,0.0,0.0,1.2412073612213137,0.0,1.3280032873153689,0.0,1.2144767045974731,1.4201388359069824,2.9061732292175293,0.0,0.3358226716518402,0.934863269329071,1.9661011695861816,0.0
test_C6_00293,test_C6,C6,305,late,2,late,0.9920731792180912,0.7228519320487976,0.0082908337935805,0.0054059028625488,0.9863032698631288,0.0136967301368713,0.074236765524654,0,0.0,0.0,0.0384910926222801,0.4188237190246582,0.0,0.0,1.942851185798645,0.0,0.0,0.1337628066539764,2.2061803340911865,0.0,0.0,0.0,0.0,0.0,1.4553718566894531,0.0,0.0,1.4914945363998413,1.7048217058181765,0.0,0.8890464305877686,0.0,2.1814801692962646,1.4796568155288696,1.1773897409439087,0.0,2.096550226211548,0.064384140074253,0.0,0.0,0.3498995304107666,1.1847903728485107,0.0,1.311647891998291,0.0,0.0,1.284001350402832,1.6814826726913452,1.101563572883606,0.0,0.0,0.0,2.1543984413146973,0.0,0.0,0.0,0.0,1.4713969230651855,0.0,0.0,1.2437124252319336,0.0,1.3280346393585205,0.0,1.2124583721160889,1.419010877609253,2.910846471786499,0.0,0.3405812680721283,0.9396280646324158,1.959343791007996,0.0
test_C6_00294,test_C6,C6,306,late,2,late,0.9930057463689036,0.7220061421394348,0.0083743799477815,0.0054665990173816,0.9861590266227722,0.0138409733772277,0.0748871343909359,0,0.0,0.0,0.0357451289892196,0.4118799865245819,0.0,0.0,1.9390637874603271,0.0,0.0,0.1402851939201355,2.2053797245025635,0.0,0.0,0.0,0.0,0.0,1.450249195098877,0.0,0.0,1.4865281581878662,1.702477216720581,0.0,0.8826661109924316,0.0,2.1788201332092285,1.4794063568115234,1.174193263053894,0.0,2.086296319961548,0.0634491220116615,0.0,0.0,0.351388543844223,1.1806447505950928,0.0,1.3064316511154177,0.0,0.0,1.2805317640304563,1.6780704259872437,1.0992202758789062,0.0,0.0,0.0,2.150646209716797,0.0,0.0,0.0,0.0,1.4656836986541748,0.0,0.0,1.2398985624313354,0.0,1.3203344345092771,0.0,1.2059777975082395,1.4117220640182495,2.9105887413024902,0.0,0.337133377790451,0.9374899864196776,1.957929730415344,0.0
test_C6_00295,test_C6,C6,307,late,2,late,0.9939383135197154,0.7220006585121155,0.0083778053522109,0.0054737194441258,0.986148476600647,0.013851523399353,0.0749356718102623,0,0.0,0.0,0.0325531139969825,0.4122591018676758,0.0,0.0,1.9402105808258057,0.0,0.0,0.1430494487285614,2.2056124210357666,0.0,0.0,0.0,0.0,0.0,1.4515447616577148,0.0,0.0,1.485616683959961,1.70087730884552,0.0,0.8858292102813721,0.0,2.176938056945801,1.474338173866272,1.1734488010406494,0.0,2.0839850902557373,0.0625365749001503,0.0,0.0,0.351377934217453,1.1803988218307495,0.0,1.3056448698043823,0.0,0.0,1.2807739973068235,1.6780142784118652,1.0956441164016724,0.0,0.0,0.0,2.150280714035034,0.0,0.0,0.0,0.0,1.4632432460784912,0.0,0.0,1.2422147989273071,0.0,1.317902445793152,0.0,1.2040681838989258,1.4081209897994995,2.91147255897522,0.0,0.3414211869239807,0.939003586769104,1.9577831029891968,0.0
test_C6_00296,test_C6,C6,308,late,2,late,0.9948708806705276,0.7212540507316589,0.0084431255236268,0.0055161896161735,0.9860407114028932,0.0139592885971069,0.0754195540051674,0,0.0,0.0,0.0326124057173728,0.4064179360866546,0.0,0.0,1.935464143753052,0.0,0.0,0.1468923538923263,2.20538067817688,0.0,0.0,0.0,0.0,0.0,1.4465031623840332,0.0,0.0,1.481978178024292,1.701988935470581,0.0,0.877640962600708,0.0,2.1744368076324463,1.4776657819747925,1.1703425645828247,0.0,2.0753448009490967,0.0636236891150474,0.0,0.0,0.3530410826206207,1.1784436702728271,0.0,1.3021646738052368,0.0,0.0,1.2782398462295532,1.674962043762207,1.093304991722107,0.0,0.0,0.0,2.148690223693848,0.0,0.0,0.0,0.0,1.461165428161621,0.0,0.0,1.238265872001648,0.0,1.3097504377365112,0.0,1.2026832103729248,1.4031565189361572,2.9137156009674072,0.0,0.3375252187252044,0.9357154369354248,1.960329532623291,0.0
test_C6_00297,test_C6,C6,309,late,2,late,0.9958034478213396,0.7216882109642029,0.0084149036556482,0.0054697110317647,0.9861154556274414,0.0138845443725585,0.0750775947632094,0,0.0,0.0,0.0395767390727996,0.4113666117191314,0.0,0.0,1.937004923820496,0.0,0.0,0.1387746781110763,2.203054666519165,0.0,0.0,0.0,0.0,0.0,1.4489750862121582,0.0,0.0,1.4888774156570437,1.6973310708999634,0.0,0.8812899589538574,0.0,2.1786885261535645,1.4757208824157717,1.172471046447754,0.0,2.0824670791625977,0.0659627839922905,0.0,0.0,0.3524480164051056,1.185429573059082,0.0,1.308980107307434,0.0,0.0,1.2772938013076782,1.6748061180114746,1.090010404586792,0.0,0.0,0.0,2.149949550628662,0.0,0.0,0.0,0.0,1.4656977653503418,0.0,0.0,1.2397751808166504,0.0,1.3153228759765625,0.0,1.2143877744674685,1.4131762981414795,2.91434907913208,0.0,0.3381540775299072,0.9376447796821594,1.9608172178268437,0.0
test_C6_00298,test_C6,C6,310,late,2,late,0.996736014972152,0.7211099863052368,0.0084760775789618,0.0054926979355514,0.986031174659729,0.0139688253402709,0.0754514013883107,0,0.0,0.0,0.0439483821392059,0.4091315567493438,0.0,0.0,1.9347944259643557,0.0,0.0,0.1367556452751159,2.198775291442871,0.0,0.0,0.0,0.0,0.0,1.4455881118774414,0.0,0.0,1.4887797832489014,1.6951613426208496,0.0,0.8762052655220032,0.0,2.178142547607422,1.4788198471069336,1.1710455417633057,0.0,2.079401016235352,0.0688933357596397,0.0,0.0,0.3520001173019409,1.1879616975784302,0.0,1.3071781396865845,0.0,0.0,1.2744051218032837,1.6716036796569824,1.0876567363739014,0.0,0.0,0.0,2.146037340164185,0.0,0.0,0.0,0.0,1.4652202129364014,0.0,0.0,1.2359600067138672,0.0,1.312906265258789,0.0,1.2185728549957275,1.41499662399292,2.9127767086029053,0.0,0.3332290947437286,0.936069130897522,1.963607907295227,0.0
test_C6_00299,test_C6,C6,311,late,2,late,0.9976685821229638,0.7194292545318604,0.0086715379729866,0.0055588106624782,0.9857696294784546,0.0142303705215454,0.0766075373526927,0,0.0,0.0,0.0676785558462143,0.4117140471935272,0.0,0.0010005161166191,1.9301092624664309,0.0,0.0,0.1370237320661544,2.185824394226074,0.0,0.0,0.0,0.0,0.0,1.4350826740264893,0.0,0.0,1.495036244392395,1.6830027103424072,0.0,0.8669636845588684,0.0,2.18019437789917,1.4783931970596311,1.16556978225708,0.0,2.0702083110809326,0.0775340422987937,0.0,0.0,0.3489996492862701,1.1994174718856812,0.0,1.3006961345672607,0.0,0.0,1.2677843570709229,1.6638389825820925,1.077850580215454,0.0,0.0,0.0,2.140547513961792,0.0,0.0,0.0,0.0,1.462104082107544,0.0,0.0,1.2316648960113523,0.0,1.3124864101409912,0.0,1.2337377071380615,1.417862057685852,2.8994064331054688,0.0,0.3275135159492492,0.9317307472229004,1.9713059663772583,0.0
test_C6_00300,test_C6,C6,312,late,2,late,0.998601149273776,0.720753014087677,0.0085376165807247,0.0054786899127066,0.985983669757843,0.0140163302421569,0.0756514105500787,0,0.0,0.0,0.0614783987402915,0.4191890358924866,0.0,0.0051060616970062,1.9376097917556765,0.0,0.0,0.1300315707921981,2.1832852363586426,0.0,0.0,0.0,0.0,0.0,1.4485604763031006,0.0,0.0,1.49435293674469,1.684481859207153,0.0,0.8776406049728394,0.0,2.1757960319519043,1.4773128032684326,1.1751632690429688,0.0,2.0866072177886963,0.0739447548985481,0.0,0.0,0.3471371233463287,1.1958096027374268,0.0,1.305968165397644,0.0,0.0,1.2697407007217407,1.668402075767517,1.0805662870407104,0.0,0.0,0.0,2.1479358673095703,0.0,0.0,0.0,0.0,1.469430446624756,0.0,0.0,1.2297658920288086,0.0,1.316048264503479,0.0,1.2386658191680908,1.428358793258667,2.9100162982940674,0.0,0.3352403342723846,0.9399194717407228,1.9643335342407229,0.0
test_C6_00301,test_C6,C6,313,late,2,late,0.999067432849182,0.7187787294387817,0.0087485779076814,0.0055718785151839,0.985679566860199,0.014320433139801,0.0770006924837795,0,0.0,0.0,0.0738523304462432,0.4111772179603576,0.0,0.0007695406675338,1.9280961751937864,0.0,0.0,0.138311356306076,2.176391839981079,0.0,0.0,0.0,0.0,0.0,1.4385626316070557,0.0,0.0,1.4941242933273315,1.6764132976531982,0.0,0.8596680164337158,0.0,2.17485785484314,1.485875368118286,1.1664913892745972,0.0,2.070531129837036,0.0787901654839515,0.0,0.0,0.3499324023723602,1.2018463611602783,0.0,1.298686146736145,0.0,0.0,1.258856177330017,1.6556788682937622,1.0775513648986816,0.0,0.0,0.0,2.1373283863067627,0.0,0.0,0.0,0.0,1.46107816696167,0.0,0.0,1.2186439037322998,0.0,1.3117284774780271,0.0,1.2462844848632812,1.425532341003418,2.900670528411865,0.0,0.3147315084934234,0.9301611185073853,1.974082350730896,0.0
test_C6_00302,test_C6,C6,314,late,2,late,0.9995337164245882,0.718859076499939,0.008748116903007,0.0055684209801256,0.9856835007667542,0.0143164992332458,0.0769824019402664,0,0.0,0.0,0.0707513988018035,0.4112207889556885,0.0,0.0028065666556358,1.9318337440490725,0.0,0.0,0.1366371661424636,2.1726105213165283,0.0,0.0,0.0,0.0,0.0,1.4423787593841553,0.0,0.0,1.4921936988830566,1.6738836765289309,0.0,0.865033745765686,0.0,2.171303033828736,1.4832149744033811,1.168997049331665,0.0,2.073765277862549,0.0762538686394691,0.0,0.0,0.3492597341537475,1.2010875940322876,0.0,1.2969913482666016,0.0,0.0,1.258500576019287,1.6550514698028564,1.07606303691864,0.0,0.0,0.0,2.135939598083496,0.0,0.0,0.0,0.0,1.459388256072998,0.0,0.0,1.2171783447265625,0.0,1.3111660480499268,0.0,1.247781753540039,1.4272606372833252,2.902306079864502,0.0,0.3192609250545501,0.9345865249633788,1.970391631126404,0.0
test_C6_00303,test_C6,C6,315,late,2,late,0.999999999999994,0.7168352007865906,0.0089856358245015,0.0057178414426743,0.9852964282035828,0.0147035717964172,0.0787031779016128,0,0.0,0.0,0.0707155168056488,0.3985592126846313,0.0,0.0,1.924347162246704,0.0,0.0,0.1523012816905975,2.163583993911743,0.0,0.0,0.0,0.0,0.0,1.4326317310333252,0.0,0.0,1.4818071126937866,1.669694423675537,0.0,0.8478003740310669,0.0,2.160245418548584,1.4884601831436155,1.1619948148727417,0.0,2.055015563964844,0.0746552571654319,0.0,0.0,0.3491531014442444,1.1949466466903689,0.0,1.2821338176727295,0.0,0.0,1.2495266199111938,1.6457656621932983,1.0756049156188965,0.0,0.0,0.0,2.125582456588745,0.0,0.0,0.0,0.0,1.4461407661437988,0.0,0.0,1.201644778251648,0.0,1.2988088130950928,0.0,1.2398408651351929,1.4162213802337646,2.8932793140411377,0.0,0.307409793138504,0.9266437888145448,1.9689953327178955,0.0
