sample_id,split,condition,run_id,true_stage,true_stage_id,pred_stage,q_true,q_hat,p_E,p_M,p_L,uncertainty,entropy,misclassified,ch3_wp_energy_ratio_8__rel,ch2_iqr__rel,ch1_q25__rel,ch2_skew__rel,ch2_kurtosis__online_rank,ch2_q25__rel,ch2_kurtosis__rel,ch1_q25__online_rank,ch3_wp_energy_8__rel,ch2_band_power_q4__rel,ch3_band_ratio_q4_q1__rel,ch3_wp_energy_ratio_6__rel,ch3_band_power_q4__rel,ch5_wp_energy_8__rel,ch5_q25__rel,ch1_iqr__rel,ch1_wp_energy_8__rel,ch5_dom_power__rel,ch1_rms__rel,ch5_q75__rel,ch1_spec_centroid__online_rank,ch1_band_power_q4__rel,ch4_wp_energy_1__rel,ch3_skew__rel,ch1_dom_power__slope,ch2_dom_power__rel,ch3_wp_energy_ratio_5__rel,ch2_skew__online_rank,ch6_wp_energy_ratio_1__rel,ch1_var__rel,ch3_wp_energy_ratio_8__online_rank,ch4_band_power_q1__rel,ch2_rms__rel,ch4_wp_energy_7__rel,ch2_wp_energy_2__rel,ch6_wp_energy_ratio_4__rel,ch3_wp_energy_ratio_7__rel,ch2_wp_energy_ratio_8__rel,ch5_median__rel,ch5_wp_energy_7__rel,ch6_wp_energy_1__rel,ch2_band_ratio_q4_q1__rel,ch1_spec_centroid__rel,ch4_dom_power__rel,ch2_wp_energy_8__rel
final_train_00000,final_train,C1,12,early,0,early,0.1932077187551013,0.3069212138652801,0.9549612402915956,0.0304330326616764,0.0146057028323411,0.0450387597084045,0.1929859185858363,0,-0.5323260426521301,-1.227511644363403,0.6392238140106201,0.7806509733200073,0.7309187650680542,0.1075455695390701,0.0484406761825084,1.0326217412948608,-0.8395476937294006,-0.4198561906814575,-0.3494018912315368,-0.8818501830101013,-1.007258653640747,-1.365411639213562,1.0447731018066406,-1.4573142528533936,-1.3950313329696655,-1.3558450937271118,-1.3177251815795898,-1.4820902347564695,0.2860741913318634,-0.8495608568191528,-0.8641303181648254,1.127920150756836,-0.1376274675130844,-1.00856351852417,-0.0333003439009189,1.0306106805801392,0.8097649812698364,-1.7509950399398804,-0.6155282258987427,-1.2265748977661133,-1.3011046648025513,-0.6969966888427734,-0.9901249408721924,-1.0688930749893188,-0.8022867441177368,-0.8369792699813843,-0.7582741975784302,-0.399268090724945,-1.8695061206817627,-0.4066845178604126,-0.4060674607753753,-1.1751396656036377,-1.0507639646530151
final_train_00001,final_train,C1,13,early,0,early,0.2101847712464187,0.3075820207595825,0.9546383619308472,0.0306118857115507,0.0147497719153761,0.0453616380691528,0.1940939308213459,0,-0.0833949446678161,-0.951139271259308,1.6289572715759275,0.6388527750968933,0.776569664478302,-0.5375670194625854,0.0998346284031868,1.6752692461013794,-1.11414897441864,0.1455873548984527,-0.0958835706114769,-0.5380693078041077,-1.2231775522232056,-1.0826070308685305,2.06052041053772,-1.9260952472686768,-1.1260076761245728,-0.9780250787734984,-0.0551124811172485,-0.1436409205198288,-1.7773702144622805,-0.0245879814028739,0.0439757071435451,0.8167538046836853,-0.1086398139595985,-1.38288414478302,-0.335917204618454,-0.0759686082601547,1.465679168701172,-1.4439420700073242,0.8209298253059387,-0.4078636467456817,-1.3043402433395386,-1.4024454355239868,-0.935724675655365,-1.1154459714889526,-0.2533714175224304,-0.8841758370399475,1.626881122589111,-1.2059359550476074,-0.7573997378349304,-0.305745005607605,-1.625076413154602,-0.8213623762130737,-1.2210773229599
final_train_00002,final_train,C1,14,early,0,early,0.2253597093096253,0.3065766096115112,0.9547988772392272,0.0305382460355758,0.0146628487855196,0.0452011227607727,0.1935331022020063,0,-0.2370178699493408,-0.8288497924804688,1.6652593612670898,0.8428024053573608,0.8156989812850952,-0.738858163356781,0.1109290122985839,1.6752692461013794,-0.9828049540519714,-0.0667797327041626,-0.250204861164093,-1.1520522832870483,-0.9953973889350892,-1.0320703983306885,0.7115596532821655,-1.631251335144043,-1.3604271411895752,-0.9373971223831176,0.3294760286808014,-1.7435035705566406,-1.5590163469314575,-0.155990794301033,-0.0363335385918617,0.9218668937683104,-0.1360269486904144,-0.9074141383171082,-0.3538145124912262,1.4416258335113523,1.3731496334075928,-1.2101235389709473,0.4740989208221435,-0.5420138835906982,-1.1035672426223757,-1.335796356201172,-0.9131637811660768,-0.9309455752372742,-0.7433713674545288,-0.9692469835281372,-1.4517767429351809,-1.123579740524292,-0.9482444524765016,-0.3558520078659057,-1.5952246189117432,-0.7852523922920227,-1.3606771230697632
final_train_00003,final_train,C1,15,early,0,early,0.2388500265425312,0.3061904907226562,0.9548272490501404,0.0305528733879327,0.014619942754507,0.0451727509498596,0.1934157090584351,0,-0.4554603397846222,-0.8833936452865601,1.6198991537094116,0.8233749866485596,1.007867455482483,-0.5286681056022644,0.1326688528060913,1.6752692461013794,-1.108472466468811,0.0882205665111541,-0.2905500531196594,-0.973830223083496,-0.8982499241828918,-1.0257983207702637,0.4767452776432037,-1.641354203224182,-1.404272198677063,-0.9265909194946288,0.4298954010009765,-1.8486719131469729,-1.8996484279632568,-0.1277748495340347,0.0670967102050781,1.0427426099777222,-0.1374523043632507,-0.8089950680732727,0.0466528348624706,1.2772197723388672,1.4125580787658691,-1.230018138885498,-0.6681308746337891,-0.4339447319507599,-1.0877766609191897,-1.283887267112732,-0.951037049293518,-1.130361795425415,-0.6519953608512878,-0.9604176878929138,-1.8171056509017944,-1.0662013292312622,-0.5108194351196289,-0.2980723977088928,-1.67043936252594,-0.7732961773872375,-1.3299610614776611
final_train_00004,final_train,C1,16,early,0,early,0.2507679649311761,0.3063053786754608,0.9547027945518494,0.0305679570883512,0.0147292613983154,0.0452972054481506,0.1938784862583782,0,-0.3318667709827423,-0.9382684826850892,1.5727827548980713,0.803848385810852,1.0276495218276978,-0.3227603435516357,0.1404099613428115,1.6752692461013794,-0.8827358484268188,0.0487673990428447,-0.1572470217943191,-0.8305608630180359,-0.5795722603797913,-0.936427354812622,0.9370239973068236,-1.7356809377670288,-1.269724726676941,-0.9099347591400146,0.4303540289402008,-1.3058124780654907,-0.9558136463165284,0.1123339310288429,-0.0665789470076561,1.0308687686920166,-0.1488493382930755,-0.8968073129653931,-0.0420683473348617,1.13336443901062,1.2126387357711792,-1.3768340349197388,-0.2867614030838012,-0.4295411705970764,-1.148534893989563,-1.2150778770446775,-0.9940807819366456,-0.8766273856163025,-0.5112951397895813,-0.9152844548225404,-0.7711354494094849,-0.9900010228157043,-0.8692612648010254,-0.2492630332708358,-1.526371717453003,-0.7603323459625244,-1.2359843254089355
final_train_00005,final_train,C1,17,early,0,early,0.2612206852652242,0.3065139353275299,0.9546598196029664,0.0304711237549781,0.0148691218346357,0.0453401803970336,0.1941054327723278,0,-0.4022814929485321,-0.947487771511078,1.5199270248413086,0.8024763464927673,1.0451042652130127,-0.3004292547702789,0.1512358486652374,1.6752692461013794,-0.9151939749717712,-0.11621855199337,-0.1963759213685989,-0.747319757938385,-0.6365192532539368,-0.9352333545684814,1.0695974826812744,-1.6445177793502808,-1.2209290266036987,-0.9027857184410096,0.419226586818695,-1.0691698789596558,-1.291853904724121,-0.1681147962808609,-0.1233803555369377,1.037567973136902,-0.1358967423439026,-0.8450143337249756,0.1578232049942016,1.4416258335113523,1.108437180519104,-1.3081339597702026,-0.6928851008415222,-0.407222181558609,-1.1176446676254272,-1.1578166484832764,-1.0557825565338137,-0.8980231285095215,-0.4401685893535614,-0.911484956741333,-0.4656112790107727,-0.9330279231071472,-0.9136360883712769,-0.2711547017097473,-1.5217677354812622,-0.7570541501045227,-1.2080737352371216
final_train_00006,final_train,C1,18,early,0,early,0.2703104335047634,0.3062337934970855,0.9546602368354796,0.0303235817700624,0.0150161860510706,0.0453397631645202,0.1941990488875131,0,-0.4036523103713989,-1.0172314643859863,1.4771971702575684,0.8065778017044067,1.060619592666626,-0.1960749477148056,0.1767933964729309,1.6752692461013794,-0.943915605545044,-0.1494717746973037,-0.1112216338515281,-0.6748115420341492,-0.5771009922027588,-0.9629135131835938,1.066476345062256,-1.7061864137649536,-1.2928069829940796,-0.8846079111099243,0.3779264688491821,-1.1491643190383911,-2.032116413116455,-0.1438360214233398,-0.2720204591751098,1.013771891593933,-0.1410302817821502,-0.9563417434692384,0.1766983270645141,1.4416258335113523,1.056648850440979,-1.3669360876083374,-0.7031993865966797,-0.5806112289428711,-1.18290114402771,-1.1416975259780884,-1.002527117729187,-0.8594146370887756,-0.3213595151901245,-0.8845367431640625,-0.4665985405445099,-0.9083804488182068,-0.973007321357727,-0.241876408457756,-1.6577469110488892,-0.7370429039001465,-1.187414288520813
final_train_00007,final_train,C1,19,early,0,early,0.2781347032038214,0.3062550127506256,0.9546783566474916,0.0302257016301155,0.0150959314778447,0.0453216433525085,0.1941927824944074,0,-0.4069778621196747,-1.0662237405776978,1.441909909248352,0.7858145833015442,1.0745017528533936,-0.0679176449775695,0.1794103384017944,1.6752692461013794,-0.9515457153320312,-0.2761938869953155,-0.1418202817440033,-0.8497306704521179,-0.7708885073661804,-0.9493116736412048,0.993169903755188,-1.703732967376709,-1.245146632194519,-0.9209936857223512,0.3429138362407684,-1.2295758724212646,-2.066976547241211,-0.2561109662055969,-0.2770493030548095,0.9018582701683044,-0.1379898786544799,-1.0556910037994385,-0.2669322788715362,1.3118315935134888,1.1135340929031372,-1.3884605169296265,-0.7124279141426086,-0.587890625,-1.246829628944397,-1.1495145559310913,-1.2410169839859009,-0.8286641240119934,-0.4431127309799194,-0.9210824966430664,-0.6265799403190613,-0.914134919643402,-0.8495463132858276,-0.2415741533041,-1.862410068511963,-0.7691256999969482,-1.3953818082809448
final_train_00008,final_train,C1,20,early,0,early,0.284786393978896,0.3062621653079986,0.9547033309936525,0.0301109794527292,0.0151855833828449,0.0452966690063476,0.1941702940100583,0,-0.4031569361686706,-1.0458611249923706,1.4167557954788208,0.783358633518219,1.0869957208633425,-0.0986771062016487,0.1836044490337371,1.6752692461013794,-0.8445132374763489,-0.3552911877632141,-0.1595050245523452,-0.9667574167251588,-0.7131941318511963,-0.9703860282897948,1.1372058391571045,-1.695833444595337,-1.249702215194702,-0.9202656745910645,0.3117311298847198,-1.141723394393921,-2.098350524902344,-0.3690509498119354,-0.3842368423938751,0.96902596950531,-0.1396188139915466,-0.985778033733368,-0.5901688933372498,1.3183213472366333,1.0589252710342407,-1.372998595237732,-0.7207335829734802,-0.6983740329742432,-1.2027225494384766,-1.112516164779663,-1.0766851902008057,-0.8010609745979309,-0.5679087042808533,-0.8968448638916016,-0.4597391784191131,-0.8783891201019287,-0.9829232692718506,-0.2573389410972595,-1.8953274488449097,-0.7678238749504089,-1.2773261070251465
final_train_00009,final_train,C1,21,early,0,early,0.290353966081007,0.3087629079818725,0.9536685943603516,0.0302993562072515,0.0160320419818162,0.0463314056396484,0.1979313505994137,0,0.3101541399955749,-2.130615234375,-0.0033676135353744,0.2275001257658004,-0.3712241351604461,0.8174148797988892,0.0409852005541324,0.3287697732448578,-1.3111088275909424,-0.7386455535888672,0.4257907271385193,0.1503775268793106,-1.2918161153793335,-0.741561770439148,1.986757755279541,-1.1361373662948608,-0.8887579441070557,-0.7883974313735962,-2.400367021560669,0.3948000073432922,-0.2343359589576721,-0.8531309962272644,-0.7234047055244446,0.4964266121387481,-0.1748389452695846,-2.200649738311768,1.1970739364624023,-0.7895993590354919,0.2195627987384796,-2.2403156757354736,1.2255659103393557,-0.9281052350997924,-2.3316073417663574,0.1086580827832222,-0.7862107157707214,-0.8292210698127747,0.6559224724769592,-0.4649294018745422,2.216015100479126,0.5267053246498108,-1.2713494300842283,-0.0730824321508407,-0.925308644771576,-0.6474024653434753,-1.0450881719589231
final_train_00010,final_train,C1,22,early,0,early,0.2949215912584859,0.3083017766475677,0.9540761709213256,0.0301575064659118,0.0157662499696016,0.0459238290786743,0.1964951936703838,0,0.05268145352602,-1.6823995113372805,0.0454518534243106,0.5762648582458496,0.1374571919441223,0.1507101505994796,0.0748544037342071,0.7405092716217041,-1.0132323503494265,-0.2729029059410095,0.1576003283262252,-0.3758787214756012,-0.7913777232170105,-0.6442248821258545,0.3512133061885834,-0.7943077683448792,-1.352091670036316,-0.8040993809700012,-2.2452914714813232,-1.3754512071609497,-0.5267978310585022,-0.7907552123069763,-0.6239461898803711,0.950617015361786,-0.1233091130852699,-1.425642967224121,0.157200276851654,0.3206754028797149,0.3014974892139435,-1.7385735511779783,0.5560771226882935,-0.7663692235946655,-1.833717465400696,0.0806039571762085,-0.850845992565155,-0.8542959094047546,0.0412715040147304,-0.5702142119407654,-1.557035207748413,0.487320214509964,-1.2378846406936646,-0.0711909309029579,-1.36680805683136,-0.6599968075752258,-0.8847408294677734
final_train_00011,final_train,C1,23,early,0,early,0.2985692998285967,0.3081865012645721,0.9540857076644896,0.0302048455923795,0.0157094653695821,0.0459142923355102,0.1964317837401474,0,0.0178832430392503,-1.672736406326294,0.0635642260313034,0.6111573576927185,0.189062550663948,0.3940284848213196,0.1318461596965789,0.7811509966850281,-0.8655972480773926,-0.2442389726638794,0.0638506188988685,-0.3460524380207062,-0.7884743809700012,-0.5782984495162964,0.2272054851055145,-0.7997262477874756,-1.1558712720870972,-0.9034177660942078,-2.201832771301269,-1.6192036867141724,-1.4849659204483032,-0.6967542767524719,-0.473969042301178,0.9449713230133056,-0.138497918844223,-1.36057448387146,-0.1095775216817855,0.369412362575531,0.4547930061817169,-1.6886192560195925,0.3564780056476593,-0.5519455671310425,-1.722543716430664,0.0478404238820076,-0.9674774408340454,-1.0607101917266846,-0.0988791808485984,-0.5283156633377075,-1.8450157642364504,0.4557097554206848,-0.7918758392333984,-0.0620658658444881,-1.4909679889678955,-0.7536330819129944,-0.6803922653198242
final_train_00012,final_train,C1,24,early,0,early,0.3013731241569073,0.3086109161376953,0.953926682472229,0.0302691981196403,0.0158041529357433,0.0460733175277709,0.1969875938195538,0,-0.126533567905426,-1.6661351919174194,0.085029013454914,0.6367940306663513,0.4341879785060882,0.5718132853507996,0.1638961136341095,0.8184059262275696,-0.9429435729980468,0.025406515225768,0.130664587020874,-0.1996809095144271,-0.5456683039665222,-0.6437867879867554,0.6932107210159302,-0.7431124448776245,-1.253406643867493,-0.9953691363334656,-2.1470813751220703,-1.0921251773834229,-1.8665313720703125,-0.3435108363628387,-0.5308546423912048,0.9413558840751648,-0.1362301856279373,-1.3020751476287842,0.010640506632626,0.4140879213809967,0.4540251195430755,-1.5860716104507446,-0.0895013213157653,-0.6726685762405396,-1.6862967014312744,0.0502736270427703,-0.9625118970870972,-0.9130221605300904,0.1509985625743866,-0.497337132692337,-0.8205733299255371,0.4512185454368591,-1.027366042137146,0.0571589991450309,-1.7378095388412476,-0.8363825082778931,-0.6012201309204102
final_train_00013,final_train,C1,25,early,0,early,0.3034055671124052,0.308933824300766,0.9535585641860962,0.0303494818508625,0.016092013567686,0.0464414358139038,0.1983115660356459,0,-0.255839079618454,-1.5900086164474487,0.1061256900429725,0.6056739687919617,0.3748418092727661,0.6076011061668396,0.1490909606218338,0.8526804447174072,-0.9007537961006165,-0.1539639085531234,-0.0101836267858743,-0.2905674874782562,-0.5981278419494629,-0.6834866404533386,0.8517464995384216,-0.6417399048805237,-1.3679602146148682,-1.0634795427322388,-2.085413694381714,-0.9160473942756652,-2.21757173538208,-0.3303739130496979,-0.5263180732727051,0.91403067111969,-0.133357748389244,-1.2311077117919922,0.178918719291687,0.3565458059310913,0.5467255711555481,-1.4865667819976809,-0.49980229139328,-0.6614511013031006,-1.5866109132766724,0.0097298780456185,-0.9711852073669434,-1.0994877815246582,-0.0602530129253864,-0.5605448484420776,-0.4745402336120605,0.4126335680484772,-0.8823665380477905,-0.001356181805022,-2.001002311706543,-0.9011595249176024,-0.7221669554710388
final_train_00014,final_train,C1,26,early,0,early,0.304808296554342,0.3086951971054077,0.9536929726600648,0.0302794370800256,0.016027508303523,0.0463070273399353,0.1978520169776058,0,-0.3709523677825928,-1.4955366849899292,0.1255647093057632,0.6582173109054565,0.8678714036941528,0.6536339521408081,0.1928304582834243,0.884318470954895,-0.8559637069702148,0.0051643978804349,-0.071268580853939,-0.2801183760166168,-0.4808720350265503,-0.5847777128219604,0.9320648908615112,-0.6532740592956543,-1.3234885931015017,-1.1166703701019287,-2.035728454589844,-0.8297327756881714,-2.2359135150909424,-0.3889403939247131,-0.5700191855430603,0.900903046131134,-0.1369124054908752,-1.0859434604644775,0.5346074104309082,0.4931293129920959,0.5180579423904419,-1.4163652658462524,-0.7571508288383484,-0.5935595035552979,-1.4712092876434326,-0.026204103603959,-0.8590245842933655,-1.1192584037780762,-0.0111034549772739,-0.4918014407157898,-0.3013993799686432,0.3788185715675354,-0.921967625617981,0.0629930794239044,-2.088921070098877,-0.9461506605148317,-0.4627533853054046
final_train_00015,final_train,C1,27,early,0,early,0.3057115883934917,0.3088741302490234,0.9535337090492249,0.0303119383752346,0.0161543525755405,0.0464662909507751,0.1984252970014281,0,-0.3218019604682922,-1.4606356620788574,0.1396052837371826,0.6699262261390686,0.884779155254364,0.6096175909042358,0.1954395174980163,0.913612961769104,-0.8964784145355225,-0.1815316975116729,-0.0350812152028083,-0.2984261214733124,-0.642808735370636,-0.6660520434379578,0.8524049520492554,-0.7932113409042358,-1.3140045404434204,-1.123598575592041,-2.0256872177124023,-0.92620587348938,-2.252896547317505,-0.3847078382968902,-0.589827835559845,1.0113658905029297,-0.146484762430191,-1.106863260269165,0.3389664888381958,0.6195955276489258,0.5282533168792725,-1.5268521308898926,-0.6447519063949585,-0.6688108444213867,-1.4414944648742676,-0.0454653315246105,-0.768488883972168,-1.0546696186065674,-0.0303556080907583,-0.5346237421035767,-0.4823971688747406,0.3490260243415832,-0.9704416394233704,-0.0042785122059285,-2.0592212677001958,-0.9549652338027954,-0.6004742980003357
final_train_00016,final_train,C1,28,early,0,early,0.3062348967301653,0.3089090585708618,0.9535565972328186,0.0303048361092805,0.0161385703831911,0.0464434027671813,0.1983444035631544,0,-0.3985467553138733,-1.4652247428894043,0.1503894478082656,0.6666678190231323,0.9004791975021362,0.626907229423523,0.2151665240526199,0.940814971923828,-0.9608829617500304,-0.2393500357866287,-0.0815358757972717,-0.4164025783538818,-0.7301259636878967,-0.7023053169250488,0.9358652234077454,-0.7916365265846252,-1.1072232723236084,-1.1120460033416748,-1.9977076053619385,-0.8358517289161682,-2.268666505813598,-0.5058602094650269,-0.6411219835281372,0.9614884257316588,-0.1390472799539566,-1.1218422651290894,0.2144320011138916,0.6489537358283997,0.4932876229286194,-1.5282305479049685,-0.765821635723114,-0.5688931345939636,-1.4422849416732788,-0.0544733703136444,-0.6600586175918579,-1.076575756072998,-0.0564269386231899,-0.5690531730651855,-0.301797866821289,0.3059770762920379,-0.9382633566856384,-0.0053267981857061,-2.158589601516724,-0.9440590739250184,-0.7284618020057678
final_train_00017,final_train,C1,29,early,0,early,0.3064874039598791,0.3099898993968963,0.9530200362205504,0.0305270757526159,0.0164529960602521,0.0469799637794494,0.2002057800243575,0,-0.3861196041107178,-1.4583561420440674,0.171206846833229,0.6496480107307434,0.833239734172821,0.7220076322555542,0.1994887888431549,0.9661409854888916,-0.9035696983337402,-0.356404960155487,-0.0374756194651126,-0.3474591374397278,-0.6412864923477173,-0.6403475403785706,0.7697209715843201,-0.8350908756256104,-1.261031985282898,-1.0343245267868042,-1.9607903957366943,-1.030564785003662,-2.4203848838806152,-0.4509691298007965,-0.6122982501983643,0.9728782773017884,-0.1408114284276962,-1.1556580066680908,0.2740280032157898,0.42117440700531,0.5301345586776733,-1.5437872409820557,-0.769708514213562,-0.6308009028434753,-1.4289937019348145,-0.0586218386888504,-0.8300744891166687,-1.1602113246917725,-0.0609088279306888,-0.6167444586753845,-0.6741694211959839,0.3355650603771209,-0.7267144322395325,-0.0380151942372322,-2.2611324787139893,-0.8784223794937134,-0.8650333285331726
final_train_00018,final_train,C1,30,early,0,early,0.3065685515019318,0.3095602989196777,0.9531861543655396,0.0304684694856405,0.016345378011465,0.0468138456344604,0.199624280445942,0,-0.4304043352603912,-1.4709702730178833,0.1863056123256683,0.664196789264679,1.166123867034912,0.8572975397109985,0.2355626821517944,0.9897785782814026,-0.8384734392166138,-0.1915622055530548,-0.0541788153350353,-0.2160090059041977,-0.5509669184684753,-0.5806085467338562,0.8575382828712463,-0.82164067029953,-1.164731740951538,-0.944926917552948,-1.9202651977539065,-0.8377782702445984,-2.429520606994629,-0.2865715026855469,-0.5446884036064148,0.911275327205658,-0.1403897106647491,-1.1042137145996094,0.2472707629203796,0.7017985582351685,0.4826688766479492,-1.500236988067627,-0.7733362913131714,-0.533397376537323,-1.3411325216293335,-0.0594239234924316,-0.7950836420059204,-0.9938129782676696,-0.0761612057685852,-0.5917897820472717,-0.4834184944629669,0.3384270668029785,-0.6783539652824402,0.0263706352561712,-2.2807772159576416,-0.7930959463119507,-0.7410181760787964
final_train_00019,final_train,C1,31,early,0,early,0.3065685515019318,0.3097630441188812,0.9531994462013244,0.0304575860500335,0.0163430273532867,0.0468005537986755,0.1995814194021886,0,-0.499670535326004,-1.488368034362793,0.1952645033597946,0.6618093252182007,1.1712290048599243,0.9749208092689514,0.2432620674371719,1.01189124584198,-0.9778615832328796,-0.3989933729171753,-0.0768792405724525,-0.3231130242347717,-0.6718769073486328,-0.6470904350280762,0.9453868269920348,-0.8146681785583496,-1.4892895221710205,-0.8369355201721191,-1.8895790576934812,-0.7438995242118835,-2.4380669593811035,-0.4628535509109497,-0.5335052013397217,0.9490275382995604,-0.1371238380670547,-1.1264371871948242,0.0209894217550754,0.725663959980011,0.4513046443462372,-1.479725003242493,-0.7767300009727478,-0.5588825941085815,-1.365471601486206,-0.0513341017067432,-0.9269438982009888,-0.9431723356246948,-0.0418501570820808,-0.664551854133606,-0.1012902408838272,0.3186372220516205,-0.6853491067886353,-0.0392388477921485,-2.5232396125793457,-0.6933902502059937,-0.9649983048439026
final_train_00020,final_train,C1,32,early,0,early,0.3065685515019318,0.3098668754100799,0.9532121419906616,0.0304207764565944,0.0163670927286148,0.0467878580093383,0.1995551195402146,0,-0.4569388628005981,-1.4504214525222778,0.2074818313121795,0.6853604912757874,1.1760149002075195,0.902687668800354,0.2482390701770782,1.0326217412948608,-0.9841983318328856,-0.4261725842952728,-0.0251976959407329,-0.3929570317268371,-0.6923817992210388,-0.5988527536392212,0.7699567675590515,-0.926777482032776,-1.320536971092224,-0.666721522808075,-1.885305404663086,-0.749927282333374,-2.321890354156494,-0.3930268287658691,-0.5525271892547607,0.9019140005111694,-0.1470498293638229,-1.1720478534698486,-0.0238703414797782,0.7480377554893494,0.3931561112403869,-1.6128935813903809,-0.681281566619873,-0.5699067711830139,-1.377527356147766,-0.0728992372751236,-0.6035645604133606,-0.8515082001686096,0.0035407277755439,-0.614441990852356,-0.3020414412021637,0.3006191253662109,-0.6917598843574524,-0.0377508103847503,-2.346510171890259,-0.5347864031791687,-0.8626173734664917
final_train_00021,final_train,C1,33,early,0,early,0.3065685515019318,0.3093853294849396,0.9535846710205078,0.0305758155882358,0.0158394742757082,0.0464153289794921,0.1980809980347715,0,-1.111917495727539,-0.3662068545818329,0.0788808912038803,0.7544282674789429,1.2524455785751345,0.0909040197730064,0.3268870711326599,0.2731292843818664,-0.5424333810806274,0.3377087414264679,-0.3526025116443634,-1.4552732706069946,-0.2073529958724975,-0.7405640482902527,3.0419156551361084,-0.2726626098155975,-0.742885947227478,-1.306544303894043,-1.865582823753357,0.6563723087310791,-2.4536056518554688,-0.4277079403400421,-1.1173781156539917,1.175150752067566,-0.0731156021356582,0.3228188753128052,-0.6199997067451477,0.9932456612586976,1.5090773105621338,-0.2336426824331283,-0.7829003930091858,-1.3551567792892456,-0.1562269330024719,-1.0059734582901,-0.5029498934745789,-1.619914174079895,-1.1072945594787598,-0.863172173500061,3.474741220474243,-0.7515267133712769,0.8767662644386292,-0.0508839227259159,-2.504307270050049,-1.1296414136886597,-0.4855825304985046
final_train_00022,final_train,C1,34,early,0,early,0.3065685515019318,0.3089742958545685,0.9539515376091005,0.0304180923849344,0.0156303513795137,0.0460484623908996,0.1968054072563593,0,-0.8670561909675598,-1.0075020790100098,0.0565627589821815,0.7396529912948608,1.2545613050460815,-0.1291417479515075,0.3633198142051697,0.1631575375795364,-0.5809895396232605,-0.2480141967535019,-0.1439551264047622,-1.3044610023498535,-0.5297113656997681,-0.7317889332771301,0.6426267027854919,-0.8816279172897339,-1.4298124313354492,-0.8927503824234009,-2.0406925678253174,-2.337651252746582,-2.4606895446777344,-0.8623266220092773,-1.6294317245483398,1.0999717712402344,-0.1734448969364166,-0.7798675894737244,-1.0374116897583008,0.8613691329956055,0.9158400297164916,-1.0633273124694824,-0.6928851008415222,-1.918717741966248,-1.0218710899353027,-0.9404276609420776,-0.8058143854141235,-0.732757031917572,-0.9775150418281556,-0.6929435133934021,-1.8978688716888428,-0.6868656873703003,-0.7115903496742249,-0.0796796754002571,-2.793086290359497,-0.7447304129600525,-0.7642527222633362
final_train_00023,final_train,C1,35,early,0,early,0.3065685515019318,0.3087579011917114,0.9541239142417908,0.0304525475949049,0.0154235493391752,0.0458760857582092,0.1961382262813014,0,-0.9400064945220948,-1.0350370407104492,0.0518331639468669,0.6878206133842468,1.1887319087982178,-0.0272686760872602,0.3405635058879852,0.0594698823988437,-0.9451809525489808,-0.5584797859191895,-0.2031633853912353,-1.3937880992889404,-0.8741281628608704,-0.6834431290626526,0.4018736183643341,-0.925610363483429,-1.513725996017456,-0.3653903603553772,-2.0601930618286133,-2.1090376377105717,-2.467368602752685,-0.9254425168037416,-1.6538559198379517,1.0379892587661743,-0.1417044848203659,-1.070286989212036,-1.3107420206069946,0.6665686964988708,0.7908947467803955,-1.1818561553955078,-0.6981895565986633,-2.067281723022461,-1.126126408576965,-0.9061601161956788,-0.8269755840301514,-0.4606867730617523,-1.0021235942840576,-0.8380518555641174,-2.04496431350708,-0.6418609023094177,-0.3580010831356048,-0.1802612841129303,-2.9912772178649902,-0.2513328492641449,-1.2411141395568848
final_train_00024,final_train,C1,36,early,0,early,0.3065685515019318,0.308780699968338,0.9542432427406312,0.0304888598620891,0.0152679113671183,0.0457567572593688,0.1956669853815792,0,-0.9552886486053468,-1.22355055809021,0.0501061305403709,0.683252215385437,1.2584401369094849,0.3313971757888794,0.3904551565647125,0.0329479202628135,-0.9292283058166504,-0.5624853372573853,-0.2363922894001007,-1.3465356826782229,-0.8640987873077393,-0.6323634386062622,0.660697877407074,-0.7542290091514587,-1.4821126461029053,-0.4091669917106628,-2.0234947204589844,-1.7099378108978271,-2.4736766815185547,-0.9822542071342468,-1.6605857610702517,0.8424323201179504,-0.1310431063175201,-1.205062747001648,-1.1809840202331543,0.6195955276489258,0.7158194780349731,-1.054998517036438,-0.7031993865966797,-2.053529024124145,-1.2257128953933716,-0.8926253914833069,-1.004508137702942,-0.3148223757743835,-1.045841097831726,-0.72458815574646,-1.4632582664489746,-0.6267373561859131,-0.6207311153411865,-0.1429909318685531,-3.0963919162750244,-0.2904718816280365,-1.032780647277832
final_train_00025,final_train,C1,37,early,0,early,0.3065685515019318,0.3090350031852722,0.9542450308799744,0.0305847227573394,0.0151701904833316,0.0457549691200256,0.1955992757833461,0,-1.0016759634017944,-0.9760565161705016,0.0626169219613075,0.6651660203933716,1.0677483081817627,0.2331136614084243,0.333283394575119,0.146810382604599,-0.9816807508468628,-0.6232976317405701,-0.2337414026260376,-1.2387363910675049,-0.7098381519317627,-0.7570875883102417,1.0881057977676392,-0.701173722743988,-1.294593095779419,-0.9926614165306092,-1.9813334941864011,-1.3175101280212402,-2.479643583297729,-0.7038163542747498,-1.690440058708191,0.9527409672737122,-0.1339296847581863,-1.124292254447937,-0.9798421859741212,0.5751614570617676,0.7136984467506409,-0.9752970933914183,-0.7932400107383728,-1.947035789489746,-1.1174254417419434,-0.5465115904808044,-0.9550215005874634,-0.9871892929077148,-0.9421648383140564,-0.7892007231712341,-0.5132780075073242,-0.2312859445810318,-0.8554196953773499,-0.1860955208539962,-3.14125919342041,-0.8386478424072266,-1.1124308109283447
final_train_00026,final_train,C1,38,early,0,early,0.3065685515019318,0.308789849281311,0.9544708132743835,0.0304308626800775,0.0150983342900872,0.0455291867256164,0.1948459793757597,0,-0.997971534729004,-1.110688328742981,0.0652872696518898,0.6770482063293457,1.2619106769561768,0.4900499284267425,0.3971653878688812,0.1193858832120895,-1.073670744895935,-0.6798362731933594,-0.2471846342086792,-1.3034676313400269,-0.8442923426628113,-0.7858726382255554,1.2576873302459717,-0.7518861293792725,-1.5865262746810913,-1.2655456066131592,-1.9857165813446045,-1.1199419498443604,-2.4852964878082275,-0.7333590388298035,-1.65586519241333,0.8540757298469543,-0.1440411955118179,-1.178180456161499,-1.1091761589050293,0.6628602743148804,0.7878556251525879,-1.0752373933792114,-0.7954847812652588,-1.964783787727356,-1.096200704574585,-0.1553437113761901,-0.8886991143226624,-1.4494132995605469,-0.9387649297714232,-0.7659976482391357,-0.1330106109380722,0.2319536805152893,-0.7386475801467896,-0.2152740806341171,-3.066322326660156,-1.0918893814086914,-1.035221815109253
final_train_00027,final_train,C1,39,early,0,early,0.3065685515019318,0.3085843324661255,0.9545345306396484,0.0305236428976058,0.0149418152868747,0.0454654693603515,0.1945453552701429,0,-1.0203453302383425,-1.0792334079742432,0.0764770805835723,0.6996296644210815,1.1417768001556396,0.61753910779953,0.3855427801609039,0.3570180237293243,-1.1503655910491943,-0.6391634345054626,-0.2757799923419952,-1.3373525142669678,-0.9094796180725098,-0.8117902874946594,0.8190166354179382,-0.7243521809577942,-1.44168221950531,-0.8592227101325989,-1.9610717296600344,-1.3167130947113037,-2.490659713745117,-0.7583640217781067,-1.6578521728515625,0.8965960144996643,-0.1384050250053405,-1.107316493988037,-1.1516097784042358,0.8092948198318481,0.5666077136993408,-1.0650736093521118,-0.7976144552230835,-1.9639413356781008,-1.0534099340438845,-0.1273274272680282,-1.171350121498108,-1.0381640195846558,-0.9898971319198608,-0.8549454212188721,-0.7158591151237488,0.2545533180236816,-0.6787860989570618,-0.1948827505111694,-3.055096387863159,-0.7152523994445801,-1.2297362089157104
final_train_00028,final_train,C1,40,early,0,early,0.3065685515019318,0.3084124624729156,0.9546173214912416,0.0305408779531717,0.0148418471217155,0.0453826785087585,0.1942207235545757,0,-0.9971486330032348,-1.155326008796692,0.0801019743084907,0.710396945476532,1.2650341987609863,0.7447530627250671,0.4205424189567566,0.389974296092987,-1.1030877828598022,-0.6312430500984192,-0.2741669416427612,-1.2693383693695068,-0.8896340131759644,-0.5585210919380188,0.9088186025619508,-0.7361090779304504,-1.6642636060714722,-0.312228113412857,-1.9530298709869385,-0.8144826292991638,-2.4957544803619385,-0.8280850648880005,-1.6808327436447144,0.7893632650375366,-0.1420960575342178,-1.1843847036361694,-1.1177505254745483,0.8251031041145325,0.2808673083782196,-1.1025606393814087,-0.7996376156806946,-1.980579495429993,-1.0901525020599363,-0.0783698484301567,-1.0144299268722534,-0.605914294719696,-0.959786295890808,-0.7875368595123291,-0.3225586116313934,0.2958811521530151,-0.7523385286331177,-0.1765118390321731,-3.081545114517212,-0.2025810927152633,-1.0853990316390991
final_train_00029,final_train,C1,41,early,0,early,0.3065685515019318,0.3086057901382446,0.954441487789154,0.0307998321950435,0.0147587740793824,0.0455585122108459,0.1947159720642484,0,-1.0059326887130735,-1.1277611255645752,0.0918521136045456,0.7340673208236694,1.266481637954712,0.9146583676338196,0.457418292760849,0.4213229417800903,-1.0749492645263672,-0.6832894682884216,-0.2422104328870773,-1.211451530456543,-0.6770570278167725,-0.7232282161712646,0.7309079170227051,-0.72732013463974,-1.6280122995376587,-0.395644873380661,-1.924811840057373,-1.0200997591018677,-2.500601053237915,-0.5786271095275879,-1.6272138357162476,0.8445374965667725,-0.1389247775077819,-1.1210747957229614,-1.0883506536483765,1.2010315656661987,0.3190349340438843,-1.1054950952529907,-0.8015621304512024,-1.8706965446472168,-1.0108585357666016,-0.07063490152359,-0.9379628300666808,-0.8581223487854004,-0.8233451843261719,-0.829045295715332,-0.7205580472946167,0.2955732047557831,-0.6301552653312683,-0.2104621231555938,-3.0334150791168213,-0.282231867313385,-1.127546310424805
final_train_00030,final_train,C1,42,early,0,early,0.306573991186115,0.3079460263252258,0.9546309113502502,0.0306419692933559,0.0147271249443292,0.0453690886497497,0.1941021368123177,0,-0.9646141529083252,-1.1289101839065552,0.0973622128367424,0.7088265419006348,1.211340069770813,1.017244815826416,0.4512858390808105,0.4511788189411163,-1.0229251384735107,-0.5914669036865234,-0.22390016913414,-1.1557934284210205,-0.7340059280395508,-0.6762510538101196,1.095096468925476,-0.7265725135803223,-1.5149798393249512,-0.9638509750366212,-1.9144216775894165,-0.91849285364151,-2.505216598510742,-0.5253962874412537,-1.6394492387771606,0.8564577102661133,-0.1416102051734924,-1.13508403301239,-1.0576835870742798,0.8544613122940063,0.5820194482803345,-1.149356722831726,-0.7282482385635376,-1.926409125328064,-1.0042474269866943,-0.1445418298244476,-1.1769732236862185,-1.2371079921722412,-0.8831929564476013,-0.8707727789878845,-0.1168026849627494,0.2831446230411529,-0.7135295867919922,-0.1596471071243286,-3.0430140495300293,-0.8169650435447693,-1.2324599027633667
final_train_00031,final_train,C1,43,early,0,early,0.3071984571013968,0.3077532649040222,0.9546049237251282,0.0307136848568916,0.0146813532337546,0.0453950762748718,0.1941527155566709,0,-0.9655774235725404,-1.1062523126602173,0.1061290949583053,0.7747807502746582,1.269174575805664,0.9905858039855956,0.4981876313686371,0.5394272208213806,-1.037961721420288,-0.5580401420593262,-0.1952693164348602,-1.1332173347473145,-0.627088725566864,-0.7606863379478455,1.184808611869812,-0.7273945212364197,-1.4430391788482666,-1.2425488233566284,-1.8926547765731807,-1.0241706371307373,-2.4171979427337646,-0.4416811168193817,-1.6155046224594116,0.7725126147270203,-0.1396984457969665,-1.1477104425430298,-0.9350952506065368,1.4416258335113523,0.7429409623146057,-1.111426830291748,-0.8051425814628601,-1.8157083988189695,-0.9801347851753236,-0.1478123068809509,-1.1069726943969729,-1.401270627975464,-0.8298528790473938,-0.7758462429046631,-0.1214289963245391,0.2352251261472702,-0.5987799167633057,-0.1493190228939056,-2.908994674682617,-1.0722318887710571,-0.9605388641357422
final_train_00032,final_train,C1,44,early,0,early,0.3084141906933186,0.3074972331523895,0.9545570015907288,0.0307500977069139,0.014692879281938,0.0454429984092712,0.1943103790923003,0,-0.9582734107971193,-1.022162675857544,0.1171709895133972,0.8002902269363403,1.2164782285690308,1.0097887516021729,0.4863013327121734,0.565241813659668,-0.9455573558807372,-0.4750221073627472,-0.1284511536359787,-1.1057114601135254,-0.3582082092761993,-0.5617380738258362,0.9045041799545288,-0.6736276149749756,-1.4165465831756592,-0.8445498943328857,-1.8525727987289429,-1.024891018867493,-2.3331801891326904,-0.2447445392608642,-1.5339971780776978,0.8403658270835876,-0.1364264339208603,-1.0761752128601074,-0.5786194205284119,1.4416258335113523,0.5220282673835754,-1.0297542810440063,-0.806810736656189,-1.6849305629730225,-0.92099267244339,-0.1348330080509185,-0.9247507452964784,-1.2346558570861816,-0.692640483379364,-0.7368941307067871,-0.3310050368309021,0.2445113956928253,-0.4601120352745056,-0.1102659553289413,-2.8243815898895264,-0.6926485300064087,-0.8088423013687134
final_train_00033,final_train,C1,45,early,0,early,0.3101936943077262,0.3072044253349304,0.9548190832138062,0.0304927732795476,0.0146880513057112,0.0451809167861938,0.1934864297806281,0,-0.9885900020599364,-1.1678049564361572,0.1288451701402664,0.7209064364433289,1.2716281414031982,1.3446526527404783,0.4992454648017883,0.7041574716567993,-1.131623148918152,-0.7050913572311401,-0.2639721035957336,-1.1509636640548706,-0.7552525997161865,-0.5268926024436951,0.8113983273506165,-0.667963981628418,-1.559917688369751,-0.194238543510437,-1.833142161369324,-0.6020983457565308,-2.5178325176239014,-0.5702518820762634,-1.5462971925735474,0.7221983671188354,-0.1419653743505478,-1.132108211517334,-1.0280383825302124,1.16761577129364,0.1803916692733764,-1.0794997215270996,-0.8084047436714172,-1.8269498348236084,-0.9381438493728638,0.1903340518474578,-1.3591842651367188,-0.8456116914749146,-0.8898061513900757,-0.8534443974494934,-0.1253276169300079,0.6040585041046143,-0.5050047636032104,-0.2077653706073761,-2.8875961303710938,-0.0943806394934654,-1.1330976486206057
final_train_00034,final_train,C1,46,early,0,early,0.3125097736542056,0.3071514070034027,0.9548300504684448,0.0304996334016323,0.0146702378988265,0.0451699495315551,0.1934402185223789,0,-0.969947874546051,-1.07726788520813,0.1371843814849853,0.8084850311279297,1.2211695909500122,1.2185322046279907,0.4922510385513305,0.7252686023712158,-1.0852396488189695,-0.4327313601970672,-0.1353509575128555,-1.035239815711975,-0.4554551541805267,-0.4820207953453064,1.0024548768997192,-0.69959557056427,-1.446255087852478,-0.3027427792549133,-1.818809032440185,-1.0359894037246704,-2.003319025039673,-0.236339271068573,-1.5341445207595823,0.7485570907592773,-0.1429469585418701,-1.1158660650253296,-0.7004489898681641,1.4416258335113523,0.4977164566516876,-1.081424117088318,-0.8099294304847717,-1.6966567039489746,-0.9114846587181092,-0.7439298629760742,-0.8494473695755005,-0.4662287831306457,-0.6728401184082031,-0.7561595439910889,-0.339472621679306,-0.4719215035438537,-0.5032814145088196,-0.0767513290047645,-2.6521713733673096,-0.1888293921947479,-0.8519235849380493
final_train_00035,final_train,C1,81,early,0,early,0.3653598274439764,0.3079195618629455,0.9547622799873352,0.0304498169571161,0.0147879989817738,0.0452377200126647,0.1937310496933153,0,-1.0587728023529053,-1.6375781297683716,0.4169208407402038,1.0545876026153564,1.2834519147872925,1.7449495792388916,0.9288299083709716,1.3650256395339966,-1.5234512090682983,-0.1072309389710426,-0.4297166764736175,-0.9493730664253236,0.0084564685821533,-0.6622911095619202,1.1484544277191162,-0.5924575328826904,-0.759260892868042,-0.8998205661773682,-1.1899174451828003,-1.3331884145736694,1.1425485610961914,0.2688851058483124,-1.5368547439575195,0.1606331467628479,-0.1422880887985229,-0.7670944929122925,-0.6682921051979065,1.4416258335113523,0.5708155035972595,-0.4415811896324157,-0.8241251111030579,-1.5206626653671265,-0.642128050327301,-1.140297293663025,-1.4503483772277832,-0.6814055442810059,-0.567808210849762,-0.5395097136497498,-0.353231132030487,-0.9637784957885742,-0.3244763016700744,0.216601088643074,0.7914577126502991,-0.7483575940132141,-0.2614476978778839
final_train_00036,final_train,C1,82,early,0,early,0.3653598274439764,0.3078261911869049,0.9547855257987976,0.0305506438016891,0.0146638108417391,0.0452144742012023,0.1935756105916022,0,-1.028824806213379,-1.7131690979003906,0.4154352843761444,1.0615133047103882,1.2841455936431885,1.7424776554107666,0.9614306688308716,1.3267146348953247,-1.5112895965576172,-0.2602468729019165,-0.4459061324596405,-0.9795958399772644,-0.2033828496932983,-0.5474427342414856,1.0413216352462769,-0.6177316308021545,-0.8101192712783813,-0.4072384536266327,-1.1768717765808103,-0.9761991500854492,1.1448712348937988,0.0558340921998024,-1.560430884361267,0.1924787908792495,-0.1405797749757766,-0.8127868175506592,-0.5915364623069763,1.4416258335113523,0.4002941846847534,-0.389144092798233,-0.7715531587600708,-1.5247682332992554,-0.6966948509216309,-1.1329818964004517,-1.2991337776184082,-0.4808067679405212,-0.6439462900161743,-0.566920816898346,-0.1155888214707374,-0.952197015285492,-0.2771672904491424,0.1594129502773285,0.8290761709213257,-0.2981879115104675,-0.3898260593414306
final_train_00037,final_train,C1,83,early,0,early,0.3653598274439764,0.3078698515892029,0.9547335505485536,0.0307140257209539,0.0145523743703961,0.0452664494514465,0.193663150204382,0,-1.0260019302368164,-1.5882010459899902,0.4243908822536468,1.0273555517196655,1.2452521324157717,1.6904714107513428,0.950985848903656,1.3753670454025269,-1.5900646448135376,-0.2319832891225814,-0.4272216856479645,-0.9520124793052672,-0.192931592464447,-0.575459897518158,0.8277758955955505,-0.6288502812385559,-0.9308988451957704,-0.1431540846824646,-1.1508164405822754,-0.8578960299491882,1.1471164226531982,0.0378337204456329,-1.5558218955993652,0.1584761291742324,-0.1422591358423233,-0.8042401671409607,-0.6927312016487122,1.35942280292511,0.2550525069236755,-0.3753068745136261,-0.8259389400482178,-1.5092705488204956,-0.6159691214561462,-1.1175652742385864,-1.334716558456421,-0.297379583120346,-0.6120694279670715,-0.6854134202003479,-0.3598600029945373,-0.9131803512573242,-0.3434033989906311,0.1690279692411422,0.858059823513031,-0.0543730035424232,-0.5959947109222412
final_train_00038,final_train,C1,84,early,0,early,0.3653598274439764,0.3079384267330169,0.954600989818573,0.0308891870081424,0.0145098296925425,0.045399010181427,0.1940485062531402,0,-0.9933742880821228,-1.5857994556427002,0.4268454015254974,1.053619146347046,1.2076337337493896,1.6782865524291992,0.9341005086898804,1.3802834749221802,-1.4896641969680786,-0.2632111310958862,-0.4319015145301819,-0.9813293218612672,-0.2898139953613281,-0.5466675758361816,1.0434565544128418,-0.5981792211532593,-0.7978543043136597,-0.3116968274116516,-1.1350945234298706,-0.9801015853881836,1.1492880582809448,0.0427519083023071,-1.5456498861312866,0.1849112659692764,-0.141668289899826,-0.8870828747749329,-0.7315024137496948,1.4416258335113523,0.3223832547664642,-0.3762257993221283,-0.7750609517097473,-1.5287413597106934,-0.6489886045455933,-1.0958490371704102,-1.4300390481948853,-0.4323743879795074,-0.6192793250083923,-0.6694037914276123,-0.3610251247882843,-0.919670045375824,-0.4044069647789001,0.1733216196298599,0.910085141658783,-0.2025441825389862,-0.5939189791679382
final_train_00039,final_train,C1,85,early,0,early,0.3653598274439764,0.3077737092971802,0.954498827457428,0.0310469400137662,0.0144542912021279,0.045501172542572,0.1943290155081601,0,-0.9848074913024902,-1.5450929403305054,0.4254977405071258,1.11351215839386,1.2860925197601318,1.639020323753357,0.9954431056976318,1.3435802459716797,-1.504225730895996,-0.3169524073600769,-0.4512076675891876,-0.9721968173980712,-0.368330180644989,-0.5711489915847778,1.0427364110946655,-0.5261982083320618,-0.7677935361862183,-0.7758098840713501,-1.0999606847763062,-1.2236272096633911,1.1513895988464355,-0.0987241640686988,-1.477667212486267,0.2176548391580581,-0.1422533839941024,-0.799647867679596,-0.7888355851173401,1.4416258335113523,0.5946204662322998,-0.3131363689899444,-0.8276358246803284,-1.4719775915145874,-0.570068359375,-1.1059061288833618,-1.2768765687942505,-0.7622771859169006,-0.6256664395332336,-0.6344582438468933,-0.3621622323989868,-0.9252389073371888,-0.2052491903305053,0.1149475425481796,1.020840406417847,-0.6396093368530273,-0.4578701257705688
final_train_00040,final_train,C1,86,early,0,early,0.3653598274439764,0.3076265752315521,0.954469621181488,0.0311605613678693,0.0143697764724493,0.0455303788185119,0.1943606187461175,0,-0.9821643233299256,-1.5802489519119265,0.4308598935604095,1.024608135223389,1.2490200996398926,1.6646099090576172,0.9575048685073853,1.3896480798721311,-1.6060490608215332,-0.3795438110828399,-0.4288702309131622,-0.9672460556030272,-0.3592633605003357,-0.7384887933731079,1.1511024236679075,-0.5140747427940369,-1.1461889743804932,-1.1467474699020386,-1.0724449157714844,-1.3447448015213013,1.1534243822097778,-0.1439414769411087,-1.468030333518982,0.1992597132921219,-0.1425218433141708,-0.8666796088218689,-0.8860915303230286,1.324193000793457,0.7937130928039551,-0.2633764445781708,-0.8284438848495483,-1.52634596824646,-0.5894586443901062,-1.1564311981201172,-1.5670149326324463,-0.8866685628890991,-0.6749439239501953,-0.8139338493347168,-0.6105508208274841,-0.956954836845398,-0.2318118214607238,0.1065728738903999,1.0588499307632446,-0.9821402430534364,-0.866288959980011
final_train_00041,final_train,C1,87,early,0,early,0.3653598274439764,0.3076691627502441,0.954370141029358,0.0312772020697593,0.0143526792526245,0.045629858970642,0.1946583809276102,0,-0.9503911137580872,-1.5751818418502808,0.4305409491062164,1.034686803817749,1.2501976490020752,1.6760674715042114,0.9526841640472412,1.394110918045044,-1.477562665939331,-0.3811390101909637,-0.4482027590274811,-0.9214835166931152,-0.4523172676563263,-0.6668210625648499,1.2592756748199463,-0.5126938223838806,-0.7826184034347534,-1.1398849487304688,-1.057022213935852,-1.2194664478302002,1.2174900770187378,-0.2302443385124206,-1.3866809606552124,0.181471362709999,-0.1416166424751281,-0.8687430620193481,-0.8033447265625,1.4030932188034058,0.7542438507080078,-0.2698366045951843,-0.7799116373062134,-1.372949481010437,-0.5646896958351135,-1.1579129695892334,-1.515363335609436,-0.7844874262809753,-0.6847681999206543,-0.6673086881637573,-0.1112157180905342,-0.9824384450912476,-0.211775466799736,0.1100564673542976,1.1156249046325684,-0.9706904292106628,-0.5340445637702942
final_train_00042,final_train,C1,88,early,0,early,0.3653598274439764,0.3074655830860138,0.9544538259506226,0.0312562473118305,0.0142898876219987,0.0455461740493774,0.1943532130088107,0,-0.9503809809684752,-1.5435519218444824,0.4336400032043457,1.0165975093841553,1.178297519683838,1.6358115673065186,0.9275555610656738,1.398436427116394,-1.555952072143555,-0.2834276556968689,-0.3975415825843811,-0.8878146409988403,-0.3278965651988983,-0.7120097875595093,1.0353740453720093,-0.4812403917312622,-0.9365279078483582,-0.7552133798599243,-1.0361279249191284,-1.094208002090454,1.2795844078063965,-0.0980518534779548,-1.2165788412094116,0.1504493653774261,-0.1422361135482788,-0.9093664288520812,-0.7237929701805115,1.3278062343597412,0.6371628046035767,-0.2548962235450744,-0.8299853205680847,-1.2041585445404053,-0.5622215270996094,-1.1045769453048706,-1.2154475450515747,-0.7506978511810303,-0.5824463963508606,-0.6519920229911804,-0.3654614686965942,-0.9387461543083192,-0.0384689643979072,0.1877827942371368,1.1940724849700928,-0.6265257596969604,-0.5054912567138672
final_train_00043,final_train,C1,89,early,0,early,0.3653598274439764,0.3074977993965149,0.9543742537498474,0.0313701257109642,0.0142556680366396,0.0456257462501525,0.1945764295268641,0,-0.9299805164337158,-1.503035545349121,0.4396498799324035,1.004414200782776,1.2164782285690308,1.6091705560684204,0.9355773329734802,1.4026309251785278,-1.505748271942139,-0.2524018287658691,-0.3644437789916992,-0.8305258750915527,-0.2682845890522003,-0.5149132013320923,0.923096776008606,-0.4770210981369018,-0.820682168006897,-0.2482136487960815,-1.011644959449768,-0.8437846899032593,1.2795844078063965,0.0548445731401443,-1.350566267967224,0.1291373968124389,-0.1439122408628463,-0.8401636481285095,-0.7019445896148682,1.254800796508789,0.2959705293178558,-0.2422347366809845,-0.8307210206985474,-1.2825356721878052,-0.4685404896736145,-1.0710629224777222,-1.278185486793518,-0.3528263866901397,-0.4849187433719635,-0.5873035192489624,-0.1133743897080421,-0.8991830945014954,-0.24740831553936,0.1746979653835296,1.2146579027175903,-0.1581161618232727,-0.3051585853099823
final_train_00044,final_train,C1,90,early,0,early,0.3653598274439764,0.307630717754364,0.9542055726051332,0.0315235778689384,0.0142708299681544,0.0457944273948669,0.1951111753021727,0,-0.9046072959899902,-1.5342614650726318,0.4329626262187958,0.935353457927704,1.0763665437698364,1.6278529167175293,0.8888736963272095,1.368333101272583,-1.4126040935516355,-0.2946022450923919,-0.3129281401634216,-0.8680992126464844,-0.175992727279663,-0.3627033829689026,0.810806393623352,-0.4560742378234863,-0.8837966918945312,-0.1270273327827453,-0.9956333637237548,-0.719876229763031,1.2795844078063965,0.0513364784419536,-1.4517415761947632,0.0427648276090621,-0.1410377472639084,-0.971543312072754,-0.6260591149330139,1.0735526084899902,0.2123617231845855,-0.2139891237020492,-0.7372210025787354,-1.3602889776229858,-0.5301882028579712,-1.0747612714767456,-1.1889046430587769,-0.3937325477600097,-0.5945035815238953,-0.6263211369514465,-0.1163912713527679,-0.90397447347641,-0.2701135575771332,0.1945675760507583,1.2536989450454712,-0.0454930253326892,-0.4499072134494781
final_train_00045,final_train,C1,91,early,0,early,0.3653598274439764,0.307767242193222,0.9539492726325988,0.0317078605294227,0.0143428416922688,0.0460507273674011,0.1959579793159729,0,-0.8812134861946106,-1.4068074226379397,0.4365136325359344,0.9454245567321776,0.9752852916717528,1.586841344833374,0.8655877709388733,1.3728468418121338,-1.3304100036621094,-0.168546438217163,-0.3273628950119018,-0.8482663631439209,-0.2801704406738281,-0.5129086971282959,0.9252472519874572,-0.4446046650409698,-0.7219835519790649,-0.4744791090488434,-0.9672185182571412,-0.9765625,1.2795844078063965,-0.0796249434351921,-1.4177719354629517,0.1405388861894607,-0.1432230323553085,-0.8835237622261047,-0.5906016230583191,1.078965425491333,0.333581805229187,-0.1978540867567062,-0.6928851008415222,-1.3712400197982788,-0.4407679736614227,-1.1003261804580688,-1.1402596235275269,-0.4882951974868774,-0.5460485219955444,-0.6213428378105164,-0.376259982585907,-0.8967388868331909,-0.2449728995561599,0.2554182410240173,1.258384346961975,-0.367208182811737,-0.3782061338424682
final_train_00046,final_train,C1,92,early,0,early,0.3653598274439764,0.3079173564910888,0.9538552165031432,0.0317793637514114,0.0143654569983482,0.0461447834968566,0.1962657921409533,0,-0.8841648101806641,-1.4989253282546997,0.4318875670433044,0.9545537829399108,1.2555731534957886,1.6148004531860352,0.9214924573898317,1.339974880218506,-1.4428516626358032,-0.4321308732032776,-0.3729422390460968,-0.8922219276428223,-0.4388099610805511,-0.5280587077140808,1.1539061069488523,-0.4074469208717346,-0.8765076398849487,-1.0281659364700315,-0.9518709778785706,-0.9773760437965392,1.2795844078063965,-0.1768811047077179,-1.4536235332489014,0.1190090179443359,-0.1418823599815368,-0.9058732390403748,-0.638103187084198,1.084221363067627,0.6081417798995972,-0.1914900988340377,-0.8328002095222473,-1.432286262512207,-0.4634840786457062,-1.0824275016784668,-1.167333483695984,-0.6997374892234802,-0.5800133347511292,-0.7061290740966797,-0.1182932332158088,-0.9148318767547609,-0.2863650918006897,0.1021628603339195,1.2970609664916992,-0.8716223239898682,-0.5735906362533569
final_train_00047,final_train,C1,93,early,0,early,0.3653598274439764,0.3080745935440063,0.953737735748291,0.031879149377346,0.0143831465393304,0.0462622642517089,0.1966421826359391,0,-0.8732750415802002,-1.4783743619918823,0.4349343776702881,1.0006119012832642,1.2904682159423828,1.5944405794143677,0.9763782620429992,1.381487488746643,-1.463687539100647,-0.4247055947780609,-0.35988250374794,-0.8229657411575317,-0.4434743821620941,-0.5075631737709045,1.0374068021774292,-0.4030644297599792,-0.8296971321105957,-1.2434860467910769,-0.929186761379242,-1.2359415292739868,1.2795844078063965,-0.1978559792041778,-1.3918150663375854,0.196996584534645,-0.1440663784742355,-0.8230798244476318,-0.7360401153564453,1.371166110038757,0.702885091304779,-0.1780195981264114,-0.8334536552429199,-1.3031097650527954,-0.4017866551876068,-1.0870070457458496,-1.168379545211792,-0.9409568309783936,-0.5281628370285034,-0.7104356288909912,-0.3818846344947815,-0.9059767723083496,-0.1861864924430847,0.0834278464317321,1.3508392572402954,-1.0797559022903442,-0.5362071990966797
final_train_00048,final_train,C1,94,early,0,early,0.3653598274439764,0.3081502318382263,0.9536373615264891,0.0320546627044677,0.0143079096451401,0.0463626384735107,0.1968973279188645,0,-0.863297700881958,-1.4735981225967407,0.4307780861854553,0.9864435195922852,1.2575113773345947,1.583893060684204,0.935711145401001,1.3132143020629885,-1.416592717170715,-0.2899835109710693,-0.3550175130367279,-0.8426349759101868,-0.4100324809551239,-0.6989710330963135,0.9208980798721312,-0.3622114956378937,-0.7918948531150818,-0.9618807435035706,-0.8964609503746033,-1.105076551437378,1.2795844078063965,-0.2199648171663284,-1.349717140197754,0.1274836063385009,-0.1291001141071319,-0.8747259378433228,-0.643875777721405,1.302691102027893,0.4955616295337677,-0.1281734257936477,-0.8340886831283569,-1.1522704362869265,-0.3864978551864624,-1.0875641107559204,-1.1680206060409546,-0.8040607571601868,-0.5831434726715088,-0.7368317246437073,-0.3827314078807831,-0.90681254863739,-0.1834312975406646,0.1797414124011993,1.38152015209198,-0.8177621364593506,-0.5794264078140259
final_train_00049,final_train,C1,95,early,0,early,0.3653598274439764,0.3082956671714782,0.9533483982086182,0.0323829688131809,0.0142686013132333,0.0466516017913818,0.1977593231886784,0,-0.8390851616859436,-1.36695659160614,0.4282945692539215,0.9571159482002258,1.2254700660705566,1.5702680349349976,0.9173303246498108,1.2468376159667969,-1.2560293674468994,-0.3249038457870483,-0.3192339837551117,-0.7826052308082581,-0.311625063419342,-0.4284705519676208,0.9211259484291076,-0.2639407813549042,-0.7913634777069092,-0.4283950626850128,-0.8470293879508972,-0.7130562663078308,1.2795844078063965,-0.189858004450798,-1.3592979907989502,0.1425574719905853,-0.1256992071866989,-0.7939244508743286,-0.593075156211853,1.0991132259368896,0.2821455299854278,-0.0697469785809516,-0.7908704876899719,-1.173474669456482,-0.3123128414154053,-1.0537452697753906,-0.9454755783081056,-0.5336138010025024,-0.5738773941993713,-0.6019021272659302,-0.1189749762415885,-0.8624485731124878,-0.0969302803277969,0.1409132927656173,1.371612548828125,-0.3190785348415375,-0.2548041939735412
final_train_00050,final_train,C1,96,early,0,early,0.3653598274439764,0.3084698021411896,0.9529784321784972,0.0327980443835258,0.0142235485836863,0.0470215678215026,0.1988623304478763,0,-0.8327739834785461,-1.3272329568862915,0.4284580051898956,0.9317460656166076,1.1617881059646606,1.544179081916809,0.8929992318153381,1.2879201173782349,-1.3400822877883911,-0.4043023288249969,-0.3298632800579071,-0.811039388179779,-0.4193272590637207,-0.3261565268039703,0.6862984299659729,-0.2835541367530823,-0.5596357583999634,-0.1364223659038543,-0.8297772407531738,-0.4546254575252533,1.2795844078063965,-0.1466495394706726,-1.371798038482666,0.1276190131902694,-0.1291815638542175,-0.8180214762687683,-0.3766665756702423,0.9686768651008606,0.1247496306896209,-0.0645877122879028,-0.8353065848350525,-1.1883726119995115,-0.3304863572120666,-1.0188831090927124,-1.059961438179016,-0.4377871751785278,-0.5807028412818909,-0.6473675966262817,-0.1217028498649597,-0.8205767869949341,-0.1303529888391494,0.1014399826526641,1.38813579082489,-0.0333167724311351,-0.3723189830780029
final_train_00051,final_train,C1,97,early,0,early,0.3653598274439764,0.3091534376144409,0.9516648650169371,0.0338095016777515,0.0145256659016013,0.0483351349830627,0.2031027796734399,0,-0.6527040004730225,-0.4310319125652313,0.3042504787445068,0.5754256248474121,0.4261682331562042,0.0630124360322952,0.6439626812934875,0.4594497084617615,-0.7575432658195496,-0.6133435964584351,-0.4268204271793365,-0.406869113445282,-0.75168776512146,-0.7087620496749878,1.6321332454681396,-0.5396293997764587,0.8876140713691711,-1.4035488367080688,-0.8041261434555054,0.435102254152298,1.2258812189102173,-0.6632589101791382,-1.075650334358215,0.0576679073274135,-0.1011616364121437,-0.6501541137695312,-0.114663727581501,0.5085103511810303,0.7382839322090149,0.4900948107242584,-0.0255250744521617,-0.4874997138977051,-1.0345200300216677,-0.2290766686201095,0.7011368274688721,-1.515731930732727,-0.3984947502613067,-0.3145608603954315,1.728717565536499,0.0975338444113731,1.178337812423706,-0.2035198956727981,1.288739800453186,-1.234956979751587,-0.2833036482334137
final_train_00052,final_train,C1,98,early,0,early,0.3653598274439764,0.3092960119247436,0.9511805772781372,0.0340624079108238,0.0147569980472326,0.0488194227218627,0.2047491456075614,0,-0.6419572234153748,-0.5133376121520996,0.3403716087341308,1.0115015506744385,0.8812623620033264,0.0154155325144529,0.8272682428359985,0.6470332741737366,-0.4690020382404327,-0.3571408689022064,-0.3380925357341766,-0.1625519394874572,-0.2485629320144653,-0.548983097076416,-0.0252185352146625,-0.5170493721961975,0.3727330267429352,-1.014998197555542,-0.7308700084686279,-0.7486686706542969,1.2265971899032593,-0.2821204662322998,-1.100338339805603,0.1710453033447265,-0.1272512376308441,-0.5887186527252197,0.1104074269533157,1.4087446928024292,0.2705394327640533,0.4336499571800232,-0.0368986278772354,-0.3356201648712158,-1.1301236152648926,-0.13388192653656,0.8780944347381592,-1.100744366645813,-0.1709680557250976,-0.189181238412857,-1.2241342067718506,0.1986885815858841,0.6206871867179871,-0.0101774940267205,1.2375105619430542,-0.8709837198257446,-0.2418349236249923
final_train_00053,final_train,C1,99,early,0,early,0.3653598274439764,0.3111666440963745,0.9493690729141236,0.0354209616780281,0.0152099449187517,0.0506309270858764,0.2105518663143127,0,-0.6613855361938477,-0.4601178765296936,0.3468658328056335,0.9702833294868468,0.7621535658836365,0.048701774328947,0.7836978435516357,0.6943862438201904,-0.6231098175048828,-0.3445484042167663,-0.3533905446529388,0.0502151250839233,-0.2819195985794067,-0.4588775038719177,-0.12566938996315,-0.5107473731040955,0.3229861855506897,-0.6540672183036804,-0.7068098187446594,-0.360572874546051,1.2795844078063965,-0.25061896443367,-1.101877212524414,0.0964568257331848,-0.1275230348110199,-0.6124974489212036,0.2162002623081207,1.2793830633163452,0.0126406466588377,0.3705378770828247,-0.255615085363388,-0.3127355575561523,-1.0717594623565674,-0.0421198792755603,0.964369535446167,-0.8493757247924805,-0.1716131567955017,-0.1067056059837341,-0.9505258798599244,0.2710543572902679,0.5664936304092407,-0.001153671531938,1.2853156328201294,-0.5321967005729675,-0.0888623297214508
final_train_00054,final_train,C1,100,early,0,early,0.3653598274439764,0.3126412630081177,0.9480066299438475,0.0363400094211101,0.0156534202396869,0.0519933700561523,0.2149540210346952,0,-0.654667854309082,-0.5457963943481445,0.3422850370407104,0.9323395490646362,0.9852594137191772,0.1567683666944503,0.8272418975830078,0.6403564214706421,-0.6104450225830078,-0.2495370656251907,-0.3094818890094757,0.2530483305454254,-0.1798081248998642,-0.3165823221206665,-0.1078293994069099,-0.5273347496986389,0.1628608256578445,-0.5469738245010376,-0.6948379278182983,-0.2387337535619735,1.2795844078063965,-0.3165484666824341,-1.0187608003616333,0.1295484453439712,-0.1313299685716629,-0.6511818766593933,0.6938373446464539,1.0252728462219238,-0.0712061077356338,0.3102239966392517,-0.2637050151824951,-0.0952498167753219,-1.0491957664489746,-0.0757091045379638,1.5267854928970337,-0.6754591464996338,-0.0776238217949867,-0.1184296011924743,-0.9474583268165588,0.2476820349693298,0.4549671709537506,0.0759732648730278,1.31516432762146,-0.4371746480464935,-0.1240245029330253
final_train_00055,final_train,C1,101,early,0,early,0.3653598274439764,0.3157617151737213,0.9446915984153748,0.0387916043400764,0.0165168046951293,0.0553084015846252,0.225356911771245,0,-0.631385087966919,-0.4977149367332458,0.3500093221664428,0.9065558910369872,0.9896071553230286,0.2259126603603363,0.824543297290802,0.719537079334259,-0.4038470685482025,-0.2286299020051956,-0.2428940534591674,0.3987333178520202,0.0071233785711228,-0.308597594499588,0.1388920098543167,-0.5338678956031799,0.1838901937007904,-0.7977405786514282,-0.6675972938537598,0.0084710801020264,1.2795844078063965,-0.1553916931152343,-1.0196279287338257,0.0999544411897659,-0.1202526465058326,-0.6733211874961853,0.9005962610244751,0.8725279569625854,-0.0778019651770591,0.250022679567337,-0.1906603425741195,-0.1015036851167678,-0.9672804474830629,-0.0774926543235778,1.3690037727355957,-0.8800123333930969,-0.0297383908182382,-0.0296685583889484,-0.4003748595714569,0.2457669228315353,0.4132098853588104,0.0891682729125022,1.4307235479354858,-0.6764732003211975,0.0524778105318546
final_train_00056,final_train,C1,102,early,0,early,0.3653598274439764,0.3176044225692749,0.9435130953788756,0.0392297692596912,0.0172570738941431,0.0564869046211242,0.2293391367718162,0,-0.6407361030578613,-0.4820478856563568,0.3473750948905945,0.9460298418998718,1.1741368770599363,0.2658888399600982,0.8693512678146362,0.6990958452224731,-0.4648382067680359,-0.2048249542713165,-0.3088194727897644,0.4172552525997162,-0.1776532679796219,-0.3871784508228302,0.2645374238491058,-0.5054049491882324,0.0616546496748924,-1.1472997665405271,-0.6434021592140198,-0.1364140063524246,1.2795844078063965,-0.194144070148468,-0.9271045327186584,0.0646793097257614,-0.1257857233285904,-0.5946139693260193,0.7275974154472351,1.0982460975646973,0.042812917381525,0.2360411882400512,-0.3192219138145447,-0.093693621456623,-0.9009237289428712,-0.038323525339365,1.1593244075775146,-0.9125677943229676,-0.0786349475383758,-0.1361661106348037,-0.1271964013576507,0.2625163495540619,0.4558374285697937,0.0980575755238533,1.3835084438323977,-1.0050994157791138,-0.0987668260931968
final_train_00057,final_train,C1,103,early,0,early,0.3653598274439764,0.3209513425827026,0.93910950422287,0.0423763990402221,0.0185140185058116,0.0608904957771301,0.2428638577464534,0,-0.6167798638343811,-0.5513688325881958,0.343877375125885,0.9455624222755432,0.8199380040168762,0.3251661956310272,0.8053529858589172,0.6470332741737366,-0.2879291772842407,-0.2847904860973358,-0.3270903527736664,0.2699218392372131,-0.2353948652744293,-0.3641557991504669,0.2715619504451751,-0.4769602119922638,0.0057598385028541,-1.429332971572876,-0.6196737289428711,-0.2775702178478241,1.2795844078063965,-0.2857629358768463,-0.9595407247543336,0.1076680198311805,-0.1231740713119506,-0.5912075638771057,0.5502874255180359,1.164190649986267,0.0471314825117588,0.2095975577831268,-0.2473093867301941,-0.1074111387133598,-0.9078067541122437,-0.0826220288872718,0.8014785051345825,-0.9821446537971495,-0.2418880760669708,-0.1091321632266044,-0.4051687717437744,0.2309164255857467,0.2809244096279144,0.0645333081483841,1.399558186531067,-1.2709730863571167,-0.0930204391479492
final_train_00058,final_train,C1,104,early,0,early,0.3653598274439764,0.3234797120094299,0.9372488856315612,0.0432866364717483,0.019464436918497,0.0627511143684387,0.2487953107843006,0,-0.6220961809158325,-0.5301133394241333,0.351759135723114,0.982668161392212,1.2657668590545654,0.365007221698761,0.8861914277076721,0.7866702675819397,-0.330514907836914,-0.1072444766759872,-0.2847758829593658,0.3806034326553345,-0.1172058433294296,-0.4153593778610229,0.0457408912479877,-0.4585577845573425,0.0614616945385932,-1.3730183839797974,-0.5938451886177063,-0.4161522090435028,1.2795844078063965,-0.1367175132036209,-0.8911682963371277,0.0409049801528453,-0.1230987161397934,-0.5599182844161987,0.7138161063194275,1.38073468208313,0.0696095451712608,0.1896038204431533,-0.3719972372055053,-0.0108220940455794,-0.8535768985748291,-0.0720844492316246,1.0004322528839111,-1.0013443231582642,-0.0738053098320961,-0.0303528998047113,-0.9604138731956482,0.2345666587352752,0.4145578444004059,0.1864236742258072,1.4106101989746094,-1.2075345516204834,0.0366869457066059
final_train_00059,final_train,C1,105,early,0,early,0.3653598274439764,0.3291017115116119,0.930246114730835,0.048336736857891,0.0214171409606933,0.069753885269165,0.2694488541703473,0,-0.6303179264068604,-0.4715045690536499,0.3461465537548065,0.9448057413101196,0.7743427753448486,0.400572270154953,0.7921972274780273,0.672112226486206,-0.4352774322032928,-0.3407278656959533,-0.3326171636581421,0.2346947193145752,-0.2737290859222412,-0.2555408477783203,0.2899742722511291,-0.3956587612628937,-0.0546696856617927,-1.0706491470336914,-0.5600423812866211,-0.0340832397341728,1.2795844078063965,-0.3013215959072113,-0.9826038479804992,0.0194253176450729,-0.1202264204621315,-0.6018611788749695,0.4573563039302826,1.2611801624298096,-0.0682508274912834,0.1827287375926971,-0.455154150724411,-0.2406497746706009,-0.8253578543663025,-0.062788151204586,0.5570501089096069,-0.6138430833816528,-0.3150868117809295,-0.1386662721633911,-0.1205429658293724,0.2298374623060226,0.2658692896366119,0.0334164127707481,1.3986660242080688,-0.9104023575782776,-0.1389447599649429
final_train_00060,final_train,C1,106,early,0,early,0.3653598274439764,0.3311344087123871,0.9293232560157776,0.048538826406002,0.0221379362046718,0.0706767439842224,0.2724553936261867,0,-0.627688467502594,-0.5933966636657715,0.3429018557071686,0.9894136190414428,1.267179250717163,0.4804221391677856,0.8834743499755859,0.6222565174102783,-0.4863152801990509,-0.2627948820590973,-0.3158362805843353,-0.0143536766991019,-0.2709843814373016,-0.3176582157611847,0.1793859452009201,-0.408725380897522,-0.1939635574817657,-0.6706861853599548,-0.5522192120552063,0.0790327936410904,1.2795844078063965,-0.2621543705463409,-0.910448431968689,0.1288536339998245,-0.1269532442092895,-0.5250208973884583,0.478908509016037,1.4119138717651367,-0.0204315409064292,0.1472014039754867,-0.4982812404632568,-0.1718471646308899,-0.7707945704460144,-0.1062198132276535,0.6931604146957397,-0.5331838130950928,-0.2398262917995453,-0.2080617100000381,-0.1229343712329864,0.2217466235160827,0.208177164196968,0.0782412216067314,1.3551970720291138,-0.5380309224128723,-0.2245036959648132
final_train_00061,final_train,C1,107,early,0,early,0.3653598274439764,0.3360116481781006,0.9235761165618896,0.0526519417762756,0.0237719677388668,0.0764238834381103,0.2888421472338315,0,-0.6283631920814514,-0.4058424234390259,0.3381761014461517,0.97609144449234,1.183079957962036,0.441135823726654,0.8690439462661743,0.5123833417892456,-0.5041559934616089,-0.2174020409584045,-0.3342578709125519,0.2149285227060318,-0.3305910229682922,-0.328122079372406,-0.0449322909116745,-0.374071717262268,-0.1185353249311447,-0.5401993989944458,-0.5327414870262146,0.0608528777956962,1.2795844078063965,-0.3220551013946533,-0.8899015784263611,0.099833570420742,-0.1198929399251937,-0.4780147075653076,0.6767652630805969,1.3829094171524048,-0.144704058766365,0.1216671839356422,-0.6155282258987427,-0.2163615077733993,-0.6906129121780396,-0.0694654881954193,0.5007240176200867,-0.552657961845398,-0.2051303833723068,-0.121821217238903,-0.4075927138328552,0.2499732375144958,0.2762797474861145,0.0835647359490394,1.4005764722824097,-0.4160478115081787,-0.0552844777703285
final_train_00062,final_train,C1,108,early,0,early,0.3653598274439764,0.3380531668663025,0.92128723859787,0.0543079152703285,0.0244047343730926,0.0787127614021301,0.2952343564920272,0,-0.6250491142272949,-0.4041877686977386,0.3376399874687195,0.9869759678840636,0.9054662585258484,0.4894482791423797,0.8011135458946228,0.4958221018314361,-0.4816320836544037,-0.3838554322719574,-0.3599602878093719,0.1149311289191246,-0.3873648345470428,-0.2823462784290313,0.0845946669578552,-0.3342557251453399,-0.3176235854625702,-0.7490453124046326,-0.5031386017799377,-0.0836735293269157,1.2795844078063965,-0.3743398785591125,-0.9041456580162048,-0.0029324626084417,-0.1180674210190773,-0.5282031297683716,0.4747053682804107,1.412613034248352,-0.0699991062283515,0.1327062845230102,-0.6557537913322449,-0.2253773957490921,-0.6850689053535461,-0.0892796963453292,0.3970400989055633,-0.5160455107688904,-0.386453628540039,-0.3138568699359894,-0.4081497490406036,0.2127181589603424,0.2688214778900146,-0.0099036740139126,1.3817503452301023,-0.6196505427360535,-0.3664407432079315
final_train_00063,final_train,C1,109,early,0,early,0.3653598274439764,0.3362202048301697,0.9239901304244996,0.0521562397480011,0.0238536186516284,0.0760098695755004,0.2878193416682139,0,-0.6364351511001587,-0.4417097270488739,0.3316936790943146,0.9662590622901917,1.2967774868011477,0.5585407018661499,0.8967252373695374,0.44975546002388,-0.6150915622711182,-0.5004839301109314,-0.4614642858505249,-0.2748902142047882,-0.6866927742958069,-0.3492518365383148,0.211224690079689,-0.3129853904247284,-0.4905532896518707,-1.116824507713318,-0.4941942393779754,-0.4817492663860321,1.2795844078063965,-0.5695323348045349,-0.9004329442977905,-0.0215316377580165,-0.1242174431681633,-0.5198237895965576,0.1803812980651855,1.326923966407776,0.2009043395519256,0.091483786702156,-0.7317434549331665,-0.3806903660297394,-0.6583561301231384,-0.1053777486085891,-0.1145880371332168,-0.7631802558898926,-0.5931605100631714,-0.3006040453910827,-0.6945500373840332,0.1935958415269851,0.1830490678548813,-0.0896234288811683,1.3453550338745115,-0.9676150679588318,-0.3362811803817749
final_train_00064,final_train,C1,110,early,0,early,0.3653598274439764,0.3350599110126495,0.9259225130081176,0.0506847202777862,0.0233927033841609,0.0740774869918823,0.2824100880558425,0,-0.6309891939163208,-0.4638549387454986,0.3245396912097931,1.0352272987365725,1.297094702720642,0.5916544198989868,0.9469774961471558,0.3752007782459259,-0.6392184495925903,-0.1673034280538559,-0.3532505333423614,-0.2490497529506683,-0.4275449514389038,-0.4540673792362213,0.4534530937671661,-0.286655455827713,-0.5131016373634338,-1.4321426153182983,-0.4988407492637634,-0.3573214113712311,1.2795844078063965,-0.2631039619445801,-0.9551621079444884,-0.0458216965198516,-0.1263641417026519,-0.4807811379432678,0.357295274734497,1.4416258335113523,0.2687762081623077,0.0395931303501129,-0.769708514213562,-0.4855307340621948,-0.6098968386650085,-0.1120608896017074,-0.3363008201122284,-0.8416905999183655,-0.4416123330593109,-0.053642388433218,-0.4058965444564819,0.1801509112119674,0.0422760993242263,0.1375686675310135,1.3511825799942017,-1.2544562816619873,0.0385535545647144
final_train_00065,final_train,C1,111,early,0,early,0.3653598274439764,0.3341628611087799,0.926015317440033,0.051419910043478,0.0225647501647472,0.073984682559967,0.2815636909506856,0,-0.6587820649147034,-0.5287711024284363,0.3228664100170135,0.9603720903396606,1.270429253578186,0.6636703610420227,0.8872515559196472,0.3607630431652069,-0.952303111553192,-0.5146649479866028,-0.4172834753990173,-0.4482653439044952,-0.6335741877555847,-0.330222338438034,0.4572338461875915,-0.2341635525226593,-0.7366842031478882,-1.3981279134750366,-0.4706706702709198,-0.3641101717948913,1.2795844078063965,-0.4296814203262329,-0.9594742655754088,-0.1366852074861526,-0.1183445677161216,-0.5907254219055176,0.0500413291156291,1.3295308351516724,0.4088657200336456,0.0477482490241527,-0.8426761627197266,-0.5063322186470032,-0.6567733287811279,-0.128849908709526,-0.5605597496032715,-0.9052664041519164,-0.5817871689796448,-0.368151992559433,-0.1172871589660644,0.1532427072525024,0.1782049685716629,-0.0645075291395187,1.3186684846878052,-1.218220829963684,-0.4757076203823089
final_train_00066,final_train,C1,112,early,0,early,0.3653598274439764,0.3335143029689789,0.9254602789878844,0.0529075786471366,0.0216321386396884,0.0745397210121154,0.2822877170632024,0,-0.6449215412139893,-0.3807775974273681,0.3113975524902344,0.9615181088447572,1.004311203956604,0.6199331283569336,0.8144692778587341,0.3466497361660003,-0.8390193581581116,-0.6561864614486694,-0.4745582640171051,-0.3626047372817993,-0.7825836539268494,-0.1670537143945694,0.22415791451931,-0.1881918907165527,-0.7751824855804443,-1.0204977989196775,-0.4501476287841797,-0.2411550879478454,1.2795844078063965,-0.6491007208824158,-0.9534602165222168,-0.1928605586290359,-0.1204636991024017,-0.6225355863571167,0.0740986615419387,1.3307902812957764,0.1727625876665115,0.0476996079087257,-0.8076167106628418,-0.538557231426239,-0.6205292344093323,-0.1710188686847686,-0.6181551814079285,-0.7126312255859375,-0.662396252155304,-0.4742006063461303,-0.4103134274482727,0.1438394486904144,0.144889548420906,-0.178460344672203,1.328495979309082,-0.8721427321434021,-0.6111561059951782
final_train_00067,final_train,C1,113,early,0,early,0.3653598274439764,0.3355473577976227,0.9175623059272766,0.0606707632541656,0.021766897290945,0.0824376940727233,0.302444642013811,0,-0.6585820913314819,-0.361461728811264,0.3085506856441498,0.9124903678894044,0.5594742894172668,0.6987012028694153,0.7410146594047546,0.3328500688076019,-0.9360731840133668,-0.6162869930267334,-0.5313912630081177,-0.6386485695838928,-0.9011579155921936,-0.0421671159565448,0.2310826480388641,-0.1013664975762367,-0.6611275672912598,-0.5755420923233032,-0.3934706747531891,0.0077221924439072,1.2795844078063965,-0.6633062958717346,-0.888543963432312,-0.1656839251518249,-0.1076418757438659,-0.5642025470733643,-0.1916719079017639,1.1128137111663818,0.1486145555973053,0.1156446859240531,-0.8434731960296631,-0.3667046129703522,-0.564059853553772,-0.1447945088148117,-0.620378315448761,-0.3271061182022095,-0.8246523141860962,-0.4363430738449096,-0.4108246564865112,0.175259992480278,0.2021664381027221,-0.1509301513433456,1.286413550376892,-0.4623084366321563,-0.5186406970024109
final_train_00068,final_train,C1,114,early,0,early,0.3653598274439764,0.3362325429916382,0.9128262996673584,0.0657634437084198,0.0214102771133184,0.0871737003326416,0.3136183804840918,0,-0.6463766694068909,-0.3814091384410858,0.2911474108695984,1.0007426738739014,1.1939492225646973,0.7633826732635498,0.8552746176719666,0.2063607275485992,-0.8887680768966675,-0.6667866706848145,-0.5164334774017334,-0.7125890851020813,-0.8868632316589355,0.0023134504444897,0.0019431366818025,-0.0531280748546123,-0.5227185487747192,-0.4785428941249847,-0.3889339566230774,-0.1351468563079834,1.2795844078063965,-0.6405516266822815,-0.8973039984703064,-0.1381065398454666,-0.1212781146168708,-0.4805075824260711,-0.2832335531711578,1.4145259857177734,0.1709234714508056,0.0793117880821228,-0.843858540058136,-0.4847896993160248,-0.4633021950721741,-0.1642047762870788,-0.6912807822227478,-0.5063031911849976,-0.7835006713867188,-0.4434053599834442,-0.7055392861366272,0.1532931625843048,0.118956945836544,-0.2181977182626724,1.3096593618392944,-0.3548323512077331,-0.4684371650218963
final_train_00069,final_train,C1,115,early,0,early,0.3653598274439764,0.337738424539566,0.8943700790405273,0.0830433890223503,0.0225865133106708,0.1056299209594726,0.3569048607875459,0,-0.6326358914375305,-0.292856216430664,0.2880682349205017,0.9399592280387878,0.8341294527053833,0.7400362491607666,0.7753004431724548,0.1943859308958053,-0.7652990818023682,-0.5215073227882385,-0.472002238035202,-0.3427322804927826,-0.7480117678642273,-0.0032401271164417,0.1309554874897003,-0.0308226495981216,-0.7448354959487915,-0.690401554107666,-0.3618559241294861,-0.1459275633096695,1.2795844078063965,-0.4933198988437652,-0.8903008103370667,-0.2098017334938049,-0.1125415116548538,-0.5047767758369446,-0.0044089490547776,1.2003778219223022,0.0613557137548923,0.0940740555524826,-0.7756233811378479,-0.4031994044780731,-0.4474693536758423,-0.1400039494037628,-0.4626107215881347,-0.4160707890987396,-0.658880352973938,-0.4300723373889923,-0.4085764288902282,0.1377162039279937,0.1877373307943344,-0.1197849735617637,1.3007229566574097,-0.5481134057044983,-0.4417919814586639
final_train_00070,final_train,C1,116,early,0,early,0.3653598274439764,0.3350794911384582,0.8638225793838501,0.1119336485862732,0.0242437198758125,0.1361774206161499,0.4203009832572655,0,-0.636269748210907,-0.3709658682346344,0.268622487783432,0.9992501735687256,1.1967542171478271,0.7942971587181091,0.8478275537490845,0.1826686561107635,-0.8710437417030334,-0.7611876130104065,-0.5033947229385376,-0.5336030125617981,-0.8619027733802795,-0.2287355214357376,0.2575962245464325,0.0059900204651057,-0.7448740601539612,-1.1365997791290283,-0.3587898015975952,-0.5446295142173767,1.2368528842926023,-0.6302737593650818,-0.9387512803077698,-0.1390018910169601,-0.1217259839177131,-0.5154594779014587,-0.2302130311727523,1.4151087999343872,0.2793235182762146,0.0824233219027519,-0.8446044325828552,-0.6310955882072449,-0.4793139994144439,-0.1708764880895614,-0.7891414761543274,-0.6648350358009338,-0.7713090181350708,-0.4027504622936249,-0.7065877914428711,0.1252287179231643,0.0415287762880325,-0.2637630999088287,1.2456238269805908,-0.9810864329338074,-0.4302076399326324
final_train_00071,final_train,C1,117,middle,1,early,0.3653750407856588,0.3337719738483429,0.7787940502166748,0.1929503977298736,0.0282555092126131,0.2212059497833252,0.5579248650070024,1,-0.6173728108406067,-0.2166543900966644,0.2597225308418274,0.9549816250801086,0.9960824251174928,0.8152567744255066,0.8069486618041992,0.171200692653656,-0.6566517353057861,-0.7204716205596924,-0.5301824808120728,-0.3049876987934112,-0.9169548749923706,-0.4786132276058197,0.5018942952156067,0.0867241322994232,-0.773722767829895,-1.4109543561935425,-0.3226402401924133,-0.2881930768489837,1.2795844078063965,-0.666240394115448,-0.8812539577484131,-0.2275722324848175,-0.1099151372909545,-0.4448809921741485,-0.1914777606725692,1.3366857767105105,0.2256001830101013,0.096650905907154,-0.8113892674446106,-0.45131516456604,-0.3804099559783935,-0.1882160902023315,-0.8088213801383972,-0.8145719170570374,-0.7508948445320129,-0.6467299461364746,-0.1073242425918579,0.1104450821876525,0.1062647253274917,-0.2678037583827972,1.267681360244751,-1.2463880777359009,-0.7180417776107788
final_train_00072,final_train,C1,118,middle,1,early,0.3657507629788943,0.3352830111980438,0.6625012755393982,0.306147962808609,0.031350765377283,0.3374987244606018,0.6769534015426251,1,-0.624396562576294,-0.3712392747402191,0.2482069432735443,0.8811196088790894,1.0495139360427856,0.9146935939788818,0.8100894093513489,0.15997414290905,-0.783143937587738,-0.7707032561302185,-0.520024299621582,-0.4548719823360443,-0.8955172896385193,-0.3232570886611938,0.5049111247062683,0.1206484511494636,-0.7293787002563477,-1.3663660287857056,-0.3059206306934356,-0.2956119775772095,1.2795844078063965,-0.6092911958694458,-0.9429161548614502,-0.2562249004840851,-0.1127565801143646,-0.5675466060638428,-0.2978135347366333,0.8705310821533203,0.2890403866767883,0.1003170609474182,-0.8453189134597778,-0.5011909008026123,-0.4270747005939483,-0.189477264881134,-0.8974124789237976,-0.8652229905128479,-0.8092854619026184,-0.5352270007133484,-0.1094951778650283,0.1237059757113456,0.0926408991217613,-0.2623063623905182,1.265947699546814,-1.1899778842926023,-0.5903900861740112
final_train_00073,final_train,C1,119,middle,1,middle,0.3664791357373907,0.3358680307865143,0.4432379305362701,0.5240942239761353,0.0326678417623043,0.4759057760238647,0.738219737046447,0,-0.638035237789154,-0.3315613865852356,0.2405075281858444,0.9772753119468688,1.2996528148651123,0.9219337105751038,0.9303196668624878,0.1489814966917038,-1.0046123266220093,-0.8896125555038452,-0.5317631959915161,-0.7604255080223083,-0.9627603888511658,-0.4214579463005066,0.2677045464515686,0.1246059313416481,-1.0799362659454346,-0.8763495683670044,-0.32304847240448,-0.4331916272640228,1.2795844078063965,-0.7750424742698669,-0.915763020515442,-0.2579856514930725,-0.1270693093538284,-0.5392920970916748,-0.4529027640819549,1.3645604848861694,0.3544153273105621,0.0245376378297805,-0.8456649780273438,-0.6266220808029175,-0.3849816024303436,-0.1858664602041244,-1.2205181121826172,-0.8116784691810608,-0.8804458379745483,-0.8236172199249268,-0.7160139679908752,0.1073754504323005,0.1349608600139618,-0.3687314093112945,1.2736210823059082,-0.7437161207199097,-0.9742190837860109
final_train_00074,final_train,C1,120,middle,1,middle,0.3675522118110934,0.3420498371124267,0.2412672936916351,0.7288496494293213,0.0298830717802047,0.2711503505706787,0.6175750678888948,0,-0.6121197938919067,-0.3566217124462127,0.2222458571195602,0.9964259266853333,1.2509623765945437,0.988292396068573,0.9021289944648744,0.138215497136116,-0.7351700663566589,-0.6369317173957825,-0.4684931337833404,-0.5929326415061951,-0.7547376751899719,-0.2899212837219238,0.034441739320755,0.2213735580444336,-0.8776360750198364,-0.4728263318538666,-0.2711244523525238,-0.0476953126490116,1.2795844078063965,-0.5072890520095825,-0.8734407424926758,-0.2569971680641174,-0.0978967919945716,-0.5156823992729187,-0.3136763572692871,1.416202187538147,0.0135470572859048,0.0994241908192634,-0.8134661912918091,-0.5307419300079346,-0.3427225053310394,-0.1225370690226554,-0.9933875203132628,-0.5449724793434143,-0.807246744632721,-0.633089005947113,-0.4110779166221618,0.1244007647037506,0.072827972471714,-0.1872406750917434,1.2753199338912964,-0.3644889593124389,-0.6685819625854492
final_train_00075,final_train,C1,121,middle,1,middle,0.3689619779672225,0.3546786904335022,0.1168332993984222,0.8578136563301086,0.0253529641777277,0.1421863436698913,0.4328843075221735,0,-0.6321694850921631,-0.2505972683429718,0.2094512432813644,0.895538866519928,1.057928204536438,1.0215966701507568,0.8036054372787476,0.1276692003011703,-0.9467031359672546,-0.7317100763320923,-0.4954755902290344,-0.7579016089439392,-0.807770311832428,-0.1950274258852005,0.0444145761430263,0.2450993210077285,-0.9832996129989624,-0.4083156585693359,-0.2510921359062195,-0.0598473958671093,1.2795844078063965,-0.6129429340362549,-0.7922165989875793,-0.2644591629505157,-0.1140516102313995,-0.5060845613479614,-0.4475928246974945,1.0389987230300903,0.0894567593932151,0.1011303290724754,-0.8463359475135803,-0.4578227400779724,-0.2700177729129791,-0.111565463244915,-0.99049711227417,-0.4825694561004638,-0.8901470303535461,-0.6315203309059143,-0.4115438461303711,0.1692803800106048,0.0081108976155519,-0.2738107442855835,1.257104516029358,-0.3070747852325439,-0.6149656772613525
final_train_00076,final_train,C1,122,middle,1,middle,0.3707003775266679,0.3630933761596679,0.0696430504322052,0.908245086669922,0.022111902013421,0.0917549133300781,0.3251812049990271,0,-0.6113131046295166,-0.3055795133113861,0.1882544010877609,0.8989856839179993,1.228467345237732,1.0306366682052612,0.845906138420105,0.0913704186677932,-0.8359678983688354,-0.8022760152816772,-0.4856727421283722,-0.6426131129264832,-0.8445796370506287,-0.4501320421695709,0.2929889261722564,0.2765408456325531,-0.8176750540733337,-0.7954478859901428,-0.2558488547801971,-0.2009819000959396,1.2795844078063965,-0.6085224747657776,-0.8647959232330322,-0.3235816061496734,-0.1186200901865959,-0.5549858212471008,-0.4493845701217651,1.0430656671524048,0.1216322407126426,0.0714977532625198,-0.8147808313369751,-0.5661431550979614,-0.3169332444667816,-0.1483802199363708,-1.1634362936019895,-0.6242779493331909,-0.8665764927864075,-0.6708784699440002,-0.4120027422904968,0.1319301575422287,0.0170030165463686,-0.2984123229980469,1.275585651397705,-0.6514615416526794,-0.7029355764389038
final_train_00077,final_train,C1,123,middle,1,middle,0.3727593324440388,0.3679217994213104,0.0560726523399353,0.9229430556297302,0.0209843590855598,0.0770569443702697,0.2882209876263227,0,-0.6175875067710876,-0.3391997516155243,0.1810287684202194,0.9362382292747498,1.2294265031814575,1.1262431144714355,0.8509516716003418,0.0557976104319095,-0.9025006890296936,-0.8107048869132996,-0.5164888501167297,-0.7855483293533325,-0.9093811511993408,-0.454687088727951,0.2982127368450165,0.3198300004005432,-0.9329001903533936,-1.270203948020935,-0.2155540734529495,-0.4701437652111053,1.2398440837860107,-0.5496290922164917,-0.8058719635009766,-0.2573138773441314,-0.1048770472407341,-0.5097967982292175,-0.691249430179596,1.2936604022979736,0.3761299252510071,0.113166905939579,-0.8469800353050232,-0.5600553154945374,-0.2768476903438568,-0.178634762763977,-1.2597429752349854,-0.7512698769569397,-0.9608619213104248,-0.7782413363456726,-0.7210782766342163,0.1181171983480453,-0.0272846408188343,-0.3049151003360748,1.21112060546875,-1.1020078659057615,-0.8256701231002808
final_train_00078,final_train,C1,124,middle,1,middle,0.3751155514960781,0.371532142162323,0.0496843829751014,0.929915726184845,0.0203999206423759,0.070084273815155,0.2695452372643066,0,-0.5884402990341187,-0.3270399570465088,0.1630351096391677,0.8269903063774109,0.8778151869773865,1.1534608602523804,0.7761425375938416,0.0209292117506265,-0.7262588739395142,-0.726513147354126,-0.4664082825183868,-0.6662264466285706,-0.8406940698623657,-0.3762462139129638,0.4239733815193176,0.325828343629837,-0.8716301321983337,-1.4330084323883057,-0.2298375815153122,-0.4745905697345733,1.2795844078063965,-0.4533206820487976,-0.8045676946640015,-0.2355948984622955,-0.1227777153253555,-0.535934567451477,-0.6474652290344238,0.5382063984870911,0.4143913090229034,0.0729193314909935,-0.7535451650619507,-0.621714174747467,-0.2600619792938232,-0.2061667889356613,-1.1923325061798096,-0.9499504566192628,-0.8831996917724609,-0.7382763028144836,-0.409804105758667,0.0721909180283546,-0.0427411086857318,-0.2422729581594467,1.2228102684020996,-1.2618528604507446,-0.7545891404151917
final_train_00079,final_train,C1,125,middle,1,middle,0.3774156825406091,0.3738588094711303,0.0435369834303855,0.936690866947174,0.0197721067816019,0.0633091330528259,0.2505780860592535,0,-0.5527158975601196,-0.2433707565069198,0.1447275429964065,0.7797707319259644,0.8589202761650085,1.1075661182403564,0.7727710604667664,-0.0132554909214377,-0.4124036431312561,-0.9160877466201782,-0.423444002866745,-0.0500030368566513,-0.7410290837287903,-0.3407763242721557,0.1858009696006775,0.2947977781295776,-0.986333966255188,-1.1789436340332031,-0.2407238036394119,-0.3476479053497314,1.2795844078063965,-0.5140863060951233,-0.7806089520454407,-0.329192966222763,-0.1279556304216385,-0.5701435804367065,-0.2104638069868087,0.4019992649555206,-0.0222694613039493,0.0310842432081699,-0.6619423627853394,-0.4686608016490936,-0.2395676672458648,-0.149722009897232,-0.7448411583900452,-0.5196086168289185,-0.7291297912597656,-0.8190421462059021,-0.4102581739425659,0.1002194136381149,0.0557264983654022,-0.3936855494976043,1.222921371459961,-1.015971541404724,-0.853213906288147
final_train_00080,final_train,C1,126,middle,1,middle,0.3796595689344793,0.3799400329589844,0.0391713790595531,0.9413602352142334,0.019468342885375,0.0586397647857666,0.2370979622719141,0,-0.5622057914733887,-0.1491745263338089,0.1172270253300666,0.7848391532897949,0.6099217534065247,1.093844294548035,0.7185335159301758,-0.0218192301690578,-0.5806355476379395,-0.8752277493476868,-0.3688028156757355,-0.1752499192953109,-0.6030208468437195,-0.4341717958450317,0.0720699355006218,0.3684716522693634,-0.628547728061676,-0.6872119903564453,-0.2121364474296569,-0.0919364094734191,1.2795844078063965,-0.3619295656681061,-0.7558926343917847,-0.2746230363845825,-0.0982985347509384,-0.542617678642273,-0.2862113118171692,0.4120927155017853,-0.0335147865116596,0.0629695355892181,-0.7253299355506897,-0.3575780689716339,-0.1835872828960418,-0.1212849766016006,-0.7711386680603027,-0.4686124622821808,-0.6387742161750793,-0.7481674551963806,-0.4107056260108948,0.1208448708057403,0.0804657042026519,-0.3843359351158142,1.2579693794250488,-0.5478402376174927,-0.707194447517395
final_train_00081,final_train,C1,127,middle,1,middle,0.3818472046633026,0.3851348459720611,0.0358599573373794,0.9451075196266174,0.0190324857831001,0.0548924803733825,0.2258335645559222,0,-0.5701088309288025,-0.2879300117492676,0.1122453436255455,0.8055290579795837,1.0276495218276978,1.2060859203338623,0.7822071313858032,-0.0549354925751686,-0.7513463497161865,-0.9443069696426392,-0.4427643120288849,-0.5722144246101379,-0.8744429349899292,-0.171293094754219,0.0807033255696296,0.3884504437446594,-0.9906458854675292,-0.3616311848163605,-0.195923775434494,-0.1023919135332107,1.2413724660873413,-0.5736067891120911,-0.8337966799736023,-0.236042782664299,-0.1149476319551467,-0.5031511783599854,-0.6424897909164429,0.4694168865680694,-0.1051277592778205,0.0621757991611957,-0.8178462386131287,-0.62772536277771,-0.1690322905778885,-0.1430445909500122,-1.351305603981018,-0.3796468079090118,-0.8638938069343567,-0.8040002584457397,-0.4111466705799103,0.1386510580778122,-0.1884588748216629,-0.4114208221435547,1.208243489265442,-0.2414220422506332,-0.7749831080436707
final_train_00082,final_train,C1,128,middle,1,middle,0.3839787307258092,0.391035795211792,0.0336485542356967,0.9473136067390442,0.0190378632396459,0.0526863932609558,0.219201306325465,0,-0.5549564957618713,-0.2605762779712677,0.0833766534924507,0.7777144908905029,0.713962733745575,1.2152137756347656,0.7409083247184753,-0.0874209702014923,-0.5892344117164612,-0.7953914999961853,-0.3957057595252991,-0.4047081172466278,-0.7123004794120789,-0.233796939253807,-0.0308629069477319,0.4449544548988342,-0.6748674511909485,-0.4954853057861328,-0.1728989034891128,-0.1125240474939346,1.2795844078063965,-0.3969337344169616,-0.7537950277328491,-0.341093361377716,-0.0961633697152137,-0.5234346985816956,-0.4914988279342651,0.3847297132015228,-0.1467504054307937,0.0947878509759903,-0.7583069205284119,-0.4533565044403076,-0.1399075835943222,-0.1619428843259811,-0.9916794300079346,-0.4290089309215545,-0.8043487668037415,-0.7929034233093262,-0.411581426858902,0.1011548861861229,-0.1097224503755569,-0.3199115991592407,1.220381259918213,-0.384423017501831,-0.7320977449417114
final_train_00083,final_train,C1,129,middle,1,middle,0.3860544313543751,0.4075583219528198,0.0293450001627206,0.9508320093154908,0.0198230314999818,0.0491679906845092,0.2086368457303108,0,-0.3927222192287445,-1.456539750099182,-0.2934744358062744,0.7054080963134766,0.54056316614151,0.5279914736747742,0.7052811980247498,-0.7740663886070251,-1.1763222217559814,-1.6149048805236816,-0.4769724011421203,-0.9429307579994202,-1.7462623119354248,-0.5075057744979858,2.8513917922973637,0.299888551235199,-0.8285424709320068,-0.9857958555221558,-0.8159386515617371,1.0172494649887085,1.2795844078063965,-1.3275530338287354,-1.4203732013702393,-0.6315568089485168,-0.2024811804294586,-1.3147088289260864,-1.133689284324646,0.2783753871917724,-0.4652861356735229,-0.6276702880859375,-0.1341639757156372,-1.8692764043807983,-1.9943459033966064,-0.2332456856966018,-2.387537002563477,-0.7320787906646729,-0.7935072183609009,-0.3054915070533752,4.472501754760742,0.114442728459835,-2.330766201019287,-0.476481020450592,2.331887722015381,-0.8416265845298767,-1.3246047496795654
final_train_00084,final_train,C1,130,middle,1,middle,0.3880747301185457,0.4053619801998138,0.0293158628046512,0.9514660239219666,0.0192180350422859,0.0485339760780334,0.2064045720408054,0,-0.4130837321281433,-1.2326675653457642,-0.267857015132904,1.1004022359848022,0.94722718000412,0.4585251808166504,0.7709828019142151,-0.7511754035949707,-0.951980471611023,-1.4515591859817505,-0.508200466632843,-0.6930575370788574,-1.6013590097427368,-0.4074572026729584,-0.3692339956760406,0.3873828649520874,-0.7395409345626831,-0.5628576874732971,-0.7030494809150696,-1.709900140762329,1.2424439191818235,-1.357297420501709,-1.387855052947998,-0.6502685546875,-0.0957917720079422,-1.0666054487228394,-1.024975061416626,1.4416258335113523,-0.936326503753662,-0.5232465267181396,-0.3181017935276031,-1.5439174175262451,-1.7853575944900513,0.1422023326158523,-2.245891094207764,-0.3806287050247192,-0.8184441924095154,-0.4206116795539856,-2.896770715713501,0.5610235333442688,-2.341355085372925,-0.433827131986618,2.193204879760742,-0.4472749829292297,-1.3231115341186523
final_train_00085,final_train,C1,131,middle,1,middle,0.3900401859466456,0.4099307060241699,0.0270630251616239,0.9539318680763244,0.0190051198005676,0.0460681319236755,0.1984274536172372,0,-0.4092904925346374,-1.035694599151611,-0.2677445411682129,1.0199414491653442,0.5111181735992432,0.5097855925559998,0.695695161819458,-0.7525100708007812,-0.7475660443305969,-1.356404423713684,-0.5143146514892578,-0.7595454454421997,-1.534078598022461,-0.3264262080192566,-0.0013684401055797,0.4429954588413238,-0.5977604985237122,-0.4358333945274353,-0.6247164607048035,-0.9282827973365784,1.2059911489486694,-1.3545620441436768,-1.3787404298782349,-0.6787914633750916,-0.0875654742121696,-0.9281634092330932,-0.9133135080337524,1.418791651725769,-1.1100361347198486,-0.415273517370224,-0.3232910335063934,-1.3646440505981443,-1.5861120223999023,0.1815534085035324,-2.1430816650390625,-0.3359866738319397,-0.7908528447151184,-0.15341617166996,-1.660511136054993,0.5889024138450623,-2.4449501037597656,-0.4128653705120086,2.097845554351806,-0.3574309647083282,-0.8858973979949951
final_train_00086,final_train,C1,132,middle,1,middle,0.3919514889601747,0.409759372472763,0.0262570884078741,0.954950749874115,0.0187922362238168,0.045049250125885,0.1950425976321674,0,-0.4130980968475342,-0.971299648284912,-0.280114471912384,1.090843677520752,0.2572384178638458,0.5763898491859436,0.6616846323013306,-0.7774036526679993,-0.7368015646934509,-1.3876922130584717,-0.4793336987495422,-0.7593276500701904,-1.4103028774261477,-0.4119666814804077,0.1251899600028991,0.4518478810787201,-0.642815351486206,-0.7961735725402832,-0.5900127291679382,-1.0594067573547363,1.170207142829895,-1.1943634748458862,-1.3233500719070437,-0.6429818272590637,-0.1066918522119522,-0.9036584496498108,-0.8490036725997925,1.4190011024475098,-0.8801612257957458,-0.3583544790744781,-0.3283850848674774,-1.4276401996612549,-1.5081980228424072,-0.0497643463313579,-1.9681659936904907,-0.3998259603977203,-0.7234007716178894,-0.4050692915916443,-1.6529316902160645,0.3260523676872253,-2.437636137008667,-0.4429262280464172,1.9850778579711916,-0.6491519212722778,-1.1274083852767944
final_train_00087,final_train,C1,133,middle,1,middle,0.3938094562847998,0.4119146764278412,0.0248221214860677,0.9565296173095704,0.0186482295393943,0.0434703826904296,0.1897957412593083,0,-0.4084953367710113,-0.8570470213890076,-0.281796783208847,1.0169477462768557,0.5906460285186768,0.5935488939285278,0.7022333145141602,-0.7784756422042847,-0.5317006707191467,-1.1949834823608398,-0.4838928878307342,-0.804356575012207,-1.3261663913726809,-0.4501103162765503,0.367486298084259,0.4950157701969147,-0.758574366569519,-1.0965715646743774,-0.5225069522857666,-0.92855304479599,1.1350739002227783,-1.237201452255249,-1.3747190237045288,-0.6928028464317322,-0.0941792428493499,-0.7708257436752319,-0.7538376450538635,1.3967878818511963,-0.8259324431419373,-0.2778495550155639,-0.3333865106105804,-1.384414553642273,-1.3779098987579346,-0.0248380620032548,-1.7625913619995115,-0.55195152759552,-0.8190503120422363,-0.3622930347919464,-0.7256187796592712,0.3564023375511169,-2.432478427886963,-0.3389826416969299,1.887700200080872,-0.9800978899002076,-0.9911324977874756
final_train_00088,final_train,C1,134,middle,1,middle,0.3956150277677376,0.4132172763347626,0.0244362205266952,0.9569353461265564,0.0186284482479095,0.0430646538734436,0.1884393112971081,0,-0.4024766385555267,-0.7776170969009399,-0.295884758234024,1.021181344985962,0.4689402282238006,0.6370829343795776,0.6784247756004333,-0.7795283198356628,-0.4980127215385437,-1.3509840965270996,-0.4950087964534759,-0.7555221915245056,-1.379317045211792,-0.5116004347801208,0.8458964228630066,0.486817866563797,-0.6591833233833313,-1.4137091636657717,-0.4910953938961029,-0.929290235042572,1.1005735397338867,-1.195093035697937,-1.3335038423538208,-0.6669550538063049,-0.106402538716793,-0.7457302808761597,-0.8070216774940491,1.3971917629241943,-0.8103596568107605,-0.2296623438596725,-0.3382978141307831,-1.3214187622070312,-1.2995258569717407,-0.0482894629240036,-1.7810347080230713,-0.3719735145568847,-0.8522087931632996,-0.3936721384525299,-0.4158456325531006,0.3274388313293457,-2.5471715927124023,-0.4766516387462616,1.8113259077072144,-1.2387166023254397,-0.9749329090118408
final_train_00089,final_train,C1,135,middle,1,middle,0.3973692615664245,0.4161224067211151,0.0232801288366317,0.9581025838851928,0.0186172816902399,0.0418974161148071,0.1845137822341599,0,-0.3988905251026153,-0.7480344176292419,-0.3025224208831787,0.9982118606567384,0.2222374230623245,0.6770538091659546,0.6484646797180176,-0.780562162399292,-0.4610673487186432,-1.1752865314483645,-0.4414012730121612,-0.6301479339599609,-1.2117276191711426,-0.496669590473175,0.7269622683525085,0.4807339608669281,-0.6665298938751221,-1.451228380203247,-0.4602225422859192,-0.930017352104187,1.1021718978881836,-1.1426628828048706,-1.4517920017242432,-0.7281168103218079,-0.103815346956253,-0.7394289374351501,-0.8845652937889099,1.3315324783325195,-0.7547048926353455,-0.2061317265033722,-0.3431214392185211,-1.4331090450286863,-1.2388771772384644,-0.1077589094638824,-1.745938062667847,-0.3367281258106231,-0.7643438577651978,-0.4214428663253784,-0.4162324368953705,0.1951648145914077,-2.532928228378296,-0.3378370702266693,1.7487232685089111,-1.2665443420410156,-0.9722679257392884
final_train_00090,final_train,C1,136,middle,1,middle,0.3990733297137865,0.4158859848976135,0.0229225642979145,0.9587544798851012,0.0183229204267263,0.0412455201148986,0.1822431777504626,0,-0.4447347819805145,-0.6403515934944153,-0.3210681676864624,0.997054159641266,0.379043310880661,0.7027786374092102,0.6692851185798645,-0.7815777063369751,-0.7179702520370483,-1.153242826461792,-0.4798005819320678,-0.7089981436729431,-1.2192364931106567,-0.5099132657051086,0.6082171201705933,0.5482506155967712,-0.911350429058075,-1.1432005167007446,-0.3864634037017822,-0.930734634399414,1.1037418842315674,-1.1397714614868164,-1.3647966384887695,-0.7362151145935059,-0.0730128809809684,-0.5665763020515442,-0.7670906782150269,1.332506775856018,-0.877698540687561,-0.1084443032741546,-0.5433740615844727,-1.3914932012557983,-1.0886189937591553,-0.0693941190838813,-1.74768328666687,-0.1991988867521286,-0.7630987167358398,-0.4147573709487915,-0.7282117605209351,0.2137407213449478,-2.5129857063293457,-0.378918319940567,1.6874431371688845,-0.9909274578094482,-0.8636903166770935
final_train_00091,final_train,C1,137,middle,1,middle,0.4007285136015975,0.4176861345767975,0.0221096854656934,0.9596492648124696,0.0182410553097724,0.0403507351875305,0.1791719398203499,0,-0.4370362460613251,-0.4746840000152588,-0.3340033888816833,0.9534182548522948,0.1999268382787704,0.7752886414527893,0.634899914264679,-0.7825754880905151,-0.5269214510917664,-1.238716959953308,-0.4992830455303192,-0.9663618803024292,-1.2055970430374146,-0.428834468126297,0.7302414178848267,0.5836426019668579,-1.012320041656494,-0.7286480665206909,-0.3284708857536316,-0.6651121377944946,1.0007044076919556,-1.0949715375900269,-1.3702921867370603,-0.7472501397132874,-0.082015261054039,-0.4778513312339782,-1.0545177459716797,1.2901991605758667,-0.8757725954055786,-0.0373608991503715,-0.5463141202926636,-1.5862067937850952,-0.9369986653327942,-0.0750986263155937,-2.0189661979675293,-0.0223241727799177,-0.9490474462509156,-0.4410997331142425,-0.2577442824840545,0.2114606499671936,-2.524893045425415,-0.4771783947944641,1.6098183393478394,-0.6094418168067932,-0.7897752523422241
final_train_00092,final_train,C1,138,middle,1,middle,0.4023361994053349,0.4171173274517059,0.0217825304716825,0.9602433443069458,0.0179740935564041,0.0397566556930542,0.1770819756470028,0,-0.4360336363315582,-0.4197608530521393,-0.3472909331321716,0.9326324462890624,0.189062550663948,0.7929349541664124,0.6301969885826111,-0.8059087991714478,-0.4996255040168762,-1.1900581121444702,-0.4715745747089386,-0.94054514169693,-1.100151777267456,-0.3953607678413391,0.3695342540740967,0.5976452827453613,-0.9872873425483704,-0.4248897433280945,-0.286156415939331,-0.5340203642845154,1.0031293630599976,-1.1518007516860962,-1.2633851766586304,-0.8049407005310059,-0.0942060574889183,-0.451773077249527,-1.0665899515151978,1.2271831035614014,-0.9320699572563172,0.0106484778225421,-0.549203097820282,-1.3386279344558716,-0.8853719234466553,-0.0745114088058471,-1.7924383878707886,0.2632297873497009,-0.9766170382499696,-0.6082660555839539,-0.4159956276416778,0.2349342554807663,-2.463897943496704,-0.4490537643432617,1.5670068264007568,-0.3248841464519501,-0.9731217622756958
final_train_00093,final_train,C1,139,middle,1,middle,0.4038978734973322,0.4167356193065643,0.0215850118547678,0.9606040120124816,0.0178109463304281,0.0393959879875183,0.1758089483930429,0,-0.4606511890888214,-0.360258549451828,-0.3576864302158355,0.9113942980766296,0.2397781610488891,0.8834434151649475,0.645979106426239,-0.8066796064376831,-0.6548464894294739,-1.232508420944214,-0.5289986729621887,-0.965761661529541,-1.2325550317764282,-0.4450690746307373,0.2528330087661743,0.6568154692649841,-1.1915953159332275,-0.4503507912158966,-0.2177561521530151,-0.8049234747886658,0.936994731426239,-1.1765855550765991,-1.2062578201293943,-0.7398264408111572,-0.0712027698755264,-0.3031224906444549,-1.1306501626968384,1.1439942121505735,-0.8799337148666382,0.0915974527597427,-0.6880836486816406,-1.455104947090149,-0.720272958278656,-0.0760732442140579,-1.974400758743286,0.3559467792510986,-1.0605337619781494,-0.6377325057983398,-1.04769766330719,0.2305051237344741,-2.469496250152588,-0.5241647362709045,1.4939717054367063,-0.3495610058307647,-0.8997695446014404
final_train_00094,final_train,C1,140,middle,1,middle,0.4054151177780255,0.4165925681591034,0.0214443374425172,0.9607876539230348,0.0177680626511573,0.0392123460769653,0.1751667244814364,0,-0.4571495950222015,-0.3433867394924164,-0.3655905723571777,0.9613028168678284,0.6142553687095642,0.9150781631469728,0.6871219873428345,-0.8294081091880798,-0.5182866454124451,-1.1044749021530151,-0.5277214050292969,-0.9199928641319276,-1.16263747215271,-0.4501520693302154,0.7415774464607239,0.6646168828010559,-1.1818125247955322,-0.7120479345321655,-0.176350861787796,-0.403593361377716,0.9059566855430604,-1.0753318071365356,-1.2265243530273438,-0.8689875602722168,-0.0928119868040084,-0.2858919501304626,-1.0808581113815308,1.2940819263458252,-0.8585308194160461,0.1313170045614242,-0.74366295337677,-1.413310408592224,-0.6500819325447083,-0.0532188229262828,-1.8115758895874023,0.1422385722398758,-0.9820733666419984,-0.4844111800193786,-0.0943610742688179,0.2354935109615326,-2.4678211212158203,-0.4499121606349945,1.4441277980804443,-0.5949106216430664,-0.6544374823570251
final_train_00095,final_train,C1,141,middle,1,middle,0.4068896049486924,0.4174377918243408,0.0212836172431707,0.9608985781669616,0.0178177915513515,0.0391014218330383,0.1747905374407722,0,-0.4850172996520996,-0.1366357952356338,-0.3662709593772888,0.8842023611068726,0.09722251445055,0.9374813437461852,0.5825247168540955,-0.82996666431427,-0.6980574727058411,-1.351789116859436,-0.5977365970611572,-0.9769811034202576,-1.3277621269226074,-0.5555086731910706,0.6207597255706787,0.6900226473808289,-1.1206918954849243,-0.8838967680931091,-0.1150386333465576,-0.8115767240524292,0.8754447102546692,-1.2105069160461426,-1.150916337966919,-0.9173548221588136,-0.0733542591333389,-0.2125250250101089,-1.1611628532409668,1.0863415002822876,-0.7325558662414551,0.1877615749835968,-0.8517945408821106,-1.3425579071044922,-0.5163219571113586,-0.1069610565900802,-2.0402281284332275,0.0003035611880477,-1.0717840194702148,-0.6369566321372986,-0.4144336879253387,0.184958204627037,-2.46260666847229,-0.6568039655685425,1.399771213531494,-1.0070732831954956,-0.7688127756118774
final_train_00096,final_train,C1,142,middle,1,middle,0.408323093924605,0.4172603189945221,0.0213273297995328,0.9608181118965148,0.0178545117378234,0.0391818881034851,0.1750753599274103,0,-0.4798361361026764,-0.1044734790921211,-0.3759985268115997,0.8616377115249634,0.1673796325922012,0.982815444469452,0.6211560964584351,-0.8305158615112305,-0.573627769947052,-1.1193275451660156,-0.5515173673629761,-0.7647637128829956,-1.1086877584457395,-0.596640408039093,0.7445805668830872,0.6729329824447632,-1.0478438138961792,-0.7679354548454285,-0.0902192443609237,-0.812839925289154,0.8454455137252808,-1.0968384742736816,-1.1162711381912231,-0.96991229057312,-0.0923764333128929,-0.1687378585338592,-1.0783133506774902,0.9649863839149476,-0.6690508127212524,0.2132291495800018,-0.8520193099975586,-1.2961764335632324,-0.4280257821083069,-0.02536884509027,-1.9212905168533323,-0.1436068415641784,-0.9107747673988342,-0.4908173084259033,-0.4148038327693939,0.2328557521104812,-2.4163942337036133,-0.5134735107421875,1.352380633354187,-1.2241567373275757,-0.5087834596633911
final_train_00097,final_train,C1,143,middle,1,middle,0.4097174250960695,0.4172000586986542,0.0212482642382383,0.9609240889549256,0.0178275965154171,0.0390759110450744,0.1747035132456072,0,-0.5009319186210632,0.0067574335262179,-0.3856502175331116,0.915502429008484,0.1572392582893371,0.9348074197769164,0.6180503368377686,-0.852477490901947,-0.7932104468345642,-1.226449966430664,-0.620191216468811,-1.0050252676010132,-1.3516459465026855,-0.5271746516227722,0.6227831244468689,0.6877148151397705,-0.8210554718971252,-0.728999137878418,-0.0523875057697296,-0.6782748103141785,0.948414385318756,-1.1997597217559814,-0.90743887424469,-0.9177789092063904,-0.0939846038818359,-0.0428436249494552,-1.0291082859039309,1.1744660139083862,-0.531873345375061,0.2356288284063339,-0.8522403240203857,-0.9327340722084044,-0.3410108685493469,-0.0655714645981788,-1.6839300394058228,-0.1239456683397293,-1.0527222156524658,-0.5483535528182983,-0.7362510561943054,0.1780683100223541,-2.2236433029174805,-0.6276956796646118,1.325360894203186,-1.1884713172912598,-0.5309035778045654
final_train_00098,final_train,C1,144,middle,1,middle,0.4110745154022457,0.4182195663452148,0.0211271960288286,0.960973620414734,0.0178991053253412,0.0390263795852661,0.174542594440832,0,-0.4842717945575714,0.0521796680986881,-0.4059203863143921,0.7740761637687683,-0.0096820313483476,0.9638128280639648,0.4932833313941955,-0.8740761280059814,-0.6424530148506165,-1.23368501663208,-0.5799198150634766,-0.8686729073524475,-1.2245248556137085,-0.6727517247200012,0.7475115060806274,0.6646122336387634,-0.6893715262413025,-0.6970557570457458,-0.040776252746582,-0.5442540049552917,0.9511513113975524,-1.1110937595367432,-0.9442327618598938,-1.0141205787658691,-0.094575896859169,-0.1502909213304519,-0.9452748894691468,0.4633418321609497,-0.6556457877159119,0.2464570105075836,-0.8263736963272095,-0.778232991695404,-0.3482055068016052,-0.3738666176795959,-1.6674439907073977,0.5238127112388611,-0.942697048187256,-0.4491454362869262,-0.090498574078083,-0.2262459248304367,-2.311838388442993,-0.6167910099029541,1.2941941022872925,-0.8498548865318298,-0.402143269777298
final_train_00099,final_train,C1,145,middle,1,middle,0.412396354013427,0.4177169799804687,0.0210449583828449,0.9611814022064208,0.017773650586605,0.0388185977935791,0.1738013289654637,0,-0.4870446026325226,0.2005113959312439,-0.413298100233078,0.7234021425247192,-0.1544091403484344,0.9638065695762634,0.4243214428424835,-0.8742502331733704,-0.5700368881225586,-1.250023365020752,-0.5976675152778625,-0.8282251358032227,-1.2168991565704346,-0.4672715365886688,0.3779971897602081,0.691952109336853,-0.5369516611099243,-0.5017796158790588,0.0261403284966945,-0.6836951375007629,0.9212692975997924,-1.0536051988601685,-0.9000216722488403,-1.069267988204956,-0.0656342953443527,-0.0762331783771514,-1.0163031816482544,0.2490080744028091,-0.5811320543289185,0.314265102148056,-0.8526715040206909,-0.7842797636985779,-0.2408139854669571,-0.722106397151947,-1.662104606628418,0.8404607772827148,-0.9951658844947816,-0.5704472064971924,-0.7396256327629089,-0.6325781345367432,-2.0841338634490967,-0.6555118560791016,1.2565356492996216,-0.3902139365673065,-0.4941673576831817
final_train_00100,final_train,C1,146,middle,1,middle,0.4136849970187226,0.4186418354511261,0.0209816917777061,0.9610987305641174,0.0179196428507566,0.0389012694358825,0.1741108508067458,0,-0.4657967388629913,0.2566973865032196,-0.399403840303421,0.678004264831543,-0.0844877734780311,1.0575356483459473,0.4514222741127014,-0.8535224199295044,-0.2860167026519775,-1.106845140457153,-0.5506771802902222,-0.5505574941635132,-1.0078734159469604,-0.3345589935779571,0.1351977735757827,0.6773780584335327,-0.6786692142486572,-0.3908906280994415,0.0639436841011047,-0.0049396869726479,0.827254593372345,-1.0316154956817627,-0.8221303224563599,-1.0534027814865112,-0.074848860502243,0.0101382471621036,-0.9212323427200316,0.1384070366621017,-1.1718714237213137,0.3503985106945038,-0.775902271270752,-0.6359174251556396,-0.0856787338852882,0.0342447236180305,-1.5928374528884888,0.2894529700279236,-0.8305918574333191,-0.3661360144615173,-0.4136050939559936,0.2554785013198852,-2.2181642055511475,-0.5886715054512024,1.2121028900146484,-0.2768096625804901,-0.111060582101345
final_train_00101,final_train,C1,147,middle,1,middle,0.415073312552521,0.4180678427219391,0.0209340713918209,0.961235523223877,0.0178303774446249,0.038764476776123,0.1736213397089426,0,-0.504439115524292,0.3540537357330322,-0.4163922965526581,0.6234172582626343,-0.1688455492258072,1.0831769704818726,0.4144271612167358,-0.8745900988578796,-0.6172980070114136,-1.2407402992248535,-0.5809679627418518,-0.7761073112487793,-1.019708514213562,-0.2912778556346893,0.1414526104927063,0.7368423342704773,-0.8449166417121887,-0.3800928592681885,0.1400303244590759,-0.1504919528961181,0.7027075290679932,-0.940261960029602,-0.7631585001945496,-1.0789399147033691,-0.04188759252429,0.0902643948793411,-1.0624449253082275,0.0892533659934997,-0.9411137700080872,0.4436412751674652,-0.8530887365341187,-0.7519214153289795,0.0259682033210992,0.0514068007469177,-1.7235620021820068,0.1188649088144302,-0.8949407935142517,-0.4830231070518493,-0.4139637351036072,0.2692390978336334,-2.1050620079040527,-0.7100521922111511,1.1423726081848145,-0.3890913724899292,-0.1970767676830291
final_train_00102,final_train,C1,148,middle,1,middle,0.4167570950429893,0.4179641008377075,0.0210454557090997,0.96102637052536,0.0179281141608953,0.0389736294746398,0.1743635546378117,0,-0.4953954219818115,0.4231294095516205,-0.408840149641037,0.6811602711677551,-0.0809366554021835,1.086429238319397,0.4495545029640198,-0.8747559189796448,-0.4904739558696747,-1.2617558240890503,-0.5919430255889893,-0.7500496506690979,-1.0508790016174316,-0.3465369343757629,0.2706397771835327,0.7123417854309082,-0.9189133644104004,-0.3165396451950073,0.1652398407459259,-0.2937692105770111,0.675530195236206,-0.9941195845603944,-0.7281266450881958,-1.0371812582015991,-0.0816746056079864,0.1551208794116974,-1.137906551361084,0.1592585295438766,-0.9269180297851562,0.4536259770393371,-0.8280431032180786,-0.7874683141708374,0.0969921946525573,0.0569439753890037,-1.7279555797576904,-0.1289093494415283,-0.9489568471908568,-0.6861823201179504,-0.7420538663864136,0.256714403629303,-2.095085382461548,-0.7464070320129395,1.1040486097335815,-0.7910670638084412,-0.4305379986763
final_train_00103,final_train,C1,149,middle,1,middle,0.4187488378317533,0.4166063070297241,0.0211580619215965,0.9610369205474854,0.017804954200983,0.0389630794525146,0.1743082150623327,0,-0.503887951374054,0.4152401685714721,-0.4034158885478973,0.6745098233222961,-0.0132631976157426,1.1653136014938354,0.4840401411056518,-0.8749191164970398,-0.6294610500335693,-1.2107295989990234,-0.5851432681083679,-0.6991872191429138,-1.0215424299240112,-0.3809932470321655,0.3986606001853943,0.6665549874305725,-0.9102061986923218,-0.2747876644134521,0.1700295954942703,-0.4354764521121979,0.6487842798233032,-1.0442224740982056,-0.6140409708023071,-1.0468446016311646,-0.1010133773088455,0.1532930731773376,-1.2265329360961914,0.1302917450666427,-0.72040194272995,0.4350083172321319,-0.8534927368164062,-0.610478937625885,0.1866264045238495,0.0540229678153991,-1.5134119987487793,-0.4298937916755676,-0.9140965342521667,-0.8437745571136475,-0.4120414853096008,0.2079591602087021,-2.0345747470855717,-0.731677234172821,1.0699505805969238,-1.1660151481628418,-0.5875421166419983
final_train_00104,final_train,C1,150,middle,1,middle,0.4210603787275062,0.4170056879520416,0.0212495159357786,0.9608213305473328,0.017929159104824,0.0391786694526672,0.1750761466174538,0,-0.487421452999115,0.4896852672100067,-0.4267539083957672,0.6469506621360779,-0.0588056780397892,1.1337735652923584,0.4591821134090423,-0.8750797510147095,-0.3669920563697815,-1.1887598037719729,-0.5660744309425354,-0.7436525821685791,-0.9123398661613464,-0.1925784200429916,0.1542214304208755,0.7192586660385132,-0.9125909805297852,-0.1764954477548599,0.2102521806955337,-0.4393508434295654,0.6224595308303833,-0.9899152517318726,-0.646203875541687,-1.0093308687210083,-0.0635661855340004,0.2109283655881881,-1.2442758083343506,0.1017811372876167,-0.7696347832679749,0.471954733133316,-0.8288383483886719,-0.5937293171882629,0.2398955076932907,0.2518845796585083,-1.447343111038208,-0.3938131928443908,-0.9664862155914308,-0.8448300361633301,-0.7427799105644226,0.4643474817276001,-1.9642891883850095,-0.7392516136169434,1.036949872970581,-1.2328983545303345,-0.5460900664329529
final_train_00105,final_train,C1,151,middle,1,middle,0.4237028864677913,0.4164596199989319,0.0212468784302473,0.960889458656311,0.0178637132048606,0.0391105413436889,0.1748296820522507,0,-0.4812899231910705,0.4209283590316772,-0.4308656752109527,0.6740216612815857,-0.0294538643211126,1.2249830961227417,0.4805026948451996,-0.8752378821372986,-0.3916522264480591,-1.174083232879639,-0.5330919027328491,-0.9921955466270448,-0.8247402310371399,-0.2095958739519119,0.4077184200286865,0.6573318839073181,-0.9881243705749512,-0.1471980959177017,0.1906875222921371,-0.1700625121593475,0.5965461134910583,-0.9870893359184264,-0.6036100387573242,-1.055780053138733,-0.1111464202404022,0.1270817816257476,-1.3998525142669678,0.1700476855039596,-0.7093547582626343,0.4217813611030578,-0.8292266130447388,-0.6076309084892273,0.2557684779167175,0.1732408702373504,-1.5464202165603638,-0.0573611445724964,-1.1066632270812988,-1.0453922748565674,-0.0785359442234039,0.4049687087535858,-2.0012011528015137,-0.7143406867980957,1.0078035593032837,-0.94163179397583,-0.813023030757904
final_train_00106,final_train,C1,152,middle,1,middle,0.426686847964761,0.4165807366371155,0.0213419031351804,0.9607703685760498,0.0178877599537372,0.0392296314239501,0.1752463836301589,0,-0.4572946429252624,0.4672172367572784,-0.4490396380424499,0.6219531297683716,-0.1845762133598327,1.1921333074569702,0.4121156334877014,-0.8753935694694519,-0.1745480597019195,-1.2680240869522097,-0.5747733116149902,-0.720613420009613,-1.065223217010498,-0.08054019510746,0.162348210811615,0.6340326070785522,-0.6604555249214172,-0.1901936084032058,0.1729178726673126,-0.1772041916847229,0.6942605972290039,-1.1399803161621094,-0.6093766689300537,-1.0230505466461182,-0.1124967411160469,0.1058333069086074,-1.3322031497955322,0.0652029663324356,-0.9100265502929688,0.3791441023349762,-0.7317434549331665,-0.4458314776420593,0.2438650727272033,-0.0846525877714157,-1.248265027999878,0.2808821499347687,-1.0915412902832031,-0.8540784120559692,-0.4131237864494324,0.0993318408727645,-2.0097849369049072,-0.7815549969673157,1.001906156539917,-0.5313548445701599,-0.5351678729057312
final_train_00107,final_train,C1,153,middle,1,middle,0.4300220574231143,0.4166890382766723,0.0213909037411212,0.9606854319572448,0.017923692241311,0.0393145680427551,0.1755464109364323,0,-0.4300083518028259,0.481557697057724,-0.4400124251842499,0.571580171585083,-0.2094895541667938,1.1712112426757812,0.3268075883388519,-0.8557730913162231,0.0875647366046905,-1.3207827806472778,-0.5365325808525085,-0.3194766640663147,-0.940002739429474,-0.0396593697369098,-0.0790543481707573,0.5775667428970337,-0.2755264341831207,-0.2023069262504577,0.1757120639085769,0.0871177986264228,0.7293326258659363,-0.9637895226478576,-0.5980513691902161,-1.0595508813858032,-0.1008708924055099,0.0487418621778488,-1.371660590171814,-0.0380287505686283,-1.150611162185669,0.355027824640274,-0.7085945010185242,-0.1512371152639389,0.2156510353088379,-0.0964166820049285,-1.0258501768112185,0.5349924564361572,-0.8109529614448547,-0.8540167212486267,-0.7477149963378906,0.0756236463785171,-2.0849714279174805,-0.803039014339447,0.992247998714447,-0.2345717549324035,-0.5456198453903198
final_train_00108,final_train,C1,154,middle,1,middle,0.433586856692523,0.417626678943634,0.0214442834258079,0.9604421257972716,0.0181135982275009,0.0395578742027282,0.1764185246678412,0,-0.4238839745521545,0.6385836005210876,-0.4337374567985534,0.4020423293113708,-0.2159015983343124,1.1625889539718628,0.2171073108911514,-0.8756977915763855,0.257436454296112,-1.160304307937622,-0.5208232402801514,-0.3401769995689392,-0.7950364351272583,0.0750892981886863,-0.0694986879825592,0.5811489224433899,-0.173003613948822,-0.0966569706797599,0.2221601158380508,0.0752422586083412,0.6728606224060059,-0.8365157246589661,-0.6126985549926758,-1.1203089952468872,-0.0547975711524486,0.127784788608551,-1.286312699317932,-0.1208592876791954,-1.050428032875061,0.4059996008872986,-0.7098917961120605,-0.2004997283220291,0.2811473608016968,-0.1194369569420814,-1.1728330850601196,0.6316384077072144,-0.8054364919662476,-0.8724305033683777,-0.4112326800823211,0.0397862419486045,-1.910502791404724,-0.7292954921722412,0.9570663571357728,-0.2525322735309601,-0.5161397457122803
final_train_00109,final_train,C1,155,middle,1,middle,0.4371960074926133,0.4171444475650787,0.0216346997767686,0.96018785238266,0.0181775242090225,0.03981214761734,0.1773075793624298,0,-0.4268470108509063,0.6331827640533447,-0.4404653310775757,0.3079552948474884,-0.2222164720296859,1.1839748620986938,0.1865348517894745,-0.8758465051651001,0.2483194023370742,-1.020726203918457,-0.4841018915176391,-0.0989461615681648,-0.5822129845619202,0.0812305063009262,0.0627615749835968,0.6007488965988159,-0.043439395725727,-0.0379321873188018,0.2611813843250274,-0.0711034834384918,0.6774570345878601,-0.8087451457977295,-0.6259604096412659,-1.1129546165466309,-0.0539071708917617,0.1642665117979049,-1.3394495248794556,-0.146387293934822,-1.0276590585708618,0.4445593357086181,-0.7111694812774658,-0.0986682176589965,0.3443843424320221,-0.1146813929080963,-0.9594382643699646,0.4850694537162781,-0.6672146320343018,-0.8538695573806763,-0.7484177350997925,0.0271092765033245,-1.8859000205993648,-0.6672049760818481,0.935158669948578,-0.5847018957138062,-0.4408492147922516
final_train_00110,final_train,C1,156,middle,1,middle,0.4408469062028606,0.4171189367771148,0.0217827670276165,0.9599127173423768,0.0183044951409101,0.0400872826576232,0.178276415278334,0,-0.4379375576972961,0.6960451602935791,-0.4348947703838348,0.2659010291099548,-0.2284363955259323,1.231739521026611,0.1753329187631607,-0.8759928941726685,0.0204281192272901,-1.177720546722412,-0.5287065505981445,-0.3208854496479034,-0.7427864074707031,-0.2383387088775634,0.0696648806333541,0.5978155732154846,-0.2665331065654754,0.0766585022211074,0.2954827547073364,-0.2149096429347992,0.5923442840576172,-0.8737423419952393,-0.6308366656303406,-1.2716655731201172,-0.0810900032520294,0.2232080847024917,-1.330466628074646,-0.1900734603404998,-0.951165735721588,0.4493707120418548,-0.7361584305763245,0.1497456580400467,0.4594859480857849,-0.0136014651507139,-0.9987603425979614,0.0470331832766532,-0.6691284775733948,-0.9560145139694214,-0.409365177154541,0.0644633471965789,-2.031699180603028,-0.7879040837287903,0.9055671095848083,-1.0351790189743042,-0.6052298545837402
final_train_00111,final_train,C1,157,middle,1,middle,0.4445369276726433,0.4160110354423523,0.0221698228269815,0.95942622423172,0.0184039399027824,0.04057377576828,0.1799651404022155,0,-0.4110792577266693,0.684057891368866,-0.4421322047710418,0.2852025330066681,-0.2345634847879409,1.2346655130386353,0.1687727272510528,-0.8761371374130249,0.4202178418636322,-0.8769754767417908,-0.4462882876396179,0.0370521321892738,-0.3825229406356811,-0.0252858065068721,-0.1690918952226638,0.585411787033081,0.3393115401268005,0.1052316799759864,0.3076455295085907,0.0490293577313423,0.745758056640625,-0.639703094959259,-0.4241837859153747,-1.0914851427078247,-0.0510331019759178,0.2015065252780914,-1.155167818069458,-0.1778965890407562,-0.9179314374923706,0.4810406863689422,-0.6665606498718262,0.5392881631851196,0.4828558266162872,0.149014726281166,0.0434014201164245,-0.0538235120475292,-0.4321046471595764,-0.8102464079856873,-0.7491233944892883,0.2510167956352234,-1.703907132148743,-0.6207413077354431,0.9078304767608644,-1.2186574935913086,-0.2600353360176086
final_train_00112,final_train,C1,158,middle,1,middle,0.4482634286145747,0.4151612222194671,0.022383501753211,0.9592062830924988,0.0184101834893226,0.0407937169075012,0.1807194676450314,0,-0.4371348619461059,0.808578610420227,-0.4589500427246094,0.2602792084217071,-0.2405997961759567,1.2682899236679075,0.0792125537991523,-0.8762792348861694,0.1746801137924194,-0.5310312509536743,-0.4139938354492187,-0.0858048424124717,-0.1386685073375702,-0.0308192409574985,-0.2796814441680908,0.6463935971260071,-0.1075721085071563,0.2625828683376312,0.3714974224567413,-0.0962847545742988,0.4847762286663055,-0.5283801555633545,-0.2067825198173523,-1.0678411722183228,-0.0107197482138872,0.3376046121120453,-0.959533393383026,-0.2024348080158233,-0.7366785407066345,0.5657461285591125,-0.8317837119102478,0.4272118508815765,0.6403059959411621,-0.0525462143123149,0.0658177509903907,0.3556715548038482,-0.5078638195991516,-0.7735980749130249,-1.088668704032898,0.0731038600206375,-1.4738229513168335,-0.4710301160812378,0.854458212852478,-1.0097554922103882,-0.0854551121592521
final_train_00113,final_train,C1,159,middle,1,middle,0.4520237516999001,0.4153031706809997,0.0228608716279268,0.9583700299263,0.018769109621644,0.0416299700736999,0.183635700509317,0,-0.4106024503707886,0.8479655981063843,-0.4476552307605743,0.2817704379558563,-0.2290925830602646,1.2411233186721802,0.1150011718273162,-0.8575178384780884,0.5367026925086975,0.0043124961666762,-0.3125950694084167,0.4528752267360687,0.3859643340110779,0.1267208755016327,-0.3867460787296295,0.6365910172462463,0.652450442314148,0.3448528051376343,0.4010555148124695,0.6936467885971069,0.5198413133621216,-0.0040487125515937,-0.0665908455848693,-1.077071189880371,-0.0596585795283317,0.3966257870197296,-0.5077133774757385,-0.1722131073474884,-0.9425355792045592,0.584132194519043,-0.6928851008415222,1.1172034740447998,0.69678795337677,0.1487789750099182,1.5371570587158203,0.8066254258155823,0.0004166375729255,-0.3787151873111725,-0.0611056834459304,0.0863675326108932,-1.1995567083358765,-0.1990868300199508,0.8433691263198853,-0.5825756788253784,0.5325692892074585
final_train_00114,final_train,C1,160,middle,1,middle,0.455815229185851,0.4156050086021423,0.0231342669576406,0.9578842520713806,0.0189814791083335,0.0421157479286193,0.1853229878893258,0,-0.3954147100448608,0.7226859927177429,-0.4504548013210296,0.3631626069545746,-0.165771335363388,1.2870367765426636,0.2038574516773224,-0.8765572309494019,0.5561291575431824,-0.1267994940280914,-0.3119004070758819,0.3310058712959289,0.254721462726593,0.0776457712054252,-0.6088593006134033,0.5801318287849426,0.5504854321479797,0.3016746044158935,0.3523243963718414,0.6627579927444458,0.4963792860507965,-0.0743636488914489,-0.0682999640703201,-1.014369010925293,-0.14077690243721,0.2918232083320617,-0.4746726751327514,-0.0704299435019493,-0.9794530868530272,0.4903389513492584,-0.6481649279594421,1.036612033843994,0.6619680523872375,0.0750623196363449,1.3782484531402588,0.8207366466522217,-0.1584977656602859,-0.4426430463790893,-0.4057533740997314,0.1908477693796157,-1.4113720655441284,-0.2539095878601074,0.8217530846595764,-0.2230954766273498,0.3898309469223022
final_train_00115,final_train,C1,194,middle,1,middle,0.5852035158639834,0.4237566292285919,0.0212949160486459,0.9593769907951356,0.0193280633538961,0.0406230092048645,0.1802538420845857,0,-0.3604100346565246,1.728123664855957,-0.7982829809188843,-0.5650718212127686,-0.9060792326927184,-0.9133437871932985,-0.7696542143821716,-0.8608160614967346,1.0158635377883911,-0.0688432306051254,-0.6121817827224731,1.4616618156433103,0.1801585108041763,0.0642863810062408,-2.1149444580078125,1.3578506708145142,1.0981727838516235,1.6937859058380127,1.2302647829055786,0.9581661820411682,0.1327135413885116,0.0684174746274948,1.0650293827056885,-1.2684487104415894,0.185105100274086,1.3913593292236328,-0.0239427722990512,-0.9251594543457032,-0.2160179764032364,1.3879085779190063,-0.6879010200500488,1.622923731803894,1.0413334369659424,0.5540444850921631,1.776585340499878,0.3134364485740661,0.1572041809558868,1.07602059841156,-1.842261791229248,0.0290071759372949,2.068590879440308,-0.9664224982261658,0.3086438179016113,-0.4273884296417236,1.7097243070602417
final_train_00116,final_train,C1,195,middle,1,middle,0.5885630689577716,0.4273431599140167,0.0210472717881202,0.95927232503891,0.0196804590523242,0.04072767496109,0.1806436876920409,0,-0.3584263920783996,1.7358170747756958,-0.8067319393157959,-0.5816675424575806,-0.8753838539123535,-0.8581297993659973,-0.7563104033470154,-0.8781833648681641,0.9909027814865112,-0.1286945939064026,-0.6354042291641235,1.3554439544677734,0.0385893322527408,-0.1176181882619857,-1.895263671875,1.3251655101776123,1.0728238821029663,1.6534721851348877,1.2123743295669556,1.2027990818023682,0.1138657331466674,0.0596832893788814,1.1589107513427734,-1.1513879299163818,0.095174603164196,1.4139147996902466,-0.0662138685584068,-0.9422621130943298,-0.2279850393533706,1.342911958694458,-0.7102130651473999,1.6530476808547974,1.1386678218841553,-0.2323419451713562,2.017286777496338,0.6320390701293945,0.0747004449367523,0.7341823577880859,-1.143866777420044,-0.8673630356788635,1.9056198596954343,-1.0166480541229248,0.2908043265342712,-0.3239409625530243,1.3495662212371826
final_train_00117,final_train,C1,196,middle,1,middle,0.5918768682563342,0.4267864823341369,0.0211569592356681,0.9593047499656676,0.0195382628589868,0.0406952500343322,0.1805213166994008,0,-0.3663125932216644,1.674471378326416,-0.8018481731414795,-0.5882768630981445,-0.9708617329597472,-0.8645922541618347,-0.7942037582397461,-0.8782968521118164,0.8043395280838013,-0.307328313589096,-0.6653509736061096,1.2800487279891968,-0.2272228896617889,-0.2657152414321899,-1.7021969556808472,1.2468472719192505,0.8345887064933777,1.5256372690200806,1.1471256017684937,1.14865243434906,0.0952675715088844,-0.3089988827705383,1.0873088836669922,-1.1677764654159546,-0.0796477422118187,1.3639285564422607,-0.516851544380188,-0.9428064823150636,-0.184408813714981,1.2175261974334717,-0.7322295308113098,1.3315078020095823,1.108433961868286,-0.2893669903278351,1.3652851581573486,0.4600479006767273,-0.0630099773406982,0.5992037057876587,-0.7938745617866516,-0.8478431701660156,1.9374457597732544,-1.0858405828475952,0.2741113901138305,0.059886448085308,1.1274425983428955
final_train_00118,final_train,C1,197,middle,1,middle,0.5951438508281696,0.4323379397392273,0.0207509156316518,0.9589490294456482,0.0203001126646995,0.0410509705543518,0.1817947915528683,0,-0.3621622025966644,1.6548075675964355,-0.7867686748504639,-0.6102461814880371,-1.0026136636734009,-0.8122063875198364,-0.8441342711448669,-0.8784088492393494,0.8401270508766174,-0.3596511781215668,-0.6771925091743469,1.264022946357727,-0.2715862393379211,-0.1662201136350631,-1.359679102897644,1.2086087465286257,0.9752385020256042,1.5333439111709597,1.1413813829421997,1.4606648683547974,0.0769141241908073,-0.3395948708057403,1.1343188285827637,-1.2129911184310913,0.1313832551240921,1.3941377401351929,-0.3610424995422363,-0.9433437585830688,-0.3338310122489929,1.1994407176971436,-0.7331921458244324,1.4637411832809448,1.1993268728256226,-0.2505351603031158,1.61414635181427,0.5270230174064636,-0.0831440463662147,0.447583943605423,0.2535938620567322,-0.8582068681716919,1.888046741485596,-1.1277096271514893,0.2606315910816192,0.7851076126098633,1.0020573139190674
final_train_00119,final_train,C1,198,middle,1,middle,0.5983630305012503,0.4296644032001495,0.021030755713582,0.958980917930603,0.0199883095920085,0.0410190820693969,0.1816731936866503,0,-0.3692894577980041,1.5791428089141846,-0.7859545350074768,-0.6025700569152832,-1.0029199123382568,-0.7791007161140442,-0.8510338068008423,-0.8785194158554077,0.715218186378479,-0.4608185291290283,-0.6781779527664185,1.1558120250701904,-0.2963108718395233,0.0613000951707363,-1.215089201927185,1.1487116813659668,0.8945010900497437,1.5439878702163696,1.0963644981384275,1.389472246170044,0.0847747176885604,-0.3978878557682037,1.1088829040527344,-1.2151257991790771,0.0103667257353663,1.3298126459121704,-0.4677557945251465,-0.943873941898346,-0.2881341278553009,1.1224281787872314,-0.7547706365585327,1.3995320796966553,1.1855798959732056,-0.4118035137653351,1.7433688640594482,0.554043710231781,-0.2070353478193283,0.5415928959846497,0.2506752908229828,-0.8992109894752502,1.6929641962051392,-1.16597580909729,0.254252552986145,1.0342164039611816,1.0507001876831057
final_train_00120,final_train,C1,199,middle,1,middle,0.6015334985650915,0.4315164089202881,0.0208754949271678,0.958951771259308,0.020172705873847,0.0410482287406921,0.1817817433490421,0,-0.3609547615051269,1.5694769620895386,-0.8135747909545898,-0.621504545211792,-1.0340512990951538,-0.753376841545105,-0.8939672708511353,-0.8786284923553467,0.7570255994796753,-0.3272162079811096,-0.6519227027893066,0.979455590248108,-0.1010090559720993,0.3200113177299499,-1.081207275390625,1.1394463777542114,0.8009219765663147,1.4509423971176147,1.0787556171417236,1.1500792503356934,0.0409222953021526,-0.3805184662342071,1.0932198762893677,-1.2691363096237185,0.0768454745411872,1.330656886100769,-0.8244522213935852,-0.944397270679474,-0.1382048428058624,1.0879322290420532,-0.7350797653198242,1.146640658378601,1.226610779762268,-0.3868987262248993,1.1039471626281738,0.1810318827629089,-0.3376854360103607,0.4765660166740417,-0.1027251332998275,-0.8985885381698608,1.709182620048523,-1.1280521154403689,0.2317370176315307,1.2511581182479858,0.9792701005935668
final_train_00121,final_train,C1,200,middle,1,middle,0.6046544245898313,0.4312595427036285,0.0208977721631526,0.9590362906455994,0.0200659520924091,0.0409637093544006,0.1814838048404707,0,-0.3536489605903625,1.5630548000335691,-0.8103511929512024,-0.6502109169960022,-1.0341508388519287,-0.7936758399009705,-0.8982416987419128,-0.8787361979484558,0.812178373336792,-0.0653300136327743,-0.6234750747680664,0.9698566198349,0.1360669285058975,0.1287280321121215,-1.1214011907577517,1.1111712455749512,0.8400121927261353,1.47755765914917,1.0605958700180054,1.271977782249451,0.0489136651158332,-0.2707489132881164,1.12299644947052,-1.2617610692977903,0.0981087088584899,1.3554021120071411,-0.7693018317222595,-0.9608240723609924,-0.3817127346992492,1.0590417385101318,-0.7156429886817932,1.1656185388565063,1.263767957687378,-0.4154607057571411,1.2533800601959229,0.5022903680801392,-0.3619421720504761,0.4722695350646972,-0.1040766462683677,-0.8787463903427124,1.6902552843093872,-1.0493110418319702,0.2270518839359283,2.0840249061584477,0.9726755023002625
final_train_00122,final_train,C1,201,middle,1,middle,0.6077250565432409,0.4340669214725494,0.0207498427480459,0.95863538980484,0.0206148047000169,0.0413646101951599,0.1828931057990476,0,-0.3575305938720703,1.5485385656356812,-0.8149558305740356,-0.6099520921707153,-0.9885980486869812,-0.7273952960968018,-0.8613451719284058,-0.8788425326347351,0.7399430871009827,0.0077395974658429,-0.6176254153251648,1.0466909408569336,0.1618750095367431,0.2929003834724426,-1.238806128501892,1.107631802558899,0.8161398768424988,1.4058234691619873,1.0646260976791382,1.299010157585144,0.0058533349074423,-0.1899393647909164,1.2007310390472412,-1.2508724927902222,0.180485188961029,1.3947299718856812,-0.7046641111373901,-0.9296154975891112,-0.3888734877109527,1.0658247470855713,-0.7773826122283936,1.1713136434555054,1.3548154830932615,-0.2535321712493896,1.4099347591400146,0.7427901029586792,-0.3742612302303314,0.4785545170307159,0.2473013550043106,-0.8242391347885132,1.7809878587722778,-1.047943115234375,0.2166352868080139,1.9612352848052976,1.0176104307174685
final_train_00123,final_train,C1,202,middle,1,middle,0.6107447217268177,0.4333394765853882,0.0208548251539468,0.958505392074585,0.0206397622823715,0.041494607925415,0.183346388463982,0,-0.3513182997703552,1.4895647764205933,-0.8238244652748108,-0.6567035913467407,-1.0343458652496338,-0.6715200543403625,-0.9182464480400084,-0.8789474368095398,0.7356593608856201,0.1977096199989318,-0.5977368950843811,0.8885259032249451,0.2727563977241516,0.479643851518631,-1.2669806480407717,1.0651662349700928,0.8170276284217834,1.3775418996810913,1.0294137001037598,1.3229433298110962,-0.0113460915163159,-0.1950873583555221,1.1437294483184814,-1.2506204843521118,0.0625083670020103,1.3342788219451904,-0.6476637125015259,-0.9616348147392272,-0.4634668827056885,1.0150264501571655,-0.7579240202903748,1.0629268884658811,1.3607683181762695,-0.1050064787268638,1.063916802406311,0.6880573034286499,-0.4122976064682007,0.7234240174293518,-0.1091758832335472,-0.7520073056221008,1.688416838645935,-0.981655776500702,0.2040953636169433,1.83782970905304,1.2329035997390747
final_train_00124,final_train,C1,203,middle,1,middle,0.6137128264247487,0.4344701170921325,0.0208410173654556,0.9581763744354248,0.0209825988858938,0.0418236255645751,0.1844933825475128,0,-0.3485033512115478,1.4015134572982788,-0.8061821460723877,-0.6310586333274841,-1.0194172859191897,-0.6050113439559937,-0.8828986287117004,-0.8790510892868042,0.692582368850708,0.4877694845199585,-0.5610910654067993,0.7705504298210144,0.4773090481758117,0.3135616481304168,-1.214636206626892,1.0138435363769531,0.6485981941223145,1.3434265851974487,1.003097414970398,1.3439844846725464,-0.0283278040587902,0.0171660985797643,1.171183943748474,-1.2264162302017212,0.0785036459565162,1.2754230499267578,-0.4630893766880035,-0.9464243054389954,-0.4517463743686676,0.9779871702194214,-0.778663158416748,1.1895211935043335,1.368103265762329,-0.0191283859312534,1.3971071243286133,1.0030739307403564,-0.3609564900398254,0.8487486839294434,0.2442773431539535,-0.7368097901344299,1.607526779174805,-0.8766980171203613,0.1973746418952942,1.493366837501526,1.3183616399765017
final_train_00125,final_train,C1,204,middle,1,middle,0.6166288567229923,0.4366321265697479,0.020719975233078,0.9579042792320251,0.0213757418096065,0.0420957207679748,0.1854354031838282,0,-0.3304491937160492,1.3180341720581057,-0.829555332660675,-0.6972478032112122,-1.0345361232757568,-0.6000173687934875,-0.9658076167106628,-0.8791534304618835,0.7086583971977234,0.3888261914253235,-0.555351972579956,0.862147331237793,0.3692492842674255,0.6012266874313354,-1.0119705200195312,0.962580382823944,0.8038291335105896,1.2577786445617676,0.9453558325767516,1.2835447788238523,0.0048920284025371,-0.0867550373077392,1.040686845779419,-1.296499252319336,-0.0473905764520168,1.1582295894622805,-0.6635527014732361,-0.9779351353645324,-0.4434165060520172,0.8927831649780273,-0.6204907298088074,1.0884828567504885,1.2660619020462036,-0.0621852353215217,1.3256767988204956,0.6377468705177307,-0.3214530348777771,0.9549623131752014,0.5966302156448364,-0.7547886371612549,1.5419633388519287,-0.8822651505470276,0.1950535476207733,1.836398005485535,1.2932021617889404
final_train_00126,final_train,C1,205,middle,1,middle,0.6194923782752548,0.4352200031280517,0.0208160448819398,0.9581118226051332,0.0210721641778945,0.0418881773948669,0.1847176841552814,0,-0.335990697145462,1.341294527053833,-0.8188457489013672,-0.6883240342140198,-1.0346293449401855,-0.5769542455673218,-0.9541715383529664,-0.8792544603347778,0.6741726994514465,0.5002790093421936,-0.5548384785652161,0.7970786690711975,0.4126361906528473,0.262738823890686,-1.202319622039795,0.9493215084075928,0.8353981375694275,1.2942274808883667,0.955736517906189,1.0711958408355713,-0.0119789009913802,0.0590348653495311,1.1188318729400637,-1.3202329874038696,0.2135519683361053,1.1954141855239868,-0.5197923183441162,-0.9782259464263916,-0.4768348634243011,0.9144604802131652,-0.7207335829734802,1.1475822925567627,1.341796636581421,0.0209387503564357,1.5028388500213623,0.6105492115020752,-0.3507307171821594,1.0859527587890625,-0.1203608661890029,-0.7329157590866089,1.524203181266785,-0.8611598610877991,0.1867440789937973,1.8366197347640991,1.4336364269256592
final_train_00127,final_train,C1,206,middle,1,middle,0.6223030367710348,0.4360935389995575,0.0207366608083248,0.9580513834953308,0.0212119426578283,0.0419486165046691,0.1849261163259642,0,-0.3280980587005615,1.3095097541809082,-0.8451443314552307,-0.6682229042053223,-1.0347214937210083,-0.5574923753738403,-0.9735051393508912,-0.8793542385101318,0.6738706231117249,0.5238938331604004,-0.5387549996376038,0.7065205574035645,0.4589652419090271,0.4456038177013397,-1.2290709018707275,0.93535977602005,0.7326734066009521,1.260140299797058,0.9351769089698792,1.182054877281189,-0.0039567681960761,-0.1249571591615676,1.105578899383545,-1.3319902420043943,0.1171746104955673,1.2000465393066406,-0.5500257015228271,-0.9478784799575806,-0.5789098143577576,0.8910856246948242,-0.682506799697876,1.0422917604446411,1.3314487934112549,-0.1015791222453117,1.179806113243103,0.9067600965499878,-0.4335417747497558,1.0004037618637085,-0.1215995624661445,-0.7425333261489868,1.4652034044265747,-0.851525068283081,0.1820287406444549,2.082012891769409,1.299193024635315
final_train_00128,final_train,C1,207,middle,1,middle,0.6250605575845918,0.4380291104316711,0.0207172390073537,0.9576448798179626,0.0216379184275865,0.0423551201820373,0.1863317686703735,0,-0.3236872553825378,1.2314924001693726,-0.8448265790939331,-0.619640052318573,-0.990852415561676,-0.5051705837249756,-0.922453761100769,-0.8794528245925903,0.645159900188446,0.5224514007568359,-0.5232632160186768,0.6846848130226135,0.5025901794433594,0.4396243393421173,-1.1802901029586792,0.908340334892273,0.8308794498443604,1.2468936443328855,0.9051141142845154,1.4334144592285156,-0.0450959093868732,-0.0393472202122211,1.1015875339508057,-1.3107755184173584,0.0342232175171375,1.1200284957885742,-0.4636188447475433,-0.9179056882858276,-0.7244924902915955,0.8473976850509644,-0.683716893196106,1.0470831394195557,1.3014304637908936,-0.0086796842515468,1.27754008769989,1.1483914852142334,-0.4821833968162536,1.1594895124435425,0.2357363402843475,-0.6814306974411011,1.4592857360839844,-0.8400639295578003,0.173167273402214,2.0655195713043213,1.3830028772354126
final_train_00129,final_train,C1,208,middle,1,middle,0.6277647458919545,0.4400169849395752,0.0206912271678447,0.9571523666381836,0.0221564099192619,0.0428476333618164,0.1880240067722082,0,-0.310869812965393,1.127747893333435,-0.8552992939949036,-0.6263851523399353,-1.020339012145996,-0.4433115720748901,-0.9412162899971008,-0.8795501589775085,0.6017332673072815,0.5213788747787476,-0.506523847579956,0.8215454816818237,0.4444823563098907,0.3865880668163299,-1.278170466423035,0.8449925184249878,0.776235818862915,1.1594382524490356,0.843620240688324,1.3683830499649048,0.1093146875500679,-0.0305830221623182,1.056733250617981,-1.260406255722046,-0.0605097077786922,1.0215860605239868,-0.43059241771698,-0.9185593724250792,-0.7651657462120056,0.7635772824287415,-0.5687344074249268,1.0674468278884888,1.2489993572235107,-0.044441919773817,1.401198148727417,1.239967703819275,-0.3301913738250732,1.493450164794922,0.2330804467201233,-0.665885329246521,1.4170489311218262,-0.8231050968170166,0.1747759729623794,1.7157198190689087,1.606282114982605
final_train_00130,final_train,C1,209,middle,1,middle,0.6304154864369003,0.4419894516468048,0.0208330042660236,0.956290066242218,0.0228769145905971,0.0437099337577819,0.1909772411957848,0,-0.3105684518814087,1.1132657527923584,-0.8438321352005005,-0.6256428360939026,-1.0205166339874268,-0.4266040623188019,-0.936293125152588,-0.8796463012695312,0.4964115917682647,0.8149029612541199,-0.4776159524917602,0.7116675972938538,0.4983946084976196,0.4112156629562378,-1.0145223140716553,0.794048547744751,0.8521432876586914,1.126528024673462,0.8081175088882446,1.2358977794647217,0.0195226445794105,0.0627131462097168,0.9897176027297974,-1.297990083694458,-0.020544284954667,0.9472157955169678,-0.3709986209869385,-0.934242308139801,-0.6120784878730774,0.7124630212783813,-0.6283581256866455,0.9271489977836608,1.2152588367462158,-0.005466416478157,1.1938774585723877,0.9512943029403688,-0.3383222222328186,1.307194471359253,0.5903092622756958,-0.6760566234588623,1.3618812561035156,-0.683885395526886,0.1637182831764221,1.182114601135254,1.3594441413879397
final_train_00131,final_train,C1,210,middle,1,middle,0.633012743647965,0.4425779283046722,0.0209207311272621,0.9559789299964904,0.0231003649532794,0.0440210700035095,0.1920408190074538,0,-0.2973516881465912,1.0487661361694336,-0.8497695326805115,-0.585159957408905,-0.99191814661026,-0.397417277097702,-0.9037240147590636,-0.8797413110733032,0.5430408716201782,0.7406163811683655,-0.4758900105953216,0.6401377320289612,0.4515545070171356,0.5052565932273865,-1.118497610092163,0.7575644254684448,0.8179152011871338,1.1247804164886477,0.7798668742179871,1.041056752204895,0.0512444786727428,0.1094407588243484,0.9884419441223145,-1.297182559967041,0.0502135083079338,0.9222479462623596,-0.3933908939361572,-0.8600590825080872,-0.481046199798584,0.6805379986763,-0.5151048898696899,0.9318400621414183,1.2003281116485596,-0.1599426418542862,1.1744674444198608,1.100732445716858,-0.4146486818790436,1.5247429609298706,0.2251733839511871,-0.7274966835975647,1.3772348165512085,-0.7103738188743591,0.159302532672882,1.2160651683807373,1.510959267616272
final_train_00132,final_train,C1,211,middle,1,middle,0.635556560585342,0.4429778158664703,0.0209994651377201,0.9556989073753356,0.0233015846461057,0.0443010926246643,0.1929957115205167,0,-0.3087031543254852,1.0501976013183594,-0.8710399866104126,-0.5934813022613525,-1.0351656675338743,-0.3788753151893616,-0.9246883988380432,-0.8798351883888245,0.3965310752391815,0.590877890586853,-0.4971788227558136,0.5157113671302795,0.2338139414787292,0.3701634407043457,-1.0078425407409668,0.7485141158103943,0.8564920425415039,1.0843348503112793,0.7624893188476562,1.000429630279541,-0.1089359298348426,-0.1250789910554886,0.9864274263381958,-1.253381848335266,0.0800938308238983,0.8962835073471069,-0.2910197079181671,-0.8907614350318909,-0.4628694951534271,0.6642177700996399,-0.7644635438919067,0.9220616817474364,1.197480320930481,-0.1821901351213455,1.102558135986328,0.7695510983467102,-0.5072622895240784,1.3233121633529663,0.2226136326789856,-0.7703847885131836,1.3341649770736694,-0.7633222341537476,0.1485855877399444,1.075993895530701,1.2921802997589111
final_train_00133,final_train,C1,212,middle,1,middle,0.6380470595259374,0.4436248242855072,0.0210748091340065,0.955349862575531,0.0235753431916236,0.0446501374244689,0.1941812941070469,0,-0.2887406349182129,0.9961942434310912,-0.8613977432250977,-0.663600504398346,-1.035251259803772,-0.3676877617835998,-0.9738591313362122,-0.8799278736114502,0.483680248260498,0.70634925365448,-0.4780175387859344,0.4394983649253845,0.2966399788856506,0.786636233329773,-1.108837366104126,0.688493013381958,0.7930770516395569,1.0572044849395752,0.7215419411659241,1.102098822593689,0.0897517949342727,-0.1146668121218681,0.8967968225479126,-1.3334189653396606,-0.0150662846863269,0.8567558526992798,-0.4553012251853943,-0.980164110660553,-0.5504289269447327,0.6109238266944885,-0.5005582571029663,0.8270058631896973,1.1479787826538086,-0.1790536195039749,0.9598275423049928,0.9015761613845824,-0.5421193838119507,1.5350583791732788,0.2200807034969329,-0.7179998755455017,1.1563631296157837,-0.6965283155441284,0.1495161056518554,1.0218713283538818,1.4180889129638672
final_train_00134,final_train,C1,213,middle,1,middle,0.6404844407932582,0.4430578351020813,0.0212089717388153,0.955185055732727,0.0236059390008449,0.0448149442672729,0.1947497861725006,0,-0.2960741817951202,0.9840068817138672,-0.8664546012878418,-0.69716876745224,-1.035335898399353,-0.3725351691246032,-0.9820252060890198,-0.88001948595047,0.4035400450229645,0.6306867003440857,-0.5103598237037659,0.3470574915409088,0.0659049749374389,0.5500953197479248,-1.0683609247207642,0.678041934967041,0.683628499507904,1.0489180088043213,0.7206212282180786,1.1276410818099976,0.0968341305851936,-0.1166063919663429,0.9072642922401428,-1.3289213180541992,0.1626191288232803,0.8793817162513733,-0.4864637553691864,-0.9804278016090392,-0.4946259260177612,0.6169587969779968,-0.6718882322311401,0.7778836488723755,1.1605650186538696,-0.2321947365999221,0.8317586183547974,1.2089519500732422,-0.6349769830703735,1.3899511098861694,0.2175741642713546,-0.7092587947845459,1.0462782382965088,-0.7300418019294739,0.1442029625177383,0.7896657586097717,1.2722512483596802
final_train_00135,final_train,C1,214,middle,1,middle,0.6428689826403983,0.4414223134517669,0.0213339012116193,0.9553653001785278,0.0233008116483688,0.0446346998214721,0.1941528240656424,0,-0.2936179935932159,0.9401021003723145,-0.8576070666313171,-0.7153065204620361,-1.035419464111328,-0.3550686240196228,-1.0170818567276,-0.8801100254058838,0.3554067015647888,0.6438089609146118,-0.4810357689857483,0.1282799839973449,0.170422613620758,0.5333619713783264,-0.9635879397392272,0.64785236120224,0.6243192553520203,1.004703402519226,0.6967471837997437,0.9471422433853148,0.0097725074738264,-0.2024797201156616,0.8958165049552917,-1.3453649282455444,0.0258732195943593,0.829762876033783,-0.4243304431438446,-0.995280623435974,-0.3522985577583313,0.5864788293838501,-0.7291375398635864,0.7006626725196838,1.0982550382614136,-0.3003248274326324,0.7075947523117065,1.040736436843872,-0.6615536212921143,1.329934000968933,-0.1497253626585006,-0.8037565350532532,1.0517754554748535,-0.6985957622528076,0.1354862451553344,0.648063063621521,1.1470332145690918
final_train_00136,final_train,C1,215,middle,1,middle,0.6452010406649842,0.4417900443077087,0.0214029941707849,0.9551844000816344,0.0234126318246126,0.0448155999183654,0.1947695348053186,0,-0.2775548100471496,0.971015214920044,-0.8653567433357239,-0.667490541934967,-1.0215383768081665,-0.361682116985321,-0.9917201399803162,-0.8801995515823364,0.4618852138519287,0.611872136592865,-0.4859423041343689,0.3315559327602386,0.1426716893911361,0.562991738319397,-0.8644721508026123,0.6565480828285217,0.7221085429191589,1.052788496017456,0.7113431096076965,0.9793800115585328,-0.0528881475329399,-0.0476356595754623,0.9761229753494264,-1.3115382194519043,0.2536182105541229,0.9000014066696167,-0.1938763260841369,-0.9519330859184264,-0.3834479749202728,0.620749831199646,-0.4700972437858581,0.7839924693107605,1.1869372129440308,-0.24617400765419,0.7946011424064636,1.533582329750061,-0.6505860686302185,1.4291949272155762,0.5803919434547424,-0.7442398071289062,1.06903076171875,-0.7419725656509399,0.1288034170866012,0.9200091361999512,1.290576457977295
final_train_00137,final_train,C1,216,middle,1,middle,0.64748104675607,0.4403308033943176,0.0216278526932001,0.9550802111625672,0.0232919082045555,0.0449197888374328,0.1951381126543544,0,-0.2643528282642364,0.956542193889618,-0.8556939363479614,-0.7020895481109619,-1.035583734512329,-0.3873828947544098,-1.0280247926712036,-0.8802879452705383,0.4990572333335876,0.6565499901771545,-0.4602015018463135,0.2337326854467392,0.2454649358987808,0.4549362361431122,-0.9667938947677612,0.6343911290168762,0.7534669041633606,1.0162551403045654,0.7027896046638489,0.8091537356376648,-0.0683359131217002,0.039833839982748,0.96361243724823,-1.303368330001831,0.1236932650208473,0.9086185097694396,-0.1775801628828048,-0.9956219792366028,-0.2729093432426452,0.6153649091720581,-0.361743301153183,0.8162134885787964,1.1840413808822632,-0.125842809677124,0.8910007476806641,1.231403112411499,-0.6024600863456726,1.3004125356674194,-0.5233652591705322,-0.7044339179992676,1.077738642692566,-0.7226620316505432,0.1230272129178047,0.7734793424606323,1.1529349088668823
final_train_00138,final_train,C1,217,middle,1,middle,0.6497095087431055,0.4415726959705353,0.0217227526009082,0.9545319080352784,0.0237453412264585,0.0454680919647216,0.1969937245764451,0,-0.2618945837020874,1.0009475946426392,-0.8648651242256165,-0.6412192583084106,-1.0080616474151611,-0.3801651000976562,-0.9695258140563964,-0.880375325679779,0.5279329419136047,0.7734724283218384,-0.4664762318134308,0.2936071753501892,0.2316866815090179,0.716568648815155,-0.8693547248840332,0.6545968651771545,0.8258509039878845,1.0602368116378784,0.7202456593513489,1.0445431470870972,-0.19912850856781,0.0772144794464111,1.0312860012054443,-1.241667866706848,0.2780707478523254,1.017438888549805,-0.0618801787495613,-0.9241009950637816,-0.4112882912158966,0.6514273285865784,-0.3830977082252502,0.9191713929176332,1.2685846090316772,-0.0755787342786789,1.171879768371582,1.1183027029037476,-0.6076087355613708,1.4432560205459597,0.5793595314025879,-0.7284994721412659,1.0820006132125854,-0.7053707242012024,0.1139867827296257,0.8945941925048828,1.3360918760299685
final_train_00139,final_train,C1,218,middle,1,middle,0.6518870099278887,0.4394348859786987,0.0219065807759761,0.9547035694122314,0.0233898144215345,0.0452964305877685,0.196428202944087,0,-0.2874674499034881,0.974911630153656,-0.8561716079711914,-0.7057499885559082,-1.035744309425354,-0.3770250678062439,-1.0068070888519287,-0.8804617524147034,0.285805344581604,0.6906614303588867,-0.4716765582561493,0.0932323336601257,0.2069631069898605,0.6399125456809998,-1.0326941013336182,0.6328679919242859,0.5007491707801819,1.0962674617767334,0.7098405361175537,1.0702346563339231,-0.2594950497150421,-0.0302760172635316,0.915947675704956,-1.416712999343872,0.003702325746417,0.8955238461494446,-0.2214352935552597,-0.9959554076194764,-0.4553887546062469,0.6251416206359863,-0.8238105177879333,0.8170683979988098,1.237479329109192,-0.0542721338570117,0.7870081067085266,1.2565584182739258,-0.6806488633155823,1.1316677331924438,0.2072732746601104,-0.7088300585746765,0.7992622256278992,-0.7112976908683777,0.0975154489278793,0.8671604990959167,0.9125729203224182
final_train_00140,final_train,C1,219,middle,1,middle,0.6540142073293967,0.4416654407978058,0.0219706799834966,0.9538901448249816,0.0241392496973276,0.0461098551750183,0.1991673356032185,0,-0.2503698170185089,0.9688069224357604,-0.8404678106307983,-0.725488007068634,-1.035823106765747,-0.4058583676815033,-1.014000654220581,-0.8805471658706665,0.5473262071609497,0.9798598885536194,-0.4372240006923675,0.3726378977298736,0.356482982635498,1.004676342010498,-1.1228145360946655,0.5934256911277771,0.5266343951225281,1.0453996658325195,0.6822977662086487,1.030017971992493,-0.2506497502326965,0.0412852242588996,1.007426381111145,-1.2768826484680176,0.1023134291172027,0.9853596687316896,-0.1744172573089599,-0.996119260787964,-0.5215383172035217,0.5999894142150879,-0.3162370324134826,0.8161096572875977,1.2371011972427368,0.0264439992606639,0.9523367285728456,1.4025945663452148,-0.594036340713501,1.138938307762146,0.2049078643321991,-0.6834867596626282,1.0994073152542114,-0.599236249923706,0.0976864024996757,1.0471042394638062,1.0113297700881958
final_train_00141,final_train,C1,220,middle,1,middle,0.6560918316837835,0.4415794909000397,0.022233547642827,0.9533661007881165,0.0244004037231206,0.0466338992118835,0.2009407655429986,0,-0.2436656504869461,0.9792248010635376,-0.8528797626495361,-0.7477211356163025,-1.0359010696411133,-0.358571708202362,-1.024014234542847,-0.8806315660476685,0.5790992379188538,0.7359416484832764,-0.4442727267742157,0.2802280783653259,0.3115444183349609,0.8967101573944092,-0.959212601184845,0.6097652316093445,0.6409228444099426,1.0851649045944214,0.6950145959854126,0.9919704794883728,-0.2646143734455108,-0.0062868567183613,1.0599473714828491,-1.2436527013778689,0.2930328249931335,1.0277787446975708,-0.0861043259501457,-0.9962812662124634,-0.4827457070350647,0.6326196193695068,-0.3014149963855743,0.8635686039924622,1.2968409061431885,0.0887969881296157,1.034489393234253,1.2382981777191162,-0.5964927673339844,1.3688503503799438,0.2025659680366516,-0.6919089555740356,1.0102189779281616,-0.7185171842575073,0.091566152870655,0.9201584458351136,1.2596663236618042
final_train_00142,final_train,C1,221,middle,1,middle,0.6581206860402454,0.4434004127979278,0.0221270453184843,0.9530212879180908,0.0248516332358121,0.0469787120819091,0.2020779260009847,0,-0.242799237370491,0.9870555996894836,-0.8532040119171143,-0.7097294926643372,-1.0359781980514526,-0.3356962203979492,-1.0245728492736816,-0.880715012550354,0.5822495222091675,0.6878529191017151,-0.4642925560474396,0.2522899210453033,0.2008575499057769,0.6893361806869507,-0.9275169372558594,0.6144136190414429,0.6493508219718933,1.0865987539291382,0.7021996974945068,0.9559040069580078,-0.2784202992916107,-0.1268125027418136,1.063882827758789,-1.2600104808807373,0.2240717262029647,1.051612138748169,-0.2496355921030044,-0.9824295043945312,-0.4431718289852142,0.6499638557434082,-0.3226268589496612,0.868732750415802,1.3464069366455078,0.1337924599647522,1.0622495412826538,0.905304491519928,-0.6771516799926758,1.259224772453308,0.2002471834421157,-0.6339441537857056,1.0813143253326416,-0.7553092837333679,0.0824573785066604,1.129324436187744,1.1816049814224243
final_train_00143,final_train,C1,222,middle,1,middle,0.6601016448249287,0.4514186084270477,0.022612452507019,0.9487383365631104,0.0286491978913545,0.0512616634368896,0.2160808460131432,0,-0.1958612501621246,1.025916576385498,-0.8387496471405029,-0.7656815648078918,-1.0360543727874756,-0.3260308802127838,-1.0176430940628052,-0.8807975649833679,0.8903290629386902,1.1251730918884275,-0.3647750318050384,1.71832013130188,0.8379021286964417,0.9882999062538148,-1.1399894952774048,0.6192473769187927,0.9429584741592408,1.1244086027145386,0.7124805450439453,1.1070106029510498,-0.3145224153995514,0.3660321831703186,1.150262475013733,-1.181228756904602,0.2258252054452896,1.131795048713684,0.7147772908210754,-0.9965997338294984,-1.247673749923706,0.6679392457008362,-0.0582963339984416,0.940410017967224,1.4151902198791504,1.3866934776306152,1.1946568489074707,1.2470062971115112,0.3391434848308563,1.5625975131988523,-0.1740091145038604,-0.3722441792488098,1.0786778926849363,-0.5774477124214172,0.0632210373878479,2.185609102249145,1.5133270025253296
final_train_00144,final_train,C1,223,middle,1,middle,0.6620356526708159,0.4556692242622375,0.0227849762886762,0.9464027285575868,0.0308122858405113,0.0535972714424133,0.2234831517236663,0,-0.2250132858753204,0.998261570930481,-0.8117093443870544,-0.8273473381996155,-1.0361297130584717,-0.2711333930492401,-1.0781805515289309,-0.851996123790741,0.6195651292800903,0.7299597859382629,-0.4313536286354065,0.8807970285415649,0.3297949731349945,0.6213827133178711,-1.0405148267745972,0.5857604742050171,0.6513822078704834,1.135736346244812,0.696012020111084,1.126596212387085,-0.3278928399085998,-0.1052024587988853,1.1182516813278198,-1.2347406148910522,0.0415001362562179,1.0399478673934937,0.1940233260393142,-0.9967562556266784,-0.8639387488365173,0.6382842063903809,-0.2756793797016144,0.8741188645362854,1.3780972957611084,0.800628662109375,1.0898205041885376,0.9779413342475892,-0.1687912195920944,1.2272088527679443,0.5704854726791382,-0.5419166684150696,1.0359947681427002,-0.7234219312667847,0.0474113188683986,1.3177742958068848,1.146726369857788
final_train_00145,final_train,C1,224,middle,1,middle,0.6639237235986464,0.4673106670379638,0.0240890849381685,0.9371500611305236,0.0387608781456947,0.0628499388694763,0.2517486808440915,0,-0.2039152532815933,0.9703856706619264,-0.8219406604766846,-0.8432450890541077,-1.036204218864441,-0.2095221728086471,-1.0810909271240234,-0.8809598088264465,0.7361615896224976,0.9884356260299684,-0.405692994594574,1.228766679763794,0.4822332859039306,0.9679375886917114,-1.182355523109436,0.5870844721794128,0.7962303161621094,1.1310579776763916,0.6978554725646973,1.263690948486328,-0.3411138653755188,0.0566563606262207,1.1402606964111328,-1.2582560777664185,0.2290547043085098,1.0670510530471802,0.5618286728858948,-0.9969110488891602,-1.1508170366287231,0.6492334008216858,-0.1379898339509964,0.9262513518333436,1.4163297414779663,1.0752521753311155,1.2962424755096436,1.1559200286865234,0.0336903594434261,1.4003667831420898,-0.1804197877645492,-0.4175517857074737,0.9482716917991638,-0.6111519932746887,0.0423254184424877,1.5312973260879517,1.3294540643692017
final_train_00146,final_train,C1,225,middle,1,middle,0.6657669392617445,0.5158886313438416,0.0358489491045475,0.8337011337280273,0.1304499357938766,0.1662988662719726,0.4884806966095294,0,0.2090645730495453,0.6509250402450562,0.7146663665771484,-1.3185198307037354,-1.0362778902053833,-1.6730477809906006,-1.4031034708023071,1.3896480798721311,1.5222944021224976,1.617666721343994,0.0730320587754249,3.7403955459594727,1.3401607275009155,2.696551322937012,-0.49491947889328,-0.0216640625149011,1.2075766324996948,0.2963544428348541,0.8007141351699829,0.9790732860565186,0.5730882883071899,0.8956345915794373,1.0376003980636597,-1.2097899913787842,-2.4617297649383545,0.3555882573127746,2.354757785797119,-0.9970641136169434,-1.7289104461669922,-0.091589868068695,1.085292100906372,0.8964151740074158,0.0045064729638397,0.9551448822021484,0.5228837728500366,1.8702378273010252,1.5740768909454346,1.8669592142105105,2.0531938076019287,0.102248266339302,-0.4306183457374573,0.2139871567487716,0.1891885995864868,2.3659067153930664,0.59431391954422
final_train_00147,final_train,C1,226,middle,1,middle,0.6675664482439528,0.5565370917320251,0.0425374880433082,0.5524119734764099,0.40505051612854,0.4475880265235901,0.7538632584536147,0,0.0631948262453079,0.7688043713569641,1.385630488395691,-1.1089943647384644,-1.023235559463501,-1.630807876586914,-1.3180809020996094,1.6184606552124023,1.1062040328979492,1.0813207626342771,-0.1455005258321762,2.238884210586548,0.7392815351486206,1.8225868940353396,-0.8909724950790405,0.0863681435585022,1.3080549240112305,0.4462746083736419,1.2007120847702026,0.6496253609657288,0.5111234784126282,0.6213160753250122,1.3630380630493164,-1.2632368803024292,0.7894648909568787,0.6762995719909668,1.232260823249817,-0.9835907220840454,-1.254069685935974,0.1005533337593078,0.6908203363418579,1.343303680419922,0.3704468607902527,0.751242995262146,1.08023202419281,1.7845317125320437,0.609177827835083,1.6852625608444214,-0.5703530311584473,0.075022391974926,0.1499110758304596,-0.2634888589382171,0.1490437686443328,1.756562113761902,0.7549284100532532
final_train_00148,final_train,C1,227,middle,1,late,0.669323464421471,0.603814423084259,0.0309473257511854,0.1770953685045242,0.7919572591781616,0.2080427408218383,0.5450901525823083,1,-0.0086392434313893,0.8200179934501648,1.929086685180664,-1.1163960695266724,-1.023379683494568,-1.638795018196106,-1.298622727394104,1.6611450910568235,0.8809410929679871,0.8910118937492371,-0.2304649800062179,1.964976191520691,0.5108416080474854,1.5642329454421997,-0.8630863428115845,0.1476658135652542,1.0934441089630127,0.48580402135849,1.5017073154449463,0.8039641976356506,0.3406626582145691,0.3362762331962585,1.4325172901153564,-1.313351273536682,0.4677978456020355,0.7923095226287842,1.166535496711731,-0.9838153123855592,-1.1802021265029907,0.2017673105001449,0.5087820291519165,1.3537598848342896,0.5042219758033752,0.8810386061668396,1.1870412826538086,1.414391040802002,0.3677409887313843,1.5772031545639038,0.1792157292366027,0.1255488097667694,0.3447248041629791,-0.4186476767063141,0.1295585930347442,1.7472050189971924,0.7830429077148438
final_train_00149,final_train,C1,228,late,2,late,0.6710392657927426,0.644677996635437,0.018620952963829,0.0480763427913188,0.933302640914917,0.066697359085083,0.2589702784261571,0,-0.0214501563459634,0.7935363054275513,2.394002914428711,-1.103452444076538,-1.0235222578048706,-1.6034172773361206,-1.2969268560409546,1.6752692461013794,0.8074427247047424,0.7844725847244263,-0.2371301501989364,1.6070266962051392,0.4944512546062469,1.3427932262420654,-0.8936454057693481,0.1595843434333801,1.073959231376648,0.4849993586540222,1.7280617952346802,0.8348866701126099,0.2806451618671417,0.4185594916343689,1.3779692649841309,-1.339750051498413,0.1533289700746536,0.7823783755302429,1.0507152080535889,-0.9840373992919922,-1.0950438976287842,0.2203741818666458,0.4322138726711273,1.3370541334152222,0.5117918252944946,0.7916563153266907,1.3191460371017456,1.12434983253479,0.2477034479379654,1.6712828874588013,0.1770787388086319,0.1730418801307678,0.4715946614742279,-0.4716066718101501,0.1154175549745559,1.619148850440979,0.8792753219604492
final_train_00150,final_train,C1,229,late,2,late,0.6727151928402959,0.679283857345581,0.0125415530055761,0.0165484957396984,0.9709100127220154,0.0290899872779846,0.1378570946567922,0,-0.0310800988227128,0.7691593170166016,2.7655391693115234,-1.079892873764038,-1.0236632823944092,-1.5617454051971436,-1.284826159477234,1.6752692461013794,0.8214282393455505,1.0302207469940186,-0.2407971918582916,1.4140409231185913,0.5799282193183899,1.3683264255523682,-0.8659539222717285,0.1987868249416351,0.8800520300865173,0.5217861533164978,1.9555693864822388,0.8067826628684998,0.2428780794143676,0.5445901155471802,1.3797376155853271,-1.36385178565979,0.4001441299915313,0.8318637609481812,1.3085190057754517,-0.9574518203735352,-1.0027177333831787,0.2940576076507568,0.3907841145992279,1.1536736488342283,0.5849977731704712,1.296469807624817,1.1531659364700315,1.2338006496429443,0.2387807816267013,1.4957706928253174,0.1749617308378219,0.5949083566665649,0.639977216720581,-0.3623581528663635,0.0964158773422241,1.4195750951766968,0.7958439588546753
final_train_00151,final_train,C1,230,late,2,late,0.6743526474776406,0.6962051391601562,0.010159564204514,0.0099015915766358,0.9799388647079468,0.0200611352920532,0.1021112554389372,0,-0.0486033707857131,0.8793069124221802,2.9954922199249268,-1.112981915473938,-1.0238027572631836,-1.6040199995040894,-1.2818318605422974,1.6752692461013794,0.7633419036865234,1.2280839681625366,-0.2264956086874008,1.766512393951416,0.7337448000907898,1.3176289796829224,-0.9515751600265504,0.2715367078781128,0.9309205412864684,0.5950095653533936,2.1609115600585938,0.9503259658813475,0.2270005941390991,0.6989375948905945,1.388968586921692,-1.5270938873291016,0.5152603983879089,0.973796844482422,1.1021130084991455,-0.98447448015213,-1.0564390420913696,0.3930840492248535,0.3498022258281708,1.1418967247009275,0.7369380593299866,1.612841010093689,1.2631670236587524,1.1639999151229858,0.6238290071487427,1.3080161809921265,0.1728643923997879,0.6364697217941284,0.7026402354240417,-0.2960022985935211,0.0871451273560524,1.3463201522827148,0.7154510021209717
final_train_00152,final_train,C1,231,late,2,late,0.6759530910600745,0.705986738204956,0.0091674150899052,0.0076946322806179,0.9831379652023317,0.0168620347976684,0.0884616474198827,0,-0.0312434211373329,0.8406764268875122,3.178182363510132,-1.0362876653671265,-0.998415470123291,-1.5853068828582764,-1.237720608711243,1.6752692461013794,0.8424607515335083,0.8788613677024841,-0.2548796534538269,1.3666967153549194,0.5773173570632935,1.2674380540847778,-0.9218721985816956,0.2663063704967499,0.7915103435516357,0.6282469034194946,2.285165309906006,0.8617936372756958,0.2112938314676284,0.5945984721183777,1.4085209369659424,-1.349007248878479,0.2584168910980224,1.002954363822937,0.8523279428482056,-0.9316552877426147,-0.9770779013633728,0.4060919284820556,0.3771354556083679,1.1663779020309448,0.7387385964393616,1.5345672369003296,1.2012107372283936,1.2370774745941162,0.3817544877529144,1.4314132928848269,0.1707864105701446,0.6536253690719604,0.763504147529602,-0.4878359735012054,0.0787163525819778,1.247154712677002,0.8705585598945618
final_train_00153,final_train,C1,232,late,2,late,0.6775180433315812,0.7127669453620911,0.0086403442546725,0.0066846148110926,0.984675109386444,0.0153248906135559,0.0816812540978584,0,-0.0266858339309692,0.8440466523170471,3.2629237174987797,-1.031564474105835,-1.011382818222046,-1.5649043321609497,-1.2409511804580688,1.6752692461013794,0.8198561668395996,1.3403313159942627,-0.1914457827806472,1.5039706230163574,0.8560191988945007,1.3875876665115356,-0.8935175538063049,0.2803705930709839,0.7057737112045288,0.6292569637298584,2.3885865211486816,0.8331154584884644,0.1745035052299499,0.7871220707893372,1.356230616569519,-1.3312134742736816,0.2541706264019012,1.025028109550476,0.8204874992370605,-0.9453392624855042,-1.000327229499817,0.4260060489177704,0.3872984647750854,1.0343828201293943,0.7760512232780457,1.6505032777786257,1.121267318725586,1.2222037315368652,0.4186033308506012,1.2229681015014648,0.1687274873256683,0.7142648696899414,0.7120416760444641,-0.2329569011926651,0.0700538828969001,1.3254318237304688,0.7129015326499939
final_train_00154,final_train,C1,233,late,2,late,0.6790490804356356,0.7178958058357239,0.0083490116521716,0.0059982198290526,0.9856528043746948,0.0143471956253051,0.0772679907715159,0,-0.0311602838337421,0.892943263053894,3.291980266571045,-1.0279719829559326,-1.0368391275405884,-1.5914897918701172,-1.2426156997680664,1.6752692461013794,0.7913611531257629,1.3082290887832642,-0.207881361246109,1.493743062019348,0.7684449553489685,1.4011131525039673,-0.8664122819900513,0.3264490067958832,0.7791013717651367,0.6830980777740479,2.4842474460601807,0.860885500907898,0.1592430770397186,0.7211840152740479,1.3528107404708862,-1.327038049697876,0.482243001461029,1.1273165941238403,0.7877060770988464,-0.9719951152801514,-1.005831241607666,0.4921377897262573,0.3637771606445312,0.989629864692688,0.8533875346183777,1.6552221775054932,1.0037081241607666,1.0830028057098389,0.4291185438632965,1.132825255393982,0.1666873544454574,0.7603418231010437,0.7946986556053162,-0.2666831314563751,0.0628555566072464,1.359872341156006,0.6904318332672119
final_train_00155,final_train,C1,234,late,2,late,0.6805478335110681,0.7190117239952087,0.0083056977018713,0.0058364337310194,0.9858578443527222,0.0141421556472778,0.0763264855528152,0,-0.0082476213574409,0.8724449276924133,3.290785312652588,-0.986049473285675,-1.011785864830017,-1.5485538244247437,-1.2099653482437134,1.6752692461013794,0.8473190069198608,1.39723002910614,-0.1667302101850509,1.5370591878890991,0.914570450782776,1.1837573051452637,-0.8944069147109985,0.3230704069137573,0.7339520454406738,0.687393307685852,2.531301736831665,0.8325412273406982,0.1231174692511558,0.8617305755615234,1.3096202611923218,-1.283735275268555,0.2225665003061294,1.1445212364196775,0.8506491184234619,-0.8939841389656067,-1.0198256969451904,0.4975484013557434,0.4573996663093567,0.9294371008872986,0.8900278806686401,1.7754948139190674,1.092052936553955,1.0636855363845823,0.5572944283485413,1.2183016538619995,0.1646657139062881,0.7789092659950256,0.7608839273452759,-0.2050765007734298,0.0545889884233474,1.2869764566421509,0.8020249605178833
final_train_00156,final_train,C1,235,late,2,late,0.6820159868198822,0.7208083271980286,0.0082265473902225,0.0056058568879961,0.98616760969162,0.0138323903083801,0.0749011727391272,0,-0.0063717369921505,0.9001736044883728,3.273790121078491,-1.0070658922195437,-0.999490201473236,-1.5382194519042969,-1.1920771598815918,1.6752692461013794,0.8327378630638123,1.5517122745513916,-0.1019753739237785,1.684260606765747,1.1922879219055176,1.287955641746521,-0.867549479007721,0.3207267522811889,0.5898065567016602,0.7075950503349304,2.565016984939575,0.8595972657203674,0.0664561241865158,0.9996722936630248,1.2712924480438232,-1.2947065830230713,0.2162356227636337,1.1783264875411987,0.8796964287757874,-0.9725474715232848,-1.0698925256729126,0.5066549777984619,0.4503683745861053,0.8843309283256531,0.9371820092201232,2.0794873237609863,1.0910807847976685,1.0566381216049194,0.8936949968338013,1.0722914934158323,0.1626622825860977,0.9537670016288756,0.7482037544250488,-0.1048878505825996,0.0408906862139701,1.19440758228302,0.6998558044433594
final_train_00157,final_train,C1,236,late,2,late,0.6834552763431168,0.7213538885116577,0.0081935822963714,0.005508255213499,0.9862980842590332,0.0137019157409667,0.0742974830760343,0,0.034200333058834,0.8370977640151978,3.237539052963257,-1.0276193618774414,-1.0121803283691406,-1.4982078075408936,-1.1858837604522705,1.6752692461013794,0.967724621295929,1.6669914722442627,-0.0611213780939579,1.6367915868759155,1.3201030492782593,1.4497919082641602,-0.841830849647522,0.3087208271026611,0.7551157474517822,0.6880760788917542,2.571701765060425,0.8315942883491516,-0.031224912032485,1.1357994079589844,1.2050613164901731,-1.2353776693344116,0.086329311132431,1.0864115953445437,0.8927292227745056,-0.9857307076454164,-1.116424560546875,0.4888928234577179,0.6417036056518555,0.8560137748718262,0.9067948460578918,1.9165289402008057,0.9887819290161132,1.4063217639923096,0.8668456077575684,1.0557423830032349,0.1606768071651458,0.9537469148635864,0.6943892240524292,0.0298273861408233,0.028823859989643,1.3224037885665894,0.6638090014457703
final_train_00158,final_train,C1,237,late,2,late,0.6848674877916536,0.7211713790893555,0.008201322518289,0.0055333799682557,0.986265242099762,0.013734757900238,0.0744497957630053,0,0.034680962562561,0.8310651779174805,3.187142372131348,-1.011003851890564,-1.0371021032333374,-1.4927231073379517,-1.1846163272857666,1.6752692461013794,0.9136015176773072,1.825574278831482,-0.053207442164421,1.821638822555542,1.2676554918289185,1.3368812799453735,-0.8171728253364563,0.3059838414192199,0.7598214149475098,0.7055023908615112,2.571508884429932,0.8579750061035156,-0.3555678725242615,1.156068205833435,1.2094769477844238,-1.217033624649048,0.1721323728561401,1.095280647277832,0.8182983994483948,-0.973088264465332,-1.1500699520111084,0.488373726606369,0.6009089946746826,0.8637410998344421,0.9119020104408264,1.966649055480957,0.966972589492798,1.340227484703064,1.0560076236724854,1.3080978393554688,0.1587090045213699,0.9957642555236816,0.6429594159126282,0.1827672868967056,0.0158121511340141,1.1518474817276,0.9106005430221558
final_train_00159,final_train,C1,238,late,2,late,0.6862544548510455,0.7215334177017212,0.0081664212048053,0.0054937219247221,0.986339807510376,0.013660192489624,0.0741103254455817,0,0.0739592760801315,0.849654495716095,3.1284584999084477,-0.984732449054718,-1.0248664617538452,-1.503087878227234,-1.1602188348770142,1.6752692461013794,1.0379834175109863,1.8652163743972776,0.0133848963305354,2.0967462062835693,1.4926488399505615,1.546568751335144,-0.8976695537567139,0.3145283460617065,0.7535187602043152,0.7356014251708984,2.560102701187134,0.8303186297416687,-0.4088682234287262,1.275305986404419,1.225473165512085,-1.1888197660446167,0.1998236179351806,1.1263154745101929,0.7239564657211304,-0.9477990865707396,-1.227628231048584,0.496368795633316,0.707715630531311,0.8447654247283936,0.949869692325592,2.2532498836517334,0.9514228105545044,1.1195780038833618,1.420641303062439,1.1751128435134888,-0.2275202721357345,1.1334505081176758,0.6876270174980164,0.250760942697525,0.0033608060330152,1.7392834424972534,0.8104146718978882
final_train_00160,final_train,C1,239,late,2,late,0.6876180574263471,0.7219964861869812,0.0081280497834086,0.0054603577591478,0.9864115715026855,0.0135884284973144,0.0737850562398067,0,0.0675989687442779,0.8472543954849243,3.0658531188964844,-0.9626672863960266,-1.0249933004379272,-1.4746718406677246,-1.145302653312683,1.6752692461013794,0.990926206111908,1.7857224941253662,0.0009071899112313,1.92434823513031,1.4044837951660156,1.4962811470031738,-0.8196419477462769,0.3201384246349334,0.7540915012359619,0.7801508903503418,2.537557601928711,0.8038098216056824,-0.461619108915329,1.3055158853530884,1.2021253108978271,-1.2291966676712036,0.2313855290412902,1.149634838104248,0.6313735842704773,-0.9354825019836426,-1.1844751834869385,0.5045706629753113,0.6670012474060059,0.8665030598640442,0.9960543513298036,2.187487840652466,1.1619855165481567,0.708378255367279,1.3504815101623535,0.9749441146850586,-0.2282446026802063,1.1244369745254517,0.68101567029953,0.2333281636238098,-0.006931853480637,1.6676691770553589,0.6535001993179321
final_train_00161,final_train,C1,240,late,2,late,0.6889602198869407,0.722618818283081,0.00808085501194,0.0054116193205118,0.986507534980774,0.013492465019226,0.0733480227933585,0,0.0471032112836837,0.8246387839317322,3.0070934295654297,-0.9244557619094848,-0.9885980486869812,-1.4906777143478394,-1.1271326541900637,1.6752692461013794,0.8440224528312683,1.8262323141098025,0.024851806461811,1.707201600074768,1.3960778713226318,1.4094560146331787,-0.7961288094520569,0.2985327839851379,0.6478657722473145,0.7885408997535706,2.5002756118774414,0.7264212369918823,-0.4730695784091949,1.3742480278015137,1.180404782295227,-1.2332884073257446,0.1022830232977867,1.1269431114196775,0.5015200972557068,-0.8853523135185242,-1.050065517425537,0.4848967790603637,0.6590754389762878,0.7954459190368652,0.96026611328125,2.1741089820861816,0.8511714339256287,0.4906851053237915,1.3208906650543213,1.008981466293335,0.1572858393192291,1.1797000169754028,0.6755917072296143,0.3447378277778625,-0.0168555006384849,1.7004259824752808,0.6626323461532593
final_train_00162,final_train,C1,241,late,2,late,0.6902829088433233,0.7232464551925659,0.0080332942306995,0.005374377593398,0.9865923523902892,0.0134076476097106,0.0729632906711866,0,0.0260947607457637,0.8778136372566223,2.933156490325928,-0.9290560483932496,-1.0373544692993164,-1.498881697654724,-1.150572419166565,1.6752692461013794,0.7780892848968506,1.550248384475708,-0.0439497753977775,1.279499650001526,1.1163156032562256,1.2035315036773682,-0.8243747353553772,0.3637359738349914,0.5729394555091858,0.8293805122375488,2.482419967651367,0.7552956342697144,-0.5046789050102234,1.0995242595672607,1.1923855543136597,-1.25797438621521,0.7171776294708252,1.2625616788864136,0.3027629256248474,-0.9238083958625792,-0.7988279461860657,0.5677925944328308,0.5224075317382812,0.761674702167511,1.055527687072754,1.686948537826538,0.9034308791160583,0.2611390054225921,0.7940396070480347,0.8556796312332153,0.1553703695535659,1.0683143138885498,0.8196218013763428,0.1413016766309738,-0.0242970641702413,1.0714987516403198,0.586397111415863
final_train_00163,final_train,C1,242,late,2,late,0.6915881317429678,0.723472535610199,0.0080274324864149,0.0053622294217348,0.9866103529930116,0.0133896470069885,0.0728799693446749,0,-0.0089825130999088,0.9004282355308533,2.874868869781494,-0.8851349353790283,-1.013316035270691,-1.495464324951172,-1.1060585975646973,1.6752692461013794,0.6427120566368103,1.2273555994033811,-0.0836736783385276,0.9118280410766602,0.9521157145500184,1.2403429746627808,-0.7504680752754211,0.3866139948368072,0.4812398254871368,0.8667877912521362,2.44464111328125,0.7317487001419067,-0.5359672904014587,0.9048200845718384,1.2192201614379885,-1.1467022895812988,0.2806980907917022,1.2618039846420288,0.2004903554916381,-0.8116552829742432,-0.6939972043037415,0.5790296792984009,0.3070214986801147,0.8220909833908081,1.0894668102264404,1.6339540481567385,0.9193551540374756,0.4039466679096222,0.5873143672943115,0.6810240149497986,0.1534714847803115,1.0528522729873655,0.7090786695480347,-0.0641547366976738,-0.0392753183841705,1.2329682111740112,0.4401314556598663
final_train_00164,final_train,C1,243,late,2,late,0.6928779344130844,0.7236882448196411,0.0080193253234028,0.0053468160331249,0.9866338968276978,0.0133661031723022,0.0727712569188259,0,-0.0019693640060722,0.8511112332344055,2.824216842651367,-0.8982786536216736,-1.0374767780303955,-1.4498432874679563,-1.1252034902572632,1.6752692461013794,0.61177659034729,1.1743342876434326,-0.0969324186444282,0.935434877872467,0.803277313709259,1.2025790214538574,-0.7796995639801025,0.3579113185405731,0.5538921356201172,0.8383769989013672,2.3966176509857178,0.7090824842453003,-0.5067269206047058,0.9406428933143616,1.1710025072097778,-1.238904356956482,0.1721837669610977,1.1973360776901243,0.2495317757129669,-0.8999150991439819,-0.5797198414802551,0.562737762928009,0.3329142034053802,0.8555399775505066,1.049043893814087,1.3866817951202393,1.0618880987167358,0.7285469770431519,0.4602270424365997,0.5897592902183533,0.151588961482048,1.0727777481079102,0.717181921005249,-0.0495792590081691,-0.0402601473033428,0.7203395366668701,0.3257476687431335
final_train_00165,final_train,C1,244,late,2,late,0.6941543995394726,0.723726212978363,0.0080140782520174,0.0053232344798743,0.9866626858711244,0.0133373141288757,0.072636264976435,0,0.0405804440379142,0.8488827347755432,2.7694249153137207,-0.8391410708427429,-1.013679265975952,-1.450831413269043,-1.096226930618286,1.6752692461013794,0.7787019610404968,1.2658836841583252,-0.0213302299380302,1.213411808013916,1.1049127578735352,1.1993794441223145,-0.75797039270401,0.3651448786258697,0.571189284324646,0.8683001399040222,2.3550827503204346,0.7377070188522339,-0.5776307582855225,1.0904066562652588,1.1703803539276123,-1.2337385416030884,0.4206362068653106,1.2320395708084106,0.2963802218437195,-0.7642244100570679,-0.7397110462188721,0.5886620283126831,0.5805882215499878,0.807551383972168,1.0779998302459717,1.7811988592147827,0.96774560213089,0.4015499651432037,0.9419247508049012,0.7576045393943787,0.149722546339035,1.1916857957839966,0.7633019089698792,0.0273108575493097,-0.049962218850851,1.4235115051269531,0.521579921245575
final_train_00166,final_train,C1,245,late,2,late,0.6957773433598424,0.7238813638687134,0.0080079538747668,0.0053129205480217,0.9866790175437928,0.0133209824562072,0.0725604918052553,0,0.0980642959475517,0.871833324432373,2.7160465717315674,-0.8890777826309204,-1.0375967025756836,-1.4547982215881348,-1.099401354789734,1.6752692461013794,0.9436492919921876,1.5051510334014893,0.0420710891485214,1.229298710823059,1.3006815910339355,1.38640558719635,-0.8356916308403015,0.3862453401088714,0.622848629951477,0.8681215047836304,2.3146986961364746,0.7150754928588867,-0.5882148742675781,1.366612434387207,1.1581623554229736,-1.3397043943405151,0.2019466161727905,1.2177455425262451,0.341554045677185,-0.9258214831352234,-0.7193213105201721,0.5923102498054504,0.7626622319221497,0.8698815703392029,1.1109410524368286,1.807090401649475,1.083201885223389,0.3032406270503998,1.038218975067139,0.8946452736854553,-0.2426901459693908,1.19515860080719,0.6910292506217957,0.2401465773582458,-0.0639545992016792,1.4838584661483765,0.645764172077179
final_train_00167,final_train,C1,246,late,2,late,0.6979584125730586,0.7235256433486938,0.0080434484407305,0.0053156898356974,0.9866408705711364,0.0133591294288635,0.0727290062380374,0,0.1242411211133003,0.7988300323486328,2.6678717136383057,-0.8548849821090698,-1.0376557111740112,-1.4261798858642578,-1.1211060285568235,1.6752692461013794,0.9062176942825316,1.5049107074737549,0.0954134240746498,1.3138203620910645,1.2664786577224731,1.618847131729126,-0.7634176015853882,0.3358650505542755,0.60019850730896,0.7826400399208069,2.240016222000122,0.693265974521637,-0.5789223313331604,1.3434242010116575,1.1224814653396606,-1.2483274936676023,-0.0772848054766655,1.1112632751464844,0.3121394515037536,-0.8281593918800354,-0.7912323474884033,0.5177618265151978,0.848710834980011,0.7699838876724243,0.9834638833999634,1.7726842164993286,0.8720705509185791,0.3055857717990875,1.218397855758667,0.7873202562332153,-0.2433491200208664,1.264869213104248,0.5721604228019714,0.3516633510589599,-0.0628526881337165,1.405645728111267,0.489859938621521
final_train_00168,final_train,C1,247,late,2,late,0.7007012486907094,0.7234761714935303,0.0080481264740228,0.0053197080269455,0.9866321682929992,0.0133678317070007,0.0727685984490235,0,0.0635741278529167,0.816976010799408,2.61373233795166,-0.7913221120834351,-1.0377142429351809,-1.450608730316162,-1.1115453243255615,1.6752692461013794,0.6813549399375916,1.400753617286682,0.0437227934598922,1.1058099269866943,1.0636378526687622,1.2783209085464478,-0.7425214648246765,0.3757272064685821,0.4969362020492553,0.8418240547180176,2.202644824981689,0.6722298264503479,-0.58939528465271,1.065143585205078,1.1449120044708252,-1.3062541484832764,0.7319777607917786,1.1753441095352173,0.1678276062011718,-0.7314642667770386,-0.6473414897918701,0.5879822969436646,0.6682898998260498,0.7661720514297485,1.0456786155700684,1.5921952724456787,0.837576687335968,0.0267771501094102,0.9304120540618896,0.8836771249771118,0.1484954059123993,1.1986557245254517,0.6624704003334045,0.2677808701992035,-0.0691907107830047,1.2232125997543335,0.6373007893562317
final_train_00169,final_train,C1,248,late,2,late,0.7040089156561428,0.7228522300720215,0.0081099029630422,0.0053370231762528,0.9865531325340272,0.0134468674659729,0.0731210288067339,0,0.0160987991839647,0.8398400545120239,2.5651650428771973,-0.7604485154151917,-1.0143845081329346,-1.4256210327148438,-1.0725334882736206,1.6752692461013794,0.4972979426383972,1.1727793216705322,-0.0286720246076583,0.7639137506484985,0.7577257752418518,1.1181803941726685,-0.7706525325775146,0.4109518826007843,0.5081446170806885,0.8700640201568604,2.1615207195281982,0.6519224047660828,-0.6193416118621826,0.866844117641449,1.1376302242279053,-1.2065980434417725,0.701201856136322,1.245692491531372,0.1224342137575149,-0.7207593321800232,-0.4778610169887543,0.6423311233520508,0.3652657866477966,0.7216042280197144,1.1050633192062378,1.5213764905929563,0.9073569774627686,0.0120537681505084,0.6903036236763,0.5609921216964722,-0.2466747909784317,1.1576085090637207,0.6372309923171997,0.0790512785315513,-0.0774396881461143,1.225567102432251,0.3576034307479858
final_train_00170,final_train,C1,249,late,2,late,0.7078838958660797,0.7227482199668884,0.008121377788484,0.0053598610684275,0.9865188002586364,0.0134811997413635,0.0732796417958641,0,0.0568929798901081,0.8219685554504395,2.522247314453125,-0.7869498133659363,-1.0145564079284668,-1.439567804336548,-1.071488380432129,1.6752692461013794,0.5398212671279907,1.012697458267212,-0.0227670781314373,0.5560076832771301,0.616492509841919,1.311574101448059,-0.7017747163772583,0.3837100863456726,0.5053103566169739,0.8250013589859009,2.1029536724090576,0.7298422455787659,-0.6295137405395508,0.7914611101150513,1.1133095026016235,-1.2091666460037231,0.0337619483470916,1.1853315830230713,0.2493686079978943,-0.734336793422699,-0.2597769498825073,0.5984879732131958,0.5912393927574158,0.7620754837989807,1.0522371530532837,1.2515164613723757,0.8993476629257202,0.1203079745173454,0.4370347559452057,0.7097631692886353,0.1469997316598892,1.0837461948394775,0.5858066082000732,0.0048223421908915,-0.0817082002758979,0.656395673751831,0.4769390821456909
final_train_00171,final_train,C1,250,late,2,late,0.7123280874793507,0.721849262714386,0.008192166686058,0.0054088649339973,0.9863990545272828,0.0136009454727172,0.0738210066184359,0,-0.0054339310154318,0.8459268808364868,2.4731452465057373,-0.8083432912826538,-1.037886142730713,-1.4544811248779297,-1.0899879932403564,1.6752692461013794,0.3457637131214142,1.0569719076156616,-0.0480815954506397,0.5471687316894531,0.5628888010978699,0.9540889859199524,-0.7306964993476868,0.4354984760284424,0.4085431694984436,0.8641218543052673,2.064870834350586,0.7080009579658508,-0.6395866274833679,0.6673052906990051,1.145419955253601,-1.245869755744934,0.830032467842102,1.2550551891326904,0.1868415772914886,-0.7959006428718567,-0.2280107587575912,0.6721303462982178,0.1991719752550125,0.7405126690864563,1.1198467016220093,1.3354746103286743,0.7857936024665833,0.372938334941864,0.4918221235275268,0.5319185853004456,0.145203560590744,1.1871494054794312,0.663628876209259,0.0095434263348579,-0.0894594863057136,0.8487242460250854,0.3480125069618225
final_train_00172,final_train,C1,251,late,2,late,0.7173428017256361,0.7215537428855896,0.0082253217697143,0.0054506408050656,0.9863240122795104,0.0136759877204895,0.0741634473689551,0,0.0065453271381556,0.8562790751457214,2.4340171813964844,-0.7773820757865906,-1.0379424095153809,-1.4524550437927246,-1.0834558010101318,1.6752692461013794,0.3490162789821625,1.0796055793762207,-0.0551988370716571,0.39385986328125,0.4707200825214386,1.007841944694519,-0.7584922909736633,0.4385553300380707,0.2948950231075287,0.8553375005722046,2.014540910720825,0.6869291663169861,-0.6495617032051086,0.6507471203804016,1.1323838233947754,-1.1885111331939695,0.3206589221954345,1.2386207580566406,0.0935922265052795,-0.7371535897254944,-0.1694593876600265,0.6654464602470398,0.2705462276935577,0.7835327386856079,1.1135127544403076,1.1231813430786133,0.8589156866073608,0.1748202592134475,0.2783927619457245,0.6373141407966614,0.1434222161769867,1.101221203804016,0.5910499691963196,0.0497850328683853,-0.0974884182214737,0.4557658433914184,0.4606707692146301
final_train_00173,final_train,C1,252,late,2,late,0.7225710619997311,0.7209881544113159,0.0082998005673289,0.0055047101341187,0.9861955642700196,0.0138044357299804,0.074743142985719,0,0.1561269015073776,0.7046316862106323,2.4060428142547607,-0.8080965280532837,-0.9921266436576844,-1.3854249715805054,-1.0409430265426636,1.6752692461013794,0.5812663435935974,1.035753607749939,0.0483472198247909,0.8964967727661133,0.4460332095623016,1.235032081604004,-0.6912487149238586,0.2799924612045288,0.4228589534759521,0.6462944149971008,1.9170875549316408,0.618775486946106,-0.6210439205169678,0.5312979817390442,0.9791051149368286,-1.1641900539398191,-1.488211989402771,0.9526664614677428,0.436754822731018,-0.8695898652076721,-0.563712477684021,0.4059751033782959,0.9358699321746826,0.7253664135932922,0.8725200295448303,1.1626914739608765,0.8005970120429993,0.6089717149734497,0.7510061860084534,0.94161719083786,0.1416554749011993,1.1045269966125488,0.4960125982761383,0.197823941707611,-0.0937524437904357,0.6807838678359985,0.5914977788925171
final_train_00174,final_train,C1,253,late,2,late,0.7278035041440307,0.720787763595581,0.0083001842722296,0.0055052950046956,0.9861944913864136,0.0138055086135864,0.0747476664534695,0,0.2472770810127258,0.641094446182251,2.370098829269409,-0.8386898636817932,-1.0038150548934937,-1.3468412160873413,-1.0345356464385986,1.6752692461013794,0.7604402899742126,1.087935209274292,0.2038304358720779,1.5278797149658203,0.8031208515167236,1.3385741710662842,-0.719788134098053,0.2350086271762848,0.4060563743114471,0.5608744025230408,1.859575629234314,0.7428731322288513,-0.6119062304496765,0.8347099423408508,0.9125853180885316,-1.0927973985671997,-0.1425058543682098,0.811978816986084,0.9564528465270996,-0.9651840925216676,-0.8654189705848694,0.352804034948349,1.1699284315109253,0.6765397787094116,0.7626277208328247,1.5481353998184204,0.7055482864379883,0.4737183749675751,1.5532082319259644,1.0844693183898926,0.5371226668357849,1.429298758506775,0.4434441030025482,0.3512580692768097,-0.0968221873044967,1.219090223312378,0.6480734944343567
final_train_00175,final_train,C1,254,late,2,late,0.7330382089376536,0.7205868363380432,0.0083049554377794,0.0054971794597804,0.9861978888511658,0.0138021111488342,0.074730040527407,0,0.2958831191062927,0.6332368850708008,2.3359298706054688,-0.8506464958190918,-1.0153915882110596,-1.3427287340164185,-1.0259052515029907,1.6752692461013794,0.8372918963432312,1.1884677410125732,0.3051217794418335,1.9395509958267207,1.010292649269104,1.478857398033142,-0.7935501933097839,0.2245244681835174,0.44847372174263,0.5516971349716187,1.815666437149048,0.768068253993988,-0.6598997116088867,0.985933482646942,0.8967313170433044,-1.0934221744537354,0.1078071519732475,0.8006369471549988,1.1966397762298584,-0.98906672000885,-1.0397781133651731,0.3444347679615021,1.235633373260498,0.6765925884246826,0.7502564191818237,1.8432471752166748,0.6703358888626099,0.4761173129081726,2.134105920791626,1.018916368484497,0.5337720513343811,1.5677120685577393,0.4630541503429413,0.4844302237033844,-0.1064535230398178,1.5702078342437744,0.5771591663360596
final_train_00176,final_train,C1,255,late,2,late,0.7382732731902786,0.7206446528434753,0.0083034364506602,0.0054947375319898,0.986201822757721,0.013798177242279,0.074711919529162,0,0.2670827507972717,0.5730480551719666,2.3042094707489014,-0.8185940980911255,-0.9929457902908324,-1.2809854745864868,-1.0134063959121704,1.6752692461013794,0.6765522956848145,0.9512407183647156,0.2536819279193878,1.4455783367156982,0.7226773500442505,1.2738958597183228,-0.7265304923057556,0.202990636229515,0.4182339608669281,0.5173451900482178,1.7671892642974854,0.7455661296844482,-0.6506640911102295,0.7986499071121216,0.8482154607772827,-0.9940230250358582,-0.0016526168910786,0.7115887999534607,1.4210774898529053,-0.9422621130943298,-0.8297450542449951,0.3269897997379303,1.195507287979126,0.6194285750389099,0.7024084329605103,1.4434814453125,0.7166091799736023,1.008954644203186,1.564893364906311,1.1321982145309448,0.5304536819458008,1.4360809326171875,0.4149152040481567,0.3435580432415008,-0.1078956574201583,0.9530799388885498,0.6689332127571106
final_train_00177,final_train,C1,256,late,2,late,0.7435068116143274,0.7203298211097717,0.0083425184711813,0.005535792093724,0.9861217141151428,0.0138782858848571,0.075075567001804,0,0.2238645702600479,0.6099448800086975,2.26251482963562,-0.921675741672516,-1.0382155179977417,-1.3075675964355469,-1.0290683507919312,1.6752692461013794,0.4927052855491638,0.7496039867401123,0.1754582822322845,0.964650571346283,0.4920608401298523,1.0194462537765503,-0.7076014280319214,0.2297027111053466,0.2828483283519745,0.5086209774017334,1.7311630249023438,0.7238637804985046,-0.6980189085006714,0.568911075592041,0.7676159143447876,-1.187564730644226,0.2539524435997009,0.7044598460197449,1.5456329584121704,-1.0010899305343628,-0.7122259736061096,0.3312638103961944,1.05105459690094,0.6226919293403625,0.722374439239502,1.0795581340789795,0.6973354816436768,1.0008080005645752,1.0843693017959597,0.7744767069816589,0.527167022228241,1.1838295459747314,0.2402107417583465,0.1665132641792297,-0.1172686144709587,0.5240367650985718,0.2766168117523193
final_train_00178,final_train,C1,257,late,2,late,0.7487369589311712,0.7210958003997803,0.0082473112270236,0.0054746991954743,0.986277997493744,0.0137220025062561,0.0743729849747853,0,0.6745396256446838,0.4108706712722778,-0.1548517048358917,-0.9046334624290466,-0.9262946844100952,-1.403611183166504,-0.9692638516426086,-0.8831952214241028,0.980471968650818,1.2757039070129397,0.7570838928222656,1.6116939783096311,1.130828619003296,1.5282466411590576,-0.1392452269792556,0.0333922170102596,0.3686994612216949,0.398538202047348,-1.2442151308059692,1.295589566230774,-0.3325265645980835,1.2189526557922363,0.4723243713378906,-1.104223608970642,-2.567694902420044,0.3121873438358307,3.93695330619812,-0.9895676374435424,-0.5861706733703613,-0.059051476418972,1.592792272567749,0.625370979309082,0.2218458503484726,0.2347333431243896,0.6995742321014404,3.381903171539306,1.74992036819458,1.4486451148986816,5.916575908660889,-0.0823681056499481,0.2578012943267822,1.0891462564468384,-0.0672889500856399,0.1409493684768676,0.6060057282447815
final_train_00179,final_train,C1,258,late,2,late,0.7539618725623903,0.7209804058074951,0.0082889618352055,0.0054963915608823,0.9862145781517028,0.0137854218482971,0.0746568444443011,0,0.5961152911186218,0.416233628988266,-0.149704024195671,-0.9534754753112792,-0.9268729090690612,-1.3267710208892822,-0.965048849582672,-0.8711836338043213,0.8719663023948669,0.9250996708869934,0.5063965320587158,0.814418613910675,0.7310116291046143,1.1025632619857788,-0.8631598353385925,0.0858183428645134,0.3967418372631073,0.3585201203823089,-1.209572434425354,0.5305818915367126,-0.4182453155517578,0.9553638100624084,0.5056938529014587,-1.086034893989563,0.6898683309555054,0.3560773432254791,3.1223063468933105,-1.0013093948364258,0.1062149405479431,0.0246122274547815,1.581189751625061,0.8020167350769043,0.3409245312213897,-0.1768572926521301,1.0759152173995972,3.5403237342834477,0.7692599296569824,1.5398396253585815,-0.7016505002975464,-0.4463584423065185,0.5113742351531982,0.6325514316558838,-0.0877338424324989,0.1758666485548019,0.7488738894462585
final_train_00180,final_train,C1,259,late,2,late,0.7591797346189703,0.721794605255127,0.0082025835290551,0.0054854708723723,0.986311972141266,0.0136880278587341,0.0742290003513791,0,0.586624801158905,0.4120601117610931,-0.151041179895401,-0.9603773355484008,-0.9163530468940736,-1.2784546613693235,-0.9548757672309875,-0.8712964653968811,0.9386694431304932,0.8722419142723083,0.4517700374126434,0.6251067519187927,0.7499209046363831,1.371054768562317,-0.7954573035240173,0.1092936024069786,0.5272920727729797,0.4943936467170715,-1.1878788471221924,0.6963063478469849,-0.428881824016571,1.069628357887268,0.5087231397628784,-1.1032058000564575,0.5011879205703735,0.4035036265850067,2.6134071350097656,-1.0014175176620483,0.0236385185271501,0.0752841010689735,1.5696957111358645,0.8468877077102661,0.4056968986988067,-0.283166766166687,1.2733864784240725,3.5063822269439697,0.4774761497974396,1.5619608163833618,0.4661263227462768,-0.5151035785675049,0.4716585278511047,0.5540120601654053,-0.0918211042881012,0.2059317678213119,0.8360807299613953
final_train_00181,final_train,C1,260,late,2,late,0.7643887540075051,0.7216173410415649,0.0082387225702404,0.0055168084800243,0.98624449968338,0.0137555003166198,0.0745344870152824,0,0.4095600843429565,0.449446439743042,-0.152739405632019,-0.9605570435523988,-0.9059310555458068,-1.2369346618652344,-0.9408279657363892,-0.8833644390106201,0.5802992582321167,0.7455457448959351,0.2874352931976318,0.4976305365562439,0.4308457970619201,1.0756685733795166,-0.7748534679412842,0.1392060816287994,0.4482064843177795,0.5019760727882385,-1.1654938459396362,0.7661895751953125,-0.513355016708374,0.8639920353889465,0.5618235468864441,-1.156254768371582,0.5101078748703003,0.4936375021934509,2.2270076274871826,-1.001524806022644,0.0492628552019596,0.1281646788120269,1.455549716949463,0.8544568419456482,0.5057996511459351,-0.1919453740119934,1.2136694192886353,3.0102052688598637,0.3607392311096191,1.3625216484069824,0.8519663214683533,-0.447170078754425,0.501157283782959,0.3682718276977539,-0.1026777252554893,0.25863978266716,0.7420674562454224
final_train_00182,final_train,C1,261,late,2,late,0.7695871692384717,0.722419798374176,0.0081361522898077,0.0054438249208033,0.9864199757575988,0.0135800242424011,0.0737422494505392,0,0.373444139957428,0.4827135503292084,-0.1590048968791961,-0.935156524181366,-0.939565658569336,-1.1850123405456543,-0.9407681822776794,-0.8834197521209717,0.5803619623184204,0.6996728181838989,0.2154496163129806,0.3169114291667938,0.3675298690795898,1.1673473119735718,-0.666202962398529,0.1940516978502273,0.3181997239589691,0.614565372467041,-1.131774663925171,0.8332641124725342,-0.5786477327346802,0.6819970011711121,0.592911958694458,-1.160535454750061,0.894589364528656,0.5831630825996399,1.78791081905365,-0.9787967801094056,0.010144455358386,0.2218491584062576,1.4009082317352295,0.7582591772079468,0.59503173828125,-0.1960037350654602,0.9322643280029296,2.557394504547119,0.0158852729946374,1.1141300201416016,1.6222522258758545,-0.4271325170993805,0.4710156321525574,0.270701140165329,-0.1160461902618408,0.3103455603122711,0.5822483897209167
final_train_00183,final_train,C1,262,late,2,late,0.774773249479332,0.7217071652412415,0.0082210535183548,0.0054884641431272,0.9862903952598572,0.0137096047401428,0.0743237490289547,0,0.3435179591178894,0.4555750787258148,-0.1578105688095092,-0.8979312181472778,-0.8634964227676392,-1.1895525455474854,-0.9194714426994324,-0.883474588394165,0.5336450338363647,0.6873602867126465,0.1621662229299545,0.1479861587285995,0.2859294414520263,1.0459033250808716,-0.6494305729866028,0.1907259374856948,0.2602388858795166,0.548687756061554,-1.12143075466156,0.8094388842582703,-0.6250250935554504,0.5612558722496033,0.6352003812789917,-1.1951249837875366,0.1731597185134887,0.5803934335708618,1.568334698677063,-0.9562783241271972,0.0901910290122032,0.2244182676076889,1.3467702865600586,0.8108031153678894,0.6049566864967346,-0.2640434503555298,0.9653445482254028,2.2806363105773926,-0.1122908219695091,1.0561615228652954,1.99548602104187,-0.51848965883255,0.5061768889427185,0.2626561522483825,-0.1236106902360916,0.3300671875476837,0.5361605286598206
final_train_00184,final_train,C1,292,late,2,late,0.9178464122952298,0.730278491973877,0.0077301762066781,0.0049323881976306,0.9873374104499816,0.0126625895500183,0.0695163607725924,0,1.6390186548233032,0.5315693616867065,-0.2780972421169281,-1.0713696479797363,-0.9561706781387328,-1.380168914794922,-0.91480952501297,-0.8840953707695007,1.8093068599700928,1.5483671426773071,1.8060051202774048,2.176445484161377,2.4397196769714355,2.0006115436553955,-0.9960567355155944,0.4390350878238678,1.3410049676895142,0.7307035326957703,-0.8792780637741089,0.9343292713165284,-0.7161130309104919,2.345610857009888,0.8588752150535583,-1.4784187078475952,0.9919106960296632,0.7265304923057556,2.045107841491699,-1.0029271841049194,-1.3694132566452026,0.5677239298820496,1.7676721811294556,0.5514804124832153,0.6906617879867554,1.4930205345153809,0.558891236782074,1.0385100841522217,2.985640525817871,2.7123520374298096,-0.0400495566427707,1.31140398979187,0.6336865425109863,1.8838117122650144,-0.2331934422254562,1.5909911394119265,2.2484867572784424
final_train_00185,final_train,C1,293,late,2,late,0.9220480150676796,0.7303913831710815,0.0077223181724548,0.0049293530173599,0.9873483180999756,0.0126516819000244,0.0694670163177903,0,1.390663743019104,0.5602087378501892,-0.2802714407444,-1.0434609651565552,-0.9359341263771056,-1.3662742376327517,-0.8917089700698853,-0.8841441869735718,1.3941446542739868,1.2854558229446411,1.5934104919433594,1.806949496269226,1.9971985816955569,1.662012219429016,-0.8135145306587219,0.4595808088779449,1.192751169204712,0.726333737373352,-0.852357029914856,0.98617023229599,-0.7247145175933838,2.0844430923461914,0.901240348815918,-1.4175277948379517,0.9350396394729614,0.812203049659729,1.6608439683914185,-0.9922987222671508,-1.1739422082901,0.6145836114883423,1.6463874578475952,0.6062052845954895,0.767235517501831,1.314725041389465,0.5988651514053345,0.8584557175636292,2.6071853637695312,2.540884256362915,1.1201790571212769,1.1566072702407837,0.6672260165214539,1.508052945137024,-0.2421770542860031,1.401463270187378,2.169373750686645
final_train_00186,final_train,C1,294,late,2,late,0.9262089099272408,0.7304508090019226,0.0077240956015884,0.0049314401112496,0.98734450340271,0.01265549659729,0.069484879607228,0,1.5413628816604614,0.5519580245018005,-0.2786928713321686,-1.0418343544006348,-0.946702003479004,-1.3386342525482178,-0.8949476480484009,-0.8841925263404846,1.5364619493484497,1.228656768798828,1.6318808794021606,1.4868831634521484,1.9383292198181152,1.5762006044387815,-0.8718859553337097,0.4366310238838196,1.233191967010498,0.7025963664054871,-0.8468839526176453,0.8433217406272888,-0.7504451870918274,1.8920353651046755,0.8911250829696655,-1.389838933944702,0.0082177938893437,0.777805507183075,1.478723168373108,-0.992438018321991,-1.0819809436798096,0.5873960852622986,1.7310982942581177,0.5625572800636292,0.7742558717727661,0.9603667259216307,0.6170215606689453,0.9176543354988098,2.000684976577759,2.578193664550781,0.3398199081420898,0.9133508205413818,0.5800272822380066,1.491874098777771,-0.251772940158844,0.7507073283195496,2.2231218814849854
final_train_00187,final_train,C1,295,late,2,late,0.9303292900597252,0.7308234572410583,0.0077058747410774,0.0049233878962695,0.9873707294464112,0.0126292705535888,0.0693656079020872,0,1.5576013326644895,0.5961945652961731,-0.2805351316928863,-1.005239963531494,-0.9369128942489624,-1.349069118499756,-0.8826837539672852,-0.8842405080795288,1.5116117000579834,1.3928526639938354,1.673554539680481,1.309731364250183,1.944054126739502,1.6855669021606443,-0.9664795398712158,0.4506998658180237,1.4022531509399414,0.7482265830039978,-0.826130747795105,0.78239905834198,-0.810213029384613,1.91451108455658,0.9064362049102784,-1.4234081506729126,0.7478814721107483,0.8502430319786072,1.349555253982544,-0.9713166356086732,-0.939700722694397,0.6110212802886963,1.7334539890289309,0.6026918292045593,0.8385728001594543,0.8968512415885925,0.7950437664985657,0.7014880180358887,1.7340763807296753,2.4699783325195312,-0.050927672535181,1.101321816444397,0.7121476531028748,1.6849669218063354,-0.2593390345573425,0.605191171169281,2.182265043258667
final_train_00188,final_train,C1,296,late,2,late,0.9344094217830652,0.7307971119880676,0.0077235363423824,0.0049165799282491,0.9873599410057068,0.0126400589942932,0.0694107001615675,0,1.6505622863769531,0.6078509092330933,-0.2890357971191406,-1.0062780380249023,-1.0189013481140137,-1.347235918045044,-0.9072301387786864,-0.8842880725860596,1.596122145652771,1.434375286102295,1.8442847728729248,1.247575759887695,2.168328762054444,1.878973126411438,-0.9422056078910828,0.4654752612113952,1.3399897813796997,0.7669709324836731,-0.8090193271636963,0.9894706606864928,-0.8694677948951721,2.127129077911377,0.9180771708488464,-1.422053337097168,0.793890655040741,0.8859997391700745,1.3379391431808472,-0.9715447425842284,-1.026907205581665,0.6259891986846924,1.7764266729354858,0.6220489144325256,0.8708403706550598,0.8884161710739136,0.6783190369606018,0.5447781085968018,1.8105179071426392,2.124525785446167,1.1141304969787598,1.2498984336853027,0.6062911152839661,1.7452027797698977,-0.2654402256011963,0.6359760761260986,1.8325926065444944
final_train_00189,final_train,C1,297,late,2,late,0.9384496451323708,0.7305770516395569,0.0077600632794201,0.0049074138514697,0.98733252286911,0.0126674771308898,0.069527699960117,0,1.6658352613449097,0.5898244976997375,-0.2877180576324463,-1.0122084617614746,-1.0291765928268433,-1.2925552129745483,-0.90045166015625,-0.8843352198600769,1.4932708740234375,1.5013400316238403,1.8977620601654053,1.0131102800369265,2.0649194717407227,1.6847912073135376,-0.8808163404464722,0.4459731876850128,1.3052773475646973,0.772240400314331,-0.8042221069335938,0.9998141527175904,-0.8942499756813049,2.0218875408172607,0.9170914888381958,-1.3827385902404783,0.1802610903978347,0.8345778584480286,1.2407344579696655,-1.003387451171875,-0.9016159176826476,0.5974299907684326,1.7785685062408447,0.6600316166877747,0.8593841791152954,0.569061815738678,0.7128139734268188,1.00071382522583,1.3499833345413208,2.008479595184326,1.1077654361724854,1.1083595752716064,0.6360759735107422,1.9196302890777588,-0.2706474959850311,0.6349669694900513,1.6906036138534546
final_train_00190,final_train,C1,298,late,2,late,0.942450373157863,0.7303614616394043,0.0077685485593974,0.00491643557325,0.9873149394989014,0.0126850605010986,0.0696087493800373,0,1.3899648189544678,0.5577368140220642,-0.28521928191185,-1.0096206665039062,-1.0292630195617676,-1.2370295524597168,-0.8930616974830627,-0.8843819499015808,1.0246444940567017,1.079724907875061,1.548985719680786,0.6884368062019348,1.3986715078353882,1.4836301803588867,-0.8594627380371094,0.4078068733215332,1.1357330083847046,0.7270436882972717,-0.8101334571838379,0.9352306723594666,-0.9019104242324828,1.4529595375061035,0.8519787788391113,-1.3650702238082886,-0.2083825469017028,0.7861326932907104,1.1929070949554443,-1.0034770965576172,-0.7547304630279541,0.535622775554657,1.619526505470276,0.6524773240089417,0.8232546448707581,0.39339679479599,0.7063027620315552,0.8189029097557068,0.9822977185249328,1.970079779624939,1.1014752388000488,0.8096680641174316,0.5382874011993408,1.4428739547729492,-0.2762796282768249,0.6241539120674133,1.6129827499389648
final_train_00191,final_train,C1,299,late,2,late,0.9464120923929168,0.7302554845809937,0.0077758864499628,0.0049128783866763,0.9873112440109252,0.0126887559890747,0.0696238524725118,0,1.3270190954208374,0.5987085103988647,-0.2875205278396606,-0.9737154841423036,-0.9891139268875122,-1.2593358755111694,-0.8765689134597778,-0.8844283223152161,0.9050645232200624,1.0273760557174685,1.5440971851348877,0.7534289360046387,1.332727551460266,1.4666932821273804,-0.8763421177864075,0.4077923595905304,1.125470757484436,0.7464527487754822,-0.7992801070213318,0.8731725811958313,-0.9095059633255004,1.4615532159805298,0.838403582572937,-1.3874084949493408,0.3693899810314178,0.7893360257148743,0.9338041543960572,-0.9617679119110109,-0.7894085645675659,0.5304911732673645,1.5688207149505615,0.6543578505516052,0.8437701463699341,0.2960208058357239,0.929834246635437,0.5408973097801208,0.8886441588401794,1.9557968378067017,1.095258116722107,0.7367308735847473,0.5639200806617737,1.3845337629318235,-0.2809171676635742,0.6372652649879456,1.6169875860214231
final_train_00192,final_train,C1,300,late,2,late,0.9503353625030296,0.7298229336738586,0.0078016500920057,0.0049206288531422,0.9872777462005616,0.0127222537994384,0.0697748087973386,0,1.324121356010437,0.559182345867157,-0.2865025103092193,-0.9158130288124084,-0.929271161556244,-1.2087029218673706,-0.8584232926368713,-0.8844742774963379,0.8532823920249939,0.8655603528022766,1.5639967918395996,0.8267959356307983,1.2674137353897097,1.270582675933838,-0.8553014397621155,0.3803763687610626,0.983101725578308,0.8096135258674622,-0.7979809641838074,0.8868246674537659,-0.9170374274253844,1.3925056457519531,0.8434929847717285,-1.3891373872756958,-0.0070379264652729,0.7684306502342224,0.9991563558578492,-0.9100052118301392,-0.789132297039032,0.498454600572586,1.5584943294525146,0.6271800994873047,0.842503547668457,0.218638926744461,0.911299169063568,0.5362798571586609,1.08294677734375,1.8677514791488647,1.4767520427703855,0.624506950378418,0.6022890210151672,1.1967557668685913,-0.2853197455406189,0.636880099773407,1.5268051624298096
final_train_00193,final_train,C1,301,late,2,late,0.9542208161688076,0.7296549081802368,0.007797893602401,0.004936565645039,0.9872655868530272,0.0127344131469726,0.0698351126582649,0,1.2964823246002195,0.5498733520507812,-0.2895538806915283,-0.9954450726509094,-1.0394917726516724,-1.160321593284607,-0.9032045006752014,-0.8845198750495911,0.7315009236335754,0.7997350096702576,1.5441392660140991,0.511465847492218,1.2595025300979614,1.0787012577056885,-0.8349707126617432,0.4066033661365509,0.7239393591880798,0.7790350317955017,-0.7718797326087952,0.8270282745361328,-0.9245055913925172,1.316573977470398,0.7422945499420166,-1.466491937637329,0.7454225420951843,0.6623762845993042,0.9018926620483398,-1.00374174118042,-0.6882703900337219,0.5322026014328003,1.5482547283172607,0.656581699848175,0.8152706027030945,0.1358911693096161,0.6401323080062866,0.439006358385086,0.7838383316993713,1.597416639328003,1.079888939857483,0.5569887161254883,0.1764322370290756,1.1815005540847778,-0.307897001504898,0.6561972498893738,1.041239619255066
final_train_00194,final_train,C1,302,late,2,late,0.9580691585009103,0.7294202446937561,0.007794861216098,0.0049546393565833,0.987250566482544,0.012749433517456,0.06990886484985,0,1.2177016735076904,0.581598699092865,-0.2891096472740173,-0.9194428324699402,-0.9700066447257996,-1.1883394718170166,-0.8538943529129028,-0.8845650553703308,0.7015367150306702,0.8881300091743469,1.4672589302062988,0.6237948536872864,1.096168875694275,1.295644998550415,-0.9253703951835632,0.3788077533245086,0.8920449614524841,0.805340051651001,-0.7711099982261658,0.8417505621910095,-0.9152834415435792,1.2451099157333374,0.8548796772956848,-1.4449726343154907,0.3218990266323089,0.8043550252914429,0.907040238380432,-0.9109630584716796,-0.5505547523498535,0.5044700503349304,1.5248950719833374,0.6614465713500977,0.8789758682250977,0.1795641034841537,0.876008152961731,0.4401781558990478,0.7619647979736328,1.551181435585022,0.6852917075157166,0.6523416042327881,0.7469672560691833,1.2173677682876587,-0.3028201162815094,0.6760415434837341,1.2159740924835205
final_train_00195,final_train,C1,303,late,2,late,0.96188116704005,0.7293944954872131,0.0077809086069464,0.004961596801877,0.9872575402259828,0.0127424597740173,0.0698809102260602,0,1.4001199007034302,0.5722807049751282,-0.2927381992340088,-0.8753697872161865,-0.9011005163192748,-1.1631102561950684,-0.8330689072608948,-0.8846098780632019,0.9216330647468568,0.9574653506278992,1.603831768035889,0.5027902722358704,1.267552375793457,1.4631929397583008,-0.8667190074920654,0.3918794095516205,0.974002480506897,0.8221118450164795,-0.7542521357536316,0.8917276263237,-0.9226966500282288,1.3834129571914673,0.8666577935218811,-1.4485737085342407,0.6760068535804749,0.8213122487068176,0.9086228609085084,-0.8806098103523254,-0.5776717662811279,0.5203647613525391,1.6463874578475952,0.6652665138244629,0.9120329022407532,0.270212709903717,0.8160868883132935,0.3500216901302337,0.9188871383666992,1.5175660848617554,1.4588706493377686,0.6571151614189148,0.6966511011123657,1.3039748668670654,-0.3111778497695923,0.6970886588096619,1.2137908935546875
final_train_00196,final_train,C1,304,late,2,late,0.9656576908209002,0.7286743521690369,0.0078243715688586,0.0049942871555686,0.9871813654899596,0.0128186345100402,0.0702298276058174,0,1.3020591735839844,0.3863884508609772,-0.2506316304206848,-0.7106735706329346,-0.813066303730011,-0.9201287031173706,-0.7735625505447388,-0.7779908180236816,0.8295825719833374,0.7231143712997437,1.4864014387130735,0.3049431145191192,1.0046721696853638,1.362581491470337,-0.6649990677833557,0.2579260170459747,0.9401480555534364,0.7721834182739258,-0.7677275538444519,0.6183726787567139,-0.9465381503105164,1.0927953720092771,0.9183928370475768,-1.0048826932907104,-0.5504012107849121,0.7020161747932434,0.8178853392601013,-0.7686465978622437,-0.4149163067340851,0.465674340724945,1.5442378520965576,0.5613090991973877,0.8501580357551575,0.2473049461841583,0.7668439149856567,0.4036716818809509,0.7053999900817871,1.370295166969299,0.6729182004928589,0.6746796369552612,0.6967121362686157,1.074186086654663,-0.3194347620010376,0.6595511436462402,1.1314953565597534
final_train_00197,final_train,C1,305,late,2,late,0.9693996503720966,0.7269611358642578,0.0079413158819079,0.0050496654585003,0.9870091080665588,0.0129908919334411,0.071010122401882,0,1.4277039766311646,0.2571219801902771,-0.1507730633020401,-2.2255125045776367,1.3145710229873655,-0.871863603591919,3.3886523246765137,-0.6297638416290283,0.9501159191131592,0.7133671045303345,1.7113152742385864,0.4436988532543182,0.8952988386154175,1.2520126104354858,-0.1768739372491836,-0.1624427884817123,2.1253762245178223,0.5608394145965576,-0.8763849139213562,0.3161403834819793,-0.9373393058776855,1.8298962116241453,1.4543591737747192,0.2208718657493591,-3.968295574188232,0.2658568918704986,1.1001042127609253,-1.004084229469299,-0.3813911378383636,0.1604353487491607,1.651604175567627,0.338855117559433,2.2602407932281494,0.1796946674585342,1.4396004676818848,0.4386306405067444,0.7683529257774353,0.4126132130622864,1.4471789598464966,0.6885637044906616,0.8891249299049377,1.3451956510543823,-0.3186843991279602,0.4721063673496246,1.3932439088821411
final_train_00198,final_train,C1,306,late,2,late,0.9731080368971564,0.7288615703582764,0.0077754403464496,0.005011813249439,0.9872127175331116,0.0127872824668884,0.070098586004755,0,1.122413992881775,0.6178359985351562,-0.3022284507751465,-0.7998597621917725,-0.942007839679718,-1.124165415763855,-0.811398446559906,-0.8847420811653137,0.6014885902404785,0.7384265661239624,1.1656851768493652,0.1412196606397628,0.7083103060722351,1.3465145826339722,-0.859212338924408,0.4551810324192047,0.7559710144996643,0.9231616258621216,-0.6888912320137024,0.8758388757705688,-0.9609243273735046,0.7983980774879456,0.9061210751533508,-1.509740114212036,7.086916923522949,0.934576451778412,0.8565210700035095,-0.8316432237625122,-0.2651590406894684,0.625303328037262,1.4593555927276611,0.7039684057235718,0.9848232865333556,0.0537313893437385,0.896740198135376,0.4127399623394012,0.0426393747329711,1.5609091520309448,1.4382513761520386,0.4301386177539825,0.7351763844490051,0.9398187398910522,-0.3292556703090668,0.786388635635376,1.3349074125289917
final_train_00199,final_train,C1,307,late,2,late,0.9767839112213766,0.7279880046844482,0.0078208865597844,0.0050403638742864,0.9871386885643004,0.0128613114356994,0.0704360895970697,0,1.011842131614685,0.5524262189865112,-0.2876033186912536,-0.7269864678382874,-0.8354306221008301,-1.0330983400344849,-0.7808405160903931,-0.8742502331733704,0.446757972240448,0.6495404839515686,1.0828255414962769,-0.0104850390926003,0.531586766242981,1.18800950050354,-0.7320539951324463,0.3949936926364898,0.6810790300369263,0.9106934666633606,-0.6937211751937866,0.8533734083175659,-0.968028962612152,0.675787091255188,0.927543580532074,-1.390537977218628,-0.2625119984149933,0.8869142532348633,0.8342887163162231,-0.7818987965583801,-0.1519904136657714,0.5772050619125366,1.449774146080017,0.6634598970413208,0.9646681547164916,0.1569966673851013,0.7412349581718445,0.5188374519348145,0.0212415978312492,1.5653854608535769,2.20192813873291,0.6169117093086243,0.6441845297813416,0.8580279350280762,-0.3369349539279938,0.7737619876861572,1.3641512393951416
final_train_00200,final_train,C1,308,late,2,late,0.9804284035578102,0.7276001572608948,0.0078477999195456,0.0050928313285112,0.9870593547821044,0.0129406452178955,0.0708063154261106,0,1.2176700830459597,0.3427299559116363,-0.2461271733045578,-0.5978154540061951,-0.7878583669662476,-0.8356236219406128,-0.7356852293014526,-0.7799063920974731,0.6120551824569702,0.5511267185211182,1.1552733182907104,0.0570724755525589,0.4344455301761627,1.2319083213806152,-0.5729038715362549,0.2047563791275024,0.7145830988883972,0.7379079461097717,-0.7485626935958862,0.6920177936553955,-0.9750756025314332,0.4789493083953857,0.8954573273658752,-0.9674448370933532,-1.962976694107056,0.6451225876808167,1.0991575717926023,-0.6922978162765503,-0.0819382667541503,0.3960481882095337,1.504682183265686,0.5436187386512756,0.7865747213363647,0.237139493227005,0.8233166337013245,0.3498780429363251,0.1038501784205436,1.2613940238952637,1.7988901138305664,0.774690568447113,0.6727522015571594,0.8980583548545837,-0.3390959203243255,0.678946852684021,0.9612236618995668
final_train_00201,final_train,C1,309,late,2,late,0.9840427123371532,0.7242879867553711,0.0080885142087936,0.0051995324902236,0.9867119789123536,0.0132880210876464,0.0723727034664056,0,1.4035003185272217,0.2629680633544922,-0.1533185541629791,-2.365610361099243,1.305080771446228,-0.8634569644927979,3.158421754837036,-0.6131827235221863,0.7994523644447327,0.5297753214836121,1.516315221786499,0.0752250477671623,0.5541483163833618,1.1479368209838867,-0.1668106168508529,-0.1796696186065673,1.7195457220077517,0.5114816427230835,-0.8476881980895996,0.2550825476646423,-0.9497556686401368,1.3090121746063232,1.4052443504333496,0.1799762099981308,-3.64323616027832,0.2731885313987732,0.927226424217224,-1.0044156312942505,-0.0202302671968936,0.127241849899292,1.6489534378051758,0.2940709292888641,2.1905064582824707,0.322063148021698,1.1405627727508545,0.2740057706832886,0.5143170952796936,0.2569498121738434,1.4008365869522097,0.9388975501060486,0.7205830812454224,1.1046607494354248,-0.3386342823505401,0.509956955909729,1.046679973602295
final_train_00202,final_train,C1,310,late,2,late,0.9876281035056758,0.7278628349304199,0.0078079686500132,0.0050917365588247,0.9871002435684204,0.0128997564315795,0.0706257225884353,0,1.3893437385559082,0.518488347530365,-0.3083954453468323,-0.7588647603988647,-0.8668623566627502,-1.0418033599853516,-0.7668364644050598,-0.8849133849143982,0.6592731475830078,0.6716035008430481,1.1712405681610107,-0.0231319647282362,0.4481573104858398,1.027449607849121,-0.9426032900810242,0.3609829545021057,0.6480091214179993,0.8199689388275146,-0.7030378580093384,0.9075086116790771,-0.9407299757003784,0.2967109978199005,0.7574850916862488,-1.5425459146499634,5.725447177886963,0.7739102840423584,1.070427656173706,-0.8347658514976501,-0.0704180598258972,0.4549737870693207,1.6259427070617676,0.5820307731628418,0.8005084991455078,0.3241968750953674,0.6654799580574036,0.3574406504631042,0.1982464045286178,1.614572048187256,1.392483472824097,0.9826817512512208,0.4896249175071716,1.0237666368484497,-0.3373258411884308,0.7448391318321228,1.2079287767410278
final_train_00203,final_train,C1,311,late,2,late,0.9911859094721192,0.72686767578125,0.0078787496313452,0.0051379692740738,0.9869832992553712,0.0130167007446289,0.0711586372748494,0,1.3143291473388672,0.5601340532302856,-0.3150638937950134,-0.78920578956604,-0.9250304102897644,-1.0508131980895996,-0.7713689804077148,-0.8849553465843201,0.5789481997489929,0.6315429210662842,1.1178210973739624,0.0181156974285841,0.3972669243812561,1.0061376094818115,-0.9902701377868652,0.3855957686901092,0.6393393874168396,0.811373233795166,-0.6821631193161011,0.95287424325943,-0.9317771196365356,0.3363851308822632,0.7728215456008911,-1.535378098487854,0.8895800709724426,0.822633683681488,1.3367526531219482,-0.8852503299713135,-0.1020950227975845,0.4849603176116943,1.5267587900161743,0.6075793504714966,0.84840989112854,0.3105851113796234,0.6258856654167175,0.5758447647094727,0.223027303814888,1.5056829452514648,1.76945161819458,0.986594021320343,0.4757130444049835,0.9423369765281676,-0.3381702601909637,0.7751936912536621,1.1261563301086426
final_train_00204,final_train,C1,312,late,2,late,0.9947175279375836,0.7274536490440369,0.0078168269246816,0.0051595862023532,0.9870235919952391,0.0129764080047607,0.070989573515399,0,1.5012192726135254,0.5726667642593384,-0.3208963572978973,-0.8375099897384644,-1.0303988456726074,-1.0595377683639526,-0.7962093353271484,-0.8849970102310181,0.71384596824646,0.5728304386138916,1.2257239818572998,-0.0141404205933213,0.5391412377357483,1.0200152397155762,-1.0013428926467896,0.4005946218967438,0.6904027462005615,0.7507125735282898,-0.6636271476745605,0.9624164700508118,-1.00269615650177,0.3371144235134125,0.7069538235664368,-1.6224732398986816,0.6030236482620239,0.7571555972099304,1.3227440118789673,-0.9749452471733092,-0.2339045256376266,0.5012521743774414,1.7199044227600098,0.6334869861602783,0.8269271850585938,0.2638722062110901,0.4781467914581299,1.2020102739334106,0.1267313063144683,1.5219019651412964,1.7573033571243286,0.84194016456604,0.1960175782442093,0.909205675125122,-0.3471421003341675,0.7793664336204529,1.0273854732513428
final_train_00205,final_train,C1,313,late,2,late,0.9964869913581388,0.7244110107421875,0.0080844974145293,0.0053114625625312,0.9866039752960204,0.0133960247039794,0.0728885822442899,0,1.7858893871307373,0.398489236831665,-0.3049428462982178,-0.7681057453155518,-1.0209797620773315,-1.0816107988357544,-0.7857226133346558,-0.8644735813140869,0.6756160259246826,0.35465008020401,1.5091644525527954,-0.1176815703511238,0.4256263971328735,0.9829329252243042,-0.7022500038146973,0.181404635310173,0.2034384459257125,0.4734427332878113,-0.7863393425941467,0.6338030695915222,-0.8187092542648315,0.3054555058479309,0.5253050327301025,-1.5589278936386108,-4.153613090515137,0.4818615913391113,1.792668104171753,-0.856770932674408,-0.0904916897416114,0.1370155662298202,1.8357571363449097,0.265787661075592,0.4901390373706817,0.1819025725126266,-0.1346170157194137,1.9136282205581665,0.3702115714550018,0.7058537602424622,0.9757139086723328,0.7230666875839233,0.0508917570114135,0.8681623935699463,-0.3160589933395386,0.6036494970321655,-0.0258414316922426
final_train_00206,final_train,C1,314,late,2,late,0.998247695578776,0.7263217568397522,0.0079514812678098,0.0051924125291407,0.9868561625480652,0.0131438374519348,0.0717383803642884,0,2.474562883377075,0.2159773409366607,-0.3143672347068786,-0.689727783203125,-0.8697723746299744,-1.1448869705200195,-0.74986332654953,-0.8748378753662109,0.9250683188438416,0.5273863077163696,2.0189874172210693,1.1916730403900146,0.5730202794075012,1.1328035593032837,-0.7899042963981628,0.0388532169163227,0.3986135125160217,0.633227527141571,-0.8801066279411316,0.7530599236488342,-0.5095256567001343,0.3656546175479889,0.327827125787735,-1.5282330513000488,-2.801971673965454,0.2369210869073867,1.8385589122772217,-0.778838574886322,-0.9928171038627625,-0.1205754801630973,1.8752405643463133,0.1970259845256805,0.1708471924066543,0.1418927013874054,-0.3992374539375305,3.302000999450684,0.8804888129234314,1.378890872001648,0.9706944823265076,0.7170186042785645,-0.4161699116230011,1.4605824947357178,-0.2587439119815826,0.4726668000221252,0.4158186912536621
final_train_00207,final_train,C1,315,late,2,late,0.999999999999992,0.7218263745307922,0.008340636268258,0.0053557036444544,0.9863036274909972,0.0136963725090026,0.0742151925847522,0,2.679672718048096,-0.0993908867239952,-0.192628800868988,0.4765761792659759,1.3055403232574463,-0.8412858843803406,3.1329519748687744,-0.6607033014297485,1.0243679285049438,0.2236195057630539,2.343236207962036,1.666218638420105,0.395796537399292,0.8895825743675232,-0.2231749296188354,-0.460471510887146,1.3697696924209597,0.5097604393959045,-1.028850793838501,0.1959442198276519,-0.502426028251648,0.9210580587387084,0.746918797492981,0.1094967797398567,-5.424294948577881,-0.2588271796703338,1.7611340284347534,0.1596499681472778,-1.3301626443862915,-0.4634514153003692,1.8768372535705569,-0.0493397787213325,1.1712144613265991,0.2626381516456604,0.0699479356408119,2.377333164215088,1.8049548864364624,0.4335484802722931,0.579012393951416,0.6891217827796936,-0.4676013886928558,1.320162296295166,-0.2517822086811065,0.2546652555465698,0.5438774228096008
final_train_00208,final_train,C4,12,early,0,early,0.1188624640006364,0.3078444004058838,0.9545790553092957,0.029996970668435,0.0154239712283015,0.0454209446907043,0.1947081729819199,0,-0.5326523184776306,-1.2263511419296265,1.1118639707565308,1.5810095071792605,1.3243802785873413,0.8103328347206116,1.416006326675415,1.6752692461013794,-0.6558557748794556,-0.2310475260019302,-0.7787366509437561,-0.8608334064483643,-0.6199120283126831,-0.1518463194370269,0.9065930247306824,-2.921628713607788,-1.380152940750122,0.1405739337205886,-1.1184241771697998,-0.9933266639709472,0.2860741913318634,-0.5797515511512756,-0.5541518926620483,1.7483294010162354,-0.1390967965126037,-0.7657703161239624,-0.8635348081588745,1.4416258335113523,0.946549654006958,-2.326655387878418,-0.352514773607254,-0.685462236404419,-1.3006014823913574,-0.2973630130290985,-0.7997769713401794,-0.7622134685516357,-0.5939598679542542,-0.7697606682777405,-0.4448536336421966,0.0814896374940872,-1.482680320739746,-0.0674499943852424,0.5166494846343994,0.2138359695672989,-0.9250859618186952
final_train_00209,final_train,C4,13,early,0,early,0.1262312636682122,0.3089012503623962,0.9539613127708436,0.0304774958640337,0.015561225824058,0.0460386872291564,0.1967327740635431,0,-0.4504853188991546,-1.6621301174163818,0.9161927103996276,0.8546338081359863,0.9591732025146484,0.7380480170249939,1.156680703163147,1.4775315523147583,-0.6232044100761414,-0.0426588878035545,-0.2555461525917053,-0.7105026245117188,-0.4644653797149658,-1.0058947801589966,2.8055882453918457,-3.474686861038208,-1.0878207683563232,0.495326817035675,-1.678625226020813,0.8534409999847412,1.2795844078063965,-0.1685415655374527,-0.0456628985702991,1.456762671470642,-0.1691400706768036,-0.9102014303207396,-0.8871943354606628,0.6828286051750183,1.484437346458435,-2.891497611999512,-0.1501967310905456,-0.4918299317359924,-1.9555121660232544,-0.2791607677936554,-0.6175670623779297,-1.2981239557266235,-0.3076405823230743,-0.2586424350738525,3.2636730670928955,0.0688420981168747,0.0797658488154411,0.4927249550819397,1.562809944152832,0.5558737516403198,-0.6226635575294495
final_train_00210,final_train,C4,14,early,0,early,0.1328133280108043,0.3082626461982727,0.9541376233100892,0.0303785223513841,0.015483783558011,0.0458623766899108,0.1961321633425173,0,-0.524744987487793,-1.6126415729522705,0.957150936126709,1.4213203191757202,0.8156989812850952,0.8979516625404358,0.9617809653282166,1.491655707359314,-0.6207081079483032,0.081343375146389,-0.2508521974086761,-0.6075795292854309,-0.3027360439300537,-0.998652994632721,-0.1678408831357956,-3.3446707725524902,-1.1925480365753174,0.5866521596908569,-1.553576946258545,-1.7855814695358276,1.2795844078063965,-0.0186220854520797,-0.369996964931488,1.5418007373809814,-0.1417684406042099,-0.8363202810287476,-0.7942054867744446,1.089327096939087,0.7100372910499573,-2.883196353912353,-0.6531015634536743,-0.3841136693954468,-1.8205857276916504,-0.518538773059845,-0.6582692265510559,-0.606881856918335,-0.2063831984996795,-0.2933285534381866,-2.292583703994751,-0.2181497365236282,-0.948399543762207,0.6950996518135071,1.2303797006607056,0.6315823197364807,-0.657162606716156
final_train_00211,final_train,C4,15,early,0,early,0.1386619425109555,0.308076798915863,0.9542360305786132,0.0302217472344636,0.0155421663075685,0.0457639694213867,0.1958587749887539,0,-0.4554198682308197,-1.6163573265075684,0.9892842173576356,1.465885877609253,1.007867455482483,1.0128183364868164,1.156125783920288,1.6752692461013794,-0.4638147056102752,-0.1878761649131775,-0.2550156712532043,-0.6628445982933044,-0.3415878713130951,-0.8311670422554016,0.3730714023113251,-3.33149790763855,-1.171603798866272,0.3637064397335052,-1.4268087148666382,-1.3766807317733765,0.7497122883796692,-0.1993872672319412,-0.4412002861499786,1.6066821813583374,-0.1428541541099548,-0.7850891947746277,-0.7519075274467468,1.4416258335113523,0.6402826905250549,-2.8321990966796875,-0.4577201306819916,-0.4314630627632141,-1.6819519996643066,-0.7736855745315552,-0.7266263961791992,0.7001721858978271,-0.3563997745513916,-0.4545238614082336,-1.291620135307312,-0.4768354296684265,-1.376105785369873,0.4818711876869201,0.9010300040245056,0.4151592850685119,-0.8559540510177612
final_train_00212,final_train,C4,16,early,0,early,0.1438280863265113,0.3076367080211639,0.9543787837028505,0.0300698727369308,0.015551340766251,0.0456212162971496,0.1954154887128215,0,-0.4339151680469513,-1.5640805959701538,1.0206218957901,1.3612256050109863,1.1760149002075195,1.0725051164627075,1.143122911453247,1.6752692461013794,-0.4063518047332763,-0.0703631117939949,-0.1319468170404434,-0.5615349411964417,-0.2059447765350341,-0.819020688533783,0.8962082266807556,-3.221311330795288,-1.1584621667861938,-0.2476253807544708,-1.2590481042861938,-1.035101056098938,0.5344517230987549,-0.0882559567689895,-0.6879159808158875,1.5904526710510254,-0.1418963819742202,-0.7554153203964233,-0.6704041957855225,1.2874951362609863,0.3505831956863403,-2.766852140426636,-0.681281566619873,-0.6767399907112122,-1.568883776664734,-0.6765369176864624,-0.6965510249137878,1.3853944540023804,-0.2937436401844024,-0.4038757085800171,-0.5766339302062988,-0.3904753625392914,-1.8731449842453003,0.6235737204551697,0.6850031614303589,-0.1462732404470443,-0.7269728183746338
final_train_00213,final_train,C4,17,early,0,early,0.1483605014066031,0.3072321712970733,0.9546620845794678,0.029813963919878,0.0155239757150411,0.0453379154205322,0.1945064819310932,0,-0.5804886221885681,-1.533017635345459,1.0142478942871094,1.4054582118988037,1.3243802785873413,1.1408796310424805,1.1624289751052856,1.6752692461013794,-0.6425472497940063,-0.1760771423578262,-0.2641394138336181,-0.5866468548774719,-0.4028227031230926,-0.8673979640007019,0.8229976296424866,-3.2039077281951904,-1.1970802545547483,0.1642214655876159,-1.131386160850525,-1.0365962982177734,0.3445159494876861,-0.0896168798208236,-0.4959203898906708,1.5261101722717283,-0.1432268470525741,-0.8217725157737732,-0.7284455895423889,1.4416258335113523,0.6579556465148926,-2.663494348526001,-0.6928851008415222,-0.4937843680381775,-1.4905403852462769,-0.2909956574440002,-0.8014820218086243,1.4515758752822876,-0.2726438045501709,-0.5444793105125427,-0.5745675563812256,0.082681618630886,-1.5825330018997192,0.5858964323997498,0.4147947132587433,0.2488994598388672,-0.9212614893913268
final_train_00214,final_train,C4,18,early,0,early,0.1523057601291695,0.3068679869174957,0.9546918272972108,0.0297649130225181,0.0155431842431426,0.0453081727027893,0.1944237709675464,0,-0.6205097436904907,-1.3888295888900757,1.0511258840560913,1.291134476661682,1.3243802785873413,1.1190509796142578,1.2192118167877195,1.6752692461013794,-0.6209611296653748,-0.4155453145503998,-0.5226331353187561,-0.7110745310783386,-0.6533885598182678,-0.88093101978302,0.9813517332077026,-3.1022040843963623,-1.0787148475646973,0.220251128077507,-0.9193341732025146,-0.8953947424888611,0.3964641988277435,-0.3702392876148224,-0.4337147772312164,1.5933583974838257,-0.1418116092681884,-0.6382719278335571,-0.8488783240318298,1.3046207427978516,0.579289436340332,-2.552992820739746,-0.7031993865966797,-0.4255732893943786,-1.257854700088501,-0.1486611366271972,-0.6138619184494019,0.7494878172874451,-0.5161060094833374,-0.6735894680023193,-0.2761170864105224,0.2491191029548645,-1.4393563270568848,0.2479571849107742,0.3567252457141876,0.2879221737384796,-0.969446063041687
final_train_00215,final_train,C4,19,early,0,early,0.1557083314847973,0.3068930804729461,0.9545782208442688,0.029718542471528,0.015703234821558,0.0454217791557312,0.1948764297058946,0,-0.7009875774383545,-1.1510213613510132,1.1206380128860474,1.3757312297821045,1.3243802785873413,1.1746587753295898,1.24952495098114,1.6752692461013794,-0.6368720531463623,-0.27283975481987,-0.6837692856788635,-0.7781041264533997,-0.675508975982666,1.2490758895874023,0.8208940029144287,-2.909395933151245,-1.4364094734191897,0.7369401454925537,-0.5800106525421143,-0.609700083732605,0.0246241092681884,-0.3447742164134979,-0.0947762876749038,1.4800662994384766,-0.139341726899147,-0.3804563581943512,-0.9136802554130554,1.4416258335113523,0.5779876708984375,-2.348442554473877,-0.7124279141426086,-0.0619676671922206,-0.9313167333602904,0.1413860023021698,-1.256991982460022,0.0895779803395271,-0.4897226393222809,-0.8556145429611206,-0.1292909085750579,0.531924843788147,-0.68793123960495,0.2500682175159454,-0.1248591691255569,0.7732964754104614,-1.0488572120666504
final_train_00216,final_train,C4,20,early,0,early,0.1586106457986189,0.3067602217197418,0.9544600248336792,0.0296992324292659,0.0158407222479581,0.0455399751663208,0.1953289256807854,0,-0.5367046594619751,-1.145692229270935,1.1005007028579712,1.4203418493270874,1.3243802785873413,1.242379665374756,1.3836523294448853,1.6752692461013794,-0.2601470649242401,-0.0400671809911727,-0.4511809051036834,-0.7539945840835571,-0.294705331325531,1.1419295072555542,0.6604472398757935,-2.718275785446167,-1.2152230739593506,0.3974739909172058,-0.4465042352676391,-0.4784201681613922,-0.1113299280405044,-0.1783023476600647,-0.3153820037841797,1.5576086044311523,-0.1413429528474807,-0.3609648048877716,-0.8755451440811157,1.4416258335113523,-0.2581572830677032,-2.2041804790496826,-0.5629255175590515,-0.2391894310712814,-0.8208758234977722,0.595295786857605,-1.2343207597732544,-0.6229841113090515,-0.3710828721523285,-0.7256657481193542,0.0179340559989213,1.0674116611480713,-0.8218717575073242,0.4890450239181518,-0.284728467464447,0.4658060669898987,-0.7300936579704285
final_train_00217,final_train,C4,21,early,0,early,0.1610531581306812,0.3068680763244629,0.9545198678970336,0.0299602635204792,0.0155198704451322,0.0454801321029663,0.1949523724223424,0,-0.5110732913017273,0.2918154895305633,-0.5335492491722107,0.2777241170406341,1.211340069770813,-0.9162161350250244,1.133341670036316,-0.7729116082191467,-1.0134514570236206,-1.0988925695419312,-0.571098268032074,-1.026597499847412,-1.2803391218185425,0.5050055980682373,2.594205141067505,1.3032435178756714,-1.5063087940216064,-1.218908429145813,0.4605909883975982,0.8374204635620117,-2.505216598510742,-1.025124192237854,-0.3903118968009949,1.4924241304397583,0.1256897896528244,-1.2915284633636477,-1.123852252960205,-0.0850019082427024,2.2373173236846924,1.1014845371246338,-0.577954888343811,-0.7463825345039368,0.1346448063850402,1.3564285039901731,-1.5084680318832395,-1.5816961526870728,-0.6208916902542114,-1.548271417617798,3.0878167152404785,1.9560770988464355,1.611391544342041,-1.1275066137313845,-3.3051936626434326,-1.0715446472167969,-1.7775659561157229
final_train_00218,final_train,C4,22,early,0,early,0.163074410156556,0.3066633641719818,0.9547417163848876,0.0298765245825052,0.0153817562386393,0.0452582836151123,0.1941700227376295,0,-0.5696757435798645,-0.1140882968902587,-0.445842981338501,0.6372249126434326,1.3243802785873413,-0.545606255531311,1.288023829460144,-0.6616306304931641,-1.08626389503479,-1.2037533521652222,-0.6366922855377197,-1.0141106843948364,-1.3379719257354736,0.3911942541599273,-0.2619724869728088,0.6376575231552124,-1.622868299484253,-1.1594023704528809,0.1544122248888015,-1.7373449802398682,-2.5138185024261475,-1.1569247245788574,-0.6667798161506653,1.4596209526062012,-0.1514089256525039,-1.474853515625,-1.067616581916809,0.3206754028797149,1.4550968408584597,0.2673813700675964,-0.7350797653198242,-0.7897419929504395,-0.2382058799266815,1.1238082647323608,-1.4356645345687866,-1.3428840637207031,-0.6973458528518677,-1.4949970245361328,-2.361900806427002,1.703216314315796,0.5191410779953003,-1.0653692483901978,-3.1105101108551025,-0.9962810277938844,-1.9340877532958984
final_train_00219,final_train,C4,23,early,0,early,0.1647110908255349,0.3066835701465606,0.954506516456604,0.0300593953579664,0.0154340174049139,0.0454934835433959,0.1949424981059334,0,-0.534023642539978,-0.3372474610805511,-0.3619681894779205,0.6812491416931152,1.3243802785873413,-0.3265404403209686,1.2525339126586914,-0.5600262880325317,-0.9274476170539856,-1.1027638912200928,-0.7126339673995972,-0.9672783613204956,-1.3701434135437012,0.2736687362194061,0.3038978278636932,0.3231103718280792,-1.418139100074768,-1.3543952703475952,0.0302736032754182,-1.236854910850525,-2.521672248840332,-1.2738162279129028,-0.8502479195594788,1.4587758779525757,-0.1402054578065872,-1.4570657014846802,-0.9702482223510742,0.369412362575531,0.9318027496337892,-0.0933944657444953,-0.7413172721862793,-0.970944881439209,-0.3421872854232788,0.8300866484642029,-1.4021068811416626,-1.258105754852295,-0.7696976661682129,-1.3733018636703491,-1.2961034774780271,1.3475171327590942,-0.0240690317004919,-0.953838050365448,-2.9591639041900635,-1.1728146076202393,-1.7300909757614136
final_train_00220,final_train,C4,24,early,0,early,0.1659980955568836,0.3067207038402557,0.9543606638908386,0.0302378721535205,0.0154013875871896,0.0456393361091613,0.195381267695926,0,-0.521290123462677,-0.3167098760604858,-0.269660621881485,0.6666016578674316,1.0276495218276978,-0.1874843537807464,1.142383098602295,-0.4668889939785003,-0.8140884041786194,-1.1127204895019531,-0.7135632634162903,-0.9675571918487548,-1.2710795402526855,0.219830185174942,0.5491573214530945,0.0921888500452041,-1.11792254447937,-1.049314260482788,-0.0399822294712066,-0.8073108196258545,-2.032116413116455,-1.1358263492584229,-0.7206655740737915,1.5303694009780884,-0.140362411737442,-1.281280755996704,-0.9757656455039978,0.3113341331481933,0.4888729453086853,-0.3230341970920563,-0.7470349073410034,-0.6742880344390869,-0.3347867429256439,0.5632823705673218,-1.2295165061950684,-1.268468976020813,-0.7409083843231201,-1.325066328048706,-0.6841837763786316,1.0491536855697632,-0.2483819276094436,-0.9469258189201356,-2.81941032409668,-0.891671359539032,-1.620636820793152
final_train_00221,final_train,C4,25,early,0,early,0.1669685841889017,0.3068078756332397,0.9542360305786132,0.0307685378938913,0.0149953262880444,0.0457639694213867,0.1955143132586401,0,-0.556118905544281,-0.5347418785095215,-0.2057100087404251,0.615561306476593,1.2294265031814575,0.073274441063404,1.1513231992721558,-0.2783790826797485,-0.8618337512016296,-1.0923006534576416,-0.8097561001777649,-1.0155190229415894,-1.4108195304870603,0.1423805952072143,0.6360388398170471,-0.0696653127670288,-1.2280226945877075,-1.2686870098114014,-0.1200468763709068,-0.7411537766456604,-1.8996484279632568,-1.286612629890442,-0.8803754448890686,1.402046799659729,-0.1422865539789199,-1.3062046766281128,-1.0174192190170288,0.1592585295438766,0.3230889439582824,-0.5011090040206909,-0.752295196056366,-0.9192078709602356,-0.492254227399826,0.3554013669490814,-1.2143527269363403,-1.211069107055664,-0.8119940757751465,-1.267662763595581,-0.5282652378082275,0.8079357743263245,-0.4421018958091736,-0.8655783534049988,-2.708836793899536,-1.099684476852417,-1.5976660251617432
final_train_00222,final_train,C4,26,early,0,early,0.1676607797021075,0.307040125131607,0.9541799426078796,0.030879333615303,0.014940645545721,0.0458200573921203,0.1956536659053242,0,-0.6303783059120178,-0.4997971951961517,-0.139632299542427,0.6296396851539612,1.050475001335144,0.061461716890335,1.0986757278442385,0.0933677703142166,-0.9622054696083068,-1.1012085676193235,-0.8457520008087158,-0.9741038084030152,-1.3942269086837769,0.0571497343480587,0.8012760877609253,-0.2173685580492019,-1.2539324760437012,-1.5050621032714844,-0.168678343296051,-0.6753204464912415,-1.7773702144622805,-1.2619279623031616,-0.9847267270088196,1.529735088348389,-0.1423130184412002,-1.0915673971176147,-0.844079315662384,0.3034299910068512,0.1944921612739563,-0.6224727034568787,-0.7571508288383484,-0.9680821895599364,-0.4626066982746124,0.3227854669094085,-1.1956461668014526,-1.0475232601165771,-0.7499507665634155,-1.2659815549850464,-0.2163488268852234,0.7830457091331482,-0.6338234543800354,-0.8736975789070129,-2.5821211338043213,-1.3172259330749512,-1.579581618309021
final_train_00223,final_train,C4,27,early,0,early,0.1681291090086903,0.307497888803482,0.9527494311332704,0.0322784893214702,0.0149720655754208,0.0472505688667297,0.2001123537998724,0,-0.5078240633010864,-0.6651017069816589,-0.0964053571224212,0.5487997531890869,1.3243802785873413,0.2325927019119262,1.15849769115448,0.151956707239151,-0.7177326679229736,-1.0290623903274536,-0.7233265042304993,-0.9488139152526855,-1.243156671524048,0.0007749670185148,0.6423372626304626,-0.345626950263977,-0.8694173097610474,-1.2621949911117554,-0.2480267137289047,-0.90888112783432,-1.8113363981246948,-1.089980959892273,-0.8985328078269958,1.46024751663208,-0.1414666622877121,-1.1568115949630735,-0.8469694256782532,0.0715752989053726,0.6407626271247864,-0.7529826164245605,-0.6447519063949585,-0.8002265691757202,-0.5705506801605225,0.3867701292037964,-1.1976442337036133,-0.8291029334068298,-0.7211303114891052,-1.1539592742919922,-0.6985491514205933,0.8259740471839905,-0.441713273525238,-0.7855046987533569,-2.5485668182373047,-1.0884840488433838,-1.352838158607483
final_train_00224,final_train,C4,28,early,0,early,0.1684230304753408,0.3080857992172241,0.9519870281219482,0.033077135682106,0.0149358371272683,0.0480129718780517,0.2024268772897955,0,-0.6438854932785034,-0.7253611087799072,-0.0461202599108219,0.752487301826477,1.3243802785873413,0.4410231709480285,1.3507579565048218,0.2981675267219543,-0.9208000302314758,-1.0859724283218384,-0.8366703987121582,-0.926868736743927,-1.3060606718063354,-0.0295832846313714,0.8132050037384033,-0.3640670478343963,-1.2999155521392822,-1.154861569404602,-0.2205289006233215,-0.6830979585647583,-2.4105966091156006,-1.1280014514923096,-0.8213186264038086,1.460284948348999,-0.1360590457916259,-1.009551763534546,-0.8816496133804321,0.5608790516853333,0.941010057926178,-0.7801224589347839,-0.765821635723114,-0.8756372928619385,-0.5166699290275574,0.4813878238201141,-1.067677021026611,-0.4323634803295135,-0.7076712250709534,-1.1866941452026367,-0.2085765302181244,0.948672652244568,-0.3430869579315185,-0.814274251461029,-2.504340171813965,-0.993614137172699,-1.398512840270996
final_train_00225,final_train,C4,29,early,0,early,0.1685872815448066,0.3098204135894775,0.948042929172516,0.0368256829679012,0.0151313729584217,0.0519570708274841,0.2144349276785293,0,-0.595599353313446,-0.8248591423034668,0.0041105020791292,0.7799935340881348,1.3243802785873413,0.5805966854095459,1.376824975013733,0.345653772354126,-0.8047212362289429,-0.820367157459259,-0.8169435858726501,-0.9216665029525756,-1.284199833869934,-0.0258756205439567,0.7315636873245239,-0.4723578989505768,-1.0110191106796265,-0.7954978942871094,-0.2852859199047088,-0.614255428314209,-2.009277105331421,-1.1030328273773191,-0.6217206120491028,1.4171063899993896,-0.1431138068437576,-0.9827214479446412,-0.8229694962501526,0.5912496447563171,0.9502230286598206,-0.8852788805961609,-0.6608753800392151,-0.3660213947296142,-0.605462908744812,0.4017772972583771,-0.948725163936615,-0.1717632710933685,-0.7204631567001343,-1.0723977088928225,-0.2136552035808563,0.8753495216369629,-0.1945675462484359,-0.6217707991600037,-2.43932843208313,-0.6567237973213196,-1.1410319805145264
final_train_00226,final_train,C4,30,early,0,early,0.1686621181722246,0.3102481365203857,0.9471731781959534,0.0378073826432228,0.0150193832814693,0.0528268218040466,0.2169031812538639,0,-0.6175966262817383,-0.9301520586013794,0.053116638213396,0.9149615168571472,1.3243802785873413,0.7659919857978821,1.4455735683441162,0.4756606221199035,-0.7921655774116516,-0.8601964116096497,-0.7936658263206482,-0.8505941033363342,-1.157141089439392,-0.0716630518436431,0.7354235649108887,-0.5381262302398682,-0.9864099025726318,-0.9836558699607848,-0.2957543432712555,-0.702290952205658,-2.1645843982696533,-0.957583487033844,-0.7044751644134521,1.4260962009429932,-0.139602929353714,-0.8859298229217529,-0.8320106267929077,0.6195955276489258,0.7043614983558655,-0.9273943305015564,-0.7733362913131714,-0.5978715419769287,-0.6102789640426636,0.3567302823066711,-0.8728603720664978,-0.1645730286836624,-0.670524001121521,-1.0631892681121826,-0.3867435455322265,0.8299397230148315,-0.2987209856510162,-0.6364887952804565,-2.3914053440093994,-0.8326680064201355,-1.1091413497924805
final_train_00227,final_train,C4,31,early,0,early,0.1686835464479116,0.3118994235992431,0.9433773756027222,0.0414987802505493,0.0151238702237606,0.0566226243972778,0.2279536942233539,0,-0.6095941662788391,-0.8313794732093811,0.1066677346825599,0.8932950496673584,1.3243802785873413,0.7632433772087097,1.3957123756408691,0.5143576860427856,-0.7908522486686707,-0.7215162515640259,-0.7299349904060364,-0.8495756983757019,-1.0495281219482422,-0.0998636558651924,0.6522695422172546,-0.6351110339164734,-0.746161937713623,-1.0333300828933716,-0.3486174345016479,-0.5510272979736328,-1.4125078916549685,-0.8078988790512085,-0.7218391299247742,1.3619893789291382,-0.1441468745470047,-0.8461565971374512,-0.8159763813018799,0.5665612816810608,0.4049016237258911,-0.9979681968688964,-0.7767300009727478,-0.5144643783569336,-0.5911420583724976,0.2564772367477417,-0.705645740032196,-0.5303962230682373,-0.5945175290107727,-1.0454216003417969,-0.2172548919916153,0.7089197039604187,-0.3353601992130279,-0.551910936832428,-2.321913480758667,-0.8756105303764343,-1.0408356189727783
final_train_00228,final_train,C4,32,early,0,early,0.1686835464479116,0.3116945326328277,0.9421250820159912,0.0428810678422451,0.0149938892573118,0.0578749179840087,0.2313730831886123,0,-0.6109464168548584,-0.911963701248169,0.1271618008613586,0.9725902080535888,1.3243802785873413,0.9505036473274232,1.4267016649246216,0.5506361722946167,-0.7346569895744324,-0.5886068940162659,-0.7037326693534851,-0.8609859347343445,-0.9130861759185792,-0.1169639378786087,0.6574530005455017,-0.6010199189186096,-0.7530087232589722,-1.1565167903900146,-0.3215708136558532,-0.7226166725158691,-1.70094633102417,-0.6951479315757751,-0.7695334553718567,1.4437386989593506,-0.1346637606620788,-0.7188636064529419,-0.8188092112541199,0.7480377554893494,0.6230329871177673,-0.9932615756988524,-0.7799116373062134,-0.6243637800216675,-0.5549746155738831,-0.0763613134622573,-0.7077658772468567,-1.0259408950805664,-0.5666359663009644,-1.015102505683899,-0.395992636680603,0.3030487596988678,-0.3448143005371094,-0.4748366773128509,-2.287984848022461,-0.9842012524604796,-0.9098300337791444
final_train_00229,final_train,C4,33,early,0,early,0.1690157870445974,0.3111783564090729,0.9478638172149658,0.0368964485824108,0.0152397183701395,0.0521361827850341,0.2150517876180414,0,-0.4509169459342956,-1.0452979803085327,1.2373570203781128,1.287084698677063,1.2524455785751345,0.1274053305387497,1.3089066743850708,1.5973725318908691,-0.9408963322639464,-0.5263769030570984,-0.5784878730773926,-0.6641026735305786,-1.1726081371307373,0.7552410364151001,2.312192916870117,-2.990692377090454,-1.180572509765625,-1.0005942583084106,-1.4061213731765747,0.2891187369823456,-0.1655213981866836,-0.9229403734207152,-0.7058602571487427,1.110257267951965,-0.3824779391288757,-0.6882480382919312,-0.2805351912975311,1.292165756225586,0.5302566289901733,-2.638008117675781,-0.3046941459178924,-0.8325401544570923,-1.5385750532150269,-0.7530763745307922,-1.2010663747787476,-0.0315142050385475,-0.3218937814235687,-0.6658227443695068,2.3152830600738525,-0.4838293492794037,-1.2962779998779297,-0.0708736553788185,-0.5009328126907349,-0.8272345066070557,-0.926594853401184
final_train_00230,final_train,C4,34,early,0,early,0.1696886502689044,0.3114948570728302,0.9505406618118286,0.0342118106782436,0.01524752471596,0.0494593381881713,0.2070541745624759,0,-0.5704551935195923,-0.8887389898300171,1.2240715026855469,1.5972435474395752,1.3243802785873413,0.1807510256767273,1.3897755146026611,1.6752692461013794,-1.0822874307632446,-0.9261578917503356,-0.7974422574043274,-0.7783032655715942,-1.430343747138977,0.6186974048614502,0.1982967257499694,-2.8603734970092773,-1.3773703575134275,-0.8670474290847778,-1.26036536693573,-1.3420376777648926,-0.2399018406867981,-1.1914470195770264,-0.6658022403717041,1.124315619468689,-0.1360980719327926,-0.6211669445037842,-0.7536855340003967,1.4416258335113523,0.0710536837577819,-2.564249992370605,-0.7857133746147156,-0.5897486805915833,-1.411984920501709,-0.631070077419281,-1.1122454404830933,0.6259007453918457,-0.5560615658760071,-0.915514886379242,-1.5175938606262207,-0.3332277536392212,-1.2329550981521606,-0.3988452553749084,-0.6494095325469971,-0.7201763391494751,-1.4356653690338137
final_train_00231,final_train,C4,35,early,0,early,0.1706966585387618,0.3120149970054626,0.951805591583252,0.032826829701662,0.0153676122426986,0.048194408416748,0.2032877874698942,0,-0.6061862111091614,-1.0326215028762815,1.2504106760025024,1.7606467008590698,1.3243802785873413,0.4070741236209869,1.6276894807815552,1.6752692461013794,-1.0612126588821411,-0.6216201782226562,-0.8063049912452698,-0.7764167189598083,-1.3075840473175049,0.5095404982566833,0.302524596452713,-2.8538126945495605,-1.466572403907776,-0.7409757375717163,-1.1746118068695068,-1.256641507148743,-0.1964879482984542,-1.1502470970153809,-0.6194702982902527,1.1104786396026611,-0.1431706547737121,-0.5740411877632141,-0.7109293937683105,1.4416258335113523,0.187227725982666,-2.560112476348877,-0.7883656024932861,-0.6171725392341614,-1.3722385168075562,-0.6654031872749329,-1.0810225009918213,0.8293588161468506,-0.5222786068916321,-0.7844667434692383,-1.4985555410385132,-0.3814325034618377,-1.1821779012680054,-0.1869561821222305,-0.6110624670982361,-0.6143860220909119,-1.069264531135559
final_train_00232,final_train,C4,36,early,0,early,0.1720355573392184,0.3120852708816528,0.952731430530548,0.0318847373127937,0.0153837483376264,0.0472685694694519,0.2004482433212356,0,-0.6240943074226379,-1.0141791105270386,1.3033888339996338,1.2728168964385986,1.126559853553772,0.7416319847106934,1.1894927024841309,1.6752692461013794,-1.1496554613113403,-0.7197485566139221,-0.839777410030365,-0.7515882849693298,-1.3371851444244385,0.5811308026313782,0.5780894756317139,-2.839637994766236,-1.6562135219573977,-1.0279327630996704,-1.0406721830368042,-1.0054069757461548,-0.3762660026550293,-1.1462000608444214,-1.003790020942688,0.905279576778412,-0.1396716833114624,-0.8041896224021912,-0.6902914047241211,1.2361183166503906,0.0294765476137399,-2.540987730026245,-0.7908704876899719,-0.690327525138855,-1.3408252000808716,-0.3854962587356567,-1.2928413152694702,-0.9561715126037598,-0.5569401383399963,-0.7929813861846924,-0.6035939455032349,-0.0495434887707233,-1.4901772737503052,-0.1958591938018798,-0.6945103406906128,-0.8602044582366943,-1.2269364595413208
final_train_00233,final_train,C4,37,early,0,early,0.1737022061714959,0.3119347989559173,0.9530797004699708,0.031302310526371,0.0156180253252387,0.0469202995300293,0.1995204373601902,0,-0.6249030232429504,-1.0031074285507202,1.2211257219314575,1.4180355072021484,1.260222315788269,0.6466124653816223,1.448137640953064,1.605793833732605,-1.062596321105957,-0.3826106190681457,-0.7711887955665588,-0.8290811777114868,-1.1656962633132937,0.4829138517379761,1.0311905145645142,-2.793797731399536,-1.3812570571899414,-0.9188073873519896,-1.067130446434021,-0.9223647117614746,-0.1167002543807029,-1.014217495918274,-0.7839170098304749,1.027739405632019,-0.1449741423130035,-0.6184232831001282,-0.7703849077224731,1.308323621749878,0.7599663138389587,-2.5139262676239014,-0.7932400107383728,-0.8518440127372742,-1.2725180387496948,-0.5773062109947205,-1.0125975608825684,-0.9954004883766174,-0.5792245268821716,-0.7637431621551514,-0.2445088028907776,-0.264968603849411,-1.330750823020935,-0.017118114978075,-0.6117943525314331,-0.7655859589576721,-0.9343085289001464
final_train_00234,final_train,C4,38,early,0,early,0.1756944746229676,0.310992956161499,0.9535769820213318,0.030915567651391,0.0155074689537286,0.0464230179786682,0.1979015377594866,0,-0.5829178690910339,-1.1573705673217771,1.2010128498077393,1.588446855545044,1.3243802785873413,0.8971493244171143,1.6120362281799316,1.6752692461013794,-0.8398476839065552,-0.4887749850749969,-0.7845063209533691,-0.8502835631370544,-1.1146907806396484,0.4272933304309845,0.9392763376235962,-2.6925249099731445,-1.111158013343811,-0.754743754863739,-0.9880087971687316,-1.0099139213562012,-0.2891159653663635,-1.003703236579895,-0.6578570008277893,1.0575937032699585,-0.1388088017702102,-0.5034433007240295,-0.8017878532409668,1.3767287731170654,1.0623984336853027,-2.472933530807495,-0.7124279141426086,-0.720268964767456,-1.1808795928955078,-0.6301573514938354,-1.0655484199523926,-0.9383745193481444,-0.6225083470344543,-0.7282395362854004,-0.6107538342475891,-0.3404449820518493,-1.1904631853103638,-0.1084429696202278,-0.6356316804885864,-0.624639093875885,-0.7603553533554077
final_train_00235,final_train,C4,69,early,0,early,0.2523291154626168,0.3063967823982239,0.9552627205848694,0.029637536033988,0.0150997480377554,0.0447372794151306,0.1923533112818314,0,-0.6287824511528015,-1.4779926538467407,1.0762768983840942,1.2267330884933472,1.2294265031814575,0.7471463084220886,1.5494168996810913,1.41821026802063,-0.7377380132675171,0.17657271027565,-0.7224438190460205,-0.7592185735702515,-0.2242335379123687,-1.1440415382385254,1.2177103757858276,-1.7266770601272583,-0.3773747980594635,-2.030139923095703,-0.2423835545778274,-1.496565580368042,1.1206227540969849,-0.0855006501078605,-1.3579282760620115,1.168981909751892,-0.1327041387557983,-0.3501627743244171,-0.7589311003684998,1.0470513105392456,1.8105391263961792,-1.6694129705429075,-0.3104326128959656,-1.797394037246704,-1.0969220399856567,-1.1880674362182615,-0.9185596704483032,-1.649714112281799,-0.3860343098640442,-0.1741661131381988,-0.4637495577335357,-1.0144402980804443,-0.8055863380432129,0.8954221606254578,1.056028962135315,-1.7999556064605713,-0.0352824330329895
final_train_00236,final_train,C4,70,early,0,early,0.2550336224594365,0.3062128126621246,0.9553276896476746,0.0296708643436431,0.0150014609098434,0.0446723103523254,0.1920873286653747,0,-0.6263970732688904,-1.525625467300415,1.0424541234970093,1.212903618812561,1.2778342962265017,0.819176435470581,1.519607424736023,1.3224431276321411,-0.8885445594787598,0.1381034553050995,-0.7087990045547485,-0.7161648273468018,-0.3839705288410187,-1.120714545249939,1.1197937726974487,-1.7029927968978882,-0.5048621296882629,-1.6373077630996704,-0.2845214605331421,-1.3103996515274048,1.2016620635986328,-0.2330735772848129,-1.2630596160888672,1.1880418062210083,-0.1374720633029937,-0.4079787731170654,-0.6938747763633728,1.0547879934310913,1.3834834098815918,-1.650226354598999,-0.3834575116634369,-1.5717949867248535,-1.0917274951934814,-1.1214405298233032,-0.8137052059173584,-1.5179452896118164,-0.3292044103145599,-0.2274084389209747,-0.6577979922294617,-0.9240793585777284,-0.7680208683013916,0.9325271248817444,1.0097476243972778,-1.4300661087036133,-0.1746850460767746
final_train_00237,final_train,C4,71,early,0,early,0.2577358206536911,0.3063241839408874,0.9552336931228638,0.0297552812844514,0.0150110321119427,0.0447663068771362,0.1923901636412864,0,-0.6194250583648682,-1.3869822025299072,1.0076895952224731,1.2322814464569092,1.2787294387817385,0.7935213446617126,1.4814484119415283,1.1809250116348269,-0.8956769108772278,0.053437951952219,-0.6420300006866455,-0.7138357162475586,-0.2324984222650528,-1.1108365058898926,1.214243769645691,-1.5547125339508057,-0.3975125551223755,-1.4334769248962402,-0.2861412167549133,-1.0325056314468384,1.2795844078063965,0.006088635418564,-1.1556668281555176,1.0990465879440308,-0.1320035904645919,-0.4631496369838714,-0.6356921195983887,1.0622272491455078,1.095269799232483,-1.5680561065673828,-0.5143691897392273,-1.4696800708770752,-1.066710114479065,-1.080386996269226,-0.981274962425232,-1.4222759008407593,-0.2876262068748474,-0.2013509571552276,-0.0695835947990417,-0.887106716632843,-0.8807170391082764,0.8598888516426086,0.9666911959648132,-1.2368159294128418,-0.1603000611066818
final_train_00238,final_train,C4,72,early,0,early,0.2604330285054732,0.3062061667442322,0.9551988840103148,0.0298105757683515,0.0149905513972043,0.044801115989685,0.192487265607182,0,-0.5856696963310242,-1.3873294591903689,0.9901186227798462,1.2334541082382202,1.3243802785873413,0.8512564897537231,1.4670583009719849,1.1902523040771484,-0.744461715221405,0.3094038963317871,-0.5760199427604675,-0.7038796544075012,-0.1019526496529579,-1.100105047225952,1.1146262884140017,-1.4094743728637695,-0.401980996131897,-1.554264783859253,-0.261966735124588,-1.2187166213989258,1.2795844078063965,-0.0459693633019924,-1.273220181465149,1.13414204120636,-0.1314506828784942,-0.4269749224185943,-0.6842346787452698,1.069385647773743,1.2428213357925415,-1.479681372642517,-0.3425897359848022,-1.656051516532898,-0.986933171749115,-1.0860090255737305,-0.89301598072052,-1.3448656797409058,-0.2731649279594421,-0.0925006121397018,-0.4686756730079651,-0.8908400535583496,-0.887196958065033,1.1689618825912476,0.9656875133514404,-1.3558160066604614,0.0282309278845787
final_train_00239,final_train,C4,73,early,0,early,0.2631225272160081,0.3064993321895599,0.955049216747284,0.0299341175705194,0.015016695484519,0.044950783252716,0.1929757458697557,0,-0.6033028364181519,-1.3837292194366455,0.9576722383499146,1.2385945320129397,1.280420184135437,0.8946147561073303,1.4324625730514526,1.056423544883728,-0.930748701095581,0.0082151722162961,-0.6818094849586487,-0.7473022937774658,-0.5354939699172974,-1.1101847887039185,1.406185746192932,-1.2865533828735352,-0.5022023320198059,-1.8217753171920776,-0.2786882519721985,-1.2175023555755615,1.2795844078063965,-0.3936816453933716,-1.2982842922210691,1.0896413326263428,-0.133541852235794,-0.4909588098526001,-0.7492930293083191,1.0762790441513062,1.5468263626098633,-1.4139256477355957,-0.5863044857978821,-1.6794648170471191,-0.986061990261078,-1.0879443883895874,-0.8596106171607971,-1.413594126701355,-0.3613576889038086,-0.2244950532913208,-0.0702541843056678,-0.9227664470672609,-0.9717881679534912,0.8854163885116577,0.9463061690330504,-1.6179161071777344,-0.2299268096685409
final_train_00240,final_train,C4,74,early,0,early,0.265801571349446,0.3059129416942596,0.955167293548584,0.0298588462173938,0.0149737522006034,0.044832706451416,0.1925761480184844,0,-0.5861583948135376,-1.472084403038025,0.9482001662254332,1.3115746974945068,1.3243802785873413,0.980733335018158,1.524198293685913,1.067675232887268,-0.8128185272216797,-0.0645446181297302,-0.6650750041007996,-0.7469311356544495,-0.4718072414398193,-1.1091200113296509,1.3028258085250854,-1.1262067556381226,-0.4290373921394348,-1.7770447731018066,-0.2297392934560775,-1.405296802520752,1.2073291540145874,-0.2297457307577133,-1.2250595092773438,1.120639443397522,-0.1304539293050766,-0.4276040196418762,-0.7892829775810242,1.0829217433929443,1.7522941827774048,-1.2830164432525637,-0.5916178822517395,-1.5411893129348757,-0.8885958194732666,-1.102047562599182,-0.7440347671508789,-1.5050294399261477,-0.3573831915855407,-0.2929108142852783,-0.4767671227455139,-0.9258249998092652,-0.8001153469085693,0.767141580581665,0.8924692869186401,-1.5708562135696411,-0.2898459434509277
final_train_00241,final_train,C4,75,early,0,early,0.2684673989921181,0.3058254420757293,0.9551341533660888,0.0298971831798553,0.0149687007069587,0.0448658466339111,0.1926778073611842,0,-0.5999367833137512,-1.353604078292847,0.9169171452522278,1.2621097564697266,1.2819901704788208,0.9721107482910156,1.3932043313980105,0.940814971923828,-1.001469373703003,-0.0233192816376686,-0.6207497715950012,-0.7414055466651917,-0.4333803653717041,-1.11282479763031,1.3982164859771729,-1.0294770002365112,-0.3307229280471802,-1.7290050983428955,-0.2525798976421356,-1.3069382905960083,1.2795844078063965,-0.1967794150114059,-1.2100372314453125,1.098036766052246,-0.1333053559064865,-0.5241212844848633,-0.7356517910957336,1.0452897548675537,1.5284616947174072,-1.214810848236084,-0.7094615697860718,-1.5186280012130735,-0.9124757647514344,-1.087096929550171,-0.889680802822113,-1.4074461460113523,-0.3206018805503845,-0.2491804510354995,-0.2737928628921509,-0.936890423297882,-0.9082012176513672,0.8981846570968628,0.8894670605659485,-1.5286413431167605,-0.2713905274868011
final_train_00242,final_train,C4,76,early,0,early,0.2711172413418845,0.3059918582439422,0.9551002383232116,0.029936134815216,0.0149636715650558,0.0448997616767883,0.1927815826288287,0,-0.5622361898422241,-1.342189073562622,0.9124463200569152,1.2550657987594604,1.282733917236328,1.0247397422790527,1.4009771347045898,0.9987981915473938,-0.7907495498657227,0.0417489558458328,-0.5584136843681335,-0.6668592095375061,-0.2896320819854736,-1.099924087524414,1.0936108827590942,-0.8962392210960388,-0.3245961368083954,-1.5350278615951538,-0.2325930297374725,-1.4010077714920044,1.2795844078063965,-0.1974375545978546,-1.1936904191970823,1.0444878339767456,-0.1305851936340332,-0.530394971370697,-0.6757526993751526,1.0522431135177612,1.2779229879379272,-1.139631271362305,-0.6016854047775269,-1.444900631904602,-0.8396516442298889,-1.0435357093811035,-0.6892886757850647,-1.3028743267059326,-0.2544468641281128,-0.2899234592914581,-0.4808875024318695,-0.9077547192573548,-0.7290495038032532,0.9742732048034668,0.8971216678619385,-1.3349711894989014,-0.3041584491729736
final_train_00243,final_train,C4,77,early,0,early,0.2737483318845028,0.3061587512493133,0.9552223682403564,0.0298939514905214,0.0148836942389607,0.0447776317596435,0.1923458512900389,0,-0.5532524585723877,-1.411798119544983,0.8773841261863708,1.2348978519439695,1.2834519147872925,1.0781933069229126,1.4038562774658203,0.8331794142723083,-0.8174795508384705,0.0065092649310827,-0.5986761450767517,-0.6975259780883789,-0.4855599105358124,-1.0787601470947266,1.1933997869491575,-0.786931574344635,-0.5938529968261719,-1.2725077867507937,-0.2471148073673248,-1.0100455284118652,1.211066484451294,-0.4398943483829498,-1.1909574270248413,1.0876363515853882,-0.1330953240394592,-0.5303640365600586,-0.641910970211029,1.0164377689361572,0.954456627368927,-1.0823026895523071,-0.6608753800392151,-1.3475496768951416,-0.8319387435913086,-1.040718913078308,-0.8861681818962097,-1.238163709640503,-0.2607828676700592,-0.3322535753250122,-0.0673148110508918,-0.9038994908332824,-0.8618700504302979,0.9465726017951964,0.8338196873664856,-1.0928993225097656,-0.3911252915859222
final_train_00244,final_train,C4,78,early,0,early,0.2763579151157217,0.3064526617527008,0.9551461935043336,0.0299827735871076,0.0148709593340754,0.0448538064956665,0.1925776535804644,0,-0.5363773107528687,-1.3490958213806152,0.8575547933578491,1.2509140968322754,1.2439109086990356,1.0976662635803225,1.3629975318908691,0.8038828372955322,-0.7477228045463562,0.0007964189280755,-0.553192675113678,-0.6747037172317505,-0.404283732175827,-1.071132779121399,1.0893839597702026,-0.6454578042030334,-0.4777108430862427,-1.311879277229309,-0.2438993901014328,-1.206578493118286,1.2795844078063965,-0.4427132606506347,-1.1727290153503418,1.0643049478530884,-0.131847396492958,-0.5589699149131775,-0.7379972338676453,1.065442442893982,1.1052573919296265,-0.993979513645172,-0.6645646095275879,-1.362857699394226,-0.7738947868347168,-1.0540156364440918,-0.7211717367172241,-1.2453956604003906,-0.3217731118202209,-0.3084305822849273,-0.4884669482707977,-0.8889960646629333,-0.8026031851768494,0.9713147282600404,0.8173161745071411,-1.1326029300689695,-0.3256222009658813
final_train_00245,final_train,C4,79,early,0,early,0.278943254759541,0.3068218529224396,0.9550403356552124,0.0300836991518735,0.0148759288713335,0.0449596643447876,0.1929142484101425,0,-0.5345061421394348,-1.2867122888565063,0.8505640625953674,1.1837948560714722,1.2848162651062012,1.071641445159912,1.356624722480774,0.8184059262275696,-0.7362022995948792,-0.1748447120189666,-0.5853062272071838,-0.6789729595184326,-0.501510500907898,-1.079571008682251,1.1909832954406738,-0.5215688347816467,-0.3986519277095794,-1.5505350828170776,-0.2111787647008896,-1.3043040037155151,1.2795844078063965,-0.436091661453247,-1.023906111717224,1.0329965353012085,-0.1253971010446548,-0.515513002872467,-0.8745863437652588,0.9073061347007751,1.442011475563049,-0.8909090757369995,-0.7733362913131714,-1.3021289110183716,-0.7537372708320618,-1.091957688331604,-0.8240442276000977,-1.3447275161743164,-0.3160989582538605,-0.4935637712478637,-0.4885853826999664,-0.9219881892204284,-0.715106725692749,0.7205179929733276,0.8263280987739563,-1.3617178201675415,-0.6032417416572571
final_train_00246,final_train,C4,80,early,0,early,0.2815016415900144,0.3070874512195587,0.9550018310546876,0.0301471017301082,0.0148510755971074,0.0449981689453125,0.193019529239767,0,-0.5504803657531738,-1.3487844467163086,0.8360034823417664,1.2471836805343628,1.3243802785873413,1.132457613945007,1.3887020349502563,0.7481712698936462,-0.9387851357460022,-0.2808270156383514,-0.5847209692001343,-0.6434268355369568,-0.5719592571258545,-1.086154222488403,1.3954752683639526,-0.448244571685791,-0.5083682537078857,-1.5391026735305786,-0.2190724611282348,-1.2029258012771606,1.2795844078063965,-0.5071572661399841,-1.0511893033981323,1.0083801746368408,-0.1325796991586685,-0.571792721748352,-0.9100969433784484,1.118204116821289,1.602373719215393,-0.8522516489028931,-0.8268013000488281,-1.198330998420715,-0.7251313924789429,-1.1016876697540283,-0.9421743154525756,-1.4008924961090088,-0.2727950513362884,-0.5722941160202026,-0.2762896120548248,-0.9234204888343812,-0.7841106057167053,0.6076619625091553,0.8248257040977478,-1.3476663827896118,-0.7020480632781982
final_train_00247,final_train,C4,81,early,0,early,0.2840304008152931,0.3072187304496765,0.9549758434295654,0.0302842892706394,0.0147399231791496,0.0450241565704345,0.1930290780292614,0,-0.5410062074661255,-1.5964291095733645,0.7474181056022644,1.1828486919403076,1.2860925197601318,1.2653058767318726,1.3425275087356567,0.7216632962226868,-1.057802438735962,-0.4384981691837311,-0.566739022731781,-0.6932370066642761,-0.664728581905365,-1.1073658466339111,1.3910213708877563,-0.2215132862329483,-0.7533305287361145,-1.663066267967224,-0.2606638669967651,-1.4026137590408323,1.215487003326416,-0.428499698638916,-1.4504598379135132,1.1127705574035645,-0.1316578984260559,-1.0313103199005127,-0.9512214660644532,0.8847665786743164,1.6958959102630615,-0.7182976603507996,-0.8276358246803284,-1.7450140714645386,-0.9486008286476136,-1.1566460132598877,-1.299447774887085,-1.3877743482589722,-0.3053770363330841,-0.489150196313858,-0.2781246304512024,-0.981886088848114,-0.9195922017097472,0.6929125785827637,0.7592656016349792,-1.4636194705963137,-0.7884290814399719
final_train_00248,final_train,C4,82,early,0,early,0.2865268990073961,0.3071350753307342,0.9549955129623412,0.0303855445235967,0.0146189779043197,0.0450044870376586,0.192887378876068,0,-0.5480759143829346,-1.233738660812378,0.8035014271736145,1.2504445314407349,1.3243802785873413,1.1805955171585083,1.355197191238403,0.7367998957633972,-1.0163112878799438,-0.3231631815433502,-0.5688382387161255,-0.6851130127906799,-0.5888434648513794,-1.082650065422058,1.1774593591690063,-0.2629419863224029,-0.5462402701377869,-1.5090267658233645,-0.2121845632791519,-1.298856496810913,1.2795844078063965,-0.5885194540023804,-1.110264778137207,0.9831926822662354,-0.1272506862878799,-0.6101070642471313,-1.011507272720337,1.16761577129364,1.2786040306091309,-0.7007659077644348,-0.8284438848495483,-1.258502721786499,-0.6463691592216492,-1.0666512250900269,-0.9382408261299132,-1.251978635787964,-0.2786495387554168,-0.666983962059021,-0.4958957731723785,-0.946737825870514,-0.7514668107032776,0.5654981732368469,0.7471998333930969,-1.3141463994979858,-0.7931963801383972
final_train_00249,final_train,C4,83,early,0,early,0.2889885507181158,0.3070358335971832,0.9549918174743652,0.0306014809757471,0.0144067360088229,0.0450081825256347,0.1927555133484193,0,-0.5503712892532349,-1.3031911849975586,0.7752718925476074,1.194229006767273,1.2501976490020752,1.2126809358596802,1.3039988279342651,0.7112980484962463,-1.0924534797668457,-0.4557670056819916,-0.6072678565979004,-0.7292823195457458,-0.755952000617981,-1.0804588794708252,1.069899559020996,-0.1478572934865951,-0.7138508558273315,-1.2225821018218994,-0.2050912529230117,-1.1952242851257324,1.1553956270217896,-0.810745894908905,-1.106553316116333,0.9934503436088562,-0.1285112202167511,-0.6514101624488831,-1.008837103843689,1.0177664756774902,0.9404156804084778,-0.6029463410377502,-0.8292266130447388,-1.072932481765747,-0.6650861501693726,-1.082355499267578,-1.199540138244629,-1.1187829971313477,-0.3385816514492035,-0.7082202434539795,-0.4959495365619659,-0.9268869161605836,-0.7896304726600647,0.430023193359375,0.6918405294418335,-1.0422887802124023,-0.8608992099761963
final_train_00250,final_train,C4,84,early,0,early,0.2914128245993511,0.3070250451564789,0.9548740983009338,0.0308391451835632,0.014286802150309,0.0451259016990661,0.1930406884892148,0,-0.5232996344566345,-1.2154583930969238,0.7659718990325928,1.2361054420471191,1.3243802785873413,1.2488490343093872,1.3141580820083618,0.6865808367729187,-0.9538509845733644,-0.3332042396068573,-0.6014969348907471,-0.7190786004066467,-0.7914393544197083,-1.048725724220276,0.96235328912735,-0.0798431932926178,-0.4172010719776153,-1.2051128149032593,-0.2040403038263321,-1.2971413135528564,1.2795844078063965,-0.8101780414581299,-1.1416876316070557,0.9737634062767028,-0.1275446414947509,-0.6708072423934937,-0.9356329441070556,1.1760468482971191,0.9947489500045776,-0.5645881295204163,-0.7814289927482605,-1.227163314819336,-0.5902077555656433,-1.0624576807022097,-1.0193634033203125,-1.1373298168182373,-0.3834964334964752,-0.7077721953392029,-0.7155519723892212,-0.9286051392555236,-0.7790219187736511,0.5877642035484314,0.7341890931129456,-1.0305747985839844,-0.807121753692627
final_train_00251,final_train,C4,85,early,0,early,0.2937972492095766,0.3067346215248108,0.9547645449638368,0.0310753509402275,0.0141600780189037,0.0452354550361633,0.1932927277028302,0,-0.5222434997558594,-1.1680108308792114,0.732803463935852,1.3435776233673096,1.3243802785873413,1.2487170696258545,1.397679567337036,0.6626126170158386,-1.0026302337646484,-0.3183454275131225,-0.5631023049354553,-0.7351993322372437,-0.6929095983505249,-1.0803178548812866,1.177215814590454,-0.0255461167544126,-0.7156803607940674,-1.4542399644851685,-0.2047242671251297,-1.295494794845581,1.098946213722229,-0.6130957007408142,-1.269248366355896,1.0010762214660645,-0.1289409697055816,-0.675282895565033,-0.856732189655304,1.1800707578659058,1.2339248657226562,-0.4483169317245483,-0.8307210206985474,-1.5381308794021606,-0.5564915537834167,-1.0573601722717283,-1.0433000326156616,-1.1751402616500854,-0.3566250801086426,-0.451659232378006,-0.492649495601654,-0.896939218044281,-0.8227745294570923,0.582962155342102,0.6317934393882751,-1.268796443939209,-0.4144524931907654
final_train_00252,final_train,C4,86,early,0,early,0.2961394184155934,0.3066122531890869,0.9546871781349182,0.0312064718455076,0.0141063202172517,0.0453128218650817,0.1934951240619717,0,-0.5243326425552368,-1.1074975728988647,0.7342678904533386,1.326380729675293,1.288949728012085,1.229135513305664,1.3674468994140625,0.6777268648147583,-1.061975598335266,-0.3158065676689148,-0.4998095035552978,-0.7551576495170593,-0.5159807801246643,-1.0902663469314575,1.283511757850647,-0.0114012844860553,-0.6282088756561279,-1.645560383796692,-0.1989665627479553,-1.3980650901794434,1.2202703952789309,-0.4298482835292816,-1.1947685480117798,0.9827829599380492,-0.130626305937767,-0.7079193592071533,-0.865286111831665,1.1471672058105469,1.574439287185669,-0.4262172281742096,-0.8314347863197327,-1.4660638570785522,-0.5523523092269897,-1.0962440967559814,-0.7889212369918823,-1.2409725189208984,-0.3460139334201813,-0.7285945415496826,-0.4927248656749725,-0.9354987740516664,-0.7604499459266663,0.5985335111618042,0.6336238980293274,-1.4528493881225586,-0.821858823299408
final_train_00253,final_train,C4,87,early,0,early,0.2984369964638981,0.3064615428447723,0.954374134540558,0.0316634699702262,0.0139623098075389,0.0456258654594421,0.1943618937265329,0,-0.5067462921142578,-1.1349289417266846,0.702275812625885,1.2972204685211182,1.2545613050460815,1.313313603401184,1.343958020210266,0.578988254070282,-1.0209475755691528,-0.4976617395877838,-0.5607750415802002,-0.7521514892578125,-0.8095992207527161,-1.0871260166168213,1.3893059492111206,0.0281497035175561,-0.7513250112533569,-1.596575140953064,-0.2190108150243759,-1.2906473875045776,1.162700891494751,-0.6708593964576721,-1.1970059871673584,0.9795971512794496,-0.1316312402486801,-0.7747932076454163,-0.9683212637901306,1.1152313947677612,1.556557059288025,-0.3945600092411041,-0.7857133746147156,-1.4415634870529177,-0.5017337203025818,-1.0939078330993652,-0.7962852120399475,-1.23940908908844,-0.4055408239364624,-0.5971547365188599,-0.268039733171463,-0.9436028003692628,-0.8197574019432068,0.3864255249500274,0.5914698839187622,-1.4035569429397583,-0.5942448973655701
final_train_00254,final_train,C4,88,early,0,early,0.3006877226638524,0.3063842058181762,0.9540003538131714,0.0321600399911403,0.0138396602123975,0.0459996461868286,0.1954254851018234,0,-0.5172716379165649,-1.181440353393555,0.7102839350700378,1.370213270187378,1.3243802785873413,1.3599971532821655,1.3651427030563354,0.6321313381195068,-1.1199026107788086,-0.54979407787323,-0.592132568359375,-0.7290031909942627,-0.8975067138671875,-1.084744215011597,1.4942519664764404,0.0635787844657898,-0.8519546985626221,-1.4738667011260986,-0.2042790800333023,-0.9716447591781616,1.221989631652832,-0.8559786081314087,-1.152945041656494,0.9701200127601624,-0.1263637989759445,-0.7278321981430054,-1.007461428642273,1.2629235982894895,1.1643062829971311,-0.3729257583618164,-0.8328002095222473,-1.2116059064865112,-0.4290853142738342,-1.1086349487304688,-1.1503981351852417,-1.136524677276611,-0.4180514812469482,-0.79618901014328,0.1824599206447601,-0.9627518653869628,-0.9440168142318726,0.2773461937904358,0.6076273918151855,-1.282442927360535,-0.8347043395042419
final_train_00255,final_train,C4,89,early,0,early,0.3028894157735082,0.3059724867343902,0.9533881545066832,0.0329775735735893,0.0136342467740178,0.0466118454933166,0.1971457456455551,0,-0.5227089524269104,-1.251254916191101,0.6862123608589172,1.4702202081680298,1.3243802785873413,1.399568796157837,1.4057143926620483,0.5368651151657104,-1.2601723670959473,-0.7259085774421692,-0.6325784921646118,-0.8048659563064575,-1.0816919803619385,-1.071539044380188,0.9396517872810364,0.0629025548696518,-0.9640240669250488,-1.1362450122833252,-0.2254461199045181,-1.2923165559768677,1.2795844078063965,-0.9620005488395692,-1.205473780632019,0.9983789920806884,-0.1252430230379104,-0.7721348404884338,-1.0792540311813354,1.4416258335113523,0.8229451775550842,-0.3430235087871551,-0.8334536552429199,-1.1684175729751587,-0.4550846517086029,-1.0623589754104614,-0.9680607914924622,-1.0423521995544434,-0.4493407905101776,-0.9855567812919616,-0.7340663075447083,-0.8796138167381287,-0.9480509161949158,0.0714807584881782,0.6018336415290833,-0.968200147151947,-1.1291496753692627
final_train_00256,final_train,C4,90,early,0,early,0.305039978005494,0.3064764738082886,0.952544927597046,0.033903282135725,0.0135517176240682,0.0474550724029541,0.1996491425640432,0,-0.5075061917304993,-1.183488845825195,0.7321349382400513,1.2001917362213137,1.2909458875656128,1.4111945629119873,1.3217254877090454,0.7339264750480652,-1.1645221710205078,-0.6690662503242493,-0.6072511076927185,-0.7450402975082397,-0.9757315516471864,-1.077122449874878,1.05071759223938,0.0702263936400413,-1.002590537071228,-1.051337957382202,-0.1664959788322448,-0.9687315821647644,1.2795844078063965,-0.9788728952407836,-1.221614956855774,0.8275267481803894,-0.1191806346178054,-0.7346544861793518,-1.0088344812393188,1.0248217582702637,0.8111132979393005,-0.3018226027488708,-0.7896357178688049,-1.1128495931625366,-0.4087322652339935,-1.0689022541046145,-1.059665560722351,-1.0020182132720947,-0.4557342827320099,-0.8048750162124634,-0.2733002007007599,-0.9043239951133728,-0.8940242528915405,0.1235546097159385,0.5845701694488525,-0.8884657621383667,-0.8561134934425354
final_train_00257,final_train,C4,91,early,0,early,0.3071373987768532,0.306715190410614,0.9507561326026917,0.0357096418738365,0.0135342879220843,0.0492438673973083,0.2050214759988524,0,-0.4972149133682251,-1.2083600759506226,0.6369436383247375,1.3743329048156738,1.3243802785873413,1.3330222368240356,1.3695029020309448,0.4970822036266327,-1.1465303897857666,-0.7084372043609619,-0.5882741212844849,-0.8186323642730713,-1.0051510334014893,-1.081839680671692,1.1617436408996582,0.2019827365875244,-0.8282234072685242,-1.3236165046691897,-0.2019455283880233,-1.185876488685608,1.2795844078063965,-0.9630647301673888,-1.1633367538452148,0.9654088616371156,-0.1307718455791473,-0.8350140452384949,-1.0473592281341553,1.3388720750808716,1.0250498056411743,-0.2034649699926376,-0.8347060680389404,-1.1396474838256836,-0.5046752691268921,-1.0312665700912476,-0.8011451363563538,-1.0840779542922974,-0.5116785764694214,-0.871766984462738,-0.274904727935791,-0.8792124390602112,-0.8635680079460144,0.1182176545262336,0.5674983859062195,-1.1480507850646973,-0.9677096009254456
final_train_00258,final_train,C4,92,early,0,early,0.3091797580872045,0.3065922260284424,0.9497124552726746,0.0367519184947013,0.0135356215760111,0.0502875447273254,0.2081260126196025,0,-0.4812327623367309,-1.2215036153793335,0.625646710395813,1.4252139329910278,1.291861891746521,1.3684138059616089,1.3473687171936035,0.4780081808567047,-1.1373777389526367,-0.630867600440979,-0.5285059809684753,-0.7331204414367676,-0.8994454145431519,-1.0772675275802612,1.4964258670806885,0.1694687604904174,-0.9847349524497986,-1.4729527235031128,-0.2203658074140548,-1.0762791633605957,1.1162676811218262,-0.9212222695350648,-1.018584132194519,0.9878655076026917,-0.134051889181137,-0.8489748239517212,-1.107923984527588,1.407843828201294,1.3267091512680054,-0.2191743701696396,-0.7488363981246948,-1.080301284790039,-0.4746145606040954,-1.092519998550415,-1.128023624420166,-1.176975131034851,-0.3930844664573669,-0.8948714137077332,0.1885624527931213,-0.9256944060325624,-0.9117606282234192,0.2232922911643982,0.520923912525177,-1.2888083457946775,-0.9808001518249512
final_train_00259,final_train,C4,93,early,0,early,0.3111652296491137,0.3064315915107727,0.9477537274360656,0.0386063531041145,0.01363992318511,0.0522462725639343,0.2139747411302814,0,-0.4703772068023681,-1.232999563217163,0.5836415886878967,1.3654693365097046,1.3243802785873413,1.3370486497879028,1.3357679843902588,0.4594497084617615,-1.1155598163604736,-0.6186443567276001,-0.462175965309143,-0.8132056593894958,-0.7285872101783752,-1.077308177947998,1.153665542602539,0.2041179835796356,-0.8992356657981873,-1.470832109451294,-0.2267173826694488,-1.5145561695098877,0.9573649168014526,-0.5735659003257751,-1.0920474529266355,0.9493950009346008,-0.124683566391468,-0.9655612111091614,-1.054468035697937,1.3416491746902466,1.476281762123108,-0.1567602455615997,-0.7932400107383728,-1.3298932313919067,-0.576106607913971,-1.0718940496444702,-1.1451927423477173,-1.146251559257507,-0.3954420685768127,-0.7206445932388306,-0.7531586289405823,-0.912196934223175,-0.8256478905677795,0.3222342133522033,0.469245970249176,-1.281628966331482,-0.7885256409645081
final_train_00260,final_train,C4,94,early,0,early,0.3130920836633057,0.3064801096916199,0.9465869665145874,0.0396741963922977,0.0137388128787279,0.0534130334854126,0.2174532539214008,0,-0.4381223022937774,-1.3538639545440674,0.5573073029518127,1.3559355735778809,1.1977752447128296,1.3298834562301636,1.2583470344543457,0.4413861036300659,-1.0593613386154177,-0.481105625629425,-0.3710084855556488,-0.7345848083496094,-0.6429834961891174,-1.0744739770889282,1.2658381462097168,0.0885620936751365,-0.9552241563796996,-1.4026267528533936,-0.3138444125652313,-1.2910507917404177,1.0676356554031372,-0.7574776411056519,-1.23411226272583,0.9184977412223816,-0.1446648091077804,-1.168803334236145,-1.0443317890167236,1.3429821729660034,1.04465651512146,-0.2700369358062744,-0.626048743724823,-1.4012815952301023,-0.7000970840454102,-1.0224695205688477,-0.9627963304519652,-1.0638588666915894,-0.3567601442337036,-0.8007564544677734,-0.5156147480010986,-0.8453182578086853,-1.0519806146621704,0.6417141556739807,0.471141368150711,-1.223438739776611,-0.9868596196174622
final_train_00261,final_train,C4,95,early,0,early,0.3149586893956467,0.308630883693695,0.9416990280151368,0.0441571101546287,0.0141438581049442,0.0583009719848632,0.2317186300084414,0,-0.4224303066730499,-1.5992112159729004,0.5071287155151367,1.3565857410430908,1.1057366132736206,1.3669570684432983,1.2088186740875244,0.4237978458404541,-1.229108452796936,-0.7053715586662292,-0.4051550924777984,-0.8323962092399597,-1.0285364389419556,-1.0714915990829468,1.1492862701416016,-0.0373241268098354,-0.9876055717468262,-1.0892431735992432,-0.4207406640052795,-0.9566375017166138,1.1227144002914429,-0.8765032291412354,-1.291698932647705,0.8961856961250305,-0.1470184624195099,-1.439151406288147,-0.9602762460708618,1.3442801237106323,0.6727489233016968,-0.3786241710186004,-0.5463141202926636,-1.2832574844360352,-0.8715752363204956,-1.0436450242996216,-0.8811261057853699,-0.9480605125427246,-0.4279700219631195,-0.9029337167739868,-0.040701538324356,-0.8512713313102722,-1.08315110206604,0.4957712590694427,0.4596704542636871,-0.9247257113456726,-1.2471623420715332
final_train_00262,final_train,C4,96,middle,1,early,0.3167635174237436,0.3091267347335815,0.9404953122138976,0.0453671626746654,0.0141374636441469,0.0595046877861022,0.2350489331080757,1,-0.4094188511371612,-1.5908583402633667,0.5023664236068726,1.278128743171692,1.170234441757202,1.3792434930801392,1.2236406803131104,0.4066664278507232,-1.1577123403549194,-0.7497222423553467,-0.3893648982048034,-0.8333398103713989,-1.0053679943084717,-1.052174687385559,1.1479655504226685,-0.0092074042186141,-0.856045126914978,-1.0299696922302246,-0.3964540660381317,-0.9575024247169496,1.2279735803604126,-0.8509951233863831,-1.183716893196106,0.9517706036567688,-0.1246182471513748,-1.4167627096176147,-1.0108232498168943,1.089327096939087,0.6998941898345947,-0.3277944028377533,-0.5096396803855896,-1.3306597471237185,-0.8418786525726318,-1.0552221536636353,-0.8706520795822144,-0.95598965883255,-0.387701541185379,-0.8536398410797119,-0.0438812971115112,-0.8882768154144287,-1.0321656465530396,0.4287404417991638,0.4529532492160797,-0.867942214012146,-1.1564449071884155
final_train_00263,final_train,C4,97,middle,1,early,0.3185051416357572,0.3153875768184662,0.912831485271454,0.0705284103751182,0.0166401304304599,0.0871685147285461,0.3080557223132235,1,-0.2745497226715088,-0.1309945732355117,-0.1369933485984802,-0.049362476915121,0.1678911298513412,-0.2660325169563293,0.7628853917121887,-0.2032387554645538,-1.6023298501968384,-1.1279011964797974,-0.2599367499351501,-0.4477469325065613,-1.5870182514190674,-1.2869393825531006,3.626380205154419,0.4530867040157318,-0.916139841079712,-1.5656050443649292,-0.4084271490573883,0.4733294248580932,-1.3188270330429075,-1.3103073835372925,-0.976569652557373,1.3551225662231443,-0.1758730858564376,-2.1796274185180664,-0.511237382888794,-0.3921341300010681,2.6410696506500244,0.9718356728553772,-0.1097331196069717,-0.8618332743644714,-1.7807399034500122,-2.316545963287353,1.328805446624756,-1.2876555919647217,-0.0565855093300342,-0.5739427208900452,4.06528377532959,-2.2647390365600586,0.5383395552635193,-0.4976109266281128,-1.273562788963318,-1.3746229410171509,-1.4197875261306765
final_train_00264,final_train,C4,98,middle,1,early,0.3201822409649101,0.3154994249343872,0.9104893803596495,0.0729907676577568,0.0165197718888521,0.0895106196403503,0.3133142840913862,1,-0.2942863702774048,-0.2317920625209808,-0.1164065897464752,0.5018098950386047,0.6633092164993286,-0.2570833563804626,0.9386432766914368,-0.1794601678848266,-1.2737884521484375,-0.8093922734260559,-0.1427957415580749,-0.3239413201808929,-0.8802777528762817,-1.2638567686080933,0.5560203194618225,0.595139741897583,-0.6387374997138977,-1.5514178276062012,-0.2467101961374282,-2.6173057556152344,-1.2859357595443726,-0.7981563806533813,-1.174191951751709,1.327707290649414,-0.1140279322862625,-2.045271396636963,-0.6565894484519958,0.1305394917726516,2.578723907470703,1.0381665229797363,-0.1594162881374359,-0.9848000407218932,-1.7480860948562622,-2.1635141372680664,0.9395314455032348,-1.3132792711257937,0.0446641631424427,-0.4491751492023468,-2.4198548793792725,-2.140624761581421,0.5903443694114685,-0.0711218789219856,-1.2716540098190308,-1.359178900718689,-1.2548527717590332
final_train_00265,final_train,C4,99,middle,1,early,0.3217936009092444,0.3175103664398193,0.8104721307754517,0.1672302484512329,0.022297540679574,0.1895278692245483,0.5044426375936444,1,-0.3192883729934692,-0.2241331934928894,-0.0929983258247375,0.5212137699127197,0.8496110439300537,-0.2311961650848388,1.0209819078445437,-0.1241436824202537,-1.4466019868850708,-0.9062840938568116,-0.2526995241641998,-0.3652041554450989,-1.170516014099121,-1.256457805633545,0.8874059915542603,0.4681787490844726,-0.8695455193519592,-1.6562812328338623,-0.270547866821289,-2.3717825412750244,-1.2538667917251587,-1.0852906703948977,-1.3515416383743286,1.359346866607666,-0.1491445302963256,-1.9892915487289429,-0.7709832787513733,0.146928071975708,2.4252254962921143,0.7811729311943054,-0.2473093867301941,-1.0407384634017944,-1.7226274013519287,-2.098718643188477,1.0947303771972656,-1.2758681774139404,-0.0323311202228069,-0.4414026141166687,-1.9401215314865112,-2.0650477409362797,0.4400702714920044,-0.2177159935235977,-1.2327498197555542,-1.4614405632019043,-1.2245564460754397
final_train_00266,final_train,C4,100,middle,1,early,0.3233381147705563,0.3184706270694732,0.7666112780570984,0.2092368155717849,0.0241519380360841,0.2333887219429016,0.5652406483763539,1,-0.3188478946685791,-0.1645086854696273,-0.0483565293252468,0.6945051550865173,0.9726994037628174,-0.1618857532739639,1.070988655090332,-0.0384573526680469,-1.3265777826309204,-1.0107836723327637,-0.3196030855178833,-0.4414384961128235,-1.2245157957077026,-1.251490831375122,1.438565015792847,0.4046755731105804,-0.9922395944595336,-1.4789220094680786,-0.2386893332004547,-1.5997636318206787,-1.1735273599624634,-1.0932172536849976,-1.2255982160568235,1.345613718032837,-0.1233246549963951,-1.8784868717193604,-0.7995499968528748,0.2238031327724456,2.0244643688201904,0.6606405377388,-0.2940673232078552,-0.8114894032478333,-1.598461031913757,-2.067635536193848,1.0376495122909546,-1.1743013858795166,-0.1438793987035751,-0.6036332249641418,-0.543346643447876,-1.984076142311096,0.1837525367736816,-0.4061824679374695,-1.192233681678772,-1.2977638244628906,-1.3367352485656738
final_train_00267,final_train,C4,101,middle,1,middle,0.3248147847281377,0.3247515559196472,0.4306216537952423,0.5401645302772522,0.029213884845376,0.4598354697227478,0.7270107602876628,0,-0.316508948802948,-0.3921279609203338,-0.0651738569140434,0.65630704164505,1.0638362169265747,-0.0562352016568183,1.1417070627212524,-0.1116042211651802,-1.2873071432113647,-0.8537799119949341,-0.2121564745903015,-0.433450311422348,-0.9079253673553468,-1.2234667539596558,1.2138367891311646,0.4070366024971008,-0.7834889888763428,-1.2264466285705566,-0.2286473959684372,-1.5956904888153076,-1.0466835498809814,-0.7905922532081604,-1.1956321001052856,1.3543883562088013,-0.1187842264771461,-1.8763604164123533,-0.7641496658325195,0.20858034491539,1.703160285949707,0.5685485005378723,-0.3396848440170288,-0.9020043015480042,-1.6111702919006348,-1.9658445119857788,0.6029566526412964,-1.0797957181930542,-0.0189148932695388,-0.5197270512580872,-0.7758681178092957,-1.8999830484390257,0.0559218935668468,-0.1425434201955795,-1.1254947185516355,-1.0539871454238892,-1.2409766912460327
final_train_00268,final_train,C4,102,middle,1,middle,0.3262227226151759,0.3259872198104858,0.3130846321582794,0.6589034199714661,0.0280119515955448,0.3410965800285339,0.672308023962564,0,-0.3239812850952148,-0.4066378176212311,-0.0545358881354332,0.5603604912757874,0.8953719735145569,-0.0055580171756446,1.0261869430541992,-0.0591046623885631,-1.3263853788375854,-1.0479611158370972,-0.3061834275722503,-0.4991590678691864,-1.1541197299957275,-1.2335766553878784,1.5449522733688354,0.3843995928764343,-0.9988828897476196,-1.1345536708831787,-0.2033973038196563,-1.2626957893371582,-0.922896146774292,-1.1303908824920654,-1.2755820751190186,1.244570255279541,-0.120134636759758,-1.9204353094100952,-0.9374833106994628,0.1640124469995498,1.6926323175430298,0.5019341111183167,-0.4222291707992553,-1.017019748687744,-1.6106990575790403,-1.947226881980896,0.4871718883514404,-1.043021559715271,-0.1763141453266143,-0.7031369805335999,-0.071680724620819,-1.857937812805176,0.1085708886384964,-0.3748363554477691,-1.0819621086120603,-0.9718889594078064,-1.464611530303955
final_train_00269,final_train,C4,103,middle,1,middle,0.3275611505217001,0.3362471163272857,0.1271185278892517,0.8501038551330566,0.0227775778621435,0.1498961448669433,0.4427381971172803,0,-0.3419606387615204,-0.4398318231105804,-0.0319689698517322,0.8093554973602295,1.183079957962036,0.068432405591011,1.167748212814331,0.0227471683174371,-1.409074306488037,-1.075517654418945,-0.3333827257156372,-0.51298987865448,-1.1711313724517822,-1.2441413402557373,1.3174118995666504,0.3508130311965942,-0.97092467546463,-1.323353886604309,-0.1985367685556411,-1.4824891090393066,-0.8020561337471008,-1.1098991632461548,-1.1987254619598389,1.322521686553955,-0.1233401000499725,-1.801647424697876,-0.8759203553199768,0.3553714752197265,1.7720664739608765,0.4201889038085937,-0.502808153629303,-0.9588597416877748,-1.5050228834152222,-1.917935013771057,0.4433209300041199,-1.0900919437408447,-0.1792487800121307,-0.7244460582733154,-0.5454437732696533,-1.8257633447647093,-0.0076099745929241,-0.4459043145179748,-1.0244176387786863,-1.1513160467147827,-1.421391248703003
final_train_00270,final_train,C4,104,middle,1,middle,0.3288294012158199,0.341265857219696,0.0863454118371009,0.8933433294296265,0.0203112345188856,0.1066566705703735,0.3562620807674603,0,-0.3308117687702179,-0.4066568613052368,-0.0400038063526153,0.9565905332565308,1.3243802785873413,0.1482600420713424,1.2369978427886963,-0.0485380962491035,-1.2648380994796753,-0.9633349776268004,-0.2879893481731415,-0.4627436995506286,-0.9770981073379515,-1.2266560792922974,1.5384619235992432,0.3866960406303406,-0.935915231704712,-1.48244309425354,-0.1567965149879455,-1.368842840194702,-0.6840593814849854,-0.8738054633140564,-1.230777144432068,1.347885012626648,-0.1111746057868003,-1.7135446071624756,-1.0749027729034424,0.5422279834747314,1.8508917093276975,0.4059825241565704,-0.4700972437858581,-0.9259167909622192,-1.4107952117919922,-1.817061424255371,0.3010320961475372,-1.2011141777038574,-0.1777038723230362,-0.6717685461044312,-0.3081520795822143,-1.7311092615127563,0.0318900682032108,-0.3047510385513305,-0.973722279071808,-1.292231559753418,-1.2919517755508425
final_train_00271,final_train,C4,105,middle,1,middle,0.3300269183254349,0.3512943387031555,0.0488975346088409,0.9335108399391174,0.0175916366279125,0.0664891600608825,0.2574869065308913,0,-0.3260442316532135,-0.3800244331359863,-0.0470643974840641,0.7286554574966431,1.0207488536834717,0.1382797360420227,1.0988309383392334,-0.0882749855518341,-1.2111730575561523,-0.9399334788322448,-0.2913190722465515,-0.4305951595306396,-0.966439127922058,-1.225069880485535,1.6452014446258545,0.4075116813182831,-0.933003544807434,-1.4132963418960571,-0.1256696581840515,-1.4786012172698977,-0.5688067674636841,-0.9634681940078736,-1.1409350633621216,1.3569583892822266,-0.1158137768507003,-1.709157109260559,-0.7358182072639465,0.2659313082695007,1.9305506944656368,0.3792045414447784,-0.5482457280158997,-0.778173565864563,-1.3989026546478271,-1.8171581029891968,0.1140683442354202,-1.2102292776107788,-0.1843795031309127,-0.7010646462440491,-0.0709491223096847,-1.700023889541626,0.065386563539505,-0.2790617942810058,-0.9397539496421814,-1.232807993888855,-1.3177220821380615
final_train_00272,final_train,C4,106,middle,1,middle,0.3311532563464947,0.3590908646583557,0.0395484417676925,0.9437951445579528,0.0166564472019672,0.0562048554420471,0.2280630441394107,0,-0.3230646848678589,-0.4750985503196716,-0.035298217087984,0.7337383031845093,1.1333812475204468,0.2193752378225326,1.1332906484603882,-0.0384573526680469,-1.169063925743103,-0.9810951352119446,-0.3001387417316437,-0.4301121532917022,-0.972948670387268,-1.223191738128662,1.5267643928527832,0.3815347552299499,-0.9259735941886902,-1.4259881973266602,-0.0972862318158149,-1.3638815879821775,-0.5018822550773621,-0.8939176201820374,-1.178510665893555,1.265891671180725,-0.1139554306864738,-1.7279654741287231,-1.0077862739562988,0.2794450223445892,1.7641124725341797,0.3549644947052002,-0.6608753800392151,-0.8239932656288147,-1.408524513244629,-1.782210111618042,0.1515173465013504,-1.1305383443832395,-0.1925823390483856,-0.6215656399726868,-0.0735601633787155,-1.6709660291671753,0.1090078651905059,-0.2866080403327942,-0.9010019302368164,-1.2460639476776123,-1.230030179023743
final_train_00273,final_train,C4,107,middle,1,middle,0.3322080804860668,0.3667159378528595,0.0342298746109008,0.9496234655380248,0.0161466840654611,0.0503765344619751,0.2104670801166855,0,-0.3281260430812835,-0.4227238893508911,-0.0199022386223077,1.113271951675415,1.3243802785873413,0.2772007286548614,1.302224040031433,0.0978618040680885,-1.201999545097351,-1.008947491645813,-0.3313694298267364,-0.4775847792625427,-1.0508793592453003,-1.2087732553482056,1.183297038078308,0.3747222423553467,-0.8860675096511841,-1.2821568250656128,-0.0940254032611846,-1.4748798608779907,-0.4816383123397827,-0.8476177453994751,-1.135130524635315,1.4102100133895874,-0.1223808899521827,-1.535425901412964,-0.98903626203537,0.909174382686615,1.4408280849456787,0.298229306936264,-0.6633488535881042,-0.7723559141159058,-1.2556854486465454,-1.7338452339172363,0.1831942945718765,-1.0156339406967163,-0.2279079407453537,-0.7222890853881836,-0.55830317735672,-1.628182888031006,-0.0041160332038998,-0.4036144018173218,-0.844463050365448,-1.1022742986679075,-1.2530930042266846
final_train_00274,final_train,C4,108,middle,1,middle,0.3331911662989167,0.3731598258018493,0.0315449871122837,0.9524673819541932,0.0159876439720392,0.0475326180458068,0.2016532625772906,0,-0.3190886378288269,-0.3706540465354919,-0.0345222614705562,1.1956058740615845,1.3243802785873413,0.3372874855995178,1.3087595701217651,-0.0577127076685428,-1.114222526550293,-0.8965647220611572,-0.3021086454391479,-0.5328035354614258,-0.9462985396385192,-1.190830111503601,1.409289002418518,0.3746984899044037,-0.8609867095947266,-1.0726453065872192,-0.0832793414592742,-1.13223397731781,-0.4618492722511291,-0.902340292930603,-1.1755363941192627,1.3712258338928225,-0.1166091933846473,-1.4828590154647827,-1.0758850574493408,0.998283624649048,1.278485894203186,0.2657642364501953,-0.630304217338562,-0.8130226135253906,-1.121064066886902,-1.7054706811904907,0.0061285840347409,-0.9462119340896606,-0.3211322128772735,-0.7185284495353699,-0.0729929059743881,-1.568284511566162,-0.0463453792035579,-0.2940154075622558,-0.8108982443809509,-0.915436863899231,-1.1545237302780151
final_train_00275,final_train,C4,109,middle,1,middle,0.3341023991919338,0.3722588121891022,0.0320619046688079,0.9519096612930298,0.016028394922614,0.0480903387069702,0.203404244723586,0,-0.3203083276748657,-0.3883365392684936,-0.0328886955976486,0.9774879813194276,1.2716281414031982,0.3199061751365661,1.1920843124389648,-0.0670194625854492,-1.14959454536438,-1.1915135383605957,-0.3939896821975708,-0.591877281665802,-1.2461072206497192,-1.2033419609069824,1.2920092344284058,0.3387181758880615,-0.9682538509368896,-1.164126753807068,-0.0905079320073127,-1.474060297012329,-0.3983440101146698,-1.0714168548583984,-1.3334306478500366,1.28285014629364,-0.1211780905723571,-1.5722841024398804,-1.172243595123291,0.6469965577125549,1.411887526512146,0.2090235948562622,-0.8434731960296631,-1.030190110206604,-1.2269117832183838,-1.7364742755889893,0.0273653045296669,-1.014612317085266,-0.392330527305603,-1.0749056339263916,-0.5631523132324219,-1.5883783102035522,-0.101081445813179,-0.6301385760307312,-0.7677541971206665,-0.999824285507202,-1.6861027479171753
final_train_00276,final_train,C4,110,middle,1,middle,0.3349417737385883,0.3734268546104431,0.0315427631139755,0.9524235725402832,0.0160336829721927,0.0475764274597168,0.2018175858510475,0,-0.3263040781021118,-0.2954586148262024,-0.0179473161697387,0.8740584850311279,1.1156905889511108,0.3453008830547333,1.1158186197280884,0.0933677703142166,-1.121799349784851,-1.170584201812744,-0.3885650038719177,-0.4955922663211822,-1.149196743965149,-1.2030566930770874,1.518864393234253,0.3592208325862884,-0.9387946724891664,-1.3996515274047852,-0.0384121686220169,-1.2425533533096311,-0.3799052238464355,-1.084032416343689,-1.2347453832626345,1.235019564628601,-0.1030539274215698,-1.5560680627822876,-1.175450086593628,0.4118296205997467,1.6045856475830078,0.2447941601276397,-0.843858540058136,-0.8910871148109436,-1.1784956455230713,-1.6819508075714111,-0.048330895602703,-1.077502727508545,-0.3120639324188232,-1.0670607089996338,0.172488659620285,-1.5637589693069458,0.1198993995785713,-0.6048945784568787,-0.7297261953353882,-1.249919891357422,-1.6431896686553955
final_train_00277,final_train,C4,111,middle,1,middle,0.3357093928529754,0.3708719909191131,0.0325602516531944,0.9514297842979432,0.0160099733620882,0.0485702157020568,0.2048702280561646,0,-0.304453581571579,-0.354284256696701,-0.0242341868579387,1.1320981979370115,1.3243802785873413,0.453522115945816,1.3036198616027832,-0.0291436202824115,-0.8901650309562683,-0.9538127183914183,-0.3342773616313934,-0.4487769603729248,-0.9591596126556396,-1.1788686513900757,1.28474223613739,0.3893890380859375,-0.7305419445037842,-1.3358042240142822,-0.0145879816263914,-1.5868566036224363,-0.3618673086166382,-0.9174500107765198,-1.1060136556625366,1.3034952878952026,-0.1111126393079757,-1.3771071434020996,-1.0309453010559082,0.932324469089508,1.7161422967910769,0.2478554993867874,-0.8099294304847717,-0.7163143754005432,-0.9981869459152222,-1.6427042484283447,0.0858200043439865,-1.1177209615707395,-0.226435512304306,-0.9010871648788452,-0.8169962167739868,-1.5437488555908203,0.1706798672676086,-0.3855657875537872,-0.6838248372077942,-1.2923991680145264,-1.3132684230804443
final_train_00278,final_train,C4,112,middle,1,middle,0.3364054668234472,0.3723584115505218,0.031946949660778,0.9520029425621032,0.0160501636564731,0.0479970574378967,0.2031300696797791,0,-0.316580981016159,-0.3140040934085846,-0.0170468725264072,1.0206363201141355,1.2478046417236328,0.4875288903713226,1.2202613353729248,0.0721056535840034,-0.8963133096694946,-1.136625051498413,-0.4087094366550445,-0.5813978314399719,-1.1144431829452517,-1.1813517808914185,1.5135892629623413,0.4272865056991577,-0.7367096543312073,-1.2943685054779053,0.0358069129288196,-1.468062400817871,-0.3442172706127167,-1.012785792350769,-1.157168745994568,1.303046703338623,-0.099247358739376,-1.2976791858673096,-1.197553277015686,0.7786981463432312,1.6478341817855835,0.2717194259166717,-0.8446044325828552,-0.6942604780197144,-0.9370572566986084,-1.6337016820907593,-0.1406250745058059,-1.1172162294387815,-0.3601068258285522,-1.1847950220108032,-0.3197100162506103,-1.5114991664886477,0.0813469514250755,-0.6473862528800964,-0.6348162889480591,-1.3662950992584229,-1.6574276685714722
final_train_00279,final_train,C4,113,middle,1,middle,0.3370303121975719,0.3729558289051056,0.0314814522862434,0.9525062441825868,0.0160123370587825,0.0474937558174133,0.2015479546204233,0,-0.3062441051006317,-0.3983199596405029,-0.1336369663476944,1.2997324466705322,1.3243802785873413,0.4959237277507782,1.3277770280838013,-0.3210399150848388,-0.7501082420349121,-1.0060526132583618,-0.3253386318683624,-0.5245633721351624,-0.8424338698387146,-1.1653779745101929,1.3936878442764282,0.5230507254600525,-0.5592060685157776,-1.259744644165039,0.0204524975270032,-1.2334308624267578,-0.3269428014755249,-0.7755573987960815,-0.9566845893859864,1.5227042436599731,-0.1244733929634094,-1.3059203624725342,-1.0759247541427612,1.2579808235168457,1.3578040599822998,0.2759500741958618,-0.8113892674446106,-0.6004126071929932,-0.9713679552078248,-1.5701943635940552,-0.2414490580558776,-1.0125746726989746,-0.2920949757099151,-0.9859411716461182,-0.0716491714119911,-1.4625391960144043,0.2052668184041977,-0.4469107389450073,-0.610234260559082,-1.1326801776885986,-1.3439526557922363
final_train_00280,final_train,C4,114,middle,1,middle,0.3375843505184215,0.3741416931152344,0.0309344865381717,0.9530224204063416,0.0160431358963251,0.0469775795936584,0.1999604141124911,0,-0.2857901453971863,-0.2059683352708816,-0.0199078116565942,1.1669416427612305,1.2993924617767334,0.5322614908218384,1.2649421691894531,-0.0835554227232933,-0.5355134010314941,-0.8872846364974976,-0.3019014298915863,-0.4991671442985534,-0.6731733679771423,-1.1496247053146362,1.5069643259048462,0.4633912444114685,-0.4862811863422394,-1.0891231298446655,0.0958616137504577,-0.7651922106742859,-0.3100319802761078,-0.6474926471710205,-0.7971184849739075,1.247575759887695,-0.0877972394227981,-1.1472800970077517,-1.0522053241729736,1.0262842178344729,1.2198728322982788,0.2990127801895141,-0.7456506490707397,-0.1764793694019317,-0.7741290330886841,-1.4953107833862305,-0.1634409129619598,-0.9506677389144896,-0.1873678117990493,-0.8914865851402283,0.4256057441234588,-1.4373998641967771,0.2726318538188934,-0.3845897614955902,-0.5741832852363586,-0.9193840026855468,-1.1415812969207764
final_train_00281,final_train,C4,115,middle,1,middle,0.3380681069617451,0.3751884698867798,0.030608233064413,0.9534285664558412,0.015963140875101,0.0465714335441589,0.198643332216091,0,-0.2902708053588867,-0.3007060885429382,-0.0302541926503181,1.0362591743469238,1.200742483139038,0.6081372499465942,1.193209886550903,-0.1991192251443863,-0.6064786314964294,-1.1332043409347534,-0.381058782339096,-0.5976197719573975,-0.9799321293830872,-1.141575813293457,0.9182523488998412,0.4404977858066559,-0.4831700623035431,-1.0833460092544556,0.0931105762720108,-1.4713754653930664,-0.293473482131958,-1.0221613645553589,-0.9172177910804749,1.1906321048736572,-0.1103192493319511,-1.227083444595337,-1.0822365283966064,0.8251031041145325,1.32013201713562,0.2735829949378967,-0.7799116373062134,-0.4676271378993988,-0.8145906925201416,-1.568233609199524,-0.1257559657096862,-0.9381616115570068,-0.3825010955333709,-1.1130069494247437,-1.0874240398406982,-1.4413996934890747,0.300459623336792,-0.6581599116325378,-0.5411831736564636,-0.9129012227058412,-1.4799659252166748
final_train_00282,final_train,C4,116,middle,1,middle,0.3384822088409884,0.377864122390747,0.0296702608466148,0.954381227493286,0.0159485787153244,0.0456187725067138,0.1956393834119469,0,-0.30302295088768,-0.1440809220075607,-0.0050359349697828,1.0373870134353638,1.1285991668701172,0.6452366709709167,1.094657301902771,0.138215497136116,-0.6149438619613647,-1.2103824615478516,-0.4300512075424194,-0.662276029586792,-1.0626598596572876,-1.1432257890701294,1.2716017961502075,0.473231554031372,-0.4823238849639892,-1.037996768951416,0.1595898419618606,-1.1154241561889648,-0.2772563993930816,-0.9819430708885192,-0.9117770195007324,1.2088180780410769,-0.0842169001698494,-1.0981553792953491,-1.0670006275177002,0.8314589858055115,1.4943151473999023,0.3392882645130157,-0.8460038900375366,-0.2295140624046325,-0.6681674122810364,-1.5713964700698853,-0.0164460837841033,-1.056627869606018,-0.4772803783416748,-1.136498212814331,-0.0740567743778228,-1.4289565086364746,0.4248853027820587,-0.7971545457839966,-0.4946694076061249,-1.157071232795715,-1.4210729598999023
final_train_00283,final_train,C4,117,middle,1,middle,0.3388273839884205,0.3777197599411011,0.0295089222490787,0.9546331763267516,0.0158578585833311,0.0453668236732482,0.1947911823451383,0,-0.2941403090953827,-0.1935271918773651,-0.0371548011898994,1.2714557647705078,1.3001574277877808,0.6945381760597229,1.24601411819458,-0.213327407836914,-0.5201258659362793,-1.0979870557785034,-0.3495011925697326,-0.6566211581230164,-0.750379204750061,-1.1514339447021484,1.2697734832763672,0.4727865755558014,-0.6182174682617188,-0.960823655128479,0.1543231457471847,-1.3524169921875,-0.3019216954708099,-0.7478361129760742,-1.0118879079818726,1.2247482538223269,-0.1166440472006797,-1.0893404483795166,-1.083621859550476,1.2151480913162231,1.6536563634872437,0.3139612674713135,-0.8141301870346069,-0.3709608018398285,-0.6219702363014221,-1.514721155166626,-0.1227967217564582,-1.087733507156372,-0.3748118281364441,-1.1251131296157837,-0.3301240503787994,-1.4228852987289429,0.4158841669559479,-0.6690301895141602,-0.5076272487640381,-1.3074034452438354,-1.370527267456055
final_train_00284,final_train,C4,118,middle,1,middle,0.339104459037146,0.3791122734546661,0.0291078854352235,0.955003559589386,0.0158885698765516,0.044996440410614,0.1936340155455269,0,-0.2688938975334167,-0.2268295735120773,-0.0044093560427427,1.2503972053527832,1.300402045249939,0.7573913335800171,1.2346779108047483,0.065404862165451,-0.2514816522598266,-0.9801656603813172,-0.3301763832569122,-0.6655046343803406,-0.6786184310913086,-1.1307289600372314,1.3865046501159668,0.4481544494628906,-0.2811756730079651,-0.9135969281196594,0.1867597550153732,-1.2318826913833618,-0.2458050549030304,-0.6987499594688416,-1.0551443099975586,1.1264067888259888,-0.1003342643380165,-1.059332251548767,-1.1167404651641846,1.117795705795288,1.6436578035354614,0.3313745260238647,-0.7829003930091858,-0.3408817052841186,-0.5611904263496399,-1.5012964010238647,-0.058663722127676,-1.0445140600204468,-0.3984888195991516,-0.956326186656952,-0.0759126245975494,-1.3965030908584597,0.4730855524539947,-0.5166816115379333,-0.4913809597492218,-1.3706560134887695,-1.0825941562652588
final_train_00285,final_train,C4,119,middle,1,middle,0.3393143575874823,0.3794069290161133,0.0288733150810003,0.9552769660949708,0.0158496871590614,0.0447230339050293,0.1927428042351291,0,-0.2737666368484497,-0.1653129905462265,-0.0210812557488679,1.319549798965454,1.3243802785873413,0.8107900023460388,1.2967430353164673,-0.175555482506752,-0.1951157301664352,-0.7920886874198914,-0.3080833256244659,-0.676241397857666,-0.4920743107795715,-1.1208897829055786,1.1456352472305298,0.4928569197654724,-0.2286858409643173,-0.8333376049995422,0.2163161635398864,-1.231152892112732,-0.1510703414678573,-0.6244276762008667,-0.8297905921936035,1.184443473815918,-0.091937631368637,-0.924669861793518,-0.8805806040763855,1.3923040628433228,1.4660056829452517,0.3574286997318268,-0.7838568091392517,0.01360625308007,-0.4617869853973388,-1.4980416297912598,0.0913651585578918,-0.9587643146514891,-0.3910770714282989,-0.8848499655723572,-0.3344928622245788,-1.3672659397125244,0.5707572102546692,-0.3265087008476257,-0.4575949907302856,-1.1253665685653689,-0.8966347575187683
final_train_00286,final_train,C4,120,middle,1,middle,0.3394653074148558,0.3816584944725036,0.0282573979347944,0.9558345079421996,0.0159081425517797,0.0441654920578002,0.1909928529240633,0,-0.275009423494339,-0.1448977887630462,-0.0051110927015542,1.2954710721969604,1.277373433113098,0.8321040272712708,1.220236897468567,0.0209292117506265,-0.2110135853290558,-0.9056634902954102,-0.32420215010643,-0.7531780004501343,-0.5372075438499451,-1.101780652999878,1.0247708559036257,0.4858821034431457,-0.124043770134449,-0.7772760987281799,0.2307842671871185,-0.9896637201309204,-0.1369054466485977,-0.5491540431976318,-0.8128386735916138,1.1667780876159668,-0.106503240764141,-0.8902196288108826,-0.9474911093711852,1.343958854675293,1.299115538597107,0.3377787172794342,-0.8472925424575806,-0.0728107318282127,-0.408972829580307,-1.4620541334152222,-0.0837868973612785,-0.8997052907943726,-0.4364399015903473,-0.873862087726593,-0.3353277742862701,-1.3449698686599731,0.459351122379303,-0.471374362707138,-0.44180428981781,-0.8883990049362183,-0.8439474105834961
final_train_00287,final_train,C4,121,middle,1,middle,0.3395671834736065,0.3808387517929077,0.0285789631307125,0.955485463142395,0.0159356407821178,0.0445145368576049,0.1921243030974227,0,-0.2675307095050812,-0.1777364313602447,0.0028075461741536,1.2953921556472778,1.2778342962265017,0.8905689716339111,1.2296288013458252,0.1379556804895401,-0.17256660759449,-0.7344020009040833,-0.2402864694595337,-0.7665072679519653,-0.2510709464550018,-1.0988563299179075,1.0244241952896118,0.4412814974784851,-0.1776697784662246,-0.7494224905967712,0.2204833775758743,-0.990149736404419,-0.1230182871222496,-0.4149959087371826,-0.9006799459457397,1.1408189535140991,-0.1109733432531356,-0.9289605021476746,-0.9205647706985474,1.3449163436889648,1.2705999612808228,0.309876024723053,-0.8166561126708984,-0.284334272146225,-0.3862492442131042,-1.4398878812789917,-0.0295962765812873,-0.8687002062797546,-0.4058015942573547,-0.8508514165878296,-0.3361503779888153,-1.313023328781128,0.4112409949302673,-0.2619810700416565,-0.4286925494670868,-0.8482765555381775,-0.7861317992210388
final_train_00288,final_train,C4,122,middle,1,middle,0.33962974210256,0.3807018399238586,0.0286990143358707,0.9552897810935974,0.0160112418234348,0.0447102189064025,0.1927891375659713,0,-0.2655804753303528,-0.1900113970041275,0.0131380734965205,1.2780128717422483,1.1400039196014404,0.901121199131012,1.1661921739578247,0.2776669561862945,-0.0662321299314498,-0.9272224307060242,-0.345518410205841,-0.7952593564987183,-0.5583112239837646,-1.0991567373275757,1.2661408185958862,0.4572164118289947,-0.2022599428892135,-0.6740714907646179,0.2602672278881073,-0.9906286001205444,-0.1094007790088653,-0.6276348233222961,-0.7873522043228149,1.0754883289337158,-0.0862924084067344,-0.8895253539085388,-0.9671051502227784,1.2979700565338137,1.5660673379898071,0.3480532169342041,-0.847899317741394,-0.1151886656880378,-0.3480410277843475,-1.4875450134277344,-0.1091473326086998,-0.9499273896217346,-0.5095482468605042,-0.9093361496925354,-0.0767263025045394,-1.3299938440322876,0.5779786109924316,-0.5122600197792053,-0.4147862493991852,-1.1147356033325195,-0.8468566536903381
final_train_00289,final_train,C4,123,middle,1,middle,0.3396626071324486,0.3797101378440857,0.0289920922368764,0.9549957513809204,0.0160121917724609,0.0450042486190795,0.1937263295530538,0,-0.2688306272029876,-0.1243277937173843,-0.0105231925845146,1.347285270690918,1.255903959274292,0.932536780834198,1.2059133052825928,-0.1538043320178985,-0.1263498812913894,-0.7840753793716431,-0.3145964741706848,-0.777758777141571,-0.4342554807662964,-1.0914334058761597,1.0213412046432495,0.4363852739334106,-0.2688257396221161,-0.6006818413734436,0.2399987429380417,-1.113298416137695,-0.0960451513528823,-0.5757207274436951,-0.5862165093421936,1.0999903678894043,-0.1167938709259033,-0.8142549395561218,-0.901943564414978,1.4416258335113523,1.6967246532440186,0.2923666834831238,-0.8481939435005188,0.1325054764747619,-0.2840167582035064,-1.4442811012268066,-0.0148016661405563,-1.0457159280776978,-0.4539485871791839,-0.8556420803070068,-0.3403398096561432,-1.3036645650863647,0.5355077385902405,-0.3660157322883606,-0.4004659950733185,-1.1527990102767944,-0.7134307026863098
final_train_00290,final_train,C4,124,middle,1,middle,0.3396752563071992,0.3791705965995788,0.0292959418147802,0.9545583128929138,0.0161457061767578,0.0454416871070861,0.1951877690724497,0,-0.2489364743232727,-0.1359237134456634,-0.0115500930696725,1.3572922945022583,1.3017722368240356,0.9797821044921876,1.2141257524490356,-0.1853481978178024,0.1463740617036819,-0.528677225112915,-0.2401327341794967,-0.7520788908004761,-0.0844455510377883,-1.0981392860412598,1.2653274536132812,0.4550915062427521,-0.1114217787981033,-0.5079985857009888,0.2681956589221954,-0.9903801083564758,-0.0829439237713813,-0.336397260427475,-0.6418535709381104,1.1359134912490845,-0.0920159444212913,-0.7648496627807617,-0.8773883581161499,1.4416258335113523,1.6514374017715454,0.3233314752578735,-0.7883656024932861,0.2059119045734405,-0.2084731608629226,-1.4342854022979736,0.0780130624771118,-1.0383315086364746,-0.4242247641086578,-0.7513033151626587,0.1840882748365402,-1.2958747148513794,0.4999954104423523,-0.0884001031517982,-0.3918094933032989,-1.2574092149734497,-0.4870750606060028
final_train_00291,final_train,C4,125,middle,1,middle,0.3396770079447463,0.3782828450202942,0.0297333039343357,0.9540138840675354,0.0162527859210968,0.0459861159324646,0.1969688760219654,0,-0.2392347753047943,-0.0774583220481872,-0.0216227695345878,1.2804147005081177,1.2124063968658447,0.9774813652038574,1.17372727394104,-0.2405477464199066,0.1711865961551666,-0.6148208379745483,-0.2117595672607422,-0.7820504307746887,-0.0388611294329166,-1.065286636352539,1.018326759338379,0.4217226505279541,-0.1139150410890579,-0.4709128737449646,0.2511660754680633,-1.1142382621765137,-0.0325989238917827,-0.2848967015743255,-0.6320209503173828,1.0735200643539429,-0.110214926302433,-0.8085830807685852,-0.7016120553016663,1.3950958251953125,1.4690923690795898,0.2820494174957275,-0.6998910307884216,0.2361469566822052,-0.2162770926952362,-1.405861496925354,-0.0080639058724045,-0.9297563433647156,-0.4680712521076202,-0.8410980105400085,-0.3470183312892914,-1.2469813823699951,0.5845633149147034,-0.1743265092372894,-0.3671020567417145,-1.1234776973724363,-0.6363516449928284
final_train_00292,final_train,C4,126,middle,1,middle,0.3396770079447463,0.3781959116458893,0.0300572849810123,0.9536076188087464,0.0163350775837898,0.0463923811912536,0.1982948692176521,0,-0.2636100649833679,0.0500116571784019,0.0413473881781101,0.9959264397621156,0.9694126844406128,1.0688998699188232,1.050103783607483,0.4019863903522491,-0.1440436094999313,-0.6522398591041565,-0.217340737581253,-0.7781691551208496,-0.0598115883767604,-1.0919054746627808,0.7713444828987122,0.376959890127182,-0.3002835810184479,-0.4986208379268646,0.2709697782993316,-0.9901276230812072,-0.020335528999567,-0.2296036779880523,-0.5786109566688538,0.9450124502182008,-0.0956083759665489,-0.7405555844306946,-0.7343300580978394,0.7041032910346985,1.2878406047821045,0.2736475765705108,-0.8490447998046875,0.1524036526679992,-0.0635078623890876,-1.3752565383911133,-0.0637182146310806,-0.8718799352645874,-0.4113633334636688,-0.8906267881393433,-0.6129486560821533,-1.238614201545715,0.4822443425655365,-0.2518742382526397,-0.3637266159057617,-0.8377304077148438,-0.642686665058136
final_train_00293,final_train,C4,127,middle,1,middle,0.3396770079447463,0.3779542446136474,0.0303277131170034,0.953187882900238,0.0164843723177909,0.0468121170997619,0.1996967508753008,0,-0.2456494718790054,-0.0510881803929805,-0.0561801046133041,1.149979591369629,0.9507193565368652,1.0308440923690796,1.029902100563049,-0.3478802144527435,-0.0475154966115951,-0.8387957215309143,-0.2560971677303314,-0.754037082195282,-0.3344118297100067,-1.0708647966384888,0.896111786365509,0.3791600465774536,-0.2713685035705566,-0.4683285057544708,0.2166619300842285,-0.8660581111907959,-0.0082992333918809,-0.3521201610565185,-0.7309597730636597,1.1198333501815796,-0.1255708634853363,-0.8621181845664978,-0.800190806388855,0.9392739534378052,1.2682472467422483,0.2256778478622436,-0.8200942277908325,0.0184905044734478,-0.2193224132061004,-1.3802136182785034,0.0628548413515091,-0.8410079479217529,-0.4474796652793884,-0.9601627588272096,-0.0796070024371147,-1.2266982793807983,0.4373625814914703,-0.4187997281551361,-0.3442815244197845,-0.8166570067405701,-0.8069378733634949
final_train_00294,final_train,C4,128,middle,1,middle,0.3396770079447463,0.3748384416103363,0.0316459536552429,0.9517096877098083,0.0166443884372711,0.0482903122901916,0.2043972103220336,0,-0.2482486516237259,-0.0582910254597663,-0.0482540540397167,1.2611289024353027,0.9759258031845092,1.0568419694900513,1.047256350517273,-0.3293192088603973,-0.0259991399943828,-0.7710256576538086,-0.2333240807056427,-0.7712008953094482,-0.1786971241235733,-1.0735769271850586,1.1453557014465332,0.379000574350357,-0.338523268699646,-0.3704429864883423,0.2332731187343597,-0.8671317100524902,0.0399753078818321,-0.2255056947469711,-0.5038182139396667,1.0671606063842771,-0.0922848209738731,-0.7490599155426025,-0.5954855680465698,1.3511271476745603,1.3926441669464111,0.2164844274520874,-0.8206304311752319,0.298552542924881,-0.0971207246184349,-1.3724509477615356,0.129156619310379,-0.8752440214157104,-0.44130539894104,-0.8631784319877625,-0.081647977232933,-1.237697958946228,0.4256205558776855,-0.3997740745544433,-0.3049258589744568,-1.0679301023483276,-0.5663002729415894
final_train_00295,final_train,C4,129,middle,1,middle,0.3396770079447463,0.3865643441677093,0.0288357641547918,0.9540261626243592,0.0171380974352359,0.0459738373756408,0.1973829462573141,0,-0.1428480595350265,-0.2177032232284546,-0.4427046775817871,0.0090553564950823,-0.1646686941385269,-0.1668545007705688,0.4557459354400635,-0.7551066279411316,-0.821794867515564,-1.5875446796417236,-0.334026962518692,-0.8412268757820129,-1.5969218015670776,-1.043056607246399,1.6427249908447266,-0.2180466949939727,-1.070203185081482,-0.5533804297447205,-0.0687969326972961,1.0835751295089722,-0.4906702041625976,-1.3856889009475708,0.3214009404182434,1.6805323362350464,-0.2296908497810363,-2.124998092651367,-0.7488447427749634,-0.3518948853015899,1.2517207860946655,0.115055002272129,-0.0751551315188407,0.2116537094116211,-1.5219182968139648,-0.4228856563568115,-0.0700047984719276,0.0894535928964614,-0.4941957294940948,-0.9473520517349244,2.817625999450684,-0.1209428533911705,1.247243046760559,-1.2060335874557495,-0.5382312536239624,-0.3611726462841034,-1.674562692642212
final_train_00296,final_train,C4,130,middle,1,middle,0.3397501471008,0.3897342085838318,0.0284644365310668,0.954503893852234,0.0170316416770219,0.0454961061477661,0.195808236935265,0,-0.1675456166267395,-0.1593119353055954,-0.3866794407367706,-0.2489954829216003,-0.1940258294343948,-0.115329660475254,0.3928626477718353,-0.6174190640449524,-0.8062071800231934,-1.5949819087982178,-0.3868701756000519,-0.7557041645050049,-1.5160943269729614,-1.0383687019348145,-0.4718889594078064,-0.2186159491539001,-1.2549495697021484,-0.4630210995674133,0.0266854129731655,-1.0157519578933716,-0.6179306507110596,-1.2944071292877195,0.0900085195899009,1.5023424625396729,-0.0884553268551826,-1.9718430042266848,-0.8139324188232422,-0.5134733319282532,1.2164181470870972,0.1916388869285583,-0.3382978141307831,0.2960379123687744,-1.375443696975708,-0.4093335270881653,-0.1547924131155014,-0.3036229014396667,-0.4985180199146271,-0.961959958076477,-1.9734636545181277,-0.1222925707697868,1.074970006942749,-1.260306477546692,-0.6243588328361511,-0.2850928008556366,-1.6876745223999023
final_train_00297,final_train,C4,131,middle,1,middle,0.3400157251831445,0.3937278389930725,0.0270339846611022,0.9559290409088136,0.0170370191335678,0.0440709590911865,0.1912201249649275,0,-0.1520061790943145,-0.0668704807758331,-0.4109937250614166,0.0454250387847423,-0.0956884175539016,-0.1401270031929016,0.4725956916809082,-0.7117070555686951,-0.3973245918750763,-1.445732355117798,-0.3378990292549133,-0.6777011752128601,-1.2205820083618164,-0.9852591156959534,-0.5678218007087708,-0.160316526889801,-0.8169408440589905,-0.4405777752399444,0.0459703840315341,-0.8926329016685486,-0.5655060410499573,-1.101040005683899,0.5833037495613098,1.617938756942749,-0.0877917930483818,-1.7193015813827517,-0.5543984770774841,-0.2758303880691528,1.0846003293991089,0.2098148763179779,-0.2585813999176025,0.8020062446594238,-1.2503865957260132,-0.3785223960876465,0.2619694471359253,-0.5806607604026794,-0.4378412961959839,-0.7396726608276367,-1.962350368499756,-0.1332059502601623,1.2715294361114502,-1.1382659673690796,-0.5585336685180664,-0.2698123753070831,-1.2219172716140747
final_train_00298,final_train,C4,132,middle,1,middle,0.3404641408848621,0.3951669037342071,0.0270958747714757,0.9556791186332704,0.0172250177711248,0.0443208813667297,0.1921091525322732,0,-0.1334523409605026,0.1507641524076461,-0.39227095246315,-0.0344293192028999,-0.1881588846445083,-0.0963838696479797,0.4141547083854675,-0.6678348183631897,-0.0752422958612442,-1.256920337677002,-0.2780353128910064,-0.5999606251716614,-0.884949803352356,-0.9789918661117554,0.3019597232341766,-0.0846723318099975,-0.4668559432029724,-0.4840950071811676,0.1132527738809585,-0.1538213640451431,-0.3381667733192444,-0.6687224507331848,0.6074116826057434,1.5624216794967651,-0.0662050396203994,-1.5543265342712402,-0.1655013710260391,-0.3915745317935943,1.1299500465393066,0.2601766586303711,-0.0406227111816406,1.141247034072876,-1.0484474897384644,-0.8343108892440796,0.4509393870830536,-0.5338298082351685,-0.4096234440803528,-0.7178865671157837,-0.3577988445758819,-0.6148359775543213,1.1630637645721436,-0.9893157482147216,-0.5137313604354858,-0.3090758323669433,-1.0529899597167969
final_train_00299,final_train,C4,133,middle,1,middle,0.3410858678214882,0.3986356258392334,0.0257554464042186,0.9568299055099488,0.0174146760255098,0.0431700944900512,0.1884228721879217,0,-0.1220057681202888,0.1489608585834503,-0.3834932148456573,-0.1229627877473831,-0.2165374159812927,-0.0417480804026126,0.3858092427253723,-0.647281289100647,0.0471122786402702,-1.257498025894165,-0.2506559193134308,-0.5357930660247803,-0.7598022222518921,-0.9990402460098268,0.3064371943473816,-0.0536693893373012,-0.5461030006408691,-0.6168959140777588,0.117119163274765,-0.4075779020786285,-0.2542559802532196,-0.6235929131507874,0.4690614342689514,1.549694299697876,-0.0909800752997398,-1.4788528680801392,-0.1104358062148094,-0.4403909742832184,1.189571976661682,0.2343849092721939,-0.0202872529625892,1.0784549713134766,-0.9726223945617676,-0.8806771039962769,0.523751437664032,-0.3472349941730499,-0.3393893539905548,-0.6784653067588806,-0.6259843111038208,-0.6742132306098938,1.1133795976638794,-1.0110102891921997,-0.4687055349349975,-0.4188338220119476,-0.935964822769165
final_train_00300,final_train,C4,134,middle,1,middle,0.3418714683409915,0.4005330801010132,0.0255952328443527,0.9568027257919312,0.0176020786166191,0.0431972742080688,0.1885777144902913,0,-0.1419709622859954,0.070221796631813,-0.3897033333778381,-0.1530026197433471,-0.1618538498878479,0.0659829750657081,0.4323851466178894,-0.716497004032135,-0.0656393468379974,-1.335587739944458,-0.2965054512023926,-0.5930827260017395,-0.8632959127426147,-0.9969431161880492,0.433613657951355,-0.0281410627067089,-0.412672609090805,-0.746791660785675,0.1418527513742447,-0.2890115678310394,-0.2063613384962082,-0.676828920841217,0.4750082194805145,1.5302884578704834,-0.0871571078896522,-1.4102104902267456,-0.1521812826395034,-0.4669141471385956,1.2001866102218628,0.2482413947582245,-0.3296440243721008,1.080740213394165,-0.871454119682312,-0.8968980312347412,0.2832159101963043,-0.1874195635318756,-0.4141522943973541,-0.8327107429504395,-0.3567048013210296,-0.692636251449585,1.028187274932861,-1.105454921722412,-0.4554204642772674,-0.5312761068344116,-1.0796929597854614
final_train_00301,final_train,C4,135,middle,1,middle,0.3428116070364116,0.4032049477100372,0.0249090995639562,0.957279622554779,0.0178112480789423,0.0427203774452209,0.187067228915765,0,-0.1401558667421341,0.1648063659667968,-0.3923559188842773,-0.1984589099884033,-0.2308982461690902,0.1003957986831665,0.3642595112323761,-0.762359082698822,0.0023840542417019,-1.1741703748703003,-0.2045085281133651,-0.5472962260246277,-0.468346506357193,-0.9909509420394896,0.4366607964038849,0.0049017993733286,-0.4706939458847046,-0.8803488612174988,0.1464952528476715,-0.4183935523033142,-0.0907745435833931,-0.2681571841239929,0.4985560774803161,1.4900745153427124,-0.0887238383293151,-1.3753447532653809,-0.0688832625746727,-0.5142394304275513,1.2584943771362305,0.2326749712228775,-0.3615841865539551,0.941225528717041,-0.7953631281852722,-0.8940568566322327,0.4339373707771301,-0.0926702469587326,-0.3666820824146271,-0.8075445294380188,-0.3573350310325622,-0.7030227184295654,0.9346117973327636,-0.9399377703666688,-0.4185490012168884,-0.6627619862556458,-0.9801671504974364
final_train_00302,final_train,C4,136,middle,1,middle,0.3438970639694122,0.4049524664878845,0.0247544292360544,0.957253098487854,0.0179925058037042,0.0427469015121459,0.1872095384319233,0,-0.1360049098730087,0.2733181416988373,-0.3818463981151581,-0.2704048454761505,-0.2378945648670196,0.1135411411523819,0.3260766565799713,-0.7195538282394409,0.2231215834617614,-1.146363615989685,-0.2363494634628296,-0.5873525738716125,-0.4120379984378814,-0.9796621799468994,0.4396549463272095,0.1004392355680465,-0.4697915613651275,-0.9625391364097596,0.2149116247892379,-0.4227853715419769,0.0568025782704353,-0.1832783371210098,0.4973833262920379,1.399181604385376,-0.0396147258579731,-1.1841466426849363,-0.0496635399758815,-0.602911114692688,1.308584690093994,0.2885901033878326,-0.36600261926651,1.0772932767868042,-0.6292136907577515,-0.8975753784179688,0.6936663389205933,-0.2064301818609237,-0.4006353914737701,-0.8796136379241943,-0.3579571843147278,-0.7037762403488159,1.022539138793945,-0.9787873029708862,-0.3517705500125885,-0.7219030857086182,-0.9667324423789978
final_train_00303,final_train,C4,137,middle,1,middle,0.3450456084239163,0.4068973958492279,0.0243915524333715,0.9574510455131532,0.0181573871523141,0.0425489544868469,0.1865956082346425,0,-0.1406857222318649,0.2164966762065887,-0.3910796046257019,-0.3420396149158478,-0.2246549427509308,0.1848666965961456,0.349112868309021,-0.7863973379135132,0.1066338270902633,-1.1608167886734009,-0.2327447086572647,-0.6125675439834595,-0.4510293900966644,-0.9596129059791564,0.4425975680351257,0.0814597010612487,-0.2482100427150726,-0.8142164349555969,0.1994567513465881,-0.4270917475223541,-0.0001914905878948,-0.4028834104537964,0.5594771504402161,1.4068523645401,-0.1166344508528709,-1.1921124458312988,-0.1635035425424575,-0.6064836382865906,1.374891996383667,0.2578434348106384,-0.4238404333591461,1.0230019092559814,-0.6196733117103577,-0.8803762197494507,0.5062482357025146,-0.3459589183330536,-0.4033929705619812,-0.9718751907348632,-0.3585714101791382,-0.714622437953949,1.0570167303085327,-0.973968267440796,-0.3683404922485351,-0.6002463102340698,-1.0909117460250854
final_train_00304,final_train,C4,138,middle,1,middle,0.3461289900438028,0.4083710610866546,0.0244181044399738,0.9571216106414796,0.0184602588415145,0.0428783893585205,0.1877751007551457,0,-0.0899991616606712,0.0550788640975952,-0.394766092300415,-0.3654479384422302,-0.2315861284732818,0.2739928662776947,0.3482252657413482,-0.8089142441749573,0.4464218616485595,-0.9562886357307434,-0.1401859819889068,-0.5457313656806946,-0.1797841191291809,-0.945364236831665,0.445490151643753,0.0654408186674118,-0.2154461741447448,-0.8109758496284485,0.1567262709140777,-0.4313153922557831,0.1775394529104232,-0.2918113470077514,0.6048285961151123,1.347079873085022,-0.1245588436722755,-1.2062530517578125,0.3692038655281067,-0.6307195425033569,1.207570195198059,0.163153737783432,0.1293081939220428,1.0842254161834717,-0.6732569336891174,-0.8142174482345581,0.4264014959335327,-0.3450319170951843,-0.3087754845619201,-0.7045798301696777,-0.632645308971405,-0.6915360689163208,0.7550320029258728,-0.6938782930374146,-0.296854704618454,-0.6006656289100647,-0.7462561726570129
final_train_00305,final_train,C4,139,middle,1,middle,0.3471480127896889,0.4096300005912781,0.0244753956794738,0.9567981362342834,0.0187264923006296,0.0432018637657165,0.1889213352758758,0,-0.0896562486886978,0.1397889554500579,-0.4017529487609863,-0.4954038858413696,-0.2581838369369507,0.2526392638683319,0.2147312611341476,-0.8096343278884888,0.382052481174469,-0.913981020450592,-0.1386396586894989,-0.5880805253982544,-0.2077618092298507,-0.9351429343223572,0.5732007622718811,0.0715299174189567,-0.3741532862186432,-0.840198814868927,0.1429553478956222,-0.4354588985443115,0.2198401689529419,-0.3539938628673553,0.4544722735881805,1.2762088775634766,-0.1041173785924911,-1.219892501831055,0.0709722787141799,-0.6956530213356018,1.166278839111328,0.1319844275712967,0.0683067515492439,0.8011741042137146,-0.6869223713874817,-0.7649490833282471,0.4462647438049316,-0.1876499950885772,-0.3080348372459411,-0.6430819034576416,-0.3574683368206024,-0.6237655878067017,0.6357770562171936,-0.6426565647125244,-0.2706417739391327,-0.6185227632522583,-0.6730344891548157
final_train_00306,final_train,C4,140,middle,1,middle,0.3481035708743843,0.4117978513240814,0.0247938986867666,0.9559100866317748,0.0192959681153297,0.0440899133682251,0.1920132034742001,0,-0.0895254388451576,0.0515426993370056,-0.4128830134868622,-0.3965860903263092,-0.2254862338304519,0.36016845703125,0.348271757364273,-0.831587016582489,0.4237666130065918,-0.9277756214141846,-0.1563296020030975,-0.5591850280761719,-0.2055097818374633,-0.9164189100265504,0.0757377296686172,0.0976796373724937,-0.2193018347024917,-0.8648280501365662,0.1558911800384521,-0.4395248293876648,0.2285983860492706,-0.3270670175552368,0.3606054782867431,1.2936794757843018,-0.0820599496364593,-1.137946605682373,0.1636252552270889,-0.6372277140617371,0.9155835509300232,0.1367744356393814,0.034397579729557,0.7652683258056641,-0.6259711384773254,-0.252024233341217,0.4131814241409302,-0.2547298371791839,-0.2813578844070434,-0.6272960305213928,-0.6338688731193542,-0.1081701144576072,0.6511226296424866,-0.6582005620002747,-0.246175080537796,-0.6477785110473633,-0.5997837781906128
final_train_00307,final_train,C4,141,middle,1,middle,0.3489966465741079,0.4137891232967376,0.0252702347934246,0.9547770619392396,0.0199527163058519,0.0452229380607605,0.1959148741270336,0,-0.0632964894175529,0.1305093318223953,-0.4203637838363647,-0.6105721592903137,-0.2516979277133941,0.3988556861877441,0.2452597767114639,-0.8321093916893005,0.6479523777961731,-0.909339964389801,-0.1111750826239585,-0.4560443162918091,-0.0034733039792627,-0.8854698538780212,0.2073583304882049,0.1366706788539886,0.0745797082781791,-0.706289529800415,0.1788437515497207,0.0539415292441844,0.2372130155563354,-0.2657554447650909,0.3998397290706634,1.2489393949508667,-0.0727253183722496,-1.0867877006530762,0.0458810254931449,-0.7818987965583801,0.6778826713562012,0.1566931754350662,0.3632267415523529,0.8457685112953186,-0.5401793718338013,-0.0852081030607223,0.3131219148635864,-0.301067978143692,-0.2380572259426117,-0.6873056292533875,-0.0795059651136398,0.0995746329426765,0.6413547396659851,-0.664860188961029,-0.2221456319093704,-0.5134799480438232,-0.6212654113769531
final_train_00308,final_train,C4,142,middle,1,middle,0.3498283079653699,0.4156002402305603,0.0262208953499794,0.9528721570968628,0.0209070034325122,0.0471278429031372,0.2023792689785378,0,-0.0784234404563903,0.2086907178163528,-0.4400049746036529,-0.6955892443656921,-0.2774834036827087,0.3933477103710174,0.2094688713550567,-0.8744215369224548,0.551952064037323,-0.835974931716919,-0.134335920214653,-0.4202899038791656,-0.0255717281252145,-0.8735537528991699,0.212649717926979,0.1830677241086959,-0.0638408586382865,-0.5430752635002136,0.2052768468856811,0.1650355905294418,0.2456875890493393,-0.1842765510082245,0.3363828361034393,1.2243882417678833,-0.0640361011028289,-0.9777676463127136,0.2326105237007141,-0.8039204478263855,0.6118245124816895,0.1781943887472152,0.0452128872275352,0.7822549343109131,-0.4979187846183777,0.0214525442570447,0.4405383765697479,-0.326786458492279,-0.2558363974094391,-0.9256800413131714,0.1963856816291809,0.1275540143251419,0.6672869920730591,-0.6079719066619873,-0.1854350566864013,-0.3621304035186767,-0.9308483004570008
final_train_00309,final_train,C4,143,middle,1,middle,0.3505997066040348,0.4168478548526764,0.0269202459603548,0.951474666595459,0.0216051284223794,0.048525333404541,0.2070736926137294,0,-0.0767846778035163,0.1889955252408981,-0.4391671419143677,-0.7340631484985352,-0.302852988243103,0.4360969364643097,0.1421329528093338,-0.8745900988578796,0.5485241413116455,-0.7542861700057983,-0.1103520542383194,-0.3903934061527252,0.0769157260656356,-0.8863654136657715,-0.2778182923793793,0.1989117413759231,-0.0613999813795089,-0.4258343875408172,0.2202239334583282,-0.2186825722455978,0.2540254592895508,-0.3476458489894867,0.2576071619987488,1.193340539932251,-0.084340214729309,-0.8934146761894226,0.4196213185787201,-0.8255868554115295,0.52579665184021,0.1833190619945526,0.0123103391379117,0.8116433620452881,-0.4501065611839294,-0.0587624683976173,0.3182995021343231,-0.3311917781829834,-0.2146424502134323,-0.5821555256843567,-0.9224490523338318,0.0440228171646595,0.6349031925201416,-0.5265235900878906,-0.1720880270004272,-0.2760308682918548,-0.3991500735282898
final_train_00310,final_train,C4,144,middle,1,middle,0.3513120752126458,0.4175274670124054,0.0279685817658901,0.949539601802826,0.0224917717278003,0.050460398197174,0.2134940599500363,0,-0.0714587718248367,0.2870115339756012,-0.4332056939601898,-0.6650490164756775,-0.289835125207901,0.4979994297027588,0.1845042258501052,-0.8747559189796448,0.5490836501121521,-0.7485256791114807,-0.1087774112820625,-0.4384092986583709,0.0731189623475074,-0.8599087595939636,-0.1402609348297119,0.1833665668964386,0.1251944899559021,-0.3497591912746429,0.2201249152421951,0.0214973092079162,0.2622299492359161,-0.1154497861862182,0.424260526895523,1.2077947854995728,-0.0930055975914001,-0.8455955386161804,0.1920919120311737,-0.7679916620254517,0.5614626407623291,0.1729183197021484,0.0304328147321939,0.9937155842781068,-0.34470996260643,-0.0292032472789287,0.4818167686462402,-0.4225279688835144,-0.200179249048233,-0.703443169593811,-0.6406600475311279,0.0183876287192106,0.6519147157669067,-0.5691210031509399,-0.1561611890792846,-0.2042355984449386,-0.4901353716850281
final_train_00311,final_train,C4,145,middle,1,middle,0.3519667252521144,0.4191685020923614,0.0286894645541906,0.9478762149810792,0.0234343223273754,0.0521237850189209,0.2189906768481088,0,-0.0745907425880432,0.314325600862503,-0.4387401044368744,-0.787555992603302,-0.3147040009498596,0.5199215412139893,0.103557251393795,-0.8749191164970398,0.4925466179847717,-0.5896132588386536,-0.0536289513111114,-0.3556991517543793,0.2736623287200928,-0.8450606465339661,0.1174696758389473,0.2182841897010803,0.2420971840620041,-0.3759993314743042,0.2358730435371399,0.3764657080173492,0.2703041732311249,-0.1876630783081054,0.4507506191730499,1.1845359802246094,-0.0628810375928878,-0.7702999711036682,-0.0123443277552723,-0.8483157753944397,0.4955099821090698,0.1842976063489914,-0.076976865530014,0.9267089366912842,-0.3007394969463348,0.0614595785737037,0.3682221472263336,-0.1990987211465835,-0.1478821039199829,-0.7726657390594482,0.2031907439231872,0.1075654998421669,0.6342083215713501,-0.413785457611084,-0.131636768579483,-0.2355881780385971,-0.558546781539917
final_train_00312,final_train,C4,146,middle,1,middle,0.3525650445264485,0.4197016954421997,0.0299195777624845,0.9456452131271362,0.0244351718574762,0.0543547868728637,0.2262325791714714,0,-0.101963110268116,0.2945659160614013,-0.4558168351650238,-0.7555785775184631,-0.3017978072166443,0.5359628200531006,0.125238224864006,-0.8750797510147095,0.2890897989273071,-0.8271517157554626,-0.1527835577726364,-0.322475403547287,-0.0646664649248123,-0.9236063957214355,-0.2452889531850814,0.25105881690979,0.0635304152965545,-0.4953561127185821,0.2668382823467254,-0.1300815641880035,0.2782512605190277,-0.3264311552047729,0.3413472175598144,1.1531050205230713,-0.0616883300244808,-0.6889446377754211,0.0661155879497528,-0.8302847743034363,0.5310061573982239,0.2178192436695099,-0.4560633599758148,0.9061486721038818,-0.3158925175666809,-0.060981348156929,0.432464063167572,0.2437991946935653,-0.1579411178827285,-0.7122472524642944,-0.6462060213088989,0.0183382797986269,0.7753183245658875,-0.6580198407173157,-0.120783694088459,-0.3227154910564422,-0.4939330816268921
final_train_00313,final_train,C4,147,middle,1,middle,0.3531084947131448,0.4210614562034607,0.0305238608270883,0.9442636370658876,0.0252124294638633,0.0557363629341125,0.2307010057462142,0,-0.0991546288132667,0.2820484936237335,-0.4602660536766052,-0.8618654012680054,-0.3261846601963043,0.621142566204071,0.0835944190621376,-0.8752378821372986,0.3173401653766632,-0.9990545511245728,-0.204585775732994,-0.2363244891166687,-0.2575650215148926,-0.9189700484275818,0.013180143199861,0.2712224721908569,0.1768365800380706,-0.4093070924282074,0.2754570543766022,0.1061499044299125,0.2860741913318634,-0.5816733241081238,0.4501207768917084,1.1263418197631836,-0.0638275444507598,-0.6379505395889282,0.041563332080841,-0.8703344464302063,0.4758098423480987,0.2195890098810196,-0.5086789727210999,0.9521514177322388,-0.2638190686702728,-0.0050158486701548,0.3502162396907806,0.4641269147396087,-0.1598376184701919,-0.8038974404335022,-0.3623127937316894,0.008743499405682,0.6703982353210449,-0.829808235168457,-0.0766240358352661,-0.4786696434020996,-0.5876984596252441
final_train_00314,final_train,C4,148,middle,1,middle,0.3535986088688019,0.4222884178161621,0.0311917606741189,0.9427979588508606,0.0260102804750204,0.0572020411491394,0.2353995527223238,0,-0.1069589555263519,0.4527014791965484,-0.4608944058418274,-0.91138356924057,-0.331791490316391,0.5086613893508911,-0.0146008394658565,-0.8753935694694519,0.3213351964950561,-0.8619016408920288,-0.2094737440347671,-0.1625182330608368,-0.1756546795368194,-0.915981113910675,0.144204705953598,0.3044752776622772,0.030303206294775,-0.4383433163166046,0.3105171322822571,0.0936487987637519,0.2937757968902588,-0.5556423664093018,0.3394636511802673,1.1137787103652954,-0.0429761223495006,-0.5118725895881653,0.2438263595104217,-0.8715292811393738,0.5079073905944824,0.2535190284252167,-0.5604788661003113,0.8716782927513123,-0.1566523611545562,0.0465166680514812,0.4561377167701721,0.4196295440196991,-0.0931376963853836,-0.7301981449127197,0.205619677901268,0.0619842186570167,0.7618001103401184,-0.7761496305465698,-0.0551226586103439,-0.6072748303413391,-0.3903232216835022
final_train_00315,final_train,C4,186,middle,1,middle,0.3560326612905548,0.4171702861785888,0.0208002962172031,0.9614267349243164,0.0177730098366737,0.0385732650756835,0.1729465902331207,0,-0.2297912091016769,1.1974066495895386,-1.1719850301742554,-1.1820679903030396,-0.8474364280700684,0.5997324585914612,-0.8539113402366638,-0.8770895004272461,0.1366952508687973,-1.375920653343201,-0.4729465544223785,-0.4293065071105957,-0.1725211590528488,-0.7867348194122314,-0.3800476193428039,1.1557310819625854,0.8666267395019531,1.1324083805084229,0.9543494582176208,0.6508514881134033,0.7722600698471069,-0.9767723679542542,1.0377501249313354,0.3491347730159759,0.1021637618541717,1.0840822458267212,-0.1243472322821617,-0.9370151162147522,-0.0314287543296813,1.039183497428894,-0.8113892674446106,1.0088214874267578,0.9361347556114196,-0.711234986782074,0.1253888756036758,0.0737920626997947,-0.4668975472450256,-0.4615058898925781,0.192737340927124,-0.925352931022644,0.3516666889190674,-1.6211655139923096,0.4202938377857208,-0.3011897206306457,0.5786911249160767
final_train_00316,final_train,C4,187,middle,1,middle,0.3560326612905548,0.4166581928730011,0.0208604484796524,0.961425006389618,0.0177145581692457,0.038574993610382,0.1729440131450469,0,-0.2248120158910751,1.245766282081604,-1.1586885452270508,-1.17461097240448,-0.865576446056366,0.5315589904785156,-0.893149733543396,-0.8772178888320923,0.1864363253116607,-1.3101671934127808,-0.4518378973007202,-0.4444077610969543,-0.0495155826210975,-0.8609173893928528,-0.3642320930957794,1.1315841674804688,1.0052540302276611,1.2747652530670166,0.9504201412200928,0.5139686465263367,0.7198603749275208,-0.8795338869094849,0.9451003670692444,0.3225894272327423,0.0832283049821853,1.1181704998016355,-0.1906136572360992,-0.9549977779388428,0.1783711463212967,1.0204375982284546,-0.8118621706962585,0.9837018847465516,0.966163456439972,-0.8076900839805603,0.3168838024139404,-0.0550314672291278,-0.4849154949188232,-0.4245465695858001,-0.1068413257598877,-1.0102555751800537,0.524006724357605,-1.5883480310440063,0.4047263264656067,-0.2299639582633972,0.6325090527534485
final_train_00317,final_train,C4,188,middle,1,middle,0.3560326612905548,0.4169573783874511,0.0208513997495174,0.9613569974899292,0.0177916195243597,0.0386430025100708,0.1731924715626018,0,-0.2032538950443267,1.189581036567688,-1.1223729848861694,-1.2357603311538696,-0.734059751033783,0.6499630808830261,-0.7682982087135315,-0.8773444890975952,0.320576936006546,-1.1884955167770386,-0.3948966860771179,-0.3480455279350281,0.1714457124471664,-0.91363787651062,-0.3489670753479004,1.05565083026886,0.6921406388282776,1.272721767425537,0.8903483152389526,0.3826569318771362,0.668193519115448,-0.6209498643875122,0.8957719206809998,0.4308679401874542,-0.0789120122790336,1.0483922958374023,0.2159234434366226,-0.9554835557937622,-0.1353473365306854,0.9134120345115662,-0.7240442633628845,0.9799035787582396,1.0167888402938845,-0.7485169768333435,0.2774240672588348,0.1534661948680877,-0.4066870510578155,-0.7231549024581909,0.1894833445549011,-1.0223561525344849,0.2991734147071838,-1.5012781620025637,0.3838306665420532,-0.2312581986188888,0.2530553638935089
final_train_00318,final_train,C4,189,middle,1,middle,0.3560326612905548,0.416708379983902,0.0209040939807891,0.9613272547721864,0.0177686512470245,0.0386727452278137,0.1732927338522932,0,-0.2107016593217849,1.0933284759521484,-1.0752331018447876,-1.1596261262893677,-0.8351603746414185,0.5550644397735596,-0.8271166086196899,-0.8596180081367493,0.1610576808452606,-1.3578050136566162,-0.4090188145637512,-0.2989696860313415,0.0113788805902004,-0.9392656683921814,-0.3342213630676269,0.9368407130241394,0.7790518999099731,1.2535139322280884,0.8401482701301575,0.5802051424980164,0.6172442436218262,-0.7664227485656738,1.001015305519104,0.4210385978221893,-0.0528086274862289,0.9639386534690856,-0.0051763360388576,-0.9388369917869568,-0.2169852703809738,0.8438170552253723,-0.7470349073410034,1.2868326902389526,0.9029068350791932,-0.683815598487854,0.3327378034591675,0.0128597691655159,-0.3583229482173919,-0.5095515847206116,0.1867182254791259,-0.945986807346344,0.3978971838951111,-1.6019256114959717,0.3617521822452545,-0.1932997107505798,0.4514422714710235
final_train_00319,final_train,C4,190,middle,1,middle,0.3560326612905548,0.4174962937831878,0.0209045242518186,0.9612152576446532,0.0178801864385604,0.0387847423553466,0.1736991135142849,0,-0.1884051114320755,1.055966019630432,-1.059457540512085,-1.0672364234924316,-0.7220388650894165,0.5905699133872986,-0.7524096369743347,-0.8775924444198608,0.3199755847454071,-1.260910987854004,-0.3639830350875854,-0.1097811013460159,0.1923976242542266,-0.908360242843628,-0.5427227020263672,0.8750279545783997,0.8079243898391724,1.1494046449661257,0.7973270416259766,0.4485844373703003,0.594404935836792,-0.3918518126010895,0.9920086860656738,0.4234298467636108,-0.0392215102910995,0.9157015681266784,0.3511106073856354,-0.8203748464584351,-0.3523471355438232,0.7739010453224182,-0.6826419830322266,1.2275036573410034,0.9204949140548706,-0.6296298503875732,0.505993127822876,0.1836078613996505,-0.2451614141464233,-0.6817206144332886,-0.115589253604412,-0.9178658127784728,0.3617507517337799,-1.53263521194458,0.3507196307182312,-0.1780217140913009,0.2337652444839477
final_train_00320,final_train,C4,191,middle,1,middle,0.3560326612905548,0.4176555275917053,0.0209224764257669,0.9611795544624328,0.0178979560732841,0.0388204455375671,0.1738260825745934,0,-0.1828773915767669,1.053011417388916,-1.0637636184692385,-1.191228270530701,-0.8706144690513611,0.6030065417289734,-0.8759261965751648,-0.8777138590812683,0.3285715579986572,-1.2512327432632446,-0.408423364162445,-0.2211881875991821,-0.068768598139286,-0.8961961269378662,-0.300976812839508,0.8457044959068298,0.3720375597476959,1.084265947341919,0.7741230130195618,0.4285576045513153,0.5718784928321838,-0.5874806046485901,0.8265036940574646,0.293264776468277,0.0163485128432512,0.9250705242156982,-0.1781498491764068,-0.9569010138511658,-0.2178863286972046,0.7362375855445862,-0.6623662114143372,0.7168990969657898,0.9252793192863464,-0.5876112580299377,0.0283333286643028,0.4480624794960022,-0.3581112623214721,-0.752010703086853,0.183606743812561,-0.8954192399978638,0.2681215703487396,-1.527349829673767,0.3346595764160156,-0.0925342664122581,0.1476231664419174
final_train_00321,final_train,C4,192,middle,1,middle,0.3560326612905548,0.4175022840499878,0.0210548248142004,0.9610270261764526,0.0179181694984436,0.0389729738235473,0.1743600280962371,0,-0.1766517609357834,1.019339084625244,-1.0676969289779663,-1.117864727973938,-0.8556825518608093,0.658676266670227,-0.8601665496826172,-0.8778336644172668,0.2998506426811218,-1.206469178199768,-0.385084718465805,-0.1687265187501907,-0.0266114603728055,-0.8703727126121521,-0.6180301308631897,0.8161500692367554,0.2420890629291534,1.0630074739456177,0.7419775128364563,0.1965361833572387,0.5766928195953369,-0.4220834970474243,0.8636253476142883,0.2802577912807464,-0.0021154060959815,0.8256779313087463,-0.1606887280941009,-0.9238083958625792,-0.2294086962938308,0.6869890689849854,-0.6208958029747009,0.6371080279350281,0.9207698106765748,-0.5262330174446106,-0.0151756033301353,0.4205858409404754,-0.3367981910705566,-0.7383832335472107,-0.4222548604011535,-0.8935098052024841,0.2750609219074249,-1.488314867019653,0.3311704993247986,-0.0952941551804542,0.1655978411436081
final_train_00322,final_train,C4,193,middle,1,middle,0.3560326612905548,0.4204314351081848,0.0207770559936761,0.9611172080039978,0.0181057583540678,0.0388827919960022,0.1740713535411098,0,-0.2134405076503753,0.9949185252189636,-1.07647705078125,-1.6426666975021362,-0.9211499094963074,-0.6290805339813232,-1.1431117057800293,-0.8779518008232117,-0.4338387846946716,-1.5066616535186768,-0.5046417117118835,-0.570811927318573,-0.872235119342804,-0.9147968292236328,0.6226535439491272,0.8749197125434875,0.0482219569385051,1.395413517951965,0.7630103230476379,1.5273652076721191,1.2795844078063965,-1.201430320739746,0.6486819386482239,0.001749493763782,0.0568868853151798,0.6457645297050476,-0.2319839596748352,-0.991139590740204,0.3947915136814117,0.6565890908241272,-0.8572162389755249,0.0458609536290168,-0.0401094332337379,0.2638065814971924,-0.3325377702713012,0.2074996083974838,-0.5860274434089661,0.2338845133781433,3.155733823776245,0.2064200341701507,0.1349327117204666,-1.6006613969802856,0.433295726776123,-0.1259830743074417,0.529244065284729
final_train_00323,final_train,C4,194,middle,1,middle,0.3560326612905548,0.4175919890403747,0.0211641155183315,0.960997998714447,0.017837880179286,0.0390020012855529,0.1744487070532179,0,-0.2045099735260009,0.9894692301750184,-1.0609071254730225,-1.3168847560882568,-0.9060792326927184,-0.6801738142967224,-1.0396491289138794,-0.8780683875083923,-0.1997192651033401,-1.5100048780441284,-0.5527519583702087,-0.3661577105522156,-0.9139035940170288,-0.9180155992507936,-1.3457156419754028,0.8851258158683777,0.2962811291217804,1.3010526895523071,0.7874535918235779,-0.1785948872566223,1.252912998199463,-1.315631866455078,0.8220916390419006,-0.0806706324219703,0.1182703673839569,0.8571996688842773,-0.2478146702051162,-0.9748123288154602,0.2266999632120132,0.6897606253623962,-0.8149948120117188,0.3079656958580017,0.1498476415872573,0.1548158973455429,-0.4450162649154663,-0.0827603563666343,-0.533720076084137,0.4804130792617798,-2.2383675575256348,0.0194283165037632,0.3612726330757141,-1.6718748807907104,0.3955962657928467,0.0219020508229732,0.9032182097434998
final_train_00324,final_train,C4,195,middle,1,middle,0.3561167560154681,0.4192515611648559,0.0209149029105901,0.9610078930854796,0.0180772449821233,0.0389921069145202,0.174448896943918,0,-0.1872942745685577,0.9232947826385498,-1.0362539291381836,-1.2472995519638062,-0.8753838539123535,-0.5967279672622681,-0.937470316886902,-0.8781833648681641,-0.0589656978845596,-1.3511396646499634,-0.5070770382881165,-0.3507111966609955,-0.6874839067459106,-0.8585619330406189,-0.7633981108665466,0.8259758949279785,0.3074272871017456,1.225688099861145,0.7616240978240967,0.5416915416717529,1.2265971899032593,-1.0286216735839844,0.8963130712509155,0.0145172104239463,0.0101410318166017,0.871868371963501,-0.0272714681923389,-0.9587027430534364,0.013114470988512,0.6541640162467957,-0.7312541007995605,0.3319754004478454,0.2355823516845703,0.2504879236221313,-0.3105164766311645,-0.1139458492398262,-0.504092276096344,0.2933174073696136,-0.4365671575069427,0.0916445404291153,0.2406165450811386,-1.5826188325881958,0.3824587762355804,0.0876100733876228,0.7329007387161255
final_train_00325,final_train,C4,196,middle,1,middle,0.3562953916341614,0.4185054302215576,0.021046670153737,0.960915982723236,0.0180373881012201,0.0390840172767639,0.1747634101978903,0,-0.2133207023143768,1.065737009048462,-1.0335274934768677,-1.34492290019989,-0.9079784154891968,-0.5586463212966919,-1.0293141603469849,-0.8782968521118164,-0.1362667679786682,-1.4432920217514038,-0.5661414861679077,-0.4218170642852783,-0.835029125213623,-0.8874335885047913,-0.7355427742004395,0.905834138393402,0.3395009338855743,1.301853895187378,0.8419498205184937,0.6208934187889099,1.069039225578308,-1.2505526542663574,0.8155752420425415,-0.030328320339322,0.3871345221996307,1.0424180030822754,-0.2791499197483063,-0.9754699468612672,-0.041764348745346,0.7808406949043274,-0.8576399087905884,0.3449644744396209,0.4626234769821167,0.2971868216991424,-0.1714178919792175,-0.1665026247501373,-0.5822935700416565,-0.0919231176376342,-0.4367859065532684,0.0401629693806171,0.227566584944725,-1.6812440156936646,0.348324179649353,0.2374497801065445,0.4590093791484833
final_train_00326,final_train,C4,197,middle,1,middle,0.3565774576613453,0.4192016124725342,0.0208486299961805,0.9610013961791992,0.0181500390172004,0.0389986038208007,0.174481042726733,0,-0.2120019346475601,1.0713809728622437,-1.034208059310913,-1.2882634401321411,-0.8932918310165405,-0.5264909267425537,-1.0078442096710205,-0.8784088492393494,-0.0802365019917488,-1.2524470090866089,-0.5315290689468384,-0.3272817730903625,-0.596123993396759,-0.8799441456794739,-1.018869161605835,0.9092000722885132,0.2916179895401001,1.3512018918991089,0.854922890663147,0.6962601542472839,0.9919893741607666,-1.365563988685608,1.0068126916885376,0.0096267936751246,0.218897596001625,1.1096839904785156,-0.1855030506849289,-0.9595680236816406,-0.1270658075809478,0.8137381076812744,-0.8577774167060852,0.5593453049659729,0.5822513103485107,0.5344009399414062,-0.0682859867811203,-0.1460378766059875,-0.5191857814788818,-0.2554037272930145,-0.4370024800300598,0.1759344190359115,0.489035040140152,-1.592719554901123,0.3329285085201263,0.3310075104236603,0.3569990694522857
final_train_00327,final_train,C4,198,middle,1,middle,0.3569721049276327,0.419180154800415,0.0209121946245431,0.9609009623527528,0.0181868150830268,0.0390990376472473,0.1748355144094703,0,-0.226372942328453,0.9165661931037904,-0.949330985546112,-1.0518839359283447,-0.8632819056510925,-0.3963871896266937,-0.9109001755714417,-0.8449169397354126,-0.1997834742069244,-1.2818422317504885,-0.569974958896637,-0.4144645631313324,-0.8756119012832642,-0.8962126970291138,-0.6733447909355164,0.8071814775466919,0.3729197978973388,1.3076483011245728,0.8078428506851196,0.7676572799682617,0.7341278195381165,-1.4248727560043335,1.0210707187652588,0.4061110019683838,-0.0571572296321392,1.0134352445602417,-0.1199835091829299,-0.8794009685516357,-0.1184106618165969,0.7705373167991638,-0.8579131364822388,0.5069259405136108,0.5326565504074097,0.3984103500843048,0.256417453289032,0.0018851734930649,-0.5455388426780701,-0.3383392989635467,-0.1348952203989029,0.1345765739679336,0.4424152374267578,-1.581059217453003,0.3149381577968597,0.3398198187351227,0.3086604177951813
final_train_00328,final_train,C4,199,middle,1,middle,0.3574887388645184,0.4198691248893738,0.0208115074783563,0.9609222412109376,0.0182662103325128,0.0390777587890625,0.1747710465167616,0,-0.2188825458288192,0.990359365940094,-1.018493890762329,-1.228962540626526,-0.8644908666610718,-0.3839399814605713,-0.9382101893424988,-0.8786284923553467,-0.2226183116436004,-1.2634795904159546,-0.520168125629425,-0.3655048608779907,-0.6205517053604126,-0.8962884545326233,-0.6495279669761658,0.8143841624259949,0.3444186151027679,1.3470802307128906,0.7810007333755493,0.6387955546379089,0.6602533459663391,-1.1306082010269165,0.8657237887382507,-0.0062257978133857,0.0313040725886821,1.0030272006988523,-0.2676900923252105,-0.944397270679474,-0.1764975190162658,0.704994261264801,-0.837552547454834,0.4946274161338806,0.6242128014564514,0.4357123374938965,0.0864781290292739,0.0387169234454631,-0.4661982357501983,-0.5034101605415344,-0.1361365318298339,0.1051129400730133,0.1479741036891937,-1.5769755840301514,0.3022567927837372,0.3803112804889679,0.0832300335168838
final_train_00329,final_train,C4,200,middle,1,middle,0.3581370125498305,0.421024739742279,0.020745150744915,0.9608572125434875,0.0183976050466299,0.0391427874565124,0.1750130079596463,0,-0.2001919597387313,0.9081382155418396,-1.0161017179489136,-1.2472432851791382,-0.9116296768188475,-0.3375282883644104,-0.9793984293937684,-0.8787361979484558,-0.1394106894731521,-1.38871431350708,-0.5092547535896301,-0.2984010875225067,-0.6547129154205322,-0.8746621608734131,-0.6267286539077759,0.7519548535346985,0.2367051839828491,1.2318071126937866,0.7194570302963257,0.6135383248329163,0.7155269980430603,-1.119384527206421,0.8210083246231079,0.0030744930263608,-0.0826144069433212,0.8768910765647888,-0.0965357795357704,-0.9767343401908876,-0.2443529069423675,0.6196789145469666,-0.8174546360969543,0.4705950021743774,0.5707432627677917,0.5010163187980652,0.0985994413495063,0.0261099375784397,-0.3919724524021148,-0.6483057737350464,0.1666644811630249,0.1183230504393577,0.1097106114029884,-1.620683193206787,0.2981022894382477,0.3668252527713775,-0.1107219159603118
final_train_00330,final_train,C4,201,middle,1,middle,0.358926819604511,0.421319842338562,0.0207452215254306,0.960840106010437,0.0184146352112293,0.0391598939895629,0.1750745596737452,0,-0.1879673302173614,0.8976764678955078,-1.0077577829360962,-1.2802848815917969,-0.9733811020851136,-0.3283607959747314,-1.0870497226715088,-0.8788425326347351,-0.0815607905387878,-1.2702720165252686,-0.4771898984909057,-0.2582937777042389,-0.5457372665405273,-0.8672997355461121,-0.5040305256843567,0.7024014592170715,0.1248833686113357,1.162481427192688,0.6832700967788696,0.4920622408390045,0.5917696356773376,-1.189589023590088,0.7565370798110962,-0.0596323870122432,-0.0358101539313793,0.8474463224411011,0.0009254107717424,-0.9770403504371644,-0.0825943574309349,0.5732355713844299,-0.7571508288383484,0.34479621052742,0.5532338619232178,0.4445580244064331,-0.2939132452011108,0.0720184296369552,-0.3505285084247589,-0.829278826713562,-0.1406710296869278,0.088863581418991,0.0638678297400474,-1.538139581680298,0.2826553285121918,0.4018100798130035,-0.3177111744880676
final_train_00331,final_train,C4,202,middle,1,middle,0.3597841922323296,0.4219549596309662,0.0207373034209013,0.9608238339424132,0.0184388533234596,0.0391761660575866,0.1751340497173852,0,-0.1868195533752441,0.8067231774330139,-0.969241499900818,-1.113585114479065,-0.898265540599823,-0.2874727845191955,-1.0000237226486206,-0.8625742793083191,-0.0599586591124534,-1.1664509773254397,-0.4750124514102936,-0.2386154532432556,-0.5471943020820618,-0.863283097743988,-0.3855609595775604,0.6522186994552612,0.1791483461856842,1.172790765762329,0.6611573100090027,0.6652362942695618,0.5455259084701538,-1.1502293348312378,0.8014041781425476,0.128038689494133,0.0295534506440162,0.8137836456298828,-0.1357521265745163,-0.8988044857978821,-0.1851067245006561,0.5568557977676392,-0.7780269384384155,0.3649064302444458,0.5452902317047119,0.5189551711082458,0.0958556458353996,0.2882534563541412,-0.3307493925094604,-0.5389872789382935,0.4694269895553589,0.1054222807288169,0.1353434473276138,-1.4784256219863892,0.2718659043312073,0.4314883649349212,0.0397304370999336
final_train_00332,final_train,C4,203,middle,1,middle,0.3607090371002784,0.4216273427009582,0.0208338536322116,0.9607306122779846,0.0184355173259973,0.0392693877220153,0.1754589527053812,0,-0.1861573308706283,0.9029465317726136,-1.0078248977661133,-1.250532627105713,-0.9743441939353944,-0.3220813274383545,-1.1316438913345337,-0.8790510892868042,-0.0459820069372653,-1.0879037380218506,-0.4684040248394012,-0.2146883308887481,-0.4649600088596344,-0.8459677696228027,-0.5714476108551025,0.7142013907432556,0.2337050437927246,1.1885474920272827,0.6965499520301819,0.7347607016563416,0.474715381860733,-1.060870885848999,0.7906321883201599,-0.039719745516777,0.3047310709953308,0.884930431842804,-0.0512589514255523,-0.9776406288146972,-0.2762582302093506,0.6138777732849121,-0.7986388206481934,0.4183748066425323,0.6429310441017151,0.5021888613700867,-0.0745163559913635,0.5079441070556641,-0.3607977628707886,-0.5576381087303162,0.15927155315876,0.1613209247589111,0.1862766295671463,-1.455846071243286,0.2564161419868469,0.5429295301437378,0.0502923466265201
final_train_00333,final_train,C4,204,middle,1,middle,0.3617030358791867,0.4218021929264068,0.0208916701376438,0.960626780986786,0.0184815917164087,0.0393732190132141,0.1758262013195158,0,-0.1722801774740219,0.8935739994049072,-0.9957955479621888,-1.2404743432998655,-0.9598868489265442,-0.3500315546989441,-1.0848348140716553,-0.8791534304618835,0.0623441748321056,-1.1388567686080933,-0.4795610010623932,-0.2073524743318557,-0.5401616096496582,-0.7966356873512268,-0.8474347591400146,0.6860402226448059,0.2964299917221069,1.0771342515945437,0.6757329106330872,0.6120003461837769,0.4297895133495331,-1.0617903470993042,0.8573398590087891,-0.003376166569069,0.0314341448247432,0.8913825154304504,-0.0366189070045948,-0.9779351353645324,-0.3923232853412628,0.5848581194877625,-0.6998910307884216,0.4819460809230804,0.6519225835800171,0.4383504390716553,0.2287574559450149,0.6559768915176392,-0.3708808422088623,-0.6354348659515381,-0.1504858285188675,0.0783688277006149,0.1520971208810806,-1.4867630004882812,0.2440226078033447,0.5648742318153381,-0.0276687759906053
final_train_00334,final_train,C4,205,middle,1,middle,0.3627678195922731,0.4227121770381927,0.0209613498300313,0.9604052901268004,0.0186334215104579,0.0395947098731994,0.1766143019797196,0,-0.1594627946615219,0.8799856901168823,-0.9898349046707152,-1.2294397354125977,-0.9752832055091858,-0.3425507247447967,-1.099989891052246,-0.8792544603347778,0.0826355889439582,-0.923757791519165,-0.4201112985610962,-0.1435682922601699,-0.3193908631801605,-0.7843930721282959,-0.8176777362823486,0.650989830493927,0.1400586664676666,1.0369014739990234,0.6434403657913208,0.6823197603225708,0.4102629721164703,-1.0385161638259888,0.6717144250869751,-0.0166145078837871,-0.0327496863901615,0.8455028533935547,0.089709535241127,-0.9782259464263916,-0.563225269317627,0.5404391884803772,-0.6615555882453918,0.3650176525115967,0.6346111297607422,0.5660699009895325,0.1873193383216858,0.6766282916069031,-0.2753386199474334,-0.5795096158981323,-0.1516261547803878,0.1215771585702896,0.0085836006328463,-1.3643211126327517,0.2344607561826706,0.582297682762146,0.0180149935185909
final_train_00335,final_train,C4,206,middle,1,middle,0.3639049675496623,0.4240312278270721,0.0209756772965192,0.960191249847412,0.0188330505043268,0.0398087501525878,0.1773796157559026,0,-0.1652390360832214,0.8902705907821655,-0.9816613793373108,-1.2161563634872437,-0.990488350391388,-0.3606977760791778,-1.1108616590499878,-0.8793542385101318,0.0415869541466236,-0.7390301823616028,-0.4023192524909973,-0.1181301325559616,-0.2044563591480255,-0.7890951633453369,-0.8852697014808655,0.6542359590530396,0.4460135698318481,0.999073326587677,0.6518847942352295,0.6564037799835205,0.3662955164909363,-0.9039273858070374,0.8048882484436035,0.0176455117762088,0.197805255651474,0.8800792098045349,0.0106132645159959,-0.9785131216049194,-0.4804825782775879,0.5649197697639465,-0.7021102905273438,0.4333110153675079,0.6610385179519653,0.6585274338722229,0.0743882060050964,0.5260397791862488,-0.2675431668758392,-0.4516859054565429,-0.1527554839849472,0.1897339075803756,0.1232679188251495,-1.284398078918457,0.22122123837471,0.6611688733100891,0.1838221997022628
final_train_00336,final_train,C4,207,middle,1,middle,0.3651160063407188,0.4246346354484558,0.0210844818502664,0.959881067276001,0.0190344806760549,0.040118932723999,0.1784778486203533,0,-0.143076404929161,0.8829533457756042,-0.98867529630661,-1.1830120086669922,-0.990852415561676,-0.3410224020481109,-1.0957249402999878,-0.8794528245925903,0.1751741170883178,-0.6833345890045166,-0.3739413321018219,-0.0662668794393539,-0.1191684678196907,-0.736319899559021,-0.7592503428459167,0.6292464733123779,0.1680881530046463,0.8959872126579285,0.6292663812637329,0.7237062454223633,0.3474019765853882,-1.0054117441177368,0.7722330093383789,-0.0349654853343963,0.0091214682906866,0.8666648268699646,0.0771564394235611,-0.96357399225235,-0.4919591844081878,0.5353338122367859,-0.5668219923973083,0.4350069165229797,0.6949995756149292,0.6656554341316223,0.0633616298437118,0.3696753680706024,-0.2336050122976303,-0.5219119787216187,-0.1538739800453186,0.1919100880622863,0.1069547161459922,-1.2610350847244265,0.2130963653326034,0.7004303336143494,0.1219196692109108
final_train_00337,final_train,C4,208,middle,1,middle,0.3664024089172359,0.425591379404068,0.0211344007402658,0.9596382975578308,0.0192273445427417,0.0403617024421691,0.1793386096006161,0,-0.1401506215333938,0.8495076894760132,-0.9779800176620485,-1.147709846496582,-0.9620850682258606,-0.3272746503353119,-1.05803120136261,-0.8795501589775085,0.2010881006717682,-0.6628982424736023,-0.3992531895637512,-0.1528804451227188,-0.2457050532102584,-0.7402093410491943,-0.4486101865768432,0.6099069714546204,0.2806023955345154,0.8435235619544983,0.6207547187805176,0.6965460777282715,0.2555983960628509,-0.9894149899482728,0.7601612210273743,0.0351700671017169,0.1114176511764526,0.8811287879943848,0.1299228370189666,-0.9336888194084167,-0.3708848059177398,0.530652642250061,-0.5687344074249268,0.4196445941925049,0.7158896923065186,0.6319547891616821,0.3319424986839294,0.1930998712778091,-0.3196101188659668,-0.1751659661531448,0.4669464826583862,0.1702416241168975,0.0772714987397193,-1.2625051736831665,0.2024717181921005,0.751161515712738,0.5091531276702881
final_train_00338,final_train,C4,209,middle,1,middle,0.3677655936435873,0.425974041223526,0.0213482100516557,0.9591727256774902,0.0194791238754987,0.0408272743225097,0.1809747621277926,0,-0.1233994290232658,0.8373034000396729,-0.9816344976425172,-1.1182602643966677,-0.9047191739082336,-0.2661295533180237,-1.0322505235671997,-0.8796463012695312,0.3685703575611114,-0.5471144318580627,-0.3756180703639984,-0.0791989415884018,-0.0729138851165771,-0.7063190340995789,-0.7168704867362976,0.5976590514183044,0.3306861817836761,0.9596380591392516,0.6042291522026062,0.4889195561408996,0.2376102656126022,-0.8764737248420715,0.656211256980896,-0.0662883296608924,0.0645599365234375,0.9039871096611024,0.0693967416882515,-0.9041680097579956,-0.366649329662323,0.5119025111198425,-0.455154150724411,0.3424261808395386,0.7940300703048706,0.62701815366745,0.2419432550668716,0.2914016544818878,-0.2904140055179596,-0.2607098519802093,-0.4722304344177246,0.1873453557491302,0.0849803313612937,-1.2284951210021973,0.1953069120645523,0.8016748428344727,0.4640669524669647
final_train_00339,final_train,C4,210,middle,1,middle,0.3692069235368467,0.4271145462989807,0.0213170647621154,0.9590396881103516,0.0196432657539844,0.0409603118896484,0.1814484851702385,0,-0.1534260660409927,0.8755398988723755,-1.022205114364624,-1.3598617315292358,-1.0063050985336304,-0.1787469536066055,-1.1184275150299072,-0.8797413110733032,0.0541738085448741,-0.6989032030105591,-0.4541687965393066,-0.3160934746265411,-0.4697934687137604,-0.7937932014465332,-0.5995548367500305,0.6585947275161743,0.1890303641557693,0.974838376045227,0.6339038014411926,0.5605067610740662,0.1957550644874572,-1.008859634399414,0.569353461265564,-0.3211235702037811,0.3092460632324219,0.9200226664543152,-0.1285447180271148,-0.9945731163024902,-0.1217135637998581,0.5521650910377502,-0.7255156636238098,0.3783898651599884,0.888886034488678,0.3280855119228363,0.011997771449387,0.4991383850574493,-0.4749691486358642,-0.5157180428504944,-0.1593179553747177,0.0669859871268272,0.0106940604746341,-1.311803698539734,0.1828818619251251,0.868177592754364,0.1462742835283279
final_train_00340,final_train,C4,211,middle,1,middle,0.370727705399535,0.4276783168315887,0.0215570200234651,0.95850670337677,0.019936341792345,0.0414932966232299,0.1833137272635522,0,-0.1350186765193939,0.7933481931686401,-0.9692689180374146,-1.059931993484497,-0.8778625726699829,-0.1459918320178985,-0.9975860714912416,-0.8643496632575989,0.21328005194664,-0.3826052248477936,-0.4159341156482696,-0.239567831158638,-0.3344200849533081,-0.7261379957199097,-0.6728476285934448,0.5666887164115906,0.3000917136669159,0.9488015174865724,0.5696572661399841,0.5395100116729736,0.1783441454172134,-0.9943143725395204,0.7530437707901001,-0.0519628301262855,-0.197235569357872,0.828726589679718,0.0760796889662742,-0.861049473285675,-0.357850581407547,0.4723654091358185,-0.593346357345581,0.4864097833633423,0.8237313628196716,0.4791896641254425,0.3932741284370422,0.810979425907135,-0.401955246925354,-0.0859881862998008,0.1533459424972534,0.1441056728363037,-0.0293417405337095,-1.1481059789657593,0.169868990778923,0.8220884799957275,0.6572640538215637
final_train_00341,final_train,C4,212,middle,1,middle,0.372329189076259,0.4292941987514496,0.0215023960918188,0.9582968950271606,0.0202007498592138,0.0417031049728393,0.1840554945929138,0,-0.1179243773221969,0.8296311497688293,-0.9771859645843506,-1.0603384971618652,-0.9783926606178284,-0.2069564014673233,-1.0394093990325928,-0.8799278736114502,0.4091889858245849,-0.394376277923584,-0.3975570797920227,-0.2112519294023513,-0.1629077196121215,-0.6552867293357849,-0.7428709268569946,0.5979979038238525,0.4384145140647888,0.925788164138794,0.6039339303970337,0.5192965865135193,0.1373451054096222,-0.8291277885437012,0.7202736139297485,-0.132734790444374,0.3821992874145508,0.9308536052703856,-0.0221579726785421,-0.8915620446205139,-0.4033877551555633,0.5372564196586609,-0.5005582571029663,0.439141571521759,0.9049208760261536,0.4904917180538177,0.5335171818733215,0.8037476539611816,-0.3988316655158996,-0.0309448596090078,-0.1634486466646194,0.1576316207647323,0.0258756130933761,-1.1960941553115845,0.1612065583467483,0.9311767220497132,0.7580934166908264
final_train_00342,final_train,C4,213,middle,1,middle,0.3740125667268721,0.4303081035614013,0.0217218901962041,0.9577028155326844,0.0205752588808536,0.0422971844673156,0.1861255066791213,0,-0.1170394793152809,0.8494160175323486,-0.9746909737586976,-1.0622692108154297,-0.978815734386444,-0.2542286515235901,-1.040263533592224,-0.88001948595047,0.3843459188938141,-0.392378032207489,-0.4073081314563751,-0.1805629432201385,-0.253444492816925,-0.6725460290908813,-0.6272721290588379,0.5913698673248291,0.5203151106834412,0.8829688429832458,0.5965251326560974,0.6767995357513428,0.1204891353845596,-0.8355391025543213,0.8104594349861145,-0.0549750477075576,0.0877786800265312,0.9208329319953918,-0.1007523238658905,-0.9510695934295654,-0.4602096974849701,0.5342886447906494,-0.502808153629303,0.513765811920166,0.8883862495422363,0.4864450395107269,0.7039985060691833,0.7609428763389587,-0.3824814856052398,-0.0686189904808998,-0.1644919961690902,0.1928091496229171,0.1162499636411666,-1.194942831993103,0.1520016938447952,0.94914311170578,0.6860296726226807
final_train_00343,final_train,C4,214,middle,1,middle,0.3757789722813412,0.4318667948246002,0.0216318685561418,0.9574739336967468,0.02089424431324,0.0425260663032531,0.1869278355782166,0,-0.1053723618388176,0.918962061405182,-1.0172929763793943,-1.242874264717102,-1.007326602935791,-0.1824286133050918,-1.1344430446624756,-0.8801100254058838,0.4213002920150757,-0.1469682902097702,-0.3749391734600067,-0.2487601190805435,-0.0606856979429721,-0.6094720363616943,-0.7881793975830078,0.6335852742195129,0.2922714054584503,0.9578232765197754,0.6146284937858582,0.8268007636070251,0.1038326546549797,-0.7221910357475281,0.7540075182914734,-0.318558931350708,0.3411003053188324,0.9465742111206056,-0.0742176100611686,-0.9806883931159972,-0.5043466091156006,0.5575393438339233,-0.3929783701896667,0.4940130412578583,1.0074424743652344,0.793691098690033,0.3766162395477295,0.3669525682926178,-0.3711475729942322,-0.1801461279392242,0.1508832424879074,0.5402072072029114,0.079519122838974,-1.1108741760253906,0.1449870020151138,1.010591983795166,0.5831082463264465
final_train_00344,final_train,C4,215,middle,1,middle,0.3776294807046481,0.43356654047966,0.0218162219971418,0.9567807912826538,0.0214030016213655,0.0432192087173461,0.1893285830096397,0,-0.0951321274042129,0.8238422274589539,-0.9716007709503174,-1.1457313299179075,-0.9936107397079468,-0.1897778958082199,-1.09539794921875,-0.8650783896446228,0.4610790908336639,-0.0549353919923305,-0.3514675199985504,-0.2616319954395294,-0.0203901678323745,-0.5866127014160156,-0.8517903685569763,0.573046088218689,0.6131324172019958,0.8533102869987488,0.587570071220398,0.7104204893112183,0.0873721241950988,-0.6974102854728699,0.8388746380805969,-0.0166093111038208,-4.9078651500167325e-05,0.9377012848854064,-0.073323369026184,-0.9664394855499268,-0.4487394690513611,0.5320433974266052,-0.3401376605033874,0.547940194606781,0.938295841217041,0.8888736367225647,0.5686801075935364,0.1393666267395019,-0.3160765767097473,-0.1892818808555603,-0.1685302108526229,0.6586717963218689,0.1477302610874176,-1.061935544013977,0.13316510617733,1.0122504234313965,0.5577607750892639
final_train_00345,final_train,C4,216,middle,1,middle,0.3795651075094741,0.434974193572998,0.0217999275773763,0.9563972353935242,0.0218028556555509,0.0436027646064758,0.1906521211898457,0,-0.1107991263270378,0.8879096508026123,-0.9657445549964904,-1.1074986457824707,-0.993937373161316,-0.1926204264163971,-1.0875463485717771,-0.8802879452705383,0.3662858009338379,-0.1834186613559723,-0.3875671029090881,-0.2485237568616867,-0.1635808646678924,-0.5950892567634583,-0.6463505625724792,0.5857393145561218,0.540307343006134,0.900742530822754,0.6122013330459595,0.8560652136802673,0.0478641167283058,-0.5333282947540283,0.8571040630340576,-0.0186360925436019,0.3156734704971313,1.0210942029953003,-0.1319269984960556,-0.9523572325706482,-0.5135611295700073,0.5753341317176819,-0.5463141202926636,0.6059725880622864,1.0716512203216553,0.8902445435523987,0.8953216075897217,-0.0209439676254987,-0.3433423638343811,-0.180207684636116,0.1486095935106277,0.6283386945724487,0.1330337077379226,-1.1648386716842651,0.1174808070063591,1.084526538848877,0.6593714952468872
final_train_00346,final_train,C4,217,middle,1,middle,0.3815868083267034,0.4354618489742279,0.0220549702644348,0.9557278752326964,0.0222171675413846,0.0442721247673034,0.1929507616790615,0,-0.1051009893417358,0.8897005915641785,-0.9552035927772522,-1.0543911457061768,-0.9666573405265808,-0.2044510394334793,-1.0614824295043943,-0.880375325679779,0.3615002036094665,0.0688040629029274,-0.3830454647541046,-0.2383500784635543,-0.1913394480943679,-0.5943251848220825,-0.8021714687347412,0.5633254647254944,0.4734131097793579,0.834222137928009,0.600990355014801,0.5705053210258484,-0.0142893893644213,-0.8079913854598999,0.7907400131225586,-0.0125531675294041,0.1161586567759513,1.0548806190490725,-0.2504065632820129,-0.9384387135505676,-0.3980823457241058,0.5623610019683838,-0.4931963682174682,0.5726804137229919,1.0792604684829712,0.7598376870155334,0.7544002532958984,-0.0086991433054208,-0.39913210272789,-0.3091779947280884,-0.4916640222072601,0.5699063539505005,0.0890699028968811,-1.0655417442321775,0.1075285151600837,1.1045948266983032,0.5197324156761169
final_train_00347,final_train,C4,218,middle,1,middle,0.3836954782446592,0.4373455643653869,0.022009290754795,0.9553505182266236,0.0226402468979358,0.0446494817733764,0.1942388716800637,0,-0.0723531320691108,0.940169870853424,-0.9879826307296752,-1.1407514810562134,-1.0083009004592896,-0.1991318762302398,-1.0778340101242063,-0.8804617524147034,0.6034582853317261,0.0694213658571243,-0.3558127582073211,-0.2349280416965484,-0.0058278618380427,-0.5274685025215149,-0.7763752937316895,0.5885264873504639,0.435275673866272,0.9427314400672911,0.6089458465576172,0.6346996426582336,-0.0068103498779237,-0.6572543978691101,0.8390480279922485,-0.1589881628751754,0.2881575524806976,1.0984220504760742,-0.1410914957523346,-0.9674457311630248,-0.3784832656383514,0.5735070109367371,-0.2582556009292602,0.6362341642379761,1.1469435691833496,0.8005331158638,0.695070207118988,0.056018304079771,-0.3797509968280792,-0.32305508852005,-0.4916962385177612,0.5588454008102417,0.1790124624967575,-1.0882407426834106,0.1029120236635208,1.1587916612625122,0.5137487053871155
final_train_00348,final_train,C4,219,middle,1,middle,0.3858919516439112,0.4398583769798279,0.0222465675324201,0.9542286396026612,0.0235247500240802,0.0457713603973388,0.1980490421426567,0,-0.0632011070847511,0.8166245818138123,-0.9541268348693848,-0.9990707635879515,-1.0221803188323977,-0.1767070591449737,-1.066064715385437,-0.865773618221283,0.6615009307861328,0.3198876082897186,-0.316789299249649,-0.2178232073783874,0.1913753449916839,-0.5032077431678772,-0.7516847252845764,0.538314163684845,0.4655783176422119,0.9169520139694214,0.5720918774604797,0.6123064160346985,-0.0450959093868732,-0.1639076620340347,0.8121746182441711,-0.0764493569731712,-0.061001032590866,1.0112464427947998,-0.094024047255516,-0.896908700466156,-0.4209562540054321,0.5264346599578857,-0.1711261868476867,0.6110864281654358,1.0685003995895386,0.7890002727508545,0.5585185289382935,0.34064581990242,-0.3468824326992035,-0.462753027677536,-0.1706859022378921,0.6186593174934387,0.270647794008255,-0.9619683623313904,0.0929458737373352,1.1363625526428225,0.3494954109191894
final_train_00349,final_train,C4,220,middle,1,middle,0.3881770017017033,0.4425069093704223,0.0223759319633245,0.9528958201408386,0.0247281845659017,0.0471041798591613,0.2025190692247295,0,-0.0680084004998207,0.8986331224441528,-0.9518923163414,-1.0021345615386963,-1.02233624458313,-0.1842193305492401,-1.0897159576416016,-0.8806315660476685,0.6601702570915222,0.5257731676101685,-0.2886806130409241,-0.26588174700737,0.4317100644111633,-0.404673159122467,-0.8136758208274841,0.5616235733032227,0.6178394556045532,1.0474261045455933,0.596346914768219,0.7571300864219666,-0.0602351129055023,-0.3166041076183319,0.8830661773681641,-0.1226791217923164,0.3643378317356109,1.097952365875244,-0.2593491971492767,-0.9117295742034912,-0.253387987613678,0.5707685351371765,-0.2653445899486542,0.6642842888832092,1.1817545890808103,0.8513326048851013,0.9003832340240479,0.1634083986282348,-0.3386890292167663,-0.4988304078578949,0.1500893235206604,0.6333780288696289,0.4378031492233276,-0.9151957035064696,0.0817794352769851,1.194343090057373,0.4012586176395416
final_train_00350,final_train,C4,221,middle,1,middle,0.3906755923950607,0.4447354972362518,0.0226590521633625,0.951290726661682,0.026050254702568,0.0487092733383178,0.2078455983099327,0,-0.0765989944338798,0.9456658959388732,-0.9472314119338988,-0.9776985049247742,-1.009002685546875,-0.2442082911729812,-1.0493942499160769,-0.880715012550354,0.5814335942268372,0.1085655838251113,-0.3805460333824157,-0.227111205458641,-0.0990274921059608,-0.4473794996738434,-0.7878826260566711,0.5745774507522583,0.4961008131504059,1.1178274154663086,0.6085832715034485,1.0576201677322388,-0.0977820605039596,-0.687063455581665,0.9343924522399902,-0.0964863523840904,0.2429824620485305,1.1559925079345703,-0.3513240218162536,-0.8843463659286499,-0.3009975850582123,0.5905142426490784,-0.3226268589496612,0.7882047891616821,1.209640622138977,0.9375946521759032,1.289636492729187,-0.0882123857736587,-0.3158106505870819,-0.6743942499160767,0.7917929887771606,0.6757619380950928,0.5234026312828064,-1.111072301864624,0.0689261779189109,1.219383716583252,0.2363500595092773
final_train_00351,final_train,C4,222,middle,1,middle,0.3934969847115437,0.449207067489624,0.0231463406234979,0.9483747482299804,0.028478916734457,0.0516252517700195,0.2173480002190192,0,-0.0694435983896255,0.9699209928512572,-0.9534880518913268,-0.9928082823753356,-1.0226428508758545,-0.1561249792575836,-1.0786103010177612,-0.8807975649833679,0.6917601227760315,0.5723612904548645,-0.3475588262081146,-0.223118245601654,0.1878630667924881,-0.3928980827331543,-1.1801104545593262,0.6030865907669067,0.7369522452354431,1.146640062332153,0.6388939619064331,0.7767269015312195,-0.1349047422409057,-0.2439521253108978,0.9054844379425048,-0.146537497639656,0.4535354673862457,1.24957013130188,-0.4057042002677917,-0.926936149597168,-0.4282753765583038,0.6440278887748718,-0.2901048064231872,0.7981094717979431,1.3304307460784912,0.8934447169303894,1.1817786693572998,0.031951505690813,-0.3257254064083099,-0.6890067458152771,-0.504700243473053,0.7016351222991943,0.66936856508255,-0.9547783136367798,0.0572731271386146,1.3025829792022705,0.3237585425376892
final_train_00352,final_train,C4,223,middle,1,middle,0.3966436319051303,0.4538163244724273,0.0236675832420587,0.944693088531494,0.0316394045948982,0.0553069114685058,0.2290285840953047,0,-0.0605787299573421,1.0397764444351196,-0.9597674608230592,-0.9791017174720764,-1.022793531417847,-0.1201820820569992,-1.0875301361083984,-0.8808791041374207,0.8232532143592834,0.7201783061027527,-0.3361748158931732,-0.1984874904155731,0.360194981098175,-0.2780717015266418,-1.0565438270568848,0.6437073349952698,0.8073116540908813,1.2429357767105105,0.6774378418922424,0.9899754524230956,-0.1716103255748748,-0.1484803855419159,0.9622046947479248,-0.1433988362550735,0.5679439306259155,1.323463797569275,-0.507168173789978,-0.9274840354919434,-0.462204098701477,0.713053286075592,-0.2579481303691864,0.8485645651817322,1.4308619499206543,1.1219816207885742,1.1617681980133057,-0.0108431931585073,-0.2223617732524871,-0.9707220792770386,0.1433371156454086,0.8001503348350525,0.7942964434623718,-0.9252052903175354,0.0472352541983127,1.3697433471679688,0.1101927682757377
final_train_00353,final_train,C4,224,middle,1,middle,0.4001177684341023,0.4575366973876953,0.0242087971419096,0.9411418437957764,0.0346493981778621,0.0588581562042236,0.2400124318654125,0,-0.0726029723882675,1.0478413105010986,-0.9609183669090272,-0.9753540754318236,-1.036204218864441,-0.1192195042967796,-1.1013435125350952,-0.8809598088264465,0.6920434236526489,0.792283296585083,-0.3379099667072296,-0.3315558731555938,0.3412239551544189,-0.2559325397014618,-1.1823359727859497,0.6611724495887756,0.754091203212738,1.205693602561951,0.6907487511634827,0.9545932412147522,-0.1857044398784637,-0.2048787325620651,0.9913557171821594,-0.2143589854240417,0.3744014501571655,1.3452948331832886,-0.5157498121261597,-0.9280258417129515,-0.4064868986606598,0.7360402941703796,-0.3848404288291931,0.9137758016586304,1.4749306440353394,1.072500228881836,1.314688801765442,-0.0977775901556015,-0.2859595715999603,-1.214705228805542,-0.5083403587341309,0.7761263847351074,0.7806859612464905,-0.9073307514190674,0.0396797209978103,1.401864767074585,-0.1106241717934608
final_train_00354,final_train,C4,225,middle,1,middle,0.4039214090524924,0.4797894358634949,0.0269092358648777,0.9222623705863952,0.0508284233510494,0.0777376294136047,0.294327872543887,0,0.0156437382102012,0.9220613837242126,-0.9642792344093324,-1.268427848815918,-1.0362778902053833,-1.64678156375885,-1.1373918056488037,-0.881039559841156,0.7050727009773254,1.4791568517684937,-0.0366440564393997,0.1382088512182235,1.3278707265853882,-0.3151515126228332,-0.0045763622038066,0.372079849243164,0.9308125376701356,0.9441130757331848,0.4183672964572906,1.2309259176254272,0.1094501316547393,0.9025304317474364,1.049030900001526,-0.1310937106609344,-1.7409780025482178,0.8816619515419006,0.3653019070625305,-1.0107645988464355,0.0134973209351301,0.3134462833404541,-0.0193643979728221,0.7462939023971558,0.44987353682518,-0.0939753353595733,0.8108618855476379,0.8764488697052002,0.0803618878126144,-0.606864869594574,2.7194502353668213,-0.8934186100959778,0.7012606859207153,-0.4027875661849975,0.0737202018499374,1.0828500986099243,-0.1566899716854095
final_train_00355,final_train,C4,226,middle,1,middle,0.4080563473233657,0.4887466430664062,0.0300208311527967,0.9008886814117432,0.0690904259681701,0.0991113185882568,0.3494508098612257,0,0.053752776235342,0.7938885688781738,-0.9542725086212158,-1.121433973312378,-1.023235559463501,-1.515799880027771,-1.07503342628479,-0.8811184763908386,0.9942329525947572,1.2504851818084717,-0.0978213995695114,0.6654731631278992,1.1077967882156372,-0.2712082862854004,-1.292629957199097,0.3986113965511322,0.8623614311218262,0.9250943660736084,0.4476295113563537,0.098014548420906,-0.0816892907023429,0.5766112208366394,1.0433489084243774,-0.2030458003282547,0.2954281568527221,0.7976089715957642,0.6413450837135315,-0.9972155094146729,-0.0830148831009864,0.359026700258255,0.0282008331269025,0.814315676689148,0.4857402443885803,0.0709991455078125,0.9734490513801576,0.5570018291473389,0.3028327226638794,-0.546866774559021,-2.140669822692871,-0.8686884641647339,1.0458422899246216,-0.5030118823051453,0.0490330755710601,1.0850892066955566,-0.1165796890854835
final_train_00356,final_train,C4,227,middle,1,middle,0.4125241551232438,0.5218375325202942,0.0370933376252651,0.808447003364563,0.1544596552848816,0.191552996635437,0.5303133465852161,0,0.0502466708421707,0.7797138094902039,-0.9427391290664672,-1.075170397758484,-0.9972934722900392,-1.426432967185974,-1.049080729484558,-0.8811964988708496,0.9513981938362122,1.0866483449935913,-0.123002603650093,0.711112380027771,0.936982810497284,-0.2272071987390518,-0.932713747024536,0.4127991199493408,0.9029274582862854,0.9237404465675354,0.4650256931781769,0.4812224805355072,-0.1178805455565452,0.4845805168151855,1.0529240369796753,-0.166069820523262,0.2460986971855163,0.8317165374755859,0.6184101104736328,-0.9702653288841248,-0.1827624589204788,0.3918060064315796,0.0232187304645776,0.8387404680252075,0.5648874640464783,0.2254605740308761,1.2700315713882446,0.2169305980205536,0.31088587641716,-0.6666976809501648,-0.8409435153007507,-0.8322092294692993,1.1381843090057373,-0.5829708576202393,0.0387920178472995,1.1245193481445312,-0.1580758243799209
final_train_00357,final_train,C4,228,late,2,middle,0.4172019293174694,0.5568604469299316,0.0431227087974548,0.5743597745895386,0.3825175762176513,0.4256402254104614,0.7478882119364564,1,0.0973265320062637,0.8259800672531128,-0.9623912572860718,-1.0930984020233154,-1.0235222578048706,-1.3792393207550049,-1.069371461868286,-0.8812736868858337,1.2197154760360718,1.2011561393737793,-0.0746046751737594,0.65281742811203,1.1772208213806152,-0.0405927561223506,-0.6679829359054565,0.4617519378662109,0.9369867444038392,0.9532779455184937,0.5071467161178589,0.926036298274994,-0.1536762714385986,0.8547095060348511,1.0822378396987915,-0.2145523130893707,0.6466399431228638,0.9226754307746888,0.4475588500499725,-0.9975133538246156,-0.2995619475841522,0.4684475064277649,0.0872782096266746,0.9142283201217652,0.6780130863189697,0.3080377578735351,1.284281611442566,0.0801213681697845,0.3368963897228241,-0.5505262017250061,0.7814412117004395,-0.8190192580223083,1.0808088779449463,-0.5450413227081299,0.0322875455021858,1.1970807313919067,0.0285823978483676
final_train_00358,final_train,C4,229,late,2,late,0.4219821848886883,0.6001491546630859,0.0330510437488555,0.2026860266923904,0.7642629146575928,0.2357370853424072,0.5840712410407397,0,0.0888340026140213,0.769145131111145,-0.95072603225708,-1.0978854894638062,-1.0236632823944092,-1.3039941787719729,-1.0709501504898071,-0.881350040435791,1.0144158601760864,1.4039106369018557,0.0255400594323873,0.4111428260803222,1.477138876914978,-0.0718035027384758,-0.8043438196182251,0.4174139499664306,1.2289408445358276,0.882813036441803,0.471692144870758,0.7427420020103455,-0.124288760125637,1.2980129718780518,0.9827316999435424,-0.1894827932119369,-0.0467861406505107,0.8521729111671448,0.4138942062854767,-0.9976598024368286,-0.3048994243144989,0.4166297912597656,0.0477230884134769,0.8387400507926941,0.6442751884460449,0.1992594897747039,1.259563684463501,-0.0248428545892238,0.3086661696434021,-0.4668927192687988,-0.1973376125097274,-0.7575948238372803,0.7537688612937927,-0.3949919939041137,0.0281649176031351,1.1617376804351809,0.0866216793656349
final_train_00359,final_train,C4,230,late,2,late,0.4268639589376045,0.6364235877990723,0.0217060483992099,0.063207596540451,0.915086269378662,0.0849137306213378,0.3084589145241765,0,0.1577673852443695,0.6952381730079651,-0.9505759477615356,-1.086037516593933,-0.998139500617981,-1.1513413190841677,-1.039017677307129,-0.8814255595207214,1.2769770622253418,1.5402776002883911,0.1021208092570304,0.5039233565330505,1.6087946891784668,0.1669987142086029,-0.7801237106323242,0.3975380957126617,1.109237551689148,0.8429726362228394,0.4508832991123199,0.7181227803230286,-0.1167002543807029,1.3669368028640747,0.8946006298065186,-0.1952771693468094,0.052347145974636,0.7899031043052673,0.633630096912384,-0.9978047013282776,-0.3812716901302337,0.3886377811431885,0.2986212372779846,0.7171559929847717,0.6418710947036743,0.3008877038955688,1.05290424823761,0.0976847186684608,0.4364728033542633,-0.4254831373691559,-0.1981849819421768,-0.7070610523223877,0.6017726063728333,-0.2661997377872467,0.0248591993004083,1.1354819536209106,0.1222511827945709
final_train_00360,final_train,C4,231,late,2,late,0.4318462212495231,0.6649714112281799,0.0153352348133921,0.0266606416553258,0.9580039978027344,0.0419960021972656,0.1836856824543269,0,0.1515710651874542,0.7439838647842407,-0.9426305294036864,-1.080626368522644,-0.9856528639793396,-1.2001248598098757,-1.020403265953064,-0.881500244140625,1.1446759700775146,1.4681320190429688,0.1345329731702804,0.6402514576911926,1.6172605752944946,0.1369761973619461,-0.8334527611732483,0.3887857496738434,1.2016977071762085,0.8452357053756714,0.452523410320282,0.6944715976715088,-0.2373882234096527,1.5025910139083862,0.9053229689598083,-0.2326272279024124,0.1999779492616653,0.7864355444908142,0.6094984412193298,-0.9979480504989624,-0.5387080311775208,0.3979115784168243,0.2753237783908844,0.8396959900856018,0.6702431440353394,0.6602799296379089,1.482905626296997,0.1326409429311752,0.6557433009147644,-0.2316525131464004,-0.199025347828865,-0.6412585377693176,0.5589288473129272,-0.2716735899448395,0.0119635919108986,1.143783688545227,0.3105681836605072
final_train_00361,final_train,C4,232,late,2,late,0.4369278752029013,0.684587299823761,0.0123534556478261,0.0150050902739167,0.9726415276527404,0.0273584723472595,0.1313215586108303,0,0.1962312012910843,0.7362145185470581,-0.939254343509674,-1.0362790822982788,-0.9606053829193116,-1.1109071969985962,-0.9937489628791808,-0.8815741539001465,1.2879424095153809,1.5420058965682983,0.158547043800354,0.5690241456031799,1.561877727508545,0.2925606369972229,-0.6562957167625427,0.3907614052295685,1.3904269933700562,0.8628225326538086,0.4678155779838562,0.8201513290405273,-0.2930307388305664,1.6107702255249023,0.983620285987854,-0.1985349357128143,0.4244020879268646,0.8299487829208374,0.5407634377479553,-0.9585269093513488,-0.3232092559337616,0.4309011995792389,0.5560771226882935,0.8349100351333618,0.735812246799469,0.5857561230659485,1.3867664337158203,0.1778784990310669,0.6277912259101868,-0.0362155213952064,0.4547857940196991,-0.6385377645492554,0.6720970273017883,-0.2198236137628555,0.0029820804484188,1.18349027633667,0.5396229028701782
final_train_00362,final_train,C4,233,late,2,late,0.4421077590908769,0.6968671083450317,0.0103863952681422,0.0099048102274537,0.9797088503837584,0.0202911496162414,0.1030657478251676,0,0.2497742474079132,0.7107642292976379,-0.9368716478347778,-0.998647153377533,-0.9863317012786864,-1.0916837453842163,-0.9968935251235962,-0.8816472887992859,1.40127694606781,1.7722722291946411,0.2466421276330948,0.6442968249320984,1.7051420211791992,0.4590680599212646,-0.7885150909423828,0.3723199963569641,1.2668607234954834,0.804774284362793,0.4516201913356781,0.5720664262771606,-0.3058042824268341,1.6061339378356934,0.9387153387069702,-0.1482538878917694,0.111112929880619,0.7899930477142334,0.4625583589076996,-0.906407594680786,-0.3846219182014465,0.4105071425437927,1.035300850868225,0.8221469521522522,0.7053560018539429,0.6348398923873901,1.2270779609680176,0.2264802753925323,0.6524132490158081,0.1485616415739059,0.1237150132656097,-0.5929417014122009,0.6121723651885986,-0.0070256949402391,-0.0037034330889582,1.1574755907058716,0.6634634137153625
final_train_00363,final_train,C4,234,late,2,late,0.4473846468646302,0.7047369480133057,0.0095514673739671,0.0080954637378454,0.9823530316352844,0.0176469683647155,0.0918487820933545,0,0.3055583238601684,0.6779264807701111,-0.9582732915878296,-1.0284991264343262,-1.0369058847427368,-0.9889760613441468,-1.0327094793319702,-0.8817196488380432,1.5209943056106567,1.7345188856124878,0.2733004689216614,0.6293396353721619,1.616650104522705,0.5413119196891785,-0.840103268623352,0.3893171548843384,1.3010618686676023,0.8079025149345398,0.4598821103572845,0.626763641834259,-0.2974159717559814,1.4463692903518677,0.930618166923523,-0.1317833513021469,0.3234049379825592,0.7884445786476135,0.638647735118866,-0.9853208661079408,-0.3305431306362152,0.4325260818004608,1.1253702640533447,0.7454515099525452,0.7496456503868103,0.5054618120193481,1.0404915809631348,0.2925173342227936,0.6055422425270081,0.0635128393769264,-0.207052007317543,-0.5759108066558838,0.5175427198410034,0.0306457970291376,-0.0063387774862349,1.174998760223389,0.6006850004196167
final_train_00364,final_train,C4,235,late,2,late,0.4527572494549119,0.7108012437820435,0.0089783165603876,0.0070888041518628,0.9839329719543456,0.0160670280456542,0.0849578452565867,0,0.3377149105072021,0.6476567387580872,-0.9520905613899232,-1.020357966423035,-1.0244780778884888,-0.9364933967590332,-1.018439769744873,-0.8817912340164185,1.511874437332153,1.7192317247390747,0.2939532399177551,0.7913541197776794,1.528309345245361,0.713690996170044,-0.7410851716995239,0.3697062730789184,1.2710082530975342,0.7579301595687866,0.4460684359073639,0.8245209455490112,-0.330947995185852,1.6360280513763428,0.9279552102088928,-0.1308069378137588,0.1215815171599388,0.7907726764678955,1.0725908279418943,-0.9855268597602844,-0.58934485912323,0.4150974154472351,1.214491605758667,0.7597665786743164,0.7502332925796509,0.6029933094978333,1.0205094814300537,0.4357577264308929,0.6962025165557861,0.0535065308213233,0.4513282775878906,-0.5305783748626709,0.4752432405948639,0.08623618632555,-0.0147505495697259,1.1704484224319458,0.5787298083305359
final_train_00365,final_train,C4,236,late,2,late,0.4582242160935731,0.715178906917572,0.0085808625444769,0.0064204093068838,0.9849986433982848,0.015001356601715,0.0802192855972263,0,0.3303705155849457,0.7486326098442078,-0.9200270771980286,-1.0332258939743042,-1.0121803283691406,-0.996839165687561,-1.001610279083252,-0.8684034943580627,1.37299907207489,1.9879337549209597,0.3651163876056671,0.7152674198150635,1.672289252281189,0.6784567832946777,-0.866858184337616,0.3563181459903717,1.4345346689224243,0.7550290822982788,0.4477280974388122,0.8695352673530579,-0.3641288876533508,1.7865562438964844,0.96590256690979,-0.1008078902959823,0.1906506419181823,0.8408479690551758,0.6546486020088196,-0.9986422061920166,-0.5743247270584106,0.4164483845233917,1.1870089769363403,0.816006064414978,0.8176836967468262,0.737525999546051,1.367761731147766,0.0536914356052875,0.7675514221191406,0.5808477401733398,0.118061676621437,-0.4215955436229706,0.5352813005447388,0.3022550642490387,-0.0281513519585132,1.1894524097442627,1.0776902437210083
final_train_00366,final_train,C4,237,late,2,late,0.4637841353047116,0.7171430587768555,0.0084089487791061,0.0061545805074274,0.9854364991188048,0.014563500881195,0.0782523570339699,0,0.414318323135376,0.7584959268569946,-0.9245223999023438,-1.0389511585235596,-0.9876469969749452,-0.9973782896995544,-0.9797686338424684,-0.8819321393966675,1.6114873886108398,2.009305000305176,0.4521992206573486,0.9718082547187804,1.8229182958602903,0.9460963010787964,-0.9864035248756408,0.3643835186958313,1.6072535514831543,0.7079555988311768,0.4586893022060394,0.6988840103149414,-0.3762660026550293,2.0608115196228027,0.954312264919281,0.0098615512251853,0.3748945891857147,0.8393139839172363,1.128266453742981,-0.99877667427063,-0.7603573799133301,0.441212385892868,1.2748808860778809,0.8384016752243042,0.832863986492157,0.8313210606575012,1.478986144065857,0.1377050429582595,0.843978226184845,0.8282921314239502,-0.5462331175804138,-0.376380443572998,0.486156702041626,0.3979394435882568,-0.0352213717997074,1.1992573738098145,1.2672621011734009
final_train_00367,final_train,C4,238,late,2,late,0.4694355362262025,0.7196655869483948,0.0082228407263755,0.0058875465765595,0.9858896732330322,0.0141103267669677,0.0762042230691466,0,0.4452843964099884,0.7183237671852112,-0.926904320716858,-1.0795490741729736,-1.0371662378311155,-0.9656147360801696,-0.9857182502746582,-0.882001519203186,1.6534552574157717,2.008983612060547,0.4176990687847137,0.7960432171821594,1.6567010879516602,1.1290587186813354,-0.8846004009246826,0.3589081466197967,1.3791810274124146,0.6455330848693848,0.4457745850086212,0.6766989827156067,-0.3882773518562317,1.703989028930664,0.923397958278656,0.0231934729963541,0.1401654034852981,0.8304468989372253,1.630824089050293,-1.0116875171661377,-0.7726896405220032,0.4249894917011261,1.3618422746658323,0.7806195616722107,0.8274648785591125,0.6746121048927307,1.2084271907806396,0.3421868085861206,0.6816085577011108,0.7347347736358643,-0.5461211204528809,-0.3673917651176452,0.4679531455039978,0.4904215037822723,-0.0411577485501766,1.1810357570648191,1.1422827243804932
final_train_00368,final_train,C4,239,late,2,late,0.4751768900964172,0.7215225100517273,0.0080942073836922,0.0056963004171848,0.9862094521522522,0.0137905478477478,0.0747486226887811,0,0.4836446940898895,0.6961441040039062,-0.9156900644302368,-1.0618642568588257,-1.0372296571731567,-0.9544292688369752,-0.9819163084030152,-0.8820701837539673,1.6789393424987793,1.8813449144363403,0.456423670053482,0.7730612754821777,1.6936137676239014,1.108865737915039,-0.6439491510391235,0.3333688974380493,1.3668458461761477,0.6145839691162109,0.4261220097541809,0.7257013320922852,-0.4001648724079132,1.6077401638031006,0.8987976908683777,-0.007043425925076,0.0237057972699403,0.7931166291236877,1.431745529174805,-0.9990415573120116,-0.6958106160163879,0.3948004841804504,1.4479072093963623,0.7419092655181885,0.8166295886039734,0.702960729598999,1.3735620975494385,0.2536241710186004,0.6804885864257812,1.0240308046340942,0.4525223076343536,-0.3928599953651428,0.4105879664421081,0.5002779960632324,-0.0454215407371521,1.1602885723114014,1.3378506898880005
final_train_00369,final_train,C4,240,late,2,late,0.4810066112453712,0.7230689525604248,0.0080058332532644,0.0055547417141497,0.9864394664764404,0.0135605335235595,0.0736960246286685,0,0.5324663519859314,0.7169443368911743,-0.9276458024978638,-1.058127999305725,-0.9885980486869812,-0.8965729475021362,-0.9597049951553344,-0.8821381330490112,1.7892497777938845,1.862721562385559,0.5058223605155945,0.8812819719314575,1.8208894729614256,1.3511741161346436,-0.8394522070884705,0.3588803112506866,1.3671388626098633,0.682392418384552,0.4447516202926636,0.702886164188385,-0.4119304716587066,1.937515139579773,0.906289517879486,0.0014509229222312,0.4489004015922546,0.8679919838905334,2.0666911602020264,-1.011818528175354,-0.933258295059204,0.4303369224071502,1.5007184743881226,0.7561110854148865,0.8998240828514099,0.9321501851081848,1.1648627519607544,0.3504831194877624,0.7735034227371216,0.7063411474227905,0.1161800995469093,-0.2622142434120178,0.3920359313488006,0.5166900753974915,-0.0571136996150016,1.206975340843201,1.1002119779586792
final_train_00370,final_train,C4,241,late,2,late,0.4869230586640404,0.7242065668106079,0.0079427305608987,0.0054548890329897,0.9866024255752563,0.0133975744247436,0.0729476992883402,0,0.4769367277622223,0.7405800223350525,-0.9149158000946044,-1.0523356199264526,-1.0373544692993164,-0.9557275772094728,-0.9605246782302856,-0.8822053670883179,1.4884809255599976,1.5751053094863892,0.4195386171340942,0.657279908657074,1.4976400136947632,1.1216449737548828,-0.8153743147850037,0.337463229894638,1.3733083009719849,0.6772674322128296,0.4304971396923065,0.680911660194397,-0.4235760271549225,1.6835050582885742,0.9071015119552612,-0.1386786848306656,0.0386506654322147,0.8714733719825745,1.2247705459594729,-1.011883020401001,-0.6934005618095398,0.4066859781742096,1.4241678714752195,0.741005003452301,0.9193452596664428,0.8038294911384583,1.2919471263885498,-0.0454204976558685,0.6728270053863525,0.6725731492042542,0.1144108101725578,-0.3205592632293701,0.4201057255268097,0.3542362749576568,-0.0648692846298217,1.1881718635559082,1.049569606781006
final_train_00371,final_train,C4,242,late,2,late,0.4929245374910805,0.7249111533164978,0.0079019190743565,0.005389048717916,0.9867089986801147,0.0132910013198852,0.072456662283125,0,0.5631864666938782,0.7218209505081177,-0.9044621586799622,-1.0095927715301514,-0.9651160836219788,-0.9249525666236876,-0.9369449615478516,-0.882271945476532,1.7209371328353882,1.6675845384597778,0.465573638677597,0.5604396462440491,1.6082690954208374,1.3701395988464355,-1.0009076595306396,0.3284693360328674,1.210518717765808,0.7394880652427673,0.4289748072624206,0.7285640239715576,-0.4351033270359039,1.5469695329666138,0.907257080078125,-0.1912668049335479,0.2362625300884246,0.8726508617401123,1.1624858379364014,-0.9618740081787108,-0.7800114154815674,0.4074185490608215,1.5887113809585571,0.8179141879081726,0.9332162141799928,0.6984506845474243,1.3618450164794922,0.0543196573853492,0.5173946022987366,0.7106960415840149,-0.222390204668045,-0.3208217620849609,0.4804714918136596,0.4797859787940979,-0.0754121765494346,1.200953483581543,1.0685278177261353
final_train_00372,final_train,C4,243,late,2,late,0.4990093000039756,0.7256184220314026,0.0078549953177571,0.0053322301246225,0.9868127703666688,0.0131872296333312,0.0719806062977912,0,0.5588688254356384,0.689083456993103,-0.9016854763031006,-1.0082764625549316,-0.9655420780181884,-0.8488795757293701,-0.9282951354980468,-0.8823378682136536,1.5547447204589844,1.531596541404724,0.4716346263885498,0.5245804786682129,1.5016865730285645,1.2776306867599487,-0.764339804649353,0.3149729371070862,1.187713861465454,0.7093276977539062,0.4104522168636322,0.9101412892341614,-0.4465141892433166,1.4482505321502686,0.8513380289077759,-0.1217975541949272,0.0650974884629249,0.8345773816108704,1.3578944206237793,-0.9871001243591307,-0.8451696038246155,0.3806005716323852,1.5603102445602417,0.7256255745887756,0.9135829210281372,0.5750102400779724,1.1799453496932983,0.4582331776618957,0.4918907880783081,0.6429573893547058,0.4483188986778259,-0.3616600334644317,0.3079290091991424,0.4635631442070007,-0.0808424949645996,1.1720107793807983,0.964171290397644
final_train_00373,final_train,C4,244,late,2,late,0.505175547683926,0.7259002923965454,0.0078509151935577,0.005306513980031,0.9868425726890564,0.0131574273109436,0.0718403855793349,0,0.5505385398864746,0.6814619302749634,-0.8964398503303528,-1.015592336654663,-1.0375370979309082,-0.8392691016197205,-0.9451255798339844,-0.8824031352996826,1.4483824968338013,1.346436619758606,0.3918032348155975,0.3695637285709381,1.2298972606658936,1.304732322692871,-0.8801623582839966,0.306089699268341,1.062011957168579,0.757337749004364,0.4041131138801574,0.7466281056404114,-0.4578104019165039,1.0897347927093506,0.8396331667900085,-0.2101577818393707,0.1739825755357742,0.8112264275550842,1.257224678993225,-1.0120726823806765,-0.8851940631866455,0.3731041550636291,1.5321946144104004,0.6564458608627319,0.9339360594749452,0.6749866008758545,1.214718461036682,0.6482110023498535,0.4587226808071136,0.3308170735836029,-0.5640766620635986,-0.3872464597225189,0.1924771666526794,0.3547667264938354,-0.0884432420134544,1.160209894180298,0.6971063613891602
final_train_00374,final_train,C4,245,late,2,late,0.5114214322895921,0.7261255383491516,0.0078371604904532,0.005294534843415,0.9868682622909546,0.0131317377090454,0.0717229042722243,0,0.5716162919998169,0.6972989439964294,-0.8901808261871338,-0.9668967723846436,-1.0257275104522705,-0.8608875274658203,-0.926858365535736,-0.8824676871299744,1.4336084127426147,1.2088552713394165,0.4454003870487213,0.2319936454296112,1.3425753116607666,1.298591375350952,-0.9228668212890624,0.3042041659355163,0.9995226860046388,0.8634080290794373,0.3964124321937561,0.7237107157707214,-0.4689936339855194,1.122459053993225,0.8149398565292358,-0.2944490611553192,0.1023347228765487,0.796771764755249,0.4757787585258484,-0.9258214831352234,-0.4775626361370086,0.3609350323677063,1.6148258447647097,0.6339139342308044,0.9319131374359132,0.2881991267204284,1.1703587770462036,0.5202469825744629,0.2950292229652405,0.4109392762184143,-0.22641322016716,-0.4920210242271423,0.4590960741043091,0.2838045954704284,-0.099031887948513,1.1579036712646484,0.7420472502708435
final_train_00375,final_train,C4,246,late,2,late,0.5177450572612186,0.7263266444206238,0.0078339679166674,0.0052734799683094,0.9868925213813782,0.0131074786186218,0.0716086104161523,0,0.5838306546211243,0.6997305154800415,-0.8976890444755554,-0.931268870830536,-1.0376557111740112,-0.8676519393920898,-0.9327213168144226,-0.8825316429138184,1.3871134519577026,1.573238492012024,0.4689068496227264,0.436754822731018,1.3494625091552734,1.2962117195129397,-0.6944536566734314,0.3116946816444397,0.9969099164009094,0.9031355977058412,0.4022845327854156,0.9669209122657776,-0.4800655841827392,1.2705283164978027,0.8579475283622742,-0.3808414340019226,0.4087197780609131,0.8596047759056091,1.0072718858718872,-0.9017740488052368,-0.5604780912399292,0.3790593445301056,1.6181232929229736,0.697680652141571,0.9752671122550964,0.5097227692604065,1.0899399518966677,0.7049438953399658,0.4030621349811554,0.3766063153743744,0.7862445712089539,-0.3553223609924316,0.5757129192352295,0.6204579472541809,-0.1026539355516433,1.1940580606460571,0.7370887398719788
final_train_00376,final_train,C4,247,late,2,late,0.5241444796203328,0.7262448668479919,0.0078491801396012,0.0052788620814681,0.9868719577789308,0.0131280422210693,0.0717011550052437,0,0.5248473882675171,0.6897567510604858,-0.9033131003379822,-0.9052382111549376,-1.0377142429351809,-0.8502830862998962,-0.9234300255775452,-0.8825949430465698,1.143860936164856,1.448575735092163,0.4505117535591125,0.4801037609577179,1.2504082918167114,1.0797879695892334,-1.0094478130340576,0.316983163356781,0.8286954164505005,0.9502081871032716,0.4048370122909546,0.7395016551017761,-0.4910279214382171,1.1380269527435305,0.8430889844894409,-0.4425819218158722,0.2916939258575439,0.8693108558654785,1.081478714942932,-0.890173077583313,-0.6136470437049866,0.3884305953979492,1.4338934421539309,0.7118828892707825,0.9885116815567015,0.6693678498268127,0.9516958594322203,0.6124599575996399,0.5245992541313171,0.250440239906311,-0.2332221120595932,-0.3097527921199798,0.6829224228858948,0.5612345337867737,-0.106828399002552,1.1930136680603027,0.6260358691215515
final_train_00377,final_train,C4,248,late,2,late,0.5306177113738708,0.7260046601295471,0.007870907895267,0.0052946214564144,0.9868344664573668,0.013165533542633,0.0718717582357277,0,0.5408832430839539,0.7036283612251282,-0.9324033856391908,-0.8832380175590515,-1.0377720594406128,-0.7990049123764038,-0.9322596192359924,-0.8826576471328735,1.1294662952423096,1.3812464475631714,0.4793152511119842,0.283142477273941,1.2640130519866943,1.0439532995224,-1.045604586601257,0.3528688251972198,0.6682571172714233,0.9419821500778198,0.420363187789917,0.9127559661865234,-0.4823056757450104,1.286220669746399,0.8994565010070801,-0.4789339900016784,0.5546116232872009,0.8996326327323914,1.469025492668152,-0.8665381669998169,-0.5539693236351013,0.4240552484989166,1.4691448211669922,0.9205763339996338,1.0123430490493774,0.4701507985591888,1.026311993598938,0.3300428986549377,0.3725230991840362,0.1682746559381485,0.1055222153663635,-0.3700765669345855,0.8098890781402588,0.543228268623352,-0.1092423051595687,1.2182321548461914,0.5672702193260193
final_train_00378,final_train,C4,249,late,2,late,0.5371627209182999,0.7255823016166687,0.007909582927823,0.0053279078565537,0.9867625832557678,0.0132374167442321,0.0721999707473554,0,0.5798650979995728,0.6220154762268066,-0.9310991764068604,-0.88116455078125,-1.0378293991088867,-0.705579936504364,-0.9604440927505492,-0.8827196955680847,1.1217423677444458,1.3281745910644531,0.509773313999176,0.305823802947998,1.2005507946014404,1.1130454540252686,-1.0148122310638428,0.3268363177776336,0.6070213913917542,0.8934816122055054,0.3895799815654754,1.0131590366363523,-0.4347077906131744,1.0138773918151855,0.8267138600349426,-0.4817212224006653,-0.0107690328732132,0.8361737132072449,2.005764961242676,-0.8794009685516357,-0.9144640564918518,0.3774594366550445,1.612350344657898,0.8988099098205566,0.9599653482437134,0.487325519323349,0.8652709722518921,0.6192631125450134,0.3012260496616363,0.0256642494350671,0.4436904191970825,-0.2813282012939453,0.4425596892833709,0.5944609045982361,-0.1108349040150642,1.185959815979004,0.4064706861972809
final_train_00379,final_train,C4,250,late,2,late,0.5437774349393194,0.7256695628166199,0.0078969029709696,0.0053148516453802,0.986788272857666,0.0132117271423339,0.0720822385132481,0,0.6488485336303711,0.7346290349960327,-0.9561561346054076,-0.9682210683822632,-1.037886142730713,-0.8262025713920593,-0.9846885800361632,-0.8827812075614929,1.2479547262191772,1.6084493398666382,0.5900694131851196,0.2931378483772278,1.3785558938980105,1.206063151359558,-1.1776310205459597,0.3782103955745697,0.6908789873123169,0.9244750142097472,0.4235134422779083,1.1080129146575928,-0.523273229598999,1.1767892837524414,0.8274380564689636,-0.6744048595428467,0.6167808771133423,0.8727773427963257,1.9813454151153564,-1.0124354362487793,-1.128503918647766,0.4298440814018249,1.6617833375930786,1.0293307304382324,1.0170000791549685,0.6457914710044861,1.2431108951568604,0.5190441012382507,0.3689515888690948,0.3906145989894867,0.1002811416983604,-0.229688748717308,0.3914569020271301,0.9023009538650512,-0.119171641767025,1.211107611656189,0.696985125541687
final_train_00380,final_train,C4,251,late,2,late,0.5504597397333891,0.7250235676765442,0.0079541634768247,0.0053533613681793,0.986692488193512,0.013307511806488,0.0725166813080011,0,0.6852127909660339,0.6272744536399841,-0.936474621295929,-0.8741515278816223,-1.026418924331665,-0.7219473123550415,-0.9722688794136048,-0.8828420639038086,1.2477188110351562,1.445838212966919,0.6024820804595947,0.360512375831604,1.2628909349441528,1.2453030347824097,-1.1414692401885986,0.350386381149292,0.680995762348175,0.8846288323402405,0.4034436345100403,0.9469230771064758,-0.533812940120697,1.0909337997436523,0.8086035251617432,-0.4451531171798706,0.1206553801894187,0.8280032873153687,1.76159930229187,-0.8808093667030334,-1.1430490016937256,0.4081434905529022,1.6800940036773682,0.8597438931465149,0.975559413433075,0.769713819026947,0.8756320476531982,0.6485347151756287,0.4181852638721466,0.2082322388887405,-0.2428692281246185,-0.1637917459011078,0.2276445776224136,0.835428774356842,-0.1241274178028106,1.1844251155853271,0.5483628511428833
final_train_00381,final_train,C4,252,late,2,late,0.5572074830248314,0.7250785827636719,0.007939102128148,0.0053683565929532,0.9866926074028016,0.0133073925971984,0.0725217201933664,0,0.6930234432220459,0.6065029501914978,-0.944777488708496,-0.8788745403289795,-1.037998080253601,-0.6734139919281006,-0.984259307384491,-0.8829023241996765,1.1877387762069702,1.3903179168701172,0.6085481643676758,0.163637563586235,1.20136296749115,1.2215615510940552,-0.9190159440040588,0.3504492044448852,0.7623809576034546,0.8746986389160156,0.4069374799728393,0.980148434638977,-0.525052547454834,1.194231390953064,0.8102046847343445,-0.4524122476577759,0.4513721466064453,0.8558447360992432,1.5429166555404663,-0.9053303003311156,-0.8488541841506958,0.4213910400867462,1.6829806566238403,0.9016981720924376,0.982168197631836,0.4870427548885345,0.8569000959396362,0.7031729221343994,0.2512203454971313,0.1592778861522674,0.7823266386985779,-0.2721796035766601,0.4583346545696258,0.8244991302490234,-0.1257292479276657,1.2029320001602173,0.5116827487945557
final_train_00382,final_train,C4,253,late,2,late,0.5640184757003393,0.7244619727134705,0.0079796323552727,0.0054025137796998,0.9866178631782532,0.0133821368217468,0.0728615906376225,0,0.6767897009849548,0.7116668820381165,-0.9568461775779724,-0.8444705605506897,-1.02664053440094,-0.7178885340690613,-0.9707251787185668,-0.8829620480537415,1.1381126642227173,1.372164607048035,0.6055830121040344,0.2025287896394729,1.2074604034423828,1.2211370468139648,-0.8935899138450623,0.3960298895835876,0.7274327278137207,0.8965407013893127,0.4432332515716553,0.9500101208686828,-0.5545883774757385,1.1296378374099731,0.8435345888137817,-0.4758460521697998,0.8043601512908936,0.97216135263443,1.54084050655365,-0.8584782481193542,-0.7009294629096985,0.4880366027355194,1.6554917097091677,0.8630215525627136,1.089192509651184,0.3811389207839966,0.9063500165939332,0.8231579661369324,0.2739443778991699,0.1638647615909576,0.435708075761795,-0.3544060587882995,0.5918155908584595,0.7689914107322693,-0.1343614608049392,1.2554216384887695,0.5902049541473389
final_train_00383,final_train,C4,254,late,2,late,0.570890493295697,0.7249974012374878,0.0079294703900814,0.005370695143938,0.9866998195648192,0.0133001804351806,0.0724906052457809,0,0.7812994122505188,0.7489076256752014,-0.9775187969207764,-0.8410603404045105,-1.0153915882110596,-0.7154261469841003,-0.9478761553764344,-0.8830211758613586,1.4148869514465332,1.3824769258499146,0.6538311839103699,-0.0249564796686172,1.370819926261902,1.5299092531204224,-0.869172990322113,0.4530611038208008,0.9169830083847046,0.9566300511360168,0.4969772398471832,0.982171356678009,-0.5648269653320312,1.331506371498108,0.8878282308578491,-0.3459766507148742,1.1673063039779663,1.0502901077270508,1.2512797117233276,-0.8592724204063416,-0.5555040240287781,0.5882615447044373,1.7037721872329712,0.8185514211654663,1.198130488395691,0.2210447788238525,0.8574709892272949,0.7637612819671631,0.025899002328515,0.0933508053421974,0.775323748588562,-0.3218092322349548,0.4635583162307739,0.7404978275299072,-0.1434649974107742,1.304806113243103,0.6154451966285706
final_train_00384,final_train,C4,255,late,2,late,0.5778212777302862,0.7246129512786865,0.0079619800671935,0.0053991572931408,0.9866389036178588,0.0133610963821411,0.0727682254494338,0,0.7172971367835999,0.7724007964134216,-0.9610938429832458,-0.8480872511863708,-0.9929457902908324,-0.708794891834259,-0.9340147972106934,-0.8830797672271729,1.2042354345321655,1.435139775276184,0.653755247592926,0.0094024408608675,1.3397806882858276,1.4248672723770142,-0.9071014523506165,0.4461457133293152,0.7994787693023682,0.9705631136894226,0.5081475377082825,1.0125815868377686,-0.5938920378684998,1.244279146194458,0.9033246636390686,-0.3053937554359436,0.4914824366569519,1.1332404613494873,1.135231852531433,-0.8952889442443848,-0.5296290516853333,0.6049517393112183,1.6764460802078247,0.7801420092582703,1.2617071866989136,0.396497517824173,0.8679918646812439,0.7323044538497925,0.130092516541481,0.0818904936313629,0.7706820368766785,-0.2371229529380798,0.5947100520133972,0.7937999367713928,-0.1560980379581451,1.3263722658157349,0.6490545868873596
final_train_00385,final_train,C4,256,late,2,late,0.5848085390415947,0.7251819372177124,0.007919555529952,0.0053687216714024,0.9867116212844848,0.0132883787155151,0.0724377749402685,0,0.7186658978462219,0.7716529369354248,-0.9591490626335144,-0.8741416931152344,-1.0157145261764526,-0.7074440717697144,-0.9398185014724731,-0.8831377625465393,1.172755479812622,1.2091927528381348,0.6326894760131836,-0.1741527765989303,1.263491153717041,1.4175084829330444,-1.064384698867798,0.4516091644763946,0.707027018070221,0.9810631275177002,0.5155976414680481,0.9816176295280457,-0.603847324848175,1.1588987112045288,0.909687042236328,-0.2736181914806366,0.5006488561630249,1.1292470693588257,0.9162243008613586,-0.9777145981788636,-0.5568720102310181,0.6164524555206299,1.679295301437378,0.7926449179649353,1.2890337705612185,0.2839723527431488,0.7865710854530334,0.3641574680805206,0.0142319221049547,-0.2197715193033218,0.4227854907512665,-0.1521802395582199,0.6573567390441895,0.5799478888511658,-0.1664893180131912,1.3259817361831665,0.4124633073806762
final_train_00386,final_train,C4,257,late,2,late,0.5918499572023178,0.7254933714866638,0.007894467562437,0.0053487955592572,0.9867568016052246,0.0132431983947753,0.0722328082748639,0,0.9694826006889344,0.7038999199867249,-0.9855462312698364,-1.0724469423294067,-1.0382685661315918,-1.7479743957519531,-1.0431878566741943,-0.8831952214241028,1.279881238937378,1.4674152135849,0.7915065288543701,0.4826405644416809,1.1756309270858765,1.4108821153640747,-0.6117442846298218,0.3241504430770874,0.7919997572898865,0.8782336711883545,0.3958649039268493,1.3631086349487305,-0.4449994266033172,1.3134732246398926,0.6138774752616882,-0.4112109839916229,-1.0858434438705444,0.9055270552635192,1.4175294637680054,-1.0128326416015625,-1.3741140365600586,0.4305439889431,1.7118926048278809,0.4673411548137665,0.6139344573020935,0.9516350626945496,0.4337214827537536,0.6570957899093628,0.3689907491207123,0.6720805168151855,2.8064446449279785,0.7767083048820496,-0.3075113296508789,1.1920892000198364,-0.135154590010643,1.1551045179367063,0.5761412382125854
final_train_00387,final_train,C4,258,late,2,late,0.5989431836070794,0.7259268760681152,0.0078866770491003,0.0053360774181783,0.9867772459983826,0.0132227540016174,0.0721382020153134,0,0.7397724390029907,0.6514178514480591,-0.9692328572273254,-0.996007800102234,-1.0271762609481812,-1.6185970306396484,-0.9931361675262452,-0.8832521438598633,0.9281114339828492,1.0676484107971191,0.6171752214431763,0.1546722501516342,1.0144227743148804,1.1642669439315796,-1.2534964084625244,0.3838049173355102,0.6376804113388062,0.978422462940216,0.4468951821327209,0.7352449893951416,-0.5861625671386719,1.1638046503067017,0.6999070048332214,-0.3778278827667236,0.8744556307792664,0.9434322714805604,1.0033526420593262,-1.0013093948364258,-1.1845121383666992,0.5106121301651001,1.670095682144165,0.5713902115821838,0.7682303786277771,0.9638509750366212,0.6136307120323181,0.7852091789245605,0.3171434104442596,0.1162325292825698,-0.6289750337600708,0.8290870785713196,0.0095343869179487,0.6400957107543945,-0.1609977334737777,1.1988446712493896,0.2798324823379516
final_train_00388,final_train,C4,259,late,2,late,0.6060858430547267,0.7261475920677185,0.0078628584742546,0.0053279562853276,0.9868091344833374,0.0131908655166625,0.0719949294820328,0,0.6345981359481812,0.7025571465492249,-0.9699835181236268,-0.9958142638206482,-1.0272804498672483,-1.6030428409576416,-0.998210608959198,-0.8833085298538208,0.7265271544456482,1.0380802154541016,0.6509007215499878,0.0665882378816604,1.1380335092544556,1.083967208862305,-1.2152338027954102,0.4148015677928924,0.6204658150672913,0.9931600689888,0.4804813265800476,0.946763277053833,-0.6145846843719482,1.2591537237167358,0.7781012654304504,-0.4156012237071991,0.8174999952316284,1.0327543020248413,1.139718770980835,-1.0014175176620483,-1.1350356340408323,0.5668206810951233,1.5549472570419312,0.7912646532058716,0.8560304641723633,0.9915947914123536,0.8614386916160583,0.5483165979385376,0.4039509892463684,0.0686322972178459,0.0583414249122142,0.8573054075241089,0.1538731455802917,0.5709884762763977,-0.1684466898441314,1.2499562501907349,0.3071109354496002
final_train_00389,final_train,C4,260,late,2,late,0.6132755353176444,0.726279616355896,0.0078645534813404,0.0053244614973664,0.9868109822273254,0.0131890177726745,0.0719857265648852,0,0.6330096125602722,0.7266913056373596,-0.96550852060318,-1.0138390064239502,-1.0273836851119995,-1.5432860851287842,-0.9918265342712402,-0.8833644390106201,0.7363082766532898,0.9405571818351746,0.5794458389282227,-0.0182289723306894,0.9816119074821472,1.0831159353256226,-1.0777325630187988,0.4384888112545013,0.5204820036888123,0.9854386448860168,0.5010446310043335,1.1476277112960815,-0.6612263321876526,1.067678451538086,0.8314933180809021,-0.4188666939735412,0.6930564641952515,1.0979613065719604,0.9731774926185608,-1.001524806022644,-1.2193187475204468,0.6008593440055847,1.5436286926269531,0.9079689383506776,0.9423575401306152,0.8616074919700623,0.8313788771629333,0.69632488489151,0.1689241081476211,0.0143664078786969,0.7441839575767517,0.7967248558998108,0.2276278883218765,0.4348942935466766,-0.1809014827013015,1.281257390975952,0.3305794596672058
final_train_00390,final_train,C4,261,late,2,late,0.6205098370414552,0.7266001105308533,0.0078075588680803,0.005288413260132,0.9869040250778198,0.0130959749221801,0.0715633893022682,0,0.6912060379981995,0.7221639156341553,-0.9580093622207642,-0.958145797252655,-1.0055058002471924,-1.5294393301010132,-0.9777299165725708,-0.8834197521209717,0.9310494661331176,0.9953966736793518,0.6506280303001404,0.2922641634941101,1.2141635417938232,1.2465503215789795,-1.204666256904602,0.4655317962169647,0.7387185096740723,1.0554265975952148,0.5445664525032043,1.3363858461380005,-0.6706393957138062,1.48980450630188,0.9193212985992432,-0.5418373346328735,0.9298765659332277,1.174220085144043,1.2947120666503906,-0.9673796892166138,-1.250831961631775,0.6744698286056519,1.6200860738754272,0.8068063855171204,1.0179747343063354,0.7764619588851929,0.8625430464744568,0.7323457598686218,0.2487463355064392,0.1098895817995071,1.082996487617493,0.8937020897865295,0.5775085687637329,0.4643577337265014,-0.1914957463741302,1.3272558450698853,0.4686477780342102
final_train_00391,final_train,C4,262,late,2,late,0.6277863034795255,0.7266354560852051,0.0078080515377223,0.0052968761883676,0.9868952035903932,0.0131047964096069,0.0716057078011639,0,0.6236453056335449,0.8543775677680969,-0.9813308715820312,-0.9980421662330629,-1.0275871753692627,-1.5063745975494385,-0.9825787544250488,-0.883474588394165,0.8830955624580383,1.1282974481582642,0.548254132270813,0.4167148768901825,1.136623501777649,1.038642168045044,-1.4494390487670898,0.5875041484832764,0.8499946594238281,1.1832327842712402,0.6468347311019897,1.3472745418548584,-0.6982793211936951,1.4642300605773926,1.0594297647476196,-0.5218130946159363,2.299131155014038,1.4864164590835571,1.290102481842041,-1.0017361640930176,-1.5730518102645874,0.8564474582672119,1.521304488182068,0.9871047139167786,1.2568117380142212,1.0112489461898804,1.1847466230392456,0.3424444198608398,0.2321904301643371,-0.0100149642676115,0.3890946805477142,0.9856055974960328,0.8190433382987976,0.4428286552429199,-0.2075703740119934,1.4885820150375366,0.55677729845047
final_train_00392,final_train,C4,292,late,2,late,0.853176624903484,0.7328624725341797,0.0078161330893635,0.0048577385023236,0.9873260855674744,0.0126739144325256,0.0695348140795628,0,2.3884737491607666,0.768904983997345,-1.0148125886917114,-1.1562585830688477,-1.0287336111068726,-1.6866649389266968,-1.0028163194656372,-0.8840953707695007,1.1814438104629517,1.822721004486084,2.331987142562866,2.609708070755005,1.630997657775879,1.299464225769043,-1.5528147220611572,0.5491989254951477,1.5282782316207886,0.9355269074440002,0.6249555349349976,1.5342180728912354,-0.8549441695213318,2.022767305374145,0.9484654068946838,-0.6517336368560791,1.4838836193084717,0.9476680159568788,1.882731556892395,-1.0136961936950684,-2.358247756958008,0.7410598993301392,1.9054958820343015,0.7845445275306702,0.8851454257965088,2.6976537704467773,1.387961506843567,1.9506741762161253,3.297338962554932,2.2917888164520264,1.0172581672668457,3.099596738815308,0.3648827970027923,2.9337236881256104,-0.3480191230773926,1.5193946361541748,1.656564712524414
final_train_00393,final_train,C4,293,late,2,late,0.8605125230752216,0.7325828671455383,0.0078260172158479,0.004870668053627,0.9873031973838806,0.0126968026161193,0.0696409358537166,0,2.448901891708374,0.6009923219680786,-0.9397565722465516,-0.9939998388290404,-0.9152920246124268,-1.4792059659957886,-0.947094738483429,-0.839438259601593,1.192136287689209,1.6552658081054688,2.3284740447998047,2.624288558959961,1.4731521606445312,1.4446039199829102,-1.459015965461731,0.4584839046001434,1.5346477031707764,0.8865829110145569,0.5803430676460266,1.3529565334320068,-0.8629420399665833,1.8845351934432983,0.959515392780304,-0.2550708353519439,-0.3960325419902801,0.8658934831619263,1.719934582710266,-0.9386880397796632,-2.2955634593963623,0.6697088479995728,1.934558629989624,0.6962616443634033,0.830223023891449,2.5305120944976807,1.256639838218689,1.9604028463363647,3.2990496158599854,2.1795084476470947,0.6647835373878479,2.9765257835388184,0.3650879263877868,2.828214406967163,-0.3559873700141907,1.471248745918274,1.6024738550186155
final_train_00394,final_train,C4,294,late,2,late,0.8678115294346587,0.7326647043228149,0.0078164022415876,0.0048686638474464,0.9873149394989014,0.0126850605010986,0.0695887972928977,0,2.391528606414795,0.8471441268920898,-1.0167925357818604,-1.1339620351791382,-1.028913140296936,-1.635200262069702,-0.9974892139434814,-0.8841925263404846,1.1511714458465576,1.8497915267944336,2.300014972686768,2.703155517578125,1.5411604642868042,1.353935480117798,-1.62742018699646,0.5710635781288147,1.4649615287780762,0.9907895922660828,0.6534879207611084,1.5236072540283203,-0.8708707094192505,1.8602652549743648,0.9407795071601868,-0.6732985973358154,2.4326138496398926,1.092119216918945,1.8268659114837649,-1.013789415359497,-2.365597009658813,0.7911837697029114,1.8950546979904173,0.6934974193572998,1.0450702905654907,2.4968104362487797,1.2205533981323242,2.2933311462402344,3.381063938140869,2.1061434745788574,0.6611488461494446,3.0568952560424805,0.2397317290306091,2.929013252258301,-0.3597555756568908,1.510728359222412,1.655215620994568
final_train_00395,final_train,C4,295,late,2,late,0.8750714602372003,0.7325093150138855,0.0078044100664556,0.0048764143139123,0.9873191118240356,0.0126808881759643,0.069573504309723,0,2.409200429916382,0.8520628809928894,-1.0195850133895874,-1.1043615341186523,-1.01876962184906,-1.5911552906036377,-0.9852938652038574,-0.8842405080795288,1.1382594108581543,1.6405829191207886,2.271167516708374,2.810829401016236,1.4682291746139526,1.3609631061553955,-1.5733107328414917,0.5853255987167358,1.4418127536773682,0.9807955622673036,0.6601309180259705,1.5147032737731934,-0.8787309527397156,1.7391175031661987,1.0000134706497192,-0.6307669281959534,0.918976902961731,1.0983059406280518,1.7525603771209717,-0.9925760626792908,-2.3338000774383545,0.8008658289909363,1.8967037200927732,0.6950330138206482,1.072439432144165,2.5603301525115967,1.1236348152160645,2.0438578128814697,3.668917417526245,1.9095196723937988,1.00513756275177,2.9938549995422363,0.3196807205677032,2.648951292037964,-0.3639472723007202,1.585524082183838,1.5045106410980225
final_train_00396,final_train,C4,296,late,2,late,0.8822901666761845,0.7326104640960693,0.0077804974280297,0.0048771621659398,0.987342357635498,0.0126576423645019,0.0694716482945124,0,2.6445746421813965,0.8986613154411316,-1.027629256248474,-1.1154216527938845,-1.0392777919769287,-1.574149250984192,-0.9930253028869628,-0.8842880725860596,1.3643972873687744,1.7471898794174194,2.456178665161133,3.240028619766236,1.6818238496780396,1.4850069284439087,-1.7278985977172852,0.631962239742279,1.5808627605438232,1.0351769924163818,0.7078490853309631,1.710610032081604,-0.8865237832069397,1.8086705207824707,1.0933356285095217,-0.6067224144935608,2.002786636352539,1.209995150566101,1.7609010934829712,-1.0138810873031616,-2.4089527130126958,0.8862590193748474,1.99315881729126,0.7257492542266846,1.176471710205078,2.79782509803772,1.1430898904800415,1.621395468711853,4.156505584716797,1.872774839401245,0.9995317459106444,3.313066244125366,0.4669917523860931,2.7457077503204346,-0.3702299892902374,1.806852459907532,1.5672482252120972
final_train_00397,final_train,C4,297,late,2,late,0.889465535874026,0.7324385046958923,0.0077669024467468,0.0048932833597064,0.9873398542404176,0.0126601457595825,0.069489586183868,0,2.2918028831481934,1.0446221828460691,-1.0608925819396973,-1.096872329711914,-1.0393213033676147,-1.6572816371917725,-1.0093543529510498,-0.8843352198600769,1.0378226041793823,1.2718472480773926,2.028512954711914,2.13847279548645,1.2466762065887451,1.269006609916687,-1.748613715171814,0.691183865070343,1.2407557964324951,1.203044891357422,0.7477140426635742,1.6899259090423584,-0.8942499756813049,1.4087423086166382,1.115883708000183,-0.8662999868392944,1.8082389831542969,1.332759976387024,1.2670059204101562,-1.003387451171875,-1.986010789871216,0.9493566155433656,1.8460079431533811,0.757045328617096,1.3162120580673218,2.4252943992614746,1.127487301826477,1.4657684564590454,2.887059450149536,1.192790985107422,1.3412563800811768,3.1394119262695312,1.0662070512771606,1.952089071273804,-0.3784237504005432,1.9690299034118648,1.0126396417617798
final_train_00398,final_train,C4,298,late,2,late,0.8965954922863433,0.732580304145813,0.0077480673789978,0.0048946854658424,0.987357258796692,0.0126427412033081,0.0694132975950735,0,2.2218728065490723,0.8683255314826965,-1.0013004541397097,-1.0086772441864014,-1.009060025215149,-1.473852276802063,-0.9713871479034424,-0.8734433054924011,0.8461853861808777,0.8441221117973328,1.91975736618042,1.4790987968444824,0.9372549653053284,1.4467235803604126,-1.410205960273743,0.5761085748672485,1.3003875017166138,1.068465232849121,0.6594312787055969,1.2328424453735352,-0.9019104242324828,1.420841932296753,1.048564910888672,-0.6573851108551025,-1.2258938550949097,1.1487261056900024,0.8604495525360107,-0.9195250868797302,-1.5418987274169922,0.7875025272369385,1.780692219734192,0.5602927207946777,1.187221646308899,1.1743381023406982,0.7455986738204956,1.1102325916290283,1.8860101699829104,0.8593253493309021,0.6378399729728699,1.9613465070724487,0.8906269073486328,1.491965651512146,-0.3834791779518127,1.146783471107483,0.6372443437576294
final_train_00399,final_train,C4,299,late,2,late,0.903677998858296,0.732435941696167,0.0077443006448447,0.0048936246894299,0.9873621463775636,0.0126378536224365,0.0693914940736072,0,2.574989080429077,0.8187771439552307,-0.9896281361579896,-1.0155010223388672,-0.999172568321228,-1.428311824798584,-0.95180481672287,-0.8735359907150269,1.0454087257385254,1.0823527574539185,2.233720302581787,1.5127719640731812,1.1358654499053955,1.3854944705963137,-1.3683574199676514,0.5230123400688171,1.2512495517730713,1.0151208639144895,0.6039490103721619,1.2758777141571045,-0.9095059633255004,1.3427667617797852,1.0086586475372314,-0.6246626973152161,-0.6243754029273987,1.0857272148132324,0.9570497274398804,-0.951318383216858,-1.5267829895019531,0.6859695315361023,1.9834012985229488,0.5404868125915527,1.126890778541565,1.337690353393555,0.6080590486526489,0.9725342988967896,1.8885585069656368,1.2481428384780884,0.9828311204910278,2.158280849456787,0.8903462886810303,1.9138308763504028,-0.3904721736907959,1.124374270439148,0.9554207921028136
final_train_00400,final_train,C4,300,late,2,late,0.9107110585939012,0.7322887182235718,0.0077467830851674,0.0048905252479016,0.9873627424240112,0.0126372575759887,0.0693874928052821,0,2.1926212310791016,0.7157881259918213,-0.9458417892456056,-1.0314102172851562,-0.9893685579299928,-1.3588227033615112,-0.9427943229675292,-0.8410887718200684,0.6112958192825317,0.7370566129684448,1.8031485080718996,1.4603179693222046,0.5655037760734558,1.1669169664382937,-1.0149481296539309,0.4254539012908935,0.9729255437850952,0.9220557808876038,0.5240875482559204,1.120360255241394,-0.933805525302887,0.709030270576477,0.9158303141593932,-0.5395774245262146,-1.5737217664718628,0.8593113422393799,0.9765253663063048,-0.962032437324524,-1.47071635723114,0.5384052991867065,1.758251428604126,0.5428583025932312,0.9581010937690736,1.0408387184143066,0.7133663296699524,0.926276922225952,1.6658066511154177,1.1085615158081057,1.672360897064209,1.4849086999893188,0.8014445900917053,1.580488204956055,-0.4092968702316284,1.0167256593704224,0.6920387148857117
final_train_00401,final_train,C4,301,late,2,late,0.9176927152993934,0.7320152521133423,0.0077645806595683,0.0049017150886356,0.9873336553573608,0.0126663446426391,0.0695201518047851,0,2.679311513900757,0.5656446814537048,-0.9033254384994508,-0.9981733560562134,-0.93975031375885,-1.2654520273208618,-0.9169817566871644,-0.8305158615112305,0.7991112470626831,0.7298626899719238,2.1554079055786133,1.579056739807129,0.6687778234481812,1.223081350326538,-1.0676984786987305,0.2865399718284607,0.970496416091919,0.7673822045326233,0.4057851135730743,0.8151959776878357,-0.941203236579895,0.6837514042854309,0.7445170879364014,-0.5848020315170288,-2.521185398101806,0.6006065011024475,1.118850827217102,-0.9415713548660278,-1.358906388282776,0.3299689292907715,2.0123960971832275,0.4672431349754333,0.7393743395805359,0.7064120173454285,0.7627686858177185,0.9675769805908204,1.7104082107543943,1.3507341146469116,0.2695312798023224,1.0445894002914429,0.66811203956604,1.814154267311096,-0.4161874949932098,0.8883540630340576,0.727143406867981
final_train_00402,final_train,C4,302,late,2,late,0.924621055069945,0.731962263584137,0.0077702873386442,0.0048994747921824,0.9873303174972534,0.0126696825027465,0.0695343800436767,0,3.340174674987793,0.5367568731307983,-0.8842707872390747,-0.9511243104934692,-0.960074245929718,-1.248180270195007,-0.917945921421051,-0.8092758059501648,1.183172583580017,0.9890182018280028,2.810321092605591,1.6312007904052734,1.1267763376235962,1.5644679069519043,-1.0405775308609009,0.2460877299308776,1.4863336086273191,0.6993615031242371,0.372878223657608,0.9497892260551452,-0.9319112300872804,1.130408763885498,0.7046546936035156,-0.6749474406242371,-0.4363055527210235,0.5436083674430847,1.1079000234603882,-0.8800079226493835,-1.3780285120010376,0.2776028215885162,2.066328525543213,0.4554896652698517,0.6853426098823547,0.7808574438095093,0.7404558062553406,1.0064481496810913,1.816646099090576,1.823285222053528,1.314079999923706,1.2938998937606812,0.5494621992111206,2.339845657348633,-0.4163021147251129,0.8550410866737366,1.094894289970398
final_train_00403,final_train,C4,303,late,2,late,0.9314942072808134,0.7317551970481873,0.0077853891998529,0.0049007846973836,0.9873138070106506,0.0126861929893493,0.0696073862360825,0,3.2672934532165527,0.5435628294944763,-0.8861767053604126,-0.9614112377166748,-1.0296838283538818,-1.2125307321548462,-0.9332277178764344,-0.8310558795928955,1.1200289726257324,1.030924677848816,2.9152042865753174,1.5078866481781006,1.2300235033035278,1.556132435798645,-1.0911486148834229,0.2700284421443939,1.5237560272216797,0.7667157649993896,0.3899323940277099,1.001614332199097,-0.9558136463165284,1.3621689081192017,0.7379550933837891,-0.6985243558883667,1.1515237092971802,0.5767399072647095,0.877811849117279,-0.9011605978012084,-1.4200809001922607,0.3116714358329773,2.054058313369751,0.5045269131660461,0.7267209887504578,0.8881474733352661,0.7326708436012268,0.9199497699737548,1.9108272790908811,1.8106045722961424,0.9581438899040222,1.546912431716919,0.4912769496440887,2.3677940368652344,-0.4200712740421295,0.8845235705375671,1.1266684532165527
final_train_00404,final_train,C4,304,late,2,late,0.9383103458262748,0.7315133810043335,0.007797447964549,0.0049049505032598,0.9872976541519164,0.0127023458480834,0.0696805823191884,0,3.8993828296661377,0.5431397557258606,-0.868378758430481,-0.939923882484436,-1.0297659635543823,-1.1408591270446775,-0.9327223896980286,-0.8206561803817749,1.4927345514297483,1.3398504257202148,3.5172367095947266,1.5023430585861206,1.6636229753494265,1.931788682937622,-1.0634108781814575,0.2646198570728302,1.805913209915161,0.7794229388237,0.389018565416336,1.0890382528305054,-0.9630279541015624,1.751003623008728,0.7459833025932312,-0.7610036730766296,0.5280166268348694,0.5845135450363159,0.7850073575973511,-0.8709740042686462,-1.491987943649292,0.3129803240299225,2.120466470718384,0.5319265723228455,0.7737070918083191,0.987517237663269,0.7084668278694153,0.7289643883705139,2.1182284355163574,2.065263032913208,1.3014007806777954,1.76861834526062,0.2515927851200104,2.873272180557251,-0.4257866442203522,0.8934964537620544,1.4046428203582764
final_train_00405,final_train,C4,305,late,2,late,0.945067690028176,0.7313993573188782,0.0077917450107634,0.0049097607843577,0.9872984290122986,0.0127015709877014,0.0696787783575368,0,4.395026206970215,0.5459025502204895,-0.8704581260681152,-0.9321961402893066,-1.0298473834991455,-1.1130374670028689,-0.9250156879425048,-0.8528315424919128,1.6872403621673584,1.3396815061569214,4.060747623443604,1.46999192237854,1.9456453323364256,2.005054235458374,-1.149387001991272,0.2548200190067291,1.808571934700012,0.7255197763442993,0.375495046377182,1.0592927932739258,-0.9373393058776855,1.8864612579345703,0.7431191205978394,-0.8473232388496399,0.2522175908088684,0.5899102091789246,0.7454062104225159,-0.8716082572937012,-1.4675238132476809,0.294903039932251,2.173283815383911,0.5382443070411682,0.7709268927574158,0.988941729068756,0.6138707995414734,0.7093249559402466,2.2019121646881104,2.018019676208496,0.5963329672813416,1.9283173084259035,0.2220958322286605,2.9006547927856445,-0.422612190246582,0.8924527168273926,1.3670867681503296
final_train_00406,final_train,C4,306,late,2,late,0.9517645058748668,0.7310950756072998,0.0077859833836555,0.0049318391829729,0.9872822165489196,0.0127177834510803,0.0697598277774571,0,2.255490779876709,0.5038996338844299,-0.8777157068252563,-0.8973569869995117,-1.0396970510482788,-1.030748963356018,-0.9375787973403932,-0.8741635084152222,0.2044267654418945,0.5872804522514343,2.2695236206054688,1.490687608718872,0.404231458902359,0.5897819399833679,-0.7837789058685303,0.2314444780349731,0.5037940144538879,0.6716699004173279,0.344279408454895,0.768264889717102,-0.8464457392692566,0.6658740043640137,0.7303048968315125,-0.8004321455955505,0.2446195036172866,0.5327557921409607,0.7745490074157715,-0.8417917490005493,-1.3174833059310913,0.2528757452964782,1.7840635776519775,0.3849906027317047,0.763042151927948,0.4404486715793609,0.5496243238449097,1.0349507331848145,1.7789469957351685,0.9374982714653016,0.9427201747894288,0.8483506441116333,-0.0505755692720413,1.7009984254837036,-0.3996347188949585,0.8759658336639404,0.402285486459732
final_train_00407,final_train,C4,307,late,2,late,0.9583991068471568,0.7309289574623108,0.0077854455448687,0.0049430867657065,0.98727148771286,0.0127285122871398,0.0698117221930901,0,2.34240984916687,0.4038426876068115,-0.852996289730072,-0.8685810565948486,-1.0397369861602783,-0.9668804407119752,-0.9411877989768982,-0.8426446318626404,0.1635120809078216,0.4061217904090881,2.3088738918304443,0.8806012868881226,0.2902082204818725,0.5542128086090088,-0.6912136077880859,0.1757792532444,0.391719788312912,0.5660048723220825,0.2882311940193176,0.598884642124176,-0.8214454650878906,0.5314380526542664,0.6564039587974548,-0.9213802814483644,-0.8611572980880737,0.404431015253067,0.9973275661468506,-0.8223265409469604,-1.0333082675933838,0.1597580015659332,1.8378267288208008,0.3907380402088165,0.6396780014038086,0.1609834283590316,0.5410269498825073,0.8602589964866638,1.3467800617218018,0.89082932472229,1.28683340549469,0.5580529570579529,-0.1511755585670471,1.5405128002166748,-0.3928302824497223,0.8171512484550476,0.2750465273857116
final_train_00408,final_train,C4,308,late,2,late,0.9649698549920588,0.7310394644737244,0.0077582220546901,0.0049571166746318,0.9872846007347108,0.0127153992652893,0.0697593733961388,0,3.9337875843048096,0.245833471417427,-0.7858244776725769,-0.9462910294532776,-1.0397768020629885,-0.8421437740325928,-0.9431102275848388,-0.7484297752380371,0.8455313444137573,0.9307924509048462,4.025026798248291,1.440418720245361,1.1416893005371094,1.2250161170959473,-0.6385303139686584,-0.0120152356103062,1.130192756652832,0.4044646918773651,0.1348036825656891,0.695789635181427,-0.8453109860420227,1.4022867679595947,0.4790582656860351,-0.6640730500221252,-3.656653642654419,0.0557572618126869,0.9068453311920166,-0.9540054202079772,-1.3007078170776367,-0.0951850265264511,2.11014986038208,0.1429724991321563,0.3627182841300964,0.555423378944397,0.1968857049942016,0.802925705909729,2.748162269592285,1.899585723876953,1.6276097297668457,1.1600979566574097,-0.5364262461662292,2.842369794845581,-0.4015352427959442,0.6632999777793884,0.9088084697723388
final_train_00409,final_train,C4,309,late,2,late,0.9714751617487428,0.7306915521621704,0.0077895424328744,0.0049746166914701,0.9872358441352844,0.0127641558647155,0.0699817286242307,0,4.534834384918213,-0.0568280294537544,-0.6932176947593689,-0.9535142183303832,-1.03981614112854,-0.6579423546791077,-0.9446442127227784,-0.6967791318893433,0.6902041435241699,0.9200139045715332,4.756817817687988,1.8893842697143557,0.94252210855484,0.8059186339378357,-0.4757814407348633,-0.2967329919338226,0.5327829718589783,0.1162874922156333,-0.1164613962173461,0.3805923461914062,-0.7720546722412109,0.9394204020500184,0.1450142413377761,-0.6244338154792786,-5.9912190437316895,-0.4667561650276184,1.228703856468201,-0.9743413329124452,-1.5537132024765017,-0.4931402802467346,2.2006402015686035,-0.1572295278310775,-0.1433061957359314,0.8044136166572571,-0.3405580818653106,1.474400520324707,3.86051869392395,2.466963768005371,0.5708393454551697,1.1053004264831543,-1.2264562845230105,3.601576089859009,-0.3861913681030273,0.4099380075931549,0.9048116207122804
final_train_00410,final_train,C4,310,late,2,late,0.977913488939684,0.7303236126899719,0.0078436722978949,0.0049849338829517,0.9871713519096376,0.0128286480903625,0.0702698402890682,0,3.777224063873291,-0.2444551289081573,-0.6368828415870667,-0.8850758671760559,-1.0206338167190552,-0.5720908641815186,-0.92617005109787,-0.5831032395362854,0.1095966696739196,0.5114363431930542,4.523370742797852,2.1424922943115234,0.4412715435028076,0.5268476009368896,-0.5020604729652405,-0.4746768474578857,0.0296460669487714,-0.028001369908452,-0.2625693082809448,0.2954006195068359,-0.6993914842605591,0.6139164566993713,-0.0296336766332387,-0.8846858143806458,-3.309497117996216,-0.7180181741714478,1.2667195796966553,-0.8447499871253967,-1.6633381843566897,-0.7088657021522522,2.073172092437744,-0.176569178700447,-0.4104529619216919,0.8363822102546692,-0.4252142310142517,1.9032964706420896,4.70756721496582,1.8638238906860352,-0.1333526521921157,1.1380276679992676,-1.509568452835083,3.141907930374145,-0.3732241988182068,0.2711377739906311,0.2537339627742767
final_train_00411,final_train,C4,311,late,2,late,0.984283349679214,0.730039656162262,0.0078880796208977,0.004996886011213,0.9871150255203248,0.0128849744796752,0.0705226594109164,0,3.5196049213409424,-0.3553045988082886,-0.6067956686019897,-0.8431031107902527,-1.0016061067581177,-0.5128971934318542,-0.904237687587738,-0.573996901512146,-0.097508430480957,0.221566304564476,4.542354583740234,2.2982869148254395,0.2707369327545166,0.3103551864624023,-0.3798895478248596,-0.576048731803894,-0.1178185120224952,-0.1156599223613739,-0.3488905131816864,0.360599160194397,-0.6593630313873291,0.5721585750579834,-0.1228405013680458,-0.8835179805755615,-1.8697545528411863,-0.8616364598274231,1.5702306032180786,-0.8056989908218384,-1.7955342531204224,-0.8287506103515625,2.0230906009674072,-0.2548640966415405,-0.5593010783195496,0.7493230104446411,-0.5079836249351501,2.524830102920532,4.727580547332764,1.4528824090957642,0.9190584421157836,1.0615969896316528,-1.756649613380432,2.693880796432495,-0.3701753616333008,0.1988359093666076,-0.1278904378414154
final_train_00412,final_train,C4,312,late,2,late,0.990583309116882,0.7297558784484863,0.007931281812489,0.0049923909828066,0.987076222896576,0.012923777103424,0.0706909296985126,0,3.501201868057251,-0.3462071120738983,-0.6116095185279846,-0.8177753686904907,-0.982731282711029,-0.5326524376869202,-0.8889332413673401,-0.5752873420715332,-0.1098897606134414,0.172261580824852,4.282514572143555,1.797052979469299,0.1330679506063461,0.3607597053050995,-0.2599315941333771,-0.570426881313324,-0.1063850671052932,-0.1196789741516113,-0.345304012298584,0.3133249580860138,-0.6675360798835754,0.3830785453319549,-0.1174234449863433,-0.9684593677520752,0.18291737139225,-0.8266223669052124,1.495553493499756,-0.7768656611442566,-1.6215683221817017,-0.8165726065635681,2.01143741607666,-0.2559677362442016,-0.5568752288818359,0.4443206787109375,-0.558179497718811,2.4251158237457275,3.544440507888794,1.551924467086792,0.914344072341919,0.740400493144989,-1.758880615234375,2.540639162063598,-0.3719719350337982,0.2089748084545135,-0.0433766320347785
final_train_00413,final_train,C4,313,late,2,late,0.9937456482321264,0.7293753027915955,0.0079677756875753,0.0049999793991446,0.9870321750640868,0.012967824935913,0.0708875750821632,0,3.756011724472046,-0.3323410153388977,-0.6155053973197937,-0.7851736545562744,-0.9640074372291564,-0.5160067677497864,-0.8692013025283813,-0.5971322059631348,0.0020587507169693,0.2242060899734497,4.348865985870361,1.447964072227478,0.1733448505401611,0.4525890052318573,-0.2527175843715668,-0.5593952536582947,-0.026832340285182,-0.1067198440432548,-0.3329668343067169,0.1928534507751464,-0.6756437420845032,0.3345412909984588,-0.1005224958062172,-0.9481381773948668,0.4522225558757782,-0.7857611775398254,1.3957828283309937,-0.7482629418373108,-1.510521650314331,-0.7908536791801453,2.075625419616699,-0.2832413017749786,-0.5222403407096863,0.2876701056957245,-0.6329033374786377,2.34263014793396,2.99683690071106,1.593267798423767,0.558556318283081,0.5846036076545715,-1.79340398311615,2.5801711082458496,-0.3749698400497436,0.2265739887952804,0.0336855314671993
final_train_00414,final_train,C4,314,late,2,late,0.9968846622724016,0.729311466217041,0.0079531334340572,0.0050133964978158,0.987033486366272,0.012966513633728,0.0708877853182955,0,3.920851945877075,-0.330046147108078,-0.614600419998169,-0.7607714533805847,-0.9359752535820008,-0.5049170255661011,-0.8546419739723206,-0.608561635017395,0.0797290652990341,0.384225994348526,4.524534702301025,1.4814332723617554,0.2652248740196228,0.4927783906459808,-0.1718171536922454,-0.5508037805557251,-0.0023059071972966,-0.0975708737969398,-0.3159310817718506,0.1852891892194748,-0.7470181584358215,0.4219883382320404,-0.0875652730464935,-0.9686303734779358,0.499176949262619,-0.7407867312431335,1.1010841131210327,-0.710063099861145,-1.4219608306884766,-0.7595723867416382,2.12672758102417,-0.3023215532302856,-0.4761414527893066,0.3012412488460541,-0.6782837510108948,1.7852861881256104,3.1245133876800537,1.6879757642745972,0.9072571396827698,0.654160737991333,-1.7558348178863523,2.8519413471221924,-0.3823423385620117,0.2455659806728363,0.1561327427625656
final_train_00415,final_train,C4,315,late,2,late,0.9999999999999942,0.7290071845054626,0.0079512409865856,0.0050295894034206,0.987019181251526,0.0129808187484741,0.0709573192236124,0,3.756789445877075,-0.2724051177501678,-0.6264927387237549,-0.7556472420692444,-0.9646856784820556,-0.5267118811607361,-0.8649039268493652,-0.6607033014297485,0.0453118383884429,0.2898985743522644,4.21466588973999,1.1591918468475342,0.1703370362520218,0.4539356231689453,-0.20266655087471,-0.5184712409973145,-0.0324048586189746,-0.0652753934264183,-0.2899971604347229,0.1778575032949447,-0.7705160975456238,0.3287208378314972,-0.0695506036281585,-0.9343111515045166,0.9006696343421936,-0.6627691984176636,1.111591339111328,-0.7210968136787415,-1.3036751747131348,-0.7137188911437988,2.077228546142578,-0.2775612473487854,-0.4116195738315582,0.1851056665182113,-0.7120795249938965,1.3174399137496948,2.712302923202514,1.5333683490753174,1.2538368701934814,0.644839346408844,-1.7825533151626587,2.512378692626953,-0.3878733515739441,0.2837919890880584,0.109858751296997
final_internal_val_00000,final_internal_val,C1,58,early,0,early,0.348180295254021,0.3074067533016205,0.9550874829292296,0.0306944325566291,0.0142180370166897,0.0449125170707702,0.1923250718219914,0,-1.643722414970398,-2.184746265411377,1.0006922483444214,2.046464681625366,1.3243802785873413,1.201337814331055,1.3482033014297483,1.6752692461013794,-1.5622678995132446,-1.4258956909179688,-2.887609004974365,-1.0467761754989624,-1.3059828281402588,-1.153658151626587,2.5051512718200684,-1.0235328674316406,-1.7940412759780884,-1.322359919548035,-0.4161662459373474,-0.6424941420555115,1.2795844078063965,-1.187419056892395,-0.9033369421958924,0.2751250863075256,-0.1428509652614593,-0.876948893070221,-0.973488450050354,1.4416258335113523,1.1645820140838623,-0.8938897848129272,-0.6155282258987427,-0.6040779948234558,-0.2602880001068115,-0.9068463444709778,-2.067092180252075,-0.629490852355957,-1.89307701587677,-0.6683098673820496,2.245926856994629,-0.6618986129760742,-0.4235595166683197,-0.7045643925666809,1.40065336227417,-1.125294208526611,-0.54354327917099
final_internal_val_00001,final_internal_val,C1,59,early,0,early,0.3502107335703193,0.308616042137146,0.9544525146484376,0.0311707705259323,0.0143767846748232,0.0455474853515625,0.1944191050817708,0,-1.842297077178955,-2.8674066066741943,1.0134965181350708,1.3796648979187012,1.3243802785873413,1.2447444200515747,1.7542239427566528,1.6752692461013794,-1.5746232271194458,-0.3385440111160278,-0.9706055521965028,-0.4067232310771942,-0.558985710144043,-0.1274276673793792,0.4086773991584778,-0.2707879543304443,-1.8505103588104248,-0.4309479296207428,-0.1995158493518829,-1.0883831977844238,1.2795844078063965,-0.5232781767845154,-1.7762813568115234,-1.1789181232452393,-0.1409403383731842,-0.8491578698158264,0.1437253654003143,1.2519265413284302,0.1606950759887695,-0.4704411327838897,-0.6357600092887878,-0.5728678703308105,-0.1105647459626197,-0.7794298529624939,-0.8863754272460938,0.2267564833164215,0.1334960162639618,0.2851071953773498,-1.795225739479065,-0.5250956416130066,0.3943633139133453,0.9517868757247924,1.4614360332489014,-0.3149893879890442,0.3699088096618652
final_internal_val_00002,final_internal_val,C1,60,early,0,early,0.3520890354626005,0.307837575674057,0.9544723033905028,0.0316399671137332,0.0138877406716346,0.045527696609497,0.1940019830315978,0,-2.338961124420166,-4.7784833908081055,1.0807878971099854,2.018165349960327,1.3243802785873413,1.3850895166397097,1.855386734008789,1.6752692461013794,-2.175914764404297,-0.8090644478797913,-4.298996448516846,-1.5121653079986572,-1.227558135986328,-0.1098020896315574,-0.0403533950448036,-0.8029783964157104,-2.11169695854187,0.1396208554506302,-0.2040536105632782,-0.2224474251270294,1.2795844078063965,-1.0380650758743286,-0.6750770807266235,-0.3593305051326751,-0.1438703536987304,-0.5321683287620544,-0.8093166947364807,1.4416258335113523,-0.5799121856689453,-0.6900803446769714,-0.6531015634536743,-1.457730770111084,-0.1002552211284637,-0.6091374754905701,-1.8837826251983645,0.7116485238075256,-2.466813564300537,-1.488268494606018,-0.3987912833690643,-0.3660999238491058,-0.1699130535125732,0.3578697741031647,1.6101915836334229,0.2193376868963241,-1.751571536064148
final_internal_val_00003,final_internal_val,C1,61,early,0,early,0.3538195629167083,0.3081673383712768,0.9542346596717834,0.0318176820874214,0.0139476265758275,0.0457653403282165,0.194783111990381,0,-2.129129648208618,-2.2799980640411377,1.051490068435669,2.476682662963867,1.3243802785873413,1.295298457145691,1.99910831451416,1.6752692461013794,-1.6062051057815552,-0.6569281220436096,-3.2821261882781982,-1.8304792642593384,-0.6788814663887024,-0.6474283337593079,0.513957679271698,0.1515765786170959,-0.588158130645752,-0.3123800456523895,0.0982191115617752,-0.2755699753761291,1.2795844078063965,-0.316173106431961,-0.321464866399765,-0.9296631813049316,-0.1333448886871338,0.2403407543897628,-1.236713409423828,1.4416258335113523,0.2345065176486969,-0.0140817426145076,-0.6681308746337891,0.0335852652788162,0.533610999584198,-0.5521749258041382,-0.8081179857254028,-0.1203016340732574,-2.555345296859741,-1.5587303638458252,-0.4020754396915436,-0.3247352540493011,0.4432531893253326,0.0032965543214231,1.3867454528808594,-0.1957150995731353,-1.4123352766036987
final_internal_val_00004,final_internal_val,C1,62,early,0,early,0.3554067755527934,0.3071803748607635,0.9543631672859192,0.031793650239706,0.0138431545346975,0.0456368327140808,0.1943065134601896,0,-1.882253885269165,-3.7904794216156006,0.9963151812553406,2.520235061645508,1.3243802785873413,1.265447020530701,1.9638104438781736,1.6752692461013794,-1.6189557313919067,0.2541118860244751,-2.1240272521972656,-1.2909862995147705,-0.5852065682411194,-0.5711185932159424,1.060721516609192,-0.7688297629356384,0.0781110152602195,-1.1867671012878418,-0.2303739339113235,-1.2096542119979858,1.2795844078063965,-0.3057041466236114,-0.3569557070732116,-0.1768677830696106,-0.1497686952352523,-0.4997666478157043,-1.0897765159606934,1.4416258335113523,0.9825051426887512,-0.5240303874015808,-0.681281566619873,0.4384836554527282,0.0349759459495544,-0.545290470123291,-1.8235886096954343,-1.0616252422332764,-0.6321633458137512,-1.334630012512207,-0.4050690829753876,-0.2769000828266144,-0.3724689185619354,1.764722228050232,1.749020218849182,-1.0339720249176023,-1.3140525817871094
final_internal_val_00005,final_internal_val,C1,63,early,0,early,0.3568552188071624,0.3090991973876953,0.9539432525634766,0.0318689420819282,0.0141877578571438,0.0460567474365234,0.1958634815653939,0,-2.1353061199188232,-4.242978096008301,1.056740164756775,1.4459091424942017,1.0451042652130127,1.3112499713897705,1.3982640504837036,1.6752692461013794,-2.108553409576416,-0.3183722198009491,-1.7897992134094238,0.3148078918457031,-0.352760761976242,-0.8361020684242249,1.5985997915267944,-0.8055906891822815,-0.3594254851341247,-1.336232304573059,-0.1897322088479995,-0.7364946007728577,1.0458173751831057,0.0387211069464683,-0.9295105934143066,-0.7011330127716064,-0.1405953764915466,-1.0695180892944336,-0.5048913955688477,1.151497483253479,0.90401428937912,-0.5983813405036926,-0.6928851008415222,0.1787030696868896,-0.1682794839143753,-0.4266960024833679,-0.91243577003479,-1.2134886980056765,0.4656333029270172,-0.1385347098112106,1.0696558952331543,-0.1846564263105392,-0.0608784146606922,1.1274369955062866,1.2607120275497437,-1.1313682794570925,0.1245616897940635
final_internal_val_00006,final_internal_val,C1,64,early,0,early,0.3581695125587713,0.3082025945186615,0.9538009762763976,0.0322181656956672,0.0139809250831604,0.0461990237236022,0.1961484396882464,0,-2.0383143424987797,-3.3637983798980717,1.0114285945892334,1.667373776435852,0.9287393093109132,1.2404906749725342,1.2436139583587646,1.6752692461013794,-2.1786258220672607,0.0621008947491645,-2.513456106185913,-2.238893747329712,-0.8567401766777039,-1.0887455940246582,1.0200611352920532,-0.6113060712814331,-1.5137734413146973,-0.4087423086166382,-0.2534189820289612,-0.280979722738266,1.0588043928146362,-0.3849498629570007,-0.933144509792328,-0.6608705520629883,-0.1409803479909896,-1.0854285955429075,-1.5635881423950195,1.16761577129364,-0.0121610546484589,-0.6805409789085388,-0.7031993865966797,-1.0620304346084597,-0.333578497171402,-0.5355638861656189,-2.5638129711151123,-0.2729927897453308,-2.5205795764923096,-0.6732510924339294,0.9930877089500428,-0.1504057347774505,-0.2852564454078674,1.8436968326568604,1.0961519479751587,-0.2791813611984253,-0.6805542707443237
final_internal_val_00007,final_internal_val,C1,65,early,0,early,0.3593543403056702,0.3115841448307037,0.9497075080871582,0.0323943719267845,0.0178981479257345,0.0502924919128418,0.211281656965942,0,1.2872633934020996,-6.527881145477295,1.243791103363037,-2.5325024127960205,0.4498053789138794,-0.4741156697273254,0.3110978603363037,1.6752692461013794,-3.1409475803375244,0.2814729213714599,-4.047168254852295,1.9112728834152224,-1.935302734375,0.374761700630188,4.218586921691895,-6.269193172454834,-0.0720518678426742,-1.177270531654358,-1.6096246242523191,2.3272130489349365,1.2795844078063965,-1.0930464267730713,-3.2905256748199463,-3.2339870929718018,-0.2236888706684112,-0.2510868012905121,1.1737556457519531,-0.8946709036827087,-2.032360792160034,-3.917904138565064,0.9487096667289734,-4.048025131225586,-6.106780529022217,1.625053882598877,-3.762462615966797,-1.564486384391785,5.048977851867676,1.404114007949829,6.4226603507995605,2.267784118652344,-5.263182163238525,2.842949390411377,3.8331282138824463,-0.9990965723991394,-1.4052213430404663
final_internal_val_00008,final_internal_val,C1,66,early,0,early,0.3604144386924849,0.3109777271747589,0.951756238937378,0.0314593128859996,0.0167843867093324,0.048243761062622,0.2043336240647185,0,1.2030359506607056,-5.469559192657471,1.2986620664596558,0.1280349940061569,1.0869957208633425,-0.402066707611084,1.377355694770813,1.6752692461013794,-2.0042929649353027,-0.2677388787269592,-4.433737754821777,1.2221448421478271,-1.2438135147094729,0.0928748846054077,-0.9912472367286682,-5.543942451477051,-0.3139162361621856,-1.340441346168518,-1.2529560327529907,-2.343605756759644,1.0808824300765991,-0.3947077691555023,-3.78183388710022,-2.696887254714966,-0.1439146995544433,-1.0165365934371948,0.7762945890426636,-0.5312469601631165,-1.5803492069244385,-3.707001209259033,0.8573470711708069,-3.129418134689331,-5.684250831604004,1.185246825218201,-3.173804998397827,-1.456250786781311,4.114566802978516,1.4418625831604004,-3.850033760070801,1.7438032627105713,-5.010961055755615,2.003542423248291,2.6211323738098145,-1.180379867553711,-0.495128333568573
final_internal_val_00009,final_internal_val,C1,67,early,0,early,0.3613545874942406,0.3088629245758056,0.9532622694969176,0.0309751499444246,0.0157626289874315,0.0467377305030822,0.1990421298136973,0,-0.1064738109707832,-4.79373836517334,1.1894594430923462,1.0774704217910769,1.3243802785873413,-0.3991252481937408,1.754960536956787,1.552860140800476,-3.059733390808105,-1.3145142793655396,-4.933837413787842,1.080546259880066,-1.7302019596099854,0.512922465801239,-0.7426084876060486,-4.76527738571167,-0.8202863335609436,-0.9997302293777466,-1.168540358543396,-1.8860918283462524,0.9011043310165404,-1.0517160892486572,-3.1159887313842773,-2.1358659267425537,-0.1385191828012466,-1.2526192665100098,0.3812746107578277,0.9718942046165466,-1.494789958000183,-3.394174098968506,0.1735121309757232,-2.9039506912231445,-5.517130374908447,0.9374215006828308,-2.6891074180603027,-0.9854909181594848,3.5004467964172363,0.9607309103012084,-3.159344434738159,1.4584479331970217,-4.499326705932617,1.0843565464019775,1.9590399265289309,-0.8592803478240967,-1.1261721849441528
final_internal_val_00010,final_internal_val,C1,68,early,0,early,0.3621796000682329,0.3086332976818084,0.9539914727211,0.0308095701038837,0.0151989683508872,0.0460085272789001,0.1964110313993428,0,-0.1427702903747558,-4.258326530456543,1.0746710300445557,0.8418527245521545,1.2164782285690308,-0.3507940769195556,1.5075441598892212,1.4415792226791382,-2.8159255981445312,-1.4943478107452393,-4.33144998550415,0.9205796122550964,-1.738508224487305,0.5693968534469604,-0.2597709894180298,-4.4111528396606445,0.3691597878932953,-0.3249351382255554,-1.193881869316101,-1.0390037298202517,0.9183080196380616,-1.0701926946640017,-2.856884241104126,-1.8934022188186648,-0.1437340229749679,-1.9410353899002075,-0.451762855052948,0.7690556049346924,-1.586707592010498,-3.310962677001953,0.1256915032863617,-2.5006637573242188,-5.216159343719482,0.7746350169181824,-3.1099557876586914,-0.3616146445274353,2.8139984607696533,0.7088865637779236,-1.8136906623840328,1.3113715648651123,-4.548600196838379,0.8705863356590271,1.6771655082702637,-0.2115314900875091,-1.356690526008606
final_internal_val_00011,final_internal_val,C1,69,early,0,early,0.3628943141218279,0.3099214434623718,0.9532002210617064,0.0308258775621652,0.0159739032387733,0.0467997789382934,0.1993638589142761,0,-0.6098116040229797,-4.013672828674316,1.1353628635406494,0.7395197153091431,1.3243802785873413,-0.176504373550415,1.633581280708313,1.6752692461013794,-2.662784576416016,-2.078193664550781,-5.087719917297363,0.3489473164081573,-2.182076930999756,0.3839816451072693,-0.1840684711933136,-3.956305742263794,0.2807625234127044,0.0964605212211608,-0.8200157284736633,-0.4109602272510528,1.2795844078063965,-1.0340603590011597,-2.527726173400879,-1.6577659845352173,-0.1415834426879882,-1.3529939651489258,-0.6304399967193604,0.5838550925254822,-1.42559552192688,-2.952214002609253,-0.055195216089487,-2.8053019046783447,-4.615000247955322,0.6520902514457703,-3.4960267543792725,-0.123526856303215,1.2813390493392944,0.3741123080253601,-0.9300434589385986,1.1777156591415403,-4.227584362030029,0.1104974076151847,1.4590866565704346,0.1728755235671997,-1.5416401624679563
final_internal_val_00012,final_internal_val,C1,172,middle,1,middle,0.5027734945333011,0.4171252846717834,0.0211224500089883,0.9616426825523376,0.0172348506748676,0.0383573174476623,0.1721060933032906,0,-2.320718765258789,0.1946721225976944,-0.5122945308685303,-0.9299516677856444,-0.8459933996200562,-0.2015387117862701,-0.6662702560424805,-0.8218752145767212,-0.3989972770214081,0.0328679457306861,-3.191237211227417,0.2578358948230743,-0.5050486326217651,-1.2777782678604126,-0.2612881660461426,-0.412627100944519,-0.3082517981529236,0.4507465660572052,-0.1947478204965591,0.0993097051978111,1.2795844078063965,-0.6336827278137207,0.1155522763729095,-1.3884466886520386,0.0182448904961347,-0.0362584143877029,-0.1637060493230819,-0.8130859136581421,-0.0221988707780838,-0.6366947293281555,-0.7883656024932861,0.3196706473827362,0.4461053311824798,-1.3672981262207031,0.3971967399120331,0.2811049520969391,-2.1259915828704834,0.0171834155917167,-0.5875909924507141,-1.2405109405517578,0.0575480833649635,-1.4323352575302124,0.8224447965621948,-1.089755654335022,-0.6654431819915771
final_internal_val_00013,final_internal_val,C1,173,middle,1,middle,0.5067289710934817,0.4167477190494537,0.0211944449692964,0.96144700050354,0.0173585601150989,0.0385529994964599,0.1728086482030664,0,-2.3570523262023926,0.1090993210673332,-0.47652468085289,-0.81233149766922,-0.8516454100608826,-0.0739776939153671,-0.6463797092437744,-0.8239153623580933,-0.5552922487258911,-0.2605338096618652,-3.0491559505462646,0.1348787397146225,-0.5703588128089905,-1.477612853050232,0.1364567279815673,-0.4875830709934234,-0.6984691023826599,0.4934449791908264,-0.2411370724439621,0.0557511299848556,1.1691944599151611,-0.82587730884552,0.1690706610679626,-1.3652842044830322,-0.0576803125441074,-0.1081908717751503,-0.3923675417900085,-0.7504550218582153,0.3117252588272095,-0.6773452758789062,-0.7908704876899719,0.1454009860754013,0.4098262190818786,-1.378325581550598,0.0650851726531982,0.0986979231238365,-2.3855340480804443,-0.1200626194477081,-0.1687362194061279,-1.21785569190979,0.080014519393444,-1.4829806089401243,0.7505128979682922,-1.475419998168945,-0.7800928950309753
final_internal_val_00014,final_internal_val,C1,174,middle,1,middle,0.5106791245713326,0.4170311391353607,0.0213691554963588,0.96110200881958,0.0175288673490285,0.0388979911804199,0.1740361016889848,0,-2.1910476684570312,0.075371652841568,-0.4554283916950226,-0.9689394235610962,-0.9211499094963074,-0.0206747744232416,-1.1475626230239868,-0.8258452415466309,-0.5130032896995544,-0.2353453189134597,-2.942924737930298,0.2677976489067077,-0.6726700663566589,-1.5079978704452517,0.0387667752802372,-0.5395956635475159,-0.7206690311431885,0.4244421720504761,-0.2807620465755462,0.143593743443489,1.2795844078063965,-0.7948769330978394,0.0855926796793937,-1.405880570411682,-0.0440081469714641,-0.1794278919696808,-0.4574839472770691,-0.8911629319190979,0.3541350960731506,-0.7029889822006226,-0.7079383134841919,0.0977584794163703,0.3109027743339538,-1.3111708164215088,-0.217545673251152,0.0726692155003547,-2.214106798171997,0.0183957982808351,-0.5970624089241028,-1.1836003065109253,0.2785990834236145,-1.4087896347045898,0.6974126696586609,-1.3027262687683103,-0.6568637490272522
final_internal_val_00015,final_internal_val,C1,175,middle,1,middle,0.5146215397346738,0.4167435765266418,0.0213255509734153,0.961130440235138,0.0175440534949302,0.038869559764862,0.1739403289579904,0,-2.237579107284546,-0.0239412914961576,-0.4355170130729675,-0.991619110107422,-0.9245266318321228,0.0940829291939735,-1.1033498048782349,-0.8276735544204712,-0.6705398559570312,-1.1807981729507446,-2.9937756061553955,-0.052173126488924,-0.9924917817115784,-1.336938977241516,-0.053159799426794,-0.5857804417610168,-0.8338543772697449,0.3799715638160705,-0.3241342008113861,-0.0275087319314479,1.2795844078063965,-0.9398511052131652,0.0871504843235015,-1.3771978616714478,-0.0778126344084739,-0.2590964138507843,-0.8073402047157288,-0.8946709036827087,0.4727045893669128,-0.7406131029129028,-0.7954847812652588,0.0149824703112244,0.2115587145090103,-1.362816333770752,-0.501981258392334,-0.1782829761505127,-3.0088820457458496,-0.3160373270511627,-0.5958450436592102,-1.1502007246017456,0.135581687092781,-1.6019736528396606,0.643018901348114,-0.9645193815231324,-0.985905945301056
final_internal_val_00016,final_internal_val,C1,176,middle,1,middle,0.5185538418372668,0.416932463645935,0.0214460529386997,0.960899531841278,0.0176543965935707,0.0391004681587219,0.1747595310021582,0,-2.0433921813964844,0.0360093638300895,-0.4305884838104248,-1.0468791723251345,-0.9885980486869812,0.0831509754061698,-1.4010930061340332,-0.8294081091880798,-0.5038740634918213,-0.4345781803131103,-2.737012386322021,0.2241597920656204,-0.7143974304199219,-0.8600928783416748,-0.2526727616786957,-0.59334796667099,-0.7796952128410339,0.457251101732254,-0.3277799189090729,0.3141719102859497,1.2795844078063965,-0.5742112994194031,0.1759859919548034,-1.3522884845733645,0.0045910528860986,-0.2178101539611816,-0.825768232345581,-0.8979989290237427,-0.0828791409730911,-0.7242327332496643,-0.7166872024536133,0.1049767285585403,0.2878648340702057,-1.25148606300354,-0.3193614482879638,-0.0930703654885292,-2.085684537887573,-0.2697882950305938,-0.5946736335754395,-1.098343849182129,0.1624966412782669,-1.4259625673294067,0.5980225205421448,-0.4289616644382477,-0.8882198929786682
final_internal_val_00017,final_internal_val,C1,177,middle,1,middle,0.5224736997781234,0.416193813085556,0.0214039795100688,0.9610527157783508,0.0175433866679668,0.0389472842216491,0.1742095939708357,0,-2.179692029953003,0.0511244907975196,-0.4063288867473602,-0.7872795462608337,-0.9307736158370972,0.1930673718452453,-1.164247989654541,-0.8310558795928955,-0.625931441783905,0.2009589970111847,-2.723931312561035,0.0735026448965072,-0.7230682969093323,-0.94064462184906,-0.3206520974636078,-0.5864152908325195,-0.8067319989204407,0.603181779384613,-0.3096641898155212,0.3760902285575866,1.1802334785461426,-0.6893373727798462,0.1828348934650421,-1.3330540657043457,0.043157935142517,-0.1350078284740448,-0.817411482334137,-0.7778560519218445,-0.0782083123922348,-0.6890946626663208,-0.7996376156806946,0.0985249802470207,0.3903707861900329,-1.1785590648651123,-0.1222173795104026,-0.0448783971369266,-2.108126163482666,-0.4411427080631256,-0.5935454368591309,-1.0574666261672974,0.217764601111412,-1.2963627576828003,0.5502147078514099,-0.2348198443651199,-0.9846771955490112
final_internal_val_00018,final_internal_val,C1,178,middle,1,middle,0.52637882820771,0.4170345366001129,0.0215792655944824,0.960651993751526,0.0177687965333461,0.0393480062484741,0.1756359850924282,0,-2.019444227218628,0.0328075960278511,-0.4076077044010162,-0.8463245630264282,-0.9915672540664672,0.1826170086860656,-1.3830478191375732,-0.832623302936554,-0.5067386031150818,0.3506642282009125,-2.6606245040893555,0.4064668715000152,-0.7623949646949768,-0.827421247959137,-0.3814596533775329,-0.5920867919921875,-0.8149950504302979,0.6137014031410217,-0.3193259239196777,0.3140321373939514,1.2795844078063965,-0.6389372944831848,0.2298047989606857,-1.3502179384231567,-0.0049471706151962,-0.1371361017227172,-0.7703369855880737,-0.8440194725990295,-0.4750985205173492,-0.6858001351356506,-0.7245825529098511,0.1178325042128562,0.362744390964508,-1.1437456607818604,-0.1946841925382614,-0.0019220557296648,-1.5355099439620972,-0.4487760663032532,-0.5924577116966248,-1.0453721284866333,0.1757268458604812,-1.2353779077529907,0.5084707736968994,-0.4971660673618316,-0.9719864726066588
final_internal_val_00019,final_internal_val,C1,179,middle,1,middle,0.5302669896341531,0.4163744747638702,0.0216375607997179,0.9606516361236572,0.0177108366042375,0.0393483638763427,0.1756267347026055,0,-1.8806793689727783,0.0123448483645915,-0.3956714272499084,-0.793935239315033,-0.9364256262779236,0.2789046466350555,-1.2417820692062378,-0.8341161012649536,-0.4193212687969208,0.7542038559913635,-2.466764450073242,0.3949000537395477,-0.5852506756782532,-1.2707016468048096,-0.2207518517971038,-0.6156083941459656,-0.8481835126876831,0.62859708070755,-0.3294664025306701,0.2592932283878326,1.0903444290161133,-0.5180911421775818,0.2461329847574234,-1.317944049835205,-0.0056216935627162,-0.1456568539142608,-0.7248020172119141,-0.7895993590354919,-0.4097720086574554,-0.6831793785095215,-0.6531015634536743,0.0701064467430114,0.3826971054077148,-1.01456618309021,-0.2860332131385803,-0.0094123464077711,-1.2847613096237185,-0.3799636662006378,-0.5914082527160645,-1.0287960767745972,0.1040569543838501,-1.0965845584869385,0.4680812954902649,-0.8558406829833984,-0.8649556636810303
final_internal_val_00020,final_internal_val,C1,180,middle,1,middle,0.5341359971145021,0.4167358577251434,0.0218729618936777,0.960240364074707,0.0178866423666477,0.0397596359252929,0.1770766044529122,0,-1.9060827493667605,-0.0335615538060665,-0.3847635686397552,-0.7664985060691833,-0.9942601919174194,0.3156979084014892,-1.3221510648727417,-0.8355394601821899,-0.5228131413459778,0.7534660696983337,-2.3956234455108643,0.5089673399925232,-0.6270855069160461,-1.2028781175613403,-0.2901035845279693,-0.6495562195777893,-0.9483431577682496,0.5974081158638,-0.3585556149482727,0.094523437321186,1.0947452783584597,-0.5218649506568909,0.164931446313858,-1.325543761253357,-0.0528393574059009,-0.2369535565376281,-0.7930631041526794,-0.8524122834205627,-0.4758473634719848,-0.7061208486557007,-0.8051425814628601,-0.0362506099045276,0.2635464966297149,-1.0351872444152832,-0.5076116323471069,-0.2977176904678345,-0.9518442153930664,-0.5571226477622986,-0.5903947949409485,-1.0509556531906128,-0.0001320030569331,-0.993756890296936,0.4320288002490997,-0.524458110332489,-1.0560519695281982
final_internal_val_00021,final_internal_val,C1,181,middle,1,middle,0.537983716243921,0.4166601002216339,0.0219765063375234,0.9600830078125,0.017940517514944,0.0399169921875,0.1776280199189718,0,-1.903125762939453,-0.0138347772881388,-0.3796509504318237,-0.8410676717758179,-0.9955148696899414,0.4059917330741882,-1.3573485612869265,-0.836898148059845,-0.5449042320251465,0.765914797782898,-2.307278871536255,0.569177508354187,-0.5560686588287354,-1.44441020488739,-0.14059579372406,-0.6428022980690002,-0.9637807607650756,0.6096117496490479,-0.3528454303741455,0.2888933420181274,0.827988862991333,-0.4901960492134094,0.1996511667966842,-1.262121319770813,0.0159458201378583,-0.1747516244649887,-0.7441747188568115,-0.9684176445007324,-0.6536465883255005,-0.6847798228263855,-0.806810736656189,0.0184087995439767,0.3402715027332306,-0.9501270651817322,-0.3438977599143982,-0.2069223523139953,-0.7789325714111328,-0.442232221364975,-0.1243989989161491,-1.009858012199402,-0.0325850658118724,-0.9824374318122864,0.3933248519897461,-0.5809059143066406,-0.884073793888092
final_internal_val_00022,final_internal_val,C1,182,middle,1,middle,0.5418080673789074,0.4170090854167938,0.0224019661545753,0.959376096725464,0.0182219203561544,0.0406239032745361,0.1801042624673351,0,-1.689084529876709,-0.0556877739727497,-0.3703494966030121,-0.6695619225502014,-0.9439616203308104,0.4375334680080414,-1.2574299573898315,-0.8381963968276978,-0.3628921210765838,0.953723132610321,-2.1870131492614746,0.4091139137744903,-0.4939593076705932,-1.176693320274353,-0.4251702129840851,-0.6793764233589172,-0.9130810499191284,0.6269974708557129,-0.379781574010849,0.2398383617401123,0.8380243182182312,-0.397700697183609,0.230878546833992,-1.2203484773635864,-0.0623998306691646,-0.1687200665473938,-0.7750411033630371,-0.6408510208129883,-0.7157115936279297,-0.7071003317832947,-0.5979939699172974,0.0537447445094585,0.3363390862941742,-0.8787971138954163,-0.2349510341882705,-0.2952680885791778,-0.7630025744438171,-0.3838289976119995,-1.0690269470214844,-0.992422342300415,-0.0895802751183509,-0.8662962913513184,0.3633814454078674,-0.9147512316703796,-0.7977980375289917
final_internal_val_00023,final_internal_val,C1,274,late,2,late,0.8354658051101956,0.7251043319702148,0.0077415602281689,0.0060604843311011,0.9861978888511658,0.0138021111488342,0.0748980802334387,0,1.5168006420135498,0.4760273694992065,-0.7331342101097107,-1.1714105606079102,-1.0078195333480835,-1.1028138399124146,-1.2602381706237793,-0.8502225875854492,0.2212642282247543,0.4946670830249786,-0.6388823390007019,0.939600110054016,0.2895208299160003,0.5868760347366333,-0.811007022857666,0.0201619304716587,0.1413999646902084,0.532233715057373,0.1853018403053283,0.7593023180961609,-1.0211762189865112,0.401760071516037,0.4936640560626983,-1.2785449028015137,0.0701553747057914,0.3882379829883575,0.4696030020713806,-0.9379356503486632,-0.8513340353965759,-0.1937554478645324,1.004080891609192,0.3696542680263519,0.800000786781311,0.9906005263328552,0.5302555561065674,1.0314732789993286,0.4252532124519348,0.7430205345153809,1.1019665002822876,0.8990808129310608,0.6243772506713867,1.0558538436889648,-0.001736540463753,0.699943482875824,0.1510747075080871
final_internal_val_00024,final_internal_val,C1,275,late,2,late,0.8403519624483936,0.7227277159690857,0.0079552354291081,0.006219555158168,0.9858251214027404,0.0141748785972595,0.0765735469173617,0,1.5394259691238403,0.4016529321670532,-0.7019299268722534,-1.0736644268035889,-0.8857523798942566,-1.0572121143341064,-1.193966269493103,-0.8510001301765442,0.1620689034461975,0.5673160552978516,-0.4197478890419006,0.8316890001296997,0.3558034896850586,0.6218569278717041,-0.6655173301696777,-0.0500782057642936,0.0983857437968254,0.5227421522140503,0.1331874728202819,0.7150462865829468,-1.0500258207321167,0.5543670654296875,0.4625730216503143,-1.226203441619873,0.6664131283760071,0.3320347666740417,0.3072565197944641,-0.8118711113929749,-0.719109296798706,-0.2398270070552826,1.0260385274887085,0.3257151842117309,0.7293070554733276,0.9837838411331176,0.4456788599491119,0.9457785487174988,0.8270453810691833,0.793165385723114,1.5007238388061523,0.913911521434784,0.5455011129379272,1.366655945777893,-0.0190552528947591,0.6781596541404724,0.1839944124221801
final_internal_val_00025,final_internal_val,C1,276,late,2,late,0.8452059519502836,0.7226813435554504,0.0080159697681665,0.0060809594579041,0.9859031438827516,0.0140968561172485,0.076199143492917,0,1.996321439743042,0.3282635807991028,-0.682571291923523,-1.012481927871704,-0.8080578446388245,-0.99208664894104,-1.1368156671524048,-0.8517513275146484,0.2096258699893951,0.5540317893028259,-0.0955424755811691,0.887628972530365,0.4363854825496673,0.6991109251976013,-0.6052391529083252,-0.1224021539092063,0.079774335026741,0.4733227491378784,0.063689224421978,0.6425286531448364,-1.077897548675537,0.5556570887565613,0.4303123354911804,-1.176416277885437,0.049489852041006,0.2433700710535049,0.409577876329422,-0.7318781018257141,-0.78303462266922,-0.3151473999023437,1.1542402505874634,0.3403785824775696,0.6293972730636597,1.078250288963318,0.4078201353549957,0.6203784942626953,1.4157954454421997,0.7194867134094238,1.4620834589004517,0.940372109413147,0.468176931142807,1.5399106740951538,-0.0323357433080673,0.6355873942375183,0.0816330909729003
final_internal_val_00026,final_internal_val,C1,277,late,2,late,0.8500267423944518,0.7228121161460876,0.0080704465508461,0.0059238276444375,0.9860056638717652,0.0139943361282348,0.0757080725786482,0,1.9973957538604736,0.2693637311458587,-0.6521244049072266,-1.0133676528930664,-0.970337688922882,-0.9439846277236938,-1.1010618209838867,-0.852477490901947,0.1360589116811752,0.5647209286689758,0.0798318609595298,1.1581426858901978,0.4153463244438171,0.6216555833816528,-0.6524970531463623,-0.1916479766368866,0.0836048200726509,0.440634936094284,0.0044456808827817,0.5451018214225769,-1.1048401594161987,0.5955271124839783,0.4285294115543365,-1.1578086614608765,0.0353577993810176,0.1640999317169189,0.5113893747329712,-0.9011605978012084,-0.8470237255096436,-0.379429817199707,1.172963261604309,0.3953154981136322,0.5406312942504883,0.9733353853225708,0.3643857836723327,0.3922258615493774,1.9279099702835083,0.6824739575386047,1.00243878364563,0.8475565910339355,0.4543008506298065,1.7669451236724854,-0.0500186160206794,0.6005582809448242,0.0178438667207956
final_internal_val_00027,final_internal_val,C1,278,late,2,late,0.8548133622352951,0.7233678698539734,0.0080693326890468,0.0057901260443031,0.9861404895782472,0.0138595104217529,0.0750793309067539,0,2.9651107788085938,0.1627321392297744,-0.6238557696342468,-0.9731175899505616,-1.0105503797531128,-0.8923100233078003,-1.0605106353759766,-0.8531798124313354,0.2851482331752777,0.4956945478916168,0.60563063621521,1.30107843875885,0.5511163473129272,0.5976387858390808,-0.4954988360404968,-0.275053471326828,0.1706455647945404,0.3851064145565033,-0.0709296688437461,0.4902031123638153,-1.130899429321289,0.685575544834137,0.3404417932033539,-1.1068267822265625,-0.4234263300895691,0.0231231749057769,0.78042072057724,-0.9436097145080566,-0.972895085811615,-0.469958484172821,1.6567355394363403,0.3063434362411499,0.3937475979328155,0.745818555355072,0.3120829164981842,0.4206240177154541,3.0770907402038574,0.6740450859069824,1.405797839164734,0.4682328999042511,0.3070616126060486,1.8699750900268557,-0.063872754573822,0.5354499220848083,-0.0606080628931522
final_internal_val_00028,final_internal_val,C1,279,late,2,late,0.8595649010071579,0.7230082154273987,0.0081285117194056,0.0057376688346266,0.9861337542533876,0.0138662457466125,0.0750924876195516,0,2.485008478164673,0.1133837103843689,-0.6017116904258728,-0.9239259958267212,-1.0111781358718872,-0.8507641553878784,-1.0298056602478027,-0.853859543800354,0.1117693781852722,0.3806889057159424,0.6306027770042419,1.088838815689087,0.4529851675033569,0.5479819774627686,-0.4847973883152008,-0.322415292263031,0.0544064864516258,0.3849171102046966,-0.107442483305931,0.4405112862586975,-1.1561181545257568,0.6589795351028442,0.3160484135150909,-1.102843165397644,0.2802491784095764,-0.0294314660131931,0.5997289419174194,-0.785811185836792,-0.8775863647460938,-0.5007734894752502,1.3613147735595703,0.1915676146745681,0.33623868227005,0.7964279651641846,0.2069082260131836,0.7047647833824158,2.955991506576538,0.4572771787643432,0.948078989982605,0.7194216847419739,0.3140084743499756,1.6839609146118164,-0.0806731507182121,0.5172985196113586,-0.2649030089378357
final_internal_val_00029,final_internal_val,C1,280,late,2,late,0.8642805106114576,0.723240852355957,0.0081141041591763,0.0056366380304098,0.9862492680549622,0.0137507319450378,0.0745553478650586,0,2.2567853927612305,0.0534863620996475,-0.5786656737327576,-0.8842875957489014,-0.974105715751648,-0.8126113414764404,-0.9878292679786682,-0.8545176386833191,0.0002217744040535,0.3107390999794006,0.6514995694160461,1.1084505319595337,0.3413349092006683,0.4524809420108795,-0.4751059114933014,-0.3728390336036682,-0.0113691436126828,0.3424785435199737,-0.1465898156166076,0.3952517807483673,-1.1805362701416016,0.570993185043335,0.2880812883377075,-1.082946538925171,0.1899018287658691,-0.1009062007069587,0.6870649456977844,-0.7504550218582153,-1.0695267915725708,-0.5372706055641174,1.2756637334823608,0.1583912819623947,0.2603113651275635,0.8246163129806519,0.1851512491703033,0.5241425037384033,3.030719757080078,0.430804967880249,0.9288604259490968,0.8058362007141113,0.2186920940876007,1.630398511886597,-0.0946181267499923,0.4917235970497131,-0.3109616041183471
final_internal_val_00030,final_internal_val,C4,50,early,0,early,0.2033672439565111,0.3047451376914978,0.9552346467971802,0.0305815301835536,0.0141837261617183,0.0447653532028198,0.1918401723554781,0,-1.4980815649032593,-3.36631178855896,1.0164730548858645,2.3970839977264404,1.3243802785873413,1.3191521167755127,1.8557307720184328,1.6752692461013794,-0.1530507951974868,0.5942159295082092,0.1524468511343002,-0.4217293858528137,0.3111478984355926,0.1460285186767578,-0.5571241974830627,0.0115777943283319,-0.1243607401847839,-0.5587634444236755,-0.1426388472318649,-0.8414618372917175,1.2795844078063965,0.3852144479751587,-0.3866053223609924,2.1755716800689697,-0.1411571204662323,-0.5115626454353333,-1.1122357845306396,1.4416258335113523,0.5291299819946289,-0.283125102519989,-0.6155282258987427,-1.4210984706878662,0.1251041889190673,-0.0440994687378406,0.2257084250450134,-1.1473844051361084,0.8079717755317688,0.4473485350608825,-2.0368669033050537,0.3930982649326324,0.3615738749504089,2.301397562026977,0.7833892703056335,-0.4517310261726379,0.0939307212829589
final_internal_val_00031,final_internal_val,C4,51,early,0,early,0.2057520916047888,0.3052301406860351,0.9550459384918212,0.0306601300835609,0.0142938857898116,0.0449540615081787,0.1925080043843652,0,-1.7371809482574463,-3.5338501930236816,1.0138249397277832,1.0485347509384155,1.1417768001556396,1.2289332151412964,1.3063127994537354,1.6752692461013794,-0.7980191707611084,0.3299154341220855,-0.6577141880989075,-1.102928876876831,-0.2371153533458709,-0.3868347406387329,1.3030811548233032,-0.5682492852210999,-0.0853924825787544,-1.5176656246185305,-0.2785449624061584,-0.8510500192642212,1.2795844078063965,-0.0853137001395225,-1.4265750646591189,1.2897553443908691,-0.1472141146659851,-0.637844979763031,-1.437281370162964,1.2519265413284302,1.063517928123474,-0.6852471232414246,-0.6357600092887878,-1.597870111465454,-0.376982033252716,-0.6883385181427002,-0.0435683690011501,-1.0160664319992063,-0.1858725100755691,0.3344564735889435,0.536733865737915,-0.3562997579574585,-0.4083914756774902,1.9862347841262815,1.774068832397461,-1.3395823240280151,-0.3196059465408325
final_internal_val_00032,final_internal_val,C4,52,early,0,early,0.2081602438525911,0.3053611218929291,0.9553529024124146,0.0305114425718784,0.0141356838867068,0.0446470975875854,0.1914362612725887,0,-2.5476343631744385,-3.319523572921753,0.9903289675712584,1.053659200668335,1.1548198461532593,1.2784525156021118,1.259682536125183,1.6752692461013794,-2.12248969078064,-0.4747803509235382,-3.215416431427002,-1.3318431377410889,-1.0871888399124146,-0.8044067025184631,1.2892643213272097,-0.29462331533432,-1.1917222738265991,-1.2836953401565552,-0.2201318144798278,-2.2604541778564453,1.2795844078063965,-0.6500649452209473,-0.8643907904624939,2.0873141288757324,-0.140977457165718,-0.5433197617530823,-1.223698377609253,1.2654764652252195,1.6010721921920776,-0.4900194108486175,-0.6531015634536743,-1.1898648738861084,0.0823863521218299,-1.207735300064087,-0.5824126601219177,-1.7501373291015625,-1.395254611968994,-0.6683969497680664,-2.057537078857422,-0.9542375802993774,-0.0892019048333168,0.8283983469009399,1.3988711833953855,-1.1237356662750244,-1.027152180671692
final_internal_val_00033,final_internal_val,C4,53,early,0,early,0.2105925131183229,0.3057655394077301,0.9553659558296204,0.0307794343680143,0.0138546014204621,0.0446340441703796,0.1911947881200758,0,-1.9745062589645384,-4.5436224937438965,1.0512542724609375,1.9321235418319704,1.3243802785873413,1.4036343097686768,1.6707663536071775,1.6752692461013794,-1.1241551637649536,-0.3702602088451385,-2.576673746109009,-1.6973063945770264,-0.7662681341171265,-0.8836385011672974,0.631061851978302,-1.0070298910140991,-0.2873185575008392,-0.4741427898406982,-0.3307527303695678,-2.1617307662963867,1.2795844078063965,-0.5158864259719849,-0.0645080953836441,1.0320605039596558,-0.1457431018352508,-0.6645225882530212,-1.8950791358947756,1.2772197723388672,1.7053406238555908,-0.9097023606300354,-0.4577201306819916,0.0028679543174803,0.0709600374102592,-1.4895702600479126,-0.7298402190208435,-1.5723694562911987,-1.8532414436340328,-0.5074416995048523,-3.972318410873413,-1.3033403158187866,0.3155774772167206,1.0240478515625,1.6544898748397827,-0.3734823167324066,-0.8491200804710388
final_internal_val_00034,final_internal_val,C4,54,early,0,early,0.2130493589142454,0.3061124980449676,0.955467700958252,0.030656473711133,0.0138757927343249,0.044532299041748,0.1908917225625997,0,-2.1917078495025635,-3.650695323944092,1.0272880792617798,1.2094426155090332,1.1760149002075195,1.2469345331192017,1.383147358894348,1.6752692461013794,-1.4991271495819092,-0.1359071880578994,-2.1009886264801025,-1.1153920888900757,-0.5194026827812195,-0.7943458557128906,1.9352095127105715,-0.4779333770275116,-0.9957901239395142,-1.492702603340149,-0.202018603682518,-0.7119289636611938,1.2795844078063965,-0.2135428041219711,-1.2561471462249756,1.2295547723770142,-0.1410126537084579,-0.8823592066764832,-1.049710392951965,1.13336443901062,0.8415367007255554,-0.52115797996521,-0.681281566619873,-1.5106384754180908,-0.035120278596878,-1.102604627609253,-0.5018317103385925,-1.7110251188278198,-1.1063008308410645,-0.6680800914764404,0.7008401155471802,-0.7399819493293762,-0.044236846268177,1.3540431261062622,1.417307734489441,-1.3352887630462646,-0.9664223194122314
final_internal_val_00035,final_internal_val,C4,55,early,0,early,0.215530910675895,0.3063684403896332,0.9550824165344238,0.0310497898608446,0.0138678885996341,0.0449175834655761,0.192090136335013,0,-1.9217426776885984,-3.6540706157684326,0.9919437170028688,0.6647531390190125,1.0451042652130127,1.2448391914367676,1.2203751802444458,1.6752692461013794,-1.4026418924331665,-0.3984304964542389,-1.7676349878311155,-1.1677452325820925,-0.5403446555137634,-1.4580475091934204,0.5831103920936584,-0.872972309589386,-1.2399226427078247,-1.2422906160354614,-0.388952374458313,-0.7243949174880981,1.2795844078063965,-0.3583912849426269,-1.1688977479934692,0.5399138927459717,-0.1466617435216903,-1.1260473728179932,-1.276358723640442,0.5712407827377319,0.322162002325058,-0.8743978142738342,-0.5072285532951355,-1.802688717842102,-0.261419266462326,-0.3990024328231811,-1.299064874649048,-0.015198303386569,-0.8904343247413635,-0.2223646640777588,0.6503515839576721,-0.0731408074498176,-0.1416310667991638,1.0419180393218994,1.6519652605056765,-1.0139505863189695,-0.6851575374603271
final_internal_val_00036,final_internal_val,C4,56,early,0,early,0.2180369898811809,0.3058828711509704,0.9550926089286804,0.0310884453356266,0.0138189708814024,0.0449073910713195,0.1920221961552154,0,-1.91962206363678,-3.3269693851470947,1.0258151292800903,1.4546273946762085,1.1924999952316284,1.293296456336975,1.3376985788345337,1.6752692461013794,-1.2976882457733154,-0.2025110423564911,-1.198512315750122,-1.35024893283844,-0.385718822479248,-1.8153443336486816,-0.589447021484375,-0.8641512989997864,-1.3482826948165894,-2.049415111541748,-0.3085241615772247,-0.735691487789154,1.2795844078063965,-0.0681766271591186,-2.092835664749145,0.530356228351593,-0.1439026147127151,-1.241674542427063,-1.612010836601257,1.16761577129364,-0.1485502123832702,-0.6967278718948364,-0.7031993865966797,-1.7647348642349243,0.0599855370819568,0.0621103830635547,-1.1124440431594849,-0.5557089447975159,-0.9242466688156128,-0.4564611315727234,-1.74604332447052,0.4525573551654815,-0.3632497191429138,1.2942496538162231,1.5340924263000488,-1.8362911939620967,-0.7088634967803955
final_internal_val_00037,final_internal_val,C4,57,early,0,early,0.2205671313022277,0.3062755763530731,0.9550867080688475,0.0306920632719993,0.0142211988568305,0.0449132919311523,0.1923297512713885,0,-1.8142989873886108,-3.2352163791656494,0.999431848526001,2.1815378665924072,1.3243802785873413,1.2532318830490112,1.7875280380249023,1.6752692461013794,-0.7447530031204224,0.1715367436408996,-0.6275374293327332,-1.203927755355835,-0.1191572099924087,-0.1400612741708755,0.104500263929367,-0.4122989177703857,-0.4120839834213257,-1.3427459001541138,-0.220915675163269,-0.0171559713780879,1.2795844078063965,0.0293365996330976,-0.9547245502471924,1.74178147315979,-0.1412373334169387,-0.6289402842521667,-1.6377911567687988,1.4416258335113523,0.1886274814605713,-0.4815494120121002,-0.7124279141426086,-1.1553875207901,0.2391811162233352,0.4881037175655365,-2.0562307834625244,-1.4173136949539185,-0.7481464147567749,-0.158015951514244,-1.6982181072235107,0.9393571019172668,-0.2474450767040252,1.7270196676254272,1.6191483736038208,-1.1664432287216189,-0.3957669138908386
final_internal_val_00038,final_internal_val,C4,160,middle,1,middle,0.3560202628099148,0.4132846891880035,0.0206460896879434,0.962309718132019,0.017044199630618,0.0376902818679809,0.169746430081212,0,-2.1474926471710205,-0.1289331316947937,-0.4157882630825043,-0.5460025668144226,-0.43686044216156,1.338776707649231,-0.4528822898864746,-0.812398374080658,-0.8461745977401733,-1.913906455039978,-3.233647584915161,-0.7247220873832703,-1.0432137250900269,-1.5156141519546509,-0.0672288686037063,-0.5955510139465332,-0.5808756351470947,0.9102714657783508,-0.3327146768569946,0.3636719882488251,1.2795844078063965,-0.9553048610687256,0.2675219178199768,1.2227988243103027,-0.0612750239670276,-0.0955902561545372,-1.1005316972732544,-0.2289519160985946,1.5720360279083252,-0.7561884522438049,-0.7767300009727478,0.0195252988487482,0.2007808238267898,-0.7785815000534058,-0.1571027189493179,-1.698291301727295,-2.8544695377349854,-1.97500741481781,1.1946731805801392,-1.0441220998764038,0.0054594124667346,-1.652956485748291,0.7450146079063416,-1.2196754217147827,-0.8127241730690002
final_internal_val_00039,final_internal_val,C4,161,middle,1,middle,0.3560300796500036,0.4211509823799133,0.0200084187090396,0.9621917605400084,0.0177998691797256,0.0378082394599914,0.1702667984177933,0,-0.8429790735244751,-1.3889974355697632,-0.8999999165534973,-1.4759800434112549,-0.9752832055091858,-0.8127385377883911,-2.3542416095733643,-0.8149896860122681,-1.0273606777191162,-2.152078866958618,-0.8116631507873535,2.2259414196014404,-0.8979272246360779,-1.4427268505096436,4.263190746307373,-1.1105964183807373,-1.150452733039856,-1.779314041137695,-1.0890917778015137,1.722641944885254,1.2795844078063965,-1.6034843921661377,-0.988379955291748,0.2919894754886627,-0.9684744477272034,-2.312004804611206,1.60758376121521,-0.9473997950553894,0.5931522250175476,-1.4583663940429688,0.4036488831043243,-1.2488458156585691,-2.9776384830474854,-3.1630282402038574,-1.901008129119873,0.5599665641784668,3.764612913131714,-0.0388195142149925,8.384265899658203,-2.8757565021514893,-1.9037410020828247,-0.6185111403465271,1.414380431175232,-1.2523940801620483,-2.0048303604125977
final_internal_val_00040,final_internal_val,C4,162,middle,1,middle,0.3560326612905548,0.4136688113212585,0.0213084798306226,0.9617998003959656,0.0168917458504438,0.0382001996040344,0.1714927327781103,0,-0.8818890452384949,-0.9525009393692015,-0.7861375212669373,-0.8644905686378479,-0.9055964350700378,-0.7443628907203674,-1.4678183794021606,-0.7395273447036743,-0.4982980489730835,-0.3917278349399566,-0.3298767507076263,1.7089706659317017,0.0313514657318592,-1.3938947916030884,-0.8232386112213135,-0.954985737800598,-0.6972327828407288,-1.3339558839797974,-0.9118570685386658,-2.2236440181732178,1.1591589450836182,-0.3323029577732086,-0.5909364223480225,0.2376129031181335,0.2110264599323272,-1.497718334197998,1.4606837034225464,-0.8750050663948059,0.0957334041595459,-1.2738592624664309,0.2691533863544464,-0.501714825630188,-2.275674343109131,-2.5672006607055664,-1.5658942461013794,0.3453389704227447,2.926960229873657,0.7323092818260193,-4.528000831604004,-2.3859739303588867,-1.656513214111328,-0.006869176402688,1.226449489593506,-1.0375434160232544,-1.048699975013733
final_internal_val_00041,final_internal_val,C4,163,middle,1,middle,0.3560326612905548,0.4192080199718475,0.0210839491337537,0.961384415626526,0.0175315532833337,0.0386155843734741,0.1730561164762562,0,-0.9529842734336852,-0.7079146504402161,-0.7182357907295227,-0.9048251509666444,-0.9098278880119324,-0.6555787324905396,-1.5915440320968628,-0.8197150826454163,-0.3979889452457428,-0.3861614763736725,-0.7684172987937927,1.6535543203353882,-0.1158420369029045,-1.3609998226165771,-0.8609873056411743,-0.903085231781006,-0.633612334728241,-0.632365345954895,-0.8377326130867004,-1.3862736225128174,1.0458173751831057,-0.3680274188518524,-0.377814918756485,0.2432713955640792,0.0629596710205078,-1.188908576965332,1.3191629648208618,-0.8794009685516357,0.0046304897405207,-1.1867856979370115,0.142569363117218,-0.2696017324924469,-1.9168084859848025,-2.2329864501953125,-1.3564722537994385,0.4738951325416565,2.542654514312744,0.6511377692222595,-3.249633550643921,-2.128094434738159,-1.4742431640625,-0.2081814557313919,1.0820947885513306,-0.8681588768959045,-0.7757243514060974
final_internal_val_00042,final_internal_val,C4,164,middle,1,middle,0.3560326612905548,0.4180842638015747,0.0216639153659343,0.9606362581253052,0.0176998600363731,0.0393637418746948,0.1756778288645735,0,-0.7344900965690613,-0.6437367796897888,-0.6536591053009033,-0.7580114006996155,-0.8459933996200562,-0.4787813425064087,-1.3409734964370728,-0.8218752145767212,-0.0725051760673523,-0.2134206295013427,-0.4942529797554016,1.5228866338729858,0.0827254652976989,-1.3192331790924072,0.1355113089084625,-0.8897636532783508,-0.5637720227241516,-0.1606751233339309,-0.8007716536521912,-0.1492137163877487,0.938952386379242,-0.1247606053948402,-0.3325477540493011,0.2880441546440124,0.0177012216299772,-0.9579287767410278,1.3504794836044312,-0.8130859136581421,-0.1043500900268554,-1.138519525527954,0.4740989208221435,-0.2199612408876419,-1.7262084484100342,-2.1064934730529785,-1.2888363599777222,0.8350167870521545,2.268247604370117,0.4876364469528198,0.0380429290235042,-1.951241374015808,-1.414578914642334,-0.1852706223726272,0.9729118943214417,-0.9411592483520508,-0.701869010925293
final_internal_val_00043,final_internal_val,C4,165,middle,1,middle,0.3560326612905548,0.4197680652141571,0.021869396790862,0.9599032402038574,0.0182273928076028,0.0400967597961425,0.1782967064560096,0,-0.8359607458114624,-0.6639979481697083,-0.6108493804931641,-0.7804065942764282,-0.7857052087783813,-0.3508572876453399,-1.174099326133728,-0.8239153623580933,-0.1985678374767303,-0.7103325128555298,-0.9412391185760498,1.154921531677246,-0.236445814371109,-1.3208870887756348,0.1568348556756973,-0.9058471322059632,-0.548120379447937,-0.0200261026620864,-0.7930026054382324,0.0209348294883966,0.8380243182182312,-0.2760559618473053,-0.3566745817661285,0.1589005142450332,-0.0538200177252292,-0.8705892562866211,0.7243226170539856,-0.8189575672149658,-0.2309061586856842,-1.126394510269165,0.2611832916736603,-0.0293111987411975,-1.6450430154800415,-2.0402979850769043,-1.2357796430587769,0.519506573677063,1.435412883758545,0.7470365166664124,0.0299746245145797,-1.8806285858154297,-1.5010263919830322,-0.4889321327209472,0.8827196955680847,-1.0567760467529297,-0.4744113385677337
final_internal_val_00044,final_internal_val,C4,166,middle,1,middle,0.3560326612905548,0.4190571010112762,0.0233207792043685,0.958039939403534,0.0186392739415168,0.041960060596466,0.1847301762506285,0,-0.8774535655975342,-0.600898265838623,-0.5814484357833862,-0.7083744406700134,-0.7928339242935181,-0.2756498754024505,-1.114968180656433,-0.8258452415466309,-0.2425402551889419,-1.0481683015823364,-1.171103596687317,1.1173855066299438,-0.3999473452568054,-1.313510775566101,0.3640082776546478,-0.8939290642738342,-0.5122766494750977,0.3429791629314422,-0.7670461535453796,-0.0155842509120702,0.742551863193512,-0.3980337679386139,-0.4533276855945587,0.5560746788978577,0.0079763997346162,-0.7425343990325928,0.7240821123123169,-0.7578607201576233,-0.2404916435480117,-1.0821532011032104,-0.0255250744521617,-0.1117916330695152,-1.4890694618225098,-1.9661498069763184,-1.1866003274917605,0.7047275900840759,1.6022976636886597,0.0069055240601301,0.5738370418548584,-1.782065749168396,-1.4819148778915403,-0.7464818954467773,0.7925388216972351,-1.286354422569275,-0.829967200756073
final_internal_val_00045,final_internal_val,C4,167,middle,1,middle,0.3560326612905548,0.4229848682880401,0.0237402077764272,0.9566494226455688,0.0196103937923908,0.0433505773544311,0.1896041279792122,0,-0.7758098840713501,-0.6134604215621948,-0.5474777221679688,-0.7208713293075562,-0.7995873689651489,-0.2249119579792022,-1.0759344100952148,-0.8276735544204712,-0.2044956982135772,-0.8657905459403992,-1.160534143447876,0.9539329409599304,-0.4711152613162994,-1.2936530113220217,0.3752636313438415,-0.9135003685951232,-0.4973777234554291,0.2434389442205429,-0.7731720805168152,-0.0486912727355957,0.7566843032836914,-0.4925520420074463,-0.3168012797832489,0.5119364261627197,-0.0780472457408905,-0.7351471185684204,0.5030661225318909,-0.8946709036827087,-0.1855406910181045,-1.088038206100464,0.284254640340805,-0.0236152056604623,-1.4615864753723145,-1.8832274675369265,-1.1692427396774292,-0.0844526514410972,1.2000975608825684,0.2087797224521637,-0.0023803857620805,-1.6906976699829102,-1.5066648721694946,-0.6373410820960999,0.7311710715293884,-1.09952974319458,-0.6943477392196655
final_internal_val_00046,final_internal_val,C4,168,middle,1,middle,0.3560326612905548,0.4204238653182983,0.0255699902772903,0.9546673893928528,0.0197626017034053,0.0453326106071472,0.1962340261395387,0,-0.894261360168457,-0.5509725213050842,-0.5220882296562195,-0.6764169931411743,-0.8668623566627502,-0.1396988928318023,-1.036988377571106,-0.8294081091880798,-0.3525767624378204,-1.179742693901062,-1.3265758752822876,0.9452338814735411,-0.5967137217521667,-1.2802481651306152,0.194960355758667,-0.9254361391067504,-0.5301687717437744,0.4724023938179016,-0.7628167867660522,-0.4740549921989441,0.5662950277328491,-0.6073179841041565,-0.2623241245746612,0.5071269869804382,-0.0381046645343303,-0.6811134219169617,0.3999616801738739,-0.8347658514976501,-0.070155344903469,-1.069449782371521,-0.0692695155739784,-0.0205837246030569,-1.3420863151550293,-1.8510822057724,-1.072760820388794,-0.0645413696765899,0.8659678101539612,0.0525265112519264,-0.5777402520179749,-1.632379412651062,-1.4520114660263062,-0.839063286781311,0.6590107083320618,-1.0360661745071411,-0.7161506414413452
final_internal_val_00047,final_internal_val,C4,169,middle,1,middle,0.3560326612905548,0.4229332208633423,0.0272980816662311,0.9512090682983398,0.0214928146451711,0.0487909317016601,0.2079102289660987,0,-0.8318604826927185,-0.5747564435005188,-0.4942017495632171,-0.5632842779159546,-0.5746966600418091,-0.1590660810470581,-0.8498841524124146,-0.8310558795928955,-0.3052966296672821,-1.1055912971496582,-1.28829824924469,0.90697979927063,-0.594621479511261,-1.2743754386901855,0.793071985244751,-0.93146014213562,-0.6037538647651672,0.3817825019359588,-0.7548915147781372,-0.0863174647092819,0.4847762286663055,-0.5080519914627075,-0.2975214123725891,0.546534538269043,-0.0406381376087665,-0.5829887986183167,0.6507213115692139,-0.5928992033004761,-0.0254683922976255,-1.051497220993042,-0.0105972839519381,-0.138401374220848,-1.2776811122894287,-1.7411394119262695,-1.090412974357605,0.6542892456054688,0.791159987449646,0.2482879906892776,0.5716190934181213,-1.582336187362671,-1.4011319875717163,-0.8451565504074097,0.5921863317489624,-1.395037293434143,-0.546416163444519
final_internal_val_00048,final_internal_val,C4,170,middle,1,middle,0.3560326612905548,0.4223524034023285,0.0296959392726421,0.947385311126709,0.0229187570512294,0.052614688873291,0.2204374405291056,0,-0.7597638368606567,-0.5271534323692322,-0.4752803444862366,-0.6337101459503174,-0.9336685538291932,-0.003391922917217,-1.0163936614990234,-0.832623302936554,-0.2238541394472122,-0.7324802279472351,-1.2454639673233032,0.5681832432746887,-0.5666971206665039,-1.2465237379074097,0.2059807181358337,-0.917813777923584,-0.4999865293502807,0.5076566338539124,-0.7310934662818909,-0.5116780996322632,0.4072339832782745,-0.5056659579277039,-0.2345051169395446,0.6503689289093018,0.0093962764367461,-0.5040725469589233,0.3340029418468475,-0.9041680097579956,0.0119650615379214,-1.0153725147247314,0.0452128872275352,-0.0754238814115524,-1.1679537296295166,-1.736732006072998,-1.0757023096084597,1.1548051834106443,0.3738038241863251,0.5748485922813416,-0.6046596169471741,-1.5405856370925903,-1.3918185234069824,-0.6698987483978271,0.5412770509719849,-1.084382176399231,-0.2643701434135437
final_internal_val_00049,final_internal_val,C4,171,middle,1,middle,0.3560326612905548,0.4212221205234527,0.0312840119004249,0.9449504017829896,0.0237656123936176,0.0550495982170105,0.2282568140353158,0,-1.0649335384368896,-0.6135623455047607,-0.4548758864402771,-0.4881793558597564,-0.4277442991733551,0.1302094906568527,-0.6091969609260559,-0.8341161012649536,-0.7091320753097534,-1.7390347719192505,-1.655562162399292,0.3180494308471679,-0.9858742356300354,-1.2761071920394895,0.8130164742469788,-0.9804924726486206,-0.7766595482826233,0.3737229704856872,-0.7706242799758911,-0.118803322315216,0.5226242542266846,-0.8800095319747925,-0.2572118043899536,0.547090470790863,-0.1593330800533294,-0.6167833209037781,0.1086731478571891,-0.4373006224632263,0.0350684076547622,-1.0582616329193115,-0.1270746737718582,-0.2637764513492584,-1.1691218614578247,-1.778839349746704,-1.2698453664779663,1.895630121231079,-0.4202547967433929,-0.1572084277868271,1.1459120512008667,-1.5254489183425903,-1.5306308269500732,-1.151900053024292,0.5092425346374512,-1.2751591205596924,-0.7716325521469116
final_internal_val_00050,final_internal_val,C4,172,middle,1,middle,0.3560326612905548,0.4215050339698791,0.0330675952136516,0.9422023892402648,0.0247299429029226,0.0577976107597351,0.2369558697736989,0,-1.0249502658843994,-0.5295553803443909,-0.4457062184810638,-0.4944933354854584,-0.8286430239677429,0.1836844682693481,-0.8804932236671448,-0.8355394601821899,-0.6053416728973389,-1.7097004652023315,-1.798818588256836,0.0812688246369361,-1.0377854108810425,-1.2513593435287476,0.613395094871521,-0.9473393559455872,-0.7051388025283813,0.5730759501457214,-0.7231295704841614,-0.1425265371799469,0.2629692852497101,-0.9784192442893982,-0.1382815092802047,0.2366884350776672,0.0590109676122665,-0.5336600542068481,-0.0391029417514801,-0.5656574964523315,0.2192677110433578,-0.9912842512130736,-0.1445506364107132,-0.3513233065605163,-1.0252821445465088,-1.726925253868103,-1.1751697063446045,1.909173607826233,-0.9878201484680176,-0.2159469574689865,0.532529354095459,-1.4746081829071045,-1.363493800163269,-1.1641669273376465,0.4587318301200866,-1.2365695238113403,-0.7223866581916809
final_internal_val_00051,final_internal_val,C4,173,middle,1,middle,0.3560326612905548,0.4199690520763397,0.0317683145403862,0.9444541931152344,0.0237775407731533,0.0555458068847656,0.2297956340150322,0,-1.0607494115829468,-0.5124229192733765,-0.4331311583518982,-0.3656127154827118,-0.3481022715568542,0.0911784246563911,-0.4039436280727386,-0.836898148059845,-0.6560238003730774,-1.468725085258484,-1.6478157043457031,0.086784653365612,-0.9396540522575378,-1.2433648109436035,-0.17500801384449,-0.9429494142532348,-0.5697621703147888,0.4041489064693451,-0.7148336172103882,-0.1645772606134414,0.1957550644874572,-0.958138942718506,0.1350907534360885,0.6474835276603699,-0.0369015671312809,-0.4264711737632751,-0.0081914355978369,-0.2958473563194275,-0.2434733510017395,-0.9756669998168944,-0.1612322628498077,0.1664458364248275,-1.0060616731643677,-1.6150541305541992,-0.8130221366882324,1.4222519397735596,-0.4225882291793823,0.2789222002029419,-0.6688737273216248,-1.4009822607040403,-1.3955458402633667,-1.07468843460083,0.4148470163345337,-0.8660455346107483,-0.3897218704223633
final_internal_val_00052,final_internal_val,C4,174,middle,1,middle,0.3560326612905548,0.4219880998134613,0.0294258967041969,0.9473056793212892,0.0232684295624494,0.0526943206787109,0.2207673349297919,0,-0.8595038056373596,-0.498693585395813,-0.4191507697105407,-0.4724377989768982,-0.9439616203308104,0.0926209241151809,-0.894097626209259,-0.8381963968276978,-0.4040403068065643,-0.4803139269351959,-1.2338006496429443,0.454458624124527,-0.6339061856269836,-1.2191667556762695,0.2473037093877792,-0.9284163117408752,-0.4669068157672882,0.4733810424804687,-0.6948148608207703,0.5809389352798462,0.1315281391143798,-0.7660513520240784,0.0053368927910923,0.4008339047431946,-0.0154288075864315,-0.4952759742736816,0.4084032475948334,-0.58604896068573,-0.4930790066719055,-0.9480056762695312,0.0332382917404174,0.1137177869677543,-0.993801474571228,-1.421544909477234,-0.8838794231414795,1.1040533781051636,0.4175970554351806,0.4192182123661041,1.122714877128601,-1.3274657726287842,-1.3310863971710205,-0.5746825933456421,0.3708278238773346,-0.3392390012741089,-0.311107188463211
final_internal_val_00053,final_internal_val,C4,274,late,2,late,0.7174813573272468,0.7324543595314026,0.0078088729642331,0.005026388913393,0.9871647357940674,0.0128352642059326,0.0703159701655888,0,4.909316539764404,0.393692672252655,-0.7210486531257629,-0.953322172164917,-0.7995873689651489,-1.0259413719177246,-1.2096433639526367,-0.8502225875854492,0.3790528476238251,0.4419768154621124,3.6087825298309326,1.4365862607955933,0.4243517220020294,0.6161718964576721,-0.7720308303833008,-0.0272277668118476,0.1757200360298156,0.4520280659198761,0.1395611464977264,0.6292062401771545,-0.2542559802532196,0.3996753692626953,0.428284227848053,-1.3325138092041016,0.4398429989814758,0.2747665047645569,0.938583254814148,-0.8514061570167542,-1.0845186710357666,-0.2976740598678589,2.2222485542297363,0.39246267080307,0.6378985643386841,1.1338924169540403,0.5864611864089966,1.2708128690719604,5.266739845275879,1.2554926872253418,0.6559438109397888,0.9475080966949464,0.6364558935165405,1.7893784046173096,-0.1248695775866508,0.6264563798904419,0.3253453969955444
final_internal_val_00054,final_internal_val,C4,275,late,2,late,0.725076974002951,0.7319713830947876,0.0077674621716141,0.0050555430352687,0.9871769547462464,0.0128230452537536,0.0702735363759108,0,4.96470308303833,0.3362502157688141,-0.6890896558761597,-0.897344172000885,-0.8038955926895142,-0.9734832644462584,-1.1575210094451904,-0.8510001301765442,0.3471457064151764,0.4677667915821075,3.4537832736968994,1.2523411512374878,0.3058211207389831,0.5578261017799377,-0.7779833674430847,-0.0923859998583793,0.1830151081085205,0.4458125233650207,0.0902403369545936,0.6420043110847473,-0.5018822550773621,0.3586387038230896,0.4054255187511444,-1.3043224811553955,0.6689217686653137,0.2275024801492691,0.7717523574829102,-0.8118711113929749,-1.0389683246612549,-0.335005521774292,2.2776196002960205,0.3042488694190979,0.5930998921394348,0.9869442582130432,0.4840127527713775,1.287353515625,4.155691146850586,1.25973379611969,0.6417326331138611,1.0140050649642944,0.5259297490119934,1.896033763885498,-0.1451921612024307,0.6019572615623474,0.3406766653060913
final_internal_val_00055,final_internal_val,C4,276,late,2,late,0.7326792734871995,0.7315043210983276,0.0077641028910875,0.0050571267493069,0.9871788024902344,0.0128211975097656,0.0702662527111971,0,4.054637908935547,0.3085323572158813,-0.6785505414009094,-0.9091201424598694,-1.0092312097549438,-0.9307292103767396,-1.162018895149231,-0.8517513275146484,0.1343312710523605,0.4219491481781006,2.681332588195801,0.9770660400390624,0.1019746959209442,0.4012366235256195,-0.7446439862251282,-0.1143665015697479,-0.006436888128519,0.4662458300590515,0.0696863234043121,0.6528388261795044,-0.5390444993972778,0.1539259999990463,0.4492228329181671,-1.3112425804138184,1.3778342008590698,0.2053495645523071,0.6301037669181824,-0.9408688545227052,-0.9146708250045776,-0.3301312923431396,2.063642740249634,0.2849653363227844,0.589461088180542,0.8153637051582336,0.3563267290592193,1.1037628650665283,3.4703824520111084,0.94032222032547,1.2107781171798706,0.9097602963447572,0.5405957698822021,1.7820051908493042,-0.1625046879053115,0.604016125202179,0.1471450924873352
final_internal_val_00056,final_internal_val,C4,277,late,2,late,0.7402857025027645,0.7313327789306641,0.0077653224579989,0.0050280024297535,0.9872066974639891,0.0127933025360107,0.0701317558409888,0,5.672503471374512,0.2243862003087997,-0.6464863419532776,-0.8635149598121643,-1.009901762008667,-0.8841579556465149,-1.1185824871063232,-0.852477490901947,0.4369844496250152,0.4177143275737762,4.311250686645508,1.0007553100585938,0.3898046016693115,0.6278554797172546,-0.6030048727989197,-0.195106104016304,0.1560910791158676,0.4141648113727569,0.0006545613869093,0.6247925162315369,-0.5749680399894714,0.3811218738555908,0.3742236495018005,-1.3168827295303345,-0.0591998323798179,0.082306407392025,0.6298844814300537,-0.9011605978012084,-0.933908998966217,-0.4052116274833679,2.2776196002960205,0.228068396449089,0.4757368564605713,0.7154389023780823,0.337189644575119,1.15256929397583,3.354395627975464,1.1304664611816406,1.183158040046692,0.9352037906646729,0.2959218621253967,1.9087311029434204,-0.176860362291336,0.5556257367134094,0.2389546036720276
final_internal_val_00057,final_internal_val,C4,278,late,2,late,0.7478937147104463,0.7311182618141174,0.0077738487161695,0.0050305426120758,0.9871954917907716,0.0128045082092285,0.0701816835315129,0,6.55364990234375,0.1662646681070327,-0.6080387234687805,-0.8008196353912354,-0.8938038945198059,-0.8438475131988525,-1.0514130592346191,-0.7688981890678406,0.5595970153808594,0.3618384599685669,5.354989051818848,1.063873529434204,0.5010562539100647,0.6145246028900146,-0.6239643692970276,-0.2760432660579681,0.0972170457243919,0.3815113008022308,-0.0613102912902832,0.5262607932090759,-0.6097137928009033,0.2957051992416382,0.3289990723133087,-1.3235775232315063,-0.1992370188236236,0.0163589604198932,0.570409893989563,-0.7414711117744446,-1.0163263082504272,-0.473630428314209,2.2776196002960205,0.2139784097671508,0.3976841568946838,0.6854684948921204,0.3959994316101074,0.741937518119812,3.7184958457946777,1.087491750717163,0.5723466873168945,0.9033838510513306,0.0088176606222987,1.8783131837844849,-0.1944915354251861,0.5198144912719727,0.1820687502622604
final_internal_val_00058,final_internal_val,C4,279,late,2,late,0.7555007720306038,0.7309176921844482,0.0078038964420557,0.0050124754197895,0.9871835708618164,0.0128164291381835,0.0702272166086901,0,6.582911968231201,0.0870308429002761,-0.5808407664299011,-0.777739942073822,-0.8580266833305359,-0.7995772361755371,-1.0091736316680908,-0.7709372639656067,0.4740919172763824,0.3626665472984314,5.762981414794922,1.130271315574646,0.4359249174594879,0.7289280295372009,-0.6063476204872131,-0.3528354465961456,0.1349073350429535,0.332182765007019,-0.1265435963869094,0.4372816979885101,-0.643338680267334,0.3703356981277466,0.261370986700058,-1.2946665287017822,-0.3335770964622497,-0.0759216323494911,0.6622766852378845,-0.785811185836792,-0.9697195887565612,-0.5467150211334229,2.2776196002960205,0.1397734880447387,0.2801305055618286,0.6909316778182983,0.3711552023887634,0.8566029071807861,4.1270833015441895,1.134553074836731,-0.0334265567362308,0.9837911128997804,0.0913456380367279,2.001922369003296,-0.2047872990369796,0.4739947319030761,0.1628013998270034
final_internal_val_00059,final_internal_val,C4,280,late,2,late,0.7631043467080438,0.7307389378547668,0.0078063062392175,0.0050061675719916,0.9871875047683716,0.0128124952316284,0.0702074611940613,0,5.384053707122803,0.083197608590126,-0.5683225989341736,-0.7642490863800049,-0.8987455368041992,-0.7584999203681946,-0.9783564209938048,-0.8545176386833191,0.1927885711193084,0.3038600385189056,4.532464504241943,1.0076802968978882,0.1214647814631462,0.572110652923584,-0.4470458626747131,-0.3768023550510406,0.0271775312721729,0.3429920375347137,-0.1495576500892639,0.5359106659889221,-0.6758961081504822,0.2535278499126434,0.2646137475967407,-1.273031234741211,0.7337692975997925,-0.0808968469500541,0.5604248046875,-0.8678879141807556,-0.8448451161384583,-0.5566228628158569,2.177424192428589,0.0797646269202232,0.2747513055801391,0.5428074598312378,0.2547095417976379,1.1121559143066406,2.82185435295105,0.9044334888458252,2.86484432220459,1.0047824382781982,0.1147413626313209,1.857257604598999,-0.2178394794464111,0.4762475192546844,0.0183611195534467
test_C6_00000,test_C6,C6,12,early,0,early,0.0543003305631503,0.3084273636341095,0.953852355480194,0.0314449332654476,0.0147026730701327,0.0461476445198059,0.1965130298325786,0,-0.1257886588573455,-0.5411297678947449,0.1608755588531494,0.9584552645683287,0.7309187650680542,-0.5013356804847717,0.2846569120883941,0.1757584661245346,-1.2250901460647583,-1.0612914562225342,0.0631998255848884,-0.8821256160736084,-1.5216472148895264,-1.3711494207382202,0.2949369847774505,-1.1064778566360474,-1.583381414413452,-0.2877675294876098,-0.97017103433609,-1.202985167503357,-1.3697762489318848,-1.475585699081421,-0.6345699429512024,0.7421991229057312,-0.1427676677703857,-1.1487994194030762,-1.0185134410858154,1.4416258335113523,1.0648066997528076,-1.13307785987854,-0.352514773607254,-0.5423703789710999,-0.8817546963691711,-0.9810985922813416,-0.5292837023735046,-0.3352623581886291,-0.4914744198322296,-1.001344919204712,-1.3619234561920166,-0.7072956562042236,-1.0801416635513306,-0.5737391710281372,-2.410163164138794,-0.5852763652801514,-1.3683255910873413
test_C6_00001,test_C6,C6,13,early,0,early,0.0607357409228696,0.31106698513031,0.9517534971237184,0.0332558825612068,0.0149906519800424,0.0482465028762817,0.203180241515489,0,-0.0487364120781421,-1.440834879875183,-0.3490699827671051,0.4508754014968872,-0.1364481300115585,-0.2046341300010681,-0.075099691748619,-0.4998452663421631,-1.0092414617538452,-0.5924107432365417,0.1251282840967178,-0.7822745442390442,-1.186982035636902,-1.2958042621612549,1.7195355892181396,-1.6658077239990234,-1.0314507484436035,-0.1252442896366119,-1.6782535314559937,0.494647204875946,-0.8602838516235352,-0.8406043648719788,-0.2114708125591278,1.248642921447754,-0.2009637206792831,-1.7731016874313354,-0.6568449139595032,-0.455367237329483,1.115238070487976,-1.7136849164962769,-0.1501967310905456,-1.0152148008346558,-1.4598586559295654,-0.8406742215156555,-1.0395241975784302,-0.042628601193428,-0.3179339468479156,-0.8993645310401917,2.1627798080444336,-0.5772955417633057,-0.4361687898635864,-0.4573881030082702,-1.4942480325698853,-0.4981880187988281,-1.3857768774032593
test_C6_00002,test_C6,C6,14,early,0,early,0.0675207371477249,0.3111720383167267,0.9515602588653564,0.0336621738970279,0.014777629636228,0.0484397411346435,0.2036121072221683,0,-0.1474449336528778,-1.4723036289215088,-0.1433062851428985,0.5429326891899109,-0.0321032479405403,0.2460005283355713,-0.0476866550743579,-0.3444799482822418,-1.2054990530014038,-1.018508791923523,-0.0240363255143165,-1.0444029569625854,-1.5500116348266602,-1.2886477708816528,0.4436866343021393,-1.635483741760254,-1.2355496883392334,0.0390359722077846,-1.567458987236023,-0.9879012703895568,-0.9912961721420288,-1.2930073738098145,-0.9699893593788148,1.3500481843948364,-0.1387490034103393,-1.6565145254135132,-0.9421432018280028,-0.1437183618545532,0.2599819600582123,-1.71624755859375,-0.6531015634536743,-0.8589919805526733,-1.352698802947998,-0.8486109375953674,-1.1157890558242798,0.6748912930488586,-0.5934229493141174,-0.8984326124191284,-0.9538546204566956,-0.5935244560241699,-1.419506549835205,-0.4735948741436004,-1.5795493125915527,-0.4057661294937134,-1.318195939064026
test_C6_00003,test_C6,C6,15,early,0,early,0.0746968680474152,0.310904860496521,0.95039165019989,0.0348266959190368,0.0147817023098468,0.0496083498001098,0.2071509781286998,0,-0.1487810164690017,-1.5223596096038818,-0.059590145945549,0.5344959497451782,0.3748418092727661,0.3388711214065552,-0.0068180137313902,-0.0384573526680469,-1.28830087184906,-1.3644189834594729,-0.0465065352618694,-1.129300832748413,-1.779219388961792,-1.2601306438446045,0.502562403678894,-1.6566038131713867,-1.3965877294540403,0.0439431481063365,-1.5142829418182373,-0.8216219544410706,-1.1048401594161987,-1.51999831199646,-0.9885795712471008,1.412598729133606,-0.1439041942358017,-1.6481878757476809,-1.0188618898391724,-0.2024348080158233,0.3490731716156006,-1.7114495038986206,-0.6681308746337891,-0.9387162327766418,-1.387782335281372,-0.8447073698043823,-1.1463611125946045,0.2983664572238922,-0.6495441794395447,-0.918258786201477,-0.7541662454605103,-0.6042877435684204,-1.3881158828735352,-0.4900937378406524,-1.5737701654434204,0.2364071905612945,-1.556046485900879
test_C6_00004,test_C6,C6,16,early,0,early,0.0810622745661246,0.3110153973102569,0.9494444131851196,0.035890195518732,0.014665444381535,0.0505555868148803,0.2098957261271078,0,-0.1517342776060104,-1.4963747262954712,-0.0133479479700326,0.5576150417327881,0.4341879785060882,0.441739022731781,0.0136790424585342,0.0686505585908889,-1.399943709373474,-1.2416822910308838,-0.0428693555295467,-1.1347360610961914,-1.9223852157592771,-1.2428539991378784,0.4819213449954986,-1.6362571716308594,-1.4754310846328735,0.0576887242496013,-1.4628050327301023,-0.7865744233131409,-1.2041912078857422,-1.673224925994873,-1.0463155508041382,1.379906415939331,-0.1397143006324768,-1.5985442399978638,-1.0694177150726318,0.20858034491539,0.285658061504364,-1.6834547519683838,-0.681281566619873,-1.0562855005264282,-1.351325750350952,-0.8379391431808472,-1.1943734884262085,0.3383007943630218,-0.644605815410614,-0.9043558239936828,-0.650429368019104,-0.5945573449134827,-1.4024749994277954,-0.4640829563140869,-1.5602035522460938,0.3120245039463043,-1.464597225189209
test_C6_00005,test_C6,C6,17,early,0,early,0.0874276810764199,0.3112186789512634,0.9472103714942932,0.0380255989730358,0.0147639755159616,0.0527896285057067,0.2165769490309667,0,-0.1198247522115707,-1.5045149326324463,0.074451096355915,0.5453435182571411,0.6261902451515198,0.5427039265632629,0.0517796240746974,0.1631575375795364,-1.2022098302841189,-1.2573319673538208,-0.011847604997456,-1.0986374616622925,-1.774498701095581,-1.219451665878296,0.4604560732841491,-1.6266213655471802,-1.4308159351348877,0.0840590968728065,-1.4025112390518188,-0.7061181664466858,-0.5905525088310242,-1.4153512716293335,-1.0143316984176636,1.6633317470550537,-0.1429178416728973,-1.5192019939422607,-0.9912903904914856,0.1360482573509216,0.4145103693008423,-1.6717815399169922,-0.6928851008415222,-1.103908658027649,-1.324126362800598,-0.8127192258834839,-1.1919456720352173,0.2892820537090301,-0.6432101130485535,-0.9027515649795532,-0.5465185642242432,-0.5782843828201294,-1.3241273164749146,-0.4554265737533569,-1.5106992721557615,-0.4026444554328918,-1.4676377773284912
test_C6_00006,test_C6,C6,18,early,0,early,0.0935881687037735,0.310677707195282,0.9462599754333496,0.0391161851584911,0.0146237723529338,0.0537400245666503,0.21922253339302,0,-0.1197243481874466,-1.5193724632263184,0.1645358502864837,0.5338291525840759,0.5330982208251953,0.6753319501876831,0.0565315932035446,0.389974296092987,-1.324449062347412,-1.3346072435379028,0.0110975885763764,-1.113405466079712,-1.8342207670211792,-1.1989868879318235,0.478110134601593,-1.7040754556655884,-1.37409245967865,0.0861528143286705,-1.3594934940338137,-0.7181594371795654,-0.4866560399532318,-1.561511754989624,-0.959184467792511,1.4141535758972168,-0.142784908413887,-1.5393749475479126,-1.0164940357208252,-0.0654297620058059,0.4547695219516754,-1.6790164709091189,-0.7031993865966797,-0.9059364795684814,-1.269777774810791,-0.8562922477722168,-1.1777781248092651,0.39571014046669,-0.6469689607620239,-0.9132343530654908,-0.5453614592552185,-0.5900607109069824,-1.4008244276046753,-0.4541553556919098,-1.4648107290267944,-1.152912974357605,-1.5248669385910034
test_C6_00007,test_C6,C6,19,early,0,early,0.0995437374397715,0.3121246099472046,0.9431028962135316,0.0420581512153148,0.0148389302194118,0.0568971037864685,0.2284663448593353,0,0.1131230816245079,-1.4530404806137085,-0.1894644349813461,0.481636494398117,-0.9245266318321228,-0.1040852665901184,-0.0828007459640502,-0.4894380271434784,-1.0633665323257446,-0.5418825149536133,0.3302923440933227,-0.7309827208518982,-1.2987782955169678,-1.1564668416976929,-0.1276775002479553,-1.85198712348938,-1.2673006057739258,-0.3199167847633362,-1.7171993255615234,-1.7744561433792114,-0.3936960101127624,-1.273786544799805,-0.7418436408042908,0.8035515546798706,-0.1511648893356323,-1.881924033164978,-0.5998134613037109,-0.3754938244819641,0.8137922883033752,-1.833293080329895,0.1181408762931823,-0.8768129944801331,-1.6852009296417236,-0.812549352645874,-0.98179692029953,0.2044294774532318,-0.2454762011766433,-0.8287263512611389,-2.583756446838379,-0.5342143774032593,-0.9952051639556884,-0.3611467182636261,-1.4486438035964966,-1.19659161567688,-1.4674431085586548
test_C6_00008,test_C6,C6,20,early,0,early,0.1052943872844138,0.3115330934524536,0.9424165487289428,0.0427373871207237,0.0148459803313016,0.0575834512710571,0.2304107442473783,0,0.1557441502809524,-1.5847779512405396,-0.1516901850700378,0.5050243139266968,-0.3373120427131653,0.1164345145225524,-0.017190147191286,-0.3812026679515838,-0.9196311831474304,-0.7147107124328613,0.3996043503284454,-0.7565769553184509,-1.175961136817932,-1.142530083656311,0.4789577722549438,-1.8838430643081665,-1.0784391164779663,-0.3315627872943878,-1.7515257596969604,-1.3188807964324951,-0.7074360847473145,-1.0013973712921145,-0.88294517993927,1.0302679538726809,-0.1440532952547073,-1.850677728652954,-0.7858409881591797,-0.284637838602066,0.5921372771263123,-1.8860102891922,0.2261148244142532,-0.940272331237793,-1.6771492958068848,-0.8330222964286804,-1.1192173957824707,0.131086841225624,-0.2671213150024414,-0.7918474078178406,-1.3713229894638062,-0.5468764901161194,-1.4095220565795898,-0.3619992434978485,-1.4475797414779663,-1.1948379278182983,-1.2369744777679443
test_C6_00009,test_C6,C6,21,early,0,early,0.1108401182377004,0.3095632791519165,0.9472193717956544,0.0379470288753509,0.0148336226120591,0.0527806282043457,0.216610518994033,0,-0.0414834879338741,-0.9937969446182252,0.9524269104003906,0.6226725578308105,0.7591788172721863,-0.39353147149086,0.1776477992534637,1.308042049407959,-0.9160410761833192,-0.301502913236618,0.2040539979934692,-0.9521027207374572,-0.8832802176475525,-1.0838559865951538,1.7328466176986694,-0.9956790208816528,-1.101118087768555,0.0636872351169586,-0.4459952712059021,0.645921528339386,-1.5590163469314575,-0.4279003143310547,-0.3027681708335876,1.724112629890442,-0.0916438549757003,-1.463222861289978,-0.8988915681838989,0.9718942046165466,0.7873336672782898,-1.1490843296051023,-0.577954888343811,-1.0278526544570925,-1.4117053747177124,-0.3467863202095032,-0.5712530016899109,-0.3905536830425262,-0.4734419584274292,-0.7976730465888977,2.3919734954833984,0.0341169089078903,-0.544427752494812,-0.3674135208129883,-1.8711553812026975,-0.196974828839302,-0.9552584290504456
test_C6_00010,test_C6,C6,22,early,0,early,0.1161809303080454,0.3078551888465881,0.9496676325798036,0.0357016623020172,0.0146306548267602,0.0503323674201965,0.2092011466367392,0,-0.0942353084683418,-0.95930677652359,1.1033098697662354,0.7444406151771545,0.7848697900772095,0.1819250732660293,0.2957045137882232,1.6752692461013794,-0.749409019947052,-0.1807481944561004,0.0947133004665374,-1.1230119466781616,-0.8266484141349792,-1.0397874116897583,0.2104443609714508,-1.0194965600967407,-1.1636507511138916,0.2910879254341125,-0.3458289802074432,-0.6893466711044312,-1.610627293586731,-0.4086138606071472,-1.0267045497894287,1.9638534784317017,-0.1365391463041305,-1.2495557069778442,-0.8344675898551941,0.9932456612586976,0.5532205700874329,-1.1556966304779053,-0.7350797653198242,-0.7838460803031921,-1.1883193254470823,-0.4608092308044433,-0.4708218574523926,-0.111835666000843,-0.6201562285423279,-0.8184630870819092,-0.7362862825393677,-0.1579359769821167,-1.2642691135406494,-0.3408841788768768,-1.9161847829818728,-0.3885549008846283,-0.8563538789749146
test_C6_00011,test_C6,C6,23,early,0,early,0.1213168234786207,0.3078605234622955,0.9508517384529114,0.0343896858394146,0.0147586008533835,0.0491482615470886,0.2057455699294764,0,-0.1020561754703521,-1.060995101928711,1.129294991493225,0.7834672331809998,0.808326780796051,0.3227193057537079,0.3914514183998108,1.6752692461013794,-0.7763809561729431,-0.2336939126253128,0.074906937777996,-1.1193112134933472,-0.7954768538475037,-1.0443683862686155,0.2785860598087311,-1.0656425952911377,-1.105101227760315,0.3359698355197906,-0.3621580302715301,-0.560302197933197,-1.6577502489089966,-0.4083528518676758,-0.9757786393165588,1.97469425201416,-0.1406913548707962,-1.116327166557312,-0.8003472685813904,1.0127404928207395,0.8077639937400818,-1.1691025495529177,-0.7413172721862793,-0.5894455313682556,-1.1741007566452026,-0.5390501022338867,-0.3165777921676636,-0.3279343545436859,-0.6329135894775391,-0.8285964131355286,-0.5219077467918396,-0.2011781930923462,-1.091684103012085,-0.3361053466796875,-1.8882545232772827,-1.0289942026138306,-0.9483623504638672
test_C6_00012,test_C6,C6,24,early,0,early,0.1262477977578404,0.3084187507629394,0.9513874650001526,0.0336827263236045,0.0149296820163726,0.0486125349998474,0.2042505061925285,0,-0.0943780690431594,-1.051611304283142,1.098521709442139,0.7887275815010071,0.9287393093109132,0.4830639660358429,0.413077712059021,1.6752692461013794,-0.7746134996414185,-0.3752342462539673,0.0818329229950904,-1.1397922039031982,-0.8646410703659058,-1.0241347551345823,0.3421715497970581,-1.0949856042861938,-1.138800859451294,0.309098482131958,-0.4228974878787994,-0.5746709108352661,-1.70094633102417,-0.3560619354248047,-0.9957820177078248,1.9723944664001465,-0.1429601311683654,-1.1544216871261597,-0.8532907962799072,1.0306106805801392,0.7189292311668396,-1.225633144378662,-0.7470349073410034,-0.8427873253822327,-1.1146684885025024,-0.4547750055789947,-0.5762411952018738,-0.0928704813122749,-0.6526749730110168,-0.8239840865135193,-0.5215243697166443,-0.1384522020816803,-1.1575722694396973,-0.3408252298831939,-1.898087739944458,-1.2185803651809692,-0.8711051344871521
test_C6_00013,test_C6,C6,25,early,0,early,0.13117877203706,0.3089019358158111,0.9520279765129088,0.0329797081649303,0.0149923004209995,0.047972023487091,0.202342267419247,0,-0.0722543746232986,-1.1283055543899536,1.0950701236724854,0.8093559741973877,0.944564938545227,0.6407594084739685,0.4434133470058441,1.6752692461013794,-0.5448871850967407,-0.2488097250461578,0.1123255267739296,-1.1185857057571411,-0.5821296572685242,-0.9848482608795166,0.3602195084095001,-1.100370168685913,-1.0051252841949463,0.2910212874412536,-0.4419472515583038,-0.5402112007141113,-1.7406867742538452,-0.3638595342636108,-0.9693400263786316,1.8867127895355225,-0.1404015868902206,-1.1505619287490845,-0.7878699898719788,1.0470513105392456,0.6522788405418396,-1.227173924446106,-0.752295196056366,-0.7078161835670471,-1.121086359024048,-0.4434377551078796,-0.5128850936889648,-0.1343133598566055,-0.6250109076499939,-0.8150914907455444,-0.4113720059394836,-0.1157834976911544,-1.1680394411087036,-0.3104745745658874,-1.8901524543762207,-0.774194061756134,-0.8448023200035095
test_C6_00014,test_C6,C6,26,early,0,early,0.1361097463162796,0.3093636631965637,0.952582597732544,0.0322404094040393,0.0151770133525133,0.047417402267456,0.2007684939870773,0,-0.0765047445893287,-1.118115782737732,1.1350089311599731,0.7690996527671814,0.8678714036941528,0.6756343841552734,0.4173581600189209,1.6752692461013794,-0.7017443180084229,-0.3220674395561218,0.1109255850315094,-1.124056339263916,-0.7299466133117676,-0.9733505249023438,0.3341753780841827,-1.1771671772003174,-1.277315378189087,0.3012431561946869,-0.4708671569824219,-0.4579015672206878,-1.4716747999191284,-0.1716378778219223,-0.9355592131614684,1.8418933153152464,-0.145576536655426,-1.0655299425125122,-0.8291131854057312,0.8725279569625854,0.5122796893119812,-1.280187487602234,-0.7571508288383484,-0.7717955708503723,-1.0742692947387695,-0.3885528147220611,-0.6535552740097046,-0.0513475947082042,-0.6352060437202454,-0.8498992323875427,-0.4130817353725433,-0.0797933861613273,-1.101895093917847,-0.3163145780563354,-1.8436756134033203,-0.0076269092969596,-1.067549705505371
test_C6_00015,test_C6,C6,27,early,0,early,0.1410407205954993,0.3098851144313812,0.9526476860046388,0.0319205746054649,0.0154316779226064,0.0473523139953613,0.2007389659832004,0,-0.0687949806451797,-1.1614068746566772,1.1183431148529053,0.756910502910614,0.9726994037628174,0.7700945138931274,0.4454209208488464,1.6752692461013794,-0.6662962436676025,-0.2546904981136322,0.1147156208753585,-1.08002507686615,-0.7065951228141785,-0.9520341753959656,0.265583336353302,-1.183531403541565,-1.1728270053863523,0.2656204104423523,-0.4821251928806305,-0.3780117034912109,-1.8113363981246948,-0.1766667664051056,-1.0709116458892822,1.7458404302597046,-0.1388368159532547,-1.0866668224334717,-0.7877362370491028,0.802268922328949,0.2171498984098434,-1.2608798742294312,-0.7616468071937561,-0.9095210433006288,-1.0876635313034058,-0.014051117002964,-0.606700599193573,-0.2409998774528503,-0.5853445529937744,-0.8190246224403381,-0.4146992266178131,0.3536629378795624,-1.1106634140014648,-0.2952120900154114,-1.8450185060501096,0.433570384979248,-0.8809424042701721
test_C6_00016,test_C6,C6,28,early,0,early,0.1459716948747189,0.3103255033493042,0.9526540040969848,0.031653419137001,0.0156925041228532,0.0473459959030151,0.2008889525090942,0,-0.0647203773260116,-1.1638842821121216,1.1226648092269895,0.7554798722267151,1.0700396299362185,0.8439957499504089,0.460815966129303,1.6752692461013794,-0.6867491602897644,-0.2093532830476761,0.1387143284082412,-1.0796724557876587,-0.5867902040481567,-0.9465166330337524,0.1569590866565704,-1.1894268989562988,-1.3297771215438845,0.2762752175331116,-0.4822652339935303,-0.3494393527507782,-1.2751562595367432,-0.1815491765737533,-0.983709990978241,1.748858094215393,-0.1428723782300949,-1.0143324136734009,-0.7939695715904236,0.8251031041145325,0.2734046578407287,-1.252144455909729,-0.765821635723114,-0.6300595998764038,-1.0454576015472412,0.3566398918628692,-0.6370401978492737,-0.3478733897209167,-0.5623441338539124,-0.8342399597167969,-0.5331860184669495,0.7615212798118591,-1.0192809104919434,-0.2855417728424072,-1.791530966758728,0.1030637696385383,-0.9603214859962464
test_C6_00017,test_C6,C6,29,early,0,early,0.1509026691539386,0.3104191422462463,0.95267516374588,0.0313874892890453,0.0159373208880424,0.0473248362541198,0.2009770889212174,0,-0.0584645420312881,-1.2374396324157717,1.1295785903930664,0.7502198815345764,1.2425235509872437,0.8703542947769165,0.480974018573761,1.6752692461013794,-0.7786818146705627,-0.1170431524515152,0.1724827587604522,-1.0324230194091797,-0.5185269117355347,-0.968052327632904,0.1820278316736221,-1.278234362602234,-1.2268269062042236,0.2286128401756286,-0.5441210269927979,-0.3702123165130615,-1.187061786651611,-0.0163542386144399,-1.0087562799453735,1.7117559909820557,-0.1436148583889007,-1.1128261089324951,-0.7664837837219238,0.9314001202583312,0.239808440208435,-1.327797532081604,-0.769708514213562,-0.7512158155441284,-1.140998125076294,0.3745686113834381,-0.713161289691925,-0.2501186430454254,-0.4989332854747772,-0.8140344619750977,-0.5326774716377258,0.8138531446456909,-1.1040735244750977,-0.2480601519346237,-1.7605304718017578,-0.6401069164276123,-0.9527058601379396
test_C6_00018,test_C6,C6,30,early,0,early,0.1554870761471252,0.3101087212562561,0.9528656601905824,0.0311665032058954,0.0159678701311349,0.0471343398094177,0.2004035511885877,0,-0.0671848803758621,-1.2946239709854126,1.131112575531006,0.7581464052200317,1.2452521324157717,0.9821053743362428,0.5155298709869385,1.6752692461013794,-0.8342881798744202,-0.2033484280109405,0.1402333825826645,-1.0505690574645996,-0.6496765613555908,-0.9555601477622986,0.204847052693367,-1.2448832988739014,-1.0731580257415771,0.2574149072170257,-0.5130311250686646,-0.3399279415607452,-1.3697762489318848,-0.0143767558038234,-1.0594401359558103,1.6984888315200806,-0.1390596628189087,-1.0445820093154907,-0.7882322072982788,1.0306106805801392,0.3154106140136719,-1.2877678871154783,-0.7733362913131714,-0.8515895009040833,-1.0999783277511597,0.3251443207263946,-0.6312097311019897,-0.0546617060899734,-0.5296810865402222,-0.8014528751373291,-0.4106883108615875,0.7938684821128845,-1.0368300676345823,-0.2514249384403229,-1.7562217712402344,-1.1661332845687866,-0.8359284996986389
test_C6_00019,test_C6,C6,31,early,0,early,0.1597249158626929,0.3100453317165375,0.9532483220100404,0.0310382861644029,0.0157134011387825,0.0467516779899597,0.1990551237630377,0,0.1522760838270187,-1.1987820863723757,0.6062257885932922,0.6241586208343506,0.2523207366466522,-0.2896850109100342,0.1448305696249008,0.8460466861724854,-1.1345231533050537,-0.6537218689918518,0.4493451118469238,-0.78363436460495,-1.2857950925827026,-1.0214940309524536,-0.156547263264656,-1.611214518547058,-1.6833621263504028,-0.365448385477066,-1.166088581085205,-1.6836010217666626,-0.7715335488319397,-1.183977127075195,-0.8701346516609192,0.9460124969482422,-0.1663331687450409,-1.736236572265625,-0.9346135258674622,0.4074586629867553,0.6556548476219177,-1.6505268812179563,0.1395749151706695,-1.0650314092636108,-1.7622485160827637,-0.621690571308136,-0.9430069327354432,-0.4008466899394989,-0.2739395499229431,-0.7449055314064026,-2.7011048793792725,-0.31975057721138,-1.146389126777649,-0.2937769889831543,-1.6794737577438354,0.3291294276714325,-1.304270625114441
test_C6_00020,test_C6,C6,32,early,0,early,0.1636161882838135,0.3103636801242828,0.953287661075592,0.030978100374341,0.0157341957092285,0.0467123389244079,0.1989452041748804,0,0.1659956127405166,-1.2342157363891602,0.6277764439582825,0.6286762952804565,0.2858226001262665,-0.0936258807778358,0.1814164817333221,0.8719598650932312,-1.009729027748108,-0.9236845970153807,0.4378775358200073,-0.8621909618377686,-1.401033878326416,-1.0308207273483276,0.3124625980854034,-1.6560232639312744,-1.2026618719100952,-0.3691936135292053,-1.1720730066299438,-1.1034555435180664,-0.7074360847473145,-1.2911744117736816,-1.013805270195007,0.9382482171058656,-0.1438906490802765,-1.8093661069869995,-0.8642135262489319,0.4397763907909393,0.3736665546894073,-1.688797116279602,0.2063888162374496,-1.105459690093994,-1.7231662273406982,-0.6518818140029907,-0.9498956203460692,-0.190549686551094,-0.3540118038654327,-0.765159010887146,-1.3176404237747192,-0.3681229948997497,-1.5975724458694458,-0.3236161768436432,-1.6461883783340454,0.2818368673324585,-1.3977007865905762
test_C6_00021,test_C6,C6,33,early,0,early,0.1671608934273151,0.3106437027454376,0.95305734872818,0.0307776350528001,0.0161650646477937,0.04694265127182,0.1999235210621718,0,0.1504363715648651,-1.5434609651565552,1.6618728637695312,0.7233147621154785,1.2524455785751345,0.1069447696208953,0.684624195098877,1.6752692461013794,-0.6504050493240356,-0.2181392014026641,0.3716214299201965,-0.7084751725196838,-0.4370906949043274,-0.942969024181366,1.8349553346633911,-2.8260693550109863,-0.7867757081985474,0.0268727615475654,-0.7190722227096558,0.8499816060066223,0.4366060495376587,0.2458964586257934,0.6247901916503906,1.11226224899292,-0.1734504550695419,-1.4643609523773191,-0.3750770688056946,0.6195955276489258,0.6219107508659363,-1.986719012260437,0.0778708755970001,-0.152511641383171,-1.932883620262146,-0.8392050862312317,-0.7028778791427612,0.581823468208313,-0.1979533582925796,-0.5618270039558411,2.8267767429351807,-0.6105498671531677,-0.4230325222015381,-0.1757527887821197,-0.6905643343925476,0.1790009886026382,-0.4845884442329407
test_C6_00022,test_C6,C6,34,early,0,early,0.1703590312763698,0.3106451332569122,0.9532911777496338,0.0306448116898536,0.0160639528185129,0.0467088222503662,0.1991327890594084,0,0.0645127072930336,-1.5461888313293457,1.609687566757202,0.8617421388626099,1.2545613050460815,0.6741610169410706,0.7292968034744263,1.6752692461013794,-0.8000879287719727,-0.1379688829183578,0.2695946395397186,-0.9026282429695128,-0.4447492361068725,-0.9380003213882446,0.1708733737468719,-2.796171903610229,-1.1297974586486816,0.1717259287834167,-0.651106595993042,-0.5694288015365601,0.4613995254039764,0.3837449252605438,-0.1423453688621521,1.102249264717102,-0.1503887474536895,-1.3639442920684814,-0.6038845181465149,1.151497483253479,0.1911473423242569,-2.015979051589966,-0.3215720057487488,0.069878414273262,-1.6285957098007202,-0.7026000618934631,-1.0827513933181765,0.2903496026992798,-0.3389022946357727,-0.6462656259536743,-0.7795365452766418,-0.4748397469520569,-1.236897349357605,-0.1609522849321365,-0.5777085423469543,0.4500979781150818,-0.6225411295890808
test_C6_00023,test_C6,C6,35,early,0,early,0.1732106018478054,0.310836911201477,0.9532259702682496,0.0305677708238363,0.0162062775343656,0.0467740297317504,0.1994200123070416,0,0.0482691936194896,-1.6042625904083252,1.530630350112915,0.8812200427055359,1.2565561532974243,0.8665729761123657,0.7960136532783508,1.6752692461013794,-0.8901972770690918,0.0121411131694912,0.2789424657821655,-0.8548021912574768,-0.3666531145572662,-0.925831973552704,0.1910165548324585,-2.7704994678497314,-0.9542798399925232,0.1932207196950912,-0.6349730491638184,-0.4805287420749664,0.4847762286663055,0.3839389383792877,-0.1808709055185318,1.2425205707550049,-0.1423696130514145,-1.3123713731765747,-0.5650816559791565,1.159786820411682,0.2078308761119842,-2.004876613616944,-0.5178375244140625,0.0291325319558382,-1.540215253829956,-0.6738439798355103,-0.964911162853241,0.4070676565170288,-0.3234292268753052,-0.6597926616668701,-0.6551947593688965,-0.4421166479587555,-1.226086139678955,-0.1275573521852493,-0.5439942479133606,0.4110979437828064,-0.6278485655784607
test_C6_00024,test_C6,C6,36,early,0,early,0.175715605133208,0.3107473850250244,0.95329350233078,0.0305207800120115,0.0161856766790151,0.0467064976692199,0.1991964702620736,0,0.0356509983539581,-1.5296026468276978,1.459964394569397,0.789152204990387,1.126559853553772,0.8318384885787964,0.6920762062072754,1.6752692461013794,-0.993074357509613,-0.1262747794389724,0.2388665378093719,-0.9018821716308594,-0.6031993627548218,-0.9590615034103394,0.2974165380001068,-2.734285831451416,-1.049086093902588,0.225553497672081,-0.6275349259376526,-0.3444649279117584,0.506854236125946,0.149259015917778,-0.2115894556045532,1.2212119102478027,-0.1433759331703186,-1.2801109552383425,-0.6340444087982178,1.0306106805801392,0.3999991416931152,-1.997979760169983,-0.6155282258987427,-0.1309001147747039,-1.5164474248886108,-0.7034820914268494,-1.2430349588394165,0.4060634672641754,-0.3235505223274231,-0.66472327709198,-0.408517450094223,-0.4970501065254211,-1.2408530712127686,-0.1439168751239776,-0.5451827645301819,0.3313538134098053,-0.6645848751068115
test_C6_00025,test_C6,C6,37,early,0,early,0.1782206084186106,0.3106285333633423,0.953421115875244,0.0303912460803985,0.0161876194179058,0.0465788841247558,0.1987976048463602,0,0.025375161319971,-1.5874568223953247,1.370737075805664,0.8356351852416992,1.1960643529891968,0.9718786478042604,0.7801048755645752,1.605793833732605,-1.0920231342315674,-0.2044858336448669,0.2308580726385116,-0.9000571966171265,-0.709544837474823,-0.9817458391189576,0.3557230830192566,-2.6300384998321533,-1.2643605470657349,0.2042164057493209,-0.6226320266723633,-0.4105358719825744,0.3129258155822754,-0.1160799115896225,-0.1486147940158844,1.300101637840271,-0.1390296667814254,-1.3328523635864258,-0.6103816032409668,1.0417191982269287,0.5706083178520203,-1.922054886817932,-0.7079383134841919,-0.099247358739376,-1.4878950119018557,-0.683296263217926,-1.2546993494033811,0.4712866246700287,-0.3385493755340576,-0.6877791285514832,-0.4097689390182495,-0.4605887234210968,-1.242248773574829,-0.1446550488471985,-0.5925363302230835,0.4874142110347748,-0.7887809872627258
test_C6_00026,test_C6,C6,38,early,0,early,0.1807256117040133,0.3103064596652984,0.9535943269729614,0.0302845500409603,0.0161211118102073,0.0464056730270385,0.1982158882500016,0,0.0219240169972181,-1.6186785697937012,1.3370336294174194,0.860248863697052,1.2619106769561768,1.0690547227859497,0.8132722973823547,1.6752692461013794,-1.0305020809173584,-0.2167267203330993,0.2133896797895431,-0.967172622680664,-0.7731143832206726,-0.9651657342910768,0.3223786652088165,-2.6019320487976074,-1.335671067237854,0.2223525792360305,-0.6091169714927673,-0.4743231534957886,0.5475242733955383,-0.2535416185855865,-0.1528558135032653,1.3273489475250244,-0.1461655795574188,-1.300310134887695,-0.7259010672569275,1.1171401739120483,0.6001279950141907,-1.920654892921448,-0.7954847812652588,-0.1318452358245849,-1.4156168699264526,-0.6974306106567383,-1.358009696006775,0.2951253652572632,-0.3859084546566009,-0.7407754063606262,-0.4109719693660736,-0.4626993238925934,-1.1596004962921145,-0.142799437046051,-0.4839084148406982,0.3793917298316955,-1.0068743228912354
test_C6_00027,test_C6,C6,39,early,0,early,0.183230614989416,0.3101058006286621,0.9536410570144652,0.0302737168967723,0.0160851646214723,0.0463589429855346,0.1980483775252061,0,0.0163098070770502,-1.676456332206726,1.2808393239974976,0.8324066996574402,1.2635124921798706,1.0917308330535889,0.8125860691070557,1.6752692461013794,-1.1360753774642944,-0.1649679392576217,0.2147619873285293,-0.9705392718315125,-0.8124641180038452,-0.9285471439361572,0.3346738815307617,-2.5205118656158447,-1.324515461921692,0.1951451301574707,-0.6031559109687805,-0.4856255650520324,0.4643965363502502,-0.0261165667325258,-0.2111591100692749,1.3539398908615112,-0.1397228240966797,-1.326813817024231,-0.6581687927246094,1.0622272491455078,0.4241523742675781,-1.8494195938110352,-0.7976144552230835,-0.1663170009851455,-1.4373283386230469,-0.6629899740219116,-1.205199956893921,0.2335124015808105,-0.3678179979324341,-0.7007788419723511,-0.4121295511722564,-0.433427482843399,-1.2435702085494995,-0.1175647675991058,-0.5195180177688599,0.2886859476566314,-0.8321093320846558
test_C6_00028,test_C6,C6,40,early,0,early,0.1857356182748186,0.3101069331169128,0.9535922408103944,0.0303368177264928,0.0160709880292415,0.0464077591896057,0.1981936981653242,0,0.0333082303404808,-1.6076881885528564,1.250030755996704,0.8223380446434021,1.2650341987609863,1.0882227420806885,0.8073374629020691,1.6752692461013794,-0.8938013315200806,0.0502721481025218,0.2442517578601837,-0.9091994166374208,-0.5291092395782471,-0.9075042009353638,0.3462728559970855,-2.4504120349884038,-1.263533353805542,0.2146634310483932,-0.5937467217445374,-0.3944672644138336,0.5841272473335266,-0.0721689611673355,-0.266631007194519,1.4128973484039309,-0.1419805884361267,-1.2085630893707275,-0.6249854564666748,1.0100599527359009,0.0498804599046707,-1.8109462261199951,-0.7207335829734802,-0.1710967421531677,-1.341220736503601,-0.5372154712677002,-1.1679037809371948,0.4067278206348419,-0.3372129499912262,-0.6519834995269775,-0.4132445156574249,-0.3545595705509186,-1.171964168548584,-0.0839950442314148,-0.4853807985782623,0.156628668308258,-0.4682856500148773
test_C6_00029,test_C6,C6,41,early,0,early,0.1882406215602211,0.3101134896278381,0.9536438584327698,0.0303379017859697,0.0160181503742933,0.0463561415672302,0.1980007692139484,0,0.0171988997608423,-1.6257290840148926,1.22173810005188,0.8254457712173462,1.266481637954712,1.1491974592208862,0.8019747734069824,1.6752692461013794,-1.1413613557815552,-0.1776180565357208,0.2159845978021621,-0.9301356077194214,-0.8003140091896057,-0.9064619541168212,0.2657707333564758,-2.390331029891968,-1.3839776515960691,0.2132581174373626,-0.5736995935440063,-0.3057853877544403,0.6010896563529968,-0.2919952571392059,-0.3101833760738373,1.4124197959899902,-0.1399471312761306,-1.2502950429916382,-0.6395639777183533,1.0807344913482666,0.260549783706665,-1.7462818622589111,-0.8015621304512024,-0.3074137568473816,-1.3272042274475098,-0.5599060654640198,-1.2085164785385132,0.1077731698751449,-0.3568348884582519,-0.7257258296012878,-0.4143193662166595,-0.3703595995903015,-1.2107019424438477,-0.1122030764818191,-0.4867585301399231,0.1426039338111877,-0.9065309762954712
test_C6_00030,test_C6,C6,42,early,0,early,0.1907456248456237,0.3096126914024353,0.953776478767395,0.0302805062383413,0.0159429665654897,0.0462235212326049,0.1975407047382935,0,0.010765821672976,-1.552048683166504,1.2017841339111328,0.820447564125061,1.2678601741790771,1.1681948900222778,0.815152645111084,1.6752692461013794,-1.1387593746185305,-0.144273892045021,0.1894415318965912,-0.91742342710495,-0.9147667288780212,-0.8828297257423401,0.1875887960195541,-2.2966010570526123,-1.381553053855896,0.2654795050621032,-0.527911365032196,-0.3217881023883819,0.6172442436218262,-0.3442634642124176,-0.1395590454339981,1.442196249961853,-0.1407594382762909,-1.1807681322097778,-0.6461731791496277,1.089327096939087,0.4352014660835266,-1.6456905603408811,-0.8033949732780457,-0.1631288677453994,-1.2062349319458008,-0.5182957053184509,-1.297224760055542,0.3001446723937988,-0.349857360124588,-0.723061740398407,-0.4153564870357513,-0.3691913783550262,-1.0475478172302246,-0.1118188947439193,-0.4639313220977783,0.3626421988010406,-0.7714937329292297
test_C6_00031,test_C6,C6,43,early,0,early,0.1932506281226124,0.3096719980239868,0.953779399394989,0.0302180405706167,0.0160025991499423,0.0462206006050109,0.1975663942373026,0,0.0309607256203889,-1.5766524076461792,1.1782983541488647,0.8316545486450195,1.269174575805664,1.2380406856536863,0.8423892259597778,1.6752692461013794,-0.9440027475357056,-0.1407545208930969,0.2489002794027328,-0.9163457751274108,-0.5734759569168091,-0.8952271938323975,0.249223530292511,-2.261934518814087,-1.1189467906951904,0.2576470375061035,-0.535587728023529,-0.3368406593799591,0.5402279496192932,-0.1448951810598373,-0.1736639589071273,1.4513342380523682,-0.1391156911849975,-1.201340675354004,-0.6308339834213257,1.154871106147766,0.4942382574081421,-1.6102885007858276,-0.7317434549331665,-0.1600718796253204,-1.1625841856002808,-0.5007302165031433,-1.3188921213150024,0.3787440955638885,-0.3257662355899811,-0.7398260235786438,-0.2818295955657959,-0.3580861687660217,-1.1167434453964231,-0.1041813269257545,-0.4979950487613678,0.3472861349582672,-0.8345395922660828
test_C6_00032,test_C6,C6,44,early,0,early,0.195755631408015,0.3094338774681091,0.9538699388504028,0.0301464349031448,0.0159836392849683,0.0461300611495971,0.1972708022352405,0,0.0230386666953563,-1.6598129272460938,1.1480867862701416,0.8372156620025635,1.270429253578186,1.3109108209609983,0.8874123692512512,1.6752692461013794,-1.1191272735595703,-0.1734864860773086,0.2392121851444244,-0.9135661125183104,-0.7432619333267212,-0.857776939868927,0.2624449133872986,-2.2003064155578613,-1.4054288864135742,0.2453760057687759,-0.5401702523231506,-0.4027086794376373,0.4667124152183532,-0.2729454040527344,-0.0875857770442962,1.511781930923462,-0.1413124352693557,-1.1800339221954346,-0.5768823027610779,1.2174357175827026,0.4791834056377411,-1.562137484550476,-0.806810736656189,-0.1332266181707382,-1.1652939319610596,-0.5577887892723083,-1.3092617988586426,0.2376483827829361,-0.3013280630111694,-0.7008580565452576,-0.4205073118209839,-0.4150412380695343,-1.0240052938461304,-0.0962150692939758,-0.5044084787368774,0.4973213076591491,-0.6340098977088928
test_C6_00033,test_C6,C6,45,early,0,early,0.1982606346850036,0.3091960549354553,0.9540846347808838,0.0300489608198404,0.0158663876354694,0.0459153652191162,0.1965273530168202,0,0.0137928202748298,-1.6843411922454834,1.1291773319244385,0.8331916332244873,1.2716281414031982,1.3504685163497925,0.8861036896705627,1.6752692461013794,-1.180569767951965,-0.2750092148780823,0.2195825427770614,-0.8891546130180359,-0.826847493648529,-0.8678800463676453,0.2749440968036651,-2.096419334411621,-1.4813601970672607,0.2635650038719177,-0.5068728923797607,-0.3625043332576751,0.6614002585411072,-0.2553225755691528,-0.0538700819015502,1.5441412925720217,-0.1395153254270553,-1.1411808729171753,-0.5655021667480469,1.2224177122116089,0.3781038820743561,-1.4710568189620972,-0.8084047436714172,0.0442137755453586,-1.1198968887329102,-0.4305096566677093,-1.253026247024536,0.3386081755161285,-0.2949984669685364,-0.7559179663658142,-0.283595323562622,-0.3435672521591186,-1.0098321437835691,-0.112633965909481,-0.4800294637680053,0.5294069051742554,-0.9077370762825012
test_C6_00034,test_C6,C6,46,early,0,early,0.2007656379704062,0.3092656135559082,0.9540330171585084,0.0300983246415853,0.0158686693757772,0.0459669828414917,0.1966911744365838,0,0.0251345224678516,-1.57499098777771,1.1150190830230713,0.8304702043533325,1.2211695909500122,1.3170195817947388,0.8680640459060669,1.6752692461013794,-0.968763828277588,-0.098053865134716,0.2190156131982803,-0.9021331667900084,-0.756618320941925,-0.8180060982704163,0.2867847383022308,-1.9791436195373533,-1.4183413982391355,0.2650304138660431,-0.4783653616905212,-0.2193882465362548,0.6748390793800354,-0.3625529110431671,-0.10114037245512,1.5221813917160034,-0.1447444260120391,-1.1032137870788574,-0.6785072684288025,1.2271831035614014,0.2833943367004394,-1.4144527912139893,-0.7413172721862793,-0.1053383573889732,-1.0132298469543457,-0.4520466029644012,-1.4384618997573853,0.0525675788521766,-0.3267984390258789,-0.7473125457763672,-0.1466522067785263,-0.2916107773780823,-0.9501640200614928,-0.0787137225270271,-0.3999558389186859,0.4084473848342895,-0.7538677453994751
test_C6_00035,test_C6,C6,47,early,0,early,0.2032706412810509,0.3092714846134186,0.9539660811424256,0.0301631055772304,0.015870900824666,0.0460339188575744,0.1969031738397055,0,0.3093648850917816,-1.5695701837539673,0.8378180265426636,0.7944980263710022,0.617277204990387,0.0516088455915451,0.5597058534622192,0.9642550349235536,-0.6609547138214111,-0.7310985326766968,0.5814030766487122,-0.7076197266578674,-0.8355065584182739,-0.8897038698196411,-0.1184639707207679,-2.944920063018799,-0.7589765191078186,-0.3130110502243042,-1.2568376064300537,-1.6144390106201172,-0.2423887252807617,-0.545508861541748,-0.3475818336009979,0.7058599591255188,-0.1691309064626693,-1.6516118049621582,-0.4396993517875671,0.916925609111786,0.3834564685821533,-2.250023365020752,0.5988104939460754,-0.5831305384635925,-2.113623857498169,-0.8208544850349426,-0.9972005486488342,0.3600378930568695,-0.1380015015602111,-0.5298954844474792,-2.785305976867676,-0.5687506198883057,-1.040416955947876,-0.1662193238735199,-0.6603908538818359,-0.1087952703237533,-0.905879020690918
test_C6_00036,test_C6,C6,48,early,0,early,0.2057756445412115,0.309207022190094,0.9539502263069152,0.0301639772951602,0.0158858690410852,0.0460497736930847,0.196961727993466,0,0.0283976234495639,-1.649190902709961,1.0646218061447144,0.8334563970565796,1.2749252319335938,1.378894567489624,0.8778477907180786,1.6217153072357178,-1.1110321283340454,-0.2174727767705917,0.253731369972229,-0.8184698820114136,-0.712788999080658,-0.7816324234008789,0.2313416004180908,-1.9148253202438357,-1.5240370035171509,0.2316216379404068,-0.5109288096427917,-0.3241569697856903,0.6172442436218262,-0.2150471359491348,-0.1384937167167663,1.5231648683547974,-0.1161453276872634,-1.1257003545761108,-0.5075085759162903,1.2361183166503906,0.1132964789867401,-1.3856970071792605,-0.8127883076667786,-0.1489336043596267,-1.0170806646347046,-0.2665724158287048,-1.2224353551864624,0.1389329880475998,-0.2129733711481094,-0.7201192378997803,-0.3838155567646026,-0.249340683221817,-1.0450215339660645,-0.0873807743191719,-0.4176860451698303,0.4189551472663879,-0.6414656043052673
test_C6_00037,test_C6,C6,49,early,0,early,0.2082806478266142,0.3094585835933685,0.9538530111312866,0.0302215069532394,0.0159254539757967,0.0461469888687133,0.1972901439594152,0,0.0373837128281593,-1.6005470752716064,1.0591461658477783,0.8054209351539612,1.2759344577789309,1.3530656099319458,0.888150691986084,1.6752692461013794,-0.9474811553955078,-0.0852290317416191,0.2593347728252411,-0.8192608952522278,-0.6094813346862793,-0.7523768544197083,0.1971166431903839,-1.8327306509017944,-1.3776637315750122,0.2504930794239044,-0.4777891337871551,-0.2320588082075119,0.7118642926216125,-0.2133343666791916,-0.1532159745693206,1.5233200788497925,-0.1415398567914962,-1.0147705078125,-0.4442998468875885,1.0389987230300903,0.111087642610073,-1.3002305030822754,-0.8141301870346069,-0.1653717011213302,-0.968896210193634,-0.3356134593486786,-1.1183794736862185,0.3773686289787292,-0.2042878866195678,-0.7043949961662292,-0.2436476349830627,-0.2744509577751159,-0.9572531580924988,-0.0609257146716117,-0.328251302242279,0.3398072719573974,-0.5226827263832092
test_C6_00038,test_C6,C6,50,early,0,early,0.2107856511456729,0.3095962703227997,0.9537895917892456,0.0302822161465883,0.0159282367676496,0.0462104082107543,0.1974911297019269,0,0.0543297789990901,-1.7106361389160156,1.024882435798645,0.789452075958252,1.2769033908843994,1.441321611404419,0.9183272123336792,1.5724456310272217,-0.7710458636283875,0.0716333910822868,0.2996022701263428,-0.7738857865333557,-0.3983491361141205,-0.7093328833580017,0.2103943228721618,-1.7874685525894165,-1.3863469362258911,0.2347679734230041,-0.5007556676864624,-0.2480211108922958,0.7232186794281006,-0.1576809883117675,-0.2386180460453033,1.487884283065796,-0.1425586938858032,-1.1820971965789795,-0.3509441614151001,0.8497639894485474,0.1151961162686348,-1.2824007272720337,-0.6891719698905945,-0.2752814888954162,-0.9878800511360168,-0.2646149098873138,-1.066381812095642,0.5180745124816895,-0.1798898130655288,-0.6484414935112,-0.3891197741031647,-0.2438915073871612,-1.0969061851501465,0.0075910165905952,-0.3236501812934875,0.2700619399547577,-0.2805189788341522
test_C6_00039,test_C6,C6,51,early,0,early,0.2132906544058334,0.3097080886363983,0.95356947183609,0.0303719546645879,0.0160585790872573,0.0464305281639099,0.1982578676583613,0,0.0458776094019413,-1.5498791933059692,1.0172882080078125,0.7928858399391174,1.1847423315048218,1.3576799631118774,0.8606308698654175,1.6752692461013794,-0.8524624705314636,0.0617445521056652,0.2904406487941742,-0.7622809410095215,-0.4276676177978515,-0.7040916085243225,0.1761050820350647,-1.6710082292556765,-1.2712308168411257,0.2464663982391357,-0.4669165313243866,-0.3159632980823517,0.7341278195381165,-0.2887885868549347,-0.2316731810569763,1.5007293224334717,-0.1419069319963455,-1.08609139919281,-0.4116746783256531,0.9580786228179932,0.3534958064556122,-1.19110107421875,-0.8166561126708984,-0.2918423414230346,-0.8885509967803955,-0.2922703325748443,-1.1457432508468628,0.3211730420589447,-0.1635458916425705,-0.6905704140663147,-0.3902226388454437,-0.2641819417476654,-1.0041996240615845,-0.005826729349792,-0.2367209196090698,0.164222240447998,-0.4231307506561279
test_C6_00040,test_C6,C6,52,early,0,early,0.21579565769965,0.3098490238189697,0.9535229802131652,0.0303960740566253,0.0160809513181448,0.0464770197868347,0.1984166841018131,0,0.0491190738976001,-1.6336452960968018,0.992251992225647,0.814653217792511,1.2330785989761353,1.4192800521850586,0.8976711630821228,1.5764003992080688,-0.8880701661109924,-0.0048693856224417,0.3014035522937774,-0.7299678325653076,-0.5283558368682861,-0.7458273768424988,0.2837590873241424,-1.6414932012557983,-1.441067814826965,0.225487008690834,-0.4933834671974182,-0.3286080360412597,0.7446174025535583,-0.2116689383983612,-0.3666915893554687,1.566193461418152,-0.1467591524124145,-1.133562088012695,-0.384752869606018,1.204501748085022,-0.0556426607072353,-1.1969438791275024,-0.8178462386131287,-0.3235828280448913,-0.8991581797599792,-0.2409437894821167,-1.0577551126480105,0.633750855922699,-0.1294287741184234,-0.6991274952888489,-0.3912940323352813,-0.2220503240823745,-1.1463439464569092,0.0085199996829032,-0.075014017522335,0.0060328254476189,-0.4994798004627228
test_C6_00041,test_C6,C6,53,early,0,early,0.2183006610187089,0.3103300333023071,0.953186810016632,0.0305189527571201,0.0162942856550216,0.0468131899833679,0.1995932604437065,0,0.0632357001304626,-1.568359375,0.9738239645957948,0.7564238905906677,1.1900116205215454,1.3876014947891235,0.8622891902923584,1.529764175415039,-0.6596090197563171,0.0848472118377685,0.331416368484497,-0.6771537065505981,-0.2981540560722351,-0.6658596992492676,0.2464134097099304,-1.5249735116958618,-1.121983528137207,0.2286665588617324,-0.4740045964717865,-0.1812841296195984,0.7547110915184021,-0.1591301262378692,-0.3034508526325226,1.600550889968872,-0.1405779719352722,-1.1295512914657593,-0.2830508351325989,0.5575554966926575,-0.3408191502094269,-1.1090494394302368,-0.7594412565231323,-0.3296604752540588,-0.8877317905426025,-0.0979908257722854,-1.1747591495513916,0.5197688937187195,-0.1145519912242889,-0.6572573781013489,-0.0977882295846939,-0.0637974441051483,-1.1317797899246216,0.0438380166888237,-0.0721870064735412,0.1101760789752006,-0.3041280806064605
test_C6_00042,test_C6,C6,54,early,0,early,0.2208056642536273,0.3105683028697967,0.9530314803123474,0.0305705294013023,0.016397938132286,0.0469685196876525,0.2001384773347676,0,0.0590454265475273,-1.7222239971160889,0.9567540287971495,0.7840772867202759,1.1924999952316284,1.374284267425537,0.877800703048706,1.4848551750183103,-0.8014978766441345,0.0326964408159256,0.31090047955513,-0.6378594040870667,-0.4965907335281372,-0.6952143311500549,0.1152564361691474,-1.5164663791656494,-1.2560811042785645,0.2051852792501449,-0.4862680435180664,-0.2508802711963653,0.7644309997558594,-0.1922653466463089,-0.4031319618225097,1.5930507183074951,-0.1450461745262146,-1.229727268218994,-0.4090406894683838,0.9849423170089722,-0.4552739858627319,-1.1085634231567385,-0.8200942277908325,-0.4033710956573486,-0.9713022112846376,0.1179034635424614,-0.9078649282455444,0.6157815456390381,-0.0449490025639534,-0.6139180660247803,-0.2502979040145874,0.047033917158842,-1.2181297540664673,0.0536862947046756,0.0512410402297973,-0.0023471135646104,-0.2206589877605438
test_C6_00043,test_C6,C6,55,early,0,early,0.2233106675726861,0.310672789812088,0.9527779817581176,0.0306939724832773,0.0165280941873788,0.0472220182418823,0.2010054368900289,0,0.0643333494663238,-1.710379123687744,0.9466561675071716,0.8054652214050293,1.281219482421875,1.4071905612945557,0.9385159611701964,1.6285312175750732,-0.6339452862739563,0.1571464836597442,0.3320878446102142,-0.6996708512306213,-0.258836567401886,-0.6400839686393738,0.1299649477005005,-1.333497405052185,-1.1780747175216677,0.2486025542020797,-0.4212326407432556,-0.1585898399353027,0.7737973928451538,-0.1601599007844925,-0.2945135533809662,1.6227843761444092,-0.1389942169189453,-1.0984467267990112,-0.3725210726261139,1.2174357175827026,-0.4150424003601074,-0.9445084929466248,-0.821156919002533,-0.3621652722358703,-0.8745003342628479,-0.007410991936922,-1.0782158374786377,0.4655701220035553,-0.1147980988025665,-0.6408971548080444,-0.2526094019412994,-0.0837418437004089,-1.0764524936676023,0.0915947332978248,0.1180791333317756,0.1907508224248886,-0.2860720455646515
test_C6_00044,test_C6,C6,56,early,0,early,0.2258156708917448,0.3110683560371399,0.9526655673980712,0.0307763144373893,0.0165581759065389,0.0473344326019287,0.2013737977211217,0,0.0580316819250583,-1.7161790132522583,0.9142643213272096,0.874386191368103,1.2819901704788208,1.3979835510253906,0.9715383052825928,1.308042049407959,-0.7686432003974915,-0.0507298856973648,0.3344303965568542,-0.6647691130638123,-0.3284396827220917,-0.6540581583976746,0.1439214795827865,-1.2674458026885986,-1.3068784475326538,0.1991760432720184,-0.4421264827251434,-0.1753695160150528,0.7828293442726135,-0.1645569503307342,-0.3406543135643005,1.5787185430526731,-0.1432815790176391,-1.2087059020996094,-0.5007907748222351,1.309513807296753,-0.1257148683071136,-0.8826723098754883,-0.8221816420555115,-0.4139382839202881,-0.8357686400413513,0.0109401810914278,-0.8588085770606995,0.5981060862541199,-0.0594471991062164,-0.6757965087890625,-0.2548585534095764,-0.042160514742136,-1.213976263999939,0.0407852567732334,0.1754077225923538,0.0525144226849079,-0.4352868199348449
test_C6_00045,test_C6,C6,57,early,0,early,0.2283206741266631,0.3117004930973053,0.9523136615753174,0.0310057383030653,0.0166805982589721,0.0476863384246826,0.2025409744733566,0,0.0546909384429454,-1.7327561378479004,0.8932440876960754,0.8610399961471558,1.282733917236328,1.4233626127243042,0.9824126362800598,1.2242885828018188,-0.8046618700027466,-0.0734421163797378,0.3153804838657379,-0.7008064389228821,-0.4545950591564178,-0.6262124180793762,0.1098156347870826,-1.1333184242248535,-1.3444472551345823,0.2623117566108703,-0.4235341250896454,-0.0854780226945877,0.7915443181991577,-0.3433465957641601,-0.4681038558483124,1.562488675117493,-0.1409520804882049,-1.2163041830062866,-0.5263975262641907,1.2685668468475342,-0.0870521739125251,-0.8224023580551147,-0.8231704235076904,-0.5665290951728821,-0.815796971321106,-0.1085345298051834,-1.122455358505249,0.8037189841270447,-0.1494351625442505,-0.6561040282249451,-0.2570481598377228,-0.0679981783032417,-1.3158454895019531,0.0484897531569004,0.1819873452186584,-0.1392055451869964,-0.3449160456657409
test_C6_00046,test_C6,C6,58,early,0,early,0.230825677445722,0.3120752274990082,0.9522584080696106,0.0310072489082813,0.0167343597859144,0.0477415919303894,0.2027435335959554,0,0.3941530585289001,-1.6322656869888306,0.6717318296432495,0.7456587553024292,0.423955887556076,0.0560898222029209,0.4880470335483551,0.6558973789215088,-0.8084560036659241,-1.0076911449432373,0.7013806700706482,-0.6759825348854065,-1.1569483280181885,-0.9243911504745485,0.3144989609718323,-3.057201623916626,-1.0428528785705566,-0.4982268810272217,-1.529193639755249,-1.290604829788208,-0.8444719910621643,-0.8763506412506104,-0.6490463018417358,0.5966747403144836,-0.1768751293420791,-1.8102389574050903,-0.436448723077774,0.6337684392929077,0.1181853786110878,-2.3714492321014404,0.8083721995353699,-0.8162945508956909,-2.2903971672058105,-0.912122905254364,-0.8880318999290466,0.3784462511539459,-0.0574966296553611,-0.5498135089874268,-1.7964335680007937,-0.5251180529594421,-1.421641826629639,-0.1737713813781738,-0.8881077170372009,-0.3604629337787628,-1.370216965675354
test_C6_00047,test_C6,C6,59,early,0,early,0.2333306806806404,0.312471330165863,0.9517053365707396,0.0313120782375335,0.0169825255870819,0.0482946634292602,0.204603540131393,0,0.0688681453466415,-1.6853128671646118,0.8797640800476074,0.8037757873535156,1.2036762237548828,1.4569926261901855,0.9348213076591492,1.239575982093811,-0.5937203168869019,0.0452566035091877,0.3391595482826233,-0.6922817230224609,-0.2592812478542328,-0.5301063060760498,0.1790486425161361,-1.0619078874588013,-1.2184664011001587,0.2798369228839874,-0.4199824631214142,-0.0394737459719181,0.8080880641937256,-0.2598443925380707,-0.3425480723381042,1.6083108186721802,-0.1089987382292747,-1.1869418621063232,-0.4574123919010162,1.1908369064331057,-0.1960092633962631,-0.7847352027893066,-0.7715531587600708,-0.2841444909572601,-0.7739434838294983,-0.099818542599678,-1.2052267789840698,0.5349872708320618,-0.1302563399076461,-0.6681612133979797,-0.0808382928371429,-0.0417027361690998,-1.2582143545150757,0.0997444167733192,0.2395060956478119,0.0518900267779827,-0.393009215593338
test_C6_00048,test_C6,C6,60,early,0,early,0.2358356839155588,0.312720388174057,0.9517614841461182,0.0314915999770164,0.0167468730360269,0.0482385158538818,0.2042958900698699,0,0.0638909786939621,-1.55712890625,0.8650925159454346,0.7705252170562744,1.126559853553772,1.4191386699676514,0.8424196839332581,1.1183080673217771,-0.6302353143692017,-0.0744826942682266,0.3350808024406433,-0.6875298619270325,-0.2751060128211975,-0.5452466607093811,0.0475848652422428,-0.904341459274292,-1.3482072353363037,0.2917432188987732,-0.3838264644145965,-0.0595785602927207,0.8159463405609131,-0.5054197311401367,-0.2989372313022613,1.6445014476776123,-0.1424339413642883,-1.118817925453186,-0.4681901037693023,0.9895091652870178,-0.3285727202892303,-0.6925607919692993,-0.8259389400482178,-0.2987218201160431,-0.6930018663406372,-0.0474481359124183,-1.1594127416610718,0.5229166746139526,-0.1608387529850006,-0.7067536115646362,-0.2406555861234665,0.0372878946363925,-1.1721571683883667,0.0558522008359432,0.3471580743789673,0.115346573293209,-0.5067415237426758
test_C6_00049,test_C6,C6,61,early,0,early,0.2383406872346176,0.3130659461021423,0.9512863159179688,0.0317566320300102,0.0169570706784725,0.0487136840820312,0.2058888017718926,0,0.0786004513502121,-1.66058611869812,0.8670726418495178,0.8086923360824585,1.2076337337493896,1.468896746635437,0.9341058135032654,1.3381426334381104,-0.3971758186817169,0.0342986620962619,0.370951235294342,-0.6701956391334534,-0.0456891246140003,-0.4933976829051971,-0.0316234901547431,-0.9391077756881714,-1.2035778760910034,0.2810267210006714,-0.3880881667137146,0.0268296971917152,0.8235469460487366,-0.198636308312416,-0.3263124823570251,1.6456762552261353,-0.1437478065490722,-1.1477205753326416,-0.5526746511459351,1.1990594863891602,-0.5972529053688049,-0.6983332633972168,-0.7750609517097473,-0.397201806306839,-0.6477327346801758,0.2180349826812744,-1.157195210456848,0.4721848368644714,-0.1119057461619377,-0.6666154861450195,-0.2428257912397384,0.2862459719181061,-1.2028123140335083,0.1013193428516388,0.384970873594284,0.0734812915325164,-0.2995548546314239
test_C6_00050,test_C6,C6,62,early,0,early,0.2405333421859526,0.3128034472465515,0.9514247179031372,0.0318876132369041,0.0166875813156366,0.0485752820968627,0.2053041554333028,0,0.0439841486513614,-1.6206456422805786,0.8508092164993286,0.8029789924621582,1.1329411268234253,1.4342224597930908,0.8947630524635315,1.2191967964172363,-0.8669449090957642,-0.206461101770401,0.2759672105312347,-0.6884129643440247,-0.5855433344841003,-0.5710905194282532,-0.0605552531778812,-0.7934113144874573,-1.3140822649002075,0.307188481092453,-0.3579081892967224,0.1090381070971489,0.8309023976325989,-0.5372488498687744,-0.3490038812160492,1.717737317085266,-0.1336130648851394,-1.0198694467544556,-0.7069435119628906,1.1631962060928345,-0.4195064008235931,-0.622204065322876,-0.8276358246803284,-0.4212030172348022,-0.5853978395462036,0.0777891799807548,-1.324313044548035,0.4327490925788879,-0.1567215174436569,-0.7502570748329163,-0.0861425027251243,0.1383374035358429,-1.1560828685760498,0.0155368149280548,0.4877218902111053,-0.0157908983528614,-0.6318995356559753
test_C6_00051,test_C6,C6,63,early,0,early,0.2424136488537044,0.3135460913181305,0.95066636800766,0.0322860851883888,0.0170475244522094,0.04933363199234,0.2078544417911122,0,0.0689116716384887,-1.652330994606018,0.8173848986625671,0.8008317947387695,1.2490200996398926,1.473394513130188,0.931656301021576,0.9816179871559144,-0.4396933019161224,0.2020394951105117,0.3697441220283508,-0.6353819370269775,0.0115976156666874,-0.4318179190158844,-0.0415447242558002,-0.5769788026809692,-1.1797876358032229,0.311799943447113,-0.3291442394256592,0.0315432362258434,0.7749443054199219,-0.3453410565853119,-0.310921311378479,1.756800651550293,-0.1350352317094802,-1.037911057472229,-0.4988158345222473,1.16761577129364,-0.4565993845462799,-0.4671913981437683,-0.778346061706543,-0.3463977575302124,-0.5722830295562744,0.2536903917789459,-1.2366211414337158,0.5610383749008179,-0.0842414498329162,-0.6114957928657532,-0.2496659457683563,0.2732186317443847,-1.096858263015747,0.1820539534091949,0.3806944489479065,0.1095609441399574,-0.0230864305049181
test_C6_00052,test_C6,C6,64,early,0,early,0.2439816073220131,0.3136996626853943,0.9505333304405212,0.0325065068900585,0.0169601794332265,0.0494666695594787,0.2082124807062884,0,0.0633075386285781,-1.724087119102478,0.8286976218223572,0.8314685821533203,1.287289023399353,1.4885190725326538,0.985112726688385,1.0727872848510742,-0.4959165155887604,0.1408724635839462,0.3382854759693146,-0.6259096264839172,-0.1400953978300094,-0.4827691316604614,-0.0235694032162427,-0.5908017754554749,-1.2229492664337158,0.3280780613422394,-0.3207553625106811,0.0616323500871658,0.7828293442726135,-0.4281480312347412,-0.7433091998100281,1.703688144683838,-0.1359327584505081,-1.0173144340515137,-0.5243762731552124,1.2104297876358032,-0.5504566431045532,-0.4810941815376282,-0.7799116373062134,-0.8144006729125977,-0.5568470358848572,0.2567273676395416,-1.4053452014923096,0.8095265030860901,-0.0714054703712463,-0.659443736076355,-0.0902897343039512,0.3294153809547424,-1.2560055255889893,0.177370935678482,0.4355254769325256,-0.6812849640846252,-0.2478568106889724
test_C6_00053,test_C6,C6,65,early,0,early,0.2452372175067385,0.3148799538612366,0.9483803510665894,0.0334783159196376,0.0181414056569337,0.0516196489334106,0.2154753659520202,0,0.1694463938474655,-1.4527589082717896,0.6999367475509644,0.0206710789352655,0.0826761350035667,-0.0861876234412193,0.164510577917099,0.6865808367729187,-1.172952651977539,-0.365856260061264,0.387159138917923,-0.5971730947494507,-0.6644748449325562,-0.3413679599761963,1.5745885372161863,-0.3793864846229553,-1.0060241222381592,0.1465033292770385,-0.5539247989654541,1.4795438051223757,0.9738889932632446,-0.8296438455581665,-0.2524374127388,1.6516857147216797,-0.13914555311203,-1.357008695602417,-0.7374058961868286,-0.7968260049819946,-0.0880599841475486,-0.4918308854103088,-0.1987530589103698,-1.1672195196151731,-2.1121368408203125,1.0993508100509644,-1.3028852939605713,0.0110917184501886,-0.065152570605278,-0.409665435552597,4.311686038970947,1.9314895868301392,-0.4730239808559418,-0.0076035931706428,1.0220801830291748,-1.2818572521209717,-0.8131250739097595
test_C6_00054,test_C6,C6,66,early,0,early,0.2461804794078805,0.3154285848140716,0.9478784799575806,0.0339639447629451,0.0181575715541839,0.0521215200424194,0.2170084756471099,0,0.0963527113199234,-1.4540455341339111,0.7551832795143127,0.2003887295722961,0.1374571919441223,0.168650671839714,0.2044284343719482,0.8184059262275696,-1.2600270509719849,-0.5715155601501465,0.2630542516708374,-0.6469972729682922,-0.6444320678710938,-0.3665499985218048,-0.4365914165973663,0.0626423060894012,-1.0445613861083984,0.3103510737419128,-0.3706456124782562,0.1316856741905212,0.9785207509994508,-0.7080218195915222,-1.2417471408843994,1.7014483213424685,-0.1156109943985939,-1.2343459129333496,-0.8689019680023193,-0.3892599046230316,-1.184694528579712,-0.243590772151947,-0.6872591376304626,-1.0854040384292605,-1.852652668952942,1.171228051185608,-1.5774555206298828,0.4894042015075683,-0.2069821655750274,-0.5140349268913269,-0.8060399293899536,2.072688579559326,-1.5627814531326294,-0.0761955007910728,0.9830678105354308,-0.5795444846153259,-0.9277550578117372
test_C6_00055,test_C6,C6,67,early,0,early,0.2468113930254392,0.3167695999145508,0.946114420890808,0.0352642238140106,0.0186214111745357,0.0538855791091918,0.2225890649255231,0,0.0949355140328407,-1.4985215663909912,0.743788480758667,0.1949210166931152,0.1551724672317505,0.2829491794109344,0.2619844377040863,0.7928279042243958,-1.2074347734451294,-0.5053101778030396,0.2522229552268982,-0.7151522040367126,-0.6631960868835449,-0.3769323229789734,-0.2636710405349731,0.1135480999946594,-1.0075773000717163,0.3242327272891998,-0.356756180524826,0.1065823286771774,0.8643861413002014,-0.6547573804855347,-1.311565399169922,1.6927248239517212,-0.132465973496437,-1.1836119890213013,-0.8298482894897461,-0.3987405598163605,-0.9481034278869628,-0.201643019914627,-0.7372210025787354,-1.1605429649353027,-1.7773083448410034,1.0875517129898071,-1.5015466213226318,0.427499383687973,-0.1796983629465103,-0.5126625895500183,-0.1831967532634735,1.7779217958450315,-1.513215184211731,-0.0441004447638988,0.9212239384651184,-1.0100916624069214,-0.8649585843086243
test_C6_00056,test_C6,C6,68,early,0,early,0.2471427694933539,0.3171189725399017,0.9445272088050842,0.0366612114012241,0.0188116300851106,0.0554727911949157,0.2274251470230437,0,0.0957536697387695,-1.515713453292847,0.7445217370986938,0.2487798780202865,0.1723667085170745,0.4256386458873749,0.3228426873683929,0.8436077833175659,-1.0187742710113523,-0.3968135714530945,0.265867680311203,-0.7350226044654846,-0.4551026523113251,-0.3483147919178009,-0.3277617394924164,0.191100612282753,-1.2828067541122437,0.3414613306522369,-0.3130983710289001,0.0349249877035617,0.8704919815063477,-0.5558139681816101,-1.2342054843902588,1.6711199283599854,-0.1309564709663391,-1.164475679397583,-0.946070909500122,-0.2628782093524933,-0.9738832712173462,-0.1527662128210067,-0.7392992377281189,-1.0502275228500366,-1.619359850883484,1.0420912504196167,-1.813393473625183,0.6504923105239868,-0.22333624958992,-0.524166464805603,-0.6545266509056091,1.6519476175308228,-1.4904847145080566,-0.0117528224363923,0.884589672088623,-1.4697563648223877,-0.7664583921432495
test_C6_00057,test_C6,C6,69,early,0,early,0.2479090181565044,0.3198026716709137,0.9415220022201538,0.0389556139707565,0.0195223186165094,0.0584779977798461,0.2366634923499183,0,0.0831930413842201,-1.5185630321502686,0.744349479675293,0.2571428716182709,0.189062550663948,0.4845043420791626,0.3427288830280304,0.8929157853126526,-1.2421544790267944,-0.4757309556007385,0.2458112090826034,-0.6700655817985535,-0.6675795316696167,-0.3689011633396148,-0.1632217764854431,0.1908959448337555,-1.364859938621521,0.3284259140491485,-0.3027890622615814,0.1580234766006469,0.9916104674339294,-0.5593937635421753,-1.2772488594055176,1.711245059967041,-0.1328564435243606,-1.1735047101974487,-0.9580474495887756,-0.2381752580404281,-0.9210813641548156,-0.1316532790660858,-0.8328002095222473,-1.0625665187835691,-1.5931262969970703,1.0717995166778564,-1.8071216344833372,0.3823316991329193,-0.1996355354785919,-0.5696923732757568,-0.1809431612491607,1.6972488164901731,-1.5059047937393188,-0.0238761324435472,0.8834774494171143,-1.3634551763534546,-0.9150518774986268
test_C6_00058,test_C6,C6,70,early,0,early,0.2490971012066999,0.322272777557373,0.9373399019241332,0.0424920991063118,0.0201680101454257,0.0626600980758667,0.2490344103030613,0,0.0787029489874839,-1.5404642820358276,0.7442725300788879,0.2633865475654602,0.2731055617332458,0.5562317967414856,0.3999418020248413,0.904092252254486,-1.1649365425109863,-0.450490266084671,0.262260764837265,-0.6929222941398621,-0.4385063350200653,-0.3392972946166992,-0.1420720964670181,0.2943091690540313,-1.133456468582153,0.3706012666225433,-0.2556326985359192,0.1800819784402847,0.8821803331375122,-0.4598097801208496,-1.325106143951416,1.7071893215179443,-0.1299984604120254,-1.0595635175704956,-0.8938189148902893,-0.2141781002283096,-1.063238501548767,-0.0592981167137622,-0.8334536552429199,-1.1550151109695437,-1.4925845861434937,0.9924081563949584,-1.8018155097961424,0.4625006318092346,-0.1734970062971115,-0.5065630674362183,-0.0248039010912179,1.5438156127929688,-1.4273178577423096,-0.0257255919277668,0.8157389163970947,-0.9064171314239502,-0.6104092597961426
test_C6_00059,test_C6,C6,71,early,0,early,0.2506934927372599,0.3247813880443573,0.9320969581604004,0.0470913834869861,0.020811615511775,0.0679030418395996,0.2639937283902627,0,0.0914401337504386,-1.533390760421753,0.7294527888298035,0.3331174254417419,0.3882156014442444,0.5911794900894165,0.4638584852218628,0.8425429463386536,-0.9714499115943908,-0.3992423415184021,0.2679852843284607,-0.7538935542106628,-0.435036152601242,-0.3080407083034515,-0.2564896047115326,0.2874792218208313,-1.2854595184326172,0.3466316759586334,-0.2676195502281189,0.0599038638174533,0.999722421169281,-0.5107751488685608,-1.3084466457366943,1.7782069444656372,-0.1311224699020385,-1.019031047821045,-0.910808801651001,-0.1908569186925888,-0.931147575378418,-0.0537785179913044,-0.7896357178688049,-1.288488507270813,-1.4491064548492432,0.6668586730957031,-1.9339336156845093,0.400502860546112,-0.2098387628793716,-0.5370690822601318,-0.5074285268783569,1.1857197284698486,-1.3259711265563965,-0.0065608071163296,0.8389039039611816,-0.4051423370838165,-0.692119300365448
test_C6_00060,test_C6,C6,72,early,0,early,0.252684213072299,0.3267357051372528,0.9275814890861512,0.0514358468353748,0.0209827870130538,0.0724185109138488,0.2762038631748449,0,0.0749648734927177,-1.5577722787857056,0.7293849587440491,0.3716564178466797,0.4671580791473388,0.6473538875579834,0.5384472012519836,0.8898112177848816,-1.0796995162963867,-0.562244713306427,0.2362942993640899,-0.7062895894050598,-0.5035525560379028,-0.2553867399692535,-0.32029590010643,0.3668029308319092,-1.3198843002319336,0.3736835718154907,-0.2160114794969558,0.2735186815261841,1.0036094188690186,-0.5444511771202087,-1.2738137245178225,1.744436264038086,-0.1283346712589264,-0.9253430366516112,-0.9342644214630128,-0.1681835502386093,-0.9485113024711608,0.0227708481252193,-0.8347060680389404,-1.1980661153793335,-1.3847460746765137,0.5509041547775269,-1.9856337308883667,0.4924685060977936,-0.2380625605583191,-0.5871363282203674,-0.1856032013893127,1.258517503738403,-1.2263500690460205,-0.0683264434337616,0.8361919522285461,-0.418211966753006,-0.8203520774841309
test_C6_00061,test_C6,C6,73,early,0,early,0.255054863769136,0.332132339477539,0.9164703488349916,0.0610815994441509,0.0224480219185352,0.0835296511650085,0.3057685430841252,0,0.0779668167233467,-1.5430365800857544,0.745299756526947,0.3702446222305298,0.4789008498191833,0.6854963302612305,0.5537548661231995,0.9709980487823486,-0.9535353183746338,-0.4443666636943817,0.2389898896217346,-0.770779013633728,-0.4282599091529846,-0.2579582929611206,-0.2049511224031448,0.3405749201774597,-1.1865816116333008,0.3698946535587311,-0.2091430574655532,0.1975826472043991,1.0618287324905396,-0.6493790745735168,-1.2536731958389282,1.7222427129745483,-0.1304594278335571,-0.942836582660675,-0.944444179534912,-0.1799134314060211,-0.9078505039215088,-0.0022654433269053,-0.8353065848350525,-1.1420477628707886,-1.329167723655701,0.6698142886161804,-2.017298936843872,0.6610931158065796,-0.2478408366441726,-0.5455922484397888,-0.0259437784552574,1.1848570108413696,-1.184022068977356,-0.0251458026468753,0.9383558630943298,-0.8705124855041504,-0.6368680000305176
test_C6_00062,test_C6,C6,74,early,0,early,0.2577906625365613,0.3342868983745575,0.9084926843643188,0.0685216337442398,0.0229856856167316,0.0915073156356811,0.3254910252399808,0,0.0712555423378944,-1.560194730758667,0.7490308880805969,0.3338974118232727,0.4582472443580627,0.7778772115707397,0.5512458086013794,0.98051518201828,-1.0015146732330322,-0.3645680844783783,0.2616849243640899,-0.7397053837776184,-0.2566028833389282,-0.2256304025650024,-0.2708213925361633,0.3788139820098877,-1.3534845113754272,0.4033609330654144,-0.1657982766628265,0.1719265729188919,1.0110681056976318,-0.5292039513587952,-1.3392343521118164,1.7350455522537231,-0.1279936283826828,-0.859832227230072,-0.9883865118026732,-0.2246518582105636,-0.6422297358512878,0.0535589344799518,-0.8358908295631409,-1.2664111852645874,-1.2396800518035889,0.6504538059234619,-2.1015985012054443,0.3464958369731903,-0.2494766414165496,-0.5841716527938843,-0.1923243999481201,1.1579744815826416,-1.1293749809265137,0.0051226974464952,0.8930513262748718,-1.3769525289535522,-0.7048855423927307
test_C6_00063,test_C6,C6,75,early,0,early,0.2608636681129916,0.3358736336231231,0.8956082463264465,0.0804226621985435,0.0239690989255905,0.1043917536735534,0.3557881678343142,0,0.0710285305976867,-1.5809873342514038,0.7437931299209595,0.3885793685913086,0.6597033739089966,0.8005371689796448,0.6164495944976807,0.9897785782814026,-0.9957112669944764,-0.2391966432332992,0.275286853313446,-0.725016713142395,-0.1781768351793289,-0.2547033131122589,-0.1593144834041595,0.360766589641571,-1.2819715738296509,0.4025059342384338,-0.1643844246864318,0.1477529853582382,1.0676356554031372,-0.3944442272186279,-1.2774463891983032,1.7764031887054443,-0.1316177099943161,-0.8153725266456604,-0.8744383454322815,-0.1037911772727966,-0.793184220790863,0.0527251809835433,-0.8364595174789429,-1.092772126197815,-1.195798397064209,0.6999967694282532,-1.9618215560913088,0.6097634434700012,-0.1907437592744827,-0.5517631769180298,-0.1944384574890136,1.1872206926345823,-1.1258337497711182,0.0512545891106128,0.8801537752151489,-1.4307019710540771,-0.5626274943351746
test_C6_00064,test_C6,C6,76,early,0,early,0.2638363774010046,0.3343976736068725,0.9034100770950316,0.0731082409620285,0.0234816800802946,0.0965899229049682,0.3377871533844985,0,0.2152676433324813,-1.4146445989608765,0.676127552986145,0.2738997638225555,0.0125179225578904,-0.0436482094228267,0.2210122942924499,0.5590920448303223,-1.18592631816864,-0.5456373691558838,0.4408124685287475,-0.5760152339935303,-0.9143155217170716,-0.4501184523105621,-0.6533776521682739,-1.1192864179611206,-1.1460896730422974,-0.0631762519478797,-0.8635984659194946,-0.9974200129508972,0.4429442286491394,-0.9724172949790956,-0.9512144327163696,1.4049409627914429,-0.2819658517837524,-1.3922468423843384,-0.8050632476806641,-0.2456995695829391,-0.4953038394451141,-1.258106708526611,-0.0895013213157653,-0.9734641313552856,-2.040649175643921,0.5216981172561646,-1.286436676979065,0.0567778870463371,-0.0712118223309516,-0.4556165337562561,-3.1318047046661377,1.105771541595459,-1.069860339164734,-0.0409393310546875,0.5740901827812195,-0.6748616695404053,-1.0092484951019287
test_C6_00065,test_C6,C6,77,early,0,early,0.266706110107996,0.3348401188850403,0.891592264175415,0.0844196006655693,0.0239881835877895,0.1084077358245849,0.3645226517519011,0,0.0768333971500396,-1.5799765586853027,0.7307115793228149,0.3889754116535187,0.6769676804542542,0.8388791084289551,0.6331736445426941,0.940814971923828,-0.9781875014305116,-0.3233484327793121,0.2882896661758423,-0.7149633169174194,-0.1872828006744384,-0.2051327377557754,-0.1011614575982093,0.290198802947998,-1.301789164543152,0.3696077764034271,-0.1919210106134414,0.1319528818130493,1.1763626337051392,-0.3658432364463806,-1.346235752105713,1.7892448902130127,0.0057698371820151,-0.8384520411491394,-1.019683599472046,-0.0956776291131973,-0.7316318154335022,-0.0073508345521986,-0.837552547454834,-1.228248953819275,-1.2007540464401243,0.6977952718734741,-2.049532413482666,0.3518875539302826,-0.183625265955925,-0.5596365332603455,-0.000573010998778,1.1559991836547852,-1.1590399742126465,0.0418320037424564,0.8447003364562988,-0.975005865097046,-0.6150205731391907
test_C6_00066,test_C6,C6,78,early,0,early,0.2694704346603989,0.3335302770137787,0.9055038094520568,0.0719904229044914,0.0225057378411293,0.0944961905479431,0.3319578344161015,0,0.0751812234520912,-1.681493878364563,0.73409104347229,0.3964944183826446,0.7157018184661865,0.9179991483688354,0.6912336945533752,1.0161436796188354,-0.976004719734192,-0.4414253532886505,0.3053500056266784,-0.6713736057281494,-0.0828224569559097,-0.1859885901212692,-0.2549857795238495,0.3110802173614502,-1.2188678979873655,0.3778944313526153,-0.168390467762947,0.2017624378204345,1.1776859760284424,-0.233580395579338,-1.3943166732788086,1.82286274433136,-0.128068596124649,-0.8212201595306396,-0.9588391184806824,-0.0127355074509978,-0.8360967636108398,0.0208199098706245,-0.8380780220031738,-1.3589184284210205,-1.1641765832901,0.6409052610397339,-2.07059645652771,0.3751550614833832,-0.145084798336029,-0.6086825728416443,-0.1687800139188766,1.145218014717102,-1.114616632461548,0.0053678662516176,0.8579115867614746,-0.5016399025917053,-0.7615869045257568
test_C6_00067,test_C6,C6,79,early,0,early,0.2721271695499306,0.3345688879489898,0.902674674987793,0.0749068111181259,0.022418588399887,0.097325325012207,0.3383288030431206,0,0.0665214136242866,-1.6891051530838013,0.741005539894104,0.3746814429759979,0.6933578848838806,0.9840330481529236,0.6818020343780518,1.122104287147522,-1.0190573930740356,-0.3509651720523834,0.2533150613307953,-0.7324723601341248,-0.3435602188110351,-0.2203328162431717,-0.1902645677328109,0.3447344005107879,-1.278126239776611,0.3999285399913788,-0.1299681216478347,0.2228353768587112,1.1789758205413818,-0.4205611646175384,-1.3686554431915283,1.7952176332473757,-0.126191183924675,-0.7831220626831055,-0.931746542453766,-0.1504075825214386,-0.7548525929450989,0.0596310198307037,-0.8385902643203735,-1.3104145526885986,-1.0810298919677734,0.4219722151756286,-1.9644689559936523,0.3804258704185486,-0.2172838151454925,-0.5916913747787476,-0.0051381574012339,0.8189440369606018,-1.0664992332458496,0.0418855398893356,0.8673463463783264,-0.3727836012840271,-0.6402770280838013
test_C6_00068,test_C6,C6,80,early,0,early,0.2746743849322597,0.331474095582962,0.9137000441551208,0.0652375146746635,0.0210625305771827,0.0862999558448791,0.3111663218727576,0,0.0668333619832992,-1.648200273513794,0.7362534999847412,0.3434935212135315,0.7309187650680542,0.9720913767814636,0.6943323612213135,1.1290189027786257,-1.0024210214614868,-0.3701337873935699,0.256909430027008,-0.7172690033912659,-0.3160538375377655,-0.2270693629980087,-0.2548799216747284,0.3430013954639435,-1.0105847120285034,0.394626259803772,-0.1219207048416137,0.2429405450820922,1.1802334785461426,-0.4191536903381347,-1.267839789390564,1.8596991300582888,-0.1286377161741256,-0.7477815747261047,-0.9324980974197388,-0.192159429192543,-0.5864184498786926,0.0655382126569747,-0.8390896320343018,-1.1963719129562378,-1.0840094089508057,-0.0180865954607725,-2.0604031085968018,0.5593660473823547,-0.2060869932174682,-0.5812550187110901,-0.175287440419197,0.3917044103145599,-0.9756116271018982,0.0364314168691635,0.8535885214805603,-0.7414904832839966,-0.6158336400985718
test_C6_00069,test_C6,C6,81,early,0,early,0.2771104033001299,0.3312467634677887,0.9116972088813782,0.0669828504323959,0.02131999284029,0.0883027911186218,0.3162186352232896,0,0.0655156746506691,-1.7601059675216677,0.7437922358512878,0.3743411600589752,0.884779155254364,1.0469512939453125,0.7544007897377014,1.2627054452896118,-1.0475749969482422,-0.5139347314834595,0.2859959602355957,-0.6582719683647156,-0.1777862608432769,-0.2608425319194793,-0.2120850831270218,0.3069476187229156,-1.2792633771896362,0.3909184634685516,-0.1167318150401115,0.2621020376682281,1.1814600229263306,-0.3107119500637054,-1.2790101766586304,1.8158940076828003,-0.1333522051572799,-0.8150137066841125,-0.9556087255477904,-0.1719892472028732,-0.578722357749939,0.0496705956757068,-0.8395767211914062,-1.1879345178604126,-1.05149507522583,0.0949281007051467,-2.090468645095825,0.5327856540679932,-0.1176295354962349,-0.6407149434089661,-0.0094984928146004,0.4099100828170776,-1.0421290397644043,-0.009647631086409,0.8335140347480774,-1.2897818088531494,-0.8037199378013611
test_C6_00070,test_C6,C6,82,early,0,early,0.2794337993150789,0.3298847079277038,0.9173098802566528,0.0621068514883518,0.0205832459032535,0.0826901197433471,0.3019191330647036,0,0.0777225121855735,-1.661317229270935,0.7162815928459167,0.3263298869132995,0.6006467342376709,1.0544987916946411,0.6353310346603394,0.9855988025665284,-0.8388370275497437,-0.303089290857315,0.2886878252029419,-0.6425410509109497,-0.2095497101545334,-0.1432597041130066,-0.2545824348926544,0.3400377929210663,-1.0830808877944946,0.3692797720432281,-0.1235854402184486,0.1473313421010971,1.1826566457748413,-0.2652972340583801,-1.2287577390670776,1.87725293636322,-0.126607596874237,-0.8637754321098328,-0.8910152912139893,-0.2726081311702728,-0.5808565020561218,0.0685691535472869,-0.8015621304512024,-1.1323435306549072,-1.032007098197937,0.1748169958591461,-1.8924663066864011,0.7447093725204468,-0.1492781937122345,-0.5096826553344727,-0.1815721094608307,0.487790435552597,-1.0174983739852903,0.0844155699014663,0.8597777485847473,-1.51202654838562,-0.3487977385520935
test_C6_00071,test_C6,C6,83,early,0,early,0.2816433994708767,0.3303164541721344,0.91498601436615,0.0643696561455726,0.0206444077193737,0.0850139856338501,0.307636552156213,0,0.0621062442660331,-1.7926924228668213,0.7157140374183655,0.3381819128990173,0.9239725470542908,1.1340279579162598,0.7639286518096924,1.024878978729248,-1.10705828666687,-0.39722540974617,0.2773187160491943,-0.6976642608642578,-0.2579039931297302,-0.3249740898609161,-0.1503329277038574,0.3466648757457733,-1.4259294271469116,0.3885582089424133,-0.1075727790594101,0.2148979306221008,1.1838244199752808,-0.4275236129760742,-1.2318079471588137,1.8373558521270752,-0.1288682967424392,-0.8373913168907166,-0.983811616897583,-0.1925308406352996,-0.4533551633358001,0.0687445774674415,-0.8405156135559082,-1.148756742477417,-1.0023566484451294,0.0628055781126022,-2.1594226360321045,0.4145869016647339,-0.1909998953342437,-0.6570647358894348,-0.0136673133820295,0.4265432357788086,-1.019678831100464,0.0549697987735271,0.847345232963562,-1.0305935144424438,-0.8332366347312927
test_C6_00072,test_C6,C6,84,early,0,early,0.2837382809997008,0.3304624557495117,0.9170507192611694,0.0627083182334899,0.0202408917248249,0.0829492807388305,0.3022048100594925,0,0.0616289302706718,-1.7474015951156616,0.6999103426933289,0.3628678321838379,0.9287393093109132,1.1977609395980835,0.7628233432769775,0.8184059262275696,-1.0440795421600342,-0.3575713336467743,0.2919297814369201,-0.6955608129501343,-0.1514966636896133,-0.2115503996610641,-0.2569964826107025,0.3868848085403442,-1.144503831863403,0.4117345809936523,-0.0974683985114097,0.2354110479354858,1.1849644184112549,-0.3682347238063812,-1.290288329124451,1.8601127862930296,-0.1235999092459678,-0.7772473096847534,-0.8689560294151306,-0.1437183618545532,-0.6312516927719116,0.0942017585039138,-0.8409683108329773,-1.2393178939819336,-0.871333122253418,0.2366081327199936,-2.0410773754119877,0.415864497423172,-0.1793382912874221,-0.6318437457084656,-0.1876475811004638,0.5909503698348999,-0.95423024892807,0.0660802125930786,0.9093539714813232,-0.4637655913829803,-0.6434372663497925
test_C6_00073,test_C6,C6,85,early,0,early,0.2857177701051873,0.3311319649219513,0.91406512260437,0.0655010193586349,0.0204339250922203,0.0859348773956298,0.3096331443595607,0,0.0591610632836818,-1.763974666595459,0.6915462613105774,0.4086889028549194,1.0730319023132324,1.211368441581726,0.8416280150413513,0.7680022120475769,-1.0193493366241455,-0.2660156786441803,0.2884917557239532,-0.6855311989784241,-0.1208600103855133,-0.2576987445354461,-0.1950334757566452,0.4282039105892181,-1.2079302072525024,0.418369323015213,-0.070734903216362,0.3417226076126098,1.18607759475708,-0.1761791408061981,-1.2519880533218384,1.8394231796264648,-0.1248857527971267,-0.6998513340950012,-0.8472751379013062,0.1070354282855987,-0.6998159289360046,0.1376710385084152,-0.8414103388786316,-1.1620863676071167,-0.8157156705856323,0.2144586443901062,-1.8969463109970093,0.4073558747768402,-0.1837377548217773,-0.5936658978462219,0.1540639400482177,0.5689005255699158,-0.8175404667854309,0.0966030210256576,0.9137182235717772,-0.2722387909889221,-0.4723445773124695
test_C6_00074,test_C6,C6,86,early,0,early,0.2875814402796224,0.3310000300407409,0.909570336341858,0.0698662176728248,0.0205633882433176,0.090429663658142,0.3204142702436123,0,0.0526064485311508,-1.759344458580017,0.6345031261444092,0.4483551681041717,1.1035574674606323,1.260481357574463,0.8734205365180969,0.4198648631572723,-1.19011652469635,-0.5989461541175842,0.2560230493545532,-0.7438341975212097,-0.4003274440765381,-0.2870338261127472,-0.2989950776100158,0.4856034219264984,-1.2713487148284912,0.3909833431243896,-0.0884974822402,0.1839890331029892,1.1871649026870728,-0.5527437329292297,-1.289155125617981,1.8810960054397583,-0.1254039853811264,-0.8692103624343872,-0.9979805946350098,0.1512293964624405,-0.41175577044487,0.1623446643352508,-0.8418421149253845,-1.2588324546813965,-0.7688700556755066,0.0855653136968612,-1.9284712076187132,0.0689406991004943,-0.2120831310749054,-0.7640255093574524,-0.1956781893968582,0.4078320860862732,-1.0233393907546997,-0.0285302344709634,0.931694507598877,-0.645710825920105,-1.0066004991531372
test_C6_00075,test_C6,C6,87,early,0,early,0.2893291093590293,0.3271334767341614,0.9224657416343688,0.0577649809420108,0.0197693780064582,0.0775342583656311,0.2882952077628475,0,0.250241219997406,-1.4698166847229004,0.6313853859901428,0.2922765910625458,-0.0671847164630889,-0.0361921675503253,0.1885777562856674,0.4047477841377258,-1.4810898303985596,-0.8504786491394043,0.4681717455387115,-0.6252225041389465,-1.3869435787200928,-0.5477864146232605,-0.1143679544329643,-1.6892696619033811,-1.2630794048309326,-0.2388750910758972,-1.1689565181732178,-0.7150711417198181,0.1376186162233352,-1.179149508476257,-1.082897424697876,1.164739966392517,-0.4298439621925354,-1.670285701751709,-0.8373794555664062,-0.3158183097839355,-0.5459924340248108,-1.76621675491333,0.0284012611955404,-1.0740412473678589,-2.187889337539673,0.3314908444881439,-1.2760604619979858,0.1160182282328605,-0.1290609836578369,-0.5326518416404724,-1.931416153907776,0.93311607837677,-1.552736520767212,-0.1048138290643692,0.256958544254303,-0.3035052716732025,-1.4225728511810305
test_C6_00076,test_C6,C6,88,early,0,early,0.2909608366623936,0.3313663303852081,0.9031520485877992,0.0753796845674514,0.0214682761579751,0.0968479514122009,0.3361835264215374,0,0.0727004185318946,-1.678437113761902,0.6752150654792786,0.4099375903606415,1.0546250343322754,1.2893376350402832,0.8515508770942688,0.7112980484962463,-0.8188149929046631,-0.195447102189064,0.3015950322151184,-0.6690389513969421,-0.115020714700222,-0.1725707501173019,-0.3015497624874115,0.4372275769710541,-0.800309419631958,0.4182251095771789,-0.0597623996436595,0.2941913902759552,1.1892653703689575,-0.3406421542167663,-1.2556443214416504,1.810256600379944,0.1653700470924377,-0.7444872260093689,-0.9471439123153688,0.1245090663433075,-0.4651007950305938,0.1640180051326751,-0.806810736656189,-1.0593245029449463,-0.6851126551628113,0.0974371433258056,-1.865177869796753,0.480366051197052,-0.1879127621650695,-0.6172201633453369,-0.1803577989339828,0.5174559354782104,-0.904367446899414,0.133851483464241,0.9476633071899414,-1.2049345970153809,-0.4599662125110626
test_C6_00077,test_C6,C6,89,early,0,early,0.292476919541907,0.3301905691623688,0.91185861825943,0.0677538216114044,0.0203874446451663,0.08814138174057,0.3148401643762479,0,0.0724402368068695,-1.675545573234558,0.6408334374427795,0.3979534208774566,1.004311203956604,1.2833274602890017,0.8122754693031311,0.4621818661689758,-0.8494040369987488,-0.3055330514907837,0.3129545450210571,-0.6386263370513916,-0.1009017303586006,-0.1492765545845031,-0.3197923004627228,0.4513940215110779,-0.8428913354873657,0.3870642483234405,-0.0749092623591423,0.311581552028656,1.190280199050903,-0.3598649799823761,-1.2573635578155518,1.8156665563583372,-0.127680018544197,-0.8129730820655823,-0.926167130470276,0.0284725818783044,-0.5466048717498779,0.1490184217691421,-0.8076167106628418,-1.1183512210845947,-0.6788989305496216,0.5429074764251709,-1.7473310232162476,0.3101152181625366,-0.1564255505800247,-0.6205244660377502,-0.1822153478860855,1.10637629032135,-0.962377667427063,0.0923231244087219,0.964440643787384,-0.6125838160514832,-0.4703711569309234
test_C6_00078,test_C6,C6,90,early,0,early,0.2938778895966487,0.3326277434825897,0.8850275278091431,0.0920920595526695,0.0228803530335426,0.1149724721908569,0.3769853140404705,0,0.0753199756145477,-1.7633723020553589,0.6241581439971924,0.3590667843818664,1.113371729850769,1.3496142625808716,0.865698516368866,0.4185363948345184,-0.7870978713035583,-0.3551895022392273,0.3383314609527588,-0.5873285531997681,0.0218230467289686,-0.1512448191642761,-0.2577172815799713,0.476080983877182,-0.888990581035614,0.38837531208992,-0.0542794652283191,0.412509024143219,1.1912723779678345,-0.2747448086738586,-1.157137751579285,1.8504806756973269,-0.1205861344933509,-0.7977865934371948,-0.8847458958625793,-0.1750338077545166,-0.6793513894081116,0.1805648505687713,-0.8084047436714172,-1.0170085430145264,-0.6333123445510864,0.757705807685852,-1.758004903793335,0.2268897444009781,-0.1058866083621978,-0.6524093151092529,0.1680158078670501,1.274792194366455,-0.9380503296852112,0.0813377946615219,0.9718119502067566,-0.4080251157283783,-0.5451207756996155
test_C6_00079,test_C6,C6,91,early,0,early,0.2951645082131444,0.3338396549224853,0.9048061370849608,0.0738471001386642,0.0213467571884393,0.095193862915039,0.3322896548510324,0,0.0800209045410156,-1.727230191230774,0.6026791334152222,0.3550378978252411,0.9591732025146484,1.3595573902130127,0.7945383191108704,0.2911054491996765,-0.6815329194068909,-0.272437572479248,0.342680811882019,-0.606391191482544,0.0356741845607757,-0.1107635796070098,-0.3567580580711365,0.4930182099342346,-0.5787217020988464,0.3866322040557861,-0.0452088974416255,0.2986231744289398,1.1922428607940674,-0.1405610740184784,-1.2087639570236206,1.8202040195465088,-0.1250167489051818,-0.8338092565536499,-0.8144840002059937,-0.1843682080507278,-0.8981950879096985,0.1966050118207931,-0.8091754913330078,-1.0754270553588867,-0.6236761212348938,0.8488439917564392,-1.4475237131118774,0.3757509887218475,-0.1100493595004081,-0.6089797616004944,-0.3670616149902344,1.3655636310577393,-0.927719235420227,0.1314232498407364,0.9670863151550292,-0.4865637421607971,-0.4039133787155151
test_C6_00080,test_C6,C6,92,early,0,early,0.2963377620217843,0.3341951370239258,0.8760532736778259,0.1000717356801033,0.0238750055432319,0.123946726322174,0.396363632865884,0,0.0626903846859932,-1.6979305744171145,0.6162461638450623,0.3630731403827667,1.0405508279800415,1.346474289894104,0.8367612957954407,0.3620330989360809,-1.0053366422653198,-0.3981579840183258,0.3085030019283294,-0.6643243432044983,-0.1340765208005905,-0.1618124097585678,-0.2548891007900238,0.5056549906730652,-0.8516292572021484,0.4014602899551391,-0.0295428168028593,0.3571993708610534,1.1931922435760498,-0.3262010812759399,-1.3709856271743774,1.811052680015564,-0.1205998137593269,-0.6730597019195557,-1.0173008441925049,-0.1398890316486358,-0.7145154476165771,0.2000365555286407,-0.8442355394363403,-1.2629573345184326,-0.5319585800170898,0.8175444602966309,-1.6371034383773804,0.1462070345878601,-0.1344217956066131,-0.6690423488616943,-0.0117342229932546,1.201029896736145,-0.8199790120124817,0.0514003448188304,0.9771300554275512,-0.3049283325672149,-0.5438784956932068
test_C6_00081,test_C6,C6,93,early,0,early,0.2973988580166796,0.3337473571300506,0.8918947577476501,0.0857587307691574,0.0223465915769338,0.1081052422523498,0.3619315117663116,0,0.0665090084075927,-1.7526237964630127,0.5843323469161987,0.3836677670478821,1.1712290048599243,1.3917628526687622,0.8762553334236145,0.2379501610994339,-0.9537896513938904,-0.4527412950992584,0.2980605661869049,-0.6953458786010742,-0.239639937877655,-0.2200877368450164,-0.3530362546443939,0.517673909664154,-0.9077745676040648,0.3882034122943878,-0.0227854959666728,0.3302415311336517,1.194121241569519,-0.3715130388736725,-1.4088668823242188,1.819641351699829,-0.1203250288963317,-0.7290723323822021,-0.9745936393737792,0.0097020445391535,-0.5323509573936462,0.2245832234621048,-0.8446044325828552,-1.2728745937347412,-0.527104914188385,0.7507200837135315,-1.5081236362457275,0.1508554071187973,-0.1393562108278274,-0.7499144673347473,-0.0145600531250238,1.20225727558136,-0.89747554063797,0.0489167012274265,0.9680591225624084,-0.7768809795379639,-0.8160125017166138
test_C6_00082,test_C6,C6,94,early,0,early,0.2983492180865358,0.3332902491092682,0.8463973999023438,0.1278864741325378,0.0257162041962146,0.1536026000976562,0.4535731434512096,0,0.0604250952601432,-1.649459958076477,0.5754598379135132,0.4323399364948272,1.273872971534729,1.3968756198883057,0.940963864326477,0.2258940935134887,-0.94015771150589,-0.5509357452392578,0.2533046901226043,-0.673903226852417,-0.3757888376712799,-0.2158183753490448,-0.3303686678409576,0.5733171105384827,-0.6039459109306335,0.4099819362163543,0.0115100275725126,0.3457054793834686,1.2795844078063965,-0.6053613424301147,-1.348029613494873,1.8392399549484253,-0.1119318231940269,-0.6029666662216187,-0.8602532148361206,0.2348153591156005,-0.5514159202575684,0.2653637826442718,-0.8449654579162598,-1.1197049617767334,-0.4097454249858856,0.6030723452568054,-1.4769736528396606,0.2329393476247787,-0.2142655104398727,-0.7065999507904053,-0.1971572786569595,1.0872291326522827,-0.7432125210762024,-0.0211857408285141,1.0380162000656128,-0.7046444416046143,-0.5730674862861633
test_C6_00083,test_C6,C6,95,early,0,early,0.2991904732089655,0.3352212309837341,0.8576709628105164,0.1172771528363227,0.0250518061220645,0.1423290371894836,0.4327220323552543,0,0.0702070146799087,-1.652093768119812,0.5544081330299377,0.4973874986171722,1.2744046449661257,1.3994591236114502,0.968450129032135,0.1329153031110763,-0.6894094347953796,-0.3727264702320099,0.3221764266490936,-0.5429213047027588,0.0284634865820407,-0.092818409204483,-0.3473373651504516,0.602445125579834,-0.5052033066749573,0.4109532833099365,0.0240870267152786,0.400941252708435,1.2795844078063965,-0.2717992663383484,-1.450338363647461,1.8316843509674072,-0.1182403340935707,-0.5579459071159363,-0.8523797392845154,0.2994363307952881,-0.8180031180381775,0.2833653688430786,-0.8120961785316467,-1.24724543094635,-0.3735155463218689,0.8534382581710815,-1.2945115566253662,0.5644159317016602,-0.0463945753872394,-0.6440865993499756,-0.0180251374840736,1.29855215549469,-0.6354994773864746,0.0539122447371482,1.033539652824402,0.3321545720100403,-0.332990288734436
test_C6_00084,test_C6,C6,96,middle,1,early,0.2999244579813612,0.3372643291950226,0.7871591448783875,0.1829853951930999,0.0298554431647062,0.2128408551216125,0.5497789337509804,1,0.0711758807301521,-1.6043578386306765,0.558643639087677,0.4501438438892364,1.2254700660705566,1.4245439767837524,0.9224350452423096,0.2025354504585266,-0.6721007823944092,-0.3520608842372894,0.3136235773563385,-0.5473147034645081,-0.0495674833655357,-0.0906868949532508,-0.3635692000389099,0.596255898475647,-0.3588220179080963,0.4161157608032226,0.0411099530756473,0.4130078852176666,1.2795844078063965,-0.2961606979370117,-1.3833658695220947,1.7721420526504517,-0.1211706697940826,-0.6195172071456909,-0.9574338793754578,0.2342687994241714,-0.647957444190979,0.2803787887096405,-0.8127883076667786,-1.137537956237793,-0.2945188879966736,0.8594006299972534,-1.2337487936019895,0.1222089305520057,-0.1084845066070556,-0.7324579954147339,-0.0207231882959604,1.2432469129562378,-0.6810832619667053,0.0560686029493808,1.0475443601608276,-0.1229331567883491,-0.5774769186973572
test_C6_00085,test_C6,C6,97,middle,1,early,0.3005532038896633,0.3408200144767761,0.7039474844932556,0.261661171913147,0.034391351044178,0.2960525155067444,0.6497554650658155,1,0.2038835734128952,-1.522233486175537,0.1532743573188781,0.1394334435462951,0.9328180551528932,0.0960335731506347,0.8079755902290344,-0.0207900684326887,-0.8020723462104797,-0.382607489824295,0.4318042993545532,-0.0138507736846804,-0.2182489484548568,-0.2457760870456695,1.098874568939209,0.3909421861171722,-0.3076619207859039,0.2630099952220917,-0.3872590363025665,1.309129238128662,1.2795844078063965,-0.3853370547294616,0.1145970374345779,1.5902974605560305,-0.141027569770813,-1.1761605739593506,0.2181047052145004,-0.5922636389732361,-0.2073706835508346,0.053839799016714,-0.1627112478017807,-0.9739364385604858,-2.133487701416016,-0.2698661684989929,-0.6062940955162048,0.8352646827697754,0.4330112338066101,-0.17611725628376,5.12782621383667,0.0456855706870555,-0.0676319077610969,0.1144527420401573,1.486731767654419,-1.176284670829773,-0.5080664753913879
test_C6_00086,test_C6,C6,98,middle,1,early,0.3010789330819709,0.3408096730709076,0.6411197185516357,0.3224782645702362,0.0364020355045795,0.3588802814483642,0.7013961867233816,1,0.1450333446264267,-1.4952714443206787,0.1638106405735016,0.2278454154729843,1.057928204536438,0.4084356427192688,0.8351141810417175,-0.0034833406098186,-0.9615167379379272,-0.3778001368045807,0.3380171060562134,-0.2038951218128204,-0.1657561212778091,-0.427238255739212,-0.3492972254753113,0.6238611340522766,-0.354015052318573,0.3982394933700561,-0.2224142104387283,0.0030800832901149,1.2795844078063965,-0.3294137120246887,-0.8905828595161438,1.6475872993469238,-0.0704772993922233,-0.8777744174003601,-0.0900416374206543,-0.4960170686244964,-0.8068076968193054,0.2735214829444885,-0.4276614487171173,-0.622042715549469,-1.6835837364196775,-0.2288601696491241,-0.4432728290557861,0.8295714855194092,0.2673549652099609,-0.2183655947446823,-0.4527806341648102,0.1638519167900085,-0.8911542892456055,0.0905804932117462,1.4722490310668943,-0.7958363890647888,-0.2325010746717453
test_C6_00087,test_C6,C6,99,middle,1,middle,0.3015040515531672,0.3495660126209259,0.3704655766487121,0.5897291898727417,0.0398052297532558,0.4102708101272583,0.7351310291719185,0,0.1601004302501678,-1.4647914171218872,0.1558193564414978,0.2438303381204605,1.156532645225525,0.4178354740142822,0.8773782849311829,-0.0124917980283498,-0.642805814743042,-0.2675620317459106,0.3980675339698791,0.0213395170867443,0.1464571058750152,-0.3130010366439819,-0.3279076814651489,0.6055582761764526,-0.3198898136615753,0.4128556847572326,-0.1981502473354339,0.301351398229599,1.2795844078063965,-0.0841336920857429,-1.0186965465545654,1.6800155639648438,-0.1198918223381042,-0.8862820267677307,0.0352951362729072,-0.4515349268913269,-1.1334288120269775,0.2907523214817047,-0.3684549629688263,-0.5905791521072388,-1.6326452493667605,-0.0474198199808597,-0.5972368121147156,1.0191140174865725,0.4105455279350281,-0.167450949549675,0.0698928758502006,0.3613882064819336,-0.9510469436645508,0.1339345872402191,1.4277206659317017,-0.5861796140670776,-0.0763691589236259
test_C6_00088,test_C6,C6,100,middle,1,middle,0.3018311420771272,0.3529260158538818,0.3079256117343902,0.6524811387062073,0.0395932495594024,0.3475188612937927,0.7001077511954648,0,0.1559624969959259,-1.5625407695770264,0.1390811949968338,0.1848350018262863,1.0395187139511108,0.5311818718910217,0.8393681049346924,-0.0470259860157966,-0.5976607799530029,-0.1812142729759216,0.3960097134113312,-0.0028023994527757,0.165755957365036,-0.2881538867950439,-0.3829029500484466,0.6377450823783875,-0.1801081746816635,0.4080021381378174,-0.1697406619787216,0.3169194161891937,1.2398440837860107,-0.080539621412754,-0.9948669672012328,1.630382418632507,-0.1170912384986877,-0.9539909958839417,0.2563714385032654,-0.5559078454971313,-1.146472454071045,0.2996149063110351,-0.4051174521446228,-0.5071468353271484,-1.571656584739685,-0.0867462456226348,-0.4732373654842376,1.2470383644104004,0.4078281819820404,-0.1576577723026275,-0.1082727164030075,0.4043588638305664,-0.9463223218917848,0.1966629028320312,1.3707098960876465,-0.9394981265068054,-0.0289290565997362
test_C6_00089,test_C6,C6,101,middle,1,middle,0.3020690494932344,0.3589408993721008,0.2369355857372284,0.7236404418945312,0.0394239127635955,0.2763595581054687,0.6396443820809458,0,0.157883733510971,-1.4869078397750854,0.1080892831087112,0.2832570970058441,1.2068631649017334,0.5847700238227844,0.90077143907547,-0.0554249435663223,-0.5039294362068176,-0.1710677146911621,0.4356019496917724,0.0617476776242256,0.3525259792804718,-0.3232689499855041,-0.3979761898517608,0.6433627605438232,-0.4684785902500152,0.4001116454601288,-0.1487681269645691,0.3318151235580444,1.2795844078063965,0.0325358882546424,-0.9155359268188475,1.7130956649780271,-0.1140105128288269,-0.8367014527320862,0.2040880024433136,-0.3163796067237854,-0.9942010641098022,0.3283911645412445,-0.4098048210144043,-0.4374443590641022,-1.4423781633377075,0.0664296224713325,-0.3272189497947693,1.061287760734558,0.4287230968475342,-0.2103223353624344,0.0655656680464744,0.551966667175293,-0.7567754983901978,0.1796613186597824,1.3358895778656006,-0.9733378291130066,-0.0826560482382774
test_C6_00090,test_C6,C6,102,middle,1,middle,0.3022325432192163,0.3645730018615722,0.1920894831418991,0.7687240839004517,0.0391863845288753,0.2312759160995483,0.5880524894605671,0,0.1489046216011047,-1.414297342300415,0.1229208111763,0.2751995623111725,1.0683772563934326,0.632024347782135,0.8421947956085205,-0.0384573526680469,-0.566335916519165,-0.3601079285144806,0.3805747628211975,-0.0916228964924812,0.087441973388195,-0.3206534385681152,-0.3381835520267486,0.6479526162147522,-0.3261689245700836,0.4269824028015136,-0.1062010079622268,0.3082308173179626,1.2795844078063965,-0.0407292768359184,-0.9493135213851928,1.6754971742630005,-0.1124962493777275,-0.7432392835617065,0.0568985641002655,-0.3233216404914856,-0.9280909895896912,0.3299643695354461,-0.4762857854366302,-0.4616126418113708,-1.3086090087890625,0.0466069914400577,-0.5010728240013123,1.3407210111618042,0.3433694243431091,-0.3210652470588684,0.2390182316303253,0.4282097518444061,-0.708662748336792,0.0856798440217971,1.314835786819458,-0.5573080778121948,-0.288109540939331
test_C6_00091,test_C6,C6,103,middle,1,middle,0.302336046771595,0.3776892423629761,0.1374365985393524,0.8232494592666626,0.0393139496445655,0.1767505407333374,0.5098260931980351,0,0.1495391726493835,-1.4666695594787598,0.1105661764740943,0.3045473992824554,1.1630510091781616,0.6950896382331848,0.8711685538291931,-0.0467764139175415,-0.502627432346344,-0.1661215275526046,0.4271212220191955,-0.0112953595817089,0.3170270025730133,-0.2401661872863769,-0.3549780249595642,0.6426675915718079,-0.1802434027194976,0.4229671359062195,-0.083234503865242,0.3234125971794128,1.2410014867782593,0.0625873133540153,-0.8978233933448792,1.7376316785812378,-0.1141696572303772,-0.7502326965332031,0.3402995467185974,-0.2583009600639343,-1.0381708145141602,0.3425754308700561,-0.5108335614204407,-0.4568621218204498,-1.2945833206176758,0.1446702480316162,-0.477315604686737,1.4336941242218018,0.3619530200958252,-0.172623723745346,0.057549811899662,0.5899781584739685,-0.6515172123908997,0.2003412395715713,1.2675111293792725,-0.3034925460815429,0.0850607082247734
test_C6_00092,test_C6,C6,104,middle,1,middle,0.3023936126918466,0.3847452104091644,0.1197616979479789,0.8397444486618042,0.0404938273131847,0.1602555513381958,0.4830456992436631,0,0.1458000242710113,-1.462352633476257,0.1010090336203575,0.2981299161911011,1.187427639961243,0.7371864914894104,0.8780442476272583,-0.0796527042984962,-0.4954762458801269,-0.2441227287054062,0.3724118173122406,-0.0495392903685569,0.0495076663792133,-0.2099952101707458,-0.3710843622684479,0.6449374556541443,-0.0156445652246475,0.4354919493198395,-0.0588465519249439,0.3379495739936828,1.1649487018585205,-0.0189332626760005,-0.8043371438980103,1.7231731414794922,-0.1174845695495605,-0.7449243068695068,0.437024861574173,-0.2656679153442383,-1.1917222738265991,0.3542522490024566,-0.5750645995140076,-0.3392522931098938,-1.2185579538345337,0.1342369765043258,-0.6749772429466248,1.3859127759933472,0.3092341423034668,-0.0898316130042076,0.0546003803610801,0.5647155046463013,-0.5873551368713379,0.1559059917926788,1.200876235961914,-0.4216653704643249,0.3190833330154419
test_C6_00093,test_C6,C6,105,middle,1,middle,0.302418898229824,0.388908177614212,0.1162295043468475,0.8394744396209717,0.0442959889769554,0.1605255603790283,0.4870715991052741,0,0.157916709780693,-1.6175400018692017,0.0847635269165039,0.3732830882072449,1.3017722368240356,0.8182985782623291,1.0140764713287354,-0.0874209702014923,-0.3176655173301697,-0.4353106021881103,0.3614533543586731,-0.1357012689113617,-0.0901919230818748,-0.2782984375953674,-0.3500949144363403,0.6082730293273926,0.1001922711730003,0.4161229729652405,-0.0555587746202945,0.3518595397472381,1.0146484375,-0.2507462203502655,-0.8427000045776367,1.719557523727417,-0.1238513588905334,-0.777279794216156,0.097533605992794,-0.0615153312683105,-1.121612548828125,0.3386304080486297,-0.4577201306819916,-0.2989574670791626,-1.2090047597885132,0.2045665681362152,-0.7661765217781067,1.2476255893707275,0.2818258702754974,-0.2091799974441528,0.0516970790922641,0.5688928365707397,-0.5655466318130493,0.0881917625665664,1.1291022300720217,-0.5104262232780457,-0.0169506389647722
test_C6_00094,test_C6,C6,106,middle,1,middle,0.3024251420368648,0.3939142525196075,0.1186070218682289,0.8331202864646912,0.0482726618647575,0.1668797135353088,0.5017975686492058,0,0.1621532440185547,-1.3101882934570312,0.0747196674346923,0.2843857407569885,1.234801173210144,0.7905732989311218,0.9126661419868468,-0.095042660832405,-0.1052141413092613,-0.05762555077672,0.4333304762840271,0.0324320197105407,0.3180810809135437,-0.1278668940067291,-0.5105834603309631,0.649120569229126,0.2158159017562866,0.4363605976104736,-0.0052143945358693,0.3651607632637024,1.0921297073364258,0.0275660641491413,-0.6803450584411621,1.76211416721344,-0.100105695426464,-0.5816926956176758,0.2031522244215011,-0.32651486992836,-1.111431121826172,0.3738062083721161,-0.4319150447845459,-0.1669561266899109,-1.0432413816452026,0.3623602390289306,-0.8296158313751221,1.2105779647827148,0.4134735465049743,-0.074232630431652,-0.1309681832790374,0.8056000471115112,-0.2990044951438904,0.2199952751398086,1.1250824928283691,-0.1825430691242218,0.4181946516036987
test_C6_00095,test_C6,C6,107,middle,1,middle,0.3024251420368648,0.3973129093647003,0.1161540821194648,0.8331173658370972,0.0507285073399543,0.1668826341629028,0.5037330431743406,0,0.1488440185785293,-1.504219889640808,0.0445892848074436,0.3268085420131683,1.3021948337554932,0.8792936205863953,1.0099738836288452,-0.1025218963623046,-0.4413879513740539,-0.2037568986415863,0.4152231812477112,-0.1761835813522339,0.134744793176651,-0.2412660717964172,-0.3411513864994049,0.6098065972328186,-0.0376240834593772,0.4208347797393799,-0.0242465995252132,0.41429603099823,0.9453192949295044,-0.0666420459747314,-0.7634056210517883,1.728374719619751,-0.12937892973423,-0.7416343688964844,0.1372177302837371,-0.2177998721599578,-0.8420940041542053,0.3361640572547912,-0.6720638275146484,-0.2725679278373718,-1.0531402826309204,0.174194648861885,-1.305180907249451,1.0461111068725586,0.242740049958229,-0.1810346245765686,0.2283443510532379,0.6226053833961487,-0.517655074596405,0.1876183003187179,1.0531567335128784,-0.1611820459365844,0.0973630771040916
test_C6_00096,test_C6,C6,108,middle,1,middle,0.3024251420368648,0.3809111416339874,0.2068392634391784,0.7327818274497986,0.060378935188055,0.2672181725502014,0.6583377108963494,0,0.2095893025398254,-1.633402705192566,0.1997769922018051,0.3726767599582672,1.1705199480056765,0.1969286352396011,0.8672496676445007,0.151956707239151,-1.0549101829528809,-0.5133980512619019,0.473794937133789,-0.1315909177064895,-0.4804693758487701,-0.4515188634395599,-0.4997980296611786,-0.4895458519458771,-0.8859376311302185,0.1344188451766967,-0.642934262752533,-0.7189362049102783,0.9852110147476196,-0.6142337918281555,-0.8347399234771729,1.3931798934936523,-0.4423229694366455,-1.1603145599365234,-0.0220328439027071,-0.0654297620058059,-0.3461107611656189,-0.799960196018219,-0.0895013213157653,-0.8783844113349915,-2.0128214359283447,-0.2742298543453216,-0.8087267279624939,0.536005973815918,0.4176599085330963,-0.2070312201976776,-2.664048671722412,0.0513278990983963,-0.7843838334083557,0.0844076126813888,1.0339354276657104,-1.2324364185333252,-0.7435469031333923
test_C6_00097,test_C6,C6,109,middle,1,middle,0.3024251420368648,0.3916327655315399,0.1503958106040954,0.7950858473777771,0.0545183457434177,0.2049141526222229,0.5696692792857889,0,0.1478769034147262,-1.2994240522384644,0.0382754765450954,0.2703385651111603,1.1937098503112793,0.8659297823905945,0.8769435882568359,-0.140652060508728,-0.426099419593811,-0.3355907201766968,0.4106029272079468,-0.0865587145090103,0.1030656322836875,-0.1463420093059539,-0.47449591755867,0.5816141963005066,-0.0245940312743186,0.4147615432739258,-0.006059936247766,0.3550034761428833,1.170207142829895,-0.22065369784832,-0.835611879825592,1.6787527799606323,0.1925070434808731,-0.7056533098220825,0.027867404744029,-0.3909738957881927,-0.8941356539726257,0.3151193857192993,-0.7048079967498779,-0.3847082257270813,-0.948592483997345,0.3438705801963806,-1.015429139137268,1.1627024412155151,0.2974750697612762,-0.2456164062023162,-0.1189610660076141,0.7248319387435913,-0.4166420996189117,0.1034151539206504,1.034533977508545,0.7801038026809692,-0.0211123526096344
test_C6_00098,test_C6,C6,110,middle,1,middle,0.3024251420368648,0.3874472081661224,0.1852438896894455,0.7579761147499084,0.0567800588905811,0.2420238852500915,0.6237429891029431,0,0.1468744724988937,-1.392890214920044,0.0044883955270051,0.3382764160633087,1.259639024734497,0.9266400337219238,0.910703420639038,-0.1708816736936569,-0.4185680449008941,-0.3382193744182586,0.3851980865001678,-0.0892649516463279,-0.0319626852869987,-0.2157735228538513,-0.3101914227008819,0.5727189779281616,-0.0806279852986335,0.4092306494712829,-0.0017086333828046,0.3322502374649048,1.2073291540145874,-0.153066411614418,-0.800277829170227,1.6939964294433594,-0.1143421158194542,-0.7143661975860596,0.1247391998767852,-0.194961816072464,-0.9683995842933656,0.3134199976921081,-0.7063874006271362,-0.2959312498569488,-0.9316793084144592,0.2505377233028412,-0.7478016018867493,1.0854209661483765,0.2980976402759552,-0.2688954472541809,-0.1207775473594665,0.6539328098297119,-0.4130414128303528,0.1230258718132972,1.0156123638153076,0.0154671436175704,-0.0876196324825286
test_C6_00099,test_C6,C6,111,middle,1,middle,0.3024251420368648,0.3959003388881683,0.141476958990097,0.8049982190132141,0.05352483689785,0.1950017809867859,0.5534174023297528,0,0.1670340299606323,-1.3626222610473633,0.0170553252100944,0.2453430593013763,1.2174502611160278,0.9685794115066528,0.8945857286453247,-0.131091222167015,0.0908322781324386,-0.244525671005249,0.4635245203971863,0.1115505471825599,0.3596963584423065,-0.0138372760266065,-0.5362205505371094,0.5699730515480042,0.3105715811252594,0.4285444021224975,0.0283231306821107,0.4539069235324859,1.2795844078063965,0.0677883103489875,-0.8453633785247803,1.6969493627548218,-0.1083765402436256,-0.6893547773361206,0.1692911386489868,-0.4912562966346741,-1.1433963775634766,0.3090685606002807,-0.5373350381851196,-0.2784508466720581,-0.8415989875793457,0.4347861707210541,-0.8240231871604919,1.0962334871292114,0.4157797992229461,-0.1561551690101623,-0.3052121102809906,0.941835343837738,-0.335614264011383,0.1564689129590988,1.012052059173584,0.94186133146286,0.2261289656162262
test_C6_00100,test_C6,C6,112,middle,1,middle,0.3024251420368648,0.3913194835186004,0.1925230324268341,0.7500522136688232,0.0574247576296329,0.2499477863311767,0.6344297121817659,0,0.1687762141227722,-1.4810384511947632,-0.0207971334457397,0.4139649868011474,1.303185224533081,1.016685962677002,1.028594970703125,-0.2067697793245315,0.0559493824839592,-0.1959604620933532,0.4618963003158569,0.0698022097349166,0.2569214105606079,-0.0949717983603477,-0.4067170321941376,0.5514968633651733,0.3692858815193176,0.4164466559886932,0.0181871615350246,0.4276539385318756,1.2795844078063965,0.0025506343226879,-0.9406698942184448,1.720302700996399,-0.1203067526221275,-0.6971521973609924,0.3044762909412384,0.1865616887807846,-1.2400619983673096,0.2892311215400696,-0.5403814911842346,-0.3965297937393188,-0.8339012265205383,0.485417753458023,-0.8716399669647217,1.3054516315460205,0.3593596518039703,-0.1700988411903381,0.2439385205507278,0.960008442401886,-0.3013352751731872,0.2045322805643081,0.9927244782447816,0.5171341896057129,0.1611804813146591
test_C6_00101,test_C6,C6,113,middle,1,middle,0.3024251420368648,0.3997854888439178,0.1258613318204879,0.821550190448761,0.0525885224342346,0.178449809551239,0.5254169334995262,0,0.1611321717500686,-1.304094910621643,-0.0256033912301063,0.3469328582286834,1.240350365638733,1.0514132976531982,0.9729419350624084,-0.2128631621599197,0.0162048228085041,-0.2614608705043793,0.4478545188903808,0.0642766430974006,0.246634155511856,-0.0202657710760831,-0.5908859372138977,0.5652306079864502,0.4358353912830353,0.4279437661170959,0.0591828674077987,0.508109986782074,1.2795844078063965,0.0046789580956101,-0.8425447940826416,1.7189949750900269,-0.0993973016738891,-0.6289283037185669,0.2417612671852111,-0.1515125781297683,-1.144526124000549,0.3180180191993713,-0.6830272078514099,-0.2321934700012207,-0.6942265629768372,0.3727403581142425,-0.4348175525665283,1.2314393520355225,0.3491362333297729,-0.1502549946308136,-0.3120590150356293,0.8941076397895813,-0.1791584491729736,0.1486961543560028,0.9884981513023376,1.4132359027862549,0.2720566689968109
test_C6_00102,test_C6,C6,114,middle,1,middle,0.3024251420368648,0.3996331393718719,0.1419430375099182,0.8038507103919983,0.0542062260210514,0.1961492896080017,0.5558309131289517,0,0.1659606844186782,-1.31322181224823,-0.0507937408983707,0.2756098806858063,1.2202643156051636,1.0569181442260742,0.9245039820671082,-0.2413986623287201,0.1246754229068756,-0.1569882035255432,0.4720335304737091,0.2114200741052627,0.3436633944511413,-0.0795010700821876,-0.5627601742744446,0.5523568391799927,0.4247197806835174,0.423661857843399,0.0621347874402999,0.4800208210945129,1.2447243928909302,0.0865030288696289,-0.7465093731880188,1.6431567668914795,-0.114684522151947,-0.6614106893539429,0.1463558375835418,-0.3754938244819641,-1.0700334310531616,0.3063504099845886,-0.6570566296577454,-0.103530041873455,-0.6922276616096497,0.542529284954071,-0.3887427449226379,1.1255310773849487,0.4024170935153961,-0.1599639505147934,-0.1279060244560241,1.07806134223938,-0.147813394665718,0.2089808732271194,0.9598453640937804,1.4331986904144287,0.2120832651853561
test_C6_00103,test_C6,C6,115,middle,1,middle,0.3024251420368648,0.4057877361774444,0.1013834178447723,0.8472448587417603,0.0513717271387577,0.1527551412582397,0.4778761148221529,0,0.1561764329671859,-1.2149348258972168,-0.0923335030674934,0.2835107445716858,1.117958903312683,1.0771702527999878,0.8712670207023621,-0.2694378793239593,0.0249774008989334,-0.3219063580036163,0.4347549378871918,0.0948783904314041,0.1848166137933731,-0.1438675224781036,-0.4691290259361267,0.5680757164955139,0.4097322523593902,0.427099347114563,0.0766114071011543,0.4533669352531433,1.2795844078063965,-0.0805661380290985,-0.857208788394928,1.729284167289734,-0.1095219776034355,-0.6102538704872131,0.3831568956375122,-0.3168042600154876,-1.1111797094345093,0.3218213617801666,-0.7138723731040955,-0.267263650894165,-0.6207454204559326,0.5316212177276611,-0.6697478890419006,1.1948206424713137,0.3509993851184845,-0.2062736004590988,-0.1295999437570572,1.0168952941894531,-0.1073091328144073,0.1261186897754669,0.9487956762313844,0.6856056451797485,0.148671418428421
test_C6_00104,test_C6,C6,116,middle,1,middle,0.3024251420368648,0.405704140663147,0.1156170889735221,0.8325153589248657,0.0518675781786441,0.1674846410751342,0.5056588061465239,0,0.1508807986974716,-1.1247646808624268,-0.1035406738519668,0.1849308609962463,0.7309187650680542,1.1042637825012207,0.7444663643836975,-0.2748334407806396,-0.0894487872719764,-0.3619718849658966,0.4105665981769562,-0.0050258901901543,0.0549263507127761,-0.0749051496386528,-0.4798594117164612,0.5582418441772461,0.2492187917232513,0.4035150706768036,0.0849760770797729,0.4622930586338043,1.176807522773743,0.0144946845248341,-0.8067903518676758,1.6708276271820068,-0.1143528372049331,-0.6692294478416443,0.003753456287086,-0.6205364465713501,-0.931831955909729,0.3065586686134338,-0.769708514213562,-0.3196018040180206,-0.5847339630126953,0.3595405519008636,-0.830340564250946,0.9683073163032532,0.3102065026760101,-0.1808944195508957,-0.1312710791826248,0.9177826046943665,0.010035503655672,0.122671328485012,0.9076486229896544,1.1620831489562988,0.1928621679544448
test_C6_00105,test_C6,C6,117,middle,1,middle,0.3024251420368648,0.4111517667770386,0.0901253446936607,0.8591035008430481,0.0507711395621299,0.1408964991569519,0.4539177950720236,0,0.1503855139017105,-1.1049898862838743,-0.0823493674397468,0.1953161358833313,0.8577268123626709,1.1540682315826416,0.7772398591041565,-0.2361950278282165,-0.029700718820095,-0.2276928871870041,0.4374467432498932,0.1704930514097213,0.2132810950279235,-0.0723332986235618,-0.588898241519928,0.5249059200286865,0.3626492321491241,0.4345742762088775,0.107462927699089,0.5723466277122498,1.2795844078063965,0.0866636112332344,-0.7661954760551453,1.6169962882995603,-0.1016137450933456,-0.5566771030426025,0.2444557100534439,-0.560755729675293,-1.1318522691726685,0.2967882752418518,-0.7976144552230835,-0.1859604269266128,-0.4377312660217285,0.5562919974327087,-0.1123649701476097,1.12761390209198,0.3563379049301147,-0.2170460373163223,0.0543389879167079,1.1176899671554563,0.0671978145837783,0.1549949795007705,0.9267001152038574,1.9755693674087524,0.1656715273857116
test_C6_00106,test_C6,C6,118,middle,1,middle,0.3024251420368648,0.4194510281085968,0.0770859941840171,0.8712688684463501,0.0516451224684715,0.1287311315536499,0.4284191904710623,0,0.1662473380565643,-1.0883512496948242,-0.1140042692422866,0.193486213684082,0.8817988038063049,1.160538673400879,0.7830488681793213,-0.3071348369121551,0.2594825327396393,-0.0104981502518057,0.4862307012081146,0.2490205466747284,0.380317360162735,-0.0336680635809898,-0.5291849970817566,0.5095201730728149,0.5009276270866394,0.4069413542747497,0.0988920778036117,0.5088826417922974,1.2795844078063965,0.161586046218872,-0.7542180418968201,1.6044514179229736,-0.1186443492770195,-0.6022152900695801,0.4102307260036468,-0.5855845212936401,-1.2755333185195925,0.2767537534236908,-0.6645646095275879,-0.0774810314178466,-0.4423429071903229,0.6360185146331787,-0.0396262295544147,1.2137726545333862,0.4673835039138794,-0.0115620326250791,-0.1362444311380386,1.1699405908584597,0.0628613606095314,0.2841697335243225,0.9031223058700562,1.2960082292556765,0.5795369744300842
test_C6_00107,test_C6,C6,119,middle,1,middle,0.3024251420368648,0.3977336287498474,0.1411541551351547,0.7963355183601379,0.0625103339552879,0.203664481639862,0.5743831260268839,0,0.2537719011306762,-1.651363730430603,0.2092283070087433,0.3138032257556915,0.7857765555381775,0.2136299908161163,0.7608294486999512,0.271165519952774,-1.047934889793396,-0.5667794942855835,0.5301142930984497,-0.0599100776016712,-0.8188087940216064,-0.4632992744445801,-0.0792350172996521,-1.0610942840576172,-1.0277631282806396,-0.0402822904288768,-0.9033869504928588,-0.5367615818977356,0.6784690022468567,-0.7636008262634277,-0.8322736024856567,1.2566776275634766,-0.7433744072914124,-1.345966339111328,-0.122147187590599,-0.174803540110588,-0.3029143214225769,-1.3227986097335815,0.1558305472135543,-0.8324359059333801,-2.1006078720092773,-0.3676188290119171,-0.8832206726074219,0.3492012619972229,0.4255812168121338,-0.2064053863286972,-1.45920991897583,0.019955076277256,-1.1762927770614624,0.1241919994354248,0.7477849721908569,-1.149030327796936,-1.0178431272506714
test_C6_00108,test_C6,C6,120,middle,1,middle,0.3024251420368648,0.4189057648181915,0.0964318811893463,0.8390532732009888,0.0645147934556007,0.1609467267990112,0.5002768696677344,0,0.1638262718915939,-0.9663533568382264,-0.144120767712593,0.2100764960050583,0.9287393093109132,1.1570616960525513,0.7906153798103333,-0.3383595049381256,0.3260249495506286,-0.1362624168395996,0.4531957805156708,0.2232329249382019,0.3046234250068664,0.0279928967356681,-0.5585379004478455,0.565149188041687,0.6842235922813416,0.4410340487957001,0.1515719145536422,0.548475444316864,1.2795844078063965,0.1216451078653335,-0.6410494446754456,1.6032596826553345,0.5196592211723328,-0.5114327073097229,0.4665561020374298,-0.5312469601631165,-1.2058327198028564,0.3484622836112976,-0.7470349073410034,0.080804206430912,-0.3673998117446899,0.6547142267227173,-0.0623050294816494,1.147783875465393,0.4339303076267242,-0.036161221563816,0.0606780797243118,1.1501734256744385,0.2824840247631073,0.2003812342882156,0.8729006052017212,1.0688235759735107,0.5274912118911743
test_C6_00109,test_C6,C6,121,middle,1,middle,0.3024251420368648,0.4198625981807709,0.0997669026255607,0.8376392126083374,0.0625938922166824,0.1623607873916626,0.5022795112462449,0,0.1591041982173919,-1.1317578554153442,-0.165396362543106,0.2934151291847229,1.1085760593414309,1.184761881828308,0.8526564240455627,-0.3642070293426513,0.1120514795184135,-0.1754922717809677,0.4228315353393554,0.1130425184965133,0.0887626409530639,-0.1231557503342628,-0.4691915512084961,0.4995661377906799,0.2551500201225281,0.4096080362796783,0.1148550063371658,0.454132616519928,1.2795844078063965,-0.042757362127304,-0.6501315832138062,1.5775364637374878,-0.1318196654319763,-0.6108283400535583,0.4086906313896179,-0.2499902844429016,-0.9806703925132751,0.2841022610664367,-0.8524577021598816,0.083161823451519,-0.4473258554935455,0.522063672542572,-0.3077867329120636,1.1400518417358398,0.2871052026748657,-0.2687215209007263,-0.1319520622491836,1.072061538696289,0.1712765544652938,0.217145100235939,0.8559777140617371,1.2471554279327393,-0.0669272392988205
test_C6_00110,test_C6,C6,122,middle,1,middle,0.3024251420368648,0.4261872470378876,0.0892940685153007,0.845888078212738,0.0648178234696388,0.1541119217872619,0.486655792726381,0,0.1626389771699905,-0.959287405014038,-0.1746509373188018,0.2651086747646332,1.0714294910430908,1.180405855178833,0.8457147479057312,-0.3685604333877563,0.3225141167640686,0.048586655408144,0.4699121117591858,0.3153730928897857,0.3717754781246185,0.0435122922062873,-0.4796282947063446,0.5162188410758972,0.7450944185256958,0.4285824000835418,0.14849753677845,0.5285255312919617,1.2795844078063965,0.1943676769733429,-0.6483594179153442,1.5662562847137451,-0.0945532992482185,-0.5186645984649658,0.635998547077179,-0.3978354632854461,-1.1546857357025146,0.3084911108016968,-0.8268013000488281,0.0945169255137443,-0.3133884370326996,0.7995230555534363,0.3613430559635162,1.291958928108215,0.4811607301235199,-0.1307400614023208,0.2479962557554245,1.3026716709136963,0.2796602547168731,0.3036175668239593,0.8469299674034119,1.7127705812454224,0.2866597175598144
test_C6_00111,test_C6,C6,123,middle,1,middle,0.3024251420368648,0.4260479509830475,0.1253885477781295,0.7998151183128357,0.0747963339090347,0.2001848816871643,0.5761389639496551,0,0.1694560497999191,-1.1145614385604858,-0.2096652090549469,0.2237059473991394,0.8225916624069214,1.2445948123931885,0.7661532163619995,-0.4355403482913971,0.3245692849159241,-0.0667741745710372,0.4621410965919494,0.3277175724506378,0.2229631692171096,-0.0125247696414589,-0.615835428237915,0.49066162109375,0.7521349787712097,0.4414910078048706,0.1334448009729385,0.5989577174186707,1.2795844078063965,0.2247322350740432,-0.7143278121948242,1.5942121744155884,-0.117128774523735,-0.6220250129699707,0.6359607577323914,-0.5232271552085876,-1.2394977807998655,0.2862604856491089,-0.7502424120903015,0.1025730818510055,-0.346028596162796,0.8824388384819031,0.2182045429944992,1.342279314994812,0.4920226633548736,-0.0928205922245979,-0.138441577553749,1.368397831916809,0.1739960610866546,0.2920920550823211,0.82825767993927,2.0959994792938232,0.3077905178070068
test_C6_00112,test_C6,C6,124,middle,1,middle,0.3024251420368648,0.4328463971614837,0.0933040454983711,0.8349437713623047,0.0717521905899047,0.1650562286376953,0.5106052418680879,0,0.1587076187133789,-1.0278196334838867,-0.2393590807914734,0.2304664403200149,1.0372215509414673,1.276289701461792,0.8176901340484619,-0.4807093739509582,0.2207172662019729,-0.2850810587406158,0.430862545967102,0.0465507768094539,0.1517056971788406,-0.1406529545783996,-0.4636827707290649,0.5291949510574341,0.4212900698184967,0.47715625166893,0.1728289574384689,0.4727678894996643,1.1834383010864258,-0.2412600964307785,-0.6184511184692383,1.6354016065597534,-0.0855931341648101,-0.5025615692138672,0.3249708116054535,-0.4874937236309051,-1.1142007112503052,0.3417490422725677,-0.8530887365341187,0.0312960967421531,-0.2245259582996368,0.5024136304855347,-0.1402286440134048,1.0905405282974243,0.2832255661487579,-0.177152931690216,0.0523033551871776,0.9924630522727966,0.3381305336952209,0.1530289351940155,0.7869476079940796,0.8572349548339844,0.1959342509508133
test_C6_00113,test_C6,C6,125,middle,1,middle,0.3024251420368648,0.4330358803272247,0.0883425548672676,0.8442498445510864,0.0674075856804847,0.1557501554489135,0.490711315537219,0,0.1691862493753433,-0.9835013151168824,-0.2581303417682647,0.2332168072462082,0.944564938545227,1.3102110624313354,0.801118016242981,-0.4840262532234192,0.3764995634555816,-0.2411310225725174,0.4329915642738342,0.1896788924932479,0.1280790865421295,-0.0965973958373069,-0.5983948707580566,0.5023980736732483,0.3396764993667602,0.4654656052589416,0.1704753190279007,0.5443804264068604,1.2795844078063965,-0.1236246153712272,-0.5960466861724854,1.667261004447937,-0.1071454212069511,-0.4995602071285248,0.5374659895896912,-0.4720607697963714,-1.1947951316833496,0.3265494406223297,-0.8280431032180786,0.0567209720611572,-0.1737111955881118,0.6856016516685486,-0.0253873188048601,1.183714747428894,0.356503278017044,-0.1744506210088729,0.0498740039765834,1.1393314599990845,0.3170411586761474,0.1799661517143249,0.7898682951927185,1.240156173706055,0.2079916447401046
test_C6_00114,test_C6,C6,126,middle,1,middle,0.3024412137797824,0.4375047385692596,0.076773926615715,0.8579608798027039,0.0652651339769363,0.1420391201972961,0.4611590599051786,0,0.1653019040822982,-0.9875126481056212,-0.2679050862789154,0.1806390583515167,0.8156989812850952,1.320909857749939,0.761250376701355,-0.5280935168266296,0.1532621383666992,-0.4025700688362121,0.4445301592350006,0.1437788903713226,0.0626423805952072,-0.2436499446630478,-0.5418376922607422,0.4540515840053558,0.267882764339447,0.4492072761058807,0.1541555225849151,0.4858012199401855,1.216504454612732,-0.1841432452201843,-0.74556565284729,1.6683748960494995,-0.1221799775958061,-0.5805975794792175,0.2915733456611633,-0.6721664071083069,-1.0104211568832395,0.2872900664806366,-0.8284438848495483,0.0972841829061508,-0.1878325045108795,0.7045257091522217,0.1486028134822845,1.1303250789642334,0.3846851587295532,-0.3166269361972809,-0.3400284349918365,1.1298484802246094,0.1054104343056678,0.108927845954895,0.7685239315032959,1.4493372440338137,-0.1167113482952117
test_C6_00115,test_C6,C6,127,middle,1,middle,0.3026364281860637,0.4330861270427704,0.0916832461953163,0.8398052453994751,0.0685115456581115,0.1601947546005249,0.5000395062925183,0,0.1786809861660003,-1.1839911937713623,-0.3152186870574951,0.2426878660917282,1.0626964569091797,1.3478456735610962,0.8149772882461548,-0.5714668035507202,0.1935522556304931,-0.2086410224437713,0.5197224617004395,0.2816039621829986,0.2019404470920562,-0.2040432095527649,-0.4572484791278839,0.3951006531715393,0.2472414970397949,0.4082565903663635,0.1063965782523155,0.4614167213439941,1.2795844078063965,0.0321059599518775,-0.695720374584198,1.665238380432129,-0.1330233365297317,-0.7619035243988037,0.7726291418075562,-0.441923975944519,-1.1760997772216797,0.2267175316810608,-0.77913498878479,0.0524628795683383,-0.2637178301811218,0.6188347339630127,0.2446071952581405,1.2869192361831665,0.4436026513576507,-0.2539503276348114,0.0483929142355918,1.1815351247787476,-0.0779253095388412,0.2549176216125488,0.7559418082237244,0.9789533019065856,-0.0536212585866451
test_C6_00116,test_C6,C6,128,middle,1,middle,0.3030107851715685,0.4361431300640106,0.0796394869685173,0.8536286354064941,0.0667318552732467,0.1463713645935058,0.4708211327658677,0,0.1784600913524627,-1.1136019229888916,-0.3419245779514313,0.2449241727590561,1.0461952686309814,1.3504310846328735,0.8100060820579529,-0.573996901512146,0.1302019357681274,-0.2030182033777237,0.5057694315910339,0.2352937459945678,0.0927290022373199,-0.1426284909248352,-0.3454910516738891,0.3948425948619842,0.2656322717666626,0.3969724774360657,0.1068246439099311,0.3440854251384735,1.2795844078063965,0.0022378040011972,-0.6899397373199463,1.6944671869277954,-0.1072818636894226,-0.7096186876296997,0.6560963988304138,-0.40794238448143,-1.140802025794983,0.2213904410600662,-0.8045691251754761,-0.0100819766521453,-0.2122838497161865,0.6556205153465271,-0.0655505359172821,1.3141402006149292,0.3934663832187652,-0.1984666436910629,-0.1491483151912689,1.1989915370941162,-0.033112172037363,0.2603255808353424,0.7456247210502625,0.2863296866416931,0.0665066838264465
test_C6_00117,test_C6,C6,129,middle,1,middle,0.3035642847362966,0.4444568455219269,0.0654464140534401,0.8709262013435364,0.0636273920536041,0.1290737986564636,0.4315230896016047,0,0.1910969018936157,-0.5157065987586975,-0.4510904252529144,-0.4682254791259765,-0.1661742925643921,0.0710903033614158,0.252783328294754,-0.6163418889045715,-0.5090172290802002,-0.9031439423561096,0.3512807786464691,-0.1361872404813766,-0.7520919442176819,-0.5488376021385193,0.5053057074546814,0.1532040685415268,0.2678072452545166,0.2585972249507904,0.031300488859415,0.880427360534668,1.2795844078063965,-0.9569854736328124,1.0177736282348633,1.6196988821029663,-0.1109880730509758,-1.162934422492981,-0.3816035091876983,-0.9671142101287842,-0.5785692930221558,0.2499855756759643,-0.5849452614784241,0.9859844446182252,-1.6723153591156006,0.7916531562805176,-0.2240817993879318,0.3914811909198761,0.2938388884067535,0.0872075408697128,3.8578133583068848,1.256389856338501,0.4838059544563293,-0.2156830728054046,0.7420904040336609,0.0107289981096982,-0.3816409409046173
test_C6_00118,test_C6,C6,130,middle,1,middle,0.3042969268802481,0.4410601258277893,0.0601588785648345,0.8817927241325378,0.0580483824014663,0.1182072758674621,0.4052876548294864,0,0.1675817817449569,-0.4985148906707763,-0.4701413512229919,-0.0731751769781112,0.3565814793109894,0.3108759224414825,0.6108506917953491,-0.6184878945350647,-0.2713159918785095,-0.9354572892189026,0.270599365234375,0.0346050821244716,-0.6834182739257812,-0.5756869316101074,-0.3905710577964782,0.3385386765003204,1.0167503356933594,0.3800780177116394,0.2077256292104721,0.2281073629856109,1.2490148544311523,-0.8406724333763123,0.5413867235183716,1.720022439956665,0.0077171688899397,-0.7229769229888916,-0.2248405218124389,-0.8916756510734558,-0.8703702092170715,0.4860831499099731,-0.8542634844779968,1.9085065126419067,-1.174178123474121,0.8404944539070129,0.1610186845064163,0.6814287900924683,0.3279779255390167,0.1749075651168823,-0.5758092403411865,1.32474684715271,0.5828973054885864,-0.2975501418113708,0.7195788621902466,-0.0781704038381576,0.0537766553461551
test_C6_00119,test_C6,C6,131,middle,1,middle,0.3052087116875634,0.4423111975193023,0.0510355569422245,0.8968413472175598,0.0521231517195701,0.1031586527824401,0.3672513268589015,0,0.171481966972351,-0.523195743560791,-0.4795436561107635,-0.1494931876659393,0.1102757528424263,0.3776743412017822,0.4744621515274048,-0.6402239203453064,-0.1971082389354705,-1.0418527126312256,0.2945700883865356,0.1101014390587806,-0.5844354033470154,-0.5278992652893066,-0.4337641298770904,0.327268898487091,0.6392538547515869,0.3576052188873291,0.2131582498550415,0.3357002735137939,1.1885758638381958,-0.8022923469543457,0.4624300599098205,1.7351949214935305,-0.1055100262165069,-0.7445663213729858,0.1539612263441085,-0.911514401435852,-0.8025091886520386,0.4685066938400268,-0.8303560018539429,1.523371934890747,-1.1224721670150757,0.7558085918426514,0.5523103475570679,0.7192845940589905,0.2710537016391754,-0.2108875811100006,-0.382740318775177,1.350885272026062,0.4285615980625152,-0.3375315070152282,0.6926007866859436,0.2895006537437439,-0.5825151205062866
test_C6_00120,test_C6,C6,132,middle,1,middle,0.3062996390741022,0.4390105307102203,0.0473128668963909,0.9061457514762878,0.0465413630008697,0.0938542485237121,0.3426296917658251,0,0.1657997369766235,-0.358280211687088,-0.4970719814300537,-0.1706387549638748,0.0655224621295929,0.4515683352947235,0.452181875705719,-0.6421564817428589,-0.1753843426704406,-0.988297700881958,0.287253201007843,-0.0356857776641845,-0.5460628271102905,-0.5202518105506897,-0.3849195837974548,0.3814815878868103,0.8127745985984802,0.3896947801113128,0.2585176825523376,0.3782882392406463,1.219371676445007,-0.753145694732666,0.4872790575027466,1.7107417583465576,-0.0716786533594131,-0.6562100648880005,-0.1162289604544639,-0.9123700857162476,-0.7605862617492676,0.5155567526817322,-0.8546313643455505,1.5389302968978882,-0.9133000373840332,0.7734862565994263,0.3707902431488037,0.5328746438026428,0.2146532237529754,-0.1930105835199356,0.0037297958042472,1.2872825860977173,0.7035309672355652,-0.3367388248443603,0.6817137002944946,0.3703827261924743,-0.4376703798770904
test_C6_00121,test_C6,C6,133,middle,1,middle,0.3075536372969468,0.4387499690055847,0.0396680124104023,0.9211574792861938,0.0391745641827583,0.0788425207138061,0.3009080735952538,0,0.164724662899971,-0.2587147057056427,-0.5206889510154724,-0.1203383281826973,0.1285329610109329,0.4915468096733093,0.476080447435379,-0.6633877158164978,-0.1326461732387542,-1.0692598819732666,0.2596847116947174,-0.0428551845252513,-0.6267804503440857,-0.5638088583946228,-0.4578112959861755,0.3789826035499573,0.78350430727005,0.3962072134017944,0.2567132115364074,0.3586922287940979,1.1899443864822388,-0.8886857628822327,0.5201424360275269,1.7451403141021729,-0.0931939631700515,-0.6070012450218201,-0.0464543066918849,-0.8761288523674011,-0.9209300875663756,0.5053521394729614,-0.8548111319541931,1.4322091341018677,-0.7776826620101929,0.8016006350517273,0.2725811004638672,0.756041407585144,0.1935815513134002,-0.0420181080698967,-0.3866229057312011,1.3511366844177246,0.7418957948684692,-0.3959880471229553,0.6614382863044739,0.8727931380271912,-0.0872277840971946
test_C6_00122,test_C6,C6,134,middle,1,middle,0.3088076355197915,0.4355540871620178,0.0379924178123474,0.9257622957229614,0.0362452305853366,0.0742377042770385,0.2875464958593082,0,0.1659133285284042,-0.294207900762558,-0.5401101112365723,-0.1570826023817062,0.0311655756086111,0.5386280417442322,0.4338692426681518,-0.6843020915985107,-0.0357125625014305,-0.9303107857704164,0.2581191956996918,0.1136822551488876,-0.5827842354774475,-0.4776657521724701,-0.438606709241867,0.4094603955745697,0.5690606832504272,0.3902201056480407,0.292561411857605,0.4000825881958008,1.0719852447509766,-0.8033523559570312,0.5150842070579529,1.7180168628692627,-0.0759957656264305,-0.5539274215698242,-0.1065987274050712,-0.8956394791603088,-0.877047061920166,0.5338591933250427,-0.8549882173538208,1.2943429946899414,-0.7492278814315796,0.942764401435852,0.3174796998500824,0.5451055765151978,0.3173272013664245,-0.0224680453538894,-0.1921202689409256,1.3998582363128662,0.888430118560791,-0.3183760046958923,0.6352007985115051,0.5618488788604736,-0.0532820671796798
test_C6_00123,test_C6,C6,135,middle,1,middle,0.310061633742636,0.4330067336559295,0.0341842100024223,0.9335646629333496,0.0322510711848735,0.0664353370666503,0.2642791341126227,0,0.155273362994194,-0.302496463060379,-0.5631831288337708,-0.0278693158179521,0.3572577834129333,0.5990725159645081,0.5987305641174316,-0.7239480018615723,-0.1673739701509475,-0.986661434173584,0.2819407284259796,0.0711679309606552,-0.4680303335189819,-0.5884512066841125,-0.3608960807323456,0.4182635545730591,0.6647505164146423,0.4137095212936401,0.2954205870628357,0.3501403331756592,1.1912723779678345,-0.8165754079818726,0.6345389485359192,1.734030842781067,-0.1010909676551818,-0.502765417098999,-0.178872138261795,-0.8052570819854736,-0.8245954513549805,0.5223991870880127,-0.8551626801490784,1.3983556032180786,-0.6346131563186646,1.0260040760040283,0.3643869161605835,0.664162278175354,0.3021846711635589,-0.1143151968717575,-0.1933007687330246,1.4297842979431152,1.031400442123413,-0.3588103950023651,0.6336687803268433,0.4513442814350128,-0.1468939632177353
test_C6_00124,test_C6,C6,136,middle,1,middle,0.3113156319654807,0.4311597645282745,0.033303327858448,0.9358513951301576,0.0308452602475881,0.0641486048698425,0.2572794916318165,0,0.1558784544467926,-0.2189814746379852,-0.5765910744667053,-0.0492146164178848,0.3120047152042389,0.6415015459060669,0.575343132019043,-0.7630108594894409,-0.0968633219599723,-0.8894078135490417,0.2696214020252228,0.0484112873673439,-0.4828549027442932,-0.5296472907066345,-0.4039713740348816,0.4322681427001953,0.6591277718544006,0.4279905557632446,0.3175555169582367,0.3020242154598236,1.2211426496505735,-0.7953227162361145,0.7495204210281372,1.7506951093673706,-0.0747706368565559,-0.429964154958725,-0.1306772083044052,-0.8068689107894897,-0.8753689527511597,0.5407363772392273,-0.8553345799446106,1.5086936950683594,-0.4828560650348663,0.9299378395080566,0.3797906339168548,0.7685175538063049,0.2463826090097427,0.0126485107466578,-0.3908409476280212,1.4277362823486328,1.150546312332153,-0.3352255225181579,0.6239343285560608,0.535858690738678,0.1581940203905105
test_C6_00125,test_C6,C6,137,middle,1,middle,0.3125696301883253,0.4298482835292816,0.0303575284779071,0.9417423009872437,0.0279002003371715,0.0582576990127563,0.2389157316901846,0,0.1624224185943603,-0.2021726816892624,-0.5824057459831238,-0.1312150061130523,0.1287935227155685,0.7095390558242798,0.4767878651618957,-0.78274005651474,0.0101966224610805,-0.8636111617088318,0.2733702361583709,-0.0532422624528408,-0.4491357505321502,-0.5314574241638184,-0.357514351606369,0.4195666909217834,0.5281212329864502,0.4181956350803375,0.3093948662281036,0.3446505069732666,1.0475236177444458,-0.8596466183662415,0.6659824848175049,1.6252778768539429,-0.1020935401320457,-0.4083946645259857,-0.464394062757492,-0.8624591827392578,-0.6984598636627197,0.4965566992759704,-0.8094286322593689,1.350353717803955,-0.4075238406658172,0.8163284659385681,0.3172903060913086,0.5364660024642944,0.1890653371810913,-0.1381118297576904,-0.1941422820091247,1.3510650396347046,1.1084680557250977,-0.3227912187576294,0.5974155068397522,0.3619323074817657,-0.0979813113808631
test_C6_00126,test_C6,C6,138,middle,1,middle,0.3138236284111699,0.430252194404602,0.0300108063966035,0.9422179460525512,0.0277712792158126,0.0577820539474487,0.2374165717395616,0,0.1580405384302139,-0.0899907499551773,-0.58394855260849,-0.2818179726600647,-0.0517624281346797,0.6908458471298218,0.3618704974651336,-0.8021833300590515,0.0509728491306304,-0.8336244821548462,0.2916890382766723,0.115686722099781,-0.2822425663471222,-0.4605856239795685,-0.4003281593322754,0.4375348091125488,0.6206579208374023,0.4233178496360779,0.3422814309597015,0.3857439756393432,1.1643948554992676,-0.7244071364402771,0.9552348256111144,1.5412135124206543,-0.0707051232457161,-0.404024064540863,-0.3404362499713897,-0.9529842734336852,-0.801846981048584,0.5211417078971863,-0.8556709289550781,1.4205334186553955,-0.3850374817848205,1.0339930057525637,0.3837936222553253,0.3598402738571167,0.318329244852066,-0.0018609317485243,-0.1952892988920211,1.5719914436340332,1.308818817138672,-0.3189925849437713,0.5910547971725464,0.5573292970657349,0.1339889615774154
test_C6_00127,test_C6,C6,139,middle,1,middle,0.3150776266340144,0.4286084473133087,0.0284893307834863,0.9455000758171082,0.0260106027126312,0.0544999241828918,0.2269023914890889,0,0.164143830537796,-0.1042205244302749,-0.6126541495323181,-0.119098275899887,0.0776840895414352,0.7495986223220825,0.4545844197273254,-0.839840292930603,0.2006188482046127,-0.8624313473701477,0.294125884771347,0.0964235812425613,-0.2483125180006027,-0.44492968916893,-0.4705747961997986,0.4647384583950043,0.593924343585968,0.4363012909889221,0.3547668755054474,0.3667545020580292,1.0222724676132202,-0.6494069695472717,0.9966769218444824,1.5486862659454346,-0.082748994231224,-0.282848596572876,-0.3123413026332855,-0.8293068408966064,-0.7728415131568909,0.5297689437866211,-0.8331292867660522,1.4224770069122314,-0.2724668383598327,0.9622958898544312,0.374847263097763,0.4687232673168182,0.2501223981380462,-0.0767331793904304,-0.3949518501758575,1.523995876312256,1.5796356201171875,-0.3453742861747741,0.5739706754684448,0.6265072226524353,0.056528091430664
test_C6_00128,test_C6,C6,140,middle,1,middle,0.3163316248568591,0.4262362420558929,0.0290405396372079,0.9453672170639038,0.0255922712385654,0.0546327829360961,0.2272833800517431,0,0.2262568473815918,-0.6282547116279602,-0.3194160163402557,0.0067639369517564,0.2561495006084442,0.1259101182222366,0.5411245226860046,-0.4179253876209259,-0.4134318232536316,-1.0338314771652222,0.3567845523357391,-0.2093237787485122,-0.8724207282066345,-0.5960879325866699,-0.4805506467819214,-0.407121479511261,-0.0622963458299636,0.1483202427625656,-0.3054423034191131,-0.3294227719306946,1.2795844078063965,-0.980685830116272,0.2002527862787246,1.5404675006866455,-0.7737190127372742,-1.1005347967147827,-0.4252291321754455,-0.7073963284492493,-0.5039430260658264,-0.5403522253036499,-0.3600294291973114,0.5542756915092468,-1.547335863113403,0.3392212092876434,-0.1520933657884597,0.4060656726360321,0.2094959467649459,-0.012214764021337,-2.576948404312134,0.7927607893943787,0.0066110207699239,-0.3093090057373047,0.5766556262969971,-0.2809016108512878,-0.6412264108657837
test_C6_00129,test_C6,C6,141,middle,1,middle,0.3175856230797036,0.4272903203964233,0.027927340939641,0.9470879435539246,0.0249847676604986,0.0529120564460754,0.2217307047062553,0,0.1463406085968017,0.0870296061038971,-0.6358378529548645,-0.2087181657552719,-0.0561543740332126,0.7712480425834656,0.3671347200870514,-0.8588583469390869,-0.100689098238945,-0.9204251766204834,0.2764430046081543,-0.0111240316182374,-0.2980749905109405,-0.4620403349399566,-0.4043006896972656,0.471778005361557,0.4768760204315185,0.4414351284503937,0.3647669553756714,0.3740406632423401,0.9695528745651244,-0.7762084007263184,0.7835383415222168,1.572703838348389,0.5762791633605957,-0.254271388053894,-0.4986639320850372,-0.9195250868797302,-0.6397258043289185,0.5356607437133789,-0.8561575412750244,1.150434494018555,-0.1424878984689712,0.8442855477333069,0.294420838356018,0.3472812175750732,0.1882086545228958,-0.2228356599807739,-0.3806223571300506,1.437847137451172,1.428874373435974,-0.3956845700740814,0.5469253063201904,0.8059048056602478,-0.1414357870817184
test_C6_00130,test_C6,C6,142,middle,1,middle,0.3188396213025483,0.4272324442863464,0.0278924088925123,0.94717276096344,0.0249348264187574,0.05282723903656,0.2214533829022741,0,0.151371031999588,0.108175978064537,-0.6420360803604126,-0.1499315649271011,-0.029715072363615,0.8109416961669922,0.3980493247509002,-0.8591151237487793,0.0016994542675092,-0.9117510318756104,0.2783880531787872,-0.0980350151658058,-0.2830197513103485,-0.4435825943946838,-0.4447926580905914,0.4345455765724182,0.5438297390937805,0.4394268691539764,0.3527882993221283,0.3848131895065307,1.2236120700836182,-0.7309384942054749,0.5731313228607178,1.548827886581421,-0.1021156907081604,-0.2666670680046081,-0.5495133996009827,-0.8855304718017578,-0.6226751208305359,0.5025635361671448,-0.8340886831283569,1.0045963525772097,-0.0861400738358497,0.7607781291007996,0.1937277615070343,0.466426283121109,0.1047494336962699,-0.1860352158546447,-0.3810525834560394,1.3761558532714844,1.33214271068573,-0.3951142132282257,0.5454636812210083,1.07781183719635,-0.0492477342486381
test_C6_00131,test_C6,C6,143,middle,1,middle,0.3200936195253929,0.4281225800514221,0.0275247637182474,0.9475935697555542,0.0248817019164562,0.0524064302444458,0.220095447378094,0,0.1532419621944427,0.0990539863705635,-0.6531245112419128,-0.1682686358690261,-0.070046842098236,0.8248881697654724,0.3647873103618622,-0.8593683242797852,0.0722164958715438,-0.9089021682739258,0.2755367755889892,0.0406256988644599,-0.266578733921051,-0.4328876137733459,-0.3988423645496368,0.452541321516037,0.610150158405304,0.4631955623626709,0.3740832507610321,0.3952130377292633,1.0294699668884275,-0.6369171738624573,0.463250994682312,1.5884214639663696,-0.0696096867322921,-0.180071473121643,-0.4416691064834595,-0.8865020275115967,-0.6352664232254028,0.5200669169425964,-0.8343995213508606,0.910082995891571,-0.0525677390396595,0.8413783311843872,0.4778330624103546,0.5073668360710144,0.1904492080211639,-0.2784318327903747,-0.1810837835073471,1.4477200508117676,1.408440113067627,-0.3954704105854034,0.5239351391792297,1.0605086088180542,-0.1953205019235611
test_C6_00132,test_C6,C6,144,middle,1,middle,0.3213476177482375,0.4286538362503052,0.028004853054881,0.9466719627380372,0.0253231916576623,0.0533280372619628,0.2230968869122715,0,0.148954689502716,0.143041118979454,-0.6819148063659668,-0.3022741675376892,-0.2911539375782013,0.8601844906806946,0.2085528820753097,-0.8596180081367493,0.0408840961754322,-0.849996030330658,0.2979146540164947,0.1294713467359542,-0.129173994064331,-0.3956638276576996,-0.4672764241695404,0.4518543481826782,0.5038339495658875,0.4492726325988769,0.3712033927440643,0.4624710977077484,1.1415969133377075,-0.5611931681632996,0.8424362540245056,1.536754488945007,-0.0843715816736221,-0.251874178647995,-0.3963018655776977,-0.955962598323822,-0.6536865830421448,0.5084370374679565,-0.8566238880157471,0.9733068346977234,0.0005084490985609,0.946646213531494,0.4305364191532135,0.4011715054512024,0.2320449352264404,-0.1851839125156402,-0.1822327226400375,1.5845030546188354,1.574962139129639,-0.3702797293663025,0.5194793939590454,1.4739670753479004,-0.0099952593445777
test_C6_00133,test_C6,C6,145,middle,1,middle,0.3226016159710823,0.4290164411067962,0.0274415593594312,0.9474908113479614,0.0250676684081554,0.0525091886520385,0.2204427981595747,0,0.1480326950550079,0.2292487174272537,-0.6894161701202393,-0.1505371034145355,-0.0671847164630889,0.8813862204551697,0.3621026873588562,-0.8598642349243164,0.0583059303462505,-0.8747713565826416,0.2992356717586517,-0.0060906903818249,-0.12220299243927,-0.3908295929431915,-0.4212142825126648,0.4708272814750671,0.4936662316322326,0.4694492220878601,0.3884031176567077,0.4134252667427063,1.2795844078063965,-0.7149268984794617,0.7887518405914307,1.5412801504135132,-0.0723342597484588,-0.1431047171354293,-0.4568525552749634,-0.8543899059295654,-0.6793598532676697,0.5264661312103271,-0.8567750453948975,0.9948546886444092,0.1220380440354347,0.939421534538269,0.6853253841400146,0.4752351641654968,0.1795959174633026,-0.1685122102499008,-0.3851436078548431,1.4852055311203003,1.6415882110595703,-0.4021160006523132,0.517961323261261,1.2831153869628906,0.0925305113196373
test_C6_00134,test_C6,C6,146,middle,1,middle,0.3238556141939268,0.4284985363483429,0.027354922145605,0.9478225708007812,0.0248224567621946,0.0521774291992187,0.2193515776874091,0,0.160423532128334,0.155435636639595,-0.6967639327049255,-0.1289442926645279,0.0399018749594688,0.8921329379081726,0.4253437221050262,-0.8601070642471313,0.1998712718486786,-0.9319669604301452,0.3006144165992737,-0.0663669854402542,-0.1687892079353332,-0.3783339858055115,-0.4046626985073089,0.4361215233802795,0.4169100522994995,0.4458506405353546,0.3610310852527618,0.3378391861915588,1.2795844078063965,-0.7949870824813843,0.8628018498420715,1.592766046524048,-0.1129447668790817,-0.1703845411539077,-0.5580988526344299,-0.8048816919326782,-0.6679030656814575,0.4783674776554107,-0.8136890530586243,0.956867516040802,0.0695583745837211,0.8027164340019226,0.0045809955336153,0.4287627339363098,0.1001924127340316,-0.1769885718822479,-0.1830662339925766,1.4271873235702517,1.5931744575500488,-0.4141316711902618,0.5075188279151917,1.031543254852295,0.0354661680757999
test_C6_00135,test_C6,C6,147,middle,1,middle,0.3251096124167714,0.4296855032444,0.0271782074123621,0.9476978182792664,0.0251239966601133,0.0523021817207336,0.2197788046355555,0,0.1657342165708542,0.010775295086205,-0.7091951966285706,-0.1278406977653503,-0.0159546341747045,0.9812061190605164,0.3743710815906524,-0.8603466153144836,0.3055306673049927,-0.9015263319015504,0.3446502685546875,0.2085443139076233,0.0339422933757305,-0.3279683291912079,-0.4441823661327362,0.4464040994644165,0.5960288047790527,0.4720381200313568,0.3755836188793182,0.3776706755161285,1.2795844078063965,-0.5424903035163879,0.6516996026039124,1.5407755374908447,-0.0674770846962928,-0.1785951554775238,-0.0523145087063312,-0.8231515884399414,-0.7963963747024536,0.4838472008705139,-0.7497187256813049,0.8607395887374878,0.101898081600666,0.9707298874855042,0.9936746954917908,0.577258288860321,0.3190188407897949,-0.1594595909118652,0.0188916157931089,1.5694783926010132,1.5229461193084717,-0.3906556963920593,0.5023848414421082,0.6636331081390381,0.0667281150817871
test_C6_00136,test_C6,C6,148,middle,1,middle,0.326363610639616,0.4299250841140747,0.0271577797830104,0.9476980566978456,0.025144150480628,0.0523019433021545,0.2197793878712774,0,0.1619080752134323,0.1476759761571884,-0.7258849143981934,-0.299687385559082,-0.3116488456726074,0.9911640286445618,0.1585312038660049,-0.8779518008232117,0.2331569641828537,-0.8832085132598877,0.2765653133392334,0.0439830645918846,-0.2021599411964416,-0.4018547534942627,-0.3719668686389923,0.4734457433223724,0.3058896362781524,0.4677422940731048,0.3953617811203003,0.4440763294696808,1.2795844078063965,-0.6341948509216309,0.8404390215873718,1.3471226692199707,-0.0648088604211807,-0.1426196247339248,-0.2925171554088592,-0.9578140377998352,-0.5698696970939636,0.481681615114212,-0.8145654201507568,1.049070119857788,0.2081951797008514,0.7654693722724915,0.8308161497116089,0.497039794921875,0.1334851533174514,-0.2725522518157959,0.4239361584186554,1.4254449605941772,1.5470420122146606,-0.4018795490264892,0.4925459623336792,0.4244899451732635,-0.1338798403739929
test_C6_00137,test_C6,C6,149,middle,1,middle,0.3276176088624607,0.4304493367671966,0.0270475707948207,0.9478330612182616,0.0251193158328533,0.0521669387817382,0.2193407810447421,0,0.1644142270088195,0.1254505962133407,-0.7377420663833618,-0.2167906016111374,-0.3006687760353088,1.0002470016479492,0.166547417640686,-0.8780683875083923,0.2697862684726715,-0.9792324900627136,0.2945866584777832,0.0979918092489242,-0.1464059054851532,-0.3904241919517517,-0.4121035933494568,0.4490359723567962,0.4460297226905823,0.4408566951751709,0.3763751983642578,0.3410307466983795,1.2262415885925293,-0.5998597145080566,0.4643795490264892,1.461111545562744,-0.0989468693733215,-0.2487694025039672,-0.1799296140670776,-0.9086084961891174,-0.6772935390472412,0.4615292251110077,-0.8149948120117188,0.6176361441612244,0.141635775566101,0.8068092465400696,0.4742232859134674,0.6193917393684387,0.182661771774292,-0.2525405287742615,-0.3965492248535156,1.4479507207870483,1.398185133934021,-0.4276750683784485,0.4741090834140777,0.6335187554359436,-0.102200873196125
test_C6_00138,test_C6,C6,150,middle,1,middle,0.3288716070853052,0.4276692867279053,0.0283653456717729,0.9460538029670716,0.0255808588117361,0.0539461970329284,0.2250979551106948,0,0.2392905056476593,-0.7632572650909424,-0.2205614447593689,-0.0081975730136036,0.1691084802150726,0.1169433966279029,0.4626013338565826,-0.3126536011695862,-0.6891922354698181,-1.109535574913025,0.4036334156990051,-0.0801005735993385,-0.9690261483192444,-0.6267619132995605,-0.1490363925695419,-0.8001107573509216,-0.4219867885112762,0.026270791888237,-0.5731285214424133,-0.1791801452636718,1.094129204750061,-0.9410161375999452,-0.0772332996129989,1.462294101715088,-1.2934058904647827,-1.2179193496704102,-0.3197627961635589,-0.6298905611038208,-0.5206618309020996,-1.0151888132095337,-0.4156379997730255,0.1710788160562515,-1.6077641248703003,0.2632856965065002,-0.2481391578912735,0.3806822597980499,0.3139797449111938,-0.0260176509618759,-1.0118876695632937,0.6617359519004822,-0.490763396024704,-0.3396379053592682,0.4557257294654846,-0.0540094785392284,-0.7905798554420471
test_C6_00139,test_C6,C6,151,middle,1,middle,0.3301256053081499,0.43007493019104,0.0275842882692813,0.94698166847229,0.0254340767860412,0.0530183315277099,0.222111489814588,0,0.1685966253280639,0.209560826420784,-0.7515063881874084,-0.2647910118103027,-0.4206324815750122,1.0407226085662842,0.0216630212962627,-0.8782968521118164,0.3107292950153351,-0.7784541845321655,0.3220648169517517,0.0968075469136238,-0.0399699099361896,-0.3272750973701477,-0.4407961666584015,0.4604884088039398,0.4555012583732605,0.4263292551040649,0.3850351572036743,0.3466251790523529,1.2269481420516968,-0.588481068611145,0.7641238570213318,1.4158356189727783,1.0962995290756226,-0.1864269077777862,-0.3498792946338653,-0.9264747500419616,-0.628219723701477,0.4725289642810821,-0.815836489200592,0.8009015321731567,0.2482038736343383,0.8697032928466797,0.8473148941993713,0.5477254390716553,0.241820752620697,-0.2180937379598617,-0.5988473892211914,1.5010217428207395,1.7017500400543213,-0.3510383665561676,0.4563778936862945,1.1436102390289309,0.0062014120630919
test_C6_00140,test_C6,C6,152,middle,1,middle,0.3313796035309944,0.4286222159862518,0.0275811254978179,0.9473552107810974,0.0250636860728263,0.0526447892189025,0.2208792619339224,0,0.1551296561956405,0.4049181938171386,-0.7581939101219177,-0.2850761413574219,-0.4091521203517914,1.0540910959243774,0.0262731295078992,-0.8784088492393494,0.2308180034160614,-0.8781427145004272,0.2863676846027374,-0.0382387712597847,-0.0696201175451278,-0.4138268828392029,-0.4514458477497101,0.5062417387962341,0.4935266673564911,0.4813755750656128,0.4444620609283447,0.4131443202495575,1.2795844078063965,-0.635807454586029,0.6212958097457886,1.3940850496292114,-0.0045038731768727,0.0199159495532512,-0.4694075882434845,-0.9433437585830688,-0.561168372631073,0.5509357452392578,-0.8577774167060852,0.7047303318977356,0.4375690221786499,0.8346841335296631,0.9994869828224182,0.4048159122467041,0.1238476559519767,-0.2239960283041,-0.3921621143817901,1.4043948650360107,1.8961515426635744,-0.4471839666366577,0.4584189653396606,1.019245147705078,0.1039062887430191
test_C6_00141,test_C6,C6,153,middle,1,middle,0.3326336017538391,0.4313619434833526,0.0278259720653295,0.9462350010871888,0.0259390696883201,0.0537649989128112,0.2245462954994493,0,0.1883755177259445,0.2204131931066513,-0.7616170048713684,-0.3183691501617431,-0.4443678557872772,1.111111044883728,0.0004640528350137,-0.8785194158554077,0.5225926637649536,-0.6531838178634644,0.4058016538619995,0.351462185382843,0.2403677999973297,-0.2156776636838913,-0.4617402255535126,0.411782443523407,0.3681202530860901,0.420849472284317,0.3582255244255066,0.4224977791309356,1.0198432207107544,-0.295182466506958,0.6828465461730957,1.409359574317932,-0.1885714530944824,-0.241283044219017,-0.1942392140626907,-0.9599921703338624,-0.6448579430580139,0.4161796867847442,-0.6309995651245117,0.6816182732582092,0.3029793798923492,1.0021883249282837,0.8055084347724915,0.3938729166984558,0.3672244846820831,-0.3500239253044128,-0.3925235271453857,1.660655856132507,1.5806705951690674,-0.2878367304801941,0.4241621494293213,1.4304635524749756,-0.2028809040784835
test_C6_00142,test_C6,C6,154,middle,1,middle,0.3338875999766836,0.4319930970668793,0.0284672230482101,0.9450157284736632,0.0265170838683843,0.0549842715263366,0.2284838419309941,0,0.1864114552736282,0.2331746816635131,-0.7544904351234436,-0.318044513463974,-0.4791262447834015,1.1173168420791626,-0.0450077652931213,-0.8786284923553467,0.4481734931468963,-0.6855577230453491,0.4300310611724853,0.2467880249023437,0.3112755119800567,-0.274444431066513,-0.4984508454799652,0.3907408416271209,0.4863484799861908,0.4067128300666809,0.3499711751937866,0.4042824506759643,1.1763626337051392,-0.3983988761901855,0.5235083103179932,1.3857033252716064,-0.0925574526190757,-0.3000434637069702,-0.3607050776481628,-0.9604108333587646,-0.5875831246376038,0.3976365625858307,-0.6326069831848145,0.6085330247879028,0.3146937191486358,0.8903928399085999,0.8299059867858887,0.3010626435279846,0.3845518231391907,-0.3297353386878967,-0.3928814232349396,1.6484421491622925,1.3641661405563354,-0.3008131086826324,0.4234561920166015,1.414099931716919,-0.1643150001764297
test_C6_00143,test_C6,C6,155,middle,1,middle,0.3351415981995282,0.4338762760162353,0.0284859985113143,0.9442092180252076,0.0273048095405101,0.0557907819747924,0.2310950560763161,0,0.1947261691093444,0.0457787998020648,-0.7722339630126953,-0.2804314792156219,-0.3755998909473419,1.2140216827392578,0.0334771983325481,-0.8787361979484558,0.5113956332206726,-0.6944452524185181,0.4403941333293915,0.319433182477951,0.2943850457668304,-0.2647712826728821,-0.4806313812732696,0.3799364864826202,0.2635919749736786,0.4491083323955536,0.3421697616577148,0.4138283133506775,0.843721866607666,-0.4568507373332977,0.7247907519340515,1.4317325353622437,-0.0921894386410713,-0.2744327783584595,-0.3592270314693451,-0.9290035367012024,-0.5378276109695435,0.3844158947467804,-0.5934690237045288,0.6301191449165344,0.3372443616390228,0.8310535550117493,0.6525658965110779,0.2335469722747802,0.4058938324451446,-0.3122864961624145,-0.3932358622550964,1.5694812536239624,1.426724195480347,-0.2927663326263428,0.3990744352340698,1.514371395111084,-0.1236664876341819
test_C6_00144,test_C6,C6,156,middle,1,middle,0.3363955964223728,0.4336780309677124,0.0284894853830337,0.944464147090912,0.0270463097840547,0.0555358529090881,0.2302713644734513,0,0.1822057962417602,0.2315997779369354,-0.7875605225563049,-0.2925158739089966,-0.4560043513774872,1.2299034595489502,-0.0255524218082427,-0.8788425326347351,0.2983143031597137,-0.6096044182777405,0.4688563048839569,0.3110462129116058,0.3886671960353851,-0.312010645866394,-0.4634531140327453,0.4040302336215973,0.2113566696643829,0.4598594605922699,0.3606319427490234,0.3960955739021301,0.5917696356773376,-0.4342804551124573,0.3800553977489471,1.403172254562378,-0.0512829013168811,-0.2076886147260666,-0.5617565512657166,-0.9296154975891112,-0.4703240990638733,0.4123775362968445,-0.7773826122283936,0.3543128371238708,0.4372423887252807,0.8961413502693176,0.2680010497570038,0.124397300183773,0.4172774255275726,-0.3936583399772644,-0.6026972532272339,1.642519235610962,1.3842263221740725,-0.2706271111965179,0.3804015815258026,1.4588463306427002,-0.2039413601160049
test_C6_00145,test_C6,C6,157,middle,1,middle,0.3376495946452175,0.4353448748588562,0.0291444696485996,0.9425711631774902,0.0282843504101037,0.0574288368225097,0.2363287150455132,0,0.1753120869398117,0.349856972694397,-0.7788694500923157,-0.3783836960792541,-0.5202645063400269,1.226276993751526,-0.1260333955287933,-0.8789474368095398,0.2324016839265823,-0.5453466773033142,0.4535712599754333,0.2010892480611801,0.3570163249969482,-0.2481758445501327,-0.4468784630298614,0.3911283016204834,0.2480185031890869,0.4830738306045532,0.3838925361633301,0.378977358341217,1.0264607667922974,-0.4231882691383362,0.737133264541626,1.3658493757247925,-0.0470103211700916,-0.1696354746818542,-0.547709584236145,-0.9616348147392272,-0.4303497672080993,0.4361727833747864,-0.8383357524871826,0.5630945563316345,0.5166007280349731,0.9023029804229736,0.6057387590408325,0.0952695831656456,0.3723658919334411,-0.3900843262672424,-0.3925895690917969,1.6699800491333008,1.559013605117798,-0.265615850687027,0.3887311518192291,1.3126630783081057,-0.1510529220104217
test_C6_00146,test_C6,C6,158,middle,1,middle,0.3389266209189708,0.4364944398403168,0.0291124247014522,0.9424520134925842,0.0284355357289314,0.0575479865074157,0.2367094458993602,0,0.1689140796661377,0.5553445816040039,-0.8202595114707947,-0.3781040906906128,-0.5236139297485352,1.2431577444076538,-0.1251977235078811,-0.8790510892868042,0.2440201789140701,-0.5990371704101562,0.4114666283130646,0.1382634937763214,0.2707315385341644,-0.2541289329528808,-0.5616961717605591,0.4841349124908447,0.3254824876785278,0.553867518901825,0.4521664083003998,0.5223498940467834,0.902302086353302,-0.437338650226593,0.522119402885437,1.3372306823730469,0.0349622629582881,0.127841979265213,-0.7065707445144653,-0.962032437324524,-0.453489750623703,0.5404012799263,-0.8585659265518188,0.4102875888347626,0.7069926261901855,0.8778294920921326,0.2415047883987426,0.1077940315008163,0.2321391105651855,-0.3570701777935028,-0.3929382264614105,1.6743272542953491,1.864845871925354,-0.3382841348648071,0.3752773106098175,2.055889368057251,0.0205735675990581
test_C6_00147,test_C6,C6,159,middle,1,middle,0.3402266750753522,0.4346721768379211,0.0293327812105417,0.9424360394477844,0.0282312352210283,0.0575639605522155,0.2367543957408154,0,0.1635682135820388,0.6179677248001099,-0.8233757615089417,-0.3675976991653442,-0.4672017395496368,1.290263295173645,-0.0831883028149604,-0.8791534304618835,0.2799813449382782,-0.6043365597724915,0.3562931418418884,0.0423351898789405,0.150121659040451,-0.2467536181211471,-0.5683237314224243,0.5148878693580627,0.2603750824928283,0.5987693071365356,0.4962486624717712,0.5544644594192505,0.5797533392906189,-0.5580929517745972,0.8741205930709839,1.2918424606323242,-0.002622032770887,0.3014725148677826,-0.8185753226280212,-0.9314051270484924,-0.3950015902519226,0.5951272249221802,-0.8586915731430054,0.6391422748565674,0.8761632442474365,0.7811911702156067,0.4014576375484466,0.1972496062517166,0.1458689719438552,-0.4030617177486419,-0.3932836353778839,1.5951753854751587,2.0995900630950928,-0.3776110708713531,0.3568416535854339,1.4966381788253784,0.0415335968136787
test_C6_00148,test_C6,C6,160,middle,1,middle,0.3415497572826421,0.4337354600429535,0.0287168510258197,0.9439750909805298,0.0273080710321664,0.0560249090194702,0.2318403770744952,0,0.1448210030794143,0.805062472820282,-0.8436501026153564,-0.4601241648197174,-0.5895332098007202,1.3420119285583496,-0.2602117657661438,-0.8792544603347778,0.0894268900156021,-0.8551096320152283,0.2487238496541977,-0.1840189695358276,-0.2027925699949264,-0.4731366038322449,-0.4973403513431549,0.5719011425971985,0.1325878053903579,0.6426551342010498,0.5522257685661316,0.4541716575622558,0.5096139907836914,-0.7595745921134949,0.6276881694793701,1.274044632911682,0.0256033428013324,0.3722833096981048,-0.9593030214309692,-0.9782259464263916,-0.2078114002943039,0.6741980910301208,-0.8588156700134277,0.3975226581096649,1.0472527742385864,0.5808665156364441,-0.164577379822731,0.1519558727741241,-0.0650753900408744,-0.5476248264312744,-0.181840494275093,1.357643723487854,2.0635316371917725,-0.5198016166687012,0.342860996723175,0.9386372566223145,-0.1132015064358711
test_C6_00149,test_C6,C6,161,middle,1,middle,0.3428958675408408,0.4501543343067169,0.0289210472255945,0.937610924243927,0.033468022942543,0.062389075756073,0.2517449644118167,0,0.3174805045127868,-0.4660563468933105,-0.8608632683753967,-1.2138432264328003,-0.7840669751167297,0.0252845641225576,-0.8122290968894958,-0.8793542385101318,0.1556967198848724,-0.7852314710617065,0.6167053580284119,1.197417140007019,0.0989290177822113,-0.6592671275138855,0.3520461320877075,0.1790536344051361,-0.1183396875858306,0.0805554240942001,0.1028925776481628,0.7992855310440063,1.2795844078063965,-0.7236205339431763,-0.4662685394287109,1.5963841676712036,-0.6464526057243347,-1.2006168365478516,0.3688917458057403,-0.9938305020332336,-0.5892441868782043,0.0135233467444777,0.1996501088142395,-0.9338729977607728,-1.9895691871643064,0.5006871223449707,-1.6253879070281982,0.5260829925537109,1.222086787223816,0.7352260947227478,3.772296905517578,0.9695634245872498,0.4254448711872101,-0.0214977376163005,0.4749657809734344,2.070920705795288,-0.1995941698551178
test_C6_00150,test_C6,C6,162,middle,1,middle,0.3442650056816676,0.4460711181163788,0.0286821983754634,0.9392410516738892,0.0320766828954219,0.0607589483261108,0.2467390386466127,0,0.264992743730545,0.2143157869577407,-0.709097146987915,-0.9345940947532654,-0.741745114326477,0.2359328269958496,-0.5190598964691162,-0.8159814476966858,0.4156154096126556,-0.546883225440979,0.527479350566864,0.9492865800857544,0.4730114936828613,-0.6828497648239136,-0.4016034603118896,0.4556586742401123,0.3463757336139679,0.4403415024280548,0.4643755555152893,0.2790274620056152,1.2550532817840576,-0.387761116027832,-0.4928071796894073,1.6225168704986572,0.358884185552597,-0.1902251988649368,0.4010685980319977,-0.9787967801094056,-0.7012479901313782,0.4448491036891937,-0.2940673232078552,-0.2467666268348693,-1.0054380893707275,0.6666091084480286,-0.8861626386642456,0.7701087594032288,1.0557725429534912,0.3828006684780121,-0.8418641090393066,1.249079704284668,1.0648900270462036,-0.1860302835702896,0.4337232708930969,0.6770678758621216,0.0266967006027698
test_C6_00151,test_C6,C6,163,middle,1,middle,0.3456571718734029,0.4465202093124389,0.0286556184291839,0.939182460308075,0.0321618840098381,0.060817539691925,0.2469163965605743,0,0.2505876123905182,0.2488256692886352,-0.6971869468688965,-0.8952584862709045,-0.743632972240448,0.280013769865036,-0.5225404500961304,-0.8164681792259216,0.2528243362903595,-0.8488866686820984,0.4319276213645935,0.726518988609314,0.0973422303795814,-0.7969635128974915,-0.3100592195987701,0.4643555283546448,0.3049036562442779,0.4321826994419098,0.4794334173202514,0.2395574003458023,1.2308231592178345,-0.6747861504554749,-0.3611285388469696,1.6756070852279663,-0.0777084156870842,-0.2077694684267044,-0.3966862857341766,-0.963947594165802,-0.3691732883453369,0.4617389142513275,-0.3557419180870056,-0.3313328921794891,-0.8919179439544678,0.3399147987365722,-0.8389175534248352,0.3289583027362823,0.7282009720802307,0.1003442630171775,-0.4212865233421325,0.990920901298523,1.1873046159744265,-0.3467050790786743,0.3995459079742431,0.5850023031234741,-0.2798287570476532
test_C6_00152,test_C6,C6,164,middle,1,middle,0.3470723660319067,0.4497026205062866,0.0294648129492998,0.9357367753982544,0.0347983762621879,0.0642632246017456,0.257472501964921,0,0.2710984945297241,0.3170267045497894,-0.6616283655166626,-0.941411793231964,-0.7454978227615356,0.3019590675830841,-0.6210448145866394,-0.7856003642082214,0.4920860826969147,-0.4937310516834259,0.5448130369186401,1.0671659708023071,0.5199564099311829,-0.6239527463912964,-0.3749704658985138,0.4420588314533233,0.3986136019229889,0.4656336307525635,0.4812838733196258,0.3560500741004944,1.2311205863952637,-0.1503354907035827,-0.4795200526714325,1.6577479839324951,-0.0355776734650135,-0.1088251620531082,0.7236666083335876,-0.9793537259101868,-0.8637494444847107,0.4502356350421905,-0.2627052962779999,-0.2162807136774063,-0.8037850856781006,0.6517030000686646,-0.7025865912437439,1.047308325767517,1.136807560920715,0.5045796036720276,-0.4215346276760101,1.2400983572006226,1.1567602157592771,-0.1947230696678161,0.3962002992630005,0.9456103444099426,0.3077428936958313
test_C6_00153,test_C6,C6,165,middle,1,middle,0.3484875601904105,0.4534157216548919,0.0293698515743017,0.9341943860054016,0.0364357568323612,0.0658056139945983,0.2620438221719147,0,0.2730778455734253,0.2405344396829605,-0.6548754572868347,-0.9477972984313964,-0.761726975440979,0.4119589030742645,-0.6964008212089539,-0.7862653136253357,0.4148431420326233,-0.3879311084747314,0.5488936901092529,1.1841723918914795,0.4166134297847748,-0.7154335379600525,-0.3614682853221893,0.4032465517520904,0.2135258018970489,0.4478520452976227,0.4492212533950805,0.2637467980384826,1.1832441091537476,-0.3837982416152954,-0.3697803020477295,1.675548791885376,-0.1295982301235199,-0.2766608893871307,0.7387058138847351,-0.9796271324157716,-0.8653673529624939,0.4002338945865631,-0.2664376497268677,-0.3034012615680694,-0.7449104189872742,0.6771159768104553,-1.0094826221466064,0.9290996789932252,1.1593704223632812,0.4869760870933532,-0.6328532099723816,1.2638978958129885,1.1264281272888184,-0.1148097962141037,0.3802025020122528,0.5607568621635437,0.3145025670528412
test_C6_00154,test_C6,C6,166,middle,1,middle,0.3499027544330546,0.4561644196510315,0.0305297952145338,0.929822564125061,0.0396476425230503,0.0701774358749389,0.2750260254161575,0,0.2838476300239563,0.2412400543689727,-0.6345717310905457,-0.8714715838432312,-0.7205595374107361,0.4235290884971618,-0.5334869623184204,-0.7559512853622437,0.5456221103668213,-0.440398633480072,0.5357733964920044,1.4216794967651367,0.3653957843780517,-0.584844172000885,-0.5006195902824402,0.3793322443962097,0.4766122698783874,0.4553611874580383,0.4587583839893341,0.4552034437656402,1.2077643871307373,-0.2768009901046753,-0.2026643007993698,1.6463804244995115,-0.0555729009211063,-0.1704036444425583,0.9170218110084534,-0.9353293180465698,-1.0611642599105835,0.4061682820320129,-0.1750599145889282,-0.0892470926046371,-0.6698453426361084,0.7587313055992126,-0.6789728403091431,1.0435172319412231,1.3021223545074463,0.705764889717102,-0.6324613094329834,1.3551784753799438,1.194955587387085,-0.1633539944887161,0.3783816993236542,1.3023699522018433,0.6325677633285522
test_C6_00155,test_C6,C6,167,middle,1,middle,0.3513179485915584,0.4612416326999664,0.0302285980433225,0.9275825023651124,0.042188961058855,0.0724174976348877,0.281311027810484,0,0.2813974618911743,0.1643598824739456,-0.638745129108429,-0.9356331825256348,-0.736743688583374,0.4343721270561218,-0.6239774227142334,-0.787571370601654,0.3883229494094848,-0.4795399010181427,0.553778350353241,1.265319585800171,0.3251300454139709,-0.6382911205291748,-0.4083609879016876,0.3379266262054443,0.3284575641155243,0.3998578190803528,0.4141320586204529,0.3613774478435516,1.231991171836853,-0.3674936592578888,-0.4239904582500458,1.6359072923660278,-0.1327265799045562,-0.371385246515274,0.7764097452163696,-0.980164110660553,-1.054667592048645,0.3425759673118591,-0.2359698861837387,-0.2834646999835968,-0.7401876449584961,0.6231564879417419,-0.8554921746253967,1.0617713928222656,1.287517547607422,0.6132886409759521,-0.632072925567627,1.3192681074142456,0.957228660583496,-0.150283932685852,0.3754408657550812,1.1533437967300415,0.4274888038635254
test_C6_00156,test_C6,C6,168,middle,1,middle,0.3527331427500622,0.470242977142334,0.0324929542839527,0.9167723059654236,0.0507347658276557,0.0832276940345764,0.3115350624852507,0,0.3001832664012909,0.148999735713005,-0.6500744819641113,-0.8894237279891968,-0.7103450298309326,0.4827157258987427,-0.578431248664856,-0.8188149929046631,0.5352012515068054,-0.3979001045227051,0.5841350555419922,1.412248969078064,0.3943457901477813,-0.5451906323432922,-0.419422298669815,0.3213492035865783,0.2903828024864197,0.3911083936691284,0.3995046317577362,0.3968209028244018,1.1613094806671145,-0.2484970390796661,-0.330962598323822,1.599173665046692,-0.0916638225317001,-0.3424662053585052,0.9853817224502563,-0.9510695934295654,-1.0715314149856567,0.3114649951457977,-0.0143546182662248,-0.2851455509662628,-0.6830690503120422,0.7716261148452759,-0.9804418087005616,0.9921553134918212,1.330952525138855,0.734316349029541,-0.4186808466911316,1.394587755203247,0.99531888961792,-0.1103010550141334,0.3593646883964538,1.2094451189041138,0.5909482836723328
test_C6_00157,test_C6,C6,169,middle,1,middle,0.3541483369085658,0.4830891788005829,0.0350512526929378,0.8999485969543457,0.0650001689791679,0.1000514030456543,0.3549882668234568,0,0.3090023398399353,0.1585441529750824,-0.659918487071991,-0.8985204696655273,-0.7123516798019409,0.5128965377807617,-0.58949214220047,-0.8344782590866089,0.5830176472663879,-0.2328243553638458,0.614177405834198,1.583679437637329,0.4948142468929291,-0.4639447927474975,-0.4801338911056518,0.3345378041267395,0.3481799960136413,0.4041769504547119,0.4124930500984192,0.4311438798904419,1.1620092391967771,-0.1777312606573104,-0.5067009925842285,1.4516196250915527,-0.0583523549139499,-0.3792838752269745,0.9637124538421632,-0.9660961031913756,-1.0963283777236938,0.3175510764122009,0.129935935139656,-0.3297880589962005,-0.6168339848518372,0.8205847144126892,-1.035905361175537,1.0792773962020874,1.5110517740249634,0.6913273334503174,-0.6325794458389282,1.4310693740844729,0.8807156682014465,-0.0341485626995563,0.3526605367660522,1.391787886619568,0.497744470834732
test_C6_00158,test_C6,C6,170,middle,1,middle,0.3555635310670696,0.4933706223964691,0.0393527150154113,0.8705379366874695,0.0901093780994415,0.1294620633125305,0.4231496150322896,0,0.2866298854351043,0.1617021411657333,-0.6069384217262268,-0.8485510945320129,-0.7422623038291931,0.4756286144256592,-0.6109946966171265,-0.7592306137084961,0.3509113192558288,-0.2933546006679535,0.6176170110702515,1.398476243019104,0.44658163189888,-0.5567181706428528,-0.3648225665092468,0.2817631661891937,0.3810183405876159,0.3686527907848358,0.3939790427684784,0.3142811954021454,1.0925707817077637,-0.3228403627872467,-0.4156403541564941,1.6210579872131348,-0.0870477631688118,-0.3541684448719024,0.8837448954582214,-0.908413827419281,-1.0539336204528809,0.308885395526886,-0.2473093867301941,-0.3046976923942566,-0.6556793451309204,0.830420196056366,-0.9787896275520324,1.0787560939788818,1.3802133798599243,0.6864534020423889,-0.4179085195064544,1.5095051527023315,1.0727746486663818,-0.0613846890628337,0.3396491706371307,1.1452542543411257,0.5160213112831116
test_C6_00159,test_C6,C6,171,middle,1,middle,0.3569787253097137,0.502670407295227,0.0428003594279289,0.8386951684951782,0.1185044795274734,0.1613048315048217,0.4871171728733156,0,0.3044061362743377,0.2333143800497055,-0.6385557055473328,-0.8621378540992737,-0.7440587878227234,0.4754925668239593,-0.6282698512077332,-0.8351898789405823,0.4885756075382232,-0.3536609709262848,0.5997372269630432,1.3343349695205688,0.3568224608898163,-0.519389271736145,-0.401670753955841,0.3016355633735657,0.4117871522903442,0.3752736449241638,0.4054352641105652,0.350484162569046,1.116904377937317,-0.342081218957901,-0.2910675704479217,1.5666708946228027,-0.0397153720259666,-0.2369899600744247,0.8859209418296814,-0.9379356503486632,-0.9830785393714904,0.3194720447063446,-0.0110587105154991,-0.1991625428199768,-0.5990568995475769,0.8201725482940674,-0.7962868809700012,0.9334751963615416,1.3275971412658691,0.7595519423484802,-0.6330844163894653,1.503527045249939,1.1753166913986206,-0.1129921600222587,0.3350645899772644,1.1420079469680786,0.6013569235801697
test_C6_00160,test_C6,C6,172,middle,1,middle,0.3583939194682176,0.5047885775566101,0.0469878800213336,0.8161962628364563,0.1368158608675003,0.1838037371635437,0.5293910745817186,0,0.2796458005905151,-0.3261044323444366,-0.6251238584518433,-0.7846965789794922,-0.5664157867431641,0.1807709634304046,-0.3484248518943786,-0.805648922920227,-0.3304115533828735,-0.9097884297370912,0.5027226209640503,0.4935384690761566,-0.3561664223670959,-0.8113409280776978,-0.4374550282955169,-0.1522727608680725,-0.5374467968940735,0.2523533999919891,-0.074984923005104,-0.2397977858781814,1.2564796209335327,-0.7811449766159058,-0.4157927334308624,1.470484495162964,-0.9470273852348328,-0.6763464212417603,0.0315201133489608,-0.8524122834205627,-0.3457516133785248,-0.3751810491085052,-0.3463981747627258,-0.5757886171340942,-1.3842178583145142,0.3457751870155334,-1.3975547552108765,0.4558988511562347,0.8039564490318298,0.1575430929660797,-3.200619697570801,0.7388768792152405,0.3827295303344726,-0.2725436687469482,0.3661411106586456,0.568893313407898,-0.6523470878601074
test_C6_00161,test_C6,C6,173,middle,1,middle,0.3598091136267213,0.5127119421958923,0.0475956983864307,0.7971330881118774,0.1552711725234985,0.2028669118881225,0.5596803774028591,0,0.2997541129589081,0.1817436963319778,-0.6233779191970825,-0.8617110252380371,-0.7613111734390259,0.5413433313369751,-0.6522059440612793,-0.8358850479125977,0.4263536930084228,-0.5092453956604004,0.5507522225379944,1.318162202835083,0.1887462437152862,-0.554152250289917,-0.3738966882228851,0.2826100289821625,0.350615918636322,0.3674742579460144,0.4027343392372131,0.3317583501338959,1.0039284229278564,-0.391274094581604,-0.4498687386512756,1.5385620594024658,0.7857083678245544,-0.2263421416282653,0.8473137617111206,-0.9817005395889282,-0.921061396598816,0.3189347088336944,-0.1305496543645858,-0.3188290297985077,-0.5127154588699341,0.654823362827301,-0.8406493067741394,0.9588797688484192,1.2088099718093872,0.4730119109153747,-0.6164537668228149,1.349677324295044,1.1671184301376345,-0.1962252557277679,0.3111724555492401,1.1372137069702148,0.2591196298599243
test_C6_00162,test_C6,C6,174,middle,1,middle,0.3612243078693654,0.5176573395729065,0.0507000982761383,0.7642463445663452,0.1850535869598388,0.2357536554336547,0.608826098023609,0,0.3101665377616882,0.1355688124895095,-0.628449559211731,-0.8780698180198669,-0.7766100168228149,0.5570260286331177,-0.7026492953300476,-0.8510001301765442,0.423264592885971,-0.3192364275455475,0.6160736680030823,1.4773318767547607,0.3083365857601166,-0.5352880358695984,-0.2874789834022522,0.2494950741529464,0.2963750064373016,0.3252964317798614,0.3711634576320648,0.2682949900627136,0.9826733469963074,-0.427755057811737,-0.3932364881038666,1.5470356941223145,-0.1265783458948135,-0.3604853749275207,0.8752262592315674,-0.981946349143982,-0.9990553855895996,0.2723677456378937,-0.0078764548525214,-0.2979776561260223,-0.5798686742782593,0.8614023923873901,-0.9279170036315918,0.871161162853241,1.5134276151657104,0.731994092464447,-0.8314233422279358,1.457121968269348,1.0698448419570925,-0.0752537697553634,0.3006705939769745,1.1385176181793213,0.5327202081680298
test_C6_00163,test_C6,C6,175,middle,1,middle,0.3626395020278692,0.5279541015625,0.0522677861154079,0.7151256203651428,0.2326066344976425,0.2848743796348572,0.6674569133724868,0,0.2843568623065948,0.1913181543350219,-0.6358976364135742,-0.8211108446121216,-0.7781692147254944,0.6056473255157471,-0.7041095495223999,-0.8512533903121948,0.2278701364994049,-0.3766241371631622,0.5669214725494385,1.2732529640197754,0.2069300264120102,-0.5628159642219543,-0.3500727415084839,0.2798000872135162,0.1687771677970886,0.3612922132015228,0.4057114124298095,0.3176780939102173,0.961661159992218,-0.4604520499706268,-0.3622531592845917,1.4883639812469482,0.0012158243916928,-0.3038040697574615,0.7405021786689758,-0.9117295742034912,-0.9247808456420898,0.3216420114040375,-0.355520635843277,-0.2771247327327728,-0.4333343207836151,0.7501048445701599,-0.7165171504020691,0.8962382078170776,1.279895305633545,0.5887711048126221,-0.6145527958869934,1.4262328147888184,1.1482304334640503,-0.1312389373779297,0.290663480758667,1.139248967170715,0.4168524742126465
test_C6_00164,test_C6,C6,176,middle,1,middle,0.3640546962705133,0.5201172828674316,0.052778273820877,0.7493579983711243,0.1978636980056762,0.2506420016288757,0.6299295196056085,0,0.2902170419692993,0.2556276619434356,-0.6536505818367004,-0.8241007328033447,-0.8066862225532532,0.6313294172286987,-0.7424571514129639,-0.8661093711853027,0.2949647009372711,-0.3004103302955627,0.6099610328674316,1.1727808713912964,0.3432419598102569,-0.6226494908332825,-0.3623297810554504,0.2928487658500671,0.2683566808700561,0.4018880128860473,0.4142922461032867,0.2919695973396301,0.9408877491950988,-0.3382341563701629,-0.2784302234649658,1.5128778219223022,-0.0327100232243537,-0.2163482904434204,0.7459051012992859,-0.94039386510849,-0.8557918071746826,0.3407075107097626,-0.2867614030838012,-0.2822657525539398,-0.3478957116603851,0.7424495220184326,-0.8050764203071594,0.8759767413139343,1.2452534437179563,0.402658611536026,-1.0472043752670288,1.4131605625152588,1.2321827411651611,-0.1113768815994262,0.2809454500675201,0.9713398218154908,0.210251584649086
test_C6_00165,test_C6,C6,177,middle,1,middle,0.365469890429017,0.5262582302093506,0.052412986755371,0.723976194858551,0.2236107736825943,0.276023805141449,0.6583960887230311,0,0.2747331857681274,0.3279581069946289,-0.6339116096496582,-0.8018382787704468,-0.8214693665504456,0.6370630264282227,-0.811104416847229,-0.8517513275146484,0.248886302113533,-0.4542567431926727,0.4998832941055298,1.2980207204818726,0.0830887779593467,-0.5949187874794006,-0.4469596445560455,0.3156261742115021,0.3821211755275726,0.4403601586818695,0.4569258391857147,0.426052451133728,0.92034912109375,-0.4402495622634887,-0.3420603573322296,1.412869215011597,0.0201860014349222,-0.1506198793649673,0.6965291500091553,-0.913003385066986,-0.9015184044837952,0.3977727890014648,-0.4149247407913208,-0.1902116984128952,-0.2407596707344055,0.7823402881622314,-0.5475634336471558,0.8228685855865479,1.2595521211624146,0.5762009620666504,-0.8285175561904907,1.4446841478347778,1.4187836647033691,-0.2112654000520706,0.2689497768878937,1.1769213676452637,0.4894532859325409
test_C6_00166,test_C6,C6,178,middle,1,middle,0.3668850845875208,0.5213652849197388,0.0519493147730827,0.7452495098114014,0.2028011977672577,0.2547504901885986,0.633840508466372,0,0.2748614549636841,0.3593589961528778,-0.6439324021339417,-0.753073513507843,-0.8094140291213989,0.654560923576355,-0.780863344669342,-0.8808791041374207,0.2482375055551529,-0.1556496918201446,0.5944235324859619,1.2700207233428955,0.3870876133441925,-0.5914798378944397,-0.3845067322254181,0.3183591663837433,0.4565140604972839,0.4409949779510498,0.4624830186367035,0.3858644664287567,0.9000412225723267,-0.3318418264389038,-0.2503293454647064,1.4134440422058103,-0.0348517186939716,-0.095441460609436,0.8275014758110046,-0.8166484832763672,-0.9345800280570984,0.4090358018875122,-0.4352605640888214,-0.1088541448116302,-0.1628183126449585,0.9290496706962584,-0.2760066092014313,0.8571194410324097,1.4386461973190308,0.5689057111740112,-0.6098802089691162,1.5958465337753296,1.4379364252090454,-0.0872679278254509,0.2597207129001617,1.1353555917739868,0.5067799687385559
test_C6_00167,test_C6,C6,179,middle,1,middle,0.368300278830165,0.5186871290206909,0.049498651176691,0.7675126791000366,0.182988703250885,0.2324873208999633,0.6031636115989354,0,0.263801246881485,0.5081174969673157,-0.625480592250824,-0.797931432723999,-0.8372785449028015,0.6410194635391235,-0.8655073642730713,-0.852238118648529,0.1808867454528808,-0.3259993195533752,0.5512902736663818,1.086807370185852,0.2837880551815033,-0.6332795023918152,-0.4199002385139465,0.3297071158885956,0.3196637034416199,0.4584915935993194,0.4803732335567474,0.4195098876953125,0.8799602389335632,-0.3989088237285614,-0.1592149436473846,1.3718138933181765,-0.0137650920078158,0.0245292428880929,0.6901401281356812,-0.9693569540977478,-0.8739169836044312,0.4301761090755462,-0.4377369880676269,-0.0337606333196163,-0.0685186982154846,0.7771731019020081,-0.351083904504776,0.8996697664260864,1.2157578468322754,0.5414661169052124,-0.8278952836990356,1.5301151275634766,1.630422830581665,-0.1941310167312622,0.2450710088014602,1.2123903036117554,0.510125458240509
test_C6_00168,test_C6,C6,180,middle,1,middle,0.3697154729886687,0.5068267583847046,0.0464386641979217,0.8170053958892822,0.1365559101104736,0.1829946041107177,0.5275377956025158,0,0.2641277611255646,0.4331464171409607,-0.6512973308563232,-0.7934380769729614,-0.8384573459625244,0.7036026120185852,-0.8720134496688843,-0.881039559841156,0.1781232804059982,-0.4286459386348724,0.4681217968463897,1.0450621843338013,0.0015834087971597,-0.6165342330932617,-0.4064851105213165,0.358689934015274,0.3384145498275757,0.4634904265403747,0.4921067357063293,0.3557681441307068,0.8601023554801941,-0.4844414889812469,-0.2700623273849487,1.397248387336731,-0.0098349722102284,0.04684654250741,0.4437271058559418,-0.969663143157959,-0.7179253101348877,0.4527642726898193,-0.4577201306819916,-0.1241227760910987,-0.0303151849657297,0.5649105906486511,-0.3194173276424408,0.757332444190979,1.0417224168777466,0.3712502419948578,-0.8269652724266052,1.2561694383621216,1.6642464399337769,-0.2404657453298568,0.2371981143951416,0.932022213935852,0.2860665619373321
test_C6_00169,test_C6,C6,181,middle,1,middle,0.3711306671471724,0.5020236372947693,0.0433064363896846,0.8383382558822632,0.1183552667498588,0.1616617441177368,0.4882190814791767,0,0.2494026124477386,0.5544903874397278,-0.6343641877174377,-0.836235523223877,-0.8396231532096863,0.7117044925689697,-0.9199455380439758,-0.8669163584709167,0.0921068862080574,-0.4152108430862427,0.4723034501075744,1.021998643875122,0.073011465370655,-0.6766120791435242,-0.4172791242599487,0.3782686591148376,0.4018997251987457,0.4975947439670563,0.5267668962478638,0.4378614723682403,0.8404638767242432,-0.5453991293907166,-0.1445921957492828,1.3732807636260986,0.0359124355018138,0.1760316789150238,0.4619344770908355,-0.9835907220840454,-0.6839637160301208,0.5016028881072998,-0.5297945737838745,-0.0199394319206476,0.0891812667250633,0.823735237121582,-0.1511304825544357,0.7421016097068787,1.1227877140045166,0.2562591433525085,-0.6065338850021362,1.4305185079574585,1.8222473859786987,-0.2664180696010589,0.2247682362794876,1.097211480140686,0.190013587474823
test_C6_00170,test_C6,C6,182,middle,1,middle,0.3725458613056763,0.4968989193439483,0.0418636538088321,0.8537665605545044,0.1043697744607925,0.1462334394454956,0.4584712926804439,0,0.2499864846467971,0.522007167339325,-0.6554211378097534,-0.8093365430831909,-0.827733039855957,0.7474966049194336,-0.8995214700698853,-0.8811964988708496,0.0451575368642807,-0.5060508251190186,0.4580618739128113,1.004876971244812,-0.0244503412395715,-0.7055384516716003,-0.4277871549129486,0.379700094461441,0.2978602051734924,0.4784532785415649,0.5113519430160522,0.3742909431457519,0.7992058396339417,-0.5917677283287048,-0.1291515529155731,1.419352412223816,-0.0591441988945007,0.1700678169727325,0.4446632266044616,-0.9702653288841248,-0.6755107045173645,0.48189777135849,-0.5317107439041138,-0.0051692416891455,0.1119666546583175,0.6568580269813538,-0.1390347778797149,0.6663882732391357,1.0337245464324951,0.2883199155330658,-1.0464106798171997,1.3839706182479858,1.7650152444839478,-0.3106739819049835,0.2161840498447418,1.047860860824585,0.2339192032814026
test_C6_00171,test_C6,C6,183,middle,1,middle,0.3739610554641798,0.4928957819938659,0.0421585254371166,0.8624527454376221,0.0953887104988098,0.1375472545623779,0.4416959684457593,0,0.310760498046875,-0.3877082467079162,-0.4979079365730285,-0.5946024656295776,-0.4268177151679992,0.1442680060863495,-0.2294876277446746,-0.6424757242202759,-0.3514172732830047,-0.7376331686973572,0.5822060704231262,0.6109451651573181,-0.3961174786090851,-0.7015795707702637,-0.2249553948640823,-0.5003271698951721,-0.5512204170227051,0.1651666462421417,-0.338217943906784,-0.118851214647293,1.2144362926483154,-0.5810330510139465,-0.5657445192337036,1.46200430393219,-2.0326404571533203,-0.6530066728591919,0.1106156483292579,-0.7010433673858643,-0.5519710183143616,-0.7861557602882385,-0.1369299739599228,-0.5476590991020203,-1.411433219909668,0.270088791847229,-1.0828174352645874,0.6257739663124084,0.954932451248169,0.3181211650371551,-1.485498070716858,0.6746333837509155,-0.0960252806544303,-0.1967867314815521,0.2753050327301025,0.2120857685804367,-0.6129523515701294
test_C6_00172,test_C6,C6,184,middle,1,middle,0.3753762497068241,0.496462881565094,0.0415554046630859,0.8582965731620789,0.1001480594277381,0.1417034268379211,0.4494581034694888,0,0.237396091222763,0.602663516998291,-0.6562723517417908,-0.8734989762306213,-0.8688471913337708,0.7736821174621582,-0.9839249849319458,-0.881350040435791,-0.0581621937453746,-0.5783358216285706,0.389670729637146,0.8572323322296143,-0.2198873460292816,-0.7328958511352539,-0.4048666357994079,0.3852725625038147,0.1448126137256622,0.4942370951175689,0.5173936486244202,0.4020025432109833,0.7180351614952087,-0.6494613885879517,-0.1328084170818328,1.380075216293335,1.902383089065552,0.1924251168966293,0.3491171896457672,-0.984257161617279,-0.63360595703125,0.4940010011196136,-0.6727050542831421,-0.0611858628690242,0.2117231339216232,0.5303518176078796,-0.2518125772476196,0.6613888740539551,0.8275829553604126,0.2531959414482116,-0.8194243311882019,1.264155030250549,1.768201231956482,-0.3633557856082916,0.1949393451213836,0.9324039220809937,0.2299889922142028
test_C6_00173,test_C6,C6,185,middle,1,middle,0.3767914438653277,0.4845648407936096,0.0384403131902217,0.886012077331543,0.0755476132035255,0.113987922668457,0.3892471262227427,0,0.250002920627594,0.6615179181098938,-0.6615672707557678,-0.8148394823074341,-0.8569918870925903,0.7881978154182434,-0.9576603174209596,-0.8814255595207214,0.0795451030135154,-0.571202278137207,0.3937142193317413,1.0009722709655762,-0.2022567391395568,-0.6538786292076111,-0.415628433227539,0.4050429463386535,0.3718183040618896,0.470075398683548,0.5358458161354065,0.339948445558548,0.6781079769134521,-0.6022064089775085,0.039225086569786,1.3969595432281494,0.017576090991497,0.342697262763977,0.4047960340976715,-0.9711442589759828,-0.5806818604469299,0.5248444080352783,-0.5543953776359558,0.1389548033475875,0.2993839383125305,0.5979605913162231,0.229035273194313,0.6079280972480774,1.0301474332809448,0.2913432121276855,-0.5968526005744934,1.3152387142181396,2.014472723007202,-0.3868522346019745,0.1854763478040695,0.8635403513908386,0.3211584985256195
test_C6_00174,test_C6,C6,186,middle,1,middle,0.3782066380238316,0.4740836024284363,0.0349080748856067,0.9065824151039124,0.0585095360875129,0.0934175848960876,0.338711487058455,0,0.2472900450229644,0.6582277417182922,-0.6749471426010132,-0.8393396139144897,-0.8452640771865845,0.8322930335998535,-0.9464938044548036,-0.881500244140625,0.0748767927289009,-0.4591913223266601,0.4231418669223785,0.8722208142280579,-0.0873987525701522,-0.6909074783325195,-0.3559491336345672,0.4314785301685333,0.2658301293849945,0.4808793067932129,0.5465781688690186,0.3267700672149658,0.4890494048595428,-0.6409657001495361,0.0015356744406744,1.43036150932312,0.0117557775229215,0.4171020984649658,0.3677295744419098,-0.9714309573173524,-0.6018106341362,0.5438627600669861,-0.6070439219474792,0.03509521484375,0.3862310647964477,0.6686654686927795,0.1195224300026893,0.6644898056983948,0.9198224544525146,0.263076514005661,-0.818898618221283,1.4609029293060305,2.1031911373138428,-0.3577453792095184,0.1692725270986557,0.8054718971252441,0.3241996467113495
test_C6_00175,test_C6,C6,187,middle,1,middle,0.3796218321823353,0.4701003432273865,0.0350962877273559,0.909369707107544,0.0555339679121971,0.090630292892456,0.3317725282199755,0,0.2615848481655121,0.6605200171470642,-0.6964889764785767,-0.8579553961753845,-0.9098278880119324,0.8247912526130676,-1.0199198722839355,-0.8815741539001465,0.1891343593597412,-0.3392120897769928,0.4591666460037231,0.9908063411712646,0.00466686533764,-0.5647746920585632,-0.3910741209983825,0.436295747756958,0.3254545032978058,0.4746013283729553,0.539474368095398,0.3609920442104339,0.3020128607749939,-0.4979712069034576,-0.0848186090588569,1.4117213487625122,-0.0506098195910453,0.3434207439422607,0.3004682064056396,-0.9849022030830384,-0.5527315139770508,0.5326712727546692,-0.4565949440002441,-0.0656556040048599,0.3514702916145324,0.6333546042442322,-0.1895287036895752,0.6217991709709167,0.9201678037643432,0.2409963607788086,-0.5951440334320068,1.4055423736572266,1.9505071640014648,-0.2896900177001953,0.1569132655858993,0.917574107646942,0.2590473592281341
test_C6_00176,test_C6,C6,188,middle,1,middle,0.3810370263408391,0.4645352959632873,0.0322307124733924,0.920158326625824,0.0476109609007835,0.079841673374176,0.3024123063402958,0,0.2549152076244354,0.7241088151931763,-0.7168869972229004,-0.8767256736755371,-0.9105706810951232,0.8351948261260986,-1.0272605419158936,-0.8816472887992859,0.1730264127254486,-0.6108477711677551,0.3684437870979309,0.8828379511833191,-0.2441004812717437,-0.6119016408920288,-0.425287127494812,0.4795987010002136,0.2981349527835846,0.5454360842704773,0.5687622427940369,0.4176712334156036,0.0746890157461166,-0.7268901467323303,0.0407794117927551,1.4293396472930908,0.0631793662905693,0.4753092527389526,0.2146141678094864,-0.9982301592826844,-0.5305213332176208,0.5793097615242004,-0.542779803276062,-0.0012694109464064,0.485149472951889,0.5513088703155518,0.0691510811448097,0.4167425036430359,0.8088496923446655,0.3971262574195862,-0.5948989391326904,1.2861229181289673,2.071216344833374,-0.4502065181732178,0.1435100138187408,0.805749773979187,0.5360991954803467
test_C6_00177,test_C6,C6,189,middle,1,middle,0.3824522205834832,0.460752010345459,0.0317655280232429,0.9241228699684144,0.0441116169095039,0.0758771300315857,0.2914292181329888,0,0.2567605972290039,0.7636809349060059,-0.7008985877037048,-0.8732772469520569,-0.9238656163215636,0.8685300350189209,-1.0256096124649048,-0.8681186437606812,0.1794373840093612,-0.5616969466209412,0.3761656582355499,0.8756357431411743,-0.220872163772583,-0.5123028755187988,-0.4816355109214782,0.4672853946685791,0.2337550073862075,0.5492214560508728,0.5731199383735657,0.4029213488101959,-0.0030425647273659,-0.7331984043121338,-0.1221686080098152,1.4251843690872192,-0.006183385848999,0.5172932744026184,0.18816539645195,-0.9983689188957214,-0.5334816575050354,0.5829309821128845,-0.5445563197135925,-0.0883594378829002,0.5386038422584534,0.622138500213623,-0.0402324981987476,0.501171350479126,0.842379629611969,0.2364210933446884,-0.5946557521820068,1.3717583417892456,2.03229022026062,-0.4365511238574981,0.1344681680202484,1.17548668384552,0.3334379494190216
test_C6_00178,test_C6,C6,190,middle,1,middle,0.3842404922043516,0.4566036462783813,0.0299074221402406,0.9306659698486328,0.0394266657531261,0.0693340301513671,0.2724493171237812,0,0.2476541846990585,0.958772361278534,-0.7176826596260071,-0.8886281251907349,-0.9245266318321228,0.8844683766365051,-1.0197159051895142,-0.8817912340164185,0.2101596444845199,-0.4894090294837951,0.3503533899784088,0.9742350578308104,-0.1991293281316757,-0.3066672384738922,-0.6049517393112183,0.524483323097229,0.3588427305221557,0.6253020763397217,0.6369416117668152,0.596583366394043,-0.1008719280362129,-0.7104310989379883,0.0905348435044288,1.381267786026001,0.1809392422437667,0.8229469656944275,0.2486880421638488,-0.9985063076019288,-0.5268393158912659,0.6874092817306519,-0.6792051792144775,0.1405071020126342,0.7882819175720215,0.7436930537223816,0.4203665554523468,0.5142751336097717,0.8694515228271484,0.1804030388593673,-0.594414472579956,1.5126891136169434,2.291206359863281,-0.4790059924125671,0.1232690662145614,1.7644211053848269,0.3951863944530487
test_C6_00179,test_C6,C6,191,middle,1,middle,0.3864018412875842,0.4520258009433746,0.0298924688249826,0.9336552619934082,0.0364522002637386,0.0663447380065918,0.2637338765306974,0,0.2374667972326278,0.9871288537979126,-0.7330532073974609,-0.8506300449371338,-0.9251807928085328,0.9315736889839172,-1.017828345298767,-0.8818620443344116,0.1103558838367462,-0.8242340683937073,0.2715620100498199,0.5136628150939941,-0.4551145136356354,-0.5354253649711609,-0.4965992271900177,0.5407745838165283,0.0799204260110855,0.6512981653213501,0.6421404480934143,0.4395753741264343,-0.1352573931217193,-0.8681051135063171,0.2084871083498001,1.4171055555343628,0.0152410631999373,0.8605281710624695,-0.112224131822586,-0.9728192687034608,-0.2237317860126495,0.6930288076400757,-0.79591965675354,0.1066346913576126,0.8958941102027893,0.4155589938163757,0.4075402319431305,0.3645195662975311,0.4133360087871551,-0.1461052000522613,-0.819463849067688,1.134812355041504,2.3062756061553955,-0.6403064727783203,0.1063678413629531,0.8618298172950745,-0.0094275642186403
test_C6_00180,test_C6,C6,192,middle,1,middle,0.3889362679173217,0.4491161704063415,0.0282541569322347,0.9387460947036744,0.0329997725784778,0.0612539052963256,0.2482020651097172,0,0.2269022613763809,1.1461228132247925,-0.7044958472251892,-0.8987548351287842,-0.9381918907165528,0.9449729323387146,-1.0275224447250366,-0.8685436844825745,0.069810502231121,-0.9276778697967528,0.2022784501314163,0.4165031909942627,-0.6321816444396973,-0.6190173625946045,-0.4822341203689575,0.5659601092338562,0.284621387720108,0.6974553465843201,0.6796224117279053,0.4474257826805115,-0.169284701347351,-1.0098559856414795,0.2273037880659103,1.375250220298767,0.1254844814538955,1.0102827548980713,-0.2043031156063079,-0.99877667427063,-0.1463716775178909,0.7480476498603821,-0.8292266130447388,0.2129222452640533,1.043936252593994,0.4035894572734833,0.7125245928764343,0.3812026977539062,0.3004044890403747,-0.2507317960262298,-0.5927478075027466,1.0637372732162476,2.417123317718506,-0.722848117351532,0.0982647836208343,0.7875100374221802,-0.0759017169475555
test_C6_00181,test_C6,C6,193,middle,1,middle,0.3918437719252833,0.4550849497318268,0.0272410716861486,0.9382440447807312,0.0345148667693138,0.0617559552192688,0.249540794545937,0,0.2594657242298126,0.8120983242988586,-1.5297976732254028,-1.1198432445526123,-1.0371662378311155,0.0078384289517998,-1.3621565103530884,-0.882001519203186,0.0104281995445489,-0.7298707962036133,0.3450795114040375,0.5071035027503967,-0.4058559536933899,-0.4235622882843017,0.0783109739422798,0.5743687152862549,-0.1172577664256095,0.5358916521072388,0.4275525510311126,0.8173109292984009,0.8677667379379272,-1.0031366348266602,-0.0804895907640457,1.2339074611663818,0.0084916921332478,0.6760419011116028,-0.0855520144104957,-0.9989097714424132,0.1304824501276016,0.7142155766487122,-0.5841846466064453,-0.4738581776618957,-0.4013731777667999,0.4623179733753204,-0.3512589335441589,0.2551962435245514,0.4139661490917206,0.2114512920379638,3.431673765182495,1.1218124628067017,2.596428394317627,-0.5230037569999695,0.1678207367658615,0.8795543909072876,-0.2619738578796386
test_C6_00182,test_C6,C6,194,middle,1,middle,0.3951243534797499,0.4501535594463348,0.0263147298246622,0.942637026309967,0.0310482196509838,0.0573629736900329,0.2359472517561085,0,0.2384029179811477,1.1296343803405762,-1.5231671333312988,-1.151445984840393,-1.0249933004379272,0.1671617329120636,-1.314456820487976,-0.8820701837539673,0.1579217910766601,-0.8846241235733032,0.2413593381643295,0.4816863238811493,-0.4786937236785888,-0.4323659837245941,-0.5315443277359009,0.7438129186630249,0.2645592391490936,0.6723088622093201,0.610950767993927,0.4318864643573761,0.3372860550880432,-0.9951035380363464,-0.3509956300258636,1.3219854831695557,0.5364879965782166,1.131052851676941,0.0898642912507057,-0.9990415573120116,-0.1363913565874099,1.0018218755722046,-0.7809284329414368,-0.2378104329109192,0.2242638617753982,0.4984383583068847,0.320737212896347,0.4360355138778686,0.3695613443851471,0.2336263656616211,-1.283866286277771,1.2006548643112185,2.736600637435913,-0.717417299747467,0.1233187988400459,0.7690495848655701,0.1180075630545616
test_C6_00183,test_C6,C6,195,middle,1,middle,0.3987780124965807,0.4485146999359131,0.0254852380603551,0.9452881217002868,0.0292265750467777,0.0547118782997131,0.2275208519359309,0,0.2537270486354828,1.1562371253967283,-1.4915817975997925,-1.1201075315475464,-1.0129451751708984,0.2213587313890457,-1.293624758720398,-0.8821381330490112,0.2903739213943481,-0.8800482749938965,0.2545621991157532,0.5987704992294312,-0.451336145401001,-0.2821552753448486,-0.5389984250068665,0.7209816575050354,0.2955604493618011,0.6878719329833984,0.6028645634651184,0.4846729040145874,0.0975619778037071,-1.0482118129730225,-0.192351147532463,1.3551419973373413,-0.0151812098920345,1.167787790298462,0.1097795814275741,-0.986525297164917,-0.200187399983406,0.9678261876106262,-0.7166872024536133,-0.0876923575997352,0.3459057211875915,0.5430755615234375,0.4712674617767334,0.4597315788269043,0.4277433753013611,0.2970897853374481,-0.8327255249023438,1.2433407306671145,2.727216482162476,-0.7288532257080078,0.1095989495515823,0.924155294895172,0.2609029710292816
test_C6_00184,test_C6,C6,196,middle,1,middle,0.4028047489757763,0.4448868334293365,0.0247874539345502,0.9481108784675598,0.0271016638725996,0.0518891215324401,0.2184170848609933,0,0.243427887558937,1.2001978158950806,-1.4551620483398438,-1.1486274003982544,-1.025243043899536,0.2461958974599838,-1.293750524520874,-0.8822053670883179,0.2342944145202636,-0.7858158349990845,0.2123833298683166,0.6236807107925415,-0.5467749834060669,-0.1853804737329483,-0.6354079842567444,0.7266137003898621,0.2391183972358703,0.7022388577461243,0.6164628863334656,0.5358131527900696,-0.0586130544543266,-1.0387552976608276,-0.213229551911354,1.3676793575286863,0.0774314254522323,1.2457996606826782,0.0462111346423625,-0.9993009567260742,-0.202825590968132,0.9686395525932312,-0.765821635723114,-0.0629392638802528,0.4411032497882843,0.4843903481960296,0.6886818408966064,0.4826329946517944,0.4291368424892425,0.380646139383316,-1.0568667650222778,1.209392786026001,2.7723476886749268,-0.7133263349533081,0.0987756252288818,0.9732340574264526,0.4163675010204315
test_C6_00185,test_C6,C6,197,middle,1,middle,0.4068314854549716,0.4460882246494293,0.0239858943969011,0.949399471282959,0.0266146454960107,0.050600528717041,0.2141656491020625,0,0.2577663958072662,1.2002146244049072,-1.437488675117493,-1.1198933124542236,-1.0374159812927246,0.2821665704250335,-1.2972402572631836,-0.882271945476532,0.422519326210022,-0.7062631845474243,0.229854017496109,0.7199363708496094,-0.4410276114940643,-0.1301582604646682,-0.5956742167472839,0.7268231511116028,0.369039237499237,0.6791987419128418,0.606963574886322,0.5187503099441528,-0.1728569567203521,-0.9513185620307922,-0.1463430821895599,1.328152418136597,-0.005155093036592,1.248502254486084,0.1101248189806938,-0.9869104623794556,-0.3495124578475952,0.9322108626365662,-0.6862881779670715,-0.0166854355484247,0.5263544321060181,0.5945364832878113,0.7719959616661072,0.5455426573753357,0.4686943888664245,0.515713632106781,-1.0553261041641235,1.34925377368927,2.709939479827881,-0.6965147256851196,0.0871530994772911,1.1451901197433472,0.6273521780967712
test_C6_00186,test_C6,C6,198,middle,1,middle,0.4108582219341671,0.4421637058258056,0.0237183403223752,0.9511116743087769,0.0251700449734926,0.0488883256912231,0.2085306154471854,0,0.2536243200302124,1.2400866746902466,-1.4175183773040771,-1.071422457695007,-1.0374767780303955,0.3434798419475555,-1.2914410829544067,-0.8823378682136536,0.4380453526973724,-0.7913052439689636,0.1853249818086624,0.5229009985923767,-0.5466528534889221,-0.0697215944528579,-0.6453167796134949,0.74690842628479,0.4258323609828949,0.7039183974266052,0.6309783458709717,0.6124504804611206,-0.18559230864048,-1.001064658164978,0.0440461486577987,1.3148175477981567,0.1274546235799789,1.308510184288025,0.1458205431699752,-0.9621901512145996,-0.3244977295398712,0.9554588794708252,-0.719139575958252,0.2113598436117172,0.6796810626983643,0.5426136255264282,1.0053852796554563,0.6938351392745972,0.2845386266708374,0.5659476518630981,-0.8277387022972107,1.2156435251235962,2.795817852020264,-0.7527195811271667,0.0759093314409256,1.1124050617218018,0.7720233798027039
test_C6_00187,test_C6,C6,199,middle,1,middle,0.4148849584133625,0.4410771429538727,0.0231188479810953,0.9525207281112672,0.0243604928255081,0.0474792718887329,0.2038200511024792,0,0.2445366978645324,1.2179999351501465,-1.359458088874817,-1.0624818801879885,-1.0375370979309082,0.3446724116802215,-1.321885108947754,-0.8694855570793152,0.3077906370162964,-0.6939058899879456,0.1915630549192428,0.440984845161438,-0.5298196077346802,-0.173092246055603,-0.5838529467582703,0.7049795389175415,0.3225228786468506,0.6856585144996643,0.6086313128471375,0.5058215856552124,-0.258109837770462,-1.0624953508377075,-0.1306925565004348,1.286401629447937,-0.0624618306756019,1.180978298187256,0.1467296481132507,-0.9625030755996704,-0.2761635780334472,0.8965079188346863,-0.7992411255836487,0.1171983554959297,0.651076078414917,0.5106627941131592,0.8513675332069397,0.6032401323318481,0.252787172794342,0.445149302482605,-1.0535171031951904,1.2114686965942385,2.6633739471435547,-0.7103480696678162,0.0637722611427307,1.0266038179397583,0.5748218297958374
test_C6_00188,test_C6,C6,200,middle,1,middle,0.4189116948925581,0.4396816492080688,0.0229446738958358,0.9533286094665528,0.0237267445772886,0.0466713905334472,0.2011072183053217,0,0.2493239492177963,1.1566381454467771,-1.3628361225128174,-1.049336075782776,-1.0375967025756836,0.4013577997684479,-1.3328946828842163,-0.8824676871299744,0.3577643632888794,-0.6848804354667664,0.1871872991323471,0.5240015983581543,-0.5382915735244751,-0.0087774600833654,-0.611469566822052,0.7332321405410767,0.4209678173065185,0.6942248940467834,0.620989203453064,0.5988037586212158,-0.3100319802761078,-1.0648201704025269,0.1086862161755561,1.29268479347229,0.0917181074619293,1.2324678897857666,0.0734651163220405,-0.9628129005432128,-0.2039965242147445,0.9040578603744508,-0.752295196056366,0.2120888978242874,0.7147466540336609,0.5548469424247742,1.0101113319396973,0.5556371808052063,0.3319398462772369,0.4455733895301819,-0.8248687386512756,1.26574444770813,2.742351055145264,-0.7192379236221313,0.0555363073945045,1.0615776777267456,0.5955533981323242
test_C6_00189,test_C6,C6,201,middle,1,middle,0.4229384313717534,0.4409306049346924,0.0225692894309759,0.9536187052726746,0.0238120462745428,0.0463812947273254,0.2001175622305057,0,0.2615281343460083,1.1799904108047483,-1.3430863618850708,-1.0488604307174685,-1.0376557111740112,0.3985841572284698,-1.317612886428833,-0.8825316429138184,0.4839513003826141,-0.563235878944397,0.2133138179779052,0.6583155393600464,-0.4226176142692566,0.1463222801685333,-0.6597691178321838,0.7190754413604736,0.5282106399536133,0.6848810315132141,0.6129493117332458,0.6020418405532837,-0.3218947947025299,-1.0075539350509644,0.0307070054113864,1.305891752243042,0.0239969659596681,1.2138322591781616,0.1753810495138168,-0.9753887057304382,-0.2094546556472778,0.879795491695404,-0.6587095260620117,0.1727297604084015,0.7522083520889282,0.5574111938476562,1.0723507404327393,0.6113047003746033,0.3527009785175323,0.4288593530654907,-0.8240438103675842,1.274139165878296,2.654860734939575,-0.6904517412185669,0.0492576621472835,1.4714761972427368,0.5838667154312134
test_C6_00190,test_C6,C6,202,middle,1,middle,0.4269651678509489,0.4396722018718719,0.0224872659891843,0.9541447758674622,0.0233679488301277,0.0458552241325378,0.1983423554563168,0,0.2593656182289123,1.196984887123108,-1.3150144815444946,-1.034854531288147,-1.0377142429351809,0.4118510484695434,-1.3253220319747925,-0.8825949430465698,0.4247492849826813,-0.6141452789306641,0.1769175380468368,0.6293060183525085,-0.5742331743240356,0.1153258606791496,-0.6634213924407959,0.698611319065094,0.4398048222064972,0.6935296058654785,0.6040326356887817,0.5836385488510132,-0.3533136248588562,-1.012079834938049,0.0863313227891922,1.298485279083252,-0.0150112230330705,1.1839252710342407,0.1421782821416854,-0.9756316542625428,-0.2446862757205963,0.8455379605293274,-0.6910468935966492,0.2014295011758804,0.7827914357185364,0.5002890229225159,0.995126247406006,0.6543428301811218,0.3371544480323791,0.4928408861160278,-1.0514798164367676,1.2315022945404053,2.656049489974976,-0.7146799564361572,0.0367056839168071,1.3678970336914062,0.6682388186454773
test_C6_00191,test_C6,C6,203,middle,1,middle,0.4309919042460039,0.4423034191131592,0.0225329063832759,0.953206181526184,0.0242609065026044,0.0467938184738159,0.2014973351852057,0,0.2844678163528442,1.1996302604675293,-1.286266565322876,-1.027734637260437,-1.0377720594406128,0.3998557329177856,-1.332263469696045,-0.8826576471328735,0.6217745542526245,-0.4085549414157867,0.2533656656742096,0.8034189939498901,-0.3159589469432831,0.3128408193588257,-0.7095617651939392,0.6648282408714294,0.5902087688446045,0.677440345287323,0.5938039422035217,0.6513246297836304,-0.3844228982925415,-0.9636173844337464,0.1422111541032791,1.2889554500579834,-0.000113242844236,1.2033672332763672,0.3598649501800537,-0.9758722186088562,-0.3803204894065857,0.8186770081520081,-0.3188283145427704,0.3028092384338379,0.8027442693710327,0.7238402366638184,1.0837445259094238,0.751119077205658,0.4743868112564087,0.7051163911819458,-0.8212287425994873,1.527712106704712,2.6409571170806885,-0.6530599594116211,0.0311326794326305,1.5436838865280151,0.9332446455955504
test_C6_00192,test_C6,C6,204,middle,1,middle,0.4350186407251992,0.4395731389522552,0.0230220668017864,0.9528829455375672,0.0240950193256139,0.0471170544624328,0.2026050218938007,0,0.2678208649158478,0.3889161646366119,-1.025467872619629,-0.90882670879364,-0.9098278880119324,0.0302592609077692,-1.0417685508728027,-0.756710410118103,-0.1959467679262161,-0.7782018780708313,0.3221187591552734,0.479276180267334,-0.5582131147384644,-0.5141719579696655,-0.435359925031662,0.0762630030512809,-0.2147349417209625,0.4446865916252136,0.0953572317957878,-0.0105082131922245,0.792569637298584,-0.9955363273620604,-0.446021169424057,1.185088276863098,-2.148329973220825,0.2529995143413543,0.0814638286828994,-0.8673123121261597,-0.1247710436582565,-0.0682096034288406,-0.6309995651245117,-0.4480384886264801,-0.4032165706157684,0.3637630045413971,-0.2543139457702636,0.3772472143173218,0.4680459201335907,0.3211729824542999,-3.100614547729492,0.9487259984016418,1.2225168943405151,-0.5854264497756958,0.103001169860363,0.3150489330291748,-0.2757165431976318
test_C6_00193,test_C6,C6,205,middle,1,middle,0.4390453772043946,0.4451496303081512,0.0229950435459613,0.951297163963318,0.0257077757269144,0.0487028360366821,0.207862742727434,0,0.2800370156764984,1.1954606771469116,-1.2366516590118408,-0.9424769282341005,-1.026306390762329,0.401485413312912,-1.277530074119568,-0.8827812075614929,0.5411404967308044,-0.2436025738716125,0.2727139294147491,0.6768474578857422,-0.2469717115163803,0.2758266627788543,-0.6563789248466492,0.6415549516677856,0.5609871745109558,0.6836190223693848,0.5828084945678711,0.6249658465385437,-0.4069598019123077,-0.8570371270179749,0.1185609549283981,1.2631744146347046,2.1044936180114746,1.2281404733657837,0.299927294254303,-0.8801085948944092,-0.2599751651287079,0.7882057428359985,-0.4474562108516693,0.335854023694992,0.8505628108978271,0.6870862245559692,1.0372315645217896,0.7021214365959167,0.4630365073680877,0.5663260221481323,-1.0353842973709106,1.4428799152374268,2.6232824325561523,-0.6087558269500732,0.0155109288170933,1.278038501739502,0.7591755390167236
test_C6_00194,test_C6,C6,206,middle,1,middle,0.4430721135994497,0.4427049458026886,0.0235238876193761,0.9508492350578308,0.0256268065422773,0.0491507649421691,0.2093828991640477,0,0.2822694182395935,1.162627100944519,-1.2460603713989258,-0.9415972828865052,-1.026418924331665,0.4634159803390503,-1.2755261659622192,-0.8828420639038086,0.5318580865859985,-0.2538040280342102,0.2579680681228637,0.717982828617096,-0.3099390268325805,0.3033167421817779,-0.6389889717102051,0.6448612213134766,0.5319103598594666,0.6821696162223816,0.5749981999397278,0.5640856623649597,-0.4180641770362854,-0.8485664129257202,0.0880962014198303,1.2546091079711914,0.0422151871025562,1.171129584312439,0.2789266109466553,-0.8808093667030334,-0.2696166038513183,0.773253858089447,-0.4342276751995086,0.2244462221860885,0.8984184861183167,0.7500244975090027,0.9289978742599488,0.6240256428718567,0.440620481967926,0.5221701860427856,-1.033977746963501,1.4224374294281006,2.5621554851531982,-0.6130767464637756,0.0095944013446569,1.2816680669784546,0.7141646146774292
test_C6_00195,test_C6,C6,207,middle,1,middle,0.4470988500786451,0.4468312561511993,0.0238037593662738,0.9485948085784912,0.0276014450937509,0.0514051914215087,0.2167490171325663,0,0.2866486310958862,1.1579954624176023,-1.2198325395584106,-0.9282119870185852,-1.0265302658081057,0.5013347268104553,-1.2648403644561768,-0.8829023241996765,0.5588115453720093,-0.1759860515594482,0.2469073981046676,0.5793403387069702,-0.3469800949096679,0.2937601506710052,-0.5803436040878296,0.6384814977645874,0.5962233543395996,0.6779285669326782,0.5813663005828857,0.5471224188804626,-0.4098629653453827,-0.9188176393508912,0.3103459477424621,1.225334644317627,0.0676548555493354,1.1952807903289795,0.233142003417015,-0.8695898652076721,-0.1390120983123779,0.772116482257843,-0.3448911905288696,0.4177606999874115,0.9581980109214784,0.6507036685943604,1.151768922805786,0.551740825176239,0.2939865291118622,0.3900469541549682,-0.8028968572616577,1.2874175310134888,2.621016025543213,-0.6012178063392639,0.0060807182453572,0.9908822178840636,0.5674902200698853
test_C6_00196,test_C6,C6,208,middle,1,middle,0.4511255865578406,0.446054607629776,0.0243386961519718,0.9481141567230223,0.0275470912456512,0.0518858432769775,0.2183628575024725,0,0.2864554822444916,1.179426908493042,-1.234162449836731,-0.8932725787162781,-1.0038150548934937,0.4935732781887054,-1.239924430847168,-0.8829620480537415,0.5359621644020081,-0.1857072412967682,0.2455305159091949,0.5538265109062195,-0.35134357213974,0.3924080431461334,-0.6690161228179932,0.6585615873336792,0.7366734147071838,0.6763015985488892,0.5935437083244324,0.5933369398117065,-0.3826346695423126,-0.904279351234436,0.1956642419099807,1.2746413946151731,0.1703763157129287,1.280112862586975,0.3179594576358795,-0.8347658514976501,-0.1666014790534973,0.7958227396011353,-0.3929783701896667,0.3956528007984161,1.0031198263168335,0.5488876104354858,1.2705745697021484,0.6403954029083252,0.2923482954502105,0.4877927601337433,-1.0323890447616575,1.2295995950698853,2.6337265968322754,-0.6217577457427979,0.0055368267931044,1.2413266897201538,0.7078132033348083
test_C6_00197,test_C6,C6,209,middle,1,middle,0.455152323037036,0.4516468644142151,0.0244875811040401,0.9448050260543824,0.0307074673473835,0.0551949739456176,0.2288737689201779,0,0.2878088057041168,1.1841044425964355,-1.2308146953582764,-0.8321854472160339,-0.9926753640174866,0.5005512833595276,-1.21171772480011,-0.8830211758613586,0.5469242930412292,-0.2842120826244354,0.2008517980575561,0.6723825335502625,-0.5019220113754272,0.3100642263889313,-0.6721591353416443,0.6697311401367188,0.5186018943786621,0.6963130235671997,0.6026107668876648,0.6172693967819214,-0.4507396519184112,-0.929269552230835,0.3561859726905823,1.218324065208435,0.1065791323781013,1.3005865812301636,0.2453019320964813,-0.8120745420455933,-0.130291074514389,0.8020765781402588,-0.3953016400337219,0.4637507200241089,1.064556121826172,0.5328917503356934,1.1885889768600464,0.4699400067329407,0.3855167627334595,0.3982150852680206,-0.8002686500549316,1.2175343036651611,2.6729636192321777,-0.6751407980918884,-0.0060137170366942,1.1098262071609497,0.6183738708496094
test_C6_00198,test_C6,C6,210,middle,1,middle,0.4591790595162315,0.4513644278049469,0.0248594842851161,0.944311261177063,0.0308292396366596,0.055688738822937,0.2304872973267909,0,0.2984894514083862,1.1462010145187378,-1.2227058410644531,-0.8082569241523743,-1.0381618738174438,0.5059699416160583,-1.23160982131958,-0.8830797672271729,0.6147075891494751,-0.2648732364177704,0.2296047657728195,0.7245340943336487,-0.3989637494087219,0.3841181695461273,-0.6751711368560791,0.6512236595153809,0.5918081998825073,0.6811745166778564,0.5944530367851257,0.6197700500488281,-0.4614240229129791,-0.9541829228401184,0.2491399943828582,1.2009130716323853,0.0269733779132366,1.2689476013183594,0.3008090853691101,-0.8013426065444946,-0.1274882107973098,0.7839858531951904,-0.2172507047653198,0.3741743266582489,1.0571649074554443,0.63468337059021,1.206707000732422,0.5093201398849487,0.3065648078918457,0.522041380405426,-1.0308297872543335,1.338434100151062,2.6330373287200928,-0.6676051020622253,-0.011065280996263,1.2381062507629397,0.7573619484901428
test_C6_00199,test_C6,C6,211,middle,1,middle,0.4632057959954269,0.4566443562507629,0.0251500885933637,0.940945029258728,0.0339049026370048,0.0590549707412719,0.2408873125755953,0,0.2969884872436523,1.2018262147903442,-1.2253226041793823,-0.7885964512825012,-1.0382155179977417,0.5090509057044983,-1.239084243774414,-0.8831377625465393,0.6129695773124695,-0.1584950983524322,0.2346097379922866,0.7143282890319824,-0.3465997874736786,0.5403551459312439,-0.6984166502952576,0.6767673492431641,0.6914114952087402,0.6928808093070984,0.6171643137931824,0.6016734838485718,-0.4720071256160736,-0.9052577018737792,0.3163230717182159,1.191762924194336,0.2044883519411087,1.353889226913452,0.428436279296875,-0.7907124757766724,-0.1967712342739105,0.8162066340446472,-0.2503010034561157,0.4757175743579864,1.1439850330352783,0.6719809770584106,1.3621240854263306,0.6329843401908875,0.3900038003921509,0.5437598824501038,-1.0294700860977173,1.3061875104904177,2.766063451766968,-0.6582228541374207,-0.0178194846957921,1.0826101303100586,0.8275727033615112
test_C6_00200,test_C6,C6,212,middle,1,middle,0.4672325324746222,0.4596397876739502,0.0258291419595479,0.9374008178710938,0.0367699861526489,0.0625991821289062,0.2516715580925784,0,0.3153117597103119,1.1427676677703855,-1.2046072483062744,-0.7380911111831665,-1.0158737897872925,0.5253783464431763,-1.1950881481170654,-0.8831952214241028,0.712250828742981,0.1562879532575607,0.2756189703941345,0.7817524671554565,-0.2295502424240112,0.5827885270118713,-0.720818042755127,0.6484765410423279,0.7295783162117004,0.7334446907043457,0.6001241207122803,0.6656013131141663,-0.4824903607368469,-0.7868441343307495,0.3807103931903839,1.174018144607544,-0.0190258026123046,1.3082704544067385,0.4725322723388672,-0.7801825404167175,-0.1407275199890136,0.7797035574913025,-0.1341639757156372,0.5331214666366577,1.10987651348114,0.7441257834434509,1.4343864917755127,0.588738739490509,0.5511144995689392,0.4156256020069122,-0.7958173751831055,1.4478503465652466,2.683041572570801,-0.5414977669715881,-0.0239247307181358,1.2467714548110962,0.6253113150596619
test_C6_00201,test_C6,C6,213,middle,1,middle,0.4712592689538178,0.4659953713417053,0.0265847761183977,0.931613028049469,0.0418022312223911,0.068386971950531,0.2686492786864046,0,0.3054783940315246,1.175370693206787,-1.2101927995681765,-0.7926898002624512,-1.0383211374282837,0.5650895237922668,-1.2412172555923462,-0.8832521438598633,0.6379193067550659,0.1259091794490814,0.2533522546291351,0.6699668169021606,-0.2748607695102691,0.5111517310142517,-0.6821306943893433,0.6671576499938965,0.6305875182151794,0.7504568099975586,0.6204596757888794,0.6666406393051147,-0.492875188589096,-0.800622284412384,0.400269478559494,1.1673647165298462,0.1985785216093063,1.32309091091156,0.2621623873710632,-0.8044852018356323,-0.0545298680663108,0.8097058534622192,-0.1821116805076599,0.5142332911491394,1.194623351097107,0.7191351652145386,1.2885339260101318,0.501547634601593,0.3788246214389801,0.3912859857082367,-0.7951129674911499,1.3989840745925903,2.7183125019073486,-0.5691655874252319,-0.0315893106162548,1.1224969625473022,0.6364641785621643
test_C6_00202,test_C6,C6,214,middle,1,middle,0.4752860054330132,0.4753658473491668,0.0281982999294996,0.9219359755516052,0.0498656779527664,0.0780640244483947,0.2958990281971185,0,0.3216673731803894,1.179093360900879,-1.2058897018432615,-0.7713478803634644,-1.0383732318878174,0.5531155467033386,-1.247886300086975,-0.8833085298538208,0.7573245763778687,0.3318217992782593,0.2678833603858948,0.7881642580032349,-0.2125840038061142,0.8303271532058716,-0.784419059753418,0.650955855846405,0.7191910147666931,0.7234485149383545,0.6081045866012573,0.7077497243881226,-0.5217332243919373,-0.7425010800361633,0.5239771604537964,1.145195245742798,0.017946820706129,1.3015539646148682,0.5170590281486511,-0.7824655771255493,-0.1447429209947586,0.7817631363868713,-0.0968755260109901,0.5923952460289001,1.1934245824813845,0.7737927436828613,1.2978336811065674,0.5858356952667236,0.4580498337745666,0.5918461084365845,-1.0277963876724243,1.496553897857666,2.7429842948913574,-0.5023384094238281,-0.0363242700695991,1.4823824167251587,0.8778684139251709
test_C6_00203,test_C6,C6,215,middle,1,middle,0.4793127419122085,0.4687154591083526,0.027558721601963,0.9292997121810912,0.0431416220963001,0.0707002878189086,0.275548523241305,0,0.2755131423473358,0.0370980948209762,-0.746688187122345,-0.820101261138916,-0.806560754776001,0.0737765133380889,-0.9027690291404724,-0.6442397832870483,-0.5070904493331909,-1.01786470413208,0.2998927533626556,0.4576282501220703,-0.8147733211517334,-0.5693774819374084,-0.2055886685848236,-0.325565367937088,-0.5278998017311096,0.2736794650554657,-0.1907693743705749,-0.0572492778301239,0.7065832018852234,-1.1269820928573608,-0.5277078747749329,1.2237476110458374,-4.274178504943848,-0.2480299174785614,-0.0883654952049255,-0.8294718861579895,-0.0934384986758232,-0.5958590507507324,-0.7317434549331665,-0.5072463154792786,-0.62032550573349,0.2615959644317627,-0.3830017149448395,0.2009949088096618,0.4831572771072387,0.081414557993412,-1.9601342678070068,0.7840689420700073,0.2638980746269226,-0.6594309210777283,0.0567367151379585,0.0734179988503456,-0.7376237511634827
test_C6_00204,test_C6,C6,216,middle,1,middle,0.4833394783072636,0.4919394254684448,0.0315979272127151,0.8966456651687622,0.0717563703656196,0.1033543348312377,0.3604728799165541,0,0.3230348527431488,1.2151278257369995,-1.1867241859436035,-0.7927935719490051,-1.0384758710861206,0.5551316738128662,-1.246656894683838,-0.8834197521209717,0.811836838722229,0.280884176492691,0.2505915462970733,0.7132859230041504,-0.2075278162956237,0.9061243534088136,-0.8149555325508118,0.6624435782432556,0.856461763381958,0.7511159777641296,0.6321230530738831,0.7415316104888916,-0.5418510437011719,-0.7694411277770996,0.4464883506298065,1.1662498712539673,4.453408241271973,1.4097301959991455,0.4365669786930084,-0.8075404763221741,-0.1356898099184036,0.8242926001548767,-0.0895013213157653,0.5604925155639648,1.292920470237732,0.6924540996551514,1.436177134513855,0.5481773018836975,0.3035951554775238,0.5953862071037292,-1.2540018558502195,1.3797637224197388,2.747236013412476,-0.5555112957954407,-0.0501664131879806,1.6075457334518433,0.9345651268959044
test_C6_00205,test_C6,C6,217,middle,1,middle,0.4873662147864592,0.4804013669490814,0.0303550325334072,0.911087453365326,0.0585574731230735,0.088912546634674,0.3250400348270699,0,0.3365982174873352,1.2038346529006958,-1.1809659004211426,-0.8209234476089478,-1.0385265350341797,0.5761699080467224,-1.2574135065078735,-0.883474588394165,0.8896211385726929,0.1987413614988327,0.2232769578695297,0.7697261571884155,-0.3146309554576874,0.9832184314727784,-0.7939457893371582,0.644444465637207,0.6443711519241333,0.7325564622879028,0.615226149559021,0.720542848110199,-0.5517708659172058,-0.7690446972846985,0.5103157758712769,1.130479335784912,0.0114389266818761,1.3613364696502686,0.4817127287387848,-0.8426335453987122,-0.1605802476406097,0.7909437417984009,0.0232187304645776,0.5709980726242065,1.2872291803359983,0.7380121946334839,1.4627490043640137,0.5705036520957947,0.3891546428203583,0.5154207944869995,-1.2519606351852417,1.3772618770599363,2.72354507446289,-0.5832301378250122,-0.055631548166275,1.331773042678833,0.8116413354873657
test_C6_00206,test_C6,C6,218,middle,1,middle,0.4913929512656543,0.4947957098484039,0.0328192599117755,0.8866792321205139,0.080501489341259,0.113320767879486,0.3837563009910255,0,0.3176246285438537,1.216596603393555,-1.1750681400299072,-0.8554741740226746,-1.0385767221450806,0.6081756353378296,-1.2797073125839231,-0.8835289478302002,0.7011750340461731,0.310813158750534,0.2408667504787445,0.6643874645233154,-0.216880977153778,0.9103459119796752,-0.812556803226471,0.6362526416778564,0.7445827126502991,0.7400745749473572,0.6190199255943298,0.7395231127738953,-0.5798292756080627,-0.693132758140564,0.5164605379104614,1.0400100946426392,0.1105797663331031,1.394772171974182,0.3264802992343902,-0.9113417267799376,-0.0502547472715377,0.7853440046310425,-0.1256958246231079,0.5820846557617188,1.3295772075653076,0.7828941345214844,1.2275283336639404,0.3664528131484985,0.4033394753932953,0.6201467514038086,-0.5451072454452515,1.4242273569107056,2.746744155883789,-0.5562625527381897,-0.0632056221365928,1.4069747924804688,0.9401392340660096
test_C6_00207,test_C6,C6,219,middle,1,middle,0.4954196876607095,0.4859336316585541,0.0324873812496662,0.8965538740158081,0.0709587633609771,0.1034461259841919,0.3613326507524517,0,0.3295300006866455,1.1865794658660889,-1.1617186069488523,-0.8439679145812988,-1.0386264324188232,0.6030377745628357,-1.2653838396072388,-0.8835827708244324,0.8044068813323975,0.480488121509552,0.2465998530387878,0.7648480534553528,-0.1781915575265884,0.8988688588142395,-0.7531800866127014,0.6289969682693481,0.8319471478462219,0.7117220163345337,0.6187745332717896,0.6797677278518677,-0.6257777214050293,-0.659900963306427,0.5268668532371521,1.1274607181549072,0.1168511062860488,1.3915998935699463,0.4604581296443939,-0.9005975723266602,-0.1084445789456367,0.7871166467666626,-0.0570750012993812,0.6039697527885437,1.3262207508087158,0.7871294021606445,1.3536516427993774,0.5797455906867981,0.3861930966377258,0.4925284385681152,-1.0160956382751465,1.4897379875183103,2.7564074993133545,-0.5028567314147949,-0.0680015534162521,1.205191969871521,0.7775495052337646
test_C6_00208,test_C6,C6,220,middle,1,middle,0.4994464241399048,0.515974760055542,0.0400256887078285,0.8009700179100037,0.1590042412281036,0.1990299820899963,0.5451910659258289,0,0.3375172615051269,1.2412153482437134,-1.151520848274231,-0.8592981100082397,-1.0386756658554075,0.6066077947616577,-1.2721161842346191,-0.8836361169815063,0.8814678192138672,0.4541264772415161,0.2297801077365875,0.6230471134185791,-0.2047873437404632,1.0784268379211426,-0.7150543928146362,0.6381389498710632,0.7569413781166077,0.7351230382919312,0.6276829838752747,0.6802114248275757,-0.6351807713508606,-0.6581135988235474,0.5901665687561035,1.109175443649292,0.1525584310293197,1.4393484592437744,0.4170224070549011,-0.9796271324157716,0.0017860637744888,0.7941725850105286,0.039614375680685,0.7143128514289856,1.3897335529327393,0.7226115465164185,1.5394811630249023,0.4771665036678314,0.263508677482605,0.4464931488037109,-1.014833688735962,1.3759291172027588,2.7563893795013428,-0.5330651998519897,-0.0769524723291397,1.0521841049194336,0.7496980428695679
test_C6_00209,test_C6,C6,221,middle,1,middle,0.5034731606191004,0.5206659436225891,0.0412443429231643,0.7854793667793274,0.1732762902975082,0.2145206332206726,0.5687994713700251,0,0.3503896296024322,1.2428373098373413,-1.1413339376449585,-0.8482593297958374,-1.0279831886291504,0.5809135437011719,-1.2436130046844482,-0.8836889863014221,0.963756799697876,0.7025663256645203,0.2464538961648941,0.6938968896865845,-0.1223088279366493,1.1173555850982666,-0.7354907393455505,0.6346246004104614,0.7916195392608643,0.7338468432426453,0.6294767260551453,0.6998749375343323,-0.6444987654685974,-0.6014654636383057,0.6539050936698914,1.118125557899475,0.105297602713108,1.456544041633606,0.522156298160553,-0.9575124382972716,-0.0368200205266475,0.7901166677474976,0.0640223696827888,0.7751426696777344,1.4103279113769531,0.8181642293930054,1.4732826948165894,0.44980189204216,0.3439283072948456,0.5563160181045532,-1.0135809183120728,1.4523909091949463,2.7420763969421387,-0.4595862627029419,-0.088542453944683,1.114317536354065,0.8918519020080566
test_C6_00210,test_C6,C6,222,middle,1,middle,0.5080172527216286,0.5424875617027283,0.0439823269844055,0.6621538996696472,0.2938637435436249,0.3378461003303528,0.7011155282685257,0,0.361592561006546,1.355804204940796,-1.1614691019058228,-0.8724557161331177,-1.028079867362976,0.6724931001663208,-1.234350085258484,-0.8837414383888245,1.075358510017395,0.601986289024353,0.2379283756017685,0.7972015142440796,-0.0569970682263374,1.3337748050689695,-0.9817840456962584,0.6980048418045044,0.8561620712280273,0.8197284936904907,0.6863382458686829,0.8905097246170044,-0.6716338992118835,-0.5480023622512817,0.6080892086029053,0.9663124680519104,0.3989168703556061,1.499261736869812,0.3962671160697937,-1.0022481679916382,-0.1126410663127899,0.872231125831604,0.1450782418251037,0.7212617993354797,1.6002976894378662,0.8231027126312256,1.5032020807266235,0.5206091403961182,0.3300627171993255,0.637829065322876,-1.012337327003479,1.4615719318389893,2.699644088745117,-0.523027241230011,-0.1023486331105232,1.6497255563735962,1.0386394262313845
test_C6_00211,test_C6,C6,223,middle,1,middle,0.5130787005316301,0.5424078106880188,0.0439722016453743,0.6671110391616821,0.2889167666435241,0.3328889608383178,0.6973774484538913,0,0.3567551374435425,1.334908127784729,-1.1313756704330444,-0.8581628799438477,-1.0388208627700806,0.6995142698287964,-1.2480899095535278,-0.8722660541534424,1.0095610618591309,0.3985334038734436,0.2070331573486328,0.5754594802856445,-0.2053771615028381,1.3638068437576294,-0.8998773694038391,0.6604992151260376,0.8745569586753845,0.7974398136138916,0.6686503291130066,0.8276838064193726,-0.6985256671905518,-0.6719163656234741,0.7958902716636658,1.0962978601455688,0.0938553437590599,1.653469443321228,0.3399529755115509,-0.9912890195846558,0.0094560151919722,0.8450626730918884,0.0980284512042999,0.7060949206352234,1.6369026899337769,0.643528163433075,1.5156751871109009,0.4982281029224396,0.0891639813780784,0.5773159265518188,-1.485662817955017,1.2399312257766724,2.889296770095825,-0.6204409599304199,-0.1125537306070327,1.547584056854248,1.0457446575164795
test_C6_00212,test_C6,C6,224,middle,1,middle,0.5186575039649646,0.5644207000732422,0.0437954925000667,0.4882469475269317,0.4679575860500335,0.5117530822753906,0.7667850493279597,0,0.3628896474838257,1.3719626665115356,-1.149991512298584,-0.85243821144104,-1.017673373222351,0.7161078453063965,-1.205306887626648,-0.883844792842865,1.0238984823226929,0.4923208951950073,0.1821190565824508,0.5008335709571838,-0.3098344504833221,1.2771732807159424,-0.8025615811347961,0.7197040319442749,0.927824318408966,0.844860851764679,0.7117958664894104,0.7859907746315002,-0.7251773476600647,-0.686542272567749,0.8907673954963684,1.156968355178833,0.379137247800827,1.7663193941116333,0.217561736702919,-0.9914371371269226,0.0769103169441223,0.9101622104644777,0.1500287801027298,0.8112123012542725,1.7204890251159668,0.588758647441864,1.6708285808563232,0.465641587972641,0.0250335857272148,0.4515816569328308,-1.007481575012207,1.1364424228668213,2.9889180660247803,-0.6177108287811279,-0.122269369661808,1.1366426944732666,0.922705054283142
test_C6_00213,test_C6,C6,225,late,2,late,0.5247536630216317,0.5981863141059875,0.0343388617038726,0.2183608412742614,0.7473003268241882,0.2526996731758117,0.6059568495439948,0,0.4543661773204803,1.2558178901672363,-1.336920976638794,-1.0635946989059448,-1.038915514945984,-0.5418962240219116,-1.3251783847808838,-0.8838958144187927,1.2913501262664795,1.13377845287323,0.3613636791706085,1.2075920104980469,0.17571322619915,1.7872198820114136,-0.5228877663612366,0.6498298048973083,0.7915583252906799,0.6443304419517517,0.5848600268363953,1.116978406906128,-0.5926304459571838,-0.2737216353416443,1.025424838066101,1.0617327690124512,-0.281933069229126,1.6012288331985474,0.6773214936256409,-1.0025442838668823,-0.1494109332561493,0.7903190851211548,0.8047444224357605,0.7656572461128235,0.5452945828437805,0.7570028901100159,1.4014102220535278,0.6094787120819092,0.6614426374435425,1.5888065099716189,2.549458265304565,1.503560185432434,2.9446170330047607,-0.3089427947998047,-0.0887426286935806,1.2955498695373535,1.3956886529922483
test_C6_00214,test_C6,C6,226,late,2,late,0.5313671777016317,0.6170638799667358,0.0276136025786399,0.1282574832439422,0.8441289067268372,0.1558710932731628,0.4601801462185437,0,0.4177383780479431,1.5498663187026978,-1.3570863008499146,-1.0188366174697876,-1.0389621257781982,-0.4189177751541137,-1.315604567527771,-0.8839463591575623,1.4453626871109009,0.9967558979988098,0.2578279674053192,0.821608304977417,0.2041699290275573,1.8938671350479128,-1.0984526872634888,0.8450308442115784,0.8994382619857788,0.7946373224258423,0.7676447033882141,0.9559181928634644,-0.76018887758255,-0.1812072247266769,1.0575319528579712,1.064974069595337,1.2981587648391724,1.904042601585388,0.4783403575420379,-0.9917294383049012,-0.1189310029149055,1.0968780517578125,0.6576430797576904,0.93496435880661,1.1276905536651611,0.8819197416305542,1.682843804359436,0.5896526575088501,0.3178246617317199,1.3067834377288818,-1.2547240257263184,1.5219438076019287,3.252917528152466,-0.5034700036048889,-0.1310313194990158,1.420241117477417,1.5031522512435913
test_C6_00215,test_C6,C6,227,late,2,late,0.5384980480049646,0.6511935591697693,0.017808673903346,0.0434664562344551,0.9387248754501344,0.0612751245498657,0.2433919980381203,0,0.4274861216545105,1.5585880279541016,-1.3569090366363523,-0.9536482691764832,-1.0390084981918335,-0.3526913225650787,-1.3080260753631592,-0.8839964866638184,1.505458950996399,1.0785951614379885,0.2459234744310379,0.7816853523254395,0.2144942134618759,2.077754259109497,-1.1227937936782837,0.8627563118934631,1.087579369544983,0.7764289975166321,0.7792719602584839,1.001822590827942,-0.7687098383903503,-0.1581923961639404,0.9142937660217284,1.0043233633041382,0.2862085700035095,1.9180744886398315,0.4807859063148498,-0.9810097813606262,-0.0751144215464592,1.104406714439392,0.7064909338951111,0.8663073182106018,1.1992567777633667,0.8672353625297546,1.6557068824768066,0.6268498301506042,0.2385193407535553,1.352300047874451,-1.015182375907898,1.513506293296814,3.276352882385254,-0.4797620177268982,-0.134700134396553,1.760088562965393,1.5731912851333618
test_C6_00216,test_C6,C6,228,late,2,late,0.5461462739316305,0.6577705144882202,0.016438890248537,0.0357509478926658,0.947810173034668,0.052189826965332,0.2161172779003336,0,0.4450039267539978,1.4567512273788452,-1.3207491636276243,-0.9025334119796752,-1.0078195333480835,-0.2458064258098602,-1.2557414770126345,-0.8840461373329163,1.51827073097229,1.414183259010315,0.2931149899959564,0.9486027359962464,0.3897776007652282,2.0515527725219727,-1.0565946102142334,0.830851674079895,0.9762181639671326,0.8096001744270325,0.7535740733146667,0.9194735884666444,-0.7771561145782471,0.0109915593639016,0.9256589412689208,1.0048606395721436,0.0036060081329196,1.8078330755233765,0.6065958142280579,-0.9703841805458068,-0.1941220462322235,1.0407856702804563,0.7410674691200256,0.8684687614440918,1.2350934743881226,1.0283079147338867,1.772284984588623,0.654626190662384,0.4054986834526062,1.4659219980239868,-1.252040982246399,1.6677032709121704,3.0821568965911865,-0.3385879695415497,-0.1424634605646133,1.6945995092391968,1.7005789279937744
test_C6_00217,test_C6,C6,229,late,2,late,0.5537944998582961,0.6783016324043274,0.013041216880083,0.0205118563026189,0.9664468765258788,0.033553123474121,0.1541057705981684,0,0.4731554687023163,1.4673198461532593,-1.33151113986969,-0.8746198415756226,-1.0080013275146484,-0.1918238699436187,-1.2509028911590576,-0.8840953707695007,1.6630191802978516,1.453440546989441,0.3235341012477875,0.94197678565979,0.5448641180992126,2.079209327697754,-1.1346757411956787,0.8670105934143066,1.3436949253082275,0.7941789627075195,0.7813646793365479,1.0191446542739868,-0.7855286002159119,0.2767060697078705,1.041535496711731,1.0234123468399048,0.4334917068481445,1.9423725605010984,0.5778475999832153,-0.9598513841629028,-0.1089828014373779,1.0816504955291748,0.9269480109214784,0.9268730282783508,1.3170167207717896,1.1934106349945068,1.756454586982727,0.5293779969215393,0.4597755372524261,1.4183224439620972,-1.2501131296157837,1.7009044885635376,3.248657703399658,-0.3309144973754883,-0.148012027144432,1.9027478694915767,1.667711615562439
test_C6_00218,test_C6,C6,230,late,2,late,0.5614427257849618,0.6880930066108704,0.0117637189105153,0.0154925640672445,0.9727436900138856,0.0272563099861145,0.1308088130294989,0,0.4736473560333252,1.4455156326293943,-1.2994590997695925,-0.90195232629776,-1.0391448736190796,-0.1850160956382751,-1.2759740352630615,-0.8841441869735718,1.5194408893585205,1.569349765777588,0.3333290517330169,0.9541914463043212,0.5231808423995972,1.94861912727356,-1.1039505004882812,0.8426240682601929,1.0436632633209229,0.8242195844650269,0.7642934918403625,0.9904691576957704,-0.8111067414283752,0.2950384616851806,1.1689010858535769,1.0121859312057495,0.0675361305475235,1.780402421951294,0.7019558548927307,-0.9708544611930848,-0.1685290336608886,1.0329604148864746,0.9053756594657898,1.0086548328399658,1.3147544860839844,1.0476784706115725,1.6405789852142334,0.5820579528808594,0.4258380830287933,1.311255693435669,-1.009257197380066,1.659310221672058,3.064800500869751,-0.2591904997825622,-0.1585627645254135,1.572064995765686,1.5065937042236328
test_C6_00219,test_C6,C6,231,late,2,late,0.5690909517116278,0.6969251036643982,0.0103941289708018,0.0117269940674304,0.9778788089752196,0.0221211910247802,0.1105724256026786,0,0.4886395037174225,1.4531258344650269,-1.300291657447815,-0.8612119555473328,-1.028913140296936,-0.2099366039037704,-1.257960557937622,-0.8841925263404846,1.553360104560852,1.651515007019043,0.3328072428703308,0.9846312403678894,0.5359181761741638,2.0983707904815674,-1.1436444520950315,0.8598136901855469,1.2728804349899292,0.8019636273384094,0.7861621379852295,1.0504246950149536,-0.8364633917808533,0.3788803517818451,1.2296130657196045,1.0895448923110962,0.4564953744411468,1.85044538974762,0.6527374386787415,-0.9497351050376892,-0.0999811291694641,1.068812131881714,1.0069572925567627,1.0904762744903564,1.322359919548035,1.1008840799331665,1.6974395513534546,0.6544889211654663,0.4044738113880157,1.4250733852386477,-1.0080735683441162,1.7092875242233276,3.2259750366210938,-0.2190802991390228,-0.163456916809082,1.9881203174591064,1.620739221572876
test_C6_00220,test_C6,C6,232,late,2,late,0.5767391776382933,0.7028141021728516,0.0096976198256015,0.0098349228501319,0.9804674386978148,0.019532561302185,0.0999012125249735,0,0.5342438817024231,1.4064031839370728,-1.2748191356658936,-0.890785813331604,-1.0392338037490845,-0.1750905066728592,-1.2568727731704712,-0.8842405080795288,1.679173707962036,1.8181408643722532,0.3875916004180908,1.1129937171936035,0.6821845769882202,1.9516996145248413,-1.0615153312683103,0.824600338935852,1.1626909971237185,0.7950457334518433,0.7538468837738037,0.9341380596160888,-0.8444719910621643,0.4991978704929352,1.136008620262146,1.100174069404602,-0.077281929552555,1.720301866531372,0.687777042388916,-0.9713166356086732,-0.2075818330049514,0.9951792359352112,1.1212674379348757,1.0319492816925049,1.333789348602295,1.196407675743103,1.7300734519958496,0.5763356685638428,0.6451184153556824,1.6845072507858276,-1.0068981647491455,1.804538369178772,2.9735727310180664,-0.1196316331624984,-0.1666491329669952,1.5502772331237793,1.8881704807281492
test_C6_00221,test_C6,C6,233,late,2,late,0.5843874036490995,0.7089534401893616,0.0089831436052918,0.0082849832251667,0.9827318787574768,0.0172681212425231,0.0902619401119266,0,0.4964761435985565,1.4338098764419556,-1.2859958410263062,-0.8642194271087646,-1.0392777919769287,-0.1893444955348968,-1.2426066398620603,-0.8842880725860596,1.424998164176941,1.5308526754379272,0.3329966962337494,0.9955792427062988,0.5135433673858643,1.7300695180892944,-1.0848016738891602,0.8631860017776489,1.2288810014724731,0.7907540798187256,0.7961907982826233,0.9776138067245485,-0.9035797715187072,0.4136615395545959,1.074691653251648,1.1491916179656982,0.6145902872085571,1.8867257833480835,0.6444771885871887,-0.950376570224762,-0.1187775209546089,1.065530776977539,1.0314100980758667,0.972009778022766,1.430716872215271,1.1429303884506226,1.6850852966308594,0.6058153510093689,0.5137017965316772,1.5606749057769775,-1.0057309865951538,1.7877795696258545,3.17932677268982,-0.2509821057319641,-0.1752664297819137,1.7079359292984009,1.7819175720214844
test_C6_00222,test_C6,C6,234,late,2,late,0.5920356296599056,0.7120978832244873,0.0087014380842447,0.0075675141997635,0.9837310314178468,0.0162689685821533,0.0859054269776929,0,0.5107905864715576,1.5036725997924805,-1.2540949583053589,-0.8547945022583008,-0.998742699623108,-0.2121639251708984,-1.211798071861267,-0.8843352198600769,1.4440391063690186,1.6076675653457642,0.366275280714035,1.0568724870681765,0.6449400782585144,1.727200269699097,-1.0564810037612915,0.850246012210846,1.2617623805999756,0.8078354001045227,0.8034303784370422,0.9338053464889526,-0.962182343006134,0.5440295338630676,1.2112475633621216,1.143393635749817,0.2503408193588257,1.934454083442688,0.7933675050735474,-0.9401543736457824,-0.0628467425704002,1.0619738101959229,1.0502235889434814,1.1159799098968506,1.4785034656524658,1.2381824254989624,1.8626739978790283,0.5142538547515869,0.5673516392707825,1.409421443939209,-1.245443344116211,1.8373664617538448,3.15263032913208,-0.2193000614643097,-0.1893985718488693,1.6312443017959597,1.6106590032577517
test_C6_00223,test_C6,C6,235,late,2,late,0.5996838556707117,0.7163373231887817,0.0083330925554037,0.0068580047227442,0.98480886220932,0.0151911377906799,0.0811377326594775,0,0.4993382692337036,1.4567197561264038,-1.2410781383514404,-0.800079345703125,-0.988857090473175,-0.2198787033557891,-1.191250562667847,-0.8843819499015808,1.3299272060394287,1.5415921211242676,0.3319906890392303,0.8695075511932373,0.5179070830345154,1.682599425315857,-0.995994508266449,0.8417689204216003,1.1878747940063477,0.80428546667099,0.8043752312660217,0.959415853023529,-0.986464500427246,0.4399523735046386,1.159011721611023,1.154486894607544,0.2619401514530182,1.9593380689620967,0.822577178478241,-0.8985370993614197,0.0110604129731655,1.0546540021896362,1.02858567237854,1.045098900794983,1.513426661491394,1.0651389360427856,1.8937582969665527,0.544001579284668,0.3190538883209228,1.3226945400238037,-0.5193764567375183,1.665170192718506,3.198967456817627,-0.2401080876588821,-0.1981596201658249,1.7372503280639648,1.51171612739563
test_C6_00224,test_C6,C6,236,late,2,late,0.6073320816815179,0.7145554423332214,0.0086626326665282,0.0069603747688233,0.9843769073486328,0.0156230926513671,0.0830254564553296,0,0.4389438927173614,0.7653411030769348,-0.9666205048561096,-0.8829596042633057,-0.928761899471283,-0.4314583837985992,-1.1362040042877195,-0.7646126747131348,0.2790533602237701,0.202122300863266,0.3128585517406463,0.7992470860481262,-0.2804202139377594,0.739601194858551,-0.8384692668914795,0.1747999638319015,0.2205376774072647,0.4753106236457824,0.2537114322185516,0.4433884024620056,-0.5895619988441467,-0.4778711199760437,0.649978756904602,1.0494149923324585,-4.703365325927734,0.7508882880210876,0.4166318774223327,-0.9826669692993164,-0.0261053815484046,0.0655072182416915,0.6727918982505798,0.4378407597541809,0.3846133947372436,0.5826160311698914,0.7523143887519836,0.5744220614433289,0.3823484778404236,0.8143675923347473,-3.4064760208129883,1.1354159116744995,1.541778564453125,-0.4819044768810272,-0.1382739096879959,0.8616061210632324,0.1963677704334259
test_C6_00225,test_C6,C6,237,late,2,late,0.6149803076923238,0.7189689874649048,0.0081779425963759,0.006486034952104,0.985335886478424,0.0146641135215759,0.0787713283175428,0,0.5694176554679871,1.3651647567749023,-1.196652889251709,-0.8033402562141418,-0.9793522953987122,-0.2075989991426468,-1.162391185760498,-0.8844742774963379,1.5446045398712158,1.7725160121917725,0.4262929260730743,1.2382060289382937,0.7947989702224731,1.9128592014312744,-1.0977730751037598,0.7732942700386047,1.0632610321044922,0.7754071354866028,0.7435776591300964,0.9529693126678468,-1.0008779764175415,0.7336973547935486,1.1413941383361816,1.1741621494293213,4.471594333648682,1.7800207138061523,0.8876506686210632,-0.8995997905731201,-0.210729569196701,0.9374738335609436,1.2122488021850586,1.0688531398773191,1.4363911151885986,1.1917922496795654,1.6426091194152832,0.6176690459251404,0.6640769839286804,1.5008543729782104,-0.9891079664230348,1.825104832649231,2.927996873855591,-0.0814729854464531,-0.2053241580724716,1.6192914247512815,1.6361278295516968
test_C6_00226,test_C6,C6,238,late,2,late,0.6226285336189898,0.7184935808181763,0.00831906683743,0.0064567602239549,0.9852241277694702,0.0147758722305297,0.0792517314435483,0,0.5781211256980896,1.322542667388916,-1.1964045763015747,-0.8104238510131836,-1.0195435285568235,-0.1548849195241928,-1.1685359477996826,-0.8845198750495911,1.454339623451233,1.8179855346679688,0.4196562767028808,1.1055890321731567,0.798222005367279,1.8225277662277224,-1.1664886474609375,0.7727648615837097,1.2415140867233276,0.8496041297912598,0.7510218620300293,0.9606292843818665,-1.024691462516785,0.9149494767189026,0.9391688108444214,0.9971266388893129,0.2064538747072219,1.5540993213653564,0.9980931282043456,-0.9104861617088318,-0.2156063616275787,0.9375160932540894,1.229986310005188,0.9906551837921144,1.4050697088241575,1.1793237924575806,1.5774811506271362,0.6432589888572693,0.6593044400215149,1.466546654701233,-1.4706549644470217,1.8386826515197756,2.540234088897705,0.0037660086527466,-0.215616762638092,1.5542420148849487,1.4201326370239258
test_C6_00227,test_C6,C6,239,late,2,late,0.6302767595456554,0.720963716506958,0.0080800978466868,0.0061744875274598,0.9857454299926758,0.0142545700073242,0.0769123865263883,0,0.5400440692901611,1.415511131286621,-1.1945897340774536,-0.7613263130187988,-1.0097362995147705,-0.1679490506649017,-1.1517003774642944,-0.8845650553703308,1.3150815963745115,1.804523587226868,0.3961922824382782,0.7671017646789551,0.7271446585655212,1.750651478767395,-1.087666392326355,0.7965110540390015,1.1258792877197266,0.8670912384986877,0.773383617401123,0.9842644333839417,-1.0483057498931885,0.7888551950454712,1.139952540397644,1.1660223007202148,0.5821230411529541,1.890310287475586,0.7679511904716492,-0.8593711853027344,0.091336965560913,0.981149196624756,1.1155184507369995,0.9896326065063475,1.5669636726379397,1.0476293563842771,1.5355943441390991,0.6495511531829834,0.2237909585237503,1.2721694707870483,-0.9846572875976562,1.6755039691925049,3.039233922958374,-0.0608478523790836,-0.222425028681755,1.6094300746917725,1.436138391494751
test_C6_00228,test_C6,C6,240,late,2,late,0.6379249854723213,0.7174453139305115,0.0084598632529377,0.006615319289267,0.9849247336387634,0.0150752663612365,0.0805863917933358,0,0.4926477074623108,1.420881748199463,-1.2010306119918823,-0.7579712867736816,-1.0395748615264893,-0.1592108458280563,-1.1762021780014038,-0.8846098780632019,1.079724907875061,1.554768681526184,0.3225561082363128,0.5829203724861145,0.4963207840919494,1.547960877418518,-1.0758161544799805,0.8379718065261841,0.9672818779945374,0.884528636932373,0.8024615049362183,1.0067540407180786,-1.071723222732544,0.53740394115448,1.1999287605285645,1.149357795715332,0.5541731119155884,1.9098806381225584,0.6108272671699524,-0.8600590825080872,0.1770752668380737,1.0263352394104004,0.909949779510498,0.9070659875869752,1.6246875524520874,0.990881323814392,1.4761230945587158,0.6887020468711853,0.10823305696249,1.1110411882400513,-0.9835811853408812,1.501606822013855,3.063124895095825,-0.167864128947258,-0.2301297485828399,1.578605890274048,1.275275945663452
test_C6_00229,test_C6,C6,241,late,2,late,0.645573211398987,0.7211993932723999,0.0080969613045454,0.0061170323751866,0.9857860207557678,0.0142139792442321,0.07672056301016,0,0.5628069043159485,1.3282493352890017,-1.1436280012130735,-0.7557371258735657,-1.010066032409668,-0.164634108543396,-1.1343327760696411,-0.8739879727363586,1.2759606838226318,1.557997465133667,0.4010882377624511,1.058455467224121,0.6617299318313599,1.5363112688064575,-1.0486289262771606,0.7417001128196716,1.160429835319519,0.83574378490448,0.7331712245941162,0.9475367665290833,-1.094946265220642,0.7522937655448914,0.9937789440155028,1.1069120168685913,-0.5149158835411072,1.7903594970703125,0.9506081938743592,-0.8709740042686462,-0.1017496436834335,0.8865315914154053,1.203739047050476,0.9667957425117492,1.5166641473770142,1.161659836769104,1.7941278219223022,0.606126070022583,0.5923410654067993,1.4458636045455933,-0.9825122952461244,1.7736924886703491,2.8588387966156006,-0.0934938862919807,-0.2377700805664062,1.4827998876571655,1.5653364658355713
test_C6_00230,test_C6,C6,242,late,2,late,0.6532214373256527,0.7200806736946106,0.0082062166184186,0.0062110261060297,0.985582709312439,0.014417290687561,0.0776316450259686,0,0.5640262365341187,1.342067003250122,-1.14869225025177,-0.7152290940284729,-0.9513731002807616,-0.1854099333286285,-1.106275200843811,-0.8846983909606934,1.2361315488815308,1.6376919746398926,0.4074718952178955,1.060557842254639,0.6852103471755981,1.5581401586532593,-0.9912786483764648,0.7412356734275818,1.0625795125961304,0.8053726553916931,0.7250902056694031,0.954666554927826,-1.1015558242797852,0.7438684701919556,1.0458593368530271,1.0775514841079712,0.2019243836402893,1.7981730699539185,0.8985549807548523,-0.8308464288711548,-0.1098353117704391,0.8710514307022095,1.208176612854004,0.9889330267906188,1.515120029449463,1.2160171270370483,1.719142198562622,0.5860620737075806,0.6297082304954529,1.5059716701507568,-0.7381459474563599,1.836471438407898,2.881549596786499,-0.0332028307020664,-0.2417316883802414,1.3445719480514526,1.6150752305984497
test_C6_00231,test_C6,C6,243,late,2,late,0.6608696632523182,0.7213953733444214,0.0080842329189181,0.0060353651642799,0.985880434513092,0.0141195654869079,0.0762865881603467,0,0.5947117209434509,1.244878172874451,-1.1294938325881958,-0.6755711436271667,-1.0299280881881714,-0.1259665936231613,-1.11540949344635,-0.8847420811653137,1.298951506614685,1.759699821472168,0.4372872412204742,0.9557042717933656,0.7340731024742126,1.5036425590515137,-0.998178780078888,0.7192314267158508,1.0539705753326416,0.8040663003921509,0.7050489187240601,0.897875189781189,-1.108111023902893,0.829144299030304,1.0148028135299685,1.0773595571517944,-0.0266266018152236,1.6232024431228638,0.8842613697052002,-0.7910491228103638,-0.0759681835770607,0.8324536681175232,1.264530897140503,0.9633446335792542,1.4597371816635132,1.1626321077346802,1.6618311405181885,0.6040987968444824,0.5306507349014282,1.3337029218673706,-0.981458842754364,1.7720437049865725,2.755305051803589,0.0984490513801574,-0.2472708374261856,1.221291184425354,1.36575186252594
test_C6_00232,test_C6,C6,244,late,2,late,0.6685178891789844,0.7189964056015015,0.0082351826131343,0.0063125020824372,0.9854522347450256,0.0145477652549743,0.0782251416275487,0,0.612562358379364,1.290781021118164,-1.1267427206039429,-0.67864990234375,-1.0300081968307495,-0.1534617245197296,-1.1048182249069214,-0.8847854137420654,1.3381924629211426,1.7604202032089231,0.4870660603046417,1.0926309823989868,0.9216300249099731,1.566074252128601,-1.035367727279663,0.7237475514411926,1.1526765823364258,0.8046374320983887,0.7107610106468201,0.969309628009796,-1.1146124601364136,1.0001716613769531,1.1159121990203855,1.0908279418945312,0.3562758564949035,1.669736623764038,0.8420401215553284,-0.8021126985549927,-0.0739698857069015,0.8417190313339233,1.2816179990768433,0.9880698323249816,1.495024800300598,1.2757081985473633,1.5953112840652466,0.6768086552619934,0.6446619629859924,1.3959373235702517,-0.7361336946487427,1.8303351402282717,2.838613510131836,0.1053159534931182,-0.2519851326942444,1.3261148929595947,1.4545037746429443
test_C6_00233,test_C6,C6,245,late,2,late,0.6761661151897903,0.7219682335853577,0.008036664687097,0.0059640943072736,0.9859991669654846,0.0140008330345153,0.0757475834079056,0,0.580936074256897,1.346896767616272,-1.1471272706985474,-0.69107586145401,-1.0397768020629885,-0.1443422585725784,-1.124444842338562,-0.8848284482955933,1.1794956922531128,1.622807264328003,0.43974569439888,0.810956597328186,0.7915807366371155,1.382997751235962,-0.979572057723999,0.7735155820846558,1.0717802047729492,0.838161051273346,0.7508346438407898,0.8658385872840881,-1.1210607290267944,0.9815940260887146,1.0958629846572876,1.101203441619873,0.8054450154304504,1.7496747970581057,0.7795172333717346,-0.8231515884399414,0.111165314912796,0.9112902283668518,1.2083895206451416,0.9880818128585817,1.5729089975357056,1.2136554718017578,1.594335436820984,0.6410748362541199,0.465148001909256,1.2810697555541992,-0.9804229736328124,1.7629435062408447,2.9173777103424072,0.025224195793271,-0.2601036727428436,1.103814959526062,1.357548475265503
test_C6_00234,test_C6,C6,246,late,2,late,0.6838143412005964,0.7164318561553955,0.0086685065180063,0.0064223920926451,0.9849091172218324,0.0150908827781677,0.0806062624987468,0,0.4569449126720428,0.4335921704769134,-0.7645015716552734,-0.8234773278236389,-0.8371707201004028,-0.4324351847171783,-1.017359733581543,-0.6863296031951904,-0.1277577430009842,-0.2436128705739975,0.3337428867816925,0.8148568868637085,-0.4716083109378814,0.234806627035141,-0.545568585395813,-0.1556922495365142,-0.207909271121025,0.3752417266368866,-0.0051655923016369,0.3271734118461609,-0.5620443224906921,-0.5836532115936279,0.2390909045934677,1.043492555618286,-7.59736967086792,0.2211269587278366,0.3598443865776062,-0.9843661189079284,-0.1446088105440139,-0.3963305056095123,0.6353893876075745,0.15085469186306,0.1131328120827674,0.5105152726173401,0.419804573059082,0.5433527231216431,0.5572206974029541,0.7559548020362854,-2.202712059020996,1.054890751838684,0.7541161179542542,-0.5179301500320435,-0.1696522235870361,0.4103066027164459,-0.1306827962398529
test_C6_00235,test_C6,C6,247,late,2,late,0.6914625672114025,0.7224716544151306,0.0080281980335712,0.0059188767336308,0.9860529899597168,0.0139470100402832,0.0754999998439336,0,0.6427224278450012,1.1759577989578247,-1.0983134508132937,-0.6940157413482666,-1.0302444696426392,-0.1130981370806694,-1.1029757261276243,-0.8745061755180359,1.241390824317932,1.81160581111908,0.5455741882324219,1.1856244802474976,0.9610856771469116,1.3590761423110962,-0.9123522639274596,0.6701230406761169,1.03536057472229,0.7953686118125916,0.6657123565673828,0.8638103008270264,-1.1177115440368652,1.156007170677185,1.0821377038955688,1.0943975448608398,7.012892723083496,1.4888079166412354,0.8905649781227112,-0.8247816562652588,-0.0418611951172351,0.7639412879943848,1.3320491313934326,1.0492236614227295,1.4080370664596558,1.2628700733184814,1.5729824304580688,0.6192299127578735,0.8568148016929626,1.220614671707153,-0.2365955263376236,1.817401885986328,2.6116669178009038,0.2437884211540222,-0.2635415494441986,0.8695464134216309,1.1696038246154783
test_C6_00236,test_C6,C6,248,late,2,late,0.6991107932222087,0.722013533115387,0.0081529198214411,0.0058999857865273,0.9859471321105956,0.0140528678894042,0.0759573041226252,0,0.5801026225090027,1.1933311223983765,-1.1087254285812378,-0.6857133507728577,-1.0207500457763672,-0.0755818858742713,-1.0881813764572144,-0.8849553465843201,0.973455846309662,1.5414468050003052,0.4119825959205627,0.7439629435539246,0.5108993649482727,1.2794828414916992,-0.9659507274627686,0.7035496234893799,0.9131068587303162,0.8071604371070862,0.704551637172699,0.8882108926773071,-1.1400938034057615,0.7072423696517944,1.1677024364471436,1.1328697204589844,0.7635329365730286,1.585687518119812,0.8661511540412903,-0.8156429529190063,0.1025505065917968,0.8364386558532715,1.195870876312256,1.0500085353851318,1.5055242776870728,0.9802727103233336,1.5901857614517212,0.5349698662757874,0.2699053287506103,1.2367055416107178,-0.728779137134552,1.5880008935928345,2.7467739582061768,0.0825070887804031,-0.2707269191741943,1.1919605731964111,1.2521235942840576
test_C6_00237,test_C6,C6,249,late,2,late,0.7067590192330147,0.7234129905700684,0.0079814586788415,0.0057848989963531,0.9862335920333862,0.0137664079666137,0.0746700486297738,0,0.6360671520233154,1.2295986413955688,-1.1031028032302856,-0.7158682346343994,-1.039932370185852,-0.1344737559556961,-1.112502932548523,-0.8849970102310181,1.1255031824111938,1.6635574102401731,0.5257234573364258,0.9224621057510376,0.8468115329742432,1.382956624031067,-0.9580594897270204,0.6975939273834229,0.9677550196647644,0.8209947943687439,0.6930192112922668,0.9268508553504944,-1.1463361978530884,0.9468005895614624,1.103405475616455,1.085749864578247,0.1338891983032226,1.5146621465682983,0.7798478007316589,-0.8660014867782593,0.0303427744656801,0.8111569881439209,1.314293384552002,1.003299593925476,1.4999713897705078,1.2472954988479614,1.6009736061096191,0.6652693748474121,0.5895758271217346,1.3572850227355957,-0.4820060133934021,1.7699495553970337,2.634204387664795,0.1860458999872207,-0.2751234173774719,1.2197920083999634,1.369859218597412
test_C6_00238,test_C6,C6,250,late,2,late,0.7144072451596807,0.7190530896186829,0.0083657205104827,0.0062545132823288,0.9853797554969788,0.0146202445030212,0.0785258267694619,0,0.653500497341156,1.2474027872085571,-1.1070998907089231,-0.6949697136878967,-1.0399705171585083,-0.1417421102523803,-1.1114099025726318,-0.8850382566452026,1.1905683279037476,1.6448018550872805,0.5086032748222351,0.895912230014801,0.8004250526428223,1.4373835325241089,-0.965092957019806,0.7330952882766724,1.0780868530273438,0.8300774097442627,0.7374719381332397,0.8882537484169006,-1.1525286436080933,0.982513189315796,1.1958556175231934,1.1229610443115234,0.8196284174919128,1.6337387561798096,0.8957645297050476,-0.8370422124862671,0.0708872526884079,0.8877843618392944,1.3560205698013306,1.0475250482559204,1.565421462059021,1.1644326448440552,1.6096858978271484,0.5031655430793762,0.6185286045074463,1.3642725944519043,-0.975620448589325,1.8589882850646973,2.78823184967041,0.1702124625444412,-0.2873594760894775,1.1678743362426758,1.416345715522766
test_C6_00239,test_C6,C6,251,late,2,late,0.7220554710863463,0.7232587933540344,0.0079961009323596,0.0057549779303371,0.9862490296363832,0.0137509703636169,0.0745940720042724,0,0.7076564431190491,1.2030380964279177,-1.1085208654403689,-0.709743082523346,-1.0400084257125854,-0.133446916937828,-1.104687213897705,-0.8850792646408081,1.3116557598114014,1.8517028093338013,0.6013777852058411,1.0246050357818604,1.0407873392105105,1.5460829734802246,-0.95717453956604,0.7344708442687988,1.151576042175293,0.8332698345184326,0.7365251779556274,0.8810794949531555,-1.142838954925537,1.2583318948745728,1.0721546411514282,1.150330662727356,0.342200219631195,1.5614455938339231,0.9585755467414856,-0.8869142532348633,0.0664676651358604,0.8856486678123474,1.397415280342102,1.0212126970291138,1.5454721450805664,1.2865439653396606,1.650229811668396,0.5468297004699707,0.7442135810852051,1.2921911478042605,-0.7273902297019958,1.8770713806152344,2.724433660507202,0.3408473134040832,-0.2887907326221466,1.121214747428894,1.307678461074829
test_C6_00240,test_C6,C6,252,late,2,late,0.729703697013012,0.7222763299942017,0.0081147477030754,0.0058464887551963,0.9860388040542604,0.0139611959457397,0.0755411179623317,0,0.6793922185897827,1.219160079956055,-1.1042882204055786,-0.69045090675354,-1.0400458574295044,-0.1235352531075477,-1.102019429206848,-0.8851199150085449,1.12516188621521,1.677612066268921,0.5572041869163513,0.9093425273895264,0.8256821632385254,1.3327269554138184,-0.9494771361351012,0.7386458516120911,1.1059949398040771,0.8275641202926636,0.748873770236969,0.9039324522018432,-1.1647661924362185,1.045242428779602,1.0944316387176514,1.2043280601501465,0.5290915369987488,1.5731717348098757,0.9717445969581604,-0.8483157753944397,0.146252766251564,0.9049952030181884,1.363334894180298,1.0408635139465332,1.5771912336349487,1.212829828262329,1.7312973737716677,0.579704761505127,0.6239792704582214,1.242034077644348,-0.7269388437271118,1.7587405443191528,2.7469985485076904,0.2553596794605255,-0.2951274812221527,1.1945579051971436,1.267438292503357
test_C6_00241,test_C6,C6,253,late,2,late,0.7373519229396778,0.7235472798347473,0.0079750288277864,0.0057031032629311,0.9863218069076538,0.0136781930923461,0.0742587453731991,0,0.6313051581382751,1.1889562606811523,-1.100456714630127,-0.7038276195526123,-1.0213176012039185,-0.1388943940401077,-1.0800527334213257,-0.8851602077484131,0.8588159680366516,1.3901400566101074,0.5201289653778076,0.8740320205688477,0.6198710203170776,1.0360342264175415,-0.8844637870788574,0.7362706065177917,0.8911385536193848,0.8208341598510742,0.7523722052574158,0.7924632430076599,-1.1708123683929443,0.8305444717407227,1.1135364770889282,1.2817280292510986,0.3990073502063751,1.608898043632507,0.9425453543663024,-0.8977490067481995,0.2435896396636963,0.9098300337791444,1.2796239852905271,1.043340086936951,1.5651025772094729,1.1116573810577393,1.6224236488342283,0.536031186580658,0.5703201293945312,1.132254719734192,-0.7264900803565979,1.6445939540863037,2.789729595184326,0.1127901822328567,-0.3019423186779022,0.9459359645843506,1.1270384788513184
test_C6_00242,test_C6,C6,254,late,2,late,0.7448714868279991,0.7208490967750549,0.0081452131271362,0.0059909308329224,0.9858638644218444,0.0141361355781555,0.0763467767304908,0,0.6567936539649963,1.177968144416809,-1.0837117433547974,-0.7005836963653564,-1.012082576751709,-0.1151723191142082,-1.06980562210083,-0.8852002024650574,0.8959746956825256,1.4414650201797483,0.5557681322097778,0.7310498356819153,0.6780404448509216,1.064242243766785,-0.8359724879264832,0.7103807330131531,0.8500040769577026,0.8141376376152039,0.7377769947052002,0.8321731686592102,-1.1768109798431396,0.9793369770050048,1.074679613113403,1.2944930791854858,0.1435312330722808,1.535773515701294,0.8123195171356201,-0.8982478976249695,0.2505300641059875,0.8785272240638733,1.3456822633743286,1.0243945121765137,1.55916166305542,1.1174637079238892,1.6285618543624878,0.4520487785339355,0.5537041425704956,1.1892905235290527,0.0201090518385171,1.5204085111618042,2.7011032104492188,0.1753165423870086,-0.3073286712169647,0.7405272722244263,1.1858981847763062
test_C6_00243,test_C6,C6,255,late,2,late,0.752262388677976,0.7240395545959473,0.0079590072855353,0.005663706921041,0.9863772392272948,0.013622760772705,0.074003545835788,0,0.6434016227722168,1.1709673404693604,-1.09144926071167,-0.6877066493034363,-1.0401567220687866,-0.1052946671843528,-1.0720702409744265,-0.8852398991584778,0.8389381170272827,1.5089335441589355,0.505151629447937,0.729587733745575,0.5227740406990051,1.112422227859497,-0.831733763217926,0.7348800301551819,0.9734112024307252,0.8006824851036072,0.7582994103431702,0.7532720565795898,-1.182762622833252,0.9202669858932496,1.1188135147094729,1.3476699590682983,0.6452736258506775,1.611864686012268,0.8553732633590698,-0.8697300553321838,0.3537299335002899,0.9164426326751708,1.2998285293579102,1.0315898656845093,1.5904009342193604,1.0496069192886353,1.592635154724121,0.4794117510318756,0.4064263105392456,1.1128489971160889,-0.7285117506980896,1.4664605855941772,2.8004050254821777,0.2198900431394577,-0.3134347200393677,0.705888569355011,1.117285132408142
test_C6_00244,test_C6,C6,256,late,2,late,0.7595246284896082,0.723435640335083,0.0079812817275524,0.0057322699576616,0.986286461353302,0.0137135386466979,0.0744228312835807,0,0.6283848881721497,1.20593523979187,-1.096843719482422,-0.6965913772583008,-1.0401930809020996,-0.1424466222524643,-1.0730128288269043,-0.8852792978286743,0.8297395706176758,1.4252809286117554,0.4776796698570251,0.6036162972450256,0.5151911377906799,1.060374736785889,-0.7568544149398804,0.7674722075462341,1.0370047092437744,0.8169251084327698,0.7918301224708557,0.7497402429580688,-1.18866765499115,0.8965019583702087,1.0856422185897827,1.3287312984466553,0.8088226914405823,1.701268196105957,0.9367603063583374,-0.908867120742798,0.3704202175140381,0.9719462394714355,1.2543330192565918,1.0378645658493042,1.677101492881775,1.0642808675765991,1.70353364944458,0.4595019817352295,0.3143541812896728,1.094305396080017,-0.2287100553512573,1.3702019453048706,2.893026351928711,0.1412035375833511,-0.3252626955509186,0.550900936126709,1.1551514863967896
test_C6_00245,test_C6,C6,257,late,2,late,0.7666582063470367,0.7244014143943787,0.0078777037560939,0.0056148953735828,0.9865074157714844,0.0134925842285156,0.0734169666811428,0,0.7572664618492126,1.2428913116455078,-1.1520605087280271,-0.734559178352356,-1.0402292013168335,-1.4257832765579224,-1.0665441751480105,-0.8853183388710022,0.9646039605140686,1.7850308418273926,0.6957590579986572,1.2593014240264893,0.9928770661354064,1.2098621129989624,-0.6276965141296387,0.761815071105957,0.8519453406333923,0.6433073282241821,0.7518295645713806,0.963050663471222,-1.1790635585784912,1.6880033016204834,0.902563452720642,1.140621542930603,-0.0077699697576463,1.6269571781158447,1.0822224617004397,-0.9668910503387452,0.4672878682613373,0.91918683052063,1.479368805885315,0.728985607624054,1.0594311952590942,1.293498992919922,1.4370030164718628,0.2526685297489166,1.2456191778182983,1.475414514541626,2.7507121562957764,1.8401356935501096,2.98530387878418,0.3879226446151733,-0.3180541098117828,0.9908607006072998,1.121656894683838
test_C6_00246,test_C6,C6,258,late,2,late,0.7736631222502615,0.7258619666099548,0.0078248959034681,0.0054345438256859,0.9867405295372008,0.013259470462799,0.0723334706913877,0,0.764335036277771,1.188193917274475,-1.1142829656600952,-0.7463556528091431,-1.0402649641036987,-1.1347030401229858,-1.0631966590881348,-0.8753935694694519,1.1022475957870483,1.8972111940383911,0.7108693718910217,1.004887938499451,1.2080527544021606,1.526050090789795,-0.8388293981552124,0.737435519695282,1.1599936485290527,0.6806790828704834,0.7421481013298035,0.7384126782417297,-1.2003403902053833,1.8064643144607544,0.7927727103233337,1.172091007232666,0.0539066158235073,1.3603262901306152,0.954541802406311,-0.9766727089881896,0.1400710940361023,0.8983994126319885,1.4946959018707275,0.6808292269706726,1.1330480575561523,1.1866002082824707,1.4165669679641724,0.3585068583488464,0.9121483564376832,1.805862545967102,-0.7411706447601318,1.8084901571273804,2.66257381439209,0.5462646484375,-0.348268985748291,0.9111649990081788,1.5323482751846311
test_C6_00247,test_C6,C6,259,late,2,late,0.7805393761151413,0.725984513759613,0.0077942558564245,0.005431352648884,0.986774444580078,0.0132255554199218,0.0721833146202259,0,0.7970699071884155,1.242667317390442,-1.109951734542847,-0.7668299078941345,-1.0403004884719849,-1.1260294914245603,-1.0780291557312012,-0.8853955864906311,1.25105082988739,1.8409841060638428,0.7007139921188354,0.9873756766319276,1.246410608291626,1.433129906654358,-0.8205719590187073,0.7482494115829468,1.2667735815048218,0.6868817806243896,0.7575677633285522,0.7351790070533752,-1.2061091661453247,1.7920849323272705,0.8660086393356323,1.16860032081604,0.5730068683624268,1.4352928400039673,0.969401717185974,-0.9959003925323486,0.2310657501220703,0.9211416244506836,1.5342767238616943,0.7255691885948181,1.2305489778518677,1.2543081045150757,1.4387974739074707,0.3725034594535827,0.9675507545471193,1.5779694318771362,-0.4912614524364471,1.699077606201172,2.7297279834747314,0.5035449266433716,-0.3551562130451202,0.7743827700614929,1.3589484691619873
test_C6_00248,test_C6,C6,260,late,2,late,0.7872869679416767,0.7265386581420898,0.0077894032001495,0.0053895809687674,0.9868209958076476,0.0131790041923522,0.0719640451160118,0,0.7470505833625793,1.2480318546295166,-1.102971076965332,-0.7424434423446655,-1.040335774421692,-1.0931198596954346,-1.0758440494537354,-0.8854337334632874,1.1165627241134644,1.8428667783737185,0.6104032397270203,0.7368666529655457,1.0276014804840088,1.2840691804885864,-0.7336928844451904,0.7654033899307251,1.138641119003296,0.7131632566452026,0.7754303812980652,0.6750966310501099,-1.2118335962295532,1.6638526916503906,0.8587517142295837,1.1107988357543943,0.5901060700416565,1.435574293136597,0.6421077847480774,-0.9770403504371644,0.3850317001342773,0.9450745582580566,1.4400230646133425,0.7353373169898987,1.289130926132202,1.1121572256088257,1.3959280252456665,0.2964588105678558,0.6288942694664001,1.5272414684295654,-0.2413578182458877,1.5540682077407837,2.752243995666504,0.5356647968292236,-0.3659330308437347,0.5831000804901123,1.343995213508606
test_C6_00249,test_C6,C6,261,late,2,late,0.7940345597682124,0.727178156375885,0.0077338209375739,0.0053408369421958,0.9869253635406494,0.0130746364593505,0.0714875076221169,0,0.732563853263855,1.282978057861328,-1.1021772623062134,-0.736860454082489,-1.0403707027435305,-1.1028156280517578,-1.091184139251709,-0.8854716420173645,1.1052188873291016,1.803592324256897,0.5865194201469421,0.7663668990135193,1.026767373085022,1.2835016250610352,-0.7870163917541504,0.779009997844696,1.1485475301742554,0.7232558131217957,0.7860201001167297,0.6875309944152832,-1.217514157295227,1.7152689695358276,0.907029151916504,1.029621958732605,0.5511071085929871,1.5088740587234497,0.6664085984230042,-0.9772220253944396,0.3465692400932312,0.9603967666625975,1.4069545269012451,0.7199962139129639,1.364315390586853,1.1973236799240112,1.350563645362854,0.4891214072704315,0.6292766332626343,1.4957060813903809,-0.4922694563865661,1.5891507863998413,2.849994659423828,0.5138614177703857,-0.3735806941986084,0.6449974179267883,1.366291880607605
test_C6_00250,test_C6,C6,262,late,2,late,0.8007821515947479,0.7271155118942261,0.007744173053652,0.0053374515846371,0.9869183897972108,0.0130816102027893,0.0715171102259118,0,0.7157121300697327,1.2778024673461914,-1.0970252752304075,-0.7176287174224854,-1.031345009803772,-1.0199339389801023,-1.0683668851852417,-0.8855092525482178,1.0777074098587036,1.775220513343811,0.547494649887085,0.6326941847801208,0.9644041657447816,1.1762980222702026,-0.7976316809654236,0.7886567115783691,1.1191651821136477,0.7336344122886658,0.7991998791694641,0.6854961514472961,-1.2231513261795044,1.6223424673080444,0.9551455974578856,0.9447094202041626,0.5537083148956299,1.550841212272644,0.447209745645523,-0.9397521018981934,0.423468142747879,0.9757379293441772,1.386184811592102,0.7779573798179626,1.4411028623580933,1.1057684421539309,1.3717437982559204,0.2330934256315231,0.4120175242424011,1.3717288970947266,-0.4922896027565002,1.5968118906021118,2.865808486938477,0.5082820057868958,-0.3827748894691467,0.6466618776321411,1.2794920206069946
test_C6_00251,test_C6,C6,263,late,2,late,0.8075297434212836,0.7276288866996765,0.0077036335133016,0.0053148861043155,0.9869814515113832,0.0130185484886169,0.0712309178135081,0,0.6609099507331848,1.3130347728729248,-1.104498267173767,-0.6661193370819092,-1.0043357610702517,-1.0335495471954346,-1.0363713502883911,-0.8855465650558472,0.9136123657226562,1.7054466009140017,0.5102426409721375,0.4888830184936523,0.8972315788269043,1.0544241666793823,-0.7296996116638184,0.8194662928581238,1.0298657417297363,0.7462639808654785,0.8261815309524536,0.655464768409729,-1.228745698928833,1.6929775476455688,0.991068720817566,0.8998819589614868,0.8628119230270386,1.651342511177063,0.4165176451206207,-0.8838135600090027,0.5626603364944458,1.0206665992736816,1.3055700063705444,0.7898053526878357,1.5129131078720093,1.0570318698883057,1.3580609560012815,0.43634694814682,0.3443721532821655,1.2312418222427368,-0.2409400790929794,1.647062063217163,3.0138163566589355,0.4516634345054626,-0.3890688419342041,0.5786892175674438,1.1692970991134644
test_C6_00252,test_C6,C6,264,late,2,late,0.8142773352478189,0.727565348148346,0.0077294562943279,0.0053150202147662,0.9869555830955504,0.0130444169044494,0.0713455032874411,0,0.692794144153595,1.2766796350479126,-1.0864381790161133,-0.6976618766784668,-1.022490382194519,-0.9637628793716432,-1.042373538017273,-0.8855835795402527,0.9743174910545348,1.6749866008758545,0.5260229706764221,0.4528884291648865,0.8953173160552979,1.0704036951065063,-0.6975364089012146,0.7942103743553162,0.9645506143569946,0.733552098274231,0.8073329925537109,0.570362389087677,-1.2342976331710815,1.5839362144470217,1.0031616687774658,0.8977435231208801,0.1165738031268119,1.5887364149093628,0.4380916953086853,-0.9217113852500916,0.6988953351974487,0.9785327315330504,1.345117449760437,0.7674083709716797,1.4809542894363403,0.8690559267997742,1.2407363653182983,0.2085667848587036,0.0172302015125751,1.082566261291504,-0.4932876527309418,1.4275233745574951,2.8640942573547363,0.5024343132972717,-0.3978175818920135,0.4936342537403106,0.9730340242385864
test_C6_00253,test_C6,C6,265,late,2,late,0.8210249269902141,0.7282912135124207,0.0077080759219825,0.0052599767223,0.987031877040863,0.0129681229591369,0.0709892072976201,0,0.6801881790161133,1.3244421482086182,-1.0969053506851196,-0.7012655735015869,-1.0405080318450928,-1.0193970203399658,-1.0625325441360474,-0.8856202960014343,0.9544085264205932,1.5510075092315674,0.4756256937980652,0.1781440526247024,0.7726296782493591,1.07778000831604,-0.7235283255577087,0.8269439935684204,0.9948974251747132,0.7743679881095886,0.8320603966712952,0.6681835651397705,-1.2398076057434082,1.5221400260925293,0.9969561100006104,0.8670943975448608,0.8494071364402771,1.6330301761627195,0.3191598653793335,-0.9407111406326294,0.8093215823173523,1.0203016996383667,1.30099618434906,0.7557833790779114,1.5075020790100098,0.7032054662704468,1.314758062362671,0.2620449960231781,-0.222093179821968,1.0160033702850342,-0.2409818470478058,1.2213506698608398,2.924023151397705,0.4276399314403534,-0.4063685536384582,0.5136390328407288,0.9158617854118348
test_C6_00254,test_C6,C6,266,late,2,late,0.8277725187326093,0.7279256582260132,0.0077635860070586,0.0052621406503021,0.9869742393493652,0.0130257606506347,0.0712444814349491,0,0.7091728448867798,1.305338740348816,-1.0909546613693235,-0.6800497770309448,-1.0316174030303955,-0.9397067427635192,-1.051923155784607,-0.8856567740440369,1.0506541728973389,1.5288407802581787,0.4773909747600555,0.200407013297081,0.7903472185134888,1.0928044319152832,-0.7353549003601074,0.8362266421318054,1.022339105606079,0.7993167638778687,0.8473253846168518,0.6389208436012268,-1.2452762126922607,1.5050677061080933,1.0731863975524902,0.8580710291862488,0.7504185438156128,1.647881031036377,0.3626922965049743,-0.9039419293403624,0.8189553618431091,1.0432816743850708,1.363994002342224,0.8030607104301453,1.5743036270141602,0.6711881160736084,1.2765815258026123,0.3875173330307007,-0.3658739030361175,0.9659367203712464,-0.7470743060112,1.1868298053741455,2.967806577682495,0.4156834185123443,-0.4141799211502075,0.4633876383304596,0.9091179966926576
test_C6_00255,test_C6,C6,267,late,2,late,0.8345201104750046,0.7278257012367249,0.0077825537882745,0.0052435980178415,0.9869738817214966,0.0130261182785034,0.071239679912959,0,0.6979954838752747,1.2128633260726929,-1.0850549936294556,-0.6708618998527527,-0.9694486260414124,-0.8971325755119324,-0.9915234446525574,-0.8856929540634155,0.8821783661842346,1.3297598361968994,0.5243887305259705,0.1656392067670822,0.8037807941436768,1.035239577293396,-0.6401000618934631,0.7804324626922607,0.9484288096427916,0.7513242959976196,0.7830358147621155,0.5553224682807922,-1.2358198165893557,1.3738919496536257,1.0182117223739624,0.8335303664207458,-0.517392098903656,1.5180102586746216,0.1229040026664733,-0.8859207034111023,0.7243688702583313,0.924113929271698,1.3437741994857788,0.8093314170837402,1.4943411350250244,0.7613205313682556,1.1960484981536863,0.3165819048881531,-0.1777267754077911,1.198078989982605,0.01312624104321,1.245171070098877,2.806041955947876,0.3469602465629577,-0.4099119901657104,0.414352685213089,1.1244748830795288
test_C6_00256,test_C6,C6,268,late,2,late,0.8412677022173995,0.7243006229400635,0.008099609054625,0.0053598517552018,0.9865406155586244,0.0134593844413757,0.0731844319551595,0,0.8038555383682251,0.7294553518295288,-0.8981257677078247,-0.6778783202171326,-0.9254590272903442,-1.1333907842636108,-0.9495928287506104,-0.7802196145057678,0.4704271256923675,0.9879936575889589,0.8058688640594482,1.2247343063354492,0.649191677570343,0.9145742654800416,-0.8392922878265381,0.2567161321640014,0.4984484314918518,0.524549663066864,0.3492157757282257,0.5835383534431458,-1.107805848121643,0.9442301392555236,0.5811153650283813,1.1857366561889648,-6.298670291900635,0.7541016340255737,0.9666008353233336,-0.9232450127601624,0.1607313305139541,0.1516153663396835,1.5592397451400757,0.4870864748954773,0.6399096846580505,1.1354715824127195,0.9584839344024658,0.3895392417907715,1.313273787498474,1.3908867835998535,-2.26790714263916,1.6314735412597656,1.621256709098816,0.502825915813446,-0.3475268483161926,0.9183810353279114,0.702081024646759
test_C6_00257,test_C6,C6,269,late,2,late,0.8480152939597948,0.7272902727127075,0.0078180823475122,0.0053147217258811,0.9868671894073486,0.0131328105926513,0.0717349012953888,0,0.7520970106124878,1.1577788591384888,-1.0620735883712769,-0.6682511568069458,-0.9612188339233398,-0.8097512722015381,-0.9683524966239928,-0.8857645392417908,0.962301790714264,1.3510059118270874,0.531862199306488,0.193389356136322,0.7142109274864197,1.0935999155044556,-0.6503284573554993,0.7256925106048584,1.0892081260681152,0.7210807800292969,0.7381170392036438,0.5427404642105103,-1.2318912744522097,1.26431405544281,0.9804344773292542,0.8625912070274353,6.36604118347168,1.446069598197937,0.2075057625770568,-0.8961184024810791,0.7416355609893799,0.8495372533798218,1.4680466651916504,0.7792917490005493,1.4504436254501345,0.6700958609580994,1.268487572669983,0.2543369829654693,-0.195048987865448,1.15585196018219,-0.2349649667739868,1.2338249683380127,2.6575968265533447,0.4380157589912414,-0.4124245345592499,0.3105808198451996,1.0513625144958496
test_C6_00258,test_C6,C6,270,late,2,late,0.8547628857021901,0.7257544994354248,0.007973775267601,0.0053834482096135,0.986642837524414,0.0133571624755859,0.0727454589108452,0,0.8050616383552551,1.1500200033187866,-1.0571906566619873,-0.6858229637145996,-0.9967137575149536,-0.8565253615379333,-0.9892423748970032,-0.8857999444007874,1.0930267572402954,1.3777687549591064,0.5554032325744629,0.3115849792957306,0.7695228457450867,1.1695598363876345,-0.7422608733177185,0.7152501940727234,1.0553593635559082,0.7255095839500427,0.7275194525718689,0.6660851240158081,-1.252026915550232,1.2467873096466064,0.9882811903953552,0.9066231846809388,0.3170786798000335,1.3861546516418457,0.4396506547927856,-0.969663143157959,0.6325048208236694,0.8314536809921265,1.5645610094070437,0.7731518149375916,1.3972147703170776,0.7052547335624695,1.2548905611038208,0.446132481098175,-0.2595813870429992,1.120410680770874,-0.2354712337255478,1.2518357038497925,2.5975067615509038,0.5188194513320923,-0.4169909954071045,0.5353479981422424,0.974245548248291
test_C6_00259,test_C6,C6,271,late,2,late,0.8615104774445851,0.726554274559021,0.0078767770901322,0.0054035242646932,0.9867196679115297,0.0132803320884704,0.0724147846019261,0,0.7878251075744629,1.21098530292511,-1.0712727308273315,-0.6999287009239197,-1.014427661895752,-0.8978177309036255,-0.9903721809387208,-0.8858350515365601,1.0444939136505127,1.25180983543396,0.5254588723182678,0.1111104115843772,0.7081624269485474,1.0066345930099487,-0.6356400847434998,0.7508846521377563,0.9467691779136658,0.7483492493629456,0.7654389142990112,0.5698295831680298,-1.2720139026641846,1.2682799100875854,0.9905056357383728,0.9214097261428832,1.137008786201477,1.506433367729187,0.1816319078207016,-0.9971652626991272,0.9377351999282836,0.899770975112915,1.4973140954971311,0.7846519947052002,1.4787245988845823,0.5889835357666016,1.1538735628128052,0.2170079350471496,-0.4388226866722107,0.9808249473571776,-0.2359746247529983,1.0317344665527344,2.7775697708129883,0.3819579184055328,-0.4226762354373932,0.1629448235034942,0.8701426386833191
test_C6_00260,test_C6,C6,272,late,2,late,0.8682580691869803,0.723988950252533,0.0080683063715696,0.0055687450803816,0.986362874507904,0.0136371254920959,0.0740356577095494,0,0.8093332052230835,1.1588521003723145,-1.06760573387146,-0.6775965690612793,-0.9883742928504944,-0.8484262228012085,-0.974395513534546,-0.8858699202537537,1.0696935653686523,1.3371021747589111,0.5679861903190613,0.2179933786392212,0.8176813125610352,1.1182315349578855,-0.6749618053436279,0.7375050783157349,0.9992991089820862,0.7276057004928589,0.7607693076133728,0.5972118973731995,-1.2772434949874878,1.3715001344680786,0.9613760709762572,0.9997960925102234,0.4674834012985229,1.4820258617401123,0.3810102045536041,-0.9700660705566406,0.7599326968193054,0.8927469253540039,1.58140766620636,0.7447240948677063,1.4666444063186646,0.6355786919593811,1.17075514793396,0.2886413037776947,-0.353929340839386,1.1356474161148071,-0.2364751994609832,1.1394327878952026,2.761938571929932,0.4840482473373413,-0.4250428378582001,0.2280164361000061,1.047257900238037
test_C6_00261,test_C6,C6,273,late,2,late,0.8750056609293755,0.7256709337234497,0.0079223942011594,0.005462632048875,0.986615002155304,0.013384997844696,0.072895058873528,0,0.831658661365509,1.2072902917861938,-1.0715646743774414,-0.6529842019081116,-1.0146843194961548,-0.907659947872162,-0.9805563688278198,-0.8859045505523682,1.1367762088775637,1.4590768814086914,0.5785325765609741,0.0476388745009899,0.8775950074195862,1.1620426177978516,-0.583601713180542,0.7498735785484314,1.0009726285934448,0.7897571325302124,0.7744379043579102,0.5165375471115112,-1.2824347019195557,1.4534330368041992,0.9853367805480956,0.9792572855949402,0.7542493939399719,1.528498649597168,0.2194476872682571,-0.8979989290237427,0.9987778067588806,0.9156820774078368,1.6070799827575684,0.78237384557724,1.5153175592422483,0.614644467830658,1.2126939296722412,0.3087610602378845,-0.4277064204216003,0.9572970867156982,-0.2369729578495025,1.0371112823486328,2.782961130142212,0.5681836605072021,-0.4319939017295837,-0.0573574863374233,0.8731610774993896
test_C6_00262,test_C6,C6,274,late,2,late,0.8817532527559108,0.724215030670166,0.0080715604126453,0.0055813021026551,0.9863472580909728,0.0136527419090271,0.0741088741380875,0,0.7634970545768738,1.1800071001052856,-1.058280348777771,-0.6573304533958435,-1.0148112773895264,-0.838913083076477,-0.9741910696029664,-0.8859389424324036,0.8789268732070923,1.2857285737991333,0.4989099502563476,-0.1317699551582336,0.5857186913490295,1.0021629333496094,-0.4813129305839538,0.719677209854126,0.8548046946525574,0.7791104912757874,0.757300078868866,0.3973889052867889,-1.287588119506836,1.0622564554214478,0.9437192678451538,1.0268114805221558,0.2542969286441803,1.5136648416519165,0.2838956117630005,-0.9344618320465088,1.1208453178405762,0.8830162882804871,1.44826340675354,0.718172013759613,1.5023677349090576,0.5073707699775696,1.10945725440979,0.1045303791761398,-0.6008965373039246,0.8460756540298462,-0.7495052218437195,0.8484748601913452,2.707275867462158,0.465044766664505,-0.4377098083496094,-0.0563105344772338,0.7382520437240601
test_C6_00263,test_C6,C6,275,late,2,late,0.8885008445824465,0.7245842218399048,0.008012699894607,0.0055953590199351,0.9863919019699096,0.0136080980300903,0.073917538912231,0,0.753994345664978,1.2170333862304688,-1.0617413520812988,-0.6635892391204834,-1.0235694646835327,-0.8627961277961731,-0.9741158485412598,-0.8859730362892151,0.8820855617523193,1.173163652420044,0.4726378619670868,-0.3275572955608368,0.5610934495925903,1.0773930549621582,-0.484439492225647,0.7438214421272278,0.8754191398620605,0.8065277338027954,0.7879951000213623,0.387561023235321,-1.2927039861679075,0.9264822006225586,0.9730271100997924,1.013622760772705,1.0531834363937378,1.6256636381149292,0.264301061630249,-0.9706595540046692,1.2010008096694946,0.9333784580230712,1.4283254146575928,0.7552952170372009,1.5722160339355469,0.4156264960765838,1.2317054271697998,0.0477785170078277,-0.75848788022995,0.8107620477676392,-0.492566704750061,0.7645820379257202,2.8098504543304443,0.3461892604827881,-0.4489711821079254,-0.1026408225297927,0.7504940032958984
test_C6_00264,test_C6,C6,276,late,2,late,0.895248436408982,0.7225261330604553,0.0081955771893262,0.0057807834818959,0.9860236644744872,0.0139763355255126,0.0755869087483163,0,0.7548753023147583,1.220011591911316,-1.0633561611175537,-0.6367876529693604,-0.989259660243988,-0.8362264633178711,-0.956348478794098,-0.8860068917274475,0.8893516659736633,1.1425167322158811,0.4854336977005005,-0.38355153799057,0.6277567148208618,1.0195189714431765,-0.4230885803699493,0.7548389434814453,0.9624276161193848,0.806442379951477,0.8010550737380981,0.3378839790821075,-1.2977827787399292,0.9492860436439514,1.0135418176651,0.9857177138328552,0.7604068517684937,1.69741690158844,0.0271704643964767,-0.8725682497024536,1.4659366607666016,0.953596830368042,1.431402564048767,0.7298908829689026,1.6189926862716677,0.3746324181556701,1.0406084060668943,-0.0513155311346054,-0.8820971846580505,0.6973137855529785,-0.4925853312015533,0.6758913397789001,2.885872840881348,0.2987940609455108,-0.4564687013626098,-0.1730748564004898,0.6523621082305908
test_C6_00265,test_C6,C6,277,late,2,late,0.9019960282355176,0.7235239148139954,0.0081632351502776,0.0056959851644933,0.9861407279968262,0.0138592720031738,0.0750486499950545,0,0.8079790472984314,1.2174986600875854,-1.047346115112305,-0.6406581997871399,-1.0151865482330322,-0.7989662885665894,-0.956446886062622,-0.8860405087471008,1.0173550844192505,1.2604327201843262,0.5492467880249023,-0.483860582113266,0.8124797344207764,1.091652750968933,-0.4528616666793823,0.7254304885864258,0.893943727016449,0.8374695777893066,0.786648690700531,0.3822999894618988,-1.3028249740600586,1.1935639381408691,0.9745742678642272,0.973853349685669,0.1760476678609848,1.6380339860916138,-0.0870896056294441,-0.908728003501892,1.3982371091842651,0.9231380224227904,1.5711864233016968,0.6626330018043518,1.5955933332443235,0.4401838779449463,1.0392848253250122,-0.0679442659020423,-0.9521493315696716,0.7170706391334534,-0.7500273585319519,0.7042202949523926,2.7725274562835693,0.4413676559925079,-0.4692902863025665,-0.2882127463817596,0.6669422388076782
test_C6_00266,test_C6,C6,278,late,2,late,0.9087436200620532,0.7216888070106506,0.0083827227354049,0.0058598183095455,0.9857574701309204,0.0142425298690795,0.076770151610148,0,0.8247159123420715,1.1119520664215088,-1.0415748357772827,-0.6872657537460327,-1.0409269332885742,-0.6475926637649536,-1.0138887166976929,-0.8860739469528198,0.9403928518295288,1.144662618637085,0.5462326407432556,-0.6742563247680664,0.770903468132019,0.9888724088668824,-0.4564487040042877,0.7132660746574402,0.6866335272789001,0.8919071555137634,0.7754072546958923,0.3329900801181793,-1.307830810546875,1.1117618083953855,0.8629528880119324,0.8483165502548218,0.1442089080810547,1.2622759342193604,-0.2500490546226501,-0.9978526830673218,1.6592934131622314,0.894779622554779,1.5964337587356567,0.6822811365127563,1.4816499948501587,0.274189829826355,0.7824468016624451,-0.2250745594501495,-1.0973297357559204,0.5149611234664917,-1.2651091814041138,0.5673989653587341,2.312377452850342,0.4960653781890869,-0.4786801934242248,-0.5374818444252014,0.2583895027637481
test_C6_00267,test_C6,C6,279,late,2,late,0.9154912118885886,0.7138045430183411,0.0093267364427447,0.0063009532168507,0.98437237739563,0.0156276226043701,0.0828621911440451,0,0.8042635917663574,0.3312429785728454,-0.7203784584999084,-0.6436675786972046,-0.8707893490791321,-0.9980286955833436,-0.8837408423423767,-0.6926218271255493,0.0206304304301738,0.4188416004180908,0.7821274399757385,1.193873405456543,0.1486426591873169,0.5295658707618713,-0.6765422224998474,-0.1256548166275024,0.042148470878601,0.351932555437088,0.0330267585813999,0.483030617237091,-1.0279232263565063,0.3262935578823089,0.2411480695009231,1.156277775764465,-12.94981288909912,0.1468965709209442,0.9811574816703796,-0.9625918865203856,0.0029000032227486,-0.3806759417057037,1.508376121520996,0.1687247157096862,0.2136415839195251,1.0006659030914309,0.5692951679229736,0.4763871729373932,1.2847769260406494,1.3950481414794922,-1.5214022397994995,1.482734203338623,0.7283441424369812,0.4713720679283142,-0.3673684298992157,0.9726476669311525,0.427283376455307
test_C6_00268,test_C6,C6,280,late,2,late,0.9222388037151243,0.7212038040161133,0.0084585947915911,0.0060330587439239,0.985508382320404,0.0144916176795959,0.0779049248707605,0,0.7926258444786072,1.1211775541305542,-1.0092297792434692,-0.653473973274231,-1.0325099229812622,-0.6872760653495789,-0.9584935307502748,-0.8769592642784119,0.8791720271110535,1.2400801181793213,0.5588464736938477,-0.63478684425354,0.7586783170700073,1.1133477687835691,-0.4476747214794159,0.6664944291114807,0.7342990040779114,0.8102558255195618,0.7443317770957947,0.3401359617710113,-1.3177353143692017,1.1793982982635498,0.9828044176101683,0.9951986074447632,13.244091987609863,1.5098429918289185,-0.1703974157571792,-0.9804278016090392,1.5634689331054688,0.8505861759185791,1.4773073196411133,0.6912750005722046,1.5195591449737549,0.3371740877628326,0.9030298590660096,-0.2180419117212295,-1.041615605354309,0.6557695865631104,-1.2607513666152954,0.6322581768035889,2.636723518371582,0.5280638337135315,-0.4872234463691711,-0.4617734551429748,0.5731756091117859
test_C6_00269,test_C6,C6,281,late,2,late,0.9289863954575196,0.7178779244422913,0.0089185973629355,0.0062419632449746,0.9848394989967346,0.0151605010032653,0.0808514792107774,0,0.8091856837272644,1.114724040031433,-1.0046569108963013,-0.6731953024864197,-1.032570242881775,-0.7174279093742371,-0.9534229040145874,-0.8861726522445679,0.9110718369483948,1.3199518918991089,0.5919134020805359,-0.6082067489624023,0.8535759449005127,1.10334312915802,-0.4766533672809601,0.6651060581207275,0.7712065577507019,0.7957738637924194,0.7416892051696777,0.33139169216156,-1.3226345777511597,1.2279953956604004,0.9956303238868712,0.9785462617874146,0.4009186625480652,1.5038669109344482,-0.0048854579217731,-0.9981367588043212,1.495767593383789,0.843195378780365,1.570010542869568,0.748174250125885,1.5146827697753906,0.3741787374019623,1.0211396217346191,0.0469491519033908,-0.9978736639022828,0.6269398927688599,-1.5177630186080933,0.6567217111587524,2.6369690895080566,0.6174139380455017,-0.494804322719574,-0.3001623153686523,0.5418457984924316
test_C6_00270,test_C6,C6,282,late,2,late,0.9357339871999144,0.7195775508880615,0.0087119024246931,0.0062352940440177,0.985052764415741,0.014947235584259,0.0799335407843303,0,0.8706594705581665,1.0992982387542725,-0.99127459526062,-0.6661359667778015,-1.0326300859451294,-0.7131979465484619,-0.9476572871208192,-0.8862050771713257,1.059004306793213,1.3438024520874023,0.6383800506591797,-0.6418735384941101,0.9776777029037476,1.1269060373306274,-0.4292670786380768,0.6554295420646667,0.929124653339386,0.7878885269165039,0.7363154292106628,0.3490700125694275,-1.327499270439148,1.3092124462127686,1.0234827995300293,0.94482421875,0.3666203618049621,1.4837502241134644,0.0163067504763603,-0.9807401299476624,1.6638908386230469,0.8317133784294128,1.6508642435073853,0.7074641585350037,1.5008569955825806,0.3639200925827026,0.8777745962142944,-0.2669495046138763,-1.0298173427581787,0.5991486310958862,-0.997351348400116,0.6299735903739929,2.6244800090789795,0.6674262285232544,-0.5036745071411133,-0.4369548261165619,0.5084055066108704
test_C6_00271,test_C6,C6,283,late,2,late,0.9424815789423098,0.7140624523162842,0.0092918891459703,0.0068566584959626,0.9838514924049376,0.0161485075950622,0.0852476388104828,0,0.9073238372802734,1.1239233016967771,-0.9983726739883424,-0.6537507176399231,-1.0159133672714231,-0.7318813800811768,-0.936889111995697,-0.8862372636795044,1.1296141147613523,1.2594777345657349,0.662799060344696,-0.6905655264854431,1.027477145195007,1.2861206531524658,-0.4205713868141174,0.6705378890037537,0.9045819640159608,0.7775344252586365,0.7448671460151672,0.2878447473049164,-1.332329511642456,1.285664677619934,0.996012270450592,0.9222222566604614,0.7396917939186096,1.5778261423110962,-0.1948064714670181,-0.9721805453300476,1.9318987131118772,0.8483421206474304,1.6976889371871948,0.6768617033958435,1.5454691648483276,0.3150286674499511,0.8079324960708618,-0.4090376496315002,-1.1010968685150146,0.3949482142925262,-1.2559351921081543,0.5888596177101135,2.692593812942505,0.584319531917572,-0.5093235373497009,-0.5205784440040588,0.2935831844806671
test_C6_00272,test_C6,C6,284,late,2,late,0.949229170684705,0.7171517014503479,0.0088529027998447,0.0064291418530046,0.9847179055213928,0.0152820944786071,0.0814298320290186,0,0.8804677724838257,1.0817480087280271,-0.9896807670593262,-0.6731984615325928,-1.0327486991882324,-0.6980758905410767,-0.95045006275177,-0.8862692713737488,1.005300760269165,1.1694903373718262,0.6070813536643982,-0.8039325475692749,0.8164313435554504,1.1341923475265503,-0.4246133863925934,0.6626728177070618,0.7339328527450562,0.774447500705719,0.7380972504615784,0.2799320816993713,-1.3371256589889526,1.040831446647644,0.995063543319702,0.936991274356842,0.4384473860263824,1.4848133325576782,-0.4203316867351532,-1.0070983171463013,2.053845167160034,0.8350034952163696,1.655277967453003,0.675216019153595,1.4944730997085571,0.2032422572374344,0.7821784615516663,-0.4314751625061035,-1.2238870859146118,0.4103661179542541,-1.2543692588806152,0.5245791673660278,2.6222240924835205,0.5583667755126953,-0.5134886503219604,-0.438779205083847,0.2931000292301178
test_C6_00273,test_C6,C6,285,late,2,late,0.9559767624271,0.7151066660881042,0.0091582303866744,0.0067203897051513,0.9841214418411256,0.0158785581588745,0.0840622528964635,0,0.9067274332046508,1.1048285961151123,-0.9903656244277954,-0.6887996792793274,-1.0328073501586914,-0.7161662578582764,-0.9461212158203124,-0.8863010406494141,1.077513337135315,1.2702175378799438,0.6381463408470154,-0.6936235427856445,0.9303191900253296,1.1186590194702148,-0.4411263465881347,0.6760634183883667,0.7828646302223206,0.7838125824928284,0.7553151845932007,0.3113045394420624,-1.3418883085250854,1.2353955507278442,1.0173382759094238,0.9148291349411012,0.9284231066703796,1.505676031112671,-0.261214017868042,-1.0071592330932615,2.01936674118042,0.866489052772522,1.69068443775177,0.7181798219680786,1.5157318115234375,0.2765871882438659,0.8379958868026733,-0.3960636556148529,-1.171106457710266,0.337270438671112,-1.2528131008148191,0.5599338412284851,2.650413274765014,0.6532412767410278,-0.522046685218811,-0.1959803402423858,0.2263556122779846
test_C6_00274,test_C6,C6,286,late,2,late,0.9618936363706976,0.7161245346069336,0.0090395426377654,0.0065798489376902,0.9843806028366088,0.0156193971633911,0.0829170220837201,0,0.8931747078895569,1.088485598564148,-0.9951680302619934,-0.6618370413780212,-1.0328656435012815,-0.6929470896720886,-0.9477229714393616,-0.8863325715065002,1.042203664779663,1.2588528394699097,0.6265828013420105,-0.7805287837982178,0.9214389324188232,1.103879451751709,-0.4573394656181335,0.7006657123565674,0.7795965671539307,0.7973921298980713,0.7762485146522522,0.3031233251094818,-1.346617579460144,1.2420971393585205,1.013913869857788,0.9417945146560668,1.1784478425979614,1.530112385749817,-0.3316234648227691,-0.9899743795394896,2.2682554721832275,0.9056208729743958,1.6596300601959229,0.700560450553894,1.5571883916854858,0.5014108419418335,0.8353868722915649,-0.6619065999984741,-1.2470884323120115,0.234358936548233,-1.772009253501892,0.8006439805030823,2.7113265991210938,0.6377732157707214,-0.5269666314125061,-0.2374054789543151,0.1360225677490234
test_C6_00275,test_C6,C6,287,late,2,late,0.9669797925154976,0.7125243544578552,0.0094775129109621,0.0070126373320817,0.9835098385810852,0.0164901614189147,0.0867372160625579,0,0.9386121034622192,1.0720199346542358,-1.0002089738845823,-0.6790573000907898,-1.032923460006714,-0.6590462923049927,-0.942227065563202,-0.8863638639450073,1.1241037845611572,1.36222505569458,0.6707494854927063,-0.821861743927002,1.019202470779419,1.1252676248550415,-0.473251610994339,0.704809844493866,0.9311721920967102,0.7971125841140747,0.7783557772636414,0.3729596436023712,-1.3374669551849363,1.354455590248108,1.0305057764053345,0.9175813794136048,0.7592336535453796,1.5089411735534668,-0.2430134564638137,-1.007279872894287,2.1325576305389404,0.90993332862854,1.7387628555297852,0.7164759039878845,1.556388020515442,0.4104828238487243,0.9192000031471252,-0.382335215806961,-1.334586501121521,0.3263316452503204,-1.7686513662338257,0.7900068163871765,2.717843770980835,0.7573571801185608,-0.5277608633041382,0.4268543422222137,0.2633835971355438
test_C6_00276,test_C6,C6,288,late,2,late,0.9712352308615,0.7172452807426453,0.009000539779663,0.0064162793569266,0.9845832586288452,0.0154167413711547,0.0820028407804121,0,1.1889153718948364,1.0838028192520142,-1.0000100135803225,-0.6477167010307312,-1.0000108480453491,-0.6650985479354858,-0.9184627532958984,-0.8863949775695801,1.7425034046173096,1.7841721773147583,0.8901592493057251,-0.6122165322303772,1.6494174003601074,1.576166749000549,-0.6004572510719299,0.7136011123657227,1.336982488632202,0.8073030114173889,0.7892345786094666,0.5060577988624573,-1.3559775352478027,1.8575431108474727,1.0554120540618896,0.9062904119491576,0.941100776195526,1.5625356435775757,0.5680001974105835,-0.973088264465332,1.733611226081848,0.9291735887527466,1.8502228260040283,0.6869935393333435,1.5966652631759644,0.5214589834213257,0.758397102355957,0.0077158492058515,-1.2508864402770996,0.4641028940677643,-2.54545259475708,0.8844119310379028,2.7689433097839355,1.15446674823761,-0.5350124835968018,2.180292844772339,0.475036084651947
test_C6_00277,test_C6,C6,289,late,2,late,0.9746599514087048,0.7178816199302673,0.0088584870100021,0.0063111060298979,0.984830379486084,0.015169620513916,0.0809121696349148,0,1.361888408660889,0.7669280767440796,-1.0302566289901731,-0.7948246598243713,-0.9919679164886476,-1.8569163084030151,-0.9118565917015076,-0.8864258527755737,1.4864712953567505,1.559565544128418,1.206012487411499,0.3832069337368011,1.6878098249435425,1.6022037267684937,-0.3292688131332397,0.4487531781196594,1.3405414819717407,0.526204526424408,0.5168212652206421,0.5848482251167297,-1.2093478441238403,1.8909848928451536,0.8510008454322815,0.9422248601913452,-4.599902629852295,1.0439249277114868,1.4433698654174805,-1.0073987245559692,0.8016491532325745,0.4945187866687774,1.9172276258468628,0.686968982219696,0.6318490505218506,1.2019885778427124,1.0589778423309326,0.2456220686435699,0.1352679580450058,1.6747957468032837,2.662371635437012,1.5587713718414309,2.2947049140930176,1.3917832374572754,-0.4763389229774475,-0.0303724966943264,1.2095063924789429
test_C6_00278,test_C6,C6,290,late,2,late,0.9772539541571122,0.7199472784996033,0.0086228903383016,0.006051777396351,0.9853253960609436,0.0146746039390563,0.0787017944122258,0,1.335539698600769,0.8365074992179871,-1.0005558729171753,-0.784386157989502,-1.0412802696228027,-1.656646966934204,-0.9596635699272156,-0.8775924444198608,1.4057451486587524,1.4244221448898315,1.065294623374939,-0.0820864737033844,1.4014497995376587,1.3867466449737549,-0.384043425321579,0.4531516134738922,1.2062281370162964,0.517002284526825,0.5396983027458191,0.290260374546051,-1.2829868793487549,1.602077841758728,0.7219859957695007,0.9565721154212952,0.513042688369751,0.976980686187744,0.677307665348053,-0.9989538788795472,1.3191165924072266,0.5313413143157959,1.8967037200927732,0.5612258911132812,0.7904527187347412,0.6031437516212463,0.8688504099845886,-0.0314765572547912,-0.3640620410442352,1.144560694694519,-0.9842846989631652,1.0120867490768433,2.178058385848999,1.225613355636597,-0.5135778784751892,-0.2775619029998779,0.6991223096847534
test_C6_00279,test_C6,C6,291,late,2,late,0.9790172391067218,0.7208319306373596,0.0084721529856324,0.0059394910931587,0.985588312149048,0.0144116878509521,0.0775290294479573,0,1.3868180513381958,0.8277208805084229,-0.9801258444786072,-0.7607004046440125,-1.0331507921218872,-1.5852727890014648,-0.943929135799408,-0.8688197135925293,1.44090473651886,1.5573209524154663,1.1285418272018433,-0.0680711045861244,1.4893710613250732,1.5760202407836914,-0.4502107799053192,0.4231428205966949,1.308651089668274,0.4862145185470581,0.5246934294700623,0.3337948620319366,-1.315150260925293,1.650675654411316,0.669617235660553,0.985112965106964,0.1388625800609588,1.0054965019226074,0.9681495428085328,-0.9905669689178468,1.2414612770080566,0.5068233609199524,1.930550456047058,0.5886862874031067,0.7950440645217896,0.7545695304870605,0.9051470160484314,0.1730234026908874,-0.3758269548416137,1.0931602716445925,-1.2437418699264526,1.059741497039795,2.198128700256348,1.4101800918579102,-0.5206418633460999,0.2199814468622207,0.6572706699371338
test_C6_00280,test_C6,C6,292,late,2,late,0.979949806257534,0.7222868204116821,0.0083625884726643,0.0057595451362431,0.9858778715133668,0.0141221284866333,0.076214185549095,0,1.342703342437744,0.8417280316352844,-0.9842138290405272,-0.7612069249153137,-1.0413362979888916,-1.5055851936340332,-0.9467118978500366,-0.8865172266960144,1.3220199346542358,1.496557593345642,1.1318238973617554,-0.0842807739973068,1.478767991065979,1.4731186628341677,-0.4414677321910858,0.4447935223579407,1.1508978605270386,0.5125570893287659,0.5390974283218384,0.3382541537284851,-1.319873929023743,1.7728434801101685,0.7386813163757324,0.990004301071167,0.7372407913208008,0.9922616481781006,1.0709526538848877,-0.9906830787658693,1.2599865198135376,0.5343742370605469,1.888503909111023,0.6872754096984863,0.8411388993263245,0.804477334022522,0.974816083908081,0.1070441156625747,-0.3402281999588012,0.9218823313713074,-0.9815337657928468,1.1025631427764893,2.168659448623657,1.380076885223389,-0.5271102786064148,0.0949497446417808,0.5066925287246704
test_C6_00281,test_C6,C6,293,late,2,late,0.980882373408346,0.723466694355011,0.0081825861707329,0.0056290854699909,0.9861882328987122,0.0138117671012878,0.0748189025932773,0,1.3706717491149902,0.8199331164360046,-0.9759646654129028,-0.7281091809272766,-1.025160312652588,-1.4836310148239136,-0.9340639710426332,-0.886547327041626,1.329858660697937,1.472075581550598,1.163907170295715,-0.0923595950007438,1.506000280380249,1.516793131828308,-0.4451399743556976,0.4290677607059479,1.1449236869812012,0.5018107295036316,0.5285738110542297,0.3553967475891113,-1.3652552366256714,1.7574492692947388,0.7111679911613464,1.0229923725128174,0.316590279340744,1.0071595907211304,1.1261409521102903,-0.9739649891853333,1.3793798685073853,0.5193521976470947,1.9221476316452024,0.7077057361602783,0.8676295280456543,0.8042544722557068,1.0365551710128784,-0.0307820718735456,-0.2549784779548645,0.8987427353858948,-0.7194142937660217,1.143352746963501,2.1866042613983154,1.3678566217422483,-0.5337410569190979,0.0695775747299194,0.5083330273628235
test_C6_00282,test_C6,C6,294,late,2,late,0.9818149405591582,0.7245869636535645,0.0080953715369105,0.0055157640017569,0.986388862133026,0.0136111378669738,0.0739040634543295,0,1.4092261791229248,0.8502174019813538,-0.9665592908859252,-0.7358078956604004,-1.0413916110992432,-1.430898666381836,-0.9359211325645448,-0.8865771293640137,1.399768948554993,1.5322140455245972,1.191116452217102,-0.2407256364822387,1.576246976852417,1.54629385471344,-0.4487514495849609,0.4284052848815918,1.180370569229126,0.5183489322662354,0.5410120487213135,0.30865278840065,-1.383293390274048,1.728586196899414,0.7929601669311523,0.9873390793800354,0.7118924856185913,1.0631428956985474,1.1254066228866575,-0.974136769771576,1.3883737325668335,0.5432268977165222,1.9448271989822388,0.7375202178955078,0.9369344711303712,0.7326659560203552,0.9878698587417604,0.09628926217556,-0.4144311249256134,0.7866597175598145,-1.5037182569503784,1.0426875352859497,2.221703052520752,1.423569917678833,-0.545678436756134,0.697715699672699,0.4384270310401916
test_C6_00283,test_C6,C6,295,late,2,late,0.9827475077099702,0.726219117641449,0.0079501271247863,0.0053834249265491,0.9866663813591005,0.0133336186408996,0.0726417107704436,0,1.2935041189193726,0.8457956910133362,-0.9628645777702332,-0.7295439839363098,-1.0333720445632937,-1.4129563570022583,-0.9286832809448242,-0.886606752872467,1.1207619905471802,1.388978123664856,1.1018725633621216,-0.3021694719791412,1.315032720565796,1.3531486988067627,-0.3913539946079254,0.4217567145824432,1.037502408027649,0.5199422240257263,0.5356680750846863,0.2880553007125854,-1.3877379894256592,1.5247739553451538,0.7971500158309937,1.0110795497894287,0.3066907823085785,1.0463382005691528,1.0021978616714478,-0.9659477472305298,1.55478036403656,0.5361798405647278,1.838966727256775,0.7166081070899963,0.942075490951538,0.799963653087616,0.8462803959846497,-0.1578061580657959,-0.4449098110198974,0.7196599245071411,-0.715882420539856,1.1328283548355105,2.195105791091919,1.3082051277160645,-0.552222490310669,0.1300017386674881,0.3688962757587433
test_C6_00284,test_C6,C6,296,late,2,late,0.9836800748607823,0.7263782620429993,0.0079625528305768,0.0053143734112381,0.986723005771637,0.013276994228363,0.0723682952894373,0,1.3095614910125732,0.8486343026161194,-0.9455001950263976,-0.7197564840316772,-1.0414462089538574,-1.38769268989563,-0.9388493299484252,-0.8779518008232117,1.1035908460617063,1.2922192811965942,1.107585906982422,-0.3410160839557647,1.2670873403549194,1.4315534830093384,-0.432233601808548,0.3990705907344818,1.0617934465408323,0.5244948863983154,0.5234328508377075,0.3311437964439392,-1.3921526670455933,1.484306573867798,0.8025124669075012,0.9856248497962952,0.1004324108362197,1.0171269178390503,0.8188087344169617,-0.9578140377998352,1.695381999015808,0.5165839195251465,1.85111141204834,0.7449460625648499,0.9255620837211608,0.5963088274002075,1.032631516456604,-0.3118906319141388,-0.7806833386421204,0.730660080909729,-1.764369010925293,1.0365352630615234,2.1794090270996094,1.2611993551254272,-0.5637379884719849,-0.2471844106912613,0.3758794367313385
test_C6_00285,test_C6,C6,297,late,2,late,0.9846126420115944,0.7266040444374084,0.0079294573515653,0.0052647213451564,0.9868059158325196,0.0131940841674804,0.0719865878548467,0,1.3113901615142822,0.8091263175010681,-0.9249107241630554,-0.6966459155082703,-1.0254876613616943,-1.3337186574935913,-0.9157493710517884,-0.8693550825119019,0.9997986555099488,1.224204659461975,1.1096924543380735,-0.2674356698989868,1.1327834129333496,1.320002555847168,-0.3753706216812134,0.342242956161499,1.0822643041610718,0.472596675157547,0.4735408723354339,0.2597742974758148,-1.3965375423431396,1.4161804914474487,0.6907870173454285,0.9632208943367004,-0.8195679187774658,0.9217604994773864,1.034326672554016,-0.941431760787964,1.5034964084625244,0.4311752915382385,1.8525474071502688,0.6951220035552979,0.8631117343902588,0.6081721782684326,1.1354031562805176,-0.2664074301719665,-0.734717845916748,0.8433701992034912,-0.7114253640174866,1.1351805925369265,2.036144495010376,1.2858752012252808,-0.5680944323539734,-0.2942220568656921,0.4622849524021148
test_C6_00286,test_C6,C6,298,late,2,late,0.9855452091624064,0.7262866497039795,0.0079606361687183,0.0052390075288712,0.9868003129959106,0.0131996870040893,0.0720010127662491,0,1.3070892095565796,0.760748028755188,-0.9095606207847596,-0.7134340405464172,-1.0414999723434448,-1.2722865343093872,-0.9305152297019958,-0.8521899580955505,0.9260333776474,1.1228129863739014,1.09377121925354,-0.1054047271609306,1.0169906616210938,1.2392947673797607,-0.4888514876365661,0.3060174584388733,1.060437798500061,0.4581814706325531,0.440825343132019,0.3787272870540619,-1.400892972946167,1.2885777950286863,0.6773549318313599,0.9827386736869812,-0.3163632154464721,0.8087418079376221,0.8575369119644165,-0.9582613706588744,1.3354711532592771,0.3773253560066223,1.822200417518616,0.7784333825111389,0.7988348007202148,0.7163646221160889,1.418143391609192,-0.0775747373700141,-0.6003935933113098,0.9398440718650818,-1.2371501922607422,1.118025302886963,1.9381022453308103,1.2671369314193726,-0.5731062889099121,0.0295878928154706,0.5292803049087524
test_C6_00287,test_C6,C6,299,late,2,late,0.9864777763132186,0.7251976728439331,0.0080681536346673,0.0052395537495613,0.9866923689842224,0.0133076310157775,0.0724745526998055,0,1.306481957435608,0.6695703268051147,-0.876081645488739,-0.6832250356674194,-1.0256481170654297,-1.2019097805023191,-0.9084789752960204,-0.8179450035095215,0.784542977809906,1.018425226211548,1.131624698638916,-0.2434695810079574,0.9111186861991882,1.3160051107406616,-0.286571592092514,0.2195613980293274,0.8843823075294495,0.373503714799881,0.3636546432971954,0.2189446985721588,-1.3919280767440796,1.0990663766860962,0.5477780699729919,0.962821125984192,-1.536870360374451,0.7025730609893799,0.8948845267295837,-0.9254915714263916,1.2944658994674685,0.2492869943380355,1.823723554611206,0.8571606278419495,0.6721242666244507,0.6108054518699646,1.173594951629639,-0.050192691385746,-0.4281153082847595,0.891409695148468,-1.4988999366760254,0.984333872795105,1.788259983062744,1.286080837249756,-0.5729506611824036,-0.2774365246295929,0.3888739347457886
test_C6_00288,test_C6,C6,300,late,2,late,0.9874103434640308,0.7242662310600281,0.0081806629896163,0.0052913469262421,0.986527979373932,0.0134720206260681,0.073212854523889,0,1.1663347482681274,0.5663797855377197,-0.863176703453064,-0.741154134273529,-0.9624248743057252,-1.5501668453216553,-0.8745692372322083,-0.8096343278884888,0.4319030344486236,0.7445456385612488,0.9690277576446532,-0.0570058375597,0.4876908659934997,0.6320585608482361,-0.3887965679168701,0.1588360518217086,0.4812167286872864,0.4521908164024353,0.280913770198822,0.1871435195207595,-1.1710742712020874,0.6615762710571289,0.5283879637718201,0.9036267399787904,-1.3059535026550293,0.6103949546813965,0.5145491361618042,-1.0080245733261108,1.153497576713562,0.0906607508659362,1.7305517196655271,0.3972856998443603,0.4659562706947326,0.5670868158340454,0.6049776077270508,-0.1200693473219871,-0.1404908299446106,1.1267250776290894,-2.0229640007019043,0.9412344098091124,1.5083857774734497,1.0097248554229736,-0.5047271847724915,-0.328846663236618,0.4688615500926971
test_C6_00289,test_C6,C6,301,late,2,late,0.9883429106148428,0.724574089050293,0.0081290192902088,0.0052926461212337,0.9865782856941224,0.0134217143058776,0.0729936324923499,0,1.570569396018982,0.6394554376602173,-0.8506560921669006,-0.6967818737030029,-1.0415793657302856,-1.2039910554885864,-0.9305843114852904,-0.8013788461685181,1.1417768001556396,1.174774408340454,1.3599745035171509,-0.0752022564411163,1.27534019947052,1.3300727605819702,-0.4052260518074035,0.1550173610448837,1.0078718662261963,0.332193911075592,0.3177189230918884,0.2813446521759033,-1.4137855768203735,1.3048317432403564,0.5195267796516418,0.7773143649101257,0.6724745035171509,0.5740008354187012,2.033166646957397,-0.9425352215766908,1.001989245414734,0.1743718385696411,2.0049943923950195,0.5492901802062988,0.6036028861999512,0.661681592464447,1.0376358032226562,0.3435099422931671,-0.3495655059814453,0.877998948097229,-1.228456974029541,1.095317006111145,1.650292992591858,1.593883037567139,-0.5930729508399963,0.0064000240527093,0.3215518295764923
test_C6_00290,test_C6,C6,302,late,2,late,0.9892754777656552,0.7233025431632996,0.0082518085837364,0.0053379782475531,0.9864102005958556,0.0135897994041442,0.0737446502115342,0,1.5184181928634644,0.5600607395172119,-0.8393803238868713,-0.7032501697540283,-1.033745050430298,-1.1276633739471436,-0.9120638370513916,-0.7931780219078064,0.9563759565353394,1.086439847946167,1.332536697387695,-0.0213809069246053,1.0946213006973269,1.156381368637085,-0.361432820558548,0.1252788603305816,0.8762553930282593,0.2836752831935882,0.2872295975685119,0.2614627778530121,-1.4180262088775637,1.2320833206176758,0.4704287946224212,0.7842251658439636,-0.5294819474220276,0.4992102086544037,1.998249173164368,-0.9754699468612672,0.9894068837165833,0.1264511942863464,1.984995484352112,0.4288649260997772,0.5299757719039917,0.7147485017776489,0.8018790483474731,0.4233231544494629,-0.282085120677948,0.8727603554725647,-1.4910322427749634,1.1250852346420288,1.5676100254058838,1.5948675870895386,-0.5970619916915894,-0.0158226769417524,0.2640374898910522
test_C6_00291,test_C6,C6,303,late,2,late,0.9902080449164672,0.7231982350349426,0.0082640452310442,0.0053590042516589,0.9863770604133606,0.0136229395866394,0.0738976682068201,0,1.5457420349121094,0.5314440727233887,-0.8261650204658508,-0.7033416032791138,-1.033797025680542,-1.071784734725952,-0.9100764393806458,-0.7765474915504456,0.949225664138794,0.965195894241333,1.34614360332489,-0.0599218197166919,1.0574142932891846,1.2322345972061155,-0.402107685804367,0.1090480908751487,0.7805522680282593,0.270260602235794,0.2770078480243683,0.2668770551681518,-1.422238826751709,1.1378729343414309,0.4241824448108673,0.7686117887496948,-0.058026298880577,0.4862144291400909,1.9396404027938845,-0.9837705492973328,1.1024773120880127,0.1115235611796379,1.9963775873184204,0.3275063931941986,0.5236307978630066,0.6487261652946472,0.6751430034637451,0.3363527953624725,-0.3071768879890442,0.639321506023407,-1.7529510259628296,1.0775364637374878,1.5260108709335327,1.4855693578720093,-0.6074534058570862,-0.0293982997536659,0.0201518610119819
test_C6_00292,test_C6,C6,304,late,2,late,0.9911406120672792,0.7223459482192993,0.0083380714058876,0.0054260329343378,0.9862359166145324,0.0137640833854675,0.0745374777938102,0,1.407513976097107,0.5422036051750183,-0.8195198774337769,-0.68002849817276,-1.0260398387908936,-1.114374041557312,-0.902093231678009,-0.8023058772087097,0.7190993428230286,0.7272523641586304,1.2054152488708496,-0.3284043371677398,0.7813725471496582,1.0534749031066897,-0.2988253831863403,0.0956043899059295,0.7897877097129822,0.2507323324680328,0.2718624472618103,0.2223120033740997,-1.4264237880706787,1.0461074113845823,0.4567805528640747,0.6228559017181396,0.1149084642529487,0.5086802840232849,1.51191508769989,-0.9190073013305664,1.2285157442092896,0.1064663305878639,1.9246280193328855,0.3693791031837463,0.5225393772125244,0.5252861380577087,0.7012930512428284,0.2535624206066131,-0.5943372845649719,0.7098555564880371,-1.221072793006897,0.947177529335022,1.5916924476623535,1.1748273372650146,-0.6160973310470581,0.3221161663532257,0.0993383303284645
test_C6_00293,test_C6,C6,305,late,2,late,0.9920731792180912,0.7228519320487976,0.0082908337935805,0.0054059028625488,0.9863032698631288,0.0136967301368713,0.074236765524654,0,1.4564789533615112,0.5247841477394104,-0.8303726315498352,-0.689272940158844,-1.0027673244476318,-1.0805472135543823,-0.8867530822753906,-0.8447516560554504,0.7828755378723145,0.8332040905952454,1.2522258758544922,-0.2943897247314453,0.8541796803474426,1.0189608335494995,-0.3521010875701904,0.1139600351452827,0.750861406326294,0.2521138787269592,0.2822881937026977,0.2406630963087082,-1.4305813312530518,1.1376919746398926,0.4001529812812805,0.6441956162452698,0.6276274919509888,0.5191818475723267,1.480967998504639,-0.9678663611412048,1.3384848833084106,0.1303329914808273,1.9361333847045896,0.2706851065158844,0.52755206823349,0.5872877836227417,0.5711421370506287,0.2726163864135742,-0.6228594779968262,0.632944643497467,-1.4845733642578125,1.0208139419555664,1.5983145236968994,1.3257402181625366,-0.6229314804077148,1.1930859088897705,0.0258022602647542
test_C6_00294,test_C6,C6,306,late,2,late,0.9930057463689036,0.7220061421394348,0.0083743799477815,0.0054665990173816,0.9861590266227722,0.0138409733772277,0.0748871343909359,0,1.5388808250427246,0.4728126227855682,-0.8183489441871643,-0.664753794670105,-0.9951622486114502,-0.998056709766388,-0.8806689381599426,-0.8365163207054138,0.8603746891021729,0.9467697739601136,1.3722376823425293,-0.254119724035263,1.0106124877929688,1.1798688173294067,-0.2974785268306732,0.0867356956005096,0.7845648527145386,0.2283582240343094,0.2659686505794525,0.1343385875225067,-1.4347115755081177,1.1712952852249146,0.388182520866394,0.6324695944786072,-0.1185469701886177,0.4743390083312988,1.3466336727142334,-0.8955191969871521,1.374337077140808,0.1068069115281105,1.9888206720352173,0.1679463982582092,0.5176147818565369,0.6765381693840027,0.3822985589504242,0.1216315031051635,-0.513736367225647,0.6186003684997559,-1.2172966003417969,1.159599542617798,1.5553570985794067,1.5241020917892456,-0.6317993402481079,1.0814285278320312,0.010086191818118
test_C6_00295,test_C6,C6,307,late,2,late,0.9939383135197154,0.7220006585121155,0.0083778053522109,0.0054737194441258,0.986148476600647,0.013851523399353,0.0749356718102623,0,1.4831233024597168,0.4672582149505615,-0.8175150752067566,-0.6551547050476074,-1.0108039379119873,-0.977666676044464,-0.8803026676177979,-0.8702008724212646,0.754711389541626,0.9291169047355652,1.3177902698516846,-0.3197722733020782,0.8825895190238953,1.063170313835144,-0.2554897964000702,0.0956373140215873,0.6615877747535706,0.23393614590168,0.2750480771064758,0.1412192583084106,-1.438814997673035,1.1013489961624146,0.381007969379425,0.6543996930122375,0.5812995433807373,0.4809466600418091,1.1659876108169556,-0.879873514175415,1.575550198554993,0.12711963057518,1.948638677597046,0.1402359753847122,0.5133963823318481,0.6492903232574463,0.3339020013809204,0.0389810465276241,-0.5364546775817871,0.4958055913448334,-1.7468098402023315,1.1252162456512451,1.585741400718689,1.5260744094848633,-0.6377775073051453,0.8568596839904785,-0.1169540137052536
test_C6_00296,test_C6,C6,308,late,2,late,0.9948708806705276,0.7212540507316589,0.0084431255236268,0.0055161896161735,0.9860407114028932,0.0139592885971069,0.0754195540051674,0,1.5916882753372192,0.4159418642520904,-0.8092818856239319,-0.6491755843162537,-1.003222107887268,-0.9642608165740968,-0.8718738555908203,-0.8786284923553467,0.8334378004074097,0.8405371308326721,1.4278182983398438,-0.2111951857805252,0.9664550423622132,1.0654484033584597,-0.261557012796402,0.0630694329738617,0.647079586982727,0.2050306648015976,0.2440756410360336,0.1107603535056114,-1.429988980293274,1.0441343784332275,0.347845196723938,0.6875160932540894,-0.4140021204948425,0.4183140695095062,1.3743003606796265,-0.8723361492156982,1.5267935991287231,0.0801404491066932,2.021437883377075,0.0851471275091171,0.4539883136749267,0.684264063835144,0.1646409481763839,0.2141375839710235,-0.3660688698291778,0.4331876933574676,-1.7437840700149536,1.1952500343322754,1.513092041015625,1.4872961044311523,-0.6369132399559021,1.5207911729812622,-0.2131620347499847
test_C6_00297,test_C6,C6,309,late,2,late,0.9958034478213396,0.7216882109642029,0.0084149036556482,0.0054697110317647,0.9861154556274414,0.0138845443725585,0.0750775947632094,0,1.5224045515060425,0.4325533509254455,-0.8132495880126953,-0.6454277634620667,-1.0110541582107544,-0.9774255752563475,-0.869295060634613,-0.8870015740394592,0.7065632939338684,0.7099398970603943,1.3508416414260864,-0.2975222170352936,0.8022648692131042,1.0416501760482788,-0.2319773286581039,0.0707715153694152,0.6387313008308411,0.1915532499551773,0.2466093897819519,0.1178889572620391,-1.4212201833724976,1.0213679075241089,0.2943553328514099,0.6326029300689697,0.3483947813510895,0.4567716419696808,1.3222512006759644,-0.872828483581543,1.5751217603683472,0.0890224650502204,1.960982203483581,0.03523875400424,0.4820846915245056,0.6053365468978882,0.2108425498008728,0.067278154194355,-0.3933066725730896,0.425917387008667,-1.4750114679336548,1.1178609132766724,1.5524389743804932,1.2921912670135498,-0.6366021037101746,0.9006040096282959,-0.200391948223114
test_C6_00298,test_C6,C6,310,late,2,late,0.996736014972152,0.7211099863052368,0.0084760775789618,0.0054926979355514,0.986031174659729,0.0139688253402709,0.0754514013883107,0,1.52579927444458,0.3833366930484772,-0.818474531173706,-0.6294206976890564,-0.9652326703071594,-0.9028251767158508,-0.8575600981712341,-0.8870283961296082,0.6038694977760315,0.7231433391571045,1.3902556896209717,-0.2598775625228882,0.7145993709564209,0.7797741889953613,-0.179056629538536,0.0531485527753829,0.6663151383399963,0.1689299792051315,0.2183919101953506,0.0381348617374897,-1.3996883630752563,0.8971676230430603,0.3270620107650757,0.6913326382637024,-0.3539581000804901,0.3979286551475525,0.9752784967422484,-0.8414971232414246,1.503059983253479,0.0484205819666385,1.9620035886764529,-0.0333097539842128,0.4440461099147796,0.7254300117492676,0.1196438744664192,-0.0468618161976337,-0.1792560070753097,0.7827922701835632,-1.472967505455017,1.1091430187225342,1.5019901990890503,1.3921949863433838,-0.6281609535217285,1.0013680458068848,0.151119127869606
test_C6_00299,test_C6,C6,311,late,2,late,0.9976685821229638,0.7194292545318604,0.0086715379729866,0.0055588106624782,0.9857696294784546,0.0142303705215454,0.0766075373526927,0,1.2098826169967651,0.3339632749557495,-0.7531962990760803,-0.709657609462738,-0.9502376317977904,-1.357957124710083,-0.8473901152610779,-0.7713372111320496,0.1196899116039276,0.4128006398677826,0.9870138764381408,-0.1114476770162582,0.1074388921260833,0.3808299005031585,-0.2569468915462494,-0.0648422315716743,0.1102418228983879,0.3965716958045959,0.0937139689922332,0.1079292297363281,-1.1099514961242676,0.2700880765914917,0.283365249633789,0.7477414608001709,-2.49200177192688,0.1981974989175796,0.2671211361885071,-1.0086060762405396,1.184170842170715,-0.1919298768043518,1.6890108585357666,0.2091883867979049,0.2235111594200134,0.3620269298553467,0.3905786573886871,-0.0198278855532407,-0.332604706287384,0.9366416335105896,-1.4709364175796509,0.786169171333313,0.8879507184028625,0.9999898076057434,-0.5236805081367493,-0.3300186097621918,0.1029224917292594
test_C6_00300,test_C6,C6,312,late,2,late,0.998601149273776,0.720753014087677,0.0085376165807247,0.0054786899127066,0.985983669757843,0.0140163302421569,0.0756514105500787,0,1.596086859703064,0.3308457434177398,-0.809737503528595,-0.6117684245109558,-0.8972963094711304,-0.8713759779930115,-0.8199136853218079,-0.8870815634727478,0.6327255368232727,0.6429049372673035,1.4435703754425049,-0.2426442205905914,0.7131716012954712,0.8419424295425415,-0.1329871118068695,0.0153238084167242,0.6614429354667664,0.1382434368133545,0.1844764947891235,0.0160580463707447,-1.3825136423110962,0.8467563390731812,0.2161400318145752,0.7241333723068237,2.2170681953430176,0.3614521026611328,1.3215272426605225,-0.8268616795539856,1.370136857032776,0.0026190634816884,2.024722099304199,-0.1337572187185287,0.3982940316200256,0.6281490325927734,0.0137299327179789,0.1550657451152801,-0.2811869084835052,0.718272864818573,-1.735600471496582,0.9917805194854736,1.4619144201278689,1.3352230787277222,-0.6270422339439392,0.9708166122436525,0.0634481236338615
test_C6_00301,test_C6,C6,313,late,2,late,0.999067432849182,0.7187787294387817,0.0087485779076814,0.0055718785151839,0.985679566860199,0.014320433139801,0.0770006924837795,0,1.620025873184204,0.3213956654071808,-0.7992796897888184,-0.5975437164306641,-0.8750299215316772,-0.8612506985664368,-0.8101493120193481,-0.8788951635360718,0.6105108261108398,0.6170399785041809,1.455910086631775,-0.2241479307413101,0.6774924397468567,0.8863213658332825,-0.1285013556480407,-0.017973830923438,0.5402410626411438,0.1223139017820358,0.1596627086400985,-0.0130487624555826,-1.4120982885360718,0.790164589881897,0.2046761363744735,0.8023855686187744,-0.0870799869298935,0.3652352392673492,1.1753246784210205,-0.8196141123771667,1.545485496520996,-0.033922366797924,2.0255300998687744,-0.1730387359857559,0.3783718049526214,0.5839849710464478,-0.1351004987955093,0.0335692167282104,-0.2386263608932495,0.6432524919509888,-1.4657611846923828,0.9190657138824464,1.4367835521697998,1.3145911693572998,-0.631220817565918,0.8996744155883789,-0.0253818705677986
test_C6_00302,test_C6,C6,314,late,2,late,0.9995337164245882,0.718859076499939,0.008748116903007,0.0055684209801256,0.9856835007667542,0.0143164992332458,0.0769824019402664,0,1.654982566833496,0.3313681185245514,-0.795208752155304,-0.5905222296714783,-0.8680254220962524,-0.8237499594688416,-0.8046754002571106,-0.8871340751647949,0.6659031510353088,0.5533894896507263,1.4731228351593018,-0.1918139010667801,0.7206342220306396,0.8928460478782654,-0.1594945937395095,-0.0161615218967199,0.5050645470619202,0.1162775307893753,0.1720879077911377,0.0199869908392429,-1.4541507959365845,0.7791069746017456,0.1557429879903793,0.859733521938324,0.5935142636299133,0.3858272433280945,1.0595099925994873,-0.8124127388000488,1.6782760620117188,-0.0084589291363954,2.036384344100952,-0.1694689989089965,0.4089634120464325,0.634201169013977,-0.1486817151308059,-0.0707988962531089,-0.2430260628461837,0.496255874633789,-1.7309820652008057,0.9433146119117736,1.454350829124451,1.209548830986023,-0.6411705017089844,1.2409250736236572,-0.1536904275417328
test_C6_00303,test_C6,C6,315,late,2,late,0.999999999999994,0.7168352007865906,0.0089856358245015,0.0057178414426743,0.9852964282035828,0.0147035717964172,0.0787031779016128,0,1.6079996824264526,0.3696213960647583,-0.7735393047332764,-0.5234958529472351,-0.8459933996200562,-0.8161731362342834,-0.7786582708358765,-0.8626782298088074,0.6118427515029907,0.6458724737167358,1.39970862865448,-0.2099266648292541,0.6156858801841736,0.956453502178192,-0.1429963856935501,-0.0338099300861358,0.4057357609272003,0.0949026569724083,0.1808930486440658,-0.0090911835432052,-1.4707043170928955,0.677781343460083,0.159637376666069,0.7185274958610535,0.2713781297206878,0.4280985891819,1.0120668411254885,-0.7895993590354919,1.7890863418579102,0.0074064275249838,2.007091522216797,-0.2299457788467407,0.4655804336071014,0.7311018705368042,-0.2922187447547912,-0.1778311878442764,-0.1391659080982208,0.4359022676944732,-1.72808575630188,1.057787537574768,1.523014783859253,1.305219650268555,-0.6642010807991028,1.6349791288375854,-0.1782291680574417
