sample_id,split,condition,run_id,true_stage,true_stage_id,pred_stage,q_true,q_hat,p_E,p_M,p_L,uncertainty,entropy,misclassified,ch3_wp_energy_ratio_8__rel,ch2_iqr__rel,ch1_q25__rel,ch2_skew__rel,ch2_kurtosis__online_rank,ch2_q25__rel,ch2_kurtosis__rel,ch1_q25__online_rank,ch3_wp_energy_8__rel,ch2_band_power_q4__rel,ch3_band_ratio_q4_q1__rel,ch3_wp_energy_ratio_6__rel,ch3_band_power_q4__rel,ch5_wp_energy_8__rel,ch5_q25__rel,ch1_iqr__rel,ch1_wp_energy_8__rel,ch5_dom_power__rel,ch1_rms__rel,ch5_q75__rel,ch1_spec_centroid__online_rank,ch1_band_power_q4__rel,ch4_wp_energy_1__rel,ch3_skew__rel,ch1_dom_power__slope,ch2_dom_power__rel,ch3_wp_energy_ratio_5__rel,ch2_skew__online_rank,ch6_wp_energy_ratio_1__rel,ch1_var__rel,ch3_wp_energy_ratio_8__online_rank,ch4_band_power_q1__rel,ch2_rms__rel,ch4_wp_energy_7__rel,ch2_wp_energy_2__rel,ch6_wp_energy_ratio_4__rel,ch3_wp_energy_ratio_7__rel,ch2_wp_energy_ratio_8__rel,ch5_median__rel,ch5_wp_energy_7__rel,ch6_wp_energy_1__rel,ch2_band_ratio_q4_q1__rel,ch1_spec_centroid__rel,ch4_dom_power__rel,ch2_wp_energy_8__rel
test_C6_00000,test_C6,C6,12,early,0,early,0.0543003305631503,0.3084273636341095,0.953852355480194,0.0314449332654476,0.0147026730701327,0.0461476445198059,0.1965130298325786,0,-0.1257886588573455,-0.5411297678947449,0.1608755588531494,0.9584552645683287,0.7309187650680542,-0.5013356804847717,0.2846569120883941,0.1757584661245346,-1.2250901460647583,-1.0612914562225342,0.0631998255848884,-0.8821256160736084,-1.5216472148895264,-1.3711494207382202,0.2949369847774505,-1.1064778566360474,-1.583381414413452,-0.2877675294876098,-0.97017103433609,-1.202985167503357,-1.3697762489318848,-1.475585699081421,-0.6345699429512024,0.7421991229057312,-0.1427676677703857,-1.1487994194030762,-1.0185134410858154,1.4416258335113523,1.0648066997528076,-1.13307785987854,-0.352514773607254,-0.5423703789710999,-0.8817546963691711,-0.9810985922813416,-0.5292837023735046,-0.3352623581886291,-0.4914744198322296,-1.001344919204712,-1.3619234561920166,-0.7072956562042236,-1.0801416635513306,-0.5737391710281372,-2.410163164138794,-0.5852763652801514,-1.3683255910873413
test_C6_00001,test_C6,C6,13,early,0,early,0.0607357409228696,0.31106698513031,0.9517534971237184,0.0332558825612068,0.0149906519800424,0.0482465028762817,0.203180241515489,0,-0.0487364120781421,-1.440834879875183,-0.3490699827671051,0.4508754014968872,-0.1364481300115585,-0.2046341300010681,-0.075099691748619,-0.4998452663421631,-1.0092414617538452,-0.5924107432365417,0.1251282840967178,-0.7822745442390442,-1.186982035636902,-1.2958042621612549,1.7195355892181396,-1.6658077239990234,-1.0314507484436035,-0.1252442896366119,-1.6782535314559937,0.494647204875946,-0.8602838516235352,-0.8406043648719788,-0.2114708125591278,1.248642921447754,-0.2009637206792831,-1.7731016874313354,-0.6568449139595032,-0.455367237329483,1.115238070487976,-1.7136849164962769,-0.1501967310905456,-1.0152148008346558,-1.4598586559295654,-0.8406742215156555,-1.0395241975784302,-0.042628601193428,-0.3179339468479156,-0.8993645310401917,2.1627798080444336,-0.5772955417633057,-0.4361687898635864,-0.4573881030082702,-1.4942480325698853,-0.4981880187988281,-1.3857768774032593
test_C6_00002,test_C6,C6,14,early,0,early,0.0675207371477249,0.3111720383167267,0.9515602588653564,0.0336621738970279,0.014777629636228,0.0484397411346435,0.2036121072221683,0,-0.1474449336528778,-1.4723036289215088,-0.1433062851428985,0.5429326891899109,-0.0321032479405403,0.2460005283355713,-0.0476866550743579,-0.3444799482822418,-1.2054990530014038,-1.018508791923523,-0.0240363255143165,-1.0444029569625854,-1.5500116348266602,-1.2886477708816528,0.4436866343021393,-1.635483741760254,-1.2355496883392334,0.0390359722077846,-1.567458987236023,-0.9879012703895568,-0.9912961721420288,-1.2930073738098145,-0.9699893593788148,1.3500481843948364,-0.1387490034103393,-1.6565145254135132,-0.9421432018280028,-0.1437183618545532,0.2599819600582123,-1.71624755859375,-0.6531015634536743,-0.8589919805526733,-1.352698802947998,-0.8486109375953674,-1.1157890558242798,0.6748912930488586,-0.5934229493141174,-0.8984326124191284,-0.9538546204566956,-0.5935244560241699,-1.419506549835205,-0.4735948741436004,-1.5795493125915527,-0.4057661294937134,-1.318195939064026
test_C6_00003,test_C6,C6,15,early,0,early,0.0746968680474152,0.310904860496521,0.95039165019989,0.0348266959190368,0.0147817023098468,0.0496083498001098,0.2071509781286998,0,-0.1487810164690017,-1.5223596096038818,-0.059590145945549,0.5344959497451782,0.3748418092727661,0.3388711214065552,-0.0068180137313902,-0.0384573526680469,-1.28830087184906,-1.3644189834594729,-0.0465065352618694,-1.129300832748413,-1.779219388961792,-1.2601306438446045,0.502562403678894,-1.6566038131713867,-1.3965877294540403,0.0439431481063365,-1.5142829418182373,-0.8216219544410706,-1.1048401594161987,-1.51999831199646,-0.9885795712471008,1.412598729133606,-0.1439041942358017,-1.6481878757476809,-1.0188618898391724,-0.2024348080158233,0.3490731716156006,-1.7114495038986206,-0.6681308746337891,-0.9387162327766418,-1.387782335281372,-0.8447073698043823,-1.1463611125946045,0.2983664572238922,-0.6495441794395447,-0.918258786201477,-0.7541662454605103,-0.6042877435684204,-1.3881158828735352,-0.4900937378406524,-1.5737701654434204,0.2364071905612945,-1.556046485900879
test_C6_00004,test_C6,C6,16,early,0,early,0.0810622745661246,0.3110153973102569,0.9494444131851196,0.035890195518732,0.014665444381535,0.0505555868148803,0.2098957261271078,0,-0.1517342776060104,-1.4963747262954712,-0.0133479479700326,0.5576150417327881,0.4341879785060882,0.441739022731781,0.0136790424585342,0.0686505585908889,-1.399943709373474,-1.2416822910308838,-0.0428693555295467,-1.1347360610961914,-1.9223852157592771,-1.2428539991378784,0.4819213449954986,-1.6362571716308594,-1.4754310846328735,0.0576887242496013,-1.4628050327301023,-0.7865744233131409,-1.2041912078857422,-1.673224925994873,-1.0463155508041382,1.379906415939331,-0.1397143006324768,-1.5985442399978638,-1.0694177150726318,0.20858034491539,0.285658061504364,-1.6834547519683838,-0.681281566619873,-1.0562855005264282,-1.351325750350952,-0.8379391431808472,-1.1943734884262085,0.3383007943630218,-0.644605815410614,-0.9043558239936828,-0.650429368019104,-0.5945573449134827,-1.4024749994277954,-0.4640829563140869,-1.5602035522460938,0.3120245039463043,-1.464597225189209
test_C6_00005,test_C6,C6,17,early,0,early,0.0874276810764199,0.3112186789512634,0.9472103714942932,0.0380255989730358,0.0147639755159616,0.0527896285057067,0.2165769490309667,0,-0.1198247522115707,-1.5045149326324463,0.074451096355915,0.5453435182571411,0.6261902451515198,0.5427039265632629,0.0517796240746974,0.1631575375795364,-1.2022098302841189,-1.2573319673538208,-0.011847604997456,-1.0986374616622925,-1.774498701095581,-1.219451665878296,0.4604560732841491,-1.6266213655471802,-1.4308159351348877,0.0840590968728065,-1.4025112390518188,-0.7061181664466858,-0.5905525088310242,-1.4153512716293335,-1.0143316984176636,1.6633317470550537,-0.1429178416728973,-1.5192019939422607,-0.9912903904914856,0.1360482573509216,0.4145103693008423,-1.6717815399169922,-0.6928851008415222,-1.103908658027649,-1.324126362800598,-0.8127192258834839,-1.1919456720352173,0.2892820537090301,-0.6432101130485535,-0.9027515649795532,-0.5465185642242432,-0.5782843828201294,-1.3241273164749146,-0.4554265737533569,-1.5106992721557615,-0.4026444554328918,-1.4676377773284912
test_C6_00006,test_C6,C6,18,early,0,early,0.0935881687037735,0.310677707195282,0.9462599754333496,0.0391161851584911,0.0146237723529338,0.0537400245666503,0.21922253339302,0,-0.1197243481874466,-1.5193724632263184,0.1645358502864837,0.5338291525840759,0.5330982208251953,0.6753319501876831,0.0565315932035446,0.389974296092987,-1.324449062347412,-1.3346072435379028,0.0110975885763764,-1.113405466079712,-1.8342207670211792,-1.1989868879318235,0.478110134601593,-1.7040754556655884,-1.37409245967865,0.0861528143286705,-1.3594934940338137,-0.7181594371795654,-0.4866560399532318,-1.561511754989624,-0.959184467792511,1.4141535758972168,-0.142784908413887,-1.5393749475479126,-1.0164940357208252,-0.0654297620058059,0.4547695219516754,-1.6790164709091189,-0.7031993865966797,-0.9059364795684814,-1.269777774810791,-0.8562922477722168,-1.1777781248092651,0.39571014046669,-0.6469689607620239,-0.9132343530654908,-0.5453614592552185,-0.5900607109069824,-1.4008244276046753,-0.4541553556919098,-1.4648107290267944,-1.152912974357605,-1.5248669385910034
test_C6_00007,test_C6,C6,19,early,0,early,0.0995437374397715,0.3121246099472046,0.9431028962135316,0.0420581512153148,0.0148389302194118,0.0568971037864685,0.2284663448593353,0,0.1131230816245079,-1.4530404806137085,-0.1894644349813461,0.481636494398117,-0.9245266318321228,-0.1040852665901184,-0.0828007459640502,-0.4894380271434784,-1.0633665323257446,-0.5418825149536133,0.3302923440933227,-0.7309827208518982,-1.2987782955169678,-1.1564668416976929,-0.1276775002479553,-1.85198712348938,-1.2673006057739258,-0.3199167847633362,-1.7171993255615234,-1.7744561433792114,-0.3936960101127624,-1.273786544799805,-0.7418436408042908,0.8035515546798706,-0.1511648893356323,-1.881924033164978,-0.5998134613037109,-0.3754938244819641,0.8137922883033752,-1.833293080329895,0.1181408762931823,-0.8768129944801331,-1.6852009296417236,-0.812549352645874,-0.98179692029953,0.2044294774532318,-0.2454762011766433,-0.8287263512611389,-2.583756446838379,-0.5342143774032593,-0.9952051639556884,-0.3611467182636261,-1.4486438035964966,-1.19659161567688,-1.4674431085586548
test_C6_00008,test_C6,C6,20,early,0,early,0.1052943872844138,0.3115330934524536,0.9424165487289428,0.0427373871207237,0.0148459803313016,0.0575834512710571,0.2304107442473783,0,0.1557441502809524,-1.5847779512405396,-0.1516901850700378,0.5050243139266968,-0.3373120427131653,0.1164345145225524,-0.017190147191286,-0.3812026679515838,-0.9196311831474304,-0.7147107124328613,0.3996043503284454,-0.7565769553184509,-1.175961136817932,-1.142530083656311,0.4789577722549438,-1.8838430643081665,-1.0784391164779663,-0.3315627872943878,-1.7515257596969604,-1.3188807964324951,-0.7074360847473145,-1.0013973712921145,-0.88294517993927,1.0302679538726809,-0.1440532952547073,-1.850677728652954,-0.7858409881591797,-0.284637838602066,0.5921372771263123,-1.8860102891922,0.2261148244142532,-0.940272331237793,-1.6771492958068848,-0.8330222964286804,-1.1192173957824707,0.131086841225624,-0.2671213150024414,-0.7918474078178406,-1.3713229894638062,-0.5468764901161194,-1.4095220565795898,-0.3619992434978485,-1.4475797414779663,-1.1948379278182983,-1.2369744777679443
test_C6_00009,test_C6,C6,21,early,0,early,0.1108401182377004,0.3095632791519165,0.9472193717956544,0.0379470288753509,0.0148336226120591,0.0527806282043457,0.216610518994033,0,-0.0414834879338741,-0.9937969446182252,0.9524269104003906,0.6226725578308105,0.7591788172721863,-0.39353147149086,0.1776477992534637,1.308042049407959,-0.9160410761833192,-0.301502913236618,0.2040539979934692,-0.9521027207374572,-0.8832802176475525,-1.0838559865951538,1.7328466176986694,-0.9956790208816528,-1.101118087768555,0.0636872351169586,-0.4459952712059021,0.645921528339386,-1.5590163469314575,-0.4279003143310547,-0.3027681708335876,1.724112629890442,-0.0916438549757003,-1.463222861289978,-0.8988915681838989,0.9718942046165466,0.7873336672782898,-1.1490843296051023,-0.577954888343811,-1.0278526544570925,-1.4117053747177124,-0.3467863202095032,-0.5712530016899109,-0.3905536830425262,-0.4734419584274292,-0.7976730465888977,2.3919734954833984,0.0341169089078903,-0.544427752494812,-0.3674135208129883,-1.8711553812026975,-0.196974828839302,-0.9552584290504456
test_C6_00010,test_C6,C6,22,early,0,early,0.1161809303080454,0.3078551888465881,0.9496676325798036,0.0357016623020172,0.0146306548267602,0.0503323674201965,0.2092011466367392,0,-0.0942353084683418,-0.95930677652359,1.1033098697662354,0.7444406151771545,0.7848697900772095,0.1819250732660293,0.2957045137882232,1.6752692461013794,-0.749409019947052,-0.1807481944561004,0.0947133004665374,-1.1230119466781616,-0.8266484141349792,-1.0397874116897583,0.2104443609714508,-1.0194965600967407,-1.1636507511138916,0.2910879254341125,-0.3458289802074432,-0.6893466711044312,-1.610627293586731,-0.4086138606071472,-1.0267045497894287,1.9638534784317017,-0.1365391463041305,-1.2495557069778442,-0.8344675898551941,0.9932456612586976,0.5532205700874329,-1.1556966304779053,-0.7350797653198242,-0.7838460803031921,-1.1883193254470823,-0.4608092308044433,-0.4708218574523926,-0.111835666000843,-0.6201562285423279,-0.8184630870819092,-0.7362862825393677,-0.1579359769821167,-1.2642691135406494,-0.3408841788768768,-1.9161847829818728,-0.3885549008846283,-0.8563538789749146
test_C6_00011,test_C6,C6,23,early,0,early,0.1213168234786207,0.3078605234622955,0.9508517384529114,0.0343896858394146,0.0147586008533835,0.0491482615470886,0.2057455699294764,0,-0.1020561754703521,-1.060995101928711,1.129294991493225,0.7834672331809998,0.808326780796051,0.3227193057537079,0.3914514183998108,1.6752692461013794,-0.7763809561729431,-0.2336939126253128,0.074906937777996,-1.1193112134933472,-0.7954768538475037,-1.0443683862686155,0.2785860598087311,-1.0656425952911377,-1.105101227760315,0.3359698355197906,-0.3621580302715301,-0.560302197933197,-1.6577502489089966,-0.4083528518676758,-0.9757786393165588,1.97469425201416,-0.1406913548707962,-1.116327166557312,-0.8003472685813904,1.0127404928207395,0.8077639937400818,-1.1691025495529177,-0.7413172721862793,-0.5894455313682556,-1.1741007566452026,-0.5390501022338867,-0.3165777921676636,-0.3279343545436859,-0.6329135894775391,-0.8285964131355286,-0.5219077467918396,-0.2011781930923462,-1.091684103012085,-0.3361053466796875,-1.8882545232772827,-1.0289942026138306,-0.9483623504638672
test_C6_00012,test_C6,C6,24,early,0,early,0.1262477977578404,0.3084187507629394,0.9513874650001526,0.0336827263236045,0.0149296820163726,0.0486125349998474,0.2042505061925285,0,-0.0943780690431594,-1.051611304283142,1.098521709442139,0.7887275815010071,0.9287393093109132,0.4830639660358429,0.413077712059021,1.6752692461013794,-0.7746134996414185,-0.3752342462539673,0.0818329229950904,-1.1397922039031982,-0.8646410703659058,-1.0241347551345823,0.3421715497970581,-1.0949856042861938,-1.138800859451294,0.309098482131958,-0.4228974878787994,-0.5746709108352661,-1.70094633102417,-0.3560619354248047,-0.9957820177078248,1.9723944664001465,-0.1429601311683654,-1.1544216871261597,-0.8532907962799072,1.0306106805801392,0.7189292311668396,-1.225633144378662,-0.7470349073410034,-0.8427873253822327,-1.1146684885025024,-0.4547750055789947,-0.5762411952018738,-0.0928704813122749,-0.6526749730110168,-0.8239840865135193,-0.5215243697166443,-0.1384522020816803,-1.1575722694396973,-0.3408252298831939,-1.898087739944458,-1.2185803651809692,-0.8711051344871521
test_C6_00013,test_C6,C6,25,early,0,early,0.13117877203706,0.3089019358158111,0.9520279765129088,0.0329797081649303,0.0149923004209995,0.047972023487091,0.202342267419247,0,-0.0722543746232986,-1.1283055543899536,1.0950701236724854,0.8093559741973877,0.944564938545227,0.6407594084739685,0.4434133470058441,1.6752692461013794,-0.5448871850967407,-0.2488097250461578,0.1123255267739296,-1.1185857057571411,-0.5821296572685242,-0.9848482608795166,0.3602195084095001,-1.100370168685913,-1.0051252841949463,0.2910212874412536,-0.4419472515583038,-0.5402112007141113,-1.7406867742538452,-0.3638595342636108,-0.9693400263786316,1.8867127895355225,-0.1404015868902206,-1.1505619287490845,-0.7878699898719788,1.0470513105392456,0.6522788405418396,-1.227173924446106,-0.752295196056366,-0.7078161835670471,-1.121086359024048,-0.4434377551078796,-0.5128850936889648,-0.1343133598566055,-0.6250109076499939,-0.8150914907455444,-0.4113720059394836,-0.1157834976911544,-1.1680394411087036,-0.3104745745658874,-1.8901524543762207,-0.774194061756134,-0.8448023200035095
test_C6_00014,test_C6,C6,26,early,0,early,0.1361097463162796,0.3093636631965637,0.952582597732544,0.0322404094040393,0.0151770133525133,0.047417402267456,0.2007684939870773,0,-0.0765047445893287,-1.118115782737732,1.1350089311599731,0.7690996527671814,0.8678714036941528,0.6756343841552734,0.4173581600189209,1.6752692461013794,-0.7017443180084229,-0.3220674395561218,0.1109255850315094,-1.124056339263916,-0.7299466133117676,-0.9733505249023438,0.3341753780841827,-1.1771671772003174,-1.277315378189087,0.3012431561946869,-0.4708671569824219,-0.4579015672206878,-1.4716747999191284,-0.1716378778219223,-0.9355592131614684,1.8418933153152464,-0.145576536655426,-1.0655299425125122,-0.8291131854057312,0.8725279569625854,0.5122796893119812,-1.280187487602234,-0.7571508288383484,-0.7717955708503723,-1.0742692947387695,-0.3885528147220611,-0.6535552740097046,-0.0513475947082042,-0.6352060437202454,-0.8498992323875427,-0.4130817353725433,-0.0797933861613273,-1.101895093917847,-0.3163145780563354,-1.8436756134033203,-0.0076269092969596,-1.067549705505371
test_C6_00015,test_C6,C6,27,early,0,early,0.1410407205954993,0.3098851144313812,0.9526476860046388,0.0319205746054649,0.0154316779226064,0.0473523139953613,0.2007389659832004,0,-0.0687949806451797,-1.1614068746566772,1.1183431148529053,0.756910502910614,0.9726994037628174,0.7700945138931274,0.4454209208488464,1.6752692461013794,-0.6662962436676025,-0.2546904981136322,0.1147156208753585,-1.08002507686615,-0.7065951228141785,-0.9520341753959656,0.265583336353302,-1.183531403541565,-1.1728270053863523,0.2656204104423523,-0.4821251928806305,-0.3780117034912109,-1.8113363981246948,-0.1766667664051056,-1.0709116458892822,1.7458404302597046,-0.1388368159532547,-1.0866668224334717,-0.7877362370491028,0.802268922328949,0.2171498984098434,-1.2608798742294312,-0.7616468071937561,-0.9095210433006288,-1.0876635313034058,-0.014051117002964,-0.606700599193573,-0.2409998774528503,-0.5853445529937744,-0.8190246224403381,-0.4146992266178131,0.3536629378795624,-1.1106634140014648,-0.2952120900154114,-1.8450185060501096,0.433570384979248,-0.8809424042701721
test_C6_00016,test_C6,C6,28,early,0,early,0.1459716948747189,0.3103255033493042,0.9526540040969848,0.031653419137001,0.0156925041228532,0.0473459959030151,0.2008889525090942,0,-0.0647203773260116,-1.1638842821121216,1.1226648092269895,0.7554798722267151,1.0700396299362185,0.8439957499504089,0.460815966129303,1.6752692461013794,-0.6867491602897644,-0.2093532830476761,0.1387143284082412,-1.0796724557876587,-0.5867902040481567,-0.9465166330337524,0.1569590866565704,-1.1894268989562988,-1.3297771215438845,0.2762752175331116,-0.4822652339935303,-0.3494393527507782,-1.2751562595367432,-0.1815491765737533,-0.983709990978241,1.748858094215393,-0.1428723782300949,-1.0143324136734009,-0.7939695715904236,0.8251031041145325,0.2734046578407287,-1.252144455909729,-0.765821635723114,-0.6300595998764038,-1.0454576015472412,0.3566398918628692,-0.6370401978492737,-0.3478733897209167,-0.5623441338539124,-0.8342399597167969,-0.5331860184669495,0.7615212798118591,-1.0192809104919434,-0.2855417728424072,-1.791530966758728,0.1030637696385383,-0.9603214859962464
test_C6_00017,test_C6,C6,29,early,0,early,0.1509026691539386,0.3104191422462463,0.95267516374588,0.0313874892890453,0.0159373208880424,0.0473248362541198,0.2009770889212174,0,-0.0584645420312881,-1.2374396324157717,1.1295785903930664,0.7502198815345764,1.2425235509872437,0.8703542947769165,0.480974018573761,1.6752692461013794,-0.7786818146705627,-0.1170431524515152,0.1724827587604522,-1.0324230194091797,-0.5185269117355347,-0.968052327632904,0.1820278316736221,-1.278234362602234,-1.2268269062042236,0.2286128401756286,-0.5441210269927979,-0.3702123165130615,-1.187061786651611,-0.0163542386144399,-1.0087562799453735,1.7117559909820557,-0.1436148583889007,-1.1128261089324951,-0.7664837837219238,0.9314001202583312,0.239808440208435,-1.327797532081604,-0.769708514213562,-0.7512158155441284,-1.140998125076294,0.3745686113834381,-0.713161289691925,-0.2501186430454254,-0.4989332854747772,-0.8140344619750977,-0.5326774716377258,0.8138531446456909,-1.1040735244750977,-0.2480601519346237,-1.7605304718017578,-0.6401069164276123,-0.9527058601379396
test_C6_00018,test_C6,C6,30,early,0,early,0.1554870761471252,0.3101087212562561,0.9528656601905824,0.0311665032058954,0.0159678701311349,0.0471343398094177,0.2004035511885877,0,-0.0671848803758621,-1.2946239709854126,1.131112575531006,0.7581464052200317,1.2452521324157717,0.9821053743362428,0.5155298709869385,1.6752692461013794,-0.8342881798744202,-0.2033484280109405,0.1402333825826645,-1.0505690574645996,-0.6496765613555908,-0.9555601477622986,0.204847052693367,-1.2448832988739014,-1.0731580257415771,0.2574149072170257,-0.5130311250686646,-0.3399279415607452,-1.3697762489318848,-0.0143767558038234,-1.0594401359558103,1.6984888315200806,-0.1390596628189087,-1.0445820093154907,-0.7882322072982788,1.0306106805801392,0.3154106140136719,-1.2877678871154783,-0.7733362913131714,-0.8515895009040833,-1.0999783277511597,0.3251443207263946,-0.6312097311019897,-0.0546617060899734,-0.5296810865402222,-0.8014528751373291,-0.4106883108615875,0.7938684821128845,-1.0368300676345823,-0.2514249384403229,-1.7562217712402344,-1.1661332845687866,-0.8359284996986389
test_C6_00019,test_C6,C6,31,early,0,early,0.1597249158626929,0.3100453317165375,0.9532483220100404,0.0310382861644029,0.0157134011387825,0.0467516779899597,0.1990551237630377,0,0.1522760838270187,-1.1987820863723757,0.6062257885932922,0.6241586208343506,0.2523207366466522,-0.2896850109100342,0.1448305696249008,0.8460466861724854,-1.1345231533050537,-0.6537218689918518,0.4493451118469238,-0.78363436460495,-1.2857950925827026,-1.0214940309524536,-0.156547263264656,-1.611214518547058,-1.6833621263504028,-0.365448385477066,-1.166088581085205,-1.6836010217666626,-0.7715335488319397,-1.183977127075195,-0.8701346516609192,0.9460124969482422,-0.1663331687450409,-1.736236572265625,-0.9346135258674622,0.4074586629867553,0.6556548476219177,-1.6505268812179563,0.1395749151706695,-1.0650314092636108,-1.7622485160827637,-0.621690571308136,-0.9430069327354432,-0.4008466899394989,-0.2739395499229431,-0.7449055314064026,-2.7011048793792725,-0.31975057721138,-1.146389126777649,-0.2937769889831543,-1.6794737577438354,0.3291294276714325,-1.304270625114441
test_C6_00020,test_C6,C6,32,early,0,early,0.1636161882838135,0.3103636801242828,0.953287661075592,0.030978100374341,0.0157341957092285,0.0467123389244079,0.1989452041748804,0,0.1659956127405166,-1.2342157363891602,0.6277764439582825,0.6286762952804565,0.2858226001262665,-0.0936258807778358,0.1814164817333221,0.8719598650932312,-1.009729027748108,-0.9236845970153807,0.4378775358200073,-0.8621909618377686,-1.401033878326416,-1.0308207273483276,0.3124625980854034,-1.6560232639312744,-1.2026618719100952,-0.3691936135292053,-1.1720730066299438,-1.1034555435180664,-0.7074360847473145,-1.2911744117736816,-1.013805270195007,0.9382482171058656,-0.1438906490802765,-1.8093661069869995,-0.8642135262489319,0.4397763907909393,0.3736665546894073,-1.688797116279602,0.2063888162374496,-1.105459690093994,-1.7231662273406982,-0.6518818140029907,-0.9498956203460692,-0.190549686551094,-0.3540118038654327,-0.765159010887146,-1.3176404237747192,-0.3681229948997497,-1.5975724458694458,-0.3236161768436432,-1.6461883783340454,0.2818368673324585,-1.3977007865905762
test_C6_00021,test_C6,C6,33,early,0,early,0.1671608934273151,0.3106437027454376,0.95305734872818,0.0307776350528001,0.0161650646477937,0.04694265127182,0.1999235210621718,0,0.1504363715648651,-1.5434609651565552,1.6618728637695312,0.7233147621154785,1.2524455785751345,0.1069447696208953,0.684624195098877,1.6752692461013794,-0.6504050493240356,-0.2181392014026641,0.3716214299201965,-0.7084751725196838,-0.4370906949043274,-0.942969024181366,1.8349553346633911,-2.8260693550109863,-0.7867757081985474,0.0268727615475654,-0.7190722227096558,0.8499816060066223,0.4366060495376587,0.2458964586257934,0.6247901916503906,1.11226224899292,-0.1734504550695419,-1.4643609523773191,-0.3750770688056946,0.6195955276489258,0.6219107508659363,-1.986719012260437,0.0778708755970001,-0.152511641383171,-1.932883620262146,-0.8392050862312317,-0.7028778791427612,0.581823468208313,-0.1979533582925796,-0.5618270039558411,2.8267767429351807,-0.6105498671531677,-0.4230325222015381,-0.1757527887821197,-0.6905643343925476,0.1790009886026382,-0.4845884442329407
test_C6_00022,test_C6,C6,34,early,0,early,0.1703590312763698,0.3106451332569122,0.9532911777496338,0.0306448116898536,0.0160639528185129,0.0467088222503662,0.1991327890594084,0,0.0645127072930336,-1.5461888313293457,1.609687566757202,0.8617421388626099,1.2545613050460815,0.6741610169410706,0.7292968034744263,1.6752692461013794,-0.8000879287719727,-0.1379688829183578,0.2695946395397186,-0.9026282429695128,-0.4447492361068725,-0.9380003213882446,0.1708733737468719,-2.796171903610229,-1.1297974586486816,0.1717259287834167,-0.651106595993042,-0.5694288015365601,0.4613995254039764,0.3837449252605438,-0.1423453688621521,1.102249264717102,-0.1503887474536895,-1.3639442920684814,-0.6038845181465149,1.151497483253479,0.1911473423242569,-2.015979051589966,-0.3215720057487488,0.069878414273262,-1.6285957098007202,-0.7026000618934631,-1.0827513933181765,0.2903496026992798,-0.3389022946357727,-0.6462656259536743,-0.7795365452766418,-0.4748397469520569,-1.236897349357605,-0.1609522849321365,-0.5777085423469543,0.4500979781150818,-0.6225411295890808
test_C6_00023,test_C6,C6,35,early,0,early,0.1732106018478054,0.310836911201477,0.9532259702682496,0.0305677708238363,0.0162062775343656,0.0467740297317504,0.1994200123070416,0,0.0482691936194896,-1.6042625904083252,1.530630350112915,0.8812200427055359,1.2565561532974243,0.8665729761123657,0.7960136532783508,1.6752692461013794,-0.8901972770690918,0.0121411131694912,0.2789424657821655,-0.8548021912574768,-0.3666531145572662,-0.925831973552704,0.1910165548324585,-2.7704994678497314,-0.9542798399925232,0.1932207196950912,-0.6349730491638184,-0.4805287420749664,0.4847762286663055,0.3839389383792877,-0.1808709055185318,1.2425205707550049,-0.1423696130514145,-1.3123713731765747,-0.5650816559791565,1.159786820411682,0.2078308761119842,-2.004876613616944,-0.5178375244140625,0.0291325319558382,-1.540215253829956,-0.6738439798355103,-0.964911162853241,0.4070676565170288,-0.3234292268753052,-0.6597926616668701,-0.6551947593688965,-0.4421166479587555,-1.226086139678955,-0.1275573521852493,-0.5439942479133606,0.4110979437828064,-0.6278485655784607
test_C6_00024,test_C6,C6,36,early,0,early,0.175715605133208,0.3107473850250244,0.95329350233078,0.0305207800120115,0.0161856766790151,0.0467064976692199,0.1991964702620736,0,0.0356509983539581,-1.5296026468276978,1.459964394569397,0.789152204990387,1.126559853553772,0.8318384885787964,0.6920762062072754,1.6752692461013794,-0.993074357509613,-0.1262747794389724,0.2388665378093719,-0.9018821716308594,-0.6031993627548218,-0.9590615034103394,0.2974165380001068,-2.734285831451416,-1.049086093902588,0.225553497672081,-0.6275349259376526,-0.3444649279117584,0.506854236125946,0.149259015917778,-0.2115894556045532,1.2212119102478027,-0.1433759331703186,-1.2801109552383425,-0.6340444087982178,1.0306106805801392,0.3999991416931152,-1.997979760169983,-0.6155282258987427,-0.1309001147747039,-1.5164474248886108,-0.7034820914268494,-1.2430349588394165,0.4060634672641754,-0.3235505223274231,-0.66472327709198,-0.408517450094223,-0.4970501065254211,-1.2408530712127686,-0.1439168751239776,-0.5451827645301819,0.3313538134098053,-0.6645848751068115
test_C6_00025,test_C6,C6,37,early,0,early,0.1782206084186106,0.3106285333633423,0.953421115875244,0.0303912460803985,0.0161876194179058,0.0465788841247558,0.1987976048463602,0,0.025375161319971,-1.5874568223953247,1.370737075805664,0.8356351852416992,1.1960643529891968,0.9718786478042604,0.7801048755645752,1.605793833732605,-1.0920231342315674,-0.2044858336448669,0.2308580726385116,-0.9000571966171265,-0.709544837474823,-0.9817458391189576,0.3557230830192566,-2.6300384998321533,-1.2643605470657349,0.2042164057493209,-0.6226320266723633,-0.4105358719825744,0.3129258155822754,-0.1160799115896225,-0.1486147940158844,1.300101637840271,-0.1390296667814254,-1.3328523635864258,-0.6103816032409668,1.0417191982269287,0.5706083178520203,-1.922054886817932,-0.7079383134841919,-0.099247358739376,-1.4878950119018557,-0.683296263217926,-1.2546993494033811,0.4712866246700287,-0.3385493755340576,-0.6877791285514832,-0.4097689390182495,-0.4605887234210968,-1.242248773574829,-0.1446550488471985,-0.5925363302230835,0.4874142110347748,-0.7887809872627258
test_C6_00026,test_C6,C6,38,early,0,early,0.1807256117040133,0.3103064596652984,0.9535943269729614,0.0302845500409603,0.0161211118102073,0.0464056730270385,0.1982158882500016,0,0.0219240169972181,-1.6186785697937012,1.3370336294174194,0.860248863697052,1.2619106769561768,1.0690547227859497,0.8132722973823547,1.6752692461013794,-1.0305020809173584,-0.2167267203330993,0.2133896797895431,-0.967172622680664,-0.7731143832206726,-0.9651657342910768,0.3223786652088165,-2.6019320487976074,-1.335671067237854,0.2223525792360305,-0.6091169714927673,-0.4743231534957886,0.5475242733955383,-0.2535416185855865,-0.1528558135032653,1.3273489475250244,-0.1461655795574188,-1.300310134887695,-0.7259010672569275,1.1171401739120483,0.6001279950141907,-1.920654892921448,-0.7954847812652588,-0.1318452358245849,-1.4156168699264526,-0.6974306106567383,-1.358009696006775,0.2951253652572632,-0.3859084546566009,-0.7407754063606262,-0.4109719693660736,-0.4626993238925934,-1.1596004962921145,-0.142799437046051,-0.4839084148406982,0.3793917298316955,-1.0068743228912354
test_C6_00027,test_C6,C6,39,early,0,early,0.183230614989416,0.3101058006286621,0.9536410570144652,0.0302737168967723,0.0160851646214723,0.0463589429855346,0.1980483775252061,0,0.0163098070770502,-1.676456332206726,1.2808393239974976,0.8324066996574402,1.2635124921798706,1.0917308330535889,0.8125860691070557,1.6752692461013794,-1.1360753774642944,-0.1649679392576217,0.2147619873285293,-0.9705392718315125,-0.8124641180038452,-0.9285471439361572,0.3346738815307617,-2.5205118656158447,-1.324515461921692,0.1951451301574707,-0.6031559109687805,-0.4856255650520324,0.4643965363502502,-0.0261165667325258,-0.2111591100692749,1.3539398908615112,-0.1397228240966797,-1.326813817024231,-0.6581687927246094,1.0622272491455078,0.4241523742675781,-1.8494195938110352,-0.7976144552230835,-0.1663170009851455,-1.4373283386230469,-0.6629899740219116,-1.205199956893921,0.2335124015808105,-0.3678179979324341,-0.7007788419723511,-0.4121295511722564,-0.433427482843399,-1.2435702085494995,-0.1175647675991058,-0.5195180177688599,0.2886859476566314,-0.8321093320846558
test_C6_00028,test_C6,C6,40,early,0,early,0.1857356182748186,0.3101069331169128,0.9535922408103944,0.0303368177264928,0.0160709880292415,0.0464077591896057,0.1981936981653242,0,0.0333082303404808,-1.6076881885528564,1.250030755996704,0.8223380446434021,1.2650341987609863,1.0882227420806885,0.8073374629020691,1.6752692461013794,-0.8938013315200806,0.0502721481025218,0.2442517578601837,-0.9091994166374208,-0.5291092395782471,-0.9075042009353638,0.3462728559970855,-2.4504120349884038,-1.263533353805542,0.2146634310483932,-0.5937467217445374,-0.3944672644138336,0.5841272473335266,-0.0721689611673355,-0.266631007194519,1.4128973484039309,-0.1419805884361267,-1.2085630893707275,-0.6249854564666748,1.0100599527359009,0.0498804599046707,-1.8109462261199951,-0.7207335829734802,-0.1710967421531677,-1.341220736503601,-0.5372154712677002,-1.1679037809371948,0.4067278206348419,-0.3372129499912262,-0.6519834995269775,-0.4132445156574249,-0.3545595705509186,-1.171964168548584,-0.0839950442314148,-0.4853807985782623,0.156628668308258,-0.4682856500148773
test_C6_00029,test_C6,C6,41,early,0,early,0.1882406215602211,0.3101134896278381,0.9536438584327698,0.0303379017859697,0.0160181503742933,0.0463561415672302,0.1980007692139484,0,0.0171988997608423,-1.6257290840148926,1.22173810005188,0.8254457712173462,1.266481637954712,1.1491974592208862,0.8019747734069824,1.6752692461013794,-1.1413613557815552,-0.1776180565357208,0.2159845978021621,-0.9301356077194214,-0.8003140091896057,-0.9064619541168212,0.2657707333564758,-2.390331029891968,-1.3839776515960691,0.2132581174373626,-0.5736995935440063,-0.3057853877544403,0.6010896563529968,-0.2919952571392059,-0.3101833760738373,1.4124197959899902,-0.1399471312761306,-1.2502950429916382,-0.6395639777183533,1.0807344913482666,0.260549783706665,-1.7462818622589111,-0.8015621304512024,-0.3074137568473816,-1.3272042274475098,-0.5599060654640198,-1.2085164785385132,0.1077731698751449,-0.3568348884582519,-0.7257258296012878,-0.4143193662166595,-0.3703595995903015,-1.2107019424438477,-0.1122030764818191,-0.4867585301399231,0.1426039338111877,-0.9065309762954712
test_C6_00030,test_C6,C6,42,early,0,early,0.1907456248456237,0.3096126914024353,0.953776478767395,0.0302805062383413,0.0159429665654897,0.0462235212326049,0.1975407047382935,0,0.010765821672976,-1.552048683166504,1.2017841339111328,0.820447564125061,1.2678601741790771,1.1681948900222778,0.815152645111084,1.6752692461013794,-1.1387593746185305,-0.144273892045021,0.1894415318965912,-0.91742342710495,-0.9147667288780212,-0.8828297257423401,0.1875887960195541,-2.2966010570526123,-1.381553053855896,0.2654795050621032,-0.527911365032196,-0.3217881023883819,0.6172442436218262,-0.3442634642124176,-0.1395590454339981,1.442196249961853,-0.1407594382762909,-1.1807681322097778,-0.6461731791496277,1.089327096939087,0.4352014660835266,-1.6456905603408811,-0.8033949732780457,-0.1631288677453994,-1.2062349319458008,-0.5182957053184509,-1.297224760055542,0.3001446723937988,-0.349857360124588,-0.723061740398407,-0.4153564870357513,-0.3691913783550262,-1.0475478172302246,-0.1118188947439193,-0.4639313220977783,0.3626421988010406,-0.7714937329292297
test_C6_00031,test_C6,C6,43,early,0,early,0.1932506281226124,0.3096719980239868,0.953779399394989,0.0302180405706167,0.0160025991499423,0.0462206006050109,0.1975663942373026,0,0.0309607256203889,-1.5766524076461792,1.1782983541488647,0.8316545486450195,1.269174575805664,1.2380406856536863,0.8423892259597778,1.6752692461013794,-0.9440027475357056,-0.1407545208930969,0.2489002794027328,-0.9163457751274108,-0.5734759569168091,-0.8952271938323975,0.249223530292511,-2.261934518814087,-1.1189467906951904,0.2576470375061035,-0.535587728023529,-0.3368406593799591,0.5402279496192932,-0.1448951810598373,-0.1736639589071273,1.4513342380523682,-0.1391156911849975,-1.201340675354004,-0.6308339834213257,1.154871106147766,0.4942382574081421,-1.6102885007858276,-0.7317434549331665,-0.1600718796253204,-1.1625841856002808,-0.5007302165031433,-1.3188921213150024,0.3787440955638885,-0.3257662355899811,-0.7398260235786438,-0.2818295955657959,-0.3580861687660217,-1.1167434453964231,-0.1041813269257545,-0.4979950487613678,0.3472861349582672,-0.8345395922660828
test_C6_00032,test_C6,C6,44,early,0,early,0.195755631408015,0.3094338774681091,0.9538699388504028,0.0301464349031448,0.0159836392849683,0.0461300611495971,0.1972708022352405,0,0.0230386666953563,-1.6598129272460938,1.1480867862701416,0.8372156620025635,1.270429253578186,1.3109108209609983,0.8874123692512512,1.6752692461013794,-1.1191272735595703,-0.1734864860773086,0.2392121851444244,-0.9135661125183104,-0.7432619333267212,-0.857776939868927,0.2624449133872986,-2.2003064155578613,-1.4054288864135742,0.2453760057687759,-0.5401702523231506,-0.4027086794376373,0.4667124152183532,-0.2729454040527344,-0.0875857770442962,1.511781930923462,-0.1413124352693557,-1.1800339221954346,-0.5768823027610779,1.2174357175827026,0.4791834056377411,-1.562137484550476,-0.806810736656189,-0.1332266181707382,-1.1652939319610596,-0.5577887892723083,-1.3092617988586426,0.2376483827829361,-0.3013280630111694,-0.7008580565452576,-0.4205073118209839,-0.4150412380695343,-1.0240052938461304,-0.0962150692939758,-0.5044084787368774,0.4973213076591491,-0.6340098977088928
test_C6_00033,test_C6,C6,45,early,0,early,0.1982606346850036,0.3091960549354553,0.9540846347808838,0.0300489608198404,0.0158663876354694,0.0459153652191162,0.1965273530168202,0,0.0137928202748298,-1.6843411922454834,1.1291773319244385,0.8331916332244873,1.2716281414031982,1.3504685163497925,0.8861036896705627,1.6752692461013794,-1.180569767951965,-0.2750092148780823,0.2195825427770614,-0.8891546130180359,-0.826847493648529,-0.8678800463676453,0.2749440968036651,-2.096419334411621,-1.4813601970672607,0.2635650038719177,-0.5068728923797607,-0.3625043332576751,0.6614002585411072,-0.2553225755691528,-0.0538700819015502,1.5441412925720217,-0.1395153254270553,-1.1411808729171753,-0.5655021667480469,1.2224177122116089,0.3781038820743561,-1.4710568189620972,-0.8084047436714172,0.0442137755453586,-1.1198968887329102,-0.4305096566677093,-1.253026247024536,0.3386081755161285,-0.2949984669685364,-0.7559179663658142,-0.283595323562622,-0.3435672521591186,-1.0098321437835691,-0.112633965909481,-0.4800294637680053,0.5294069051742554,-0.9077370762825012
test_C6_00034,test_C6,C6,46,early,0,early,0.2007656379704062,0.3092656135559082,0.9540330171585084,0.0300983246415853,0.0158686693757772,0.0459669828414917,0.1966911744365838,0,0.0251345224678516,-1.57499098777771,1.1150190830230713,0.8304702043533325,1.2211695909500122,1.3170195817947388,0.8680640459060669,1.6752692461013794,-0.968763828277588,-0.098053865134716,0.2190156131982803,-0.9021331667900084,-0.756618320941925,-0.8180060982704163,0.2867847383022308,-1.9791436195373533,-1.4183413982391355,0.2650304138660431,-0.4783653616905212,-0.2193882465362548,0.6748390793800354,-0.3625529110431671,-0.10114037245512,1.5221813917160034,-0.1447444260120391,-1.1032137870788574,-0.6785072684288025,1.2271831035614014,0.2833943367004394,-1.4144527912139893,-0.7413172721862793,-0.1053383573889732,-1.0132298469543457,-0.4520466029644012,-1.4384618997573853,0.0525675788521766,-0.3267984390258789,-0.7473125457763672,-0.1466522067785263,-0.2916107773780823,-0.9501640200614928,-0.0787137225270271,-0.3999558389186859,0.4084473848342895,-0.7538677453994751
test_C6_00035,test_C6,C6,47,early,0,early,0.2032706412810509,0.3092714846134186,0.9539660811424256,0.0301631055772304,0.015870900824666,0.0460339188575744,0.1969031738397055,0,0.3093648850917816,-1.5695701837539673,0.8378180265426636,0.7944980263710022,0.617277204990387,0.0516088455915451,0.5597058534622192,0.9642550349235536,-0.6609547138214111,-0.7310985326766968,0.5814030766487122,-0.7076197266578674,-0.8355065584182739,-0.8897038698196411,-0.1184639707207679,-2.944920063018799,-0.7589765191078186,-0.3130110502243042,-1.2568376064300537,-1.6144390106201172,-0.2423887252807617,-0.545508861541748,-0.3475818336009979,0.7058599591255188,-0.1691309064626693,-1.6516118049621582,-0.4396993517875671,0.916925609111786,0.3834564685821533,-2.250023365020752,0.5988104939460754,-0.5831305384635925,-2.113623857498169,-0.8208544850349426,-0.9972005486488342,0.3600378930568695,-0.1380015015602111,-0.5298954844474792,-2.785305976867676,-0.5687506198883057,-1.040416955947876,-0.1662193238735199,-0.6603908538818359,-0.1087952703237533,-0.905879020690918
test_C6_00036,test_C6,C6,48,early,0,early,0.2057756445412115,0.309207022190094,0.9539502263069152,0.0301639772951602,0.0158858690410852,0.0460497736930847,0.196961727993466,0,0.0283976234495639,-1.649190902709961,1.0646218061447144,0.8334563970565796,1.2749252319335938,1.378894567489624,0.8778477907180786,1.6217153072357178,-1.1110321283340454,-0.2174727767705917,0.253731369972229,-0.8184698820114136,-0.712788999080658,-0.7816324234008789,0.2313416004180908,-1.9148253202438357,-1.5240370035171509,0.2316216379404068,-0.5109288096427917,-0.3241569697856903,0.6172442436218262,-0.2150471359491348,-0.1384937167167663,1.5231648683547974,-0.1161453276872634,-1.1257003545761108,-0.5075085759162903,1.2361183166503906,0.1132964789867401,-1.3856970071792605,-0.8127883076667786,-0.1489336043596267,-1.0170806646347046,-0.2665724158287048,-1.2224353551864624,0.1389329880475998,-0.2129733711481094,-0.7201192378997803,-0.3838155567646026,-0.249340683221817,-1.0450215339660645,-0.0873807743191719,-0.4176860451698303,0.4189551472663879,-0.6414656043052673
test_C6_00037,test_C6,C6,49,early,0,early,0.2082806478266142,0.3094585835933685,0.9538530111312866,0.0302215069532394,0.0159254539757967,0.0461469888687133,0.1972901439594152,0,0.0373837128281593,-1.6005470752716064,1.0591461658477783,0.8054209351539612,1.2759344577789309,1.3530656099319458,0.888150691986084,1.6752692461013794,-0.9474811553955078,-0.0852290317416191,0.2593347728252411,-0.8192608952522278,-0.6094813346862793,-0.7523768544197083,0.1971166431903839,-1.8327306509017944,-1.3776637315750122,0.2504930794239044,-0.4777891337871551,-0.2320588082075119,0.7118642926216125,-0.2133343666791916,-0.1532159745693206,1.5233200788497925,-0.1415398567914962,-1.0147705078125,-0.4442998468875885,1.0389987230300903,0.111087642610073,-1.3002305030822754,-0.8141301870346069,-0.1653717011213302,-0.968896210193634,-0.3356134593486786,-1.1183794736862185,0.3773686289787292,-0.2042878866195678,-0.7043949961662292,-0.2436476349830627,-0.2744509577751159,-0.9572531580924988,-0.0609257146716117,-0.328251302242279,0.3398072719573974,-0.5226827263832092
test_C6_00038,test_C6,C6,50,early,0,early,0.2107856511456729,0.3095962703227997,0.9537895917892456,0.0302822161465883,0.0159282367676496,0.0462104082107543,0.1974911297019269,0,0.0543297789990901,-1.7106361389160156,1.024882435798645,0.789452075958252,1.2769033908843994,1.441321611404419,0.9183272123336792,1.5724456310272217,-0.7710458636283875,0.0716333910822868,0.2996022701263428,-0.7738857865333557,-0.3983491361141205,-0.7093328833580017,0.2103943228721618,-1.7874685525894165,-1.3863469362258911,0.2347679734230041,-0.5007556676864624,-0.2480211108922958,0.7232186794281006,-0.1576809883117675,-0.2386180460453033,1.487884283065796,-0.1425586938858032,-1.1820971965789795,-0.3509441614151001,0.8497639894485474,0.1151961162686348,-1.2824007272720337,-0.6891719698905945,-0.2752814888954162,-0.9878800511360168,-0.2646149098873138,-1.066381812095642,0.5180745124816895,-0.1798898130655288,-0.6484414935112,-0.3891197741031647,-0.2438915073871612,-1.0969061851501465,0.0075910165905952,-0.3236501812934875,0.2700619399547577,-0.2805189788341522
test_C6_00039,test_C6,C6,51,early,0,early,0.2132906544058334,0.3097080886363983,0.95356947183609,0.0303719546645879,0.0160585790872573,0.0464305281639099,0.1982578676583613,0,0.0458776094019413,-1.5498791933059692,1.0172882080078125,0.7928858399391174,1.1847423315048218,1.3576799631118774,0.8606308698654175,1.6752692461013794,-0.8524624705314636,0.0617445521056652,0.2904406487941742,-0.7622809410095215,-0.4276676177978515,-0.7040916085243225,0.1761050820350647,-1.6710082292556765,-1.2712308168411257,0.2464663982391357,-0.4669165313243866,-0.3159632980823517,0.7341278195381165,-0.2887885868549347,-0.2316731810569763,1.5007293224334717,-0.1419069319963455,-1.08609139919281,-0.4116746783256531,0.9580786228179932,0.3534958064556122,-1.19110107421875,-0.8166561126708984,-0.2918423414230346,-0.8885509967803955,-0.2922703325748443,-1.1457432508468628,0.3211730420589447,-0.1635458916425705,-0.6905704140663147,-0.3902226388454437,-0.2641819417476654,-1.0041996240615845,-0.005826729349792,-0.2367209196090698,0.164222240447998,-0.4231307506561279
test_C6_00040,test_C6,C6,52,early,0,early,0.21579565769965,0.3098490238189697,0.9535229802131652,0.0303960740566253,0.0160809513181448,0.0464770197868347,0.1984166841018131,0,0.0491190738976001,-1.6336452960968018,0.992251992225647,0.814653217792511,1.2330785989761353,1.4192800521850586,0.8976711630821228,1.5764003992080688,-0.8880701661109924,-0.0048693856224417,0.3014035522937774,-0.7299678325653076,-0.5283558368682861,-0.7458273768424988,0.2837590873241424,-1.6414932012557983,-1.441067814826965,0.225487008690834,-0.4933834671974182,-0.3286080360412597,0.7446174025535583,-0.2116689383983612,-0.3666915893554687,1.566193461418152,-0.1467591524124145,-1.133562088012695,-0.384752869606018,1.204501748085022,-0.0556426607072353,-1.1969438791275024,-0.8178462386131287,-0.3235828280448913,-0.8991581797599792,-0.2409437894821167,-1.0577551126480105,0.633750855922699,-0.1294287741184234,-0.6991274952888489,-0.3912940323352813,-0.2220503240823745,-1.1463439464569092,0.0085199996829032,-0.075014017522335,0.0060328254476189,-0.4994798004627228
test_C6_00041,test_C6,C6,53,early,0,early,0.2183006610187089,0.3103300333023071,0.953186810016632,0.0305189527571201,0.0162942856550216,0.0468131899833679,0.1995932604437065,0,0.0632357001304626,-1.568359375,0.9738239645957948,0.7564238905906677,1.1900116205215454,1.3876014947891235,0.8622891902923584,1.529764175415039,-0.6596090197563171,0.0848472118377685,0.331416368484497,-0.6771537065505981,-0.2981540560722351,-0.6658596992492676,0.2464134097099304,-1.5249735116958618,-1.121983528137207,0.2286665588617324,-0.4740045964717865,-0.1812841296195984,0.7547110915184021,-0.1591301262378692,-0.3034508526325226,1.600550889968872,-0.1405779719352722,-1.1295512914657593,-0.2830508351325989,0.5575554966926575,-0.3408191502094269,-1.1090494394302368,-0.7594412565231323,-0.3296604752540588,-0.8877317905426025,-0.0979908257722854,-1.1747591495513916,0.5197688937187195,-0.1145519912242889,-0.6572573781013489,-0.0977882295846939,-0.0637974441051483,-1.1317797899246216,0.0438380166888237,-0.0721870064735412,0.1101760789752006,-0.3041280806064605
test_C6_00042,test_C6,C6,54,early,0,early,0.2208056642536273,0.3105683028697967,0.9530314803123474,0.0305705294013023,0.016397938132286,0.0469685196876525,0.2001384773347676,0,0.0590454265475273,-1.7222239971160889,0.9567540287971495,0.7840772867202759,1.1924999952316284,1.374284267425537,0.877800703048706,1.4848551750183103,-0.8014978766441345,0.0326964408159256,0.31090047955513,-0.6378594040870667,-0.4965907335281372,-0.6952143311500549,0.1152564361691474,-1.5164663791656494,-1.2560811042785645,0.2051852792501449,-0.4862680435180664,-0.2508802711963653,0.7644309997558594,-0.1922653466463089,-0.4031319618225097,1.5930507183074951,-0.1450461745262146,-1.229727268218994,-0.4090406894683838,0.9849423170089722,-0.4552739858627319,-1.1085634231567385,-0.8200942277908325,-0.4033710956573486,-0.9713022112846376,0.1179034635424614,-0.9078649282455444,0.6157815456390381,-0.0449490025639534,-0.6139180660247803,-0.2502979040145874,0.047033917158842,-1.2181297540664673,0.0536862947046756,0.0512410402297973,-0.0023471135646104,-0.2206589877605438
test_C6_00043,test_C6,C6,55,early,0,early,0.2233106675726861,0.310672789812088,0.9527779817581176,0.0306939724832773,0.0165280941873788,0.0472220182418823,0.2010054368900289,0,0.0643333494663238,-1.710379123687744,0.9466561675071716,0.8054652214050293,1.281219482421875,1.4071905612945557,0.9385159611701964,1.6285312175750732,-0.6339452862739563,0.1571464836597442,0.3320878446102142,-0.6996708512306213,-0.258836567401886,-0.6400839686393738,0.1299649477005005,-1.333497405052185,-1.1780747175216677,0.2486025542020797,-0.4212326407432556,-0.1585898399353027,0.7737973928451538,-0.1601599007844925,-0.2945135533809662,1.6227843761444092,-0.1389942169189453,-1.0984467267990112,-0.3725210726261139,1.2174357175827026,-0.4150424003601074,-0.9445084929466248,-0.821156919002533,-0.3621652722358703,-0.8745003342628479,-0.007410991936922,-1.0782158374786377,0.4655701220035553,-0.1147980988025665,-0.6408971548080444,-0.2526094019412994,-0.0837418437004089,-1.0764524936676023,0.0915947332978248,0.1180791333317756,0.1907508224248886,-0.2860720455646515
test_C6_00044,test_C6,C6,56,early,0,early,0.2258156708917448,0.3110683560371399,0.9526655673980712,0.0307763144373893,0.0165581759065389,0.0473344326019287,0.2013737977211217,0,0.0580316819250583,-1.7161790132522583,0.9142643213272096,0.874386191368103,1.2819901704788208,1.3979835510253906,0.9715383052825928,1.308042049407959,-0.7686432003974915,-0.0507298856973648,0.3344303965568542,-0.6647691130638123,-0.3284396827220917,-0.6540581583976746,0.1439214795827865,-1.2674458026885986,-1.3068784475326538,0.1991760432720184,-0.4421264827251434,-0.1753695160150528,0.7828293442726135,-0.1645569503307342,-0.3406543135643005,1.5787185430526731,-0.1432815790176391,-1.2087059020996094,-0.5007907748222351,1.309513807296753,-0.1257148683071136,-0.8826723098754883,-0.8221816420555115,-0.4139382839202881,-0.8357686400413513,0.0109401810914278,-0.8588085770606995,0.5981060862541199,-0.0594471991062164,-0.6757965087890625,-0.2548585534095764,-0.042160514742136,-1.213976263999939,0.0407852567732334,0.1754077225923538,0.0525144226849079,-0.4352868199348449
test_C6_00045,test_C6,C6,57,early,0,early,0.2283206741266631,0.3117004930973053,0.9523136615753174,0.0310057383030653,0.0166805982589721,0.0476863384246826,0.2025409744733566,0,0.0546909384429454,-1.7327561378479004,0.8932440876960754,0.8610399961471558,1.282733917236328,1.4233626127243042,0.9824126362800598,1.2242885828018188,-0.8046618700027466,-0.0734421163797378,0.3153804838657379,-0.7008064389228821,-0.4545950591564178,-0.6262124180793762,0.1098156347870826,-1.1333184242248535,-1.3444472551345823,0.2623117566108703,-0.4235341250896454,-0.0854780226945877,0.7915443181991577,-0.3433465957641601,-0.4681038558483124,1.562488675117493,-0.1409520804882049,-1.2163041830062866,-0.5263975262641907,1.2685668468475342,-0.0870521739125251,-0.8224023580551147,-0.8231704235076904,-0.5665290951728821,-0.815796971321106,-0.1085345298051834,-1.122455358505249,0.8037189841270447,-0.1494351625442505,-0.6561040282249451,-0.2570481598377228,-0.0679981783032417,-1.3158454895019531,0.0484897531569004,0.1819873452186584,-0.1392055451869964,-0.3449160456657409
test_C6_00046,test_C6,C6,58,early,0,early,0.230825677445722,0.3120752274990082,0.9522584080696106,0.0310072489082813,0.0167343597859144,0.0477415919303894,0.2027435335959554,0,0.3941530585289001,-1.6322656869888306,0.6717318296432495,0.7456587553024292,0.423955887556076,0.0560898222029209,0.4880470335483551,0.6558973789215088,-0.8084560036659241,-1.0076911449432373,0.7013806700706482,-0.6759825348854065,-1.1569483280181885,-0.9243911504745485,0.3144989609718323,-3.057201623916626,-1.0428528785705566,-0.4982268810272217,-1.529193639755249,-1.290604829788208,-0.8444719910621643,-0.8763506412506104,-0.6490463018417358,0.5966747403144836,-0.1768751293420791,-1.8102389574050903,-0.436448723077774,0.6337684392929077,0.1181853786110878,-2.3714492321014404,0.8083721995353699,-0.8162945508956909,-2.2903971672058105,-0.912122905254364,-0.8880318999290466,0.3784462511539459,-0.0574966296553611,-0.5498135089874268,-1.7964335680007937,-0.5251180529594421,-1.421641826629639,-0.1737713813781738,-0.8881077170372009,-0.3604629337787628,-1.370216965675354
test_C6_00047,test_C6,C6,59,early,0,early,0.2333306806806404,0.312471330165863,0.9517053365707396,0.0313120782375335,0.0169825255870819,0.0482946634292602,0.204603540131393,0,0.0688681453466415,-1.6853128671646118,0.8797640800476074,0.8037757873535156,1.2036762237548828,1.4569926261901855,0.9348213076591492,1.239575982093811,-0.5937203168869019,0.0452566035091877,0.3391595482826233,-0.6922817230224609,-0.2592812478542328,-0.5301063060760498,0.1790486425161361,-1.0619078874588013,-1.2184664011001587,0.2798369228839874,-0.4199824631214142,-0.0394737459719181,0.8080880641937256,-0.2598443925380707,-0.3425480723381042,1.6083108186721802,-0.1089987382292747,-1.1869418621063232,-0.4574123919010162,1.1908369064331057,-0.1960092633962631,-0.7847352027893066,-0.7715531587600708,-0.2841444909572601,-0.7739434838294983,-0.099818542599678,-1.2052267789840698,0.5349872708320618,-0.1302563399076461,-0.6681612133979797,-0.0808382928371429,-0.0417027361690998,-1.2582143545150757,0.0997444167733192,0.2395060956478119,0.0518900267779827,-0.393009215593338
test_C6_00048,test_C6,C6,60,early,0,early,0.2358356839155588,0.312720388174057,0.9517614841461182,0.0314915999770164,0.0167468730360269,0.0482385158538818,0.2042958900698699,0,0.0638909786939621,-1.55712890625,0.8650925159454346,0.7705252170562744,1.126559853553772,1.4191386699676514,0.8424196839332581,1.1183080673217771,-0.6302353143692017,-0.0744826942682266,0.3350808024406433,-0.6875298619270325,-0.2751060128211975,-0.5452466607093811,0.0475848652422428,-0.904341459274292,-1.3482072353363037,0.2917432188987732,-0.3838264644145965,-0.0595785602927207,0.8159463405609131,-0.5054197311401367,-0.2989372313022613,1.6445014476776123,-0.1424339413642883,-1.118817925453186,-0.4681901037693023,0.9895091652870178,-0.3285727202892303,-0.6925607919692993,-0.8259389400482178,-0.2987218201160431,-0.6930018663406372,-0.0474481359124183,-1.1594127416610718,0.5229166746139526,-0.1608387529850006,-0.7067536115646362,-0.2406555861234665,0.0372878946363925,-1.1721571683883667,0.0558522008359432,0.3471580743789673,0.115346573293209,-0.5067415237426758
test_C6_00049,test_C6,C6,61,early,0,early,0.2383406872346176,0.3130659461021423,0.9512863159179688,0.0317566320300102,0.0169570706784725,0.0487136840820312,0.2058888017718926,0,0.0786004513502121,-1.66058611869812,0.8670726418495178,0.8086923360824585,1.2076337337493896,1.468896746635437,0.9341058135032654,1.3381426334381104,-0.3971758186817169,0.0342986620962619,0.370951235294342,-0.6701956391334534,-0.0456891246140003,-0.4933976829051971,-0.0316234901547431,-0.9391077756881714,-1.2035778760910034,0.2810267210006714,-0.3880881667137146,0.0268296971917152,0.8235469460487366,-0.198636308312416,-0.3263124823570251,1.6456762552261353,-0.1437478065490722,-1.1477205753326416,-0.5526746511459351,1.1990594863891602,-0.5972529053688049,-0.6983332633972168,-0.7750609517097473,-0.397201806306839,-0.6477327346801758,0.2180349826812744,-1.157195210456848,0.4721848368644714,-0.1119057461619377,-0.6666154861450195,-0.2428257912397384,0.2862459719181061,-1.2028123140335083,0.1013193428516388,0.384970873594284,0.0734812915325164,-0.2995548546314239
test_C6_00050,test_C6,C6,62,early,0,early,0.2405333421859526,0.3128034472465515,0.9514247179031372,0.0318876132369041,0.0166875813156366,0.0485752820968627,0.2053041554333028,0,0.0439841486513614,-1.6206456422805786,0.8508092164993286,0.8029789924621582,1.1329411268234253,1.4342224597930908,0.8947630524635315,1.2191967964172363,-0.8669449090957642,-0.206461101770401,0.2759672105312347,-0.6884129643440247,-0.5855433344841003,-0.5710905194282532,-0.0605552531778812,-0.7934113144874573,-1.3140822649002075,0.307188481092453,-0.3579081892967224,0.1090381070971489,0.8309023976325989,-0.5372488498687744,-0.3490038812160492,1.717737317085266,-0.1336130648851394,-1.0198694467544556,-0.7069435119628906,1.1631962060928345,-0.4195064008235931,-0.622204065322876,-0.8276358246803284,-0.4212030172348022,-0.5853978395462036,0.0777891799807548,-1.324313044548035,0.4327490925788879,-0.1567215174436569,-0.7502570748329163,-0.0861425027251243,0.1383374035358429,-1.1560828685760498,0.0155368149280548,0.4877218902111053,-0.0157908983528614,-0.6318995356559753
test_C6_00051,test_C6,C6,63,early,0,early,0.2424136488537044,0.3135460913181305,0.95066636800766,0.0322860851883888,0.0170475244522094,0.04933363199234,0.2078544417911122,0,0.0689116716384887,-1.652330994606018,0.8173848986625671,0.8008317947387695,1.2490200996398926,1.473394513130188,0.931656301021576,0.9816179871559144,-0.4396933019161224,0.2020394951105117,0.3697441220283508,-0.6353819370269775,0.0115976156666874,-0.4318179190158844,-0.0415447242558002,-0.5769788026809692,-1.1797876358032229,0.311799943447113,-0.3291442394256592,0.0315432362258434,0.7749443054199219,-0.3453410565853119,-0.310921311378479,1.756800651550293,-0.1350352317094802,-1.037911057472229,-0.4988158345222473,1.16761577129364,-0.4565993845462799,-0.4671913981437683,-0.778346061706543,-0.3463977575302124,-0.5722830295562744,0.2536903917789459,-1.2366211414337158,0.5610383749008179,-0.0842414498329162,-0.6114957928657532,-0.2496659457683563,0.2732186317443847,-1.096858263015747,0.1820539534091949,0.3806944489479065,0.1095609441399574,-0.0230864305049181
test_C6_00052,test_C6,C6,64,early,0,early,0.2439816073220131,0.3136996626853943,0.9505333304405212,0.0325065068900585,0.0169601794332265,0.0494666695594787,0.2082124807062884,0,0.0633075386285781,-1.724087119102478,0.8286976218223572,0.8314685821533203,1.287289023399353,1.4885190725326538,0.985112726688385,1.0727872848510742,-0.4959165155887604,0.1408724635839462,0.3382854759693146,-0.6259096264839172,-0.1400953978300094,-0.4827691316604614,-0.0235694032162427,-0.5908017754554749,-1.2229492664337158,0.3280780613422394,-0.3207553625106811,0.0616323500871658,0.7828293442726135,-0.4281480312347412,-0.7433091998100281,1.703688144683838,-0.1359327584505081,-1.0173144340515137,-0.5243762731552124,1.2104297876358032,-0.5504566431045532,-0.4810941815376282,-0.7799116373062134,-0.8144006729125977,-0.5568470358848572,0.2567273676395416,-1.4053452014923096,0.8095265030860901,-0.0714054703712463,-0.659443736076355,-0.0902897343039512,0.3294153809547424,-1.2560055255889893,0.177370935678482,0.4355254769325256,-0.6812849640846252,-0.2478568106889724
test_C6_00053,test_C6,C6,65,early,0,early,0.2452372175067385,0.3148799538612366,0.9483803510665894,0.0334783159196376,0.0181414056569337,0.0516196489334106,0.2154753659520202,0,0.1694463938474655,-1.4527589082717896,0.6999367475509644,0.0206710789352655,0.0826761350035667,-0.0861876234412193,0.164510577917099,0.6865808367729187,-1.172952651977539,-0.365856260061264,0.387159138917923,-0.5971730947494507,-0.6644748449325562,-0.3413679599761963,1.5745885372161863,-0.3793864846229553,-1.0060241222381592,0.1465033292770385,-0.5539247989654541,1.4795438051223757,0.9738889932632446,-0.8296438455581665,-0.2524374127388,1.6516857147216797,-0.13914555311203,-1.357008695602417,-0.7374058961868286,-0.7968260049819946,-0.0880599841475486,-0.4918308854103088,-0.1987530589103698,-1.1672195196151731,-2.1121368408203125,1.0993508100509644,-1.3028852939605713,0.0110917184501886,-0.065152570605278,-0.409665435552597,4.311686038970947,1.9314895868301392,-0.4730239808559418,-0.0076035931706428,1.0220801830291748,-1.2818572521209717,-0.8131250739097595
test_C6_00054,test_C6,C6,66,early,0,early,0.2461804794078805,0.3154285848140716,0.9478784799575806,0.0339639447629451,0.0181575715541839,0.0521215200424194,0.2170084756471099,0,0.0963527113199234,-1.4540455341339111,0.7551832795143127,0.2003887295722961,0.1374571919441223,0.168650671839714,0.2044284343719482,0.8184059262275696,-1.2600270509719849,-0.5715155601501465,0.2630542516708374,-0.6469972729682922,-0.6444320678710938,-0.3665499985218048,-0.4365914165973663,0.0626423060894012,-1.0445613861083984,0.3103510737419128,-0.3706456124782562,0.1316856741905212,0.9785207509994508,-0.7080218195915222,-1.2417471408843994,1.7014483213424685,-0.1156109943985939,-1.2343459129333496,-0.8689019680023193,-0.3892599046230316,-1.184694528579712,-0.243590772151947,-0.6872591376304626,-1.0854040384292605,-1.852652668952942,1.171228051185608,-1.5774555206298828,0.4894042015075683,-0.2069821655750274,-0.5140349268913269,-0.8060399293899536,2.072688579559326,-1.5627814531326294,-0.0761955007910728,0.9830678105354308,-0.5795444846153259,-0.9277550578117372
test_C6_00055,test_C6,C6,67,early,0,early,0.2468113930254392,0.3167695999145508,0.946114420890808,0.0352642238140106,0.0186214111745357,0.0538855791091918,0.2225890649255231,0,0.0949355140328407,-1.4985215663909912,0.743788480758667,0.1949210166931152,0.1551724672317505,0.2829491794109344,0.2619844377040863,0.7928279042243958,-1.2074347734451294,-0.5053101778030396,0.2522229552268982,-0.7151522040367126,-0.6631960868835449,-0.3769323229789734,-0.2636710405349731,0.1135480999946594,-1.0075773000717163,0.3242327272891998,-0.356756180524826,0.1065823286771774,0.8643861413002014,-0.6547573804855347,-1.311565399169922,1.6927248239517212,-0.132465973496437,-1.1836119890213013,-0.8298482894897461,-0.3987405598163605,-0.9481034278869628,-0.201643019914627,-0.7372210025787354,-1.1605429649353027,-1.7773083448410034,1.0875517129898071,-1.5015466213226318,0.427499383687973,-0.1796983629465103,-0.5126625895500183,-0.1831967532634735,1.7779217958450315,-1.513215184211731,-0.0441004447638988,0.9212239384651184,-1.0100916624069214,-0.8649585843086243
test_C6_00056,test_C6,C6,68,early,0,early,0.2471427694933539,0.3171189725399017,0.9445272088050842,0.0366612114012241,0.0188116300851106,0.0554727911949157,0.2274251470230437,0,0.0957536697387695,-1.515713453292847,0.7445217370986938,0.2487798780202865,0.1723667085170745,0.4256386458873749,0.3228426873683929,0.8436077833175659,-1.0187742710113523,-0.3968135714530945,0.265867680311203,-0.7350226044654846,-0.4551026523113251,-0.3483147919178009,-0.3277617394924164,0.191100612282753,-1.2828067541122437,0.3414613306522369,-0.3130983710289001,0.0349249877035617,0.8704919815063477,-0.5558139681816101,-1.2342054843902588,1.6711199283599854,-0.1309564709663391,-1.164475679397583,-0.946070909500122,-0.2628782093524933,-0.9738832712173462,-0.1527662128210067,-0.7392992377281189,-1.0502275228500366,-1.619359850883484,1.0420912504196167,-1.813393473625183,0.6504923105239868,-0.22333624958992,-0.524166464805603,-0.6545266509056091,1.6519476175308228,-1.4904847145080566,-0.0117528224363923,0.884589672088623,-1.4697563648223877,-0.7664583921432495
test_C6_00057,test_C6,C6,69,early,0,early,0.2479090181565044,0.3198026716709137,0.9415220022201538,0.0389556139707565,0.0195223186165094,0.0584779977798461,0.2366634923499183,0,0.0831930413842201,-1.5185630321502686,0.744349479675293,0.2571428716182709,0.189062550663948,0.4845043420791626,0.3427288830280304,0.8929157853126526,-1.2421544790267944,-0.4757309556007385,0.2458112090826034,-0.6700655817985535,-0.6675795316696167,-0.3689011633396148,-0.1632217764854431,0.1908959448337555,-1.364859938621521,0.3284259140491485,-0.3027890622615814,0.1580234766006469,0.9916104674339294,-0.5593937635421753,-1.2772488594055176,1.711245059967041,-0.1328564435243606,-1.1735047101974487,-0.9580474495887756,-0.2381752580404281,-0.9210813641548156,-0.1316532790660858,-0.8328002095222473,-1.0625665187835691,-1.5931262969970703,1.0717995166778564,-1.8071216344833372,0.3823316991329193,-0.1996355354785919,-0.5696923732757568,-0.1809431612491607,1.6972488164901731,-1.5059047937393188,-0.0238761324435472,0.8834774494171143,-1.3634551763534546,-0.9150518774986268
test_C6_00058,test_C6,C6,70,early,0,early,0.2490971012066999,0.322272777557373,0.9373399019241332,0.0424920991063118,0.0201680101454257,0.0626600980758667,0.2490344103030613,0,0.0787029489874839,-1.5404642820358276,0.7442725300788879,0.2633865475654602,0.2731055617332458,0.5562317967414856,0.3999418020248413,0.904092252254486,-1.1649365425109863,-0.450490266084671,0.262260764837265,-0.6929222941398621,-0.4385063350200653,-0.3392972946166992,-0.1420720964670181,0.2943091690540313,-1.133456468582153,0.3706012666225433,-0.2556326985359192,0.1800819784402847,0.8821803331375122,-0.4598097801208496,-1.325106143951416,1.7071893215179443,-0.1299984604120254,-1.0595635175704956,-0.8938189148902893,-0.2141781002283096,-1.063238501548767,-0.0592981167137622,-0.8334536552429199,-1.1550151109695437,-1.4925845861434937,0.9924081563949584,-1.8018155097961424,0.4625006318092346,-0.1734970062971115,-0.5065630674362183,-0.0248039010912179,1.5438156127929688,-1.4273178577423096,-0.0257255919277668,0.8157389163970947,-0.9064171314239502,-0.6104092597961426
test_C6_00059,test_C6,C6,71,early,0,early,0.2506934927372599,0.3247813880443573,0.9320969581604004,0.0470913834869861,0.020811615511775,0.0679030418395996,0.2639937283902627,0,0.0914401337504386,-1.533390760421753,0.7294527888298035,0.3331174254417419,0.3882156014442444,0.5911794900894165,0.4638584852218628,0.8425429463386536,-0.9714499115943908,-0.3992423415184021,0.2679852843284607,-0.7538935542106628,-0.435036152601242,-0.3080407083034515,-0.2564896047115326,0.2874792218208313,-1.2854595184326172,0.3466316759586334,-0.2676195502281189,0.0599038638174533,0.999722421169281,-0.5107751488685608,-1.3084466457366943,1.7782069444656372,-0.1311224699020385,-1.019031047821045,-0.910808801651001,-0.1908569186925888,-0.931147575378418,-0.0537785179913044,-0.7896357178688049,-1.288488507270813,-1.4491064548492432,0.6668586730957031,-1.9339336156845093,0.400502860546112,-0.2098387628793716,-0.5370690822601318,-0.5074285268783569,1.1857197284698486,-1.3259711265563965,-0.0065608071163296,0.8389039039611816,-0.4051423370838165,-0.692119300365448
test_C6_00060,test_C6,C6,72,early,0,early,0.252684213072299,0.3267357051372528,0.9275814890861512,0.0514358468353748,0.0209827870130538,0.0724185109138488,0.2762038631748449,0,0.0749648734927177,-1.5577722787857056,0.7293849587440491,0.3716564178466797,0.4671580791473388,0.6473538875579834,0.5384472012519836,0.8898112177848816,-1.0796995162963867,-0.562244713306427,0.2362942993640899,-0.7062895894050598,-0.5035525560379028,-0.2553867399692535,-0.32029590010643,0.3668029308319092,-1.3198843002319336,0.3736835718154907,-0.2160114794969558,0.2735186815261841,1.0036094188690186,-0.5444511771202087,-1.2738137245178225,1.744436264038086,-0.1283346712589264,-0.9253430366516112,-0.9342644214630128,-0.1681835502386093,-0.9485113024711608,0.0227708481252193,-0.8347060680389404,-1.1980661153793335,-1.3847460746765137,0.5509041547775269,-1.9856337308883667,0.4924685060977936,-0.2380625605583191,-0.5871363282203674,-0.1856032013893127,1.258517503738403,-1.2263500690460205,-0.0683264434337616,0.8361919522285461,-0.418211966753006,-0.8203520774841309
test_C6_00061,test_C6,C6,73,early,0,early,0.255054863769136,0.332132339477539,0.9164703488349916,0.0610815994441509,0.0224480219185352,0.0835296511650085,0.3057685430841252,0,0.0779668167233467,-1.5430365800857544,0.745299756526947,0.3702446222305298,0.4789008498191833,0.6854963302612305,0.5537548661231995,0.9709980487823486,-0.9535353183746338,-0.4443666636943817,0.2389898896217346,-0.770779013633728,-0.4282599091529846,-0.2579582929611206,-0.2049511224031448,0.3405749201774597,-1.1865816116333008,0.3698946535587311,-0.2091430574655532,0.1975826472043991,1.0618287324905396,-0.6493790745735168,-1.2536731958389282,1.7222427129745483,-0.1304594278335571,-0.942836582660675,-0.944444179534912,-0.1799134314060211,-0.9078505039215088,-0.0022654433269053,-0.8353065848350525,-1.1420477628707886,-1.329167723655701,0.6698142886161804,-2.017298936843872,0.6610931158065796,-0.2478408366441726,-0.5455922484397888,-0.0259437784552574,1.1848570108413696,-1.184022068977356,-0.0251458026468753,0.9383558630943298,-0.8705124855041504,-0.6368680000305176
test_C6_00062,test_C6,C6,74,early,0,early,0.2577906625365613,0.3342868983745575,0.9084926843643188,0.0685216337442398,0.0229856856167316,0.0915073156356811,0.3254910252399808,0,0.0712555423378944,-1.560194730758667,0.7490308880805969,0.3338974118232727,0.4582472443580627,0.7778772115707397,0.5512458086013794,0.98051518201828,-1.0015146732330322,-0.3645680844783783,0.2616849243640899,-0.7397053837776184,-0.2566028833389282,-0.2256304025650024,-0.2708213925361633,0.3788139820098877,-1.3534845113754272,0.4033609330654144,-0.1657982766628265,0.1719265729188919,1.0110681056976318,-0.5292039513587952,-1.3392343521118164,1.7350455522537231,-0.1279936283826828,-0.859832227230072,-0.9883865118026732,-0.2246518582105636,-0.6422297358512878,0.0535589344799518,-0.8358908295631409,-1.2664111852645874,-1.2396800518035889,0.6504538059234619,-2.1015985012054443,0.3464958369731903,-0.2494766414165496,-0.5841716527938843,-0.1923243999481201,1.1579744815826416,-1.1293749809265137,0.0051226974464952,0.8930513262748718,-1.3769525289535522,-0.7048855423927307
test_C6_00063,test_C6,C6,75,early,0,early,0.2608636681129916,0.3358736336231231,0.8956082463264465,0.0804226621985435,0.0239690989255905,0.1043917536735534,0.3557881678343142,0,0.0710285305976867,-1.5809873342514038,0.7437931299209595,0.3885793685913086,0.6597033739089966,0.8005371689796448,0.6164495944976807,0.9897785782814026,-0.9957112669944764,-0.2391966432332992,0.275286853313446,-0.725016713142395,-0.1781768351793289,-0.2547033131122589,-0.1593144834041595,0.360766589641571,-1.2819715738296509,0.4025059342384338,-0.1643844246864318,0.1477529853582382,1.0676356554031372,-0.3944442272186279,-1.2774463891983032,1.7764031887054443,-0.1316177099943161,-0.8153725266456604,-0.8744383454322815,-0.1037911772727966,-0.793184220790863,0.0527251809835433,-0.8364595174789429,-1.092772126197815,-1.195798397064209,0.6999967694282532,-1.9618215560913088,0.6097634434700012,-0.1907437592744827,-0.5517631769180298,-0.1944384574890136,1.1872206926345823,-1.1258337497711182,0.0512545891106128,0.8801537752151489,-1.4307019710540771,-0.5626274943351746
test_C6_00064,test_C6,C6,76,early,0,early,0.2638363774010046,0.3343976736068725,0.9034100770950316,0.0731082409620285,0.0234816800802946,0.0965899229049682,0.3377871533844985,0,0.2152676433324813,-1.4146445989608765,0.676127552986145,0.2738997638225555,0.0125179225578904,-0.0436482094228267,0.2210122942924499,0.5590920448303223,-1.18592631816864,-0.5456373691558838,0.4408124685287475,-0.5760152339935303,-0.9143155217170716,-0.4501184523105621,-0.6533776521682739,-1.1192864179611206,-1.1460896730422974,-0.0631762519478797,-0.8635984659194946,-0.9974200129508972,0.4429442286491394,-0.9724172949790956,-0.9512144327163696,1.4049409627914429,-0.2819658517837524,-1.3922468423843384,-0.8050632476806641,-0.2456995695829391,-0.4953038394451141,-1.258106708526611,-0.0895013213157653,-0.9734641313552856,-2.040649175643921,0.5216981172561646,-1.286436676979065,0.0567778870463371,-0.0712118223309516,-0.4556165337562561,-3.1318047046661377,1.105771541595459,-1.069860339164734,-0.0409393310546875,0.5740901827812195,-0.6748616695404053,-1.0092484951019287
test_C6_00065,test_C6,C6,77,early,0,early,0.266706110107996,0.3348401188850403,0.891592264175415,0.0844196006655693,0.0239881835877895,0.1084077358245849,0.3645226517519011,0,0.0768333971500396,-1.5799765586853027,0.7307115793228149,0.3889754116535187,0.6769676804542542,0.8388791084289551,0.6331736445426941,0.940814971923828,-0.9781875014305116,-0.3233484327793121,0.2882896661758423,-0.7149633169174194,-0.1872828006744384,-0.2051327377557754,-0.1011614575982093,0.290198802947998,-1.301789164543152,0.3696077764034271,-0.1919210106134414,0.1319528818130493,1.1763626337051392,-0.3658432364463806,-1.346235752105713,1.7892448902130127,0.0057698371820151,-0.8384520411491394,-1.019683599472046,-0.0956776291131973,-0.7316318154335022,-0.0073508345521986,-0.837552547454834,-1.228248953819275,-1.2007540464401243,0.6977952718734741,-2.049532413482666,0.3518875539302826,-0.183625265955925,-0.5596365332603455,-0.000573010998778,1.1559991836547852,-1.1590399742126465,0.0418320037424564,0.8447003364562988,-0.975005865097046,-0.6150205731391907
test_C6_00066,test_C6,C6,78,early,0,early,0.2694704346603989,0.3335302770137787,0.9055038094520568,0.0719904229044914,0.0225057378411293,0.0944961905479431,0.3319578344161015,0,0.0751812234520912,-1.681493878364563,0.73409104347229,0.3964944183826446,0.7157018184661865,0.9179991483688354,0.6912336945533752,1.0161436796188354,-0.976004719734192,-0.4414253532886505,0.3053500056266784,-0.6713736057281494,-0.0828224569559097,-0.1859885901212692,-0.2549857795238495,0.3110802173614502,-1.2188678979873655,0.3778944313526153,-0.168390467762947,0.2017624378204345,1.1776859760284424,-0.233580395579338,-1.3943166732788086,1.82286274433136,-0.128068596124649,-0.8212201595306396,-0.9588391184806824,-0.0127355074509978,-0.8360967636108398,0.0208199098706245,-0.8380780220031738,-1.3589184284210205,-1.1641765832901,0.6409052610397339,-2.07059645652771,0.3751550614833832,-0.145084798336029,-0.6086825728416443,-0.1687800139188766,1.145218014717102,-1.114616632461548,0.0053678662516176,0.8579115867614746,-0.5016399025917053,-0.7615869045257568
test_C6_00067,test_C6,C6,79,early,0,early,0.2721271695499306,0.3345688879489898,0.902674674987793,0.0749068111181259,0.022418588399887,0.097325325012207,0.3383288030431206,0,0.0665214136242866,-1.6891051530838013,0.741005539894104,0.3746814429759979,0.6933578848838806,0.9840330481529236,0.6818020343780518,1.122104287147522,-1.0190573930740356,-0.3509651720523834,0.2533150613307953,-0.7324723601341248,-0.3435602188110351,-0.2203328162431717,-0.1902645677328109,0.3447344005107879,-1.278126239776611,0.3999285399913788,-0.1299681216478347,0.2228353768587112,1.1789758205413818,-0.4205611646175384,-1.3686554431915283,1.7952176332473757,-0.126191183924675,-0.7831220626831055,-0.931746542453766,-0.1504075825214386,-0.7548525929450989,0.0596310198307037,-0.8385902643203735,-1.3104145526885986,-1.0810298919677734,0.4219722151756286,-1.9644689559936523,0.3804258704185486,-0.2172838151454925,-0.5916913747787476,-0.0051381574012339,0.8189440369606018,-1.0664992332458496,0.0418855398893356,0.8673463463783264,-0.3727836012840271,-0.6402770280838013
test_C6_00068,test_C6,C6,80,early,0,early,0.2746743849322597,0.331474095582962,0.9137000441551208,0.0652375146746635,0.0210625305771827,0.0862999558448791,0.3111663218727576,0,0.0668333619832992,-1.648200273513794,0.7362534999847412,0.3434935212135315,0.7309187650680542,0.9720913767814636,0.6943323612213135,1.1290189027786257,-1.0024210214614868,-0.3701337873935699,0.256909430027008,-0.7172690033912659,-0.3160538375377655,-0.2270693629980087,-0.2548799216747284,0.3430013954639435,-1.0105847120285034,0.394626259803772,-0.1219207048416137,0.2429405450820922,1.1802334785461426,-0.4191536903381347,-1.267839789390564,1.8596991300582888,-0.1286377161741256,-0.7477815747261047,-0.9324980974197388,-0.192159429192543,-0.5864184498786926,0.0655382126569747,-0.8390896320343018,-1.1963719129562378,-1.0840094089508057,-0.0180865954607725,-2.0604031085968018,0.5593660473823547,-0.2060869932174682,-0.5812550187110901,-0.175287440419197,0.3917044103145599,-0.9756116271018982,0.0364314168691635,0.8535885214805603,-0.7414904832839966,-0.6158336400985718
test_C6_00069,test_C6,C6,81,early,0,early,0.2771104033001299,0.3312467634677887,0.9116972088813782,0.0669828504323959,0.02131999284029,0.0883027911186218,0.3162186352232896,0,0.0655156746506691,-1.7601059675216677,0.7437922358512878,0.3743411600589752,0.884779155254364,1.0469512939453125,0.7544007897377014,1.2627054452896118,-1.0475749969482422,-0.5139347314834595,0.2859959602355957,-0.6582719683647156,-0.1777862608432769,-0.2608425319194793,-0.2120850831270218,0.3069476187229156,-1.2792633771896362,0.3909184634685516,-0.1167318150401115,0.2621020376682281,1.1814600229263306,-0.3107119500637054,-1.2790101766586304,1.8158940076828003,-0.1333522051572799,-0.8150137066841125,-0.9556087255477904,-0.1719892472028732,-0.578722357749939,0.0496705956757068,-0.8395767211914062,-1.1879345178604126,-1.05149507522583,0.0949281007051467,-2.090468645095825,0.5327856540679932,-0.1176295354962349,-0.6407149434089661,-0.0094984928146004,0.4099100828170776,-1.0421290397644043,-0.009647631086409,0.8335140347480774,-1.2897818088531494,-0.8037199378013611
test_C6_00070,test_C6,C6,82,early,0,early,0.2794337993150789,0.3298847079277038,0.9173098802566528,0.0621068514883518,0.0205832459032535,0.0826901197433471,0.3019191330647036,0,0.0777225121855735,-1.661317229270935,0.7162815928459167,0.3263298869132995,0.6006467342376709,1.0544987916946411,0.6353310346603394,0.9855988025665284,-0.8388370275497437,-0.303089290857315,0.2886878252029419,-0.6425410509109497,-0.2095497101545334,-0.1432597041130066,-0.2545824348926544,0.3400377929210663,-1.0830808877944946,0.3692797720432281,-0.1235854402184486,0.1473313421010971,1.1826566457748413,-0.2652972340583801,-1.2287577390670776,1.87725293636322,-0.126607596874237,-0.8637754321098328,-0.8910152912139893,-0.2726081311702728,-0.5808565020561218,0.0685691535472869,-0.8015621304512024,-1.1323435306549072,-1.032007098197937,0.1748169958591461,-1.8924663066864011,0.7447093725204468,-0.1492781937122345,-0.5096826553344727,-0.1815721094608307,0.487790435552597,-1.0174983739852903,0.0844155699014663,0.8597777485847473,-1.51202654838562,-0.3487977385520935
test_C6_00071,test_C6,C6,83,early,0,early,0.2816433994708767,0.3303164541721344,0.91498601436615,0.0643696561455726,0.0206444077193737,0.0850139856338501,0.307636552156213,0,0.0621062442660331,-1.7926924228668213,0.7157140374183655,0.3381819128990173,0.9239725470542908,1.1340279579162598,0.7639286518096924,1.024878978729248,-1.10705828666687,-0.39722540974617,0.2773187160491943,-0.6976642608642578,-0.2579039931297302,-0.3249740898609161,-0.1503329277038574,0.3466648757457733,-1.4259294271469116,0.3885582089424133,-0.1075727790594101,0.2148979306221008,1.1838244199752808,-0.4275236129760742,-1.2318079471588137,1.8373558521270752,-0.1288682967424392,-0.8373913168907166,-0.983811616897583,-0.1925308406352996,-0.4533551633358001,0.0687445774674415,-0.8405156135559082,-1.148756742477417,-1.0023566484451294,0.0628055781126022,-2.1594226360321045,0.4145869016647339,-0.1909998953342437,-0.6570647358894348,-0.0136673133820295,0.4265432357788086,-1.019678831100464,0.0549697987735271,0.847345232963562,-1.0305935144424438,-0.8332366347312927
test_C6_00072,test_C6,C6,84,early,0,early,0.2837382809997008,0.3304624557495117,0.9170507192611694,0.0627083182334899,0.0202408917248249,0.0829492807388305,0.3022048100594925,0,0.0616289302706718,-1.7474015951156616,0.6999103426933289,0.3628678321838379,0.9287393093109132,1.1977609395980835,0.7628233432769775,0.8184059262275696,-1.0440795421600342,-0.3575713336467743,0.2919297814369201,-0.6955608129501343,-0.1514966636896133,-0.2115503996610641,-0.2569964826107025,0.3868848085403442,-1.144503831863403,0.4117345809936523,-0.0974683985114097,0.2354110479354858,1.1849644184112549,-0.3682347238063812,-1.290288329124451,1.8601127862930296,-0.1235999092459678,-0.7772473096847534,-0.8689560294151306,-0.1437183618545532,-0.6312516927719116,0.0942017585039138,-0.8409683108329773,-1.2393178939819336,-0.871333122253418,0.2366081327199936,-2.0410773754119877,0.415864497423172,-0.1793382912874221,-0.6318437457084656,-0.1876475811004638,0.5909503698348999,-0.95423024892807,0.0660802125930786,0.9093539714813232,-0.4637655913829803,-0.6434372663497925
test_C6_00073,test_C6,C6,85,early,0,early,0.2857177701051873,0.3311319649219513,0.91406512260437,0.0655010193586349,0.0204339250922203,0.0859348773956298,0.3096331443595607,0,0.0591610632836818,-1.763974666595459,0.6915462613105774,0.4086889028549194,1.0730319023132324,1.211368441581726,0.8416280150413513,0.7680022120475769,-1.0193493366241455,-0.2660156786441803,0.2884917557239532,-0.6855311989784241,-0.1208600103855133,-0.2576987445354461,-0.1950334757566452,0.4282039105892181,-1.2079302072525024,0.418369323015213,-0.070734903216362,0.3417226076126098,1.18607759475708,-0.1761791408061981,-1.2519880533218384,1.8394231796264648,-0.1248857527971267,-0.6998513340950012,-0.8472751379013062,0.1070354282855987,-0.6998159289360046,0.1376710385084152,-0.8414103388786316,-1.1620863676071167,-0.8157156705856323,0.2144586443901062,-1.8969463109970093,0.4073558747768402,-0.1837377548217773,-0.5936658978462219,0.1540639400482177,0.5689005255699158,-0.8175404667854309,0.0966030210256576,0.9137182235717772,-0.2722387909889221,-0.4723445773124695
test_C6_00074,test_C6,C6,86,early,0,early,0.2875814402796224,0.3310000300407409,0.909570336341858,0.0698662176728248,0.0205633882433176,0.090429663658142,0.3204142702436123,0,0.0526064485311508,-1.759344458580017,0.6345031261444092,0.4483551681041717,1.1035574674606323,1.260481357574463,0.8734205365180969,0.4198648631572723,-1.19011652469635,-0.5989461541175842,0.2560230493545532,-0.7438341975212097,-0.4003274440765381,-0.2870338261127472,-0.2989950776100158,0.4856034219264984,-1.2713487148284912,0.3909833431243896,-0.0884974822402,0.1839890331029892,1.1871649026870728,-0.5527437329292297,-1.289155125617981,1.8810960054397583,-0.1254039853811264,-0.8692103624343872,-0.9979805946350098,0.1512293964624405,-0.41175577044487,0.1623446643352508,-0.8418421149253845,-1.2588324546813965,-0.7688700556755066,0.0855653136968612,-1.9284712076187132,0.0689406991004943,-0.2120831310749054,-0.7640255093574524,-0.1956781893968582,0.4078320860862732,-1.0233393907546997,-0.0285302344709634,0.931694507598877,-0.645710825920105,-1.0066004991531372
test_C6_00075,test_C6,C6,87,early,0,early,0.2893291093590293,0.3271334767341614,0.9224657416343688,0.0577649809420108,0.0197693780064582,0.0775342583656311,0.2882952077628475,0,0.250241219997406,-1.4698166847229004,0.6313853859901428,0.2922765910625458,-0.0671847164630889,-0.0361921675503253,0.1885777562856674,0.4047477841377258,-1.4810898303985596,-0.8504786491394043,0.4681717455387115,-0.6252225041389465,-1.3869435787200928,-0.5477864146232605,-0.1143679544329643,-1.6892696619033811,-1.2630794048309326,-0.2388750910758972,-1.1689565181732178,-0.7150711417198181,0.1376186162233352,-1.179149508476257,-1.082897424697876,1.164739966392517,-0.4298439621925354,-1.670285701751709,-0.8373794555664062,-0.3158183097839355,-0.5459924340248108,-1.76621675491333,0.0284012611955404,-1.0740412473678589,-2.187889337539673,0.3314908444881439,-1.2760604619979858,0.1160182282328605,-0.1290609836578369,-0.5326518416404724,-1.931416153907776,0.93311607837677,-1.552736520767212,-0.1048138290643692,0.256958544254303,-0.3035052716732025,-1.4225728511810305
test_C6_00076,test_C6,C6,88,early,0,early,0.2909608366623936,0.3313663303852081,0.9031520485877992,0.0753796845674514,0.0214682761579751,0.0968479514122009,0.3361835264215374,0,0.0727004185318946,-1.678437113761902,0.6752150654792786,0.4099375903606415,1.0546250343322754,1.2893376350402832,0.8515508770942688,0.7112980484962463,-0.8188149929046631,-0.195447102189064,0.3015950322151184,-0.6690389513969421,-0.115020714700222,-0.1725707501173019,-0.3015497624874115,0.4372275769710541,-0.800309419631958,0.4182251095771789,-0.0597623996436595,0.2941913902759552,1.1892653703689575,-0.3406421542167663,-1.2556443214416504,1.810256600379944,0.1653700470924377,-0.7444872260093689,-0.9471439123153688,0.1245090663433075,-0.4651007950305938,0.1640180051326751,-0.806810736656189,-1.0593245029449463,-0.6851126551628113,0.0974371433258056,-1.865177869796753,0.480366051197052,-0.1879127621650695,-0.6172201633453369,-0.1803577989339828,0.5174559354782104,-0.904367446899414,0.133851483464241,0.9476633071899414,-1.2049345970153809,-0.4599662125110626
test_C6_00077,test_C6,C6,89,early,0,early,0.292476919541907,0.3301905691623688,0.91185861825943,0.0677538216114044,0.0203874446451663,0.08814138174057,0.3148401643762479,0,0.0724402368068695,-1.675545573234558,0.6408334374427795,0.3979534208774566,1.004311203956604,1.2833274602890017,0.8122754693031311,0.4621818661689758,-0.8494040369987488,-0.3055330514907837,0.3129545450210571,-0.6386263370513916,-0.1009017303586006,-0.1492765545845031,-0.3197923004627228,0.4513940215110779,-0.8428913354873657,0.3870642483234405,-0.0749092623591423,0.311581552028656,1.190280199050903,-0.3598649799823761,-1.2573635578155518,1.8156665563583372,-0.127680018544197,-0.8129730820655823,-0.926167130470276,0.0284725818783044,-0.5466048717498779,0.1490184217691421,-0.8076167106628418,-1.1183512210845947,-0.6788989305496216,0.5429074764251709,-1.7473310232162476,0.3101152181625366,-0.1564255505800247,-0.6205244660377502,-0.1822153478860855,1.10637629032135,-0.962377667427063,0.0923231244087219,0.964440643787384,-0.6125838160514832,-0.4703711569309234
test_C6_00078,test_C6,C6,90,early,0,early,0.2938778895966487,0.3326277434825897,0.8850275278091431,0.0920920595526695,0.0228803530335426,0.1149724721908569,0.3769853140404705,0,0.0753199756145477,-1.7633723020553589,0.6241581439971924,0.3590667843818664,1.113371729850769,1.3496142625808716,0.865698516368866,0.4185363948345184,-0.7870978713035583,-0.3551895022392273,0.3383314609527588,-0.5873285531997681,0.0218230467289686,-0.1512448191642761,-0.2577172815799713,0.476080983877182,-0.888990581035614,0.38837531208992,-0.0542794652283191,0.412509024143219,1.1912723779678345,-0.2747448086738586,-1.157137751579285,1.8504806756973269,-0.1205861344933509,-0.7977865934371948,-0.8847458958625793,-0.1750338077545166,-0.6793513894081116,0.1805648505687713,-0.8084047436714172,-1.0170085430145264,-0.6333123445510864,0.757705807685852,-1.758004903793335,0.2268897444009781,-0.1058866083621978,-0.6524093151092529,0.1680158078670501,1.274792194366455,-0.9380503296852112,0.0813377946615219,0.9718119502067566,-0.4080251157283783,-0.5451207756996155
test_C6_00079,test_C6,C6,91,early,0,early,0.2951645082131444,0.3338396549224853,0.9048061370849608,0.0738471001386642,0.0213467571884393,0.095193862915039,0.3322896548510324,0,0.0800209045410156,-1.727230191230774,0.6026791334152222,0.3550378978252411,0.9591732025146484,1.3595573902130127,0.7945383191108704,0.2911054491996765,-0.6815329194068909,-0.272437572479248,0.342680811882019,-0.606391191482544,0.0356741845607757,-0.1107635796070098,-0.3567580580711365,0.4930182099342346,-0.5787217020988464,0.3866322040557861,-0.0452088974416255,0.2986231744289398,1.1922428607940674,-0.1405610740184784,-1.2087639570236206,1.8202040195465088,-0.1250167489051818,-0.8338092565536499,-0.8144840002059937,-0.1843682080507278,-0.8981950879096985,0.1966050118207931,-0.8091754913330078,-1.0754270553588867,-0.6236761212348938,0.8488439917564392,-1.4475237131118774,0.3757509887218475,-0.1100493595004081,-0.6089797616004944,-0.3670616149902344,1.3655636310577393,-0.927719235420227,0.1314232498407364,0.9670863151550292,-0.4865637421607971,-0.4039133787155151
test_C6_00080,test_C6,C6,92,early,0,early,0.2963377620217843,0.3341951370239258,0.8760532736778259,0.1000717356801033,0.0238750055432319,0.123946726322174,0.396363632865884,0,0.0626903846859932,-1.6979305744171145,0.6162461638450623,0.3630731403827667,1.0405508279800415,1.346474289894104,0.8367612957954407,0.3620330989360809,-1.0053366422653198,-0.3981579840183258,0.3085030019283294,-0.6643243432044983,-0.1340765208005905,-0.1618124097585678,-0.2548891007900238,0.5056549906730652,-0.8516292572021484,0.4014602899551391,-0.0295428168028593,0.3571993708610534,1.1931922435760498,-0.3262010812759399,-1.3709856271743774,1.811052680015564,-0.1205998137593269,-0.6730597019195557,-1.0173008441925049,-0.1398890316486358,-0.7145154476165771,0.2000365555286407,-0.8442355394363403,-1.2629573345184326,-0.5319585800170898,0.8175444602966309,-1.6371034383773804,0.1462070345878601,-0.1344217956066131,-0.6690423488616943,-0.0117342229932546,1.201029896736145,-0.8199790120124817,0.0514003448188304,0.9771300554275512,-0.3049283325672149,-0.5438784956932068
test_C6_00081,test_C6,C6,93,early,0,early,0.2973988580166796,0.3337473571300506,0.8918947577476501,0.0857587307691574,0.0223465915769338,0.1081052422523498,0.3619315117663116,0,0.0665090084075927,-1.7526237964630127,0.5843323469161987,0.3836677670478821,1.1712290048599243,1.3917628526687622,0.8762553334236145,0.2379501610994339,-0.9537896513938904,-0.4527412950992584,0.2980605661869049,-0.6953458786010742,-0.239639937877655,-0.2200877368450164,-0.3530362546443939,0.517673909664154,-0.9077745676040648,0.3882034122943878,-0.0227854959666728,0.3302415311336517,1.194121241569519,-0.3715130388736725,-1.4088668823242188,1.819641351699829,-0.1203250288963317,-0.7290723323822021,-0.9745936393737792,0.0097020445391535,-0.5323509573936462,0.2245832234621048,-0.8446044325828552,-1.2728745937347412,-0.527104914188385,0.7507200837135315,-1.5081236362457275,0.1508554071187973,-0.1393562108278274,-0.7499144673347473,-0.0145600531250238,1.20225727558136,-0.89747554063797,0.0489167012274265,0.9680591225624084,-0.7768809795379639,-0.8160125017166138
test_C6_00082,test_C6,C6,94,early,0,early,0.2983492180865358,0.3332902491092682,0.8463973999023438,0.1278864741325378,0.0257162041962146,0.1536026000976562,0.4535731434512096,0,0.0604250952601432,-1.649459958076477,0.5754598379135132,0.4323399364948272,1.273872971534729,1.3968756198883057,0.940963864326477,0.2258940935134887,-0.94015771150589,-0.5509357452392578,0.2533046901226043,-0.673903226852417,-0.3757888376712799,-0.2158183753490448,-0.3303686678409576,0.5733171105384827,-0.6039459109306335,0.4099819362163543,0.0115100275725126,0.3457054793834686,1.2795844078063965,-0.6053613424301147,-1.348029613494873,1.8392399549484253,-0.1119318231940269,-0.6029666662216187,-0.8602532148361206,0.2348153591156005,-0.5514159202575684,0.2653637826442718,-0.8449654579162598,-1.1197049617767334,-0.4097454249858856,0.6030723452568054,-1.4769736528396606,0.2329393476247787,-0.2142655104398727,-0.7065999507904053,-0.1971572786569595,1.0872291326522827,-0.7432125210762024,-0.0211857408285141,1.0380162000656128,-0.7046444416046143,-0.5730674862861633
test_C6_00083,test_C6,C6,95,early,0,early,0.2991904732089655,0.3352212309837341,0.8576709628105164,0.1172771528363227,0.0250518061220645,0.1423290371894836,0.4327220323552543,0,0.0702070146799087,-1.652093768119812,0.5544081330299377,0.4973874986171722,1.2744046449661257,1.3994591236114502,0.968450129032135,0.1329153031110763,-0.6894094347953796,-0.3727264702320099,0.3221764266490936,-0.5429213047027588,0.0284634865820407,-0.092818409204483,-0.3473373651504516,0.602445125579834,-0.5052033066749573,0.4109532833099365,0.0240870267152786,0.400941252708435,1.2795844078063965,-0.2717992663383484,-1.450338363647461,1.8316843509674072,-0.1182403340935707,-0.5579459071159363,-0.8523797392845154,0.2994363307952881,-0.8180031180381775,0.2833653688430786,-0.8120961785316467,-1.24724543094635,-0.3735155463218689,0.8534382581710815,-1.2945115566253662,0.5644159317016602,-0.0463945753872394,-0.6440865993499756,-0.0180251374840736,1.29855215549469,-0.6354994773864746,0.0539122447371482,1.033539652824402,0.3321545720100403,-0.332990288734436
test_C6_00084,test_C6,C6,96,middle,1,early,0.2999244579813612,0.3372643291950226,0.7871591448783875,0.1829853951930999,0.0298554431647062,0.2128408551216125,0.5497789337509804,1,0.0711758807301521,-1.6043578386306765,0.558643639087677,0.4501438438892364,1.2254700660705566,1.4245439767837524,0.9224350452423096,0.2025354504585266,-0.6721007823944092,-0.3520608842372894,0.3136235773563385,-0.5473147034645081,-0.0495674833655357,-0.0906868949532508,-0.3635692000389099,0.596255898475647,-0.3588220179080963,0.4161157608032226,0.0411099530756473,0.4130078852176666,1.2795844078063965,-0.2961606979370117,-1.3833658695220947,1.7721420526504517,-0.1211706697940826,-0.6195172071456909,-0.9574338793754578,0.2342687994241714,-0.647957444190979,0.2803787887096405,-0.8127883076667786,-1.137537956237793,-0.2945188879966736,0.8594006299972534,-1.2337487936019895,0.1222089305520057,-0.1084845066070556,-0.7324579954147339,-0.0207231882959604,1.2432469129562378,-0.6810832619667053,0.0560686029493808,1.0475443601608276,-0.1229331567883491,-0.5774769186973572
test_C6_00085,test_C6,C6,97,middle,1,early,0.3005532038896633,0.3408200144767761,0.7039474844932556,0.261661171913147,0.034391351044178,0.2960525155067444,0.6497554650658155,1,0.2038835734128952,-1.522233486175537,0.1532743573188781,0.1394334435462951,0.9328180551528932,0.0960335731506347,0.8079755902290344,-0.0207900684326887,-0.8020723462104797,-0.382607489824295,0.4318042993545532,-0.0138507736846804,-0.2182489484548568,-0.2457760870456695,1.098874568939209,0.3909421861171722,-0.3076619207859039,0.2630099952220917,-0.3872590363025665,1.309129238128662,1.2795844078063965,-0.3853370547294616,0.1145970374345779,1.5902974605560305,-0.141027569770813,-1.1761605739593506,0.2181047052145004,-0.5922636389732361,-0.2073706835508346,0.053839799016714,-0.1627112478017807,-0.9739364385604858,-2.133487701416016,-0.2698661684989929,-0.6062940955162048,0.8352646827697754,0.4330112338066101,-0.17611725628376,5.12782621383667,0.0456855706870555,-0.0676319077610969,0.1144527420401573,1.486731767654419,-1.176284670829773,-0.5080664753913879
test_C6_00086,test_C6,C6,98,middle,1,early,0.3010789330819709,0.3408096730709076,0.6411197185516357,0.3224782645702362,0.0364020355045795,0.3588802814483642,0.7013961867233816,1,0.1450333446264267,-1.4952714443206787,0.1638106405735016,0.2278454154729843,1.057928204536438,0.4084356427192688,0.8351141810417175,-0.0034833406098186,-0.9615167379379272,-0.3778001368045807,0.3380171060562134,-0.2038951218128204,-0.1657561212778091,-0.427238255739212,-0.3492972254753113,0.6238611340522766,-0.354015052318573,0.3982394933700561,-0.2224142104387283,0.0030800832901149,1.2795844078063965,-0.3294137120246887,-0.8905828595161438,1.6475872993469238,-0.0704772993922233,-0.8777744174003601,-0.0900416374206543,-0.4960170686244964,-0.8068076968193054,0.2735214829444885,-0.4276614487171173,-0.622042715549469,-1.6835837364196775,-0.2288601696491241,-0.4432728290557861,0.8295714855194092,0.2673549652099609,-0.2183655947446823,-0.4527806341648102,0.1638519167900085,-0.8911542892456055,0.0905804932117462,1.4722490310668943,-0.7958363890647888,-0.2325010746717453
test_C6_00087,test_C6,C6,99,middle,1,middle,0.3015040515531672,0.3495660126209259,0.3704655766487121,0.5897291898727417,0.0398052297532558,0.4102708101272583,0.7351310291719185,0,0.1601004302501678,-1.4647914171218872,0.1558193564414978,0.2438303381204605,1.156532645225525,0.4178354740142822,0.8773782849311829,-0.0124917980283498,-0.642805814743042,-0.2675620317459106,0.3980675339698791,0.0213395170867443,0.1464571058750152,-0.3130010366439819,-0.3279076814651489,0.6055582761764526,-0.3198898136615753,0.4128556847572326,-0.1981502473354339,0.301351398229599,1.2795844078063965,-0.0841336920857429,-1.0186965465545654,1.6800155639648438,-0.1198918223381042,-0.8862820267677307,0.0352951362729072,-0.4515349268913269,-1.1334288120269775,0.2907523214817047,-0.3684549629688263,-0.5905791521072388,-1.6326452493667605,-0.0474198199808597,-0.5972368121147156,1.0191140174865725,0.4105455279350281,-0.167450949549675,0.0698928758502006,0.3613882064819336,-0.9510469436645508,0.1339345872402191,1.4277206659317017,-0.5861796140670776,-0.0763691589236259
test_C6_00088,test_C6,C6,100,middle,1,middle,0.3018311420771272,0.3529260158538818,0.3079256117343902,0.6524811387062073,0.0395932495594024,0.3475188612937927,0.7001077511954648,0,0.1559624969959259,-1.5625407695770264,0.1390811949968338,0.1848350018262863,1.0395187139511108,0.5311818718910217,0.8393681049346924,-0.0470259860157966,-0.5976607799530029,-0.1812142729759216,0.3960097134113312,-0.0028023994527757,0.165755957365036,-0.2881538867950439,-0.3829029500484466,0.6377450823783875,-0.1801081746816635,0.4080021381378174,-0.1697406619787216,0.3169194161891937,1.2398440837860107,-0.080539621412754,-0.9948669672012328,1.630382418632507,-0.1170912384986877,-0.9539909958839417,0.2563714385032654,-0.5559078454971313,-1.146472454071045,0.2996149063110351,-0.4051174521446228,-0.5071468353271484,-1.571656584739685,-0.0867462456226348,-0.4732373654842376,1.2470383644104004,0.4078281819820404,-0.1576577723026275,-0.1082727164030075,0.4043588638305664,-0.9463223218917848,0.1966629028320312,1.3707098960876465,-0.9394981265068054,-0.0289290565997362
test_C6_00089,test_C6,C6,101,middle,1,middle,0.3020690494932344,0.3589408993721008,0.2369355857372284,0.7236404418945312,0.0394239127635955,0.2763595581054687,0.6396443820809458,0,0.157883733510971,-1.4869078397750854,0.1080892831087112,0.2832570970058441,1.2068631649017334,0.5847700238227844,0.90077143907547,-0.0554249435663223,-0.5039294362068176,-0.1710677146911621,0.4356019496917724,0.0617476776242256,0.3525259792804718,-0.3232689499855041,-0.3979761898517608,0.6433627605438232,-0.4684785902500152,0.4001116454601288,-0.1487681269645691,0.3318151235580444,1.2795844078063965,0.0325358882546424,-0.9155359268188475,1.7130956649780271,-0.1140105128288269,-0.8367014527320862,0.2040880024433136,-0.3163796067237854,-0.9942010641098022,0.3283911645412445,-0.4098048210144043,-0.4374443590641022,-1.4423781633377075,0.0664296224713325,-0.3272189497947693,1.061287760734558,0.4287230968475342,-0.2103223353624344,0.0655656680464744,0.551966667175293,-0.7567754983901978,0.1796613186597824,1.3358895778656006,-0.9733378291130066,-0.0826560482382774
test_C6_00090,test_C6,C6,102,middle,1,middle,0.3022325432192163,0.3645730018615722,0.1920894831418991,0.7687240839004517,0.0391863845288753,0.2312759160995483,0.5880524894605671,0,0.1489046216011047,-1.414297342300415,0.1229208111763,0.2751995623111725,1.0683772563934326,0.632024347782135,0.8421947956085205,-0.0384573526680469,-0.566335916519165,-0.3601079285144806,0.3805747628211975,-0.0916228964924812,0.087441973388195,-0.3206534385681152,-0.3381835520267486,0.6479526162147522,-0.3261689245700836,0.4269824028015136,-0.1062010079622268,0.3082308173179626,1.2795844078063965,-0.0407292768359184,-0.9493135213851928,1.6754971742630005,-0.1124962493777275,-0.7432392835617065,0.0568985641002655,-0.3233216404914856,-0.9280909895896912,0.3299643695354461,-0.4762857854366302,-0.4616126418113708,-1.3086090087890625,0.0466069914400577,-0.5010728240013123,1.3407210111618042,0.3433694243431091,-0.3210652470588684,0.2390182316303253,0.4282097518444061,-0.708662748336792,0.0856798440217971,1.314835786819458,-0.5573080778121948,-0.288109540939331
test_C6_00091,test_C6,C6,103,middle,1,middle,0.302336046771595,0.3776892423629761,0.1374365985393524,0.8232494592666626,0.0393139496445655,0.1767505407333374,0.5098260931980351,0,0.1495391726493835,-1.4666695594787598,0.1105661764740943,0.3045473992824554,1.1630510091781616,0.6950896382331848,0.8711685538291931,-0.0467764139175415,-0.502627432346344,-0.1661215275526046,0.4271212220191955,-0.0112953595817089,0.3170270025730133,-0.2401661872863769,-0.3549780249595642,0.6426675915718079,-0.1802434027194976,0.4229671359062195,-0.083234503865242,0.3234125971794128,1.2410014867782593,0.0625873133540153,-0.8978233933448792,1.7376316785812378,-0.1141696572303772,-0.7502326965332031,0.3402995467185974,-0.2583009600639343,-1.0381708145141602,0.3425754308700561,-0.5108335614204407,-0.4568621218204498,-1.2945833206176758,0.1446702480316162,-0.477315604686737,1.4336941242218018,0.3619530200958252,-0.172623723745346,0.057549811899662,0.5899781584739685,-0.6515172123908997,0.2003412395715713,1.2675111293792725,-0.3034925460815429,0.0850607082247734
test_C6_00092,test_C6,C6,104,middle,1,middle,0.3023936126918466,0.3847452104091644,0.1197616979479789,0.8397444486618042,0.0404938273131847,0.1602555513381958,0.4830456992436631,0,0.1458000242710113,-1.462352633476257,0.1010090336203575,0.2981299161911011,1.187427639961243,0.7371864914894104,0.8780442476272583,-0.0796527042984962,-0.4954762458801269,-0.2441227287054062,0.3724118173122406,-0.0495392903685569,0.0495076663792133,-0.2099952101707458,-0.3710843622684479,0.6449374556541443,-0.0156445652246475,0.4354919493198395,-0.0588465519249439,0.3379495739936828,1.1649487018585205,-0.0189332626760005,-0.8043371438980103,1.7231731414794922,-0.1174845695495605,-0.7449243068695068,0.437024861574173,-0.2656679153442383,-1.1917222738265991,0.3542522490024566,-0.5750645995140076,-0.3392522931098938,-1.2185579538345337,0.1342369765043258,-0.6749772429466248,1.3859127759933472,0.3092341423034668,-0.0898316130042076,0.0546003803610801,0.5647155046463013,-0.5873551368713379,0.1559059917926788,1.200876235961914,-0.4216653704643249,0.3190833330154419
test_C6_00093,test_C6,C6,105,middle,1,middle,0.302418898229824,0.388908177614212,0.1162295043468475,0.8394744396209717,0.0442959889769554,0.1605255603790283,0.4870715991052741,0,0.157916709780693,-1.6175400018692017,0.0847635269165039,0.3732830882072449,1.3017722368240356,0.8182985782623291,1.0140764713287354,-0.0874209702014923,-0.3176655173301697,-0.4353106021881103,0.3614533543586731,-0.1357012689113617,-0.0901919230818748,-0.2782984375953674,-0.3500949144363403,0.6082730293273926,0.1001922711730003,0.4161229729652405,-0.0555587746202945,0.3518595397472381,1.0146484375,-0.2507462203502655,-0.8427000045776367,1.719557523727417,-0.1238513588905334,-0.777279794216156,0.097533605992794,-0.0615153312683105,-1.121612548828125,0.3386304080486297,-0.4577201306819916,-0.2989574670791626,-1.2090047597885132,0.2045665681362152,-0.7661765217781067,1.2476255893707275,0.2818258702754974,-0.2091799974441528,0.0516970790922641,0.5688928365707397,-0.5655466318130493,0.0881917625665664,1.1291022300720217,-0.5104262232780457,-0.0169506389647722
test_C6_00094,test_C6,C6,106,middle,1,middle,0.3024251420368648,0.3939142525196075,0.1186070218682289,0.8331202864646912,0.0482726618647575,0.1668797135353088,0.5017975686492058,0,0.1621532440185547,-1.3101882934570312,0.0747196674346923,0.2843857407569885,1.234801173210144,0.7905732989311218,0.9126661419868468,-0.095042660832405,-0.1052141413092613,-0.05762555077672,0.4333304762840271,0.0324320197105407,0.3180810809135437,-0.1278668940067291,-0.5105834603309631,0.649120569229126,0.2158159017562866,0.4363605976104736,-0.0052143945358693,0.3651607632637024,1.0921297073364258,0.0275660641491413,-0.6803450584411621,1.76211416721344,-0.100105695426464,-0.5816926956176758,0.2031522244215011,-0.32651486992836,-1.111431121826172,0.3738062083721161,-0.4319150447845459,-0.1669561266899109,-1.0432413816452026,0.3623602390289306,-0.8296158313751221,1.2105779647827148,0.4134735465049743,-0.074232630431652,-0.1309681832790374,0.8056000471115112,-0.2990044951438904,0.2199952751398086,1.1250824928283691,-0.1825430691242218,0.4181946516036987
test_C6_00095,test_C6,C6,107,middle,1,middle,0.3024251420368648,0.3973129093647003,0.1161540821194648,0.8331173658370972,0.0507285073399543,0.1668826341629028,0.5037330431743406,0,0.1488440185785293,-1.504219889640808,0.0445892848074436,0.3268085420131683,1.3021948337554932,0.8792936205863953,1.0099738836288452,-0.1025218963623046,-0.4413879513740539,-0.2037568986415863,0.4152231812477112,-0.1761835813522339,0.134744793176651,-0.2412660717964172,-0.3411513864994049,0.6098065972328186,-0.0376240834593772,0.4208347797393799,-0.0242465995252132,0.41429603099823,0.9453192949295044,-0.0666420459747314,-0.7634056210517883,1.728374719619751,-0.12937892973423,-0.7416343688964844,0.1372177302837371,-0.2177998721599578,-0.8420940041542053,0.3361640572547912,-0.6720638275146484,-0.2725679278373718,-1.0531402826309204,0.174194648861885,-1.305180907249451,1.0461111068725586,0.242740049958229,-0.1810346245765686,0.2283443510532379,0.6226053833961487,-0.517655074596405,0.1876183003187179,1.0531567335128784,-0.1611820459365844,0.0973630771040916
test_C6_00096,test_C6,C6,108,middle,1,middle,0.3024251420368648,0.3809111416339874,0.2068392634391784,0.7327818274497986,0.060378935188055,0.2672181725502014,0.6583377108963494,0,0.2095893025398254,-1.633402705192566,0.1997769922018051,0.3726767599582672,1.1705199480056765,0.1969286352396011,0.8672496676445007,0.151956707239151,-1.0549101829528809,-0.5133980512619019,0.473794937133789,-0.1315909177064895,-0.4804693758487701,-0.4515188634395599,-0.4997980296611786,-0.4895458519458771,-0.8859376311302185,0.1344188451766967,-0.642934262752533,-0.7189362049102783,0.9852110147476196,-0.6142337918281555,-0.8347399234771729,1.3931798934936523,-0.4423229694366455,-1.1603145599365234,-0.0220328439027071,-0.0654297620058059,-0.3461107611656189,-0.799960196018219,-0.0895013213157653,-0.8783844113349915,-2.0128214359283447,-0.2742298543453216,-0.8087267279624939,0.536005973815918,0.4176599085330963,-0.2070312201976776,-2.664048671722412,0.0513278990983963,-0.7843838334083557,0.0844076126813888,1.0339354276657104,-1.2324364185333252,-0.7435469031333923
test_C6_00097,test_C6,C6,109,middle,1,middle,0.3024251420368648,0.3916327655315399,0.1503958106040954,0.7950858473777771,0.0545183457434177,0.2049141526222229,0.5696692792857889,0,0.1478769034147262,-1.2994240522384644,0.0382754765450954,0.2703385651111603,1.1937098503112793,0.8659297823905945,0.8769435882568359,-0.140652060508728,-0.426099419593811,-0.3355907201766968,0.4106029272079468,-0.0865587145090103,0.1030656322836875,-0.1463420093059539,-0.47449591755867,0.5816141963005066,-0.0245940312743186,0.4147615432739258,-0.006059936247766,0.3550034761428833,1.170207142829895,-0.22065369784832,-0.835611879825592,1.6787527799606323,0.1925070434808731,-0.7056533098220825,0.027867404744029,-0.3909738957881927,-0.8941356539726257,0.3151193857192993,-0.7048079967498779,-0.3847082257270813,-0.948592483997345,0.3438705801963806,-1.015429139137268,1.1627024412155151,0.2974750697612762,-0.2456164062023162,-0.1189610660076141,0.7248319387435913,-0.4166420996189117,0.1034151539206504,1.034533977508545,0.7801038026809692,-0.0211123526096344
test_C6_00098,test_C6,C6,110,middle,1,middle,0.3024251420368648,0.3874472081661224,0.1852438896894455,0.7579761147499084,0.0567800588905811,0.2420238852500915,0.6237429891029431,0,0.1468744724988937,-1.392890214920044,0.0044883955270051,0.3382764160633087,1.259639024734497,0.9266400337219238,0.910703420639038,-0.1708816736936569,-0.4185680449008941,-0.3382193744182586,0.3851980865001678,-0.0892649516463279,-0.0319626852869987,-0.2157735228538513,-0.3101914227008819,0.5727189779281616,-0.0806279852986335,0.4092306494712829,-0.0017086333828046,0.3322502374649048,1.2073291540145874,-0.153066411614418,-0.800277829170227,1.6939964294433594,-0.1143421158194542,-0.7143661975860596,0.1247391998767852,-0.194961816072464,-0.9683995842933656,0.3134199976921081,-0.7063874006271362,-0.2959312498569488,-0.9316793084144592,0.2505377233028412,-0.7478016018867493,1.0854209661483765,0.2980976402759552,-0.2688954472541809,-0.1207775473594665,0.6539328098297119,-0.4130414128303528,0.1230258718132972,1.0156123638153076,0.0154671436175704,-0.0876196324825286
test_C6_00099,test_C6,C6,111,middle,1,middle,0.3024251420368648,0.3959003388881683,0.141476958990097,0.8049982190132141,0.05352483689785,0.1950017809867859,0.5534174023297528,0,0.1670340299606323,-1.3626222610473633,0.0170553252100944,0.2453430593013763,1.2174502611160278,0.9685794115066528,0.8945857286453247,-0.131091222167015,0.0908322781324386,-0.244525671005249,0.4635245203971863,0.1115505471825599,0.3596963584423065,-0.0138372760266065,-0.5362205505371094,0.5699730515480042,0.3105715811252594,0.4285444021224975,0.0283231306821107,0.4539069235324859,1.2795844078063965,0.0677883103489875,-0.8453633785247803,1.6969493627548218,-0.1083765402436256,-0.6893547773361206,0.1692911386489868,-0.4912562966346741,-1.1433963775634766,0.3090685606002807,-0.5373350381851196,-0.2784508466720581,-0.8415989875793457,0.4347861707210541,-0.8240231871604919,1.0962334871292114,0.4157797992229461,-0.1561551690101623,-0.3052121102809906,0.941835343837738,-0.335614264011383,0.1564689129590988,1.012052059173584,0.94186133146286,0.2261289656162262
test_C6_00100,test_C6,C6,112,middle,1,middle,0.3024251420368648,0.3913194835186004,0.1925230324268341,0.7500522136688232,0.0574247576296329,0.2499477863311767,0.6344297121817659,0,0.1687762141227722,-1.4810384511947632,-0.0207971334457397,0.4139649868011474,1.303185224533081,1.016685962677002,1.028594970703125,-0.2067697793245315,0.0559493824839592,-0.1959604620933532,0.4618963003158569,0.0698022097349166,0.2569214105606079,-0.0949717983603477,-0.4067170321941376,0.5514968633651733,0.3692858815193176,0.4164466559886932,0.0181871615350246,0.4276539385318756,1.2795844078063965,0.0025506343226879,-0.9406698942184448,1.720302700996399,-0.1203067526221275,-0.6971521973609924,0.3044762909412384,0.1865616887807846,-1.2400619983673096,0.2892311215400696,-0.5403814911842346,-0.3965297937393188,-0.8339012265205383,0.485417753458023,-0.8716399669647217,1.3054516315460205,0.3593596518039703,-0.1700988411903381,0.2439385205507278,0.960008442401886,-0.3013352751731872,0.2045322805643081,0.9927244782447816,0.5171341896057129,0.1611804813146591
test_C6_00101,test_C6,C6,113,middle,1,middle,0.3024251420368648,0.3997854888439178,0.1258613318204879,0.821550190448761,0.0525885224342346,0.178449809551239,0.5254169334995262,0,0.1611321717500686,-1.304094910621643,-0.0256033912301063,0.3469328582286834,1.240350365638733,1.0514132976531982,0.9729419350624084,-0.2128631621599197,0.0162048228085041,-0.2614608705043793,0.4478545188903808,0.0642766430974006,0.246634155511856,-0.0202657710760831,-0.5908859372138977,0.5652306079864502,0.4358353912830353,0.4279437661170959,0.0591828674077987,0.508109986782074,1.2795844078063965,0.0046789580956101,-0.8425447940826416,1.7189949750900269,-0.0993973016738891,-0.6289283037185669,0.2417612671852111,-0.1515125781297683,-1.144526124000549,0.3180180191993713,-0.6830272078514099,-0.2321934700012207,-0.6942265629768372,0.3727403581142425,-0.4348175525665283,1.2314393520355225,0.3491362333297729,-0.1502549946308136,-0.3120590150356293,0.8941076397895813,-0.1791584491729736,0.1486961543560028,0.9884981513023376,1.4132359027862549,0.2720566689968109
test_C6_00102,test_C6,C6,114,middle,1,middle,0.3024251420368648,0.3996331393718719,0.1419430375099182,0.8038507103919983,0.0542062260210514,0.1961492896080017,0.5558309131289517,0,0.1659606844186782,-1.31322181224823,-0.0507937408983707,0.2756098806858063,1.2202643156051636,1.0569181442260742,0.9245039820671082,-0.2413986623287201,0.1246754229068756,-0.1569882035255432,0.4720335304737091,0.2114200741052627,0.3436633944511413,-0.0795010700821876,-0.5627601742744446,0.5523568391799927,0.4247197806835174,0.423661857843399,0.0621347874402999,0.4800208210945129,1.2447243928909302,0.0865030288696289,-0.7465093731880188,1.6431567668914795,-0.114684522151947,-0.6614106893539429,0.1463558375835418,-0.3754938244819641,-1.0700334310531616,0.3063504099845886,-0.6570566296577454,-0.103530041873455,-0.6922276616096497,0.542529284954071,-0.3887427449226379,1.1255310773849487,0.4024170935153961,-0.1599639505147934,-0.1279060244560241,1.07806134223938,-0.147813394665718,0.2089808732271194,0.9598453640937804,1.4331986904144287,0.2120832651853561
test_C6_00103,test_C6,C6,115,middle,1,middle,0.3024251420368648,0.4057877361774444,0.1013834178447723,0.8472448587417603,0.0513717271387577,0.1527551412582397,0.4778761148221529,0,0.1561764329671859,-1.2149348258972168,-0.0923335030674934,0.2835107445716858,1.117958903312683,1.0771702527999878,0.8712670207023621,-0.2694378793239593,0.0249774008989334,-0.3219063580036163,0.4347549378871918,0.0948783904314041,0.1848166137933731,-0.1438675224781036,-0.4691290259361267,0.5680757164955139,0.4097322523593902,0.427099347114563,0.0766114071011543,0.4533669352531433,1.2795844078063965,-0.0805661380290985,-0.857208788394928,1.729284167289734,-0.1095219776034355,-0.6102538704872131,0.3831568956375122,-0.3168042600154876,-1.1111797094345093,0.3218213617801666,-0.7138723731040955,-0.267263650894165,-0.6207454204559326,0.5316212177276611,-0.6697478890419006,1.1948206424713137,0.3509993851184845,-0.2062736004590988,-0.1295999437570572,1.0168952941894531,-0.1073091328144073,0.1261186897754669,0.9487956762313844,0.6856056451797485,0.148671418428421
test_C6_00104,test_C6,C6,116,middle,1,middle,0.3024251420368648,0.405704140663147,0.1156170889735221,0.8325153589248657,0.0518675781786441,0.1674846410751342,0.5056588061465239,0,0.1508807986974716,-1.1247646808624268,-0.1035406738519668,0.1849308609962463,0.7309187650680542,1.1042637825012207,0.7444663643836975,-0.2748334407806396,-0.0894487872719764,-0.3619718849658966,0.4105665981769562,-0.0050258901901543,0.0549263507127761,-0.0749051496386528,-0.4798594117164612,0.5582418441772461,0.2492187917232513,0.4035150706768036,0.0849760770797729,0.4622930586338043,1.176807522773743,0.0144946845248341,-0.8067903518676758,1.6708276271820068,-0.1143528372049331,-0.6692294478416443,0.003753456287086,-0.6205364465713501,-0.931831955909729,0.3065586686134338,-0.769708514213562,-0.3196018040180206,-0.5847339630126953,0.3595405519008636,-0.830340564250946,0.9683073163032532,0.3102065026760101,-0.1808944195508957,-0.1312710791826248,0.9177826046943665,0.010035503655672,0.122671328485012,0.9076486229896544,1.1620831489562988,0.1928621679544448
test_C6_00105,test_C6,C6,117,middle,1,middle,0.3024251420368648,0.4111517667770386,0.0901253446936607,0.8591035008430481,0.0507711395621299,0.1408964991569519,0.4539177950720236,0,0.1503855139017105,-1.1049898862838743,-0.0823493674397468,0.1953161358833313,0.8577268123626709,1.1540682315826416,0.7772398591041565,-0.2361950278282165,-0.029700718820095,-0.2276928871870041,0.4374467432498932,0.1704930514097213,0.2132810950279235,-0.0723332986235618,-0.588898241519928,0.5249059200286865,0.3626492321491241,0.4345742762088775,0.107462927699089,0.5723466277122498,1.2795844078063965,0.0866636112332344,-0.7661954760551453,1.6169962882995603,-0.1016137450933456,-0.5566771030426025,0.2444557100534439,-0.560755729675293,-1.1318522691726685,0.2967882752418518,-0.7976144552230835,-0.1859604269266128,-0.4377312660217285,0.5562919974327087,-0.1123649701476097,1.12761390209198,0.3563379049301147,-0.2170460373163223,0.0543389879167079,1.1176899671554563,0.0671978145837783,0.1549949795007705,0.9267001152038574,1.9755693674087524,0.1656715273857116
test_C6_00106,test_C6,C6,118,middle,1,middle,0.3024251420368648,0.4194510281085968,0.0770859941840171,0.8712688684463501,0.0516451224684715,0.1287311315536499,0.4284191904710623,0,0.1662473380565643,-1.0883512496948242,-0.1140042692422866,0.193486213684082,0.8817988038063049,1.160538673400879,0.7830488681793213,-0.3071348369121551,0.2594825327396393,-0.0104981502518057,0.4862307012081146,0.2490205466747284,0.380317360162735,-0.0336680635809898,-0.5291849970817566,0.5095201730728149,0.5009276270866394,0.4069413542747497,0.0988920778036117,0.5088826417922974,1.2795844078063965,0.161586046218872,-0.7542180418968201,1.6044514179229736,-0.1186443492770195,-0.6022152900695801,0.4102307260036468,-0.5855845212936401,-1.2755333185195925,0.2767537534236908,-0.6645646095275879,-0.0774810314178466,-0.4423429071903229,0.6360185146331787,-0.0396262295544147,1.2137726545333862,0.4673835039138794,-0.0115620326250791,-0.1362444311380386,1.1699405908584597,0.0628613606095314,0.2841697335243225,0.9031223058700562,1.2960082292556765,0.5795369744300842
test_C6_00107,test_C6,C6,119,middle,1,middle,0.3024251420368648,0.3977336287498474,0.1411541551351547,0.7963355183601379,0.0625103339552879,0.203664481639862,0.5743831260268839,0,0.2537719011306762,-1.651363730430603,0.2092283070087433,0.3138032257556915,0.7857765555381775,0.2136299908161163,0.7608294486999512,0.271165519952774,-1.047934889793396,-0.5667794942855835,0.5301142930984497,-0.0599100776016712,-0.8188087940216064,-0.4632992744445801,-0.0792350172996521,-1.0610942840576172,-1.0277631282806396,-0.0402822904288768,-0.9033869504928588,-0.5367615818977356,0.6784690022468567,-0.7636008262634277,-0.8322736024856567,1.2566776275634766,-0.7433744072914124,-1.345966339111328,-0.122147187590599,-0.174803540110588,-0.3029143214225769,-1.3227986097335815,0.1558305472135543,-0.8324359059333801,-2.1006078720092773,-0.3676188290119171,-0.8832206726074219,0.3492012619972229,0.4255812168121338,-0.2064053863286972,-1.45920991897583,0.019955076277256,-1.1762927770614624,0.1241919994354248,0.7477849721908569,-1.149030327796936,-1.0178431272506714
test_C6_00108,test_C6,C6,120,middle,1,middle,0.3024251420368648,0.4189057648181915,0.0964318811893463,0.8390532732009888,0.0645147934556007,0.1609467267990112,0.5002768696677344,0,0.1638262718915939,-0.9663533568382264,-0.144120767712593,0.2100764960050583,0.9287393093109132,1.1570616960525513,0.7906153798103333,-0.3383595049381256,0.3260249495506286,-0.1362624168395996,0.4531957805156708,0.2232329249382019,0.3046234250068664,0.0279928967356681,-0.5585379004478455,0.565149188041687,0.6842235922813416,0.4410340487957001,0.1515719145536422,0.548475444316864,1.2795844078063965,0.1216451078653335,-0.6410494446754456,1.6032596826553345,0.5196592211723328,-0.5114327073097229,0.4665561020374298,-0.5312469601631165,-1.2058327198028564,0.3484622836112976,-0.7470349073410034,0.080804206430912,-0.3673998117446899,0.6547142267227173,-0.0623050294816494,1.147783875465393,0.4339303076267242,-0.036161221563816,0.0606780797243118,1.1501734256744385,0.2824840247631073,0.2003812342882156,0.8729006052017212,1.0688235759735107,0.5274912118911743
test_C6_00109,test_C6,C6,121,middle,1,middle,0.3024251420368648,0.4198625981807709,0.0997669026255607,0.8376392126083374,0.0625938922166824,0.1623607873916626,0.5022795112462449,0,0.1591041982173919,-1.1317578554153442,-0.165396362543106,0.2934151291847229,1.1085760593414309,1.184761881828308,0.8526564240455627,-0.3642070293426513,0.1120514795184135,-0.1754922717809677,0.4228315353393554,0.1130425184965133,0.0887626409530639,-0.1231557503342628,-0.4691915512084961,0.4995661377906799,0.2551500201225281,0.4096080362796783,0.1148550063371658,0.454132616519928,1.2795844078063965,-0.042757362127304,-0.6501315832138062,1.5775364637374878,-0.1318196654319763,-0.6108283400535583,0.4086906313896179,-0.2499902844429016,-0.9806703925132751,0.2841022610664367,-0.8524577021598816,0.083161823451519,-0.4473258554935455,0.522063672542572,-0.3077867329120636,1.1400518417358398,0.2871052026748657,-0.2687215209007263,-0.1319520622491836,1.072061538696289,0.1712765544652938,0.217145100235939,0.8559777140617371,1.2471554279327393,-0.0669272392988205
test_C6_00110,test_C6,C6,122,middle,1,middle,0.3024251420368648,0.4261872470378876,0.0892940685153007,0.845888078212738,0.0648178234696388,0.1541119217872619,0.486655792726381,0,0.1626389771699905,-0.959287405014038,-0.1746509373188018,0.2651086747646332,1.0714294910430908,1.180405855178833,0.8457147479057312,-0.3685604333877563,0.3225141167640686,0.048586655408144,0.4699121117591858,0.3153730928897857,0.3717754781246185,0.0435122922062873,-0.4796282947063446,0.5162188410758972,0.7450944185256958,0.4285824000835418,0.14849753677845,0.5285255312919617,1.2795844078063965,0.1943676769733429,-0.6483594179153442,1.5662562847137451,-0.0945532992482185,-0.5186645984649658,0.635998547077179,-0.3978354632854461,-1.1546857357025146,0.3084911108016968,-0.8268013000488281,0.0945169255137443,-0.3133884370326996,0.7995230555534363,0.3613430559635162,1.291958928108215,0.4811607301235199,-0.1307400614023208,0.2479962557554245,1.3026716709136963,0.2796602547168731,0.3036175668239593,0.8469299674034119,1.7127705812454224,0.2866597175598144
test_C6_00111,test_C6,C6,123,middle,1,middle,0.3024251420368648,0.4260479509830475,0.1253885477781295,0.7998151183128357,0.0747963339090347,0.2001848816871643,0.5761389639496551,0,0.1694560497999191,-1.1145614385604858,-0.2096652090549469,0.2237059473991394,0.8225916624069214,1.2445948123931885,0.7661532163619995,-0.4355403482913971,0.3245692849159241,-0.0667741745710372,0.4621410965919494,0.3277175724506378,0.2229631692171096,-0.0125247696414589,-0.615835428237915,0.49066162109375,0.7521349787712097,0.4414910078048706,0.1334448009729385,0.5989577174186707,1.2795844078063965,0.2247322350740432,-0.7143278121948242,1.5942121744155884,-0.117128774523735,-0.6220250129699707,0.6359607577323914,-0.5232271552085876,-1.2394977807998655,0.2862604856491089,-0.7502424120903015,0.1025730818510055,-0.346028596162796,0.8824388384819031,0.2182045429944992,1.342279314994812,0.4920226633548736,-0.0928205922245979,-0.138441577553749,1.368397831916809,0.1739960610866546,0.2920920550823211,0.82825767993927,2.0959994792938232,0.3077905178070068
test_C6_00112,test_C6,C6,124,middle,1,middle,0.3024251420368648,0.4328463971614837,0.0933040454983711,0.8349437713623047,0.0717521905899047,0.1650562286376953,0.5106052418680879,0,0.1587076187133789,-1.0278196334838867,-0.2393590807914734,0.2304664403200149,1.0372215509414673,1.276289701461792,0.8176901340484619,-0.4807093739509582,0.2207172662019729,-0.2850810587406158,0.430862545967102,0.0465507768094539,0.1517056971788406,-0.1406529545783996,-0.4636827707290649,0.5291949510574341,0.4212900698184967,0.47715625166893,0.1728289574384689,0.4727678894996643,1.1834383010864258,-0.2412600964307785,-0.6184511184692383,1.6354016065597534,-0.0855931341648101,-0.5025615692138672,0.3249708116054535,-0.4874937236309051,-1.1142007112503052,0.3417490422725677,-0.8530887365341187,0.0312960967421531,-0.2245259582996368,0.5024136304855347,-0.1402286440134048,1.0905405282974243,0.2832255661487579,-0.177152931690216,0.0523033551871776,0.9924630522727966,0.3381305336952209,0.1530289351940155,0.7869476079940796,0.8572349548339844,0.1959342509508133
test_C6_00113,test_C6,C6,125,middle,1,middle,0.3024251420368648,0.4330358803272247,0.0883425548672676,0.8442498445510864,0.0674075856804847,0.1557501554489135,0.490711315537219,0,0.1691862493753433,-0.9835013151168824,-0.2581303417682647,0.2332168072462082,0.944564938545227,1.3102110624313354,0.801118016242981,-0.4840262532234192,0.3764995634555816,-0.2411310225725174,0.4329915642738342,0.1896788924932479,0.1280790865421295,-0.0965973958373069,-0.5983948707580566,0.5023980736732483,0.3396764993667602,0.4654656052589416,0.1704753190279007,0.5443804264068604,1.2795844078063965,-0.1236246153712272,-0.5960466861724854,1.667261004447937,-0.1071454212069511,-0.4995602071285248,0.5374659895896912,-0.4720607697963714,-1.1947951316833496,0.3265494406223297,-0.8280431032180786,0.0567209720611572,-0.1737111955881118,0.6856016516685486,-0.0253873188048601,1.183714747428894,0.356503278017044,-0.1744506210088729,0.0498740039765834,1.1393314599990845,0.3170411586761474,0.1799661517143249,0.7898682951927185,1.240156173706055,0.2079916447401046
test_C6_00114,test_C6,C6,126,middle,1,middle,0.3024412137797824,0.4375047385692596,0.076773926615715,0.8579608798027039,0.0652651339769363,0.1420391201972961,0.4611590599051786,0,0.1653019040822982,-0.9875126481056212,-0.2679050862789154,0.1806390583515167,0.8156989812850952,1.320909857749939,0.761250376701355,-0.5280935168266296,0.1532621383666992,-0.4025700688362121,0.4445301592350006,0.1437788903713226,0.0626423805952072,-0.2436499446630478,-0.5418376922607422,0.4540515840053558,0.267882764339447,0.4492072761058807,0.1541555225849151,0.4858012199401855,1.216504454612732,-0.1841432452201843,-0.74556565284729,1.6683748960494995,-0.1221799775958061,-0.5805975794792175,0.2915733456611633,-0.6721664071083069,-1.0104211568832395,0.2872900664806366,-0.8284438848495483,0.0972841829061508,-0.1878325045108795,0.7045257091522217,0.1486028134822845,1.1303250789642334,0.3846851587295532,-0.3166269361972809,-0.3400284349918365,1.1298484802246094,0.1054104343056678,0.108927845954895,0.7685239315032959,1.4493372440338137,-0.1167113482952117
test_C6_00115,test_C6,C6,127,middle,1,middle,0.3026364281860637,0.4330861270427704,0.0916832461953163,0.8398052453994751,0.0685115456581115,0.1601947546005249,0.5000395062925183,0,0.1786809861660003,-1.1839911937713623,-0.3152186870574951,0.2426878660917282,1.0626964569091797,1.3478456735610962,0.8149772882461548,-0.5714668035507202,0.1935522556304931,-0.2086410224437713,0.5197224617004395,0.2816039621829986,0.2019404470920562,-0.2040432095527649,-0.4572484791278839,0.3951006531715393,0.2472414970397949,0.4082565903663635,0.1063965782523155,0.4614167213439941,1.2795844078063965,0.0321059599518775,-0.695720374584198,1.665238380432129,-0.1330233365297317,-0.7619035243988037,0.7726291418075562,-0.441923975944519,-1.1760997772216797,0.2267175316810608,-0.77913498878479,0.0524628795683383,-0.2637178301811218,0.6188347339630127,0.2446071952581405,1.2869192361831665,0.4436026513576507,-0.2539503276348114,0.0483929142355918,1.1815351247787476,-0.0779253095388412,0.2549176216125488,0.7559418082237244,0.9789533019065856,-0.0536212585866451
test_C6_00116,test_C6,C6,128,middle,1,middle,0.3030107851715685,0.4361431300640106,0.0796394869685173,0.8536286354064941,0.0667318552732467,0.1463713645935058,0.4708211327658677,0,0.1784600913524627,-1.1136019229888916,-0.3419245779514313,0.2449241727590561,1.0461952686309814,1.3504310846328735,0.8100060820579529,-0.573996901512146,0.1302019357681274,-0.2030182033777237,0.5057694315910339,0.2352937459945678,0.0927290022373199,-0.1426284909248352,-0.3454910516738891,0.3948425948619842,0.2656322717666626,0.3969724774360657,0.1068246439099311,0.3440854251384735,1.2795844078063965,0.0022378040011972,-0.6899397373199463,1.6944671869277954,-0.1072818636894226,-0.7096186876296997,0.6560963988304138,-0.40794238448143,-1.140802025794983,0.2213904410600662,-0.8045691251754761,-0.0100819766521453,-0.2122838497161865,0.6556205153465271,-0.0655505359172821,1.3141402006149292,0.3934663832187652,-0.1984666436910629,-0.1491483151912689,1.1989915370941162,-0.033112172037363,0.2603255808353424,0.7456247210502625,0.2863296866416931,0.0665066838264465
test_C6_00117,test_C6,C6,129,middle,1,middle,0.3035642847362966,0.4444568455219269,0.0654464140534401,0.8709262013435364,0.0636273920536041,0.1290737986564636,0.4315230896016047,0,0.1910969018936157,-0.5157065987586975,-0.4510904252529144,-0.4682254791259765,-0.1661742925643921,0.0710903033614158,0.252783328294754,-0.6163418889045715,-0.5090172290802002,-0.9031439423561096,0.3512807786464691,-0.1361872404813766,-0.7520919442176819,-0.5488376021385193,0.5053057074546814,0.1532040685415268,0.2678072452545166,0.2585972249507904,0.031300488859415,0.880427360534668,1.2795844078063965,-0.9569854736328124,1.0177736282348633,1.6196988821029663,-0.1109880730509758,-1.162934422492981,-0.3816035091876983,-0.9671142101287842,-0.5785692930221558,0.2499855756759643,-0.5849452614784241,0.9859844446182252,-1.6723153591156006,0.7916531562805176,-0.2240817993879318,0.3914811909198761,0.2938388884067535,0.0872075408697128,3.8578133583068848,1.256389856338501,0.4838059544563293,-0.2156830728054046,0.7420904040336609,0.0107289981096982,-0.3816409409046173
test_C6_00118,test_C6,C6,130,middle,1,middle,0.3042969268802481,0.4410601258277893,0.0601588785648345,0.8817927241325378,0.0580483824014663,0.1182072758674621,0.4052876548294864,0,0.1675817817449569,-0.4985148906707763,-0.4701413512229919,-0.0731751769781112,0.3565814793109894,0.3108759224414825,0.6108506917953491,-0.6184878945350647,-0.2713159918785095,-0.9354572892189026,0.270599365234375,0.0346050821244716,-0.6834182739257812,-0.5756869316101074,-0.3905710577964782,0.3385386765003204,1.0167503356933594,0.3800780177116394,0.2077256292104721,0.2281073629856109,1.2490148544311523,-0.8406724333763123,0.5413867235183716,1.720022439956665,0.0077171688899397,-0.7229769229888916,-0.2248405218124389,-0.8916756510734558,-0.8703702092170715,0.4860831499099731,-0.8542634844779968,1.9085065126419067,-1.174178123474121,0.8404944539070129,0.1610186845064163,0.6814287900924683,0.3279779255390167,0.1749075651168823,-0.5758092403411865,1.32474684715271,0.5828973054885864,-0.2975501418113708,0.7195788621902466,-0.0781704038381576,0.0537766553461551
test_C6_00119,test_C6,C6,131,middle,1,middle,0.3052087116875634,0.4423111975193023,0.0510355569422245,0.8968413472175598,0.0521231517195701,0.1031586527824401,0.3672513268589015,0,0.171481966972351,-0.523195743560791,-0.4795436561107635,-0.1494931876659393,0.1102757528424263,0.3776743412017822,0.4744621515274048,-0.6402239203453064,-0.1971082389354705,-1.0418527126312256,0.2945700883865356,0.1101014390587806,-0.5844354033470154,-0.5278992652893066,-0.4337641298770904,0.327268898487091,0.6392538547515869,0.3576052188873291,0.2131582498550415,0.3357002735137939,1.1885758638381958,-0.8022923469543457,0.4624300599098205,1.7351949214935305,-0.1055100262165069,-0.7445663213729858,0.1539612263441085,-0.911514401435852,-0.8025091886520386,0.4685066938400268,-0.8303560018539429,1.523371934890747,-1.1224721670150757,0.7558085918426514,0.5523103475570679,0.7192845940589905,0.2710537016391754,-0.2108875811100006,-0.382740318775177,1.350885272026062,0.4285615980625152,-0.3375315070152282,0.6926007866859436,0.2895006537437439,-0.5825151205062866
test_C6_00120,test_C6,C6,132,middle,1,middle,0.3062996390741022,0.4390105307102203,0.0473128668963909,0.9061457514762878,0.0465413630008697,0.0938542485237121,0.3426296917658251,0,0.1657997369766235,-0.358280211687088,-0.4970719814300537,-0.1706387549638748,0.0655224621295929,0.4515683352947235,0.452181875705719,-0.6421564817428589,-0.1753843426704406,-0.988297700881958,0.287253201007843,-0.0356857776641845,-0.5460628271102905,-0.5202518105506897,-0.3849195837974548,0.3814815878868103,0.8127745985984802,0.3896947801113128,0.2585176825523376,0.3782882392406463,1.219371676445007,-0.753145694732666,0.4872790575027466,1.7107417583465576,-0.0716786533594131,-0.6562100648880005,-0.1162289604544639,-0.9123700857162476,-0.7605862617492676,0.5155567526817322,-0.8546313643455505,1.5389302968978882,-0.9133000373840332,0.7734862565994263,0.3707902431488037,0.5328746438026428,0.2146532237529754,-0.1930105835199356,0.0037297958042472,1.2872825860977173,0.7035309672355652,-0.3367388248443603,0.6817137002944946,0.3703827261924743,-0.4376703798770904
test_C6_00121,test_C6,C6,133,middle,1,middle,0.3075536372969468,0.4387499690055847,0.0396680124104023,0.9211574792861938,0.0391745641827583,0.0788425207138061,0.3009080735952538,0,0.164724662899971,-0.2587147057056427,-0.5206889510154724,-0.1203383281826973,0.1285329610109329,0.4915468096733093,0.476080447435379,-0.6633877158164978,-0.1326461732387542,-1.0692598819732666,0.2596847116947174,-0.0428551845252513,-0.6267804503440857,-0.5638088583946228,-0.4578112959861755,0.3789826035499573,0.78350430727005,0.3962072134017944,0.2567132115364074,0.3586922287940979,1.1899443864822388,-0.8886857628822327,0.5201424360275269,1.7451403141021729,-0.0931939631700515,-0.6070012450218201,-0.0464543066918849,-0.8761288523674011,-0.9209300875663756,0.5053521394729614,-0.8548111319541931,1.4322091341018677,-0.7776826620101929,0.8016006350517273,0.2725811004638672,0.756041407585144,0.1935815513134002,-0.0420181080698967,-0.3866229057312011,1.3511366844177246,0.7418957948684692,-0.3959880471229553,0.6614382863044739,0.8727931380271912,-0.0872277840971946
test_C6_00122,test_C6,C6,134,middle,1,middle,0.3088076355197915,0.4355540871620178,0.0379924178123474,0.9257622957229614,0.0362452305853366,0.0742377042770385,0.2875464958593082,0,0.1659133285284042,-0.294207900762558,-0.5401101112365723,-0.1570826023817062,0.0311655756086111,0.5386280417442322,0.4338692426681518,-0.6843020915985107,-0.0357125625014305,-0.9303107857704164,0.2581191956996918,0.1136822551488876,-0.5827842354774475,-0.4776657521724701,-0.438606709241867,0.4094603955745697,0.5690606832504272,0.3902201056480407,0.292561411857605,0.4000825881958008,1.0719852447509766,-0.8033523559570312,0.5150842070579529,1.7180168628692627,-0.0759957656264305,-0.5539274215698242,-0.1065987274050712,-0.8956394791603088,-0.877047061920166,0.5338591933250427,-0.8549882173538208,1.2943429946899414,-0.7492278814315796,0.942764401435852,0.3174796998500824,0.5451055765151978,0.3173272013664245,-0.0224680453538894,-0.1921202689409256,1.3998582363128662,0.888430118560791,-0.3183760046958923,0.6352007985115051,0.5618488788604736,-0.0532820671796798
test_C6_00123,test_C6,C6,135,middle,1,middle,0.310061633742636,0.4330067336559295,0.0341842100024223,0.9335646629333496,0.0322510711848735,0.0664353370666503,0.2642791341126227,0,0.155273362994194,-0.302496463060379,-0.5631831288337708,-0.0278693158179521,0.3572577834129333,0.5990725159645081,0.5987305641174316,-0.7239480018615723,-0.1673739701509475,-0.986661434173584,0.2819407284259796,0.0711679309606552,-0.4680303335189819,-0.5884512066841125,-0.3608960807323456,0.4182635545730591,0.6647505164146423,0.4137095212936401,0.2954205870628357,0.3501403331756592,1.1912723779678345,-0.8165754079818726,0.6345389485359192,1.734030842781067,-0.1010909676551818,-0.502765417098999,-0.178872138261795,-0.8052570819854736,-0.8245954513549805,0.5223991870880127,-0.8551626801490784,1.3983556032180786,-0.6346131563186646,1.0260040760040283,0.3643869161605835,0.664162278175354,0.3021846711635589,-0.1143151968717575,-0.1933007687330246,1.4297842979431152,1.031400442123413,-0.3588103950023651,0.6336687803268433,0.4513442814350128,-0.1468939632177353
test_C6_00124,test_C6,C6,136,middle,1,middle,0.3113156319654807,0.4311597645282745,0.033303327858448,0.9358513951301576,0.0308452602475881,0.0641486048698425,0.2572794916318165,0,0.1558784544467926,-0.2189814746379852,-0.5765910744667053,-0.0492146164178848,0.3120047152042389,0.6415015459060669,0.575343132019043,-0.7630108594894409,-0.0968633219599723,-0.8894078135490417,0.2696214020252228,0.0484112873673439,-0.4828549027442932,-0.5296472907066345,-0.4039713740348816,0.4322681427001953,0.6591277718544006,0.4279905557632446,0.3175555169582367,0.3020242154598236,1.2211426496505735,-0.7953227162361145,0.7495204210281372,1.7506951093673706,-0.0747706368565559,-0.429964154958725,-0.1306772083044052,-0.8068689107894897,-0.8753689527511597,0.5407363772392273,-0.8553345799446106,1.5086936950683594,-0.4828560650348663,0.9299378395080566,0.3797906339168548,0.7685175538063049,0.2463826090097427,0.0126485107466578,-0.3908409476280212,1.4277362823486328,1.150546312332153,-0.3352255225181579,0.6239343285560608,0.535858690738678,0.1581940203905105
test_C6_00125,test_C6,C6,137,middle,1,middle,0.3125696301883253,0.4298482835292816,0.0303575284779071,0.9417423009872437,0.0279002003371715,0.0582576990127563,0.2389157316901846,0,0.1624224185943603,-0.2021726816892624,-0.5824057459831238,-0.1312150061130523,0.1287935227155685,0.7095390558242798,0.4767878651618957,-0.78274005651474,0.0101966224610805,-0.8636111617088318,0.2733702361583709,-0.0532422624528408,-0.4491357505321502,-0.5314574241638184,-0.357514351606369,0.4195666909217834,0.5281212329864502,0.4181956350803375,0.3093948662281036,0.3446505069732666,1.0475236177444458,-0.8596466183662415,0.6659824848175049,1.6252778768539429,-0.1020935401320457,-0.4083946645259857,-0.464394062757492,-0.8624591827392578,-0.6984598636627197,0.4965566992759704,-0.8094286322593689,1.350353717803955,-0.4075238406658172,0.8163284659385681,0.3172903060913086,0.5364660024642944,0.1890653371810913,-0.1381118297576904,-0.1941422820091247,1.3510650396347046,1.1084680557250977,-0.3227912187576294,0.5974155068397522,0.3619323074817657,-0.0979813113808631
test_C6_00126,test_C6,C6,138,middle,1,middle,0.3138236284111699,0.430252194404602,0.0300108063966035,0.9422179460525512,0.0277712792158126,0.0577820539474487,0.2374165717395616,0,0.1580405384302139,-0.0899907499551773,-0.58394855260849,-0.2818179726600647,-0.0517624281346797,0.6908458471298218,0.3618704974651336,-0.8021833300590515,0.0509728491306304,-0.8336244821548462,0.2916890382766723,0.115686722099781,-0.2822425663471222,-0.4605856239795685,-0.4003281593322754,0.4375348091125488,0.6206579208374023,0.4233178496360779,0.3422814309597015,0.3857439756393432,1.1643948554992676,-0.7244071364402771,0.9552348256111144,1.5412135124206543,-0.0707051232457161,-0.404024064540863,-0.3404362499713897,-0.9529842734336852,-0.801846981048584,0.5211417078971863,-0.8556709289550781,1.4205334186553955,-0.3850374817848205,1.0339930057525637,0.3837936222553253,0.3598402738571167,0.318329244852066,-0.0018609317485243,-0.1952892988920211,1.5719914436340332,1.308818817138672,-0.3189925849437713,0.5910547971725464,0.5573292970657349,0.1339889615774154
test_C6_00127,test_C6,C6,139,middle,1,middle,0.3150776266340144,0.4286084473133087,0.0284893307834863,0.9455000758171082,0.0260106027126312,0.0544999241828918,0.2269023914890889,0,0.164143830537796,-0.1042205244302749,-0.6126541495323181,-0.119098275899887,0.0776840895414352,0.7495986223220825,0.4545844197273254,-0.839840292930603,0.2006188482046127,-0.8624313473701477,0.294125884771347,0.0964235812425613,-0.2483125180006027,-0.44492968916893,-0.4705747961997986,0.4647384583950043,0.593924343585968,0.4363012909889221,0.3547668755054474,0.3667545020580292,1.0222724676132202,-0.6494069695472717,0.9966769218444824,1.5486862659454346,-0.082748994231224,-0.282848596572876,-0.3123413026332855,-0.8293068408966064,-0.7728415131568909,0.5297689437866211,-0.8331292867660522,1.4224770069122314,-0.2724668383598327,0.9622958898544312,0.374847263097763,0.4687232673168182,0.2501223981380462,-0.0767331793904304,-0.3949518501758575,1.523995876312256,1.5796356201171875,-0.3453742861747741,0.5739706754684448,0.6265072226524353,0.056528091430664
test_C6_00128,test_C6,C6,140,middle,1,middle,0.3163316248568591,0.4262362420558929,0.0290405396372079,0.9453672170639038,0.0255922712385654,0.0546327829360961,0.2272833800517431,0,0.2262568473815918,-0.6282547116279602,-0.3194160163402557,0.0067639369517564,0.2561495006084442,0.1259101182222366,0.5411245226860046,-0.4179253876209259,-0.4134318232536316,-1.0338314771652222,0.3567845523357391,-0.2093237787485122,-0.8724207282066345,-0.5960879325866699,-0.4805506467819214,-0.407121479511261,-0.0622963458299636,0.1483202427625656,-0.3054423034191131,-0.3294227719306946,1.2795844078063965,-0.980685830116272,0.2002527862787246,1.5404675006866455,-0.7737190127372742,-1.1005347967147827,-0.4252291321754455,-0.7073963284492493,-0.5039430260658264,-0.5403522253036499,-0.3600294291973114,0.5542756915092468,-1.547335863113403,0.3392212092876434,-0.1520933657884597,0.4060656726360321,0.2094959467649459,-0.012214764021337,-2.576948404312134,0.7927607893943787,0.0066110207699239,-0.3093090057373047,0.5766556262969971,-0.2809016108512878,-0.6412264108657837
test_C6_00129,test_C6,C6,141,middle,1,middle,0.3175856230797036,0.4272903203964233,0.027927340939641,0.9470879435539246,0.0249847676604986,0.0529120564460754,0.2217307047062553,0,0.1463406085968017,0.0870296061038971,-0.6358378529548645,-0.2087181657552719,-0.0561543740332126,0.7712480425834656,0.3671347200870514,-0.8588583469390869,-0.100689098238945,-0.9204251766204834,0.2764430046081543,-0.0111240316182374,-0.2980749905109405,-0.4620403349399566,-0.4043006896972656,0.471778005361557,0.4768760204315185,0.4414351284503937,0.3647669553756714,0.3740406632423401,0.9695528745651244,-0.7762084007263184,0.7835383415222168,1.572703838348389,0.5762791633605957,-0.254271388053894,-0.4986639320850372,-0.9195250868797302,-0.6397258043289185,0.5356607437133789,-0.8561575412750244,1.150434494018555,-0.1424878984689712,0.8442855477333069,0.294420838356018,0.3472812175750732,0.1882086545228958,-0.2228356599807739,-0.3806223571300506,1.437847137451172,1.428874373435974,-0.3956845700740814,0.5469253063201904,0.8059048056602478,-0.1414357870817184
test_C6_00130,test_C6,C6,142,middle,1,middle,0.3188396213025483,0.4272324442863464,0.0278924088925123,0.94717276096344,0.0249348264187574,0.05282723903656,0.2214533829022741,0,0.151371031999588,0.108175978064537,-0.6420360803604126,-0.1499315649271011,-0.029715072363615,0.8109416961669922,0.3980493247509002,-0.8591151237487793,0.0016994542675092,-0.9117510318756104,0.2783880531787872,-0.0980350151658058,-0.2830197513103485,-0.4435825943946838,-0.4447926580905914,0.4345455765724182,0.5438297390937805,0.4394268691539764,0.3527882993221283,0.3848131895065307,1.2236120700836182,-0.7309384942054749,0.5731313228607178,1.548827886581421,-0.1021156907081604,-0.2666670680046081,-0.5495133996009827,-0.8855304718017578,-0.6226751208305359,0.5025635361671448,-0.8340886831283569,1.0045963525772097,-0.0861400738358497,0.7607781291007996,0.1937277615070343,0.466426283121109,0.1047494336962699,-0.1860352158546447,-0.3810525834560394,1.3761558532714844,1.33214271068573,-0.3951142132282257,0.5454636812210083,1.07781183719635,-0.0492477342486381
test_C6_00131,test_C6,C6,143,middle,1,middle,0.3200936195253929,0.4281225800514221,0.0275247637182474,0.9475935697555542,0.0248817019164562,0.0524064302444458,0.220095447378094,0,0.1532419621944427,0.0990539863705635,-0.6531245112419128,-0.1682686358690261,-0.070046842098236,0.8248881697654724,0.3647873103618622,-0.8593683242797852,0.0722164958715438,-0.9089021682739258,0.2755367755889892,0.0406256988644599,-0.266578733921051,-0.4328876137733459,-0.3988423645496368,0.452541321516037,0.610150158405304,0.4631955623626709,0.3740832507610321,0.3952130377292633,1.0294699668884275,-0.6369171738624573,0.463250994682312,1.5884214639663696,-0.0696096867322921,-0.180071473121643,-0.4416691064834595,-0.8865020275115967,-0.6352664232254028,0.5200669169425964,-0.8343995213508606,0.910082995891571,-0.0525677390396595,0.8413783311843872,0.4778330624103546,0.5073668360710144,0.1904492080211639,-0.2784318327903747,-0.1810837835073471,1.4477200508117676,1.408440113067627,-0.3954704105854034,0.5239351391792297,1.0605086088180542,-0.1953205019235611
test_C6_00132,test_C6,C6,144,middle,1,middle,0.3213476177482375,0.4286538362503052,0.028004853054881,0.9466719627380372,0.0253231916576623,0.0533280372619628,0.2230968869122715,0,0.148954689502716,0.143041118979454,-0.6819148063659668,-0.3022741675376892,-0.2911539375782013,0.8601844906806946,0.2085528820753097,-0.8596180081367493,0.0408840961754322,-0.849996030330658,0.2979146540164947,0.1294713467359542,-0.129173994064331,-0.3956638276576996,-0.4672764241695404,0.4518543481826782,0.5038339495658875,0.4492726325988769,0.3712033927440643,0.4624710977077484,1.1415969133377075,-0.5611931681632996,0.8424362540245056,1.536754488945007,-0.0843715816736221,-0.251874178647995,-0.3963018655776977,-0.955962598323822,-0.6536865830421448,0.5084370374679565,-0.8566238880157471,0.9733068346977234,0.0005084490985609,0.946646213531494,0.4305364191532135,0.4011715054512024,0.2320449352264404,-0.1851839125156402,-0.1822327226400375,1.5845030546188354,1.574962139129639,-0.3702797293663025,0.5194793939590454,1.4739670753479004,-0.0099952593445777
test_C6_00133,test_C6,C6,145,middle,1,middle,0.3226016159710823,0.4290164411067962,0.0274415593594312,0.9474908113479614,0.0250676684081554,0.0525091886520385,0.2204427981595747,0,0.1480326950550079,0.2292487174272537,-0.6894161701202393,-0.1505371034145355,-0.0671847164630889,0.8813862204551697,0.3621026873588562,-0.8598642349243164,0.0583059303462505,-0.8747713565826416,0.2992356717586517,-0.0060906903818249,-0.12220299243927,-0.3908295929431915,-0.4212142825126648,0.4708272814750671,0.4936662316322326,0.4694492220878601,0.3884031176567077,0.4134252667427063,1.2795844078063965,-0.7149268984794617,0.7887518405914307,1.5412801504135132,-0.0723342597484588,-0.1431047171354293,-0.4568525552749634,-0.8543899059295654,-0.6793598532676697,0.5264661312103271,-0.8567750453948975,0.9948546886444092,0.1220380440354347,0.939421534538269,0.6853253841400146,0.4752351641654968,0.1795959174633026,-0.1685122102499008,-0.3851436078548431,1.4852055311203003,1.6415882110595703,-0.4021160006523132,0.517961323261261,1.2831153869628906,0.0925305113196373
test_C6_00134,test_C6,C6,146,middle,1,middle,0.3238556141939268,0.4284985363483429,0.027354922145605,0.9478225708007812,0.0248224567621946,0.0521774291992187,0.2193515776874091,0,0.160423532128334,0.155435636639595,-0.6967639327049255,-0.1289442926645279,0.0399018749594688,0.8921329379081726,0.4253437221050262,-0.8601070642471313,0.1998712718486786,-0.9319669604301452,0.3006144165992737,-0.0663669854402542,-0.1687892079353332,-0.3783339858055115,-0.4046626985073089,0.4361215233802795,0.4169100522994995,0.4458506405353546,0.3610310852527618,0.3378391861915588,1.2795844078063965,-0.7949870824813843,0.8628018498420715,1.592766046524048,-0.1129447668790817,-0.1703845411539077,-0.5580988526344299,-0.8048816919326782,-0.6679030656814575,0.4783674776554107,-0.8136890530586243,0.956867516040802,0.0695583745837211,0.8027164340019226,0.0045809955336153,0.4287627339363098,0.1001924127340316,-0.1769885718822479,-0.1830662339925766,1.4271873235702517,1.5931744575500488,-0.4141316711902618,0.5075188279151917,1.031543254852295,0.0354661680757999
test_C6_00135,test_C6,C6,147,middle,1,middle,0.3251096124167714,0.4296855032444,0.0271782074123621,0.9476978182792664,0.0251239966601133,0.0523021817207336,0.2197788046355555,0,0.1657342165708542,0.010775295086205,-0.7091951966285706,-0.1278406977653503,-0.0159546341747045,0.9812061190605164,0.3743710815906524,-0.8603466153144836,0.3055306673049927,-0.9015263319015504,0.3446502685546875,0.2085443139076233,0.0339422933757305,-0.3279683291912079,-0.4441823661327362,0.4464040994644165,0.5960288047790527,0.4720381200313568,0.3755836188793182,0.3776706755161285,1.2795844078063965,-0.5424903035163879,0.6516996026039124,1.5407755374908447,-0.0674770846962928,-0.1785951554775238,-0.0523145087063312,-0.8231515884399414,-0.7963963747024536,0.4838472008705139,-0.7497187256813049,0.8607395887374878,0.101898081600666,0.9707298874855042,0.9936746954917908,0.577258288860321,0.3190188407897949,-0.1594595909118652,0.0188916157931089,1.5694783926010132,1.5229461193084717,-0.3906556963920593,0.5023848414421082,0.6636331081390381,0.0667281150817871
test_C6_00136,test_C6,C6,148,middle,1,middle,0.326363610639616,0.4299250841140747,0.0271577797830104,0.9476980566978456,0.025144150480628,0.0523019433021545,0.2197793878712774,0,0.1619080752134323,0.1476759761571884,-0.7258849143981934,-0.299687385559082,-0.3116488456726074,0.9911640286445618,0.1585312038660049,-0.8779518008232117,0.2331569641828537,-0.8832085132598877,0.2765653133392334,0.0439830645918846,-0.2021599411964416,-0.4018547534942627,-0.3719668686389923,0.4734457433223724,0.3058896362781524,0.4677422940731048,0.3953617811203003,0.4440763294696808,1.2795844078063965,-0.6341948509216309,0.8404390215873718,1.3471226692199707,-0.0648088604211807,-0.1426196247339248,-0.2925171554088592,-0.9578140377998352,-0.5698696970939636,0.481681615114212,-0.8145654201507568,1.049070119857788,0.2081951797008514,0.7654693722724915,0.8308161497116089,0.497039794921875,0.1334851533174514,-0.2725522518157959,0.4239361584186554,1.4254449605941772,1.5470420122146606,-0.4018795490264892,0.4925459623336792,0.4244899451732635,-0.1338798403739929
test_C6_00137,test_C6,C6,149,middle,1,middle,0.3276176088624607,0.4304493367671966,0.0270475707948207,0.9478330612182616,0.0251193158328533,0.0521669387817382,0.2193407810447421,0,0.1644142270088195,0.1254505962133407,-0.7377420663833618,-0.2167906016111374,-0.3006687760353088,1.0002470016479492,0.166547417640686,-0.8780683875083923,0.2697862684726715,-0.9792324900627136,0.2945866584777832,0.0979918092489242,-0.1464059054851532,-0.3904241919517517,-0.4121035933494568,0.4490359723567962,0.4460297226905823,0.4408566951751709,0.3763751983642578,0.3410307466983795,1.2262415885925293,-0.5998597145080566,0.4643795490264892,1.461111545562744,-0.0989468693733215,-0.2487694025039672,-0.1799296140670776,-0.9086084961891174,-0.6772935390472412,0.4615292251110077,-0.8149948120117188,0.6176361441612244,0.141635775566101,0.8068092465400696,0.4742232859134674,0.6193917393684387,0.182661771774292,-0.2525405287742615,-0.3965492248535156,1.4479507207870483,1.398185133934021,-0.4276750683784485,0.4741090834140777,0.6335187554359436,-0.102200873196125
test_C6_00138,test_C6,C6,150,middle,1,middle,0.3288716070853052,0.4276692867279053,0.0283653456717729,0.9460538029670716,0.0255808588117361,0.0539461970329284,0.2250979551106948,0,0.2392905056476593,-0.7632572650909424,-0.2205614447593689,-0.0081975730136036,0.1691084802150726,0.1169433966279029,0.4626013338565826,-0.3126536011695862,-0.6891922354698181,-1.109535574913025,0.4036334156990051,-0.0801005735993385,-0.9690261483192444,-0.6267619132995605,-0.1490363925695419,-0.8001107573509216,-0.4219867885112762,0.026270791888237,-0.5731285214424133,-0.1791801452636718,1.094129204750061,-0.9410161375999452,-0.0772332996129989,1.462294101715088,-1.2934058904647827,-1.2179193496704102,-0.3197627961635589,-0.6298905611038208,-0.5206618309020996,-1.0151888132095337,-0.4156379997730255,0.1710788160562515,-1.6077641248703003,0.2632856965065002,-0.2481391578912735,0.3806822597980499,0.3139797449111938,-0.0260176509618759,-1.0118876695632937,0.6617359519004822,-0.490763396024704,-0.3396379053592682,0.4557257294654846,-0.0540094785392284,-0.7905798554420471
test_C6_00139,test_C6,C6,151,middle,1,middle,0.3301256053081499,0.43007493019104,0.0275842882692813,0.94698166847229,0.0254340767860412,0.0530183315277099,0.222111489814588,0,0.1685966253280639,0.209560826420784,-0.7515063881874084,-0.2647910118103027,-0.4206324815750122,1.0407226085662842,0.0216630212962627,-0.8782968521118164,0.3107292950153351,-0.7784541845321655,0.3220648169517517,0.0968075469136238,-0.0399699099361896,-0.3272750973701477,-0.4407961666584015,0.4604884088039398,0.4555012583732605,0.4263292551040649,0.3850351572036743,0.3466251790523529,1.2269481420516968,-0.588481068611145,0.7641238570213318,1.4158356189727783,1.0962995290756226,-0.1864269077777862,-0.3498792946338653,-0.9264747500419616,-0.628219723701477,0.4725289642810821,-0.815836489200592,0.8009015321731567,0.2482038736343383,0.8697032928466797,0.8473148941993713,0.5477254390716553,0.241820752620697,-0.2180937379598617,-0.5988473892211914,1.5010217428207395,1.7017500400543213,-0.3510383665561676,0.4563778936862945,1.1436102390289309,0.0062014120630919
test_C6_00140,test_C6,C6,152,middle,1,middle,0.3313796035309944,0.4286222159862518,0.0275811254978179,0.9473552107810974,0.0250636860728263,0.0526447892189025,0.2208792619339224,0,0.1551296561956405,0.4049181938171386,-0.7581939101219177,-0.2850761413574219,-0.4091521203517914,1.0540910959243774,0.0262731295078992,-0.8784088492393494,0.2308180034160614,-0.8781427145004272,0.2863676846027374,-0.0382387712597847,-0.0696201175451278,-0.4138268828392029,-0.4514458477497101,0.5062417387962341,0.4935266673564911,0.4813755750656128,0.4444620609283447,0.4131443202495575,1.2795844078063965,-0.635807454586029,0.6212958097457886,1.3940850496292114,-0.0045038731768727,0.0199159495532512,-0.4694075882434845,-0.9433437585830688,-0.561168372631073,0.5509357452392578,-0.8577774167060852,0.7047303318977356,0.4375690221786499,0.8346841335296631,0.9994869828224182,0.4048159122467041,0.1238476559519767,-0.2239960283041,-0.3921621143817901,1.4043948650360107,1.8961515426635744,-0.4471839666366577,0.4584189653396606,1.019245147705078,0.1039062887430191
test_C6_00141,test_C6,C6,153,middle,1,middle,0.3326336017538391,0.4313619434833526,0.0278259720653295,0.9462350010871888,0.0259390696883201,0.0537649989128112,0.2245462954994493,0,0.1883755177259445,0.2204131931066513,-0.7616170048713684,-0.3183691501617431,-0.4443678557872772,1.111111044883728,0.0004640528350137,-0.8785194158554077,0.5225926637649536,-0.6531838178634644,0.4058016538619995,0.351462185382843,0.2403677999973297,-0.2156776636838913,-0.4617402255535126,0.411782443523407,0.3681202530860901,0.420849472284317,0.3582255244255066,0.4224977791309356,1.0198432207107544,-0.295182466506958,0.6828465461730957,1.409359574317932,-0.1885714530944824,-0.241283044219017,-0.1942392140626907,-0.9599921703338624,-0.6448579430580139,0.4161796867847442,-0.6309995651245117,0.6816182732582092,0.3029793798923492,1.0021883249282837,0.8055084347724915,0.3938729166984558,0.3672244846820831,-0.3500239253044128,-0.3925235271453857,1.660655856132507,1.5806705951690674,-0.2878367304801941,0.4241621494293213,1.4304635524749756,-0.2028809040784835
test_C6_00142,test_C6,C6,154,middle,1,middle,0.3338875999766836,0.4319930970668793,0.0284672230482101,0.9450157284736632,0.0265170838683843,0.0549842715263366,0.2284838419309941,0,0.1864114552736282,0.2331746816635131,-0.7544904351234436,-0.318044513463974,-0.4791262447834015,1.1173168420791626,-0.0450077652931213,-0.8786284923553467,0.4481734931468963,-0.6855577230453491,0.4300310611724853,0.2467880249023437,0.3112755119800567,-0.274444431066513,-0.4984508454799652,0.3907408416271209,0.4863484799861908,0.4067128300666809,0.3499711751937866,0.4042824506759643,1.1763626337051392,-0.3983988761901855,0.5235083103179932,1.3857033252716064,-0.0925574526190757,-0.3000434637069702,-0.3607050776481628,-0.9604108333587646,-0.5875831246376038,0.3976365625858307,-0.6326069831848145,0.6085330247879028,0.3146937191486358,0.8903928399085999,0.8299059867858887,0.3010626435279846,0.3845518231391907,-0.3297353386878967,-0.3928814232349396,1.6484421491622925,1.3641661405563354,-0.3008131086826324,0.4234561920166015,1.414099931716919,-0.1643150001764297
test_C6_00143,test_C6,C6,155,middle,1,middle,0.3351415981995282,0.4338762760162353,0.0284859985113143,0.9442092180252076,0.0273048095405101,0.0557907819747924,0.2310950560763161,0,0.1947261691093444,0.0457787998020648,-0.7722339630126953,-0.2804314792156219,-0.3755998909473419,1.2140216827392578,0.0334771983325481,-0.8787361979484558,0.5113956332206726,-0.6944452524185181,0.4403941333293915,0.319433182477951,0.2943850457668304,-0.2647712826728821,-0.4806313812732696,0.3799364864826202,0.2635919749736786,0.4491083323955536,0.3421697616577148,0.4138283133506775,0.843721866607666,-0.4568507373332977,0.7247907519340515,1.4317325353622437,-0.0921894386410713,-0.2744327783584595,-0.3592270314693451,-0.9290035367012024,-0.5378276109695435,0.3844158947467804,-0.5934690237045288,0.6301191449165344,0.3372443616390228,0.8310535550117493,0.6525658965110779,0.2335469722747802,0.4058938324451446,-0.3122864961624145,-0.3932358622550964,1.5694812536239624,1.426724195480347,-0.2927663326263428,0.3990744352340698,1.514371395111084,-0.1236664876341819
test_C6_00144,test_C6,C6,156,middle,1,middle,0.3363955964223728,0.4336780309677124,0.0284894853830337,0.944464147090912,0.0270463097840547,0.0555358529090881,0.2302713644734513,0,0.1822057962417602,0.2315997779369354,-0.7875605225563049,-0.2925158739089966,-0.4560043513774872,1.2299034595489502,-0.0255524218082427,-0.8788425326347351,0.2983143031597137,-0.6096044182777405,0.4688563048839569,0.3110462129116058,0.3886671960353851,-0.312010645866394,-0.4634531140327453,0.4040302336215973,0.2113566696643829,0.4598594605922699,0.3606319427490234,0.3960955739021301,0.5917696356773376,-0.4342804551124573,0.3800553977489471,1.403172254562378,-0.0512829013168811,-0.2076886147260666,-0.5617565512657166,-0.9296154975891112,-0.4703240990638733,0.4123775362968445,-0.7773826122283936,0.3543128371238708,0.4372423887252807,0.8961413502693176,0.2680010497570038,0.124397300183773,0.4172774255275726,-0.3936583399772644,-0.6026972532272339,1.642519235610962,1.3842263221740725,-0.2706271111965179,0.3804015815258026,1.4588463306427002,-0.2039413601160049
test_C6_00145,test_C6,C6,157,middle,1,middle,0.3376495946452175,0.4353448748588562,0.0291444696485996,0.9425711631774902,0.0282843504101037,0.0574288368225097,0.2363287150455132,0,0.1753120869398117,0.349856972694397,-0.7788694500923157,-0.3783836960792541,-0.5202645063400269,1.226276993751526,-0.1260333955287933,-0.8789474368095398,0.2324016839265823,-0.5453466773033142,0.4535712599754333,0.2010892480611801,0.3570163249969482,-0.2481758445501327,-0.4468784630298614,0.3911283016204834,0.2480185031890869,0.4830738306045532,0.3838925361633301,0.378977358341217,1.0264607667922974,-0.4231882691383362,0.737133264541626,1.3658493757247925,-0.0470103211700916,-0.1696354746818542,-0.547709584236145,-0.9616348147392272,-0.4303497672080993,0.4361727833747864,-0.8383357524871826,0.5630945563316345,0.5166007280349731,0.9023029804229736,0.6057387590408325,0.0952695831656456,0.3723658919334411,-0.3900843262672424,-0.3925895690917969,1.6699800491333008,1.559013605117798,-0.265615850687027,0.3887311518192291,1.3126630783081057,-0.1510529220104217
test_C6_00146,test_C6,C6,158,middle,1,middle,0.3389266209189708,0.4364944398403168,0.0291124247014522,0.9424520134925842,0.0284355357289314,0.0575479865074157,0.2367094458993602,0,0.1689140796661377,0.5553445816040039,-0.8202595114707947,-0.3781040906906128,-0.5236139297485352,1.2431577444076538,-0.1251977235078811,-0.8790510892868042,0.2440201789140701,-0.5990371704101562,0.4114666283130646,0.1382634937763214,0.2707315385341644,-0.2541289329528808,-0.5616961717605591,0.4841349124908447,0.3254824876785278,0.553867518901825,0.4521664083003998,0.5223498940467834,0.902302086353302,-0.437338650226593,0.522119402885437,1.3372306823730469,0.0349622629582881,0.127841979265213,-0.7065707445144653,-0.962032437324524,-0.453489750623703,0.5404012799263,-0.8585659265518188,0.4102875888347626,0.7069926261901855,0.8778294920921326,0.2415047883987426,0.1077940315008163,0.2321391105651855,-0.3570701777935028,-0.3929382264614105,1.6743272542953491,1.864845871925354,-0.3382841348648071,0.3752773106098175,2.055889368057251,0.0205735675990581
test_C6_00147,test_C6,C6,159,middle,1,middle,0.3402266750753522,0.4346721768379211,0.0293327812105417,0.9424360394477844,0.0282312352210283,0.0575639605522155,0.2367543957408154,0,0.1635682135820388,0.6179677248001099,-0.8233757615089417,-0.3675976991653442,-0.4672017395496368,1.290263295173645,-0.0831883028149604,-0.8791534304618835,0.2799813449382782,-0.6043365597724915,0.3562931418418884,0.0423351898789405,0.150121659040451,-0.2467536181211471,-0.5683237314224243,0.5148878693580627,0.2603750824928283,0.5987693071365356,0.4962486624717712,0.5544644594192505,0.5797533392906189,-0.5580929517745972,0.8741205930709839,1.2918424606323242,-0.002622032770887,0.3014725148677826,-0.8185753226280212,-0.9314051270484924,-0.3950015902519226,0.5951272249221802,-0.8586915731430054,0.6391422748565674,0.8761632442474365,0.7811911702156067,0.4014576375484466,0.1972496062517166,0.1458689719438552,-0.4030617177486419,-0.3932836353778839,1.5951753854751587,2.0995900630950928,-0.3776110708713531,0.3568416535854339,1.4966381788253784,0.0415335968136787
test_C6_00148,test_C6,C6,160,middle,1,middle,0.3415497572826421,0.4337354600429535,0.0287168510258197,0.9439750909805298,0.0273080710321664,0.0560249090194702,0.2318403770744952,0,0.1448210030794143,0.805062472820282,-0.8436501026153564,-0.4601241648197174,-0.5895332098007202,1.3420119285583496,-0.2602117657661438,-0.8792544603347778,0.0894268900156021,-0.8551096320152283,0.2487238496541977,-0.1840189695358276,-0.2027925699949264,-0.4731366038322449,-0.4973403513431549,0.5719011425971985,0.1325878053903579,0.6426551342010498,0.5522257685661316,0.4541716575622558,0.5096139907836914,-0.7595745921134949,0.6276881694793701,1.274044632911682,0.0256033428013324,0.3722833096981048,-0.9593030214309692,-0.9782259464263916,-0.2078114002943039,0.6741980910301208,-0.8588156700134277,0.3975226581096649,1.0472527742385864,0.5808665156364441,-0.164577379822731,0.1519558727741241,-0.0650753900408744,-0.5476248264312744,-0.181840494275093,1.357643723487854,2.0635316371917725,-0.5198016166687012,0.342860996723175,0.9386372566223145,-0.1132015064358711
test_C6_00149,test_C6,C6,161,middle,1,middle,0.3428958675408408,0.4501543343067169,0.0289210472255945,0.937610924243927,0.033468022942543,0.062389075756073,0.2517449644118167,0,0.3174805045127868,-0.4660563468933105,-0.8608632683753967,-1.2138432264328003,-0.7840669751167297,0.0252845641225576,-0.8122290968894958,-0.8793542385101318,0.1556967198848724,-0.7852314710617065,0.6167053580284119,1.197417140007019,0.0989290177822113,-0.6592671275138855,0.3520461320877075,0.1790536344051361,-0.1183396875858306,0.0805554240942001,0.1028925776481628,0.7992855310440063,1.2795844078063965,-0.7236205339431763,-0.4662685394287109,1.5963841676712036,-0.6464526057243347,-1.2006168365478516,0.3688917458057403,-0.9938305020332336,-0.5892441868782043,0.0135233467444777,0.1996501088142395,-0.9338729977607728,-1.9895691871643064,0.5006871223449707,-1.6253879070281982,0.5260829925537109,1.222086787223816,0.7352260947227478,3.772296905517578,0.9695634245872498,0.4254448711872101,-0.0214977376163005,0.4749657809734344,2.070920705795288,-0.1995941698551178
test_C6_00150,test_C6,C6,162,middle,1,middle,0.3442650056816676,0.4460711181163788,0.0286821983754634,0.9392410516738892,0.0320766828954219,0.0607589483261108,0.2467390386466127,0,0.264992743730545,0.2143157869577407,-0.709097146987915,-0.9345940947532654,-0.741745114326477,0.2359328269958496,-0.5190598964691162,-0.8159814476966858,0.4156154096126556,-0.546883225440979,0.527479350566864,0.9492865800857544,0.4730114936828613,-0.6828497648239136,-0.4016034603118896,0.4556586742401123,0.3463757336139679,0.4403415024280548,0.4643755555152893,0.2790274620056152,1.2550532817840576,-0.387761116027832,-0.4928071796894073,1.6225168704986572,0.358884185552597,-0.1902251988649368,0.4010685980319977,-0.9787967801094056,-0.7012479901313782,0.4448491036891937,-0.2940673232078552,-0.2467666268348693,-1.0054380893707275,0.6666091084480286,-0.8861626386642456,0.7701087594032288,1.0557725429534912,0.3828006684780121,-0.8418641090393066,1.249079704284668,1.0648900270462036,-0.1860302835702896,0.4337232708930969,0.6770678758621216,0.0266967006027698
test_C6_00151,test_C6,C6,163,middle,1,middle,0.3456571718734029,0.4465202093124389,0.0286556184291839,0.939182460308075,0.0321618840098381,0.060817539691925,0.2469163965605743,0,0.2505876123905182,0.2488256692886352,-0.6971869468688965,-0.8952584862709045,-0.743632972240448,0.280013769865036,-0.5225404500961304,-0.8164681792259216,0.2528243362903595,-0.8488866686820984,0.4319276213645935,0.726518988609314,0.0973422303795814,-0.7969635128974915,-0.3100592195987701,0.4643555283546448,0.3049036562442779,0.4321826994419098,0.4794334173202514,0.2395574003458023,1.2308231592178345,-0.6747861504554749,-0.3611285388469696,1.6756070852279663,-0.0777084156870842,-0.2077694684267044,-0.3966862857341766,-0.963947594165802,-0.3691732883453369,0.4617389142513275,-0.3557419180870056,-0.3313328921794891,-0.8919179439544678,0.3399147987365722,-0.8389175534248352,0.3289583027362823,0.7282009720802307,0.1003442630171775,-0.4212865233421325,0.990920901298523,1.1873046159744265,-0.3467050790786743,0.3995459079742431,0.5850023031234741,-0.2798287570476532
test_C6_00152,test_C6,C6,164,middle,1,middle,0.3470723660319067,0.4497026205062866,0.0294648129492998,0.9357367753982544,0.0347983762621879,0.0642632246017456,0.257472501964921,0,0.2710984945297241,0.3170267045497894,-0.6616283655166626,-0.941411793231964,-0.7454978227615356,0.3019590675830841,-0.6210448145866394,-0.7856003642082214,0.4920860826969147,-0.4937310516834259,0.5448130369186401,1.0671659708023071,0.5199564099311829,-0.6239527463912964,-0.3749704658985138,0.4420588314533233,0.3986136019229889,0.4656336307525635,0.4812838733196258,0.3560500741004944,1.2311205863952637,-0.1503354907035827,-0.4795200526714325,1.6577479839324951,-0.0355776734650135,-0.1088251620531082,0.7236666083335876,-0.9793537259101868,-0.8637494444847107,0.4502356350421905,-0.2627052962779999,-0.2162807136774063,-0.8037850856781006,0.6517030000686646,-0.7025865912437439,1.047308325767517,1.136807560920715,0.5045796036720276,-0.4215346276760101,1.2400983572006226,1.1567602157592771,-0.1947230696678161,0.3962002992630005,0.9456103444099426,0.3077428936958313
test_C6_00153,test_C6,C6,165,middle,1,middle,0.3484875601904105,0.4534157216548919,0.0293698515743017,0.9341943860054016,0.0364357568323612,0.0658056139945983,0.2620438221719147,0,0.2730778455734253,0.2405344396829605,-0.6548754572868347,-0.9477972984313964,-0.761726975440979,0.4119589030742645,-0.6964008212089539,-0.7862653136253357,0.4148431420326233,-0.3879311084747314,0.5488936901092529,1.1841723918914795,0.4166134297847748,-0.7154335379600525,-0.3614682853221893,0.4032465517520904,0.2135258018970489,0.4478520452976227,0.4492212533950805,0.2637467980384826,1.1832441091537476,-0.3837982416152954,-0.3697803020477295,1.675548791885376,-0.1295982301235199,-0.2766608893871307,0.7387058138847351,-0.9796271324157716,-0.8653673529624939,0.4002338945865631,-0.2664376497268677,-0.3034012615680694,-0.7449104189872742,0.6771159768104553,-1.0094826221466064,0.9290996789932252,1.1593704223632812,0.4869760870933532,-0.6328532099723816,1.2638978958129885,1.1264281272888184,-0.1148097962141037,0.3802025020122528,0.5607568621635437,0.3145025670528412
test_C6_00154,test_C6,C6,166,middle,1,middle,0.3499027544330546,0.4561644196510315,0.0305297952145338,0.929822564125061,0.0396476425230503,0.0701774358749389,0.2750260254161575,0,0.2838476300239563,0.2412400543689727,-0.6345717310905457,-0.8714715838432312,-0.7205595374107361,0.4235290884971618,-0.5334869623184204,-0.7559512853622437,0.5456221103668213,-0.440398633480072,0.5357733964920044,1.4216794967651367,0.3653957843780517,-0.584844172000885,-0.5006195902824402,0.3793322443962097,0.4766122698783874,0.4553611874580383,0.4587583839893341,0.4552034437656402,1.2077643871307373,-0.2768009901046753,-0.2026643007993698,1.6463804244995115,-0.0555729009211063,-0.1704036444425583,0.9170218110084534,-0.9353293180465698,-1.0611642599105835,0.4061682820320129,-0.1750599145889282,-0.0892470926046371,-0.6698453426361084,0.7587313055992126,-0.6789728403091431,1.0435172319412231,1.3021223545074463,0.705764889717102,-0.6324613094329834,1.3551784753799438,1.194955587387085,-0.1633539944887161,0.3783816993236542,1.3023699522018433,0.6325677633285522
test_C6_00155,test_C6,C6,167,middle,1,middle,0.3513179485915584,0.4612416326999664,0.0302285980433225,0.9275825023651124,0.042188961058855,0.0724174976348877,0.281311027810484,0,0.2813974618911743,0.1643598824739456,-0.638745129108429,-0.9356331825256348,-0.736743688583374,0.4343721270561218,-0.6239774227142334,-0.787571370601654,0.3883229494094848,-0.4795399010181427,0.553778350353241,1.265319585800171,0.3251300454139709,-0.6382911205291748,-0.4083609879016876,0.3379266262054443,0.3284575641155243,0.3998578190803528,0.4141320586204529,0.3613774478435516,1.231991171836853,-0.3674936592578888,-0.4239904582500458,1.6359072923660278,-0.1327265799045562,-0.371385246515274,0.7764097452163696,-0.980164110660553,-1.054667592048645,0.3425759673118591,-0.2359698861837387,-0.2834646999835968,-0.7401876449584961,0.6231564879417419,-0.8554921746253967,1.0617713928222656,1.287517547607422,0.6132886409759521,-0.632072925567627,1.3192681074142456,0.957228660583496,-0.150283932685852,0.3754408657550812,1.1533437967300415,0.4274888038635254
test_C6_00156,test_C6,C6,168,middle,1,middle,0.3527331427500622,0.470242977142334,0.0324929542839527,0.9167723059654236,0.0507347658276557,0.0832276940345764,0.3115350624852507,0,0.3001832664012909,0.148999735713005,-0.6500744819641113,-0.8894237279891968,-0.7103450298309326,0.4827157258987427,-0.578431248664856,-0.8188149929046631,0.5352012515068054,-0.3979001045227051,0.5841350555419922,1.412248969078064,0.3943457901477813,-0.5451906323432922,-0.419422298669815,0.3213492035865783,0.2903828024864197,0.3911083936691284,0.3995046317577362,0.3968209028244018,1.1613094806671145,-0.2484970390796661,-0.330962598323822,1.599173665046692,-0.0916638225317001,-0.3424662053585052,0.9853817224502563,-0.9510695934295654,-1.0715314149856567,0.3114649951457977,-0.0143546182662248,-0.2851455509662628,-0.6830690503120422,0.7716261148452759,-0.9804418087005616,0.9921553134918212,1.330952525138855,0.734316349029541,-0.4186808466911316,1.394587755203247,0.99531888961792,-0.1103010550141334,0.3593646883964538,1.2094451189041138,0.5909482836723328
test_C6_00157,test_C6,C6,169,middle,1,middle,0.3541483369085658,0.4830891788005829,0.0350512526929378,0.8999485969543457,0.0650001689791679,0.1000514030456543,0.3549882668234568,0,0.3090023398399353,0.1585441529750824,-0.659918487071991,-0.8985204696655273,-0.7123516798019409,0.5128965377807617,-0.58949214220047,-0.8344782590866089,0.5830176472663879,-0.2328243553638458,0.614177405834198,1.583679437637329,0.4948142468929291,-0.4639447927474975,-0.4801338911056518,0.3345378041267395,0.3481799960136413,0.4041769504547119,0.4124930500984192,0.4311438798904419,1.1620092391967771,-0.1777312606573104,-0.5067009925842285,1.4516196250915527,-0.0583523549139499,-0.3792838752269745,0.9637124538421632,-0.9660961031913756,-1.0963283777236938,0.3175510764122009,0.129935935139656,-0.3297880589962005,-0.6168339848518372,0.8205847144126892,-1.035905361175537,1.0792773962020874,1.5110517740249634,0.6913273334503174,-0.6325794458389282,1.4310693740844729,0.8807156682014465,-0.0341485626995563,0.3526605367660522,1.391787886619568,0.497744470834732
test_C6_00158,test_C6,C6,170,middle,1,middle,0.3555635310670696,0.4933706223964691,0.0393527150154113,0.8705379366874695,0.0901093780994415,0.1294620633125305,0.4231496150322896,0,0.2866298854351043,0.1617021411657333,-0.6069384217262268,-0.8485510945320129,-0.7422623038291931,0.4756286144256592,-0.6109946966171265,-0.7592306137084961,0.3509113192558288,-0.2933546006679535,0.6176170110702515,1.398476243019104,0.44658163189888,-0.5567181706428528,-0.3648225665092468,0.2817631661891937,0.3810183405876159,0.3686527907848358,0.3939790427684784,0.3142811954021454,1.0925707817077637,-0.3228403627872467,-0.4156403541564941,1.6210579872131348,-0.0870477631688118,-0.3541684448719024,0.8837448954582214,-0.908413827419281,-1.0539336204528809,0.308885395526886,-0.2473093867301941,-0.3046976923942566,-0.6556793451309204,0.830420196056366,-0.9787896275520324,1.0787560939788818,1.3802133798599243,0.6864534020423889,-0.4179085195064544,1.5095051527023315,1.0727746486663818,-0.0613846890628337,0.3396491706371307,1.1452542543411257,0.5160213112831116
test_C6_00159,test_C6,C6,171,middle,1,middle,0.3569787253097137,0.502670407295227,0.0428003594279289,0.8386951684951782,0.1185044795274734,0.1613048315048217,0.4871171728733156,0,0.3044061362743377,0.2333143800497055,-0.6385557055473328,-0.8621378540992737,-0.7440587878227234,0.4754925668239593,-0.6282698512077332,-0.8351898789405823,0.4885756075382232,-0.3536609709262848,0.5997372269630432,1.3343349695205688,0.3568224608898163,-0.519389271736145,-0.401670753955841,0.3016355633735657,0.4117871522903442,0.3752736449241638,0.4054352641105652,0.350484162569046,1.116904377937317,-0.342081218957901,-0.2910675704479217,1.5666708946228027,-0.0397153720259666,-0.2369899600744247,0.8859209418296814,-0.9379356503486632,-0.9830785393714904,0.3194720447063446,-0.0110587105154991,-0.1991625428199768,-0.5990568995475769,0.8201725482940674,-0.7962868809700012,0.9334751963615416,1.3275971412658691,0.7595519423484802,-0.6330844163894653,1.503527045249939,1.1753166913986206,-0.1129921600222587,0.3350645899772644,1.1420079469680786,0.6013569235801697
test_C6_00160,test_C6,C6,172,middle,1,middle,0.3583939194682176,0.5047885775566101,0.0469878800213336,0.8161962628364563,0.1368158608675003,0.1838037371635437,0.5293910745817186,0,0.2796458005905151,-0.3261044323444366,-0.6251238584518433,-0.7846965789794922,-0.5664157867431641,0.1807709634304046,-0.3484248518943786,-0.805648922920227,-0.3304115533828735,-0.9097884297370912,0.5027226209640503,0.4935384690761566,-0.3561664223670959,-0.8113409280776978,-0.4374550282955169,-0.1522727608680725,-0.5374467968940735,0.2523533999919891,-0.074984923005104,-0.2397977858781814,1.2564796209335327,-0.7811449766159058,-0.4157927334308624,1.470484495162964,-0.9470273852348328,-0.6763464212417603,0.0315201133489608,-0.8524122834205627,-0.3457516133785248,-0.3751810491085052,-0.3463981747627258,-0.5757886171340942,-1.3842178583145142,0.3457751870155334,-1.3975547552108765,0.4558988511562347,0.8039564490318298,0.1575430929660797,-3.200619697570801,0.7388768792152405,0.3827295303344726,-0.2725436687469482,0.3661411106586456,0.568893313407898,-0.6523470878601074
test_C6_00161,test_C6,C6,173,middle,1,middle,0.3598091136267213,0.5127119421958923,0.0475956983864307,0.7971330881118774,0.1552711725234985,0.2028669118881225,0.5596803774028591,0,0.2997541129589081,0.1817436963319778,-0.6233779191970825,-0.8617110252380371,-0.7613111734390259,0.5413433313369751,-0.6522059440612793,-0.8358850479125977,0.4263536930084228,-0.5092453956604004,0.5507522225379944,1.318162202835083,0.1887462437152862,-0.554152250289917,-0.3738966882228851,0.2826100289821625,0.350615918636322,0.3674742579460144,0.4027343392372131,0.3317583501338959,1.0039284229278564,-0.391274094581604,-0.4498687386512756,1.5385620594024658,0.7857083678245544,-0.2263421416282653,0.8473137617111206,-0.9817005395889282,-0.921061396598816,0.3189347088336944,-0.1305496543645858,-0.3188290297985077,-0.5127154588699341,0.654823362827301,-0.8406493067741394,0.9588797688484192,1.2088099718093872,0.4730119109153747,-0.6164537668228149,1.349677324295044,1.1671184301376345,-0.1962252557277679,0.3111724555492401,1.1372137069702148,0.2591196298599243
test_C6_00162,test_C6,C6,174,middle,1,middle,0.3612243078693654,0.5176573395729065,0.0507000982761383,0.7642463445663452,0.1850535869598388,0.2357536554336547,0.608826098023609,0,0.3101665377616882,0.1355688124895095,-0.628449559211731,-0.8780698180198669,-0.7766100168228149,0.5570260286331177,-0.7026492953300476,-0.8510001301765442,0.423264592885971,-0.3192364275455475,0.6160736680030823,1.4773318767547607,0.3083365857601166,-0.5352880358695984,-0.2874789834022522,0.2494950741529464,0.2963750064373016,0.3252964317798614,0.3711634576320648,0.2682949900627136,0.9826733469963074,-0.427755057811737,-0.3932364881038666,1.5470356941223145,-0.1265783458948135,-0.3604853749275207,0.8752262592315674,-0.981946349143982,-0.9990553855895996,0.2723677456378937,-0.0078764548525214,-0.2979776561260223,-0.5798686742782593,0.8614023923873901,-0.9279170036315918,0.871161162853241,1.5134276151657104,0.731994092464447,-0.8314233422279358,1.457121968269348,1.0698448419570925,-0.0752537697553634,0.3006705939769745,1.1385176181793213,0.5327202081680298
test_C6_00163,test_C6,C6,175,middle,1,middle,0.3626395020278692,0.5279541015625,0.0522677861154079,0.7151256203651428,0.2326066344976425,0.2848743796348572,0.6674569133724868,0,0.2843568623065948,0.1913181543350219,-0.6358976364135742,-0.8211108446121216,-0.7781692147254944,0.6056473255157471,-0.7041095495223999,-0.8512533903121948,0.2278701364994049,-0.3766241371631622,0.5669214725494385,1.2732529640197754,0.2069300264120102,-0.5628159642219543,-0.3500727415084839,0.2798000872135162,0.1687771677970886,0.3612922132015228,0.4057114124298095,0.3176780939102173,0.961661159992218,-0.4604520499706268,-0.3622531592845917,1.4883639812469482,0.0012158243916928,-0.3038040697574615,0.7405021786689758,-0.9117295742034912,-0.9247808456420898,0.3216420114040375,-0.355520635843277,-0.2771247327327728,-0.4333343207836151,0.7501048445701599,-0.7165171504020691,0.8962382078170776,1.279895305633545,0.5887711048126221,-0.6145527958869934,1.4262328147888184,1.1482304334640503,-0.1312389373779297,0.290663480758667,1.139248967170715,0.4168524742126465
test_C6_00164,test_C6,C6,176,middle,1,middle,0.3640546962705133,0.5201172828674316,0.052778273820877,0.7493579983711243,0.1978636980056762,0.2506420016288757,0.6299295196056085,0,0.2902170419692993,0.2556276619434356,-0.6536505818367004,-0.8241007328033447,-0.8066862225532532,0.6313294172286987,-0.7424571514129639,-0.8661093711853027,0.2949647009372711,-0.3004103302955627,0.6099610328674316,1.1727808713912964,0.3432419598102569,-0.6226494908332825,-0.3623297810554504,0.2928487658500671,0.2683566808700561,0.4018880128860473,0.4142922461032867,0.2919695973396301,0.9408877491950988,-0.3382341563701629,-0.2784302234649658,1.5128778219223022,-0.0327100232243537,-0.2163482904434204,0.7459051012992859,-0.94039386510849,-0.8557918071746826,0.3407075107097626,-0.2867614030838012,-0.2822657525539398,-0.3478957116603851,0.7424495220184326,-0.8050764203071594,0.8759767413139343,1.2452534437179563,0.402658611536026,-1.0472043752670288,1.4131605625152588,1.2321827411651611,-0.1113768815994262,0.2809454500675201,0.9713398218154908,0.210251584649086
test_C6_00165,test_C6,C6,177,middle,1,middle,0.365469890429017,0.5262582302093506,0.052412986755371,0.723976194858551,0.2236107736825943,0.276023805141449,0.6583960887230311,0,0.2747331857681274,0.3279581069946289,-0.6339116096496582,-0.8018382787704468,-0.8214693665504456,0.6370630264282227,-0.811104416847229,-0.8517513275146484,0.248886302113533,-0.4542567431926727,0.4998832941055298,1.2980207204818726,0.0830887779593467,-0.5949187874794006,-0.4469596445560455,0.3156261742115021,0.3821211755275726,0.4403601586818695,0.4569258391857147,0.426052451133728,0.92034912109375,-0.4402495622634887,-0.3420603573322296,1.412869215011597,0.0201860014349222,-0.1506198793649673,0.6965291500091553,-0.913003385066986,-0.9015184044837952,0.3977727890014648,-0.4149247407913208,-0.1902116984128952,-0.2407596707344055,0.7823402881622314,-0.5475634336471558,0.8228685855865479,1.2595521211624146,0.5762009620666504,-0.8285175561904907,1.4446841478347778,1.4187836647033691,-0.2112654000520706,0.2689497768878937,1.1769213676452637,0.4894532859325409
test_C6_00166,test_C6,C6,178,middle,1,middle,0.3668850845875208,0.5213652849197388,0.0519493147730827,0.7452495098114014,0.2028011977672577,0.2547504901885986,0.633840508466372,0,0.2748614549636841,0.3593589961528778,-0.6439324021339417,-0.753073513507843,-0.8094140291213989,0.654560923576355,-0.780863344669342,-0.8808791041374207,0.2482375055551529,-0.1556496918201446,0.5944235324859619,1.2700207233428955,0.3870876133441925,-0.5914798378944397,-0.3845067322254181,0.3183591663837433,0.4565140604972839,0.4409949779510498,0.4624830186367035,0.3858644664287567,0.9000412225723267,-0.3318418264389038,-0.2503293454647064,1.4134440422058103,-0.0348517186939716,-0.095441460609436,0.8275014758110046,-0.8166484832763672,-0.9345800280570984,0.4090358018875122,-0.4352605640888214,-0.1088541448116302,-0.1628183126449585,0.9290496706962584,-0.2760066092014313,0.8571194410324097,1.4386461973190308,0.5689057111740112,-0.6098802089691162,1.5958465337753296,1.4379364252090454,-0.0872679278254509,0.2597207129001617,1.1353555917739868,0.5067799687385559
test_C6_00167,test_C6,C6,179,middle,1,middle,0.368300278830165,0.5186871290206909,0.049498651176691,0.7675126791000366,0.182988703250885,0.2324873208999633,0.6031636115989354,0,0.263801246881485,0.5081174969673157,-0.625480592250824,-0.797931432723999,-0.8372785449028015,0.6410194635391235,-0.8655073642730713,-0.852238118648529,0.1808867454528808,-0.3259993195533752,0.5512902736663818,1.086807370185852,0.2837880551815033,-0.6332795023918152,-0.4199002385139465,0.3297071158885956,0.3196637034416199,0.4584915935993194,0.4803732335567474,0.4195098876953125,0.8799602389335632,-0.3989088237285614,-0.1592149436473846,1.3718138933181765,-0.0137650920078158,0.0245292428880929,0.6901401281356812,-0.9693569540977478,-0.8739169836044312,0.4301761090755462,-0.4377369880676269,-0.0337606333196163,-0.0685186982154846,0.7771731019020081,-0.351083904504776,0.8996697664260864,1.2157578468322754,0.5414661169052124,-0.8278952836990356,1.5301151275634766,1.630422830581665,-0.1941310167312622,0.2450710088014602,1.2123903036117554,0.510125458240509
test_C6_00168,test_C6,C6,180,middle,1,middle,0.3697154729886687,0.5068267583847046,0.0464386641979217,0.8170053958892822,0.1365559101104736,0.1829946041107177,0.5275377956025158,0,0.2641277611255646,0.4331464171409607,-0.6512973308563232,-0.7934380769729614,-0.8384573459625244,0.7036026120185852,-0.8720134496688843,-0.881039559841156,0.1781232804059982,-0.4286459386348724,0.4681217968463897,1.0450621843338013,0.0015834087971597,-0.6165342330932617,-0.4064851105213165,0.358689934015274,0.3384145498275757,0.4634904265403747,0.4921067357063293,0.3557681441307068,0.8601023554801941,-0.4844414889812469,-0.2700623273849487,1.397248387336731,-0.0098349722102284,0.04684654250741,0.4437271058559418,-0.969663143157959,-0.7179253101348877,0.4527642726898193,-0.4577201306819916,-0.1241227760910987,-0.0303151849657297,0.5649105906486511,-0.3194173276424408,0.757332444190979,1.0417224168777466,0.3712502419948578,-0.8269652724266052,1.2561694383621216,1.6642464399337769,-0.2404657453298568,0.2371981143951416,0.932022213935852,0.2860665619373321
test_C6_00169,test_C6,C6,181,middle,1,middle,0.3711306671471724,0.5020236372947693,0.0433064363896846,0.8383382558822632,0.1183552667498588,0.1616617441177368,0.4882190814791767,0,0.2494026124477386,0.5544903874397278,-0.6343641877174377,-0.836235523223877,-0.8396231532096863,0.7117044925689697,-0.9199455380439758,-0.8669163584709167,0.0921068862080574,-0.4152108430862427,0.4723034501075744,1.021998643875122,0.073011465370655,-0.6766120791435242,-0.4172791242599487,0.3782686591148376,0.4018997251987457,0.4975947439670563,0.5267668962478638,0.4378614723682403,0.8404638767242432,-0.5453991293907166,-0.1445921957492828,1.3732807636260986,0.0359124355018138,0.1760316789150238,0.4619344770908355,-0.9835907220840454,-0.6839637160301208,0.5016028881072998,-0.5297945737838745,-0.0199394319206476,0.0891812667250633,0.823735237121582,-0.1511304825544357,0.7421016097068787,1.1227877140045166,0.2562591433525085,-0.6065338850021362,1.4305185079574585,1.8222473859786987,-0.2664180696010589,0.2247682362794876,1.097211480140686,0.190013587474823
test_C6_00170,test_C6,C6,182,middle,1,middle,0.3725458613056763,0.4968989193439483,0.0418636538088321,0.8537665605545044,0.1043697744607925,0.1462334394454956,0.4584712926804439,0,0.2499864846467971,0.522007167339325,-0.6554211378097534,-0.8093365430831909,-0.827733039855957,0.7474966049194336,-0.8995214700698853,-0.8811964988708496,0.0451575368642807,-0.5060508251190186,0.4580618739128113,1.004876971244812,-0.0244503412395715,-0.7055384516716003,-0.4277871549129486,0.379700094461441,0.2978602051734924,0.4784532785415649,0.5113519430160522,0.3742909431457519,0.7992058396339417,-0.5917677283287048,-0.1291515529155731,1.419352412223816,-0.0591441988945007,0.1700678169727325,0.4446632266044616,-0.9702653288841248,-0.6755107045173645,0.48189777135849,-0.5317107439041138,-0.0051692416891455,0.1119666546583175,0.6568580269813538,-0.1390347778797149,0.6663882732391357,1.0337245464324951,0.2883199155330658,-1.0464106798171997,1.3839706182479858,1.7650152444839478,-0.3106739819049835,0.2161840498447418,1.047860860824585,0.2339192032814026
test_C6_00171,test_C6,C6,183,middle,1,middle,0.3739610554641798,0.4928957819938659,0.0421585254371166,0.8624527454376221,0.0953887104988098,0.1375472545623779,0.4416959684457593,0,0.310760498046875,-0.3877082467079162,-0.4979079365730285,-0.5946024656295776,-0.4268177151679992,0.1442680060863495,-0.2294876277446746,-0.6424757242202759,-0.3514172732830047,-0.7376331686973572,0.5822060704231262,0.6109451651573181,-0.3961174786090851,-0.7015795707702637,-0.2249553948640823,-0.5003271698951721,-0.5512204170227051,0.1651666462421417,-0.338217943906784,-0.118851214647293,1.2144362926483154,-0.5810330510139465,-0.5657445192337036,1.46200430393219,-2.0326404571533203,-0.6530066728591919,0.1106156483292579,-0.7010433673858643,-0.5519710183143616,-0.7861557602882385,-0.1369299739599228,-0.5476590991020203,-1.411433219909668,0.270088791847229,-1.0828174352645874,0.6257739663124084,0.954932451248169,0.3181211650371551,-1.485498070716858,0.6746333837509155,-0.0960252806544303,-0.1967867314815521,0.2753050327301025,0.2120857685804367,-0.6129523515701294
test_C6_00172,test_C6,C6,184,middle,1,middle,0.3753762497068241,0.496462881565094,0.0415554046630859,0.8582965731620789,0.1001480594277381,0.1417034268379211,0.4494581034694888,0,0.237396091222763,0.602663516998291,-0.6562723517417908,-0.8734989762306213,-0.8688471913337708,0.7736821174621582,-0.9839249849319458,-0.881350040435791,-0.0581621937453746,-0.5783358216285706,0.389670729637146,0.8572323322296143,-0.2198873460292816,-0.7328958511352539,-0.4048666357994079,0.3852725625038147,0.1448126137256622,0.4942370951175689,0.5173936486244202,0.4020025432109833,0.7180351614952087,-0.6494613885879517,-0.1328084170818328,1.380075216293335,1.902383089065552,0.1924251168966293,0.3491171896457672,-0.984257161617279,-0.63360595703125,0.4940010011196136,-0.6727050542831421,-0.0611858628690242,0.2117231339216232,0.5303518176078796,-0.2518125772476196,0.6613888740539551,0.8275829553604126,0.2531959414482116,-0.8194243311882019,1.264155030250549,1.768201231956482,-0.3633557856082916,0.1949393451213836,0.9324039220809937,0.2299889922142028
test_C6_00173,test_C6,C6,185,middle,1,middle,0.3767914438653277,0.4845648407936096,0.0384403131902217,0.886012077331543,0.0755476132035255,0.113987922668457,0.3892471262227427,0,0.250002920627594,0.6615179181098938,-0.6615672707557678,-0.8148394823074341,-0.8569918870925903,0.7881978154182434,-0.9576603174209596,-0.8814255595207214,0.0795451030135154,-0.571202278137207,0.3937142193317413,1.0009722709655762,-0.2022567391395568,-0.6538786292076111,-0.415628433227539,0.4050429463386535,0.3718183040618896,0.470075398683548,0.5358458161354065,0.339948445558548,0.6781079769134521,-0.6022064089775085,0.039225086569786,1.3969595432281494,0.017576090991497,0.342697262763977,0.4047960340976715,-0.9711442589759828,-0.5806818604469299,0.5248444080352783,-0.5543953776359558,0.1389548033475875,0.2993839383125305,0.5979605913162231,0.229035273194313,0.6079280972480774,1.0301474332809448,0.2913432121276855,-0.5968526005744934,1.3152387142181396,2.014472723007202,-0.3868522346019745,0.1854763478040695,0.8635403513908386,0.3211584985256195
test_C6_00174,test_C6,C6,186,middle,1,middle,0.3782066380238316,0.4740836024284363,0.0349080748856067,0.9065824151039124,0.0585095360875129,0.0934175848960876,0.338711487058455,0,0.2472900450229644,0.6582277417182922,-0.6749471426010132,-0.8393396139144897,-0.8452640771865845,0.8322930335998535,-0.9464938044548036,-0.881500244140625,0.0748767927289009,-0.4591913223266601,0.4231418669223785,0.8722208142280579,-0.0873987525701522,-0.6909074783325195,-0.3559491336345672,0.4314785301685333,0.2658301293849945,0.4808793067932129,0.5465781688690186,0.3267700672149658,0.4890494048595428,-0.6409657001495361,0.0015356744406744,1.43036150932312,0.0117557775229215,0.4171020984649658,0.3677295744419098,-0.9714309573173524,-0.6018106341362,0.5438627600669861,-0.6070439219474792,0.03509521484375,0.3862310647964477,0.6686654686927795,0.1195224300026893,0.6644898056983948,0.9198224544525146,0.263076514005661,-0.818898618221283,1.4609029293060305,2.1031911373138428,-0.3577453792095184,0.1692725270986557,0.8054718971252441,0.3241996467113495
test_C6_00175,test_C6,C6,187,middle,1,middle,0.3796218321823353,0.4701003432273865,0.0350962877273559,0.909369707107544,0.0555339679121971,0.090630292892456,0.3317725282199755,0,0.2615848481655121,0.6605200171470642,-0.6964889764785767,-0.8579553961753845,-0.9098278880119324,0.8247912526130676,-1.0199198722839355,-0.8815741539001465,0.1891343593597412,-0.3392120897769928,0.4591666460037231,0.9908063411712646,0.00466686533764,-0.5647746920585632,-0.3910741209983825,0.436295747756958,0.3254545032978058,0.4746013283729553,0.539474368095398,0.3609920442104339,0.3020128607749939,-0.4979712069034576,-0.0848186090588569,1.4117213487625122,-0.0506098195910453,0.3434207439422607,0.3004682064056396,-0.9849022030830384,-0.5527315139770508,0.5326712727546692,-0.4565949440002441,-0.0656556040048599,0.3514702916145324,0.6333546042442322,-0.1895287036895752,0.6217991709709167,0.9201678037643432,0.2409963607788086,-0.5951440334320068,1.4055423736572266,1.9505071640014648,-0.2896900177001953,0.1569132655858993,0.917574107646942,0.2590473592281341
test_C6_00176,test_C6,C6,188,middle,1,middle,0.3810370263408391,0.4645352959632873,0.0322307124733924,0.920158326625824,0.0476109609007835,0.079841673374176,0.3024123063402958,0,0.2549152076244354,0.7241088151931763,-0.7168869972229004,-0.8767256736755371,-0.9105706810951232,0.8351948261260986,-1.0272605419158936,-0.8816472887992859,0.1730264127254486,-0.6108477711677551,0.3684437870979309,0.8828379511833191,-0.2441004812717437,-0.6119016408920288,-0.425287127494812,0.4795987010002136,0.2981349527835846,0.5454360842704773,0.5687622427940369,0.4176712334156036,0.0746890157461166,-0.7268901467323303,0.0407794117927551,1.4293396472930908,0.0631793662905693,0.4753092527389526,0.2146141678094864,-0.9982301592826844,-0.5305213332176208,0.5793097615242004,-0.542779803276062,-0.0012694109464064,0.485149472951889,0.5513088703155518,0.0691510811448097,0.4167425036430359,0.8088496923446655,0.3971262574195862,-0.5948989391326904,1.2861229181289673,2.071216344833374,-0.4502065181732178,0.1435100138187408,0.805749773979187,0.5360991954803467
test_C6_00177,test_C6,C6,189,middle,1,middle,0.3824522205834832,0.460752010345459,0.0317655280232429,0.9241228699684144,0.0441116169095039,0.0758771300315857,0.2914292181329888,0,0.2567605972290039,0.7636809349060059,-0.7008985877037048,-0.8732772469520569,-0.9238656163215636,0.8685300350189209,-1.0256096124649048,-0.8681186437606812,0.1794373840093612,-0.5616969466209412,0.3761656582355499,0.8756357431411743,-0.220872163772583,-0.5123028755187988,-0.4816355109214782,0.4672853946685791,0.2337550073862075,0.5492214560508728,0.5731199383735657,0.4029213488101959,-0.0030425647273659,-0.7331984043121338,-0.1221686080098152,1.4251843690872192,-0.006183385848999,0.5172932744026184,0.18816539645195,-0.9983689188957214,-0.5334816575050354,0.5829309821128845,-0.5445563197135925,-0.0883594378829002,0.5386038422584534,0.622138500213623,-0.0402324981987476,0.501171350479126,0.842379629611969,0.2364210933446884,-0.5946557521820068,1.3717583417892456,2.03229022026062,-0.4365511238574981,0.1344681680202484,1.17548668384552,0.3334379494190216
test_C6_00178,test_C6,C6,190,middle,1,middle,0.3842404922043516,0.4566036462783813,0.0299074221402406,0.9306659698486328,0.0394266657531261,0.0693340301513671,0.2724493171237812,0,0.2476541846990585,0.958772361278534,-0.7176826596260071,-0.8886281251907349,-0.9245266318321228,0.8844683766365051,-1.0197159051895142,-0.8817912340164185,0.2101596444845199,-0.4894090294837951,0.3503533899784088,0.9742350578308104,-0.1991293281316757,-0.3066672384738922,-0.6049517393112183,0.524483323097229,0.3588427305221557,0.6253020763397217,0.6369416117668152,0.596583366394043,-0.1008719280362129,-0.7104310989379883,0.0905348435044288,1.381267786026001,0.1809392422437667,0.8229469656944275,0.2486880421638488,-0.9985063076019288,-0.5268393158912659,0.6874092817306519,-0.6792051792144775,0.1405071020126342,0.7882819175720215,0.7436930537223816,0.4203665554523468,0.5142751336097717,0.8694515228271484,0.1804030388593673,-0.594414472579956,1.5126891136169434,2.291206359863281,-0.4790059924125671,0.1232690662145614,1.7644211053848269,0.3951863944530487
test_C6_00179,test_C6,C6,191,middle,1,middle,0.3864018412875842,0.4520258009433746,0.0298924688249826,0.9336552619934082,0.0364522002637386,0.0663447380065918,0.2637338765306974,0,0.2374667972326278,0.9871288537979126,-0.7330532073974609,-0.8506300449371338,-0.9251807928085328,0.9315736889839172,-1.017828345298767,-0.8818620443344116,0.1103558838367462,-0.8242340683937073,0.2715620100498199,0.5136628150939941,-0.4551145136356354,-0.5354253649711609,-0.4965992271900177,0.5407745838165283,0.0799204260110855,0.6512981653213501,0.6421404480934143,0.4395753741264343,-0.1352573931217193,-0.8681051135063171,0.2084871083498001,1.4171055555343628,0.0152410631999373,0.8605281710624695,-0.112224131822586,-0.9728192687034608,-0.2237317860126495,0.6930288076400757,-0.79591965675354,0.1066346913576126,0.8958941102027893,0.4155589938163757,0.4075402319431305,0.3645195662975311,0.4133360087871551,-0.1461052000522613,-0.819463849067688,1.134812355041504,2.3062756061553955,-0.6403064727783203,0.1063678413629531,0.8618298172950745,-0.0094275642186403
test_C6_00180,test_C6,C6,192,middle,1,middle,0.3889362679173217,0.4491161704063415,0.0282541569322347,0.9387460947036744,0.0329997725784778,0.0612539052963256,0.2482020651097172,0,0.2269022613763809,1.1461228132247925,-0.7044958472251892,-0.8987548351287842,-0.9381918907165528,0.9449729323387146,-1.0275224447250366,-0.8685436844825745,0.069810502231121,-0.9276778697967528,0.2022784501314163,0.4165031909942627,-0.6321816444396973,-0.6190173625946045,-0.4822341203689575,0.5659601092338562,0.284621387720108,0.6974553465843201,0.6796224117279053,0.4474257826805115,-0.169284701347351,-1.0098559856414795,0.2273037880659103,1.375250220298767,0.1254844814538955,1.0102827548980713,-0.2043031156063079,-0.99877667427063,-0.1463716775178909,0.7480476498603821,-0.8292266130447388,0.2129222452640533,1.043936252593994,0.4035894572734833,0.7125245928764343,0.3812026977539062,0.3004044890403747,-0.2507317960262298,-0.5927478075027466,1.0637372732162476,2.417123317718506,-0.722848117351532,0.0982647836208343,0.7875100374221802,-0.0759017169475555
test_C6_00181,test_C6,C6,193,middle,1,middle,0.3918437719252833,0.4550849497318268,0.0272410716861486,0.9382440447807312,0.0345148667693138,0.0617559552192688,0.249540794545937,0,0.2594657242298126,0.8120983242988586,-1.5297976732254028,-1.1198432445526123,-1.0371662378311155,0.0078384289517998,-1.3621565103530884,-0.882001519203186,0.0104281995445489,-0.7298707962036133,0.3450795114040375,0.5071035027503967,-0.4058559536933899,-0.4235622882843017,0.0783109739422798,0.5743687152862549,-0.1172577664256095,0.5358916521072388,0.4275525510311126,0.8173109292984009,0.8677667379379272,-1.0031366348266602,-0.0804895907640457,1.2339074611663818,0.0084916921332478,0.6760419011116028,-0.0855520144104957,-0.9989097714424132,0.1304824501276016,0.7142155766487122,-0.5841846466064453,-0.4738581776618957,-0.4013731777667999,0.4623179733753204,-0.3512589335441589,0.2551962435245514,0.4139661490917206,0.2114512920379638,3.431673765182495,1.1218124628067017,2.596428394317627,-0.5230037569999695,0.1678207367658615,0.8795543909072876,-0.2619738578796386
test_C6_00182,test_C6,C6,194,middle,1,middle,0.3951243534797499,0.4501535594463348,0.0263147298246622,0.942637026309967,0.0310482196509838,0.0573629736900329,0.2359472517561085,0,0.2384029179811477,1.1296343803405762,-1.5231671333312988,-1.151445984840393,-1.0249933004379272,0.1671617329120636,-1.314456820487976,-0.8820701837539673,0.1579217910766601,-0.8846241235733032,0.2413593381643295,0.4816863238811493,-0.4786937236785888,-0.4323659837245941,-0.5315443277359009,0.7438129186630249,0.2645592391490936,0.6723088622093201,0.610950767993927,0.4318864643573761,0.3372860550880432,-0.9951035380363464,-0.3509956300258636,1.3219854831695557,0.5364879965782166,1.131052851676941,0.0898642912507057,-0.9990415573120116,-0.1363913565874099,1.0018218755722046,-0.7809284329414368,-0.2378104329109192,0.2242638617753982,0.4984383583068847,0.320737212896347,0.4360355138778686,0.3695613443851471,0.2336263656616211,-1.283866286277771,1.2006548643112185,2.736600637435913,-0.717417299747467,0.1233187988400459,0.7690495848655701,0.1180075630545616
test_C6_00183,test_C6,C6,195,middle,1,middle,0.3987780124965807,0.4485146999359131,0.0254852380603551,0.9452881217002868,0.0292265750467777,0.0547118782997131,0.2275208519359309,0,0.2537270486354828,1.1562371253967283,-1.4915817975997925,-1.1201075315475464,-1.0129451751708984,0.2213587313890457,-1.293624758720398,-0.8821381330490112,0.2903739213943481,-0.8800482749938965,0.2545621991157532,0.5987704992294312,-0.451336145401001,-0.2821552753448486,-0.5389984250068665,0.7209816575050354,0.2955604493618011,0.6878719329833984,0.6028645634651184,0.4846729040145874,0.0975619778037071,-1.0482118129730225,-0.192351147532463,1.3551419973373413,-0.0151812098920345,1.167787790298462,0.1097795814275741,-0.986525297164917,-0.200187399983406,0.9678261876106262,-0.7166872024536133,-0.0876923575997352,0.3459057211875915,0.5430755615234375,0.4712674617767334,0.4597315788269043,0.4277433753013611,0.2970897853374481,-0.8327255249023438,1.2433407306671145,2.727216482162476,-0.7288532257080078,0.1095989495515823,0.924155294895172,0.2609029710292816
test_C6_00184,test_C6,C6,196,middle,1,middle,0.4028047489757763,0.4448868334293365,0.0247874539345502,0.9481108784675598,0.0271016638725996,0.0518891215324401,0.2184170848609933,0,0.243427887558937,1.2001978158950806,-1.4551620483398438,-1.1486274003982544,-1.025243043899536,0.2461958974599838,-1.293750524520874,-0.8822053670883179,0.2342944145202636,-0.7858158349990845,0.2123833298683166,0.6236807107925415,-0.5467749834060669,-0.1853804737329483,-0.6354079842567444,0.7266137003898621,0.2391183972358703,0.7022388577461243,0.6164628863334656,0.5358131527900696,-0.0586130544543266,-1.0387552976608276,-0.213229551911354,1.3676793575286863,0.0774314254522323,1.2457996606826782,0.0462111346423625,-0.9993009567260742,-0.202825590968132,0.9686395525932312,-0.765821635723114,-0.0629392638802528,0.4411032497882843,0.4843903481960296,0.6886818408966064,0.4826329946517944,0.4291368424892425,0.380646139383316,-1.0568667650222778,1.209392786026001,2.7723476886749268,-0.7133263349533081,0.0987756252288818,0.9732340574264526,0.4163675010204315
test_C6_00185,test_C6,C6,197,middle,1,middle,0.4068314854549716,0.4460882246494293,0.0239858943969011,0.949399471282959,0.0266146454960107,0.050600528717041,0.2141656491020625,0,0.2577663958072662,1.2002146244049072,-1.437488675117493,-1.1198933124542236,-1.0374159812927246,0.2821665704250335,-1.2972402572631836,-0.882271945476532,0.422519326210022,-0.7062631845474243,0.229854017496109,0.7199363708496094,-0.4410276114940643,-0.1301582604646682,-0.5956742167472839,0.7268231511116028,0.369039237499237,0.6791987419128418,0.606963574886322,0.5187503099441528,-0.1728569567203521,-0.9513185620307922,-0.1463430821895599,1.328152418136597,-0.005155093036592,1.248502254486084,0.1101248189806938,-0.9869104623794556,-0.3495124578475952,0.9322108626365662,-0.6862881779670715,-0.0166854355484247,0.5263544321060181,0.5945364832878113,0.7719959616661072,0.5455426573753357,0.4686943888664245,0.515713632106781,-1.0553261041641235,1.34925377368927,2.709939479827881,-0.6965147256851196,0.0871530994772911,1.1451901197433472,0.6273521780967712
test_C6_00186,test_C6,C6,198,middle,1,middle,0.4108582219341671,0.4421637058258056,0.0237183403223752,0.9511116743087769,0.0251700449734926,0.0488883256912231,0.2085306154471854,0,0.2536243200302124,1.2400866746902466,-1.4175183773040771,-1.071422457695007,-1.0374767780303955,0.3434798419475555,-1.2914410829544067,-0.8823378682136536,0.4380453526973724,-0.7913052439689636,0.1853249818086624,0.5229009985923767,-0.5466528534889221,-0.0697215944528579,-0.6453167796134949,0.74690842628479,0.4258323609828949,0.7039183974266052,0.6309783458709717,0.6124504804611206,-0.18559230864048,-1.001064658164978,0.0440461486577987,1.3148175477981567,0.1274546235799789,1.308510184288025,0.1458205431699752,-0.9621901512145996,-0.3244977295398712,0.9554588794708252,-0.719139575958252,0.2113598436117172,0.6796810626983643,0.5426136255264282,1.0053852796554563,0.6938351392745972,0.2845386266708374,0.5659476518630981,-0.8277387022972107,1.2156435251235962,2.795817852020264,-0.7527195811271667,0.0759093314409256,1.1124050617218018,0.7720233798027039
test_C6_00187,test_C6,C6,199,middle,1,middle,0.4148849584133625,0.4410771429538727,0.0231188479810953,0.9525207281112672,0.0243604928255081,0.0474792718887329,0.2038200511024792,0,0.2445366978645324,1.2179999351501465,-1.359458088874817,-1.0624818801879885,-1.0375370979309082,0.3446724116802215,-1.321885108947754,-0.8694855570793152,0.3077906370162964,-0.6939058899879456,0.1915630549192428,0.440984845161438,-0.5298196077346802,-0.173092246055603,-0.5838529467582703,0.7049795389175415,0.3225228786468506,0.6856585144996643,0.6086313128471375,0.5058215856552124,-0.258109837770462,-1.0624953508377075,-0.1306925565004348,1.286401629447937,-0.0624618306756019,1.180978298187256,0.1467296481132507,-0.9625030755996704,-0.2761635780334472,0.8965079188346863,-0.7992411255836487,0.1171983554959297,0.651076078414917,0.5106627941131592,0.8513675332069397,0.6032401323318481,0.252787172794342,0.445149302482605,-1.0535171031951904,1.2114686965942385,2.6633739471435547,-0.7103480696678162,0.0637722611427307,1.0266038179397583,0.5748218297958374
test_C6_00188,test_C6,C6,200,middle,1,middle,0.4189116948925581,0.4396816492080688,0.0229446738958358,0.9533286094665528,0.0237267445772886,0.0466713905334472,0.2011072183053217,0,0.2493239492177963,1.1566381454467771,-1.3628361225128174,-1.049336075782776,-1.0375967025756836,0.4013577997684479,-1.3328946828842163,-0.8824676871299744,0.3577643632888794,-0.6848804354667664,0.1871872991323471,0.5240015983581543,-0.5382915735244751,-0.0087774600833654,-0.611469566822052,0.7332321405410767,0.4209678173065185,0.6942248940467834,0.620989203453064,0.5988037586212158,-0.3100319802761078,-1.0648201704025269,0.1086862161755561,1.29268479347229,0.0917181074619293,1.2324678897857666,0.0734651163220405,-0.9628129005432128,-0.2039965242147445,0.9040578603744508,-0.752295196056366,0.2120888978242874,0.7147466540336609,0.5548469424247742,1.0101113319396973,0.5556371808052063,0.3319398462772369,0.4455733895301819,-0.8248687386512756,1.26574444770813,2.742351055145264,-0.7192379236221313,0.0555363073945045,1.0615776777267456,0.5955533981323242
test_C6_00189,test_C6,C6,201,middle,1,middle,0.4229384313717534,0.4409306049346924,0.0225692894309759,0.9536187052726746,0.0238120462745428,0.0463812947273254,0.2001175622305057,0,0.2615281343460083,1.1799904108047483,-1.3430863618850708,-1.0488604307174685,-1.0376557111740112,0.3985841572284698,-1.317612886428833,-0.8825316429138184,0.4839513003826141,-0.563235878944397,0.2133138179779052,0.6583155393600464,-0.4226176142692566,0.1463222801685333,-0.6597691178321838,0.7190754413604736,0.5282106399536133,0.6848810315132141,0.6129493117332458,0.6020418405532837,-0.3218947947025299,-1.0075539350509644,0.0307070054113864,1.305891752243042,0.0239969659596681,1.2138322591781616,0.1753810495138168,-0.9753887057304382,-0.2094546556472778,0.879795491695404,-0.6587095260620117,0.1727297604084015,0.7522083520889282,0.5574111938476562,1.0723507404327393,0.6113047003746033,0.3527009785175323,0.4288593530654907,-0.8240438103675842,1.274139165878296,2.654860734939575,-0.6904517412185669,0.0492576621472835,1.4714761972427368,0.5838667154312134
test_C6_00190,test_C6,C6,202,middle,1,middle,0.4269651678509489,0.4396722018718719,0.0224872659891843,0.9541447758674622,0.0233679488301277,0.0458552241325378,0.1983423554563168,0,0.2593656182289123,1.196984887123108,-1.3150144815444946,-1.034854531288147,-1.0377142429351809,0.4118510484695434,-1.3253220319747925,-0.8825949430465698,0.4247492849826813,-0.6141452789306641,0.1769175380468368,0.6293060183525085,-0.5742331743240356,0.1153258606791496,-0.6634213924407959,0.698611319065094,0.4398048222064972,0.6935296058654785,0.6040326356887817,0.5836385488510132,-0.3533136248588562,-1.012079834938049,0.0863313227891922,1.298485279083252,-0.0150112230330705,1.1839252710342407,0.1421782821416854,-0.9756316542625428,-0.2446862757205963,0.8455379605293274,-0.6910468935966492,0.2014295011758804,0.7827914357185364,0.5002890229225159,0.995126247406006,0.6543428301811218,0.3371544480323791,0.4928408861160278,-1.0514798164367676,1.2315022945404053,2.656049489974976,-0.7146799564361572,0.0367056839168071,1.3678970336914062,0.6682388186454773
test_C6_00191,test_C6,C6,203,middle,1,middle,0.4309919042460039,0.4423034191131592,0.0225329063832759,0.953206181526184,0.0242609065026044,0.0467938184738159,0.2014973351852057,0,0.2844678163528442,1.1996302604675293,-1.286266565322876,-1.027734637260437,-1.0377720594406128,0.3998557329177856,-1.332263469696045,-0.8826576471328735,0.6217745542526245,-0.4085549414157867,0.2533656656742096,0.8034189939498901,-0.3159589469432831,0.3128408193588257,-0.7095617651939392,0.6648282408714294,0.5902087688446045,0.677440345287323,0.5938039422035217,0.6513246297836304,-0.3844228982925415,-0.9636173844337464,0.1422111541032791,1.2889554500579834,-0.000113242844236,1.2033672332763672,0.3598649501800537,-0.9758722186088562,-0.3803204894065857,0.8186770081520081,-0.3188283145427704,0.3028092384338379,0.8027442693710327,0.7238402366638184,1.0837445259094238,0.751119077205658,0.4743868112564087,0.7051163911819458,-0.8212287425994873,1.527712106704712,2.6409571170806885,-0.6530599594116211,0.0311326794326305,1.5436838865280151,0.9332446455955504
test_C6_00192,test_C6,C6,204,middle,1,middle,0.4350186407251992,0.4395731389522552,0.0230220668017864,0.9528829455375672,0.0240950193256139,0.0471170544624328,0.2026050218938007,0,0.2678208649158478,0.3889161646366119,-1.025467872619629,-0.90882670879364,-0.9098278880119324,0.0302592609077692,-1.0417685508728027,-0.756710410118103,-0.1959467679262161,-0.7782018780708313,0.3221187591552734,0.479276180267334,-0.5582131147384644,-0.5141719579696655,-0.435359925031662,0.0762630030512809,-0.2147349417209625,0.4446865916252136,0.0953572317957878,-0.0105082131922245,0.792569637298584,-0.9955363273620604,-0.446021169424057,1.185088276863098,-2.148329973220825,0.2529995143413543,0.0814638286828994,-0.8673123121261597,-0.1247710436582565,-0.0682096034288406,-0.6309995651245117,-0.4480384886264801,-0.4032165706157684,0.3637630045413971,-0.2543139457702636,0.3772472143173218,0.4680459201335907,0.3211729824542999,-3.100614547729492,0.9487259984016418,1.2225168943405151,-0.5854264497756958,0.103001169860363,0.3150489330291748,-0.2757165431976318
test_C6_00193,test_C6,C6,205,middle,1,middle,0.4390453772043946,0.4451496303081512,0.0229950435459613,0.951297163963318,0.0257077757269144,0.0487028360366821,0.207862742727434,0,0.2800370156764984,1.1954606771469116,-1.2366516590118408,-0.9424769282341005,-1.026306390762329,0.401485413312912,-1.277530074119568,-0.8827812075614929,0.5411404967308044,-0.2436025738716125,0.2727139294147491,0.6768474578857422,-0.2469717115163803,0.2758266627788543,-0.6563789248466492,0.6415549516677856,0.5609871745109558,0.6836190223693848,0.5828084945678711,0.6249658465385437,-0.4069598019123077,-0.8570371270179749,0.1185609549283981,1.2631744146347046,2.1044936180114746,1.2281404733657837,0.299927294254303,-0.8801085948944092,-0.2599751651287079,0.7882057428359985,-0.4474562108516693,0.335854023694992,0.8505628108978271,0.6870862245559692,1.0372315645217896,0.7021214365959167,0.4630365073680877,0.5663260221481323,-1.0353842973709106,1.4428799152374268,2.6232824325561523,-0.6087558269500732,0.0155109288170933,1.278038501739502,0.7591755390167236
test_C6_00194,test_C6,C6,206,middle,1,middle,0.4430721135994497,0.4427049458026886,0.0235238876193761,0.9508492350578308,0.0256268065422773,0.0491507649421691,0.2093828991640477,0,0.2822694182395935,1.162627100944519,-1.2460603713989258,-0.9415972828865052,-1.026418924331665,0.4634159803390503,-1.2755261659622192,-0.8828420639038086,0.5318580865859985,-0.2538040280342102,0.2579680681228637,0.717982828617096,-0.3099390268325805,0.3033167421817779,-0.6389889717102051,0.6448612213134766,0.5319103598594666,0.6821696162223816,0.5749981999397278,0.5640856623649597,-0.4180641770362854,-0.8485664129257202,0.0880962014198303,1.2546091079711914,0.0422151871025562,1.171129584312439,0.2789266109466553,-0.8808093667030334,-0.2696166038513183,0.773253858089447,-0.4342276751995086,0.2244462221860885,0.8984184861183167,0.7500244975090027,0.9289978742599488,0.6240256428718567,0.440620481967926,0.5221701860427856,-1.033977746963501,1.4224374294281006,2.5621554851531982,-0.6130767464637756,0.0095944013446569,1.2816680669784546,0.7141646146774292
test_C6_00195,test_C6,C6,207,middle,1,middle,0.4470988500786451,0.4468312561511993,0.0238037593662738,0.9485948085784912,0.0276014450937509,0.0514051914215087,0.2167490171325663,0,0.2866486310958862,1.1579954624176023,-1.2198325395584106,-0.9282119870185852,-1.0265302658081057,0.5013347268104553,-1.2648403644561768,-0.8829023241996765,0.5588115453720093,-0.1759860515594482,0.2469073981046676,0.5793403387069702,-0.3469800949096679,0.2937601506710052,-0.5803436040878296,0.6384814977645874,0.5962233543395996,0.6779285669326782,0.5813663005828857,0.5471224188804626,-0.4098629653453827,-0.9188176393508912,0.3103459477424621,1.225334644317627,0.0676548555493354,1.1952807903289795,0.233142003417015,-0.8695898652076721,-0.1390120983123779,0.772116482257843,-0.3448911905288696,0.4177606999874115,0.9581980109214784,0.6507036685943604,1.151768922805786,0.551740825176239,0.2939865291118622,0.3900469541549682,-0.8028968572616577,1.2874175310134888,2.621016025543213,-0.6012178063392639,0.0060807182453572,0.9908822178840636,0.5674902200698853
test_C6_00196,test_C6,C6,208,middle,1,middle,0.4511255865578406,0.446054607629776,0.0243386961519718,0.9481141567230223,0.0275470912456512,0.0518858432769775,0.2183628575024725,0,0.2864554822444916,1.179426908493042,-1.234162449836731,-0.8932725787162781,-1.0038150548934937,0.4935732781887054,-1.239924430847168,-0.8829620480537415,0.5359621644020081,-0.1857072412967682,0.2455305159091949,0.5538265109062195,-0.35134357213974,0.3924080431461334,-0.6690161228179932,0.6585615873336792,0.7366734147071838,0.6763015985488892,0.5935437083244324,0.5933369398117065,-0.3826346695423126,-0.904279351234436,0.1956642419099807,1.2746413946151731,0.1703763157129287,1.280112862586975,0.3179594576358795,-0.8347658514976501,-0.1666014790534973,0.7958227396011353,-0.3929783701896667,0.3956528007984161,1.0031198263168335,0.5488876104354858,1.2705745697021484,0.6403954029083252,0.2923482954502105,0.4877927601337433,-1.0323890447616575,1.2295995950698853,2.6337265968322754,-0.6217577457427979,0.0055368267931044,1.2413266897201538,0.7078132033348083
test_C6_00197,test_C6,C6,209,middle,1,middle,0.455152323037036,0.4516468644142151,0.0244875811040401,0.9448050260543824,0.0307074673473835,0.0551949739456176,0.2288737689201779,0,0.2878088057041168,1.1841044425964355,-1.2308146953582764,-0.8321854472160339,-0.9926753640174866,0.5005512833595276,-1.21171772480011,-0.8830211758613586,0.5469242930412292,-0.2842120826244354,0.2008517980575561,0.6723825335502625,-0.5019220113754272,0.3100642263889313,-0.6721591353416443,0.6697311401367188,0.5186018943786621,0.6963130235671997,0.6026107668876648,0.6172693967819214,-0.4507396519184112,-0.929269552230835,0.3561859726905823,1.218324065208435,0.1065791323781013,1.3005865812301636,0.2453019320964813,-0.8120745420455933,-0.130291074514389,0.8020765781402588,-0.3953016400337219,0.4637507200241089,1.064556121826172,0.5328917503356934,1.1885889768600464,0.4699400067329407,0.3855167627334595,0.3982150852680206,-0.8002686500549316,1.2175343036651611,2.6729636192321777,-0.6751407980918884,-0.0060137170366942,1.1098262071609497,0.6183738708496094
test_C6_00198,test_C6,C6,210,middle,1,middle,0.4591790595162315,0.4513644278049469,0.0248594842851161,0.944311261177063,0.0308292396366596,0.055688738822937,0.2304872973267909,0,0.2984894514083862,1.1462010145187378,-1.2227058410644531,-0.8082569241523743,-1.0381618738174438,0.5059699416160583,-1.23160982131958,-0.8830797672271729,0.6147075891494751,-0.2648732364177704,0.2296047657728195,0.7245340943336487,-0.3989637494087219,0.3841181695461273,-0.6751711368560791,0.6512236595153809,0.5918081998825073,0.6811745166778564,0.5944530367851257,0.6197700500488281,-0.4614240229129791,-0.9541829228401184,0.2491399943828582,1.2009130716323853,0.0269733779132366,1.2689476013183594,0.3008090853691101,-0.8013426065444946,-0.1274882107973098,0.7839858531951904,-0.2172507047653198,0.3741743266582489,1.0571649074554443,0.63468337059021,1.206707000732422,0.5093201398849487,0.3065648078918457,0.522041380405426,-1.0308297872543335,1.338434100151062,2.6330373287200928,-0.6676051020622253,-0.011065280996263,1.2381062507629397,0.7573619484901428
test_C6_00199,test_C6,C6,211,middle,1,middle,0.4632057959954269,0.4566443562507629,0.0251500885933637,0.940945029258728,0.0339049026370048,0.0590549707412719,0.2408873125755953,0,0.2969884872436523,1.2018262147903442,-1.2253226041793823,-0.7885964512825012,-1.0382155179977417,0.5090509057044983,-1.239084243774414,-0.8831377625465393,0.6129695773124695,-0.1584950983524322,0.2346097379922866,0.7143282890319824,-0.3465997874736786,0.5403551459312439,-0.6984166502952576,0.6767673492431641,0.6914114952087402,0.6928808093070984,0.6171643137931824,0.6016734838485718,-0.4720071256160736,-0.9052577018737792,0.3163230717182159,1.191762924194336,0.2044883519411087,1.353889226913452,0.428436279296875,-0.7907124757766724,-0.1967712342739105,0.8162066340446472,-0.2503010034561157,0.4757175743579864,1.1439850330352783,0.6719809770584106,1.3621240854263306,0.6329843401908875,0.3900038003921509,0.5437598824501038,-1.0294700860977173,1.3061875104904177,2.766063451766968,-0.6582228541374207,-0.0178194846957921,1.0826101303100586,0.8275727033615112
test_C6_00200,test_C6,C6,212,middle,1,middle,0.4672325324746222,0.4596397876739502,0.0258291419595479,0.9374008178710938,0.0367699861526489,0.0625991821289062,0.2516715580925784,0,0.3153117597103119,1.1427676677703855,-1.2046072483062744,-0.7380911111831665,-1.0158737897872925,0.5253783464431763,-1.1950881481170654,-0.8831952214241028,0.712250828742981,0.1562879532575607,0.2756189703941345,0.7817524671554565,-0.2295502424240112,0.5827885270118713,-0.720818042755127,0.6484765410423279,0.7295783162117004,0.7334446907043457,0.6001241207122803,0.6656013131141663,-0.4824903607368469,-0.7868441343307495,0.3807103931903839,1.174018144607544,-0.0190258026123046,1.3082704544067385,0.4725322723388672,-0.7801825404167175,-0.1407275199890136,0.7797035574913025,-0.1341639757156372,0.5331214666366577,1.10987651348114,0.7441257834434509,1.4343864917755127,0.588738739490509,0.5511144995689392,0.4156256020069122,-0.7958173751831055,1.4478503465652466,2.683041572570801,-0.5414977669715881,-0.0239247307181358,1.2467714548110962,0.6253113150596619
test_C6_00201,test_C6,C6,213,middle,1,middle,0.4712592689538178,0.4659953713417053,0.0265847761183977,0.931613028049469,0.0418022312223911,0.068386971950531,0.2686492786864046,0,0.3054783940315246,1.175370693206787,-1.2101927995681765,-0.7926898002624512,-1.0383211374282837,0.5650895237922668,-1.2412172555923462,-0.8832521438598633,0.6379193067550659,0.1259091794490814,0.2533522546291351,0.6699668169021606,-0.2748607695102691,0.5111517310142517,-0.6821306943893433,0.6671576499938965,0.6305875182151794,0.7504568099975586,0.6204596757888794,0.6666406393051147,-0.492875188589096,-0.800622284412384,0.400269478559494,1.1673647165298462,0.1985785216093063,1.32309091091156,0.2621623873710632,-0.8044852018356323,-0.0545298680663108,0.8097058534622192,-0.1821116805076599,0.5142332911491394,1.194623351097107,0.7191351652145386,1.2885339260101318,0.501547634601593,0.3788246214389801,0.3912859857082367,-0.7951129674911499,1.3989840745925903,2.7183125019073486,-0.5691655874252319,-0.0315893106162548,1.1224969625473022,0.6364641785621643
test_C6_00202,test_C6,C6,214,middle,1,middle,0.4752860054330132,0.4753658473491668,0.0281982999294996,0.9219359755516052,0.0498656779527664,0.0780640244483947,0.2958990281971185,0,0.3216673731803894,1.179093360900879,-1.2058897018432615,-0.7713478803634644,-1.0383732318878174,0.5531155467033386,-1.247886300086975,-0.8833085298538208,0.7573245763778687,0.3318217992782593,0.2678833603858948,0.7881642580032349,-0.2125840038061142,0.8303271532058716,-0.784419059753418,0.650955855846405,0.7191910147666931,0.7234485149383545,0.6081045866012573,0.7077497243881226,-0.5217332243919373,-0.7425010800361633,0.5239771604537964,1.145195245742798,0.017946820706129,1.3015539646148682,0.5170590281486511,-0.7824655771255493,-0.1447429209947586,0.7817631363868713,-0.0968755260109901,0.5923952460289001,1.1934245824813845,0.7737927436828613,1.2978336811065674,0.5858356952667236,0.4580498337745666,0.5918461084365845,-1.0277963876724243,1.496553897857666,2.7429842948913574,-0.5023384094238281,-0.0363242700695991,1.4823824167251587,0.8778684139251709
test_C6_00203,test_C6,C6,215,middle,1,middle,0.4793127419122085,0.4687154591083526,0.027558721601963,0.9292997121810912,0.0431416220963001,0.0707002878189086,0.275548523241305,0,0.2755131423473358,0.0370980948209762,-0.746688187122345,-0.820101261138916,-0.806560754776001,0.0737765133380889,-0.9027690291404724,-0.6442397832870483,-0.5070904493331909,-1.01786470413208,0.2998927533626556,0.4576282501220703,-0.8147733211517334,-0.5693774819374084,-0.2055886685848236,-0.325565367937088,-0.5278998017311096,0.2736794650554657,-0.1907693743705749,-0.0572492778301239,0.7065832018852234,-1.1269820928573608,-0.5277078747749329,1.2237476110458374,-4.274178504943848,-0.2480299174785614,-0.0883654952049255,-0.8294718861579895,-0.0934384986758232,-0.5958590507507324,-0.7317434549331665,-0.5072463154792786,-0.62032550573349,0.2615959644317627,-0.3830017149448395,0.2009949088096618,0.4831572771072387,0.081414557993412,-1.9601342678070068,0.7840689420700073,0.2638980746269226,-0.6594309210777283,0.0567367151379585,0.0734179988503456,-0.7376237511634827
test_C6_00204,test_C6,C6,216,middle,1,middle,0.4833394783072636,0.4919394254684448,0.0315979272127151,0.8966456651687622,0.0717563703656196,0.1033543348312377,0.3604728799165541,0,0.3230348527431488,1.2151278257369995,-1.1867241859436035,-0.7927935719490051,-1.0384758710861206,0.5551316738128662,-1.246656894683838,-0.8834197521209717,0.811836838722229,0.280884176492691,0.2505915462970733,0.7132859230041504,-0.2075278162956237,0.9061243534088136,-0.8149555325508118,0.6624435782432556,0.856461763381958,0.7511159777641296,0.6321230530738831,0.7415316104888916,-0.5418510437011719,-0.7694411277770996,0.4464883506298065,1.1662498712539673,4.453408241271973,1.4097301959991455,0.4365669786930084,-0.8075404763221741,-0.1356898099184036,0.8242926001548767,-0.0895013213157653,0.5604925155639648,1.292920470237732,0.6924540996551514,1.436177134513855,0.5481773018836975,0.3035951554775238,0.5953862071037292,-1.2540018558502195,1.3797637224197388,2.747236013412476,-0.5555112957954407,-0.0501664131879806,1.6075457334518433,0.9345651268959044
test_C6_00205,test_C6,C6,217,middle,1,middle,0.4873662147864592,0.4804013669490814,0.0303550325334072,0.911087453365326,0.0585574731230735,0.088912546634674,0.3250400348270699,0,0.3365982174873352,1.2038346529006958,-1.1809659004211426,-0.8209234476089478,-1.0385265350341797,0.5761699080467224,-1.2574135065078735,-0.883474588394165,0.8896211385726929,0.1987413614988327,0.2232769578695297,0.7697261571884155,-0.3146309554576874,0.9832184314727784,-0.7939457893371582,0.644444465637207,0.6443711519241333,0.7325564622879028,0.615226149559021,0.720542848110199,-0.5517708659172058,-0.7690446972846985,0.5103157758712769,1.130479335784912,0.0114389266818761,1.3613364696502686,0.4817127287387848,-0.8426335453987122,-0.1605802476406097,0.7909437417984009,0.0232187304645776,0.5709980726242065,1.2872291803359983,0.7380121946334839,1.4627490043640137,0.5705036520957947,0.3891546428203583,0.5154207944869995,-1.2519606351852417,1.3772618770599363,2.72354507446289,-0.5832301378250122,-0.055631548166275,1.331773042678833,0.8116413354873657
test_C6_00206,test_C6,C6,218,middle,1,middle,0.4913929512656543,0.4947957098484039,0.0328192599117755,0.8866792321205139,0.080501489341259,0.113320767879486,0.3837563009910255,0,0.3176246285438537,1.216596603393555,-1.1750681400299072,-0.8554741740226746,-1.0385767221450806,0.6081756353378296,-1.2797073125839231,-0.8835289478302002,0.7011750340461731,0.310813158750534,0.2408667504787445,0.6643874645233154,-0.216880977153778,0.9103459119796752,-0.812556803226471,0.6362526416778564,0.7445827126502991,0.7400745749473572,0.6190199255943298,0.7395231127738953,-0.5798292756080627,-0.693132758140564,0.5164605379104614,1.0400100946426392,0.1105797663331031,1.394772171974182,0.3264802992343902,-0.9113417267799376,-0.0502547472715377,0.7853440046310425,-0.1256958246231079,0.5820846557617188,1.3295772075653076,0.7828941345214844,1.2275283336639404,0.3664528131484985,0.4033394753932953,0.6201467514038086,-0.5451072454452515,1.4242273569107056,2.746744155883789,-0.5562625527381897,-0.0632056221365928,1.4069747924804688,0.9401392340660096
test_C6_00207,test_C6,C6,219,middle,1,middle,0.4954196876607095,0.4859336316585541,0.0324873812496662,0.8965538740158081,0.0709587633609771,0.1034461259841919,0.3613326507524517,0,0.3295300006866455,1.1865794658660889,-1.1617186069488523,-0.8439679145812988,-1.0386264324188232,0.6030377745628357,-1.2653838396072388,-0.8835827708244324,0.8044068813323975,0.480488121509552,0.2465998530387878,0.7648480534553528,-0.1781915575265884,0.8988688588142395,-0.7531800866127014,0.6289969682693481,0.8319471478462219,0.7117220163345337,0.6187745332717896,0.6797677278518677,-0.6257777214050293,-0.659900963306427,0.5268668532371521,1.1274607181549072,0.1168511062860488,1.3915998935699463,0.4604581296443939,-0.9005975723266602,-0.1084445789456367,0.7871166467666626,-0.0570750012993812,0.6039697527885437,1.3262207508087158,0.7871294021606445,1.3536516427993774,0.5797455906867981,0.3861930966377258,0.4925284385681152,-1.0160956382751465,1.4897379875183103,2.7564074993133545,-0.5028567314147949,-0.0680015534162521,1.205191969871521,0.7775495052337646
test_C6_00208,test_C6,C6,220,middle,1,middle,0.4994464241399048,0.515974760055542,0.0400256887078285,0.8009700179100037,0.1590042412281036,0.1990299820899963,0.5451910659258289,0,0.3375172615051269,1.2412153482437134,-1.151520848274231,-0.8592981100082397,-1.0386756658554075,0.6066077947616577,-1.2721161842346191,-0.8836361169815063,0.8814678192138672,0.4541264772415161,0.2297801077365875,0.6230471134185791,-0.2047873437404632,1.0784268379211426,-0.7150543928146362,0.6381389498710632,0.7569413781166077,0.7351230382919312,0.6276829838752747,0.6802114248275757,-0.6351807713508606,-0.6581135988235474,0.5901665687561035,1.109175443649292,0.1525584310293197,1.4393484592437744,0.4170224070549011,-0.9796271324157716,0.0017860637744888,0.7941725850105286,0.039614375680685,0.7143128514289856,1.3897335529327393,0.7226115465164185,1.5394811630249023,0.4771665036678314,0.263508677482605,0.4464931488037109,-1.014833688735962,1.3759291172027588,2.7563893795013428,-0.5330651998519897,-0.0769524723291397,1.0521841049194336,0.7496980428695679
test_C6_00209,test_C6,C6,221,middle,1,middle,0.5034731606191004,0.5206659436225891,0.0412443429231643,0.7854793667793274,0.1732762902975082,0.2145206332206726,0.5687994713700251,0,0.3503896296024322,1.2428373098373413,-1.1413339376449585,-0.8482593297958374,-1.0279831886291504,0.5809135437011719,-1.2436130046844482,-0.8836889863014221,0.963756799697876,0.7025663256645203,0.2464538961648941,0.6938968896865845,-0.1223088279366493,1.1173555850982666,-0.7354907393455505,0.6346246004104614,0.7916195392608643,0.7338468432426453,0.6294767260551453,0.6998749375343323,-0.6444987654685974,-0.6014654636383057,0.6539050936698914,1.118125557899475,0.105297602713108,1.456544041633606,0.522156298160553,-0.9575124382972716,-0.0368200205266475,0.7901166677474976,0.0640223696827888,0.7751426696777344,1.4103279113769531,0.8181642293930054,1.4732826948165894,0.44980189204216,0.3439283072948456,0.5563160181045532,-1.0135809183120728,1.4523909091949463,2.7420763969421387,-0.4595862627029419,-0.088542453944683,1.114317536354065,0.8918519020080566
test_C6_00210,test_C6,C6,222,middle,1,middle,0.5080172527216286,0.5424875617027283,0.0439823269844055,0.6621538996696472,0.2938637435436249,0.3378461003303528,0.7011155282685257,0,0.361592561006546,1.355804204940796,-1.1614691019058228,-0.8724557161331177,-1.028079867362976,0.6724931001663208,-1.234350085258484,-0.8837414383888245,1.075358510017395,0.601986289024353,0.2379283756017685,0.7972015142440796,-0.0569970682263374,1.3337748050689695,-0.9817840456962584,0.6980048418045044,0.8561620712280273,0.8197284936904907,0.6863382458686829,0.8905097246170044,-0.6716338992118835,-0.5480023622512817,0.6080892086029053,0.9663124680519104,0.3989168703556061,1.499261736869812,0.3962671160697937,-1.0022481679916382,-0.1126410663127899,0.872231125831604,0.1450782418251037,0.7212617993354797,1.6002976894378662,0.8231027126312256,1.5032020807266235,0.5206091403961182,0.3300627171993255,0.637829065322876,-1.012337327003479,1.4615719318389893,2.699644088745117,-0.523027241230011,-0.1023486331105232,1.6497255563735962,1.0386394262313845
test_C6_00211,test_C6,C6,223,middle,1,middle,0.5130787005316301,0.5424078106880188,0.0439722016453743,0.6671110391616821,0.2889167666435241,0.3328889608383178,0.6973774484538913,0,0.3567551374435425,1.334908127784729,-1.1313756704330444,-0.8581628799438477,-1.0388208627700806,0.6995142698287964,-1.2480899095535278,-0.8722660541534424,1.0095610618591309,0.3985334038734436,0.2070331573486328,0.5754594802856445,-0.2053771615028381,1.3638068437576294,-0.8998773694038391,0.6604992151260376,0.8745569586753845,0.7974398136138916,0.6686503291130066,0.8276838064193726,-0.6985256671905518,-0.6719163656234741,0.7958902716636658,1.0962978601455688,0.0938553437590599,1.653469443321228,0.3399529755115509,-0.9912890195846558,0.0094560151919722,0.8450626730918884,0.0980284512042999,0.7060949206352234,1.6369026899337769,0.643528163433075,1.5156751871109009,0.4982281029224396,0.0891639813780784,0.5773159265518188,-1.485662817955017,1.2399312257766724,2.889296770095825,-0.6204409599304199,-0.1125537306070327,1.547584056854248,1.0457446575164795
test_C6_00212,test_C6,C6,224,middle,1,middle,0.5186575039649646,0.5644207000732422,0.0437954925000667,0.4882469475269317,0.4679575860500335,0.5117530822753906,0.7667850493279597,0,0.3628896474838257,1.3719626665115356,-1.149991512298584,-0.85243821144104,-1.017673373222351,0.7161078453063965,-1.205306887626648,-0.883844792842865,1.0238984823226929,0.4923208951950073,0.1821190565824508,0.5008335709571838,-0.3098344504833221,1.2771732807159424,-0.8025615811347961,0.7197040319442749,0.927824318408966,0.844860851764679,0.7117958664894104,0.7859907746315002,-0.7251773476600647,-0.686542272567749,0.8907673954963684,1.156968355178833,0.379137247800827,1.7663193941116333,0.217561736702919,-0.9914371371269226,0.0769103169441223,0.9101622104644777,0.1500287801027298,0.8112123012542725,1.7204890251159668,0.588758647441864,1.6708285808563232,0.465641587972641,0.0250335857272148,0.4515816569328308,-1.007481575012207,1.1364424228668213,2.9889180660247803,-0.6177108287811279,-0.122269369661808,1.1366426944732666,0.922705054283142
test_C6_00213,test_C6,C6,225,late,2,late,0.5247536630216317,0.5981863141059875,0.0343388617038726,0.2183608412742614,0.7473003268241882,0.2526996731758117,0.6059568495439948,0,0.4543661773204803,1.2558178901672363,-1.336920976638794,-1.0635946989059448,-1.038915514945984,-0.5418962240219116,-1.3251783847808838,-0.8838958144187927,1.2913501262664795,1.13377845287323,0.3613636791706085,1.2075920104980469,0.17571322619915,1.7872198820114136,-0.5228877663612366,0.6498298048973083,0.7915583252906799,0.6443304419517517,0.5848600268363953,1.116978406906128,-0.5926304459571838,-0.2737216353416443,1.025424838066101,1.0617327690124512,-0.281933069229126,1.6012288331985474,0.6773214936256409,-1.0025442838668823,-0.1494109332561493,0.7903190851211548,0.8047444224357605,0.7656572461128235,0.5452945828437805,0.7570028901100159,1.4014102220535278,0.6094787120819092,0.6614426374435425,1.5888065099716189,2.549458265304565,1.503560185432434,2.9446170330047607,-0.3089427947998047,-0.0887426286935806,1.2955498695373535,1.3956886529922483
test_C6_00214,test_C6,C6,226,late,2,late,0.5313671777016317,0.6170638799667358,0.0276136025786399,0.1282574832439422,0.8441289067268372,0.1558710932731628,0.4601801462185437,0,0.4177383780479431,1.5498663187026978,-1.3570863008499146,-1.0188366174697876,-1.0389621257781982,-0.4189177751541137,-1.315604567527771,-0.8839463591575623,1.4453626871109009,0.9967558979988098,0.2578279674053192,0.821608304977417,0.2041699290275573,1.8938671350479128,-1.0984526872634888,0.8450308442115784,0.8994382619857788,0.7946373224258423,0.7676447033882141,0.9559181928634644,-0.76018887758255,-0.1812072247266769,1.0575319528579712,1.064974069595337,1.2981587648391724,1.904042601585388,0.4783403575420379,-0.9917294383049012,-0.1189310029149055,1.0968780517578125,0.6576430797576904,0.93496435880661,1.1276905536651611,0.8819197416305542,1.682843804359436,0.5896526575088501,0.3178246617317199,1.3067834377288818,-1.2547240257263184,1.5219438076019287,3.252917528152466,-0.5034700036048889,-0.1310313194990158,1.420241117477417,1.5031522512435913
test_C6_00215,test_C6,C6,227,late,2,late,0.5384980480049646,0.6511935591697693,0.017808673903346,0.0434664562344551,0.9387248754501344,0.0612751245498657,0.2433919980381203,0,0.4274861216545105,1.5585880279541016,-1.3569090366363523,-0.9536482691764832,-1.0390084981918335,-0.3526913225650787,-1.3080260753631592,-0.8839964866638184,1.505458950996399,1.0785951614379885,0.2459234744310379,0.7816853523254395,0.2144942134618759,2.077754259109497,-1.1227937936782837,0.8627563118934631,1.087579369544983,0.7764289975166321,0.7792719602584839,1.001822590827942,-0.7687098383903503,-0.1581923961639404,0.9142937660217284,1.0043233633041382,0.2862085700035095,1.9180744886398315,0.4807859063148498,-0.9810097813606262,-0.0751144215464592,1.104406714439392,0.7064909338951111,0.8663073182106018,1.1992567777633667,0.8672353625297546,1.6557068824768066,0.6268498301506042,0.2385193407535553,1.352300047874451,-1.015182375907898,1.513506293296814,3.276352882385254,-0.4797620177268982,-0.134700134396553,1.760088562965393,1.5731912851333618
test_C6_00216,test_C6,C6,228,late,2,late,0.5461462739316305,0.6577705144882202,0.016438890248537,0.0357509478926658,0.947810173034668,0.052189826965332,0.2161172779003336,0,0.4450039267539978,1.4567512273788452,-1.3207491636276243,-0.9025334119796752,-1.0078195333480835,-0.2458064258098602,-1.2557414770126345,-0.8840461373329163,1.51827073097229,1.414183259010315,0.2931149899959564,0.9486027359962464,0.3897776007652282,2.0515527725219727,-1.0565946102142334,0.830851674079895,0.9762181639671326,0.8096001744270325,0.7535740733146667,0.9194735884666444,-0.7771561145782471,0.0109915593639016,0.9256589412689208,1.0048606395721436,0.0036060081329196,1.8078330755233765,0.6065958142280579,-0.9703841805458068,-0.1941220462322235,1.0407856702804563,0.7410674691200256,0.8684687614440918,1.2350934743881226,1.0283079147338867,1.772284984588623,0.654626190662384,0.4054986834526062,1.4659219980239868,-1.252040982246399,1.6677032709121704,3.0821568965911865,-0.3385879695415497,-0.1424634605646133,1.6945995092391968,1.7005789279937744
test_C6_00217,test_C6,C6,229,late,2,late,0.5537944998582961,0.6783016324043274,0.013041216880083,0.0205118563026189,0.9664468765258788,0.033553123474121,0.1541057705981684,0,0.4731554687023163,1.4673198461532593,-1.33151113986969,-0.8746198415756226,-1.0080013275146484,-0.1918238699436187,-1.2509028911590576,-0.8840953707695007,1.6630191802978516,1.453440546989441,0.3235341012477875,0.94197678565979,0.5448641180992126,2.079209327697754,-1.1346757411956787,0.8670105934143066,1.3436949253082275,0.7941789627075195,0.7813646793365479,1.0191446542739868,-0.7855286002159119,0.2767060697078705,1.041535496711731,1.0234123468399048,0.4334917068481445,1.9423725605010984,0.5778475999832153,-0.9598513841629028,-0.1089828014373779,1.0816504955291748,0.9269480109214784,0.9268730282783508,1.3170167207717896,1.1934106349945068,1.756454586982727,0.5293779969215393,0.4597755372524261,1.4183224439620972,-1.2501131296157837,1.7009044885635376,3.248657703399658,-0.3309144973754883,-0.148012027144432,1.9027478694915767,1.667711615562439
test_C6_00218,test_C6,C6,230,late,2,late,0.5614427257849618,0.6880930066108704,0.0117637189105153,0.0154925640672445,0.9727436900138856,0.0272563099861145,0.1308088130294989,0,0.4736473560333252,1.4455156326293943,-1.2994590997695925,-0.90195232629776,-1.0391448736190796,-0.1850160956382751,-1.2759740352630615,-0.8841441869735718,1.5194408893585205,1.569349765777588,0.3333290517330169,0.9541914463043212,0.5231808423995972,1.94861912727356,-1.1039505004882812,0.8426240682601929,1.0436632633209229,0.8242195844650269,0.7642934918403625,0.9904691576957704,-0.8111067414283752,0.2950384616851806,1.1689010858535769,1.0121859312057495,0.0675361305475235,1.780402421951294,0.7019558548927307,-0.9708544611930848,-0.1685290336608886,1.0329604148864746,0.9053756594657898,1.0086548328399658,1.3147544860839844,1.0476784706115725,1.6405789852142334,0.5820579528808594,0.4258380830287933,1.311255693435669,-1.009257197380066,1.659310221672058,3.064800500869751,-0.2591904997825622,-0.1585627645254135,1.572064995765686,1.5065937042236328
test_C6_00219,test_C6,C6,231,late,2,late,0.5690909517116278,0.6969251036643982,0.0103941289708018,0.0117269940674304,0.9778788089752196,0.0221211910247802,0.1105724256026786,0,0.4886395037174225,1.4531258344650269,-1.300291657447815,-0.8612119555473328,-1.028913140296936,-0.2099366039037704,-1.257960557937622,-0.8841925263404846,1.553360104560852,1.651515007019043,0.3328072428703308,0.9846312403678894,0.5359181761741638,2.0983707904815674,-1.1436444520950315,0.8598136901855469,1.2728804349899292,0.8019636273384094,0.7861621379852295,1.0504246950149536,-0.8364633917808533,0.3788803517818451,1.2296130657196045,1.0895448923110962,0.4564953744411468,1.85044538974762,0.6527374386787415,-0.9497351050376892,-0.0999811291694641,1.068812131881714,1.0069572925567627,1.0904762744903564,1.322359919548035,1.1008840799331665,1.6974395513534546,0.6544889211654663,0.4044738113880157,1.4250733852386477,-1.0080735683441162,1.7092875242233276,3.2259750366210938,-0.2190802991390228,-0.163456916809082,1.9881203174591064,1.620739221572876
test_C6_00220,test_C6,C6,232,late,2,late,0.5767391776382933,0.7028141021728516,0.0096976198256015,0.0098349228501319,0.9804674386978148,0.019532561302185,0.0999012125249735,0,0.5342438817024231,1.4064031839370728,-1.2748191356658936,-0.890785813331604,-1.0392338037490845,-0.1750905066728592,-1.2568727731704712,-0.8842405080795288,1.679173707962036,1.8181408643722532,0.3875916004180908,1.1129937171936035,0.6821845769882202,1.9516996145248413,-1.0615153312683103,0.824600338935852,1.1626909971237185,0.7950457334518433,0.7538468837738037,0.9341380596160888,-0.8444719910621643,0.4991978704929352,1.136008620262146,1.100174069404602,-0.077281929552555,1.720301866531372,0.687777042388916,-0.9713166356086732,-0.2075818330049514,0.9951792359352112,1.1212674379348757,1.0319492816925049,1.333789348602295,1.196407675743103,1.7300734519958496,0.5763356685638428,0.6451184153556824,1.6845072507858276,-1.0068981647491455,1.804538369178772,2.9735727310180664,-0.1196316331624984,-0.1666491329669952,1.5502772331237793,1.8881704807281492
test_C6_00221,test_C6,C6,233,late,2,late,0.5843874036490995,0.7089534401893616,0.0089831436052918,0.0082849832251667,0.9827318787574768,0.0172681212425231,0.0902619401119266,0,0.4964761435985565,1.4338098764419556,-1.2859958410263062,-0.8642194271087646,-1.0392777919769287,-0.1893444955348968,-1.2426066398620603,-0.8842880725860596,1.424998164176941,1.5308526754379272,0.3329966962337494,0.9955792427062988,0.5135433673858643,1.7300695180892944,-1.0848016738891602,0.8631860017776489,1.2288810014724731,0.7907540798187256,0.7961907982826233,0.9776138067245485,-0.9035797715187072,0.4136615395545959,1.074691653251648,1.1491916179656982,0.6145902872085571,1.8867257833480835,0.6444771885871887,-0.950376570224762,-0.1187775209546089,1.065530776977539,1.0314100980758667,0.972009778022766,1.430716872215271,1.1429303884506226,1.6850852966308594,0.6058153510093689,0.5137017965316772,1.5606749057769775,-1.0057309865951538,1.7877795696258545,3.17932677268982,-0.2509821057319641,-0.1752664297819137,1.7079359292984009,1.7819175720214844
test_C6_00222,test_C6,C6,234,late,2,late,0.5920356296599056,0.7120978832244873,0.0087014380842447,0.0075675141997635,0.9837310314178468,0.0162689685821533,0.0859054269776929,0,0.5107905864715576,1.5036725997924805,-1.2540949583053589,-0.8547945022583008,-0.998742699623108,-0.2121639251708984,-1.211798071861267,-0.8843352198600769,1.4440391063690186,1.6076675653457642,0.366275280714035,1.0568724870681765,0.6449400782585144,1.727200269699097,-1.0564810037612915,0.850246012210846,1.2617623805999756,0.8078354001045227,0.8034303784370422,0.9338053464889526,-0.962182343006134,0.5440295338630676,1.2112475633621216,1.143393635749817,0.2503408193588257,1.934454083442688,0.7933675050735474,-0.9401543736457824,-0.0628467425704002,1.0619738101959229,1.0502235889434814,1.1159799098968506,1.4785034656524658,1.2381824254989624,1.8626739978790283,0.5142538547515869,0.5673516392707825,1.409421443939209,-1.245443344116211,1.8373664617538448,3.15263032913208,-0.2193000614643097,-0.1893985718488693,1.6312443017959597,1.6106590032577517
test_C6_00223,test_C6,C6,235,late,2,late,0.5996838556707117,0.7163373231887817,0.0083330925554037,0.0068580047227442,0.98480886220932,0.0151911377906799,0.0811377326594775,0,0.4993382692337036,1.4567197561264038,-1.2410781383514404,-0.800079345703125,-0.988857090473175,-0.2198787033557891,-1.191250562667847,-0.8843819499015808,1.3299272060394287,1.5415921211242676,0.3319906890392303,0.8695075511932373,0.5179070830345154,1.682599425315857,-0.995994508266449,0.8417689204216003,1.1878747940063477,0.80428546667099,0.8043752312660217,0.959415853023529,-0.986464500427246,0.4399523735046386,1.159011721611023,1.154486894607544,0.2619401514530182,1.9593380689620967,0.822577178478241,-0.8985370993614197,0.0110604129731655,1.0546540021896362,1.02858567237854,1.045098900794983,1.513426661491394,1.0651389360427856,1.8937582969665527,0.544001579284668,0.3190538883209228,1.3226945400238037,-0.5193764567375183,1.665170192718506,3.198967456817627,-0.2401080876588821,-0.1981596201658249,1.7372503280639648,1.51171612739563
test_C6_00224,test_C6,C6,236,late,2,late,0.6073320816815179,0.7145554423332214,0.0086626326665282,0.0069603747688233,0.9843769073486328,0.0156230926513671,0.0830254564553296,0,0.4389438927173614,0.7653411030769348,-0.9666205048561096,-0.8829596042633057,-0.928761899471283,-0.4314583837985992,-1.1362040042877195,-0.7646126747131348,0.2790533602237701,0.202122300863266,0.3128585517406463,0.7992470860481262,-0.2804202139377594,0.739601194858551,-0.8384692668914795,0.1747999638319015,0.2205376774072647,0.4753106236457824,0.2537114322185516,0.4433884024620056,-0.5895619988441467,-0.4778711199760437,0.649978756904602,1.0494149923324585,-4.703365325927734,0.7508882880210876,0.4166318774223327,-0.9826669692993164,-0.0261053815484046,0.0655072182416915,0.6727918982505798,0.4378407597541809,0.3846133947372436,0.5826160311698914,0.7523143887519836,0.5744220614433289,0.3823484778404236,0.8143675923347473,-3.4064760208129883,1.1354159116744995,1.541778564453125,-0.4819044768810272,-0.1382739096879959,0.8616061210632324,0.1963677704334259
test_C6_00225,test_C6,C6,237,late,2,late,0.6149803076923238,0.7189689874649048,0.0081779425963759,0.006486034952104,0.985335886478424,0.0146641135215759,0.0787713283175428,0,0.5694176554679871,1.3651647567749023,-1.196652889251709,-0.8033402562141418,-0.9793522953987122,-0.2075989991426468,-1.162391185760498,-0.8844742774963379,1.5446045398712158,1.7725160121917725,0.4262929260730743,1.2382060289382937,0.7947989702224731,1.9128592014312744,-1.0977730751037598,0.7732942700386047,1.0632610321044922,0.7754071354866028,0.7435776591300964,0.9529693126678468,-1.0008779764175415,0.7336973547935486,1.1413941383361816,1.1741621494293213,4.471594333648682,1.7800207138061523,0.8876506686210632,-0.8995997905731201,-0.210729569196701,0.9374738335609436,1.2122488021850586,1.0688531398773191,1.4363911151885986,1.1917922496795654,1.6426091194152832,0.6176690459251404,0.6640769839286804,1.5008543729782104,-0.9891079664230348,1.825104832649231,2.927996873855591,-0.0814729854464531,-0.2053241580724716,1.6192914247512815,1.6361278295516968
test_C6_00226,test_C6,C6,238,late,2,late,0.6226285336189898,0.7184935808181763,0.00831906683743,0.0064567602239549,0.9852241277694702,0.0147758722305297,0.0792517314435483,0,0.5781211256980896,1.322542667388916,-1.1964045763015747,-0.8104238510131836,-1.0195435285568235,-0.1548849195241928,-1.1685359477996826,-0.8845198750495911,1.454339623451233,1.8179855346679688,0.4196562767028808,1.1055890321731567,0.798222005367279,1.8225277662277224,-1.1664886474609375,0.7727648615837097,1.2415140867233276,0.8496041297912598,0.7510218620300293,0.9606292843818665,-1.024691462516785,0.9149494767189026,0.9391688108444214,0.9971266388893129,0.2064538747072219,1.5540993213653564,0.9980931282043456,-0.9104861617088318,-0.2156063616275787,0.9375160932540894,1.229986310005188,0.9906551837921144,1.4050697088241575,1.1793237924575806,1.5774811506271362,0.6432589888572693,0.6593044400215149,1.466546654701233,-1.4706549644470217,1.8386826515197756,2.540234088897705,0.0037660086527466,-0.215616762638092,1.5542420148849487,1.4201326370239258
test_C6_00227,test_C6,C6,239,late,2,late,0.6302767595456554,0.720963716506958,0.0080800978466868,0.0061744875274598,0.9857454299926758,0.0142545700073242,0.0769123865263883,0,0.5400440692901611,1.415511131286621,-1.1945897340774536,-0.7613263130187988,-1.0097362995147705,-0.1679490506649017,-1.1517003774642944,-0.8845650553703308,1.3150815963745115,1.804523587226868,0.3961922824382782,0.7671017646789551,0.7271446585655212,1.750651478767395,-1.087666392326355,0.7965110540390015,1.1258792877197266,0.8670912384986877,0.773383617401123,0.9842644333839417,-1.0483057498931885,0.7888551950454712,1.139952540397644,1.1660223007202148,0.5821230411529541,1.890310287475586,0.7679511904716492,-0.8593711853027344,0.091336965560913,0.981149196624756,1.1155184507369995,0.9896326065063475,1.5669636726379397,1.0476293563842771,1.5355943441390991,0.6495511531829834,0.2237909585237503,1.2721694707870483,-0.9846572875976562,1.6755039691925049,3.039233922958374,-0.0608478523790836,-0.222425028681755,1.6094300746917725,1.436138391494751
test_C6_00228,test_C6,C6,240,late,2,late,0.6379249854723213,0.7174453139305115,0.0084598632529377,0.006615319289267,0.9849247336387634,0.0150752663612365,0.0805863917933358,0,0.4926477074623108,1.420881748199463,-1.2010306119918823,-0.7579712867736816,-1.0395748615264893,-0.1592108458280563,-1.1762021780014038,-0.8846098780632019,1.079724907875061,1.554768681526184,0.3225561082363128,0.5829203724861145,0.4963207840919494,1.547960877418518,-1.0758161544799805,0.8379718065261841,0.9672818779945374,0.884528636932373,0.8024615049362183,1.0067540407180786,-1.071723222732544,0.53740394115448,1.1999287605285645,1.149357795715332,0.5541731119155884,1.9098806381225584,0.6108272671699524,-0.8600590825080872,0.1770752668380737,1.0263352394104004,0.909949779510498,0.9070659875869752,1.6246875524520874,0.990881323814392,1.4761230945587158,0.6887020468711853,0.10823305696249,1.1110411882400513,-0.9835811853408812,1.501606822013855,3.063124895095825,-0.167864128947258,-0.2301297485828399,1.578605890274048,1.275275945663452
test_C6_00229,test_C6,C6,241,late,2,late,0.645573211398987,0.7211993932723999,0.0080969613045454,0.0061170323751866,0.9857860207557678,0.0142139792442321,0.07672056301016,0,0.5628069043159485,1.3282493352890017,-1.1436280012130735,-0.7557371258735657,-1.010066032409668,-0.164634108543396,-1.1343327760696411,-0.8739879727363586,1.2759606838226318,1.557997465133667,0.4010882377624511,1.058455467224121,0.6617299318313599,1.5363112688064575,-1.0486289262771606,0.7417001128196716,1.160429835319519,0.83574378490448,0.7331712245941162,0.9475367665290833,-1.094946265220642,0.7522937655448914,0.9937789440155028,1.1069120168685913,-0.5149158835411072,1.7903594970703125,0.9506081938743592,-0.8709740042686462,-0.1017496436834335,0.8865315914154053,1.203739047050476,0.9667957425117492,1.5166641473770142,1.161659836769104,1.7941278219223022,0.606126070022583,0.5923410654067993,1.4458636045455933,-0.9825122952461244,1.7736924886703491,2.8588387966156006,-0.0934938862919807,-0.2377700805664062,1.4827998876571655,1.5653364658355713
test_C6_00230,test_C6,C6,242,late,2,late,0.6532214373256527,0.7200806736946106,0.0082062166184186,0.0062110261060297,0.985582709312439,0.014417290687561,0.0776316450259686,0,0.5640262365341187,1.342067003250122,-1.14869225025177,-0.7152290940284729,-0.9513731002807616,-0.1854099333286285,-1.106275200843811,-0.8846983909606934,1.2361315488815308,1.6376919746398926,0.4074718952178955,1.060557842254639,0.6852103471755981,1.5581401586532593,-0.9912786483764648,0.7412356734275818,1.0625795125961304,0.8053726553916931,0.7250902056694031,0.954666554927826,-1.1015558242797852,0.7438684701919556,1.0458593368530271,1.0775514841079712,0.2019243836402893,1.7981730699539185,0.8985549807548523,-0.8308464288711548,-0.1098353117704391,0.8710514307022095,1.208176612854004,0.9889330267906188,1.515120029449463,1.2160171270370483,1.719142198562622,0.5860620737075806,0.6297082304954529,1.5059716701507568,-0.7381459474563599,1.836471438407898,2.881549596786499,-0.0332028307020664,-0.2417316883802414,1.3445719480514526,1.6150752305984497
test_C6_00231,test_C6,C6,243,late,2,late,0.6608696632523182,0.7213953733444214,0.0080842329189181,0.0060353651642799,0.985880434513092,0.0141195654869079,0.0762865881603467,0,0.5947117209434509,1.244878172874451,-1.1294938325881958,-0.6755711436271667,-1.0299280881881714,-0.1259665936231613,-1.11540949344635,-0.8847420811653137,1.298951506614685,1.759699821472168,0.4372872412204742,0.9557042717933656,0.7340731024742126,1.5036425590515137,-0.998178780078888,0.7192314267158508,1.0539705753326416,0.8040663003921509,0.7050489187240601,0.897875189781189,-1.108111023902893,0.829144299030304,1.0148028135299685,1.0773595571517944,-0.0266266018152236,1.6232024431228638,0.8842613697052002,-0.7910491228103638,-0.0759681835770607,0.8324536681175232,1.264530897140503,0.9633446335792542,1.4597371816635132,1.1626321077346802,1.6618311405181885,0.6040987968444824,0.5306507349014282,1.3337029218673706,-0.981458842754364,1.7720437049865725,2.755305051803589,0.0984490513801574,-0.2472708374261856,1.221291184425354,1.36575186252594
test_C6_00232,test_C6,C6,244,late,2,late,0.6685178891789844,0.7189964056015015,0.0082351826131343,0.0063125020824372,0.9854522347450256,0.0145477652549743,0.0782251416275487,0,0.612562358379364,1.290781021118164,-1.1267427206039429,-0.67864990234375,-1.0300081968307495,-0.1534617245197296,-1.1048182249069214,-0.8847854137420654,1.3381924629211426,1.7604202032089231,0.4870660603046417,1.0926309823989868,0.9216300249099731,1.566074252128601,-1.035367727279663,0.7237475514411926,1.1526765823364258,0.8046374320983887,0.7107610106468201,0.969309628009796,-1.1146124601364136,1.0001716613769531,1.1159121990203855,1.0908279418945312,0.3562758564949035,1.669736623764038,0.8420401215553284,-0.8021126985549927,-0.0739698857069015,0.8417190313339233,1.2816179990768433,0.9880698323249816,1.495024800300598,1.2757081985473633,1.5953112840652466,0.6768086552619934,0.6446619629859924,1.3959373235702517,-0.7361336946487427,1.8303351402282717,2.838613510131836,0.1053159534931182,-0.2519851326942444,1.3261148929595947,1.4545037746429443
test_C6_00233,test_C6,C6,245,late,2,late,0.6761661151897903,0.7219682335853577,0.008036664687097,0.0059640943072736,0.9859991669654846,0.0140008330345153,0.0757475834079056,0,0.580936074256897,1.346896767616272,-1.1471272706985474,-0.69107586145401,-1.0397768020629885,-0.1443422585725784,-1.124444842338562,-0.8848284482955933,1.1794956922531128,1.622807264328003,0.43974569439888,0.810956597328186,0.7915807366371155,1.382997751235962,-0.979572057723999,0.7735155820846558,1.0717802047729492,0.838161051273346,0.7508346438407898,0.8658385872840881,-1.1210607290267944,0.9815940260887146,1.0958629846572876,1.101203441619873,0.8054450154304504,1.7496747970581057,0.7795172333717346,-0.8231515884399414,0.111165314912796,0.9112902283668518,1.2083895206451416,0.9880818128585817,1.5729089975357056,1.2136554718017578,1.594335436820984,0.6410748362541199,0.465148001909256,1.2810697555541992,-0.9804229736328124,1.7629435062408447,2.9173777103424072,0.025224195793271,-0.2601036727428436,1.103814959526062,1.357548475265503
test_C6_00234,test_C6,C6,246,late,2,late,0.6838143412005964,0.7164318561553955,0.0086685065180063,0.0064223920926451,0.9849091172218324,0.0150908827781677,0.0806062624987468,0,0.4569449126720428,0.4335921704769134,-0.7645015716552734,-0.8234773278236389,-0.8371707201004028,-0.4324351847171783,-1.017359733581543,-0.6863296031951904,-0.1277577430009842,-0.2436128705739975,0.3337428867816925,0.8148568868637085,-0.4716083109378814,0.234806627035141,-0.545568585395813,-0.1556922495365142,-0.207909271121025,0.3752417266368866,-0.0051655923016369,0.3271734118461609,-0.5620443224906921,-0.5836532115936279,0.2390909045934677,1.043492555618286,-7.59736967086792,0.2211269587278366,0.3598443865776062,-0.9843661189079284,-0.1446088105440139,-0.3963305056095123,0.6353893876075745,0.15085469186306,0.1131328120827674,0.5105152726173401,0.419804573059082,0.5433527231216431,0.5572206974029541,0.7559548020362854,-2.202712059020996,1.054890751838684,0.7541161179542542,-0.5179301500320435,-0.1696522235870361,0.4103066027164459,-0.1306827962398529
test_C6_00235,test_C6,C6,247,late,2,late,0.6914625672114025,0.7224716544151306,0.0080281980335712,0.0059188767336308,0.9860529899597168,0.0139470100402832,0.0754999998439336,0,0.6427224278450012,1.1759577989578247,-1.0983134508132937,-0.6940157413482666,-1.0302444696426392,-0.1130981370806694,-1.1029757261276243,-0.8745061755180359,1.241390824317932,1.81160581111908,0.5455741882324219,1.1856244802474976,0.9610856771469116,1.3590761423110962,-0.9123522639274596,0.6701230406761169,1.03536057472229,0.7953686118125916,0.6657123565673828,0.8638103008270264,-1.1177115440368652,1.156007170677185,1.0821377038955688,1.0943975448608398,7.012892723083496,1.4888079166412354,0.8905649781227112,-0.8247816562652588,-0.0418611951172351,0.7639412879943848,1.3320491313934326,1.0492236614227295,1.4080370664596558,1.2628700733184814,1.5729824304580688,0.6192299127578735,0.8568148016929626,1.220614671707153,-0.2365955263376236,1.817401885986328,2.6116669178009038,0.2437884211540222,-0.2635415494441986,0.8695464134216309,1.1696038246154783
test_C6_00236,test_C6,C6,248,late,2,late,0.6991107932222087,0.722013533115387,0.0081529198214411,0.0058999857865273,0.9859471321105956,0.0140528678894042,0.0759573041226252,0,0.5801026225090027,1.1933311223983765,-1.1087254285812378,-0.6857133507728577,-1.0207500457763672,-0.0755818858742713,-1.0881813764572144,-0.8849553465843201,0.973455846309662,1.5414468050003052,0.4119825959205627,0.7439629435539246,0.5108993649482727,1.2794828414916992,-0.9659507274627686,0.7035496234893799,0.9131068587303162,0.8071604371070862,0.704551637172699,0.8882108926773071,-1.1400938034057615,0.7072423696517944,1.1677024364471436,1.1328697204589844,0.7635329365730286,1.585687518119812,0.8661511540412903,-0.8156429529190063,0.1025505065917968,0.8364386558532715,1.195870876312256,1.0500085353851318,1.5055242776870728,0.9802727103233336,1.5901857614517212,0.5349698662757874,0.2699053287506103,1.2367055416107178,-0.728779137134552,1.5880008935928345,2.7467739582061768,0.0825070887804031,-0.2707269191741943,1.1919605731964111,1.2521235942840576
test_C6_00237,test_C6,C6,249,late,2,late,0.7067590192330147,0.7234129905700684,0.0079814586788415,0.0057848989963531,0.9862335920333862,0.0137664079666137,0.0746700486297738,0,0.6360671520233154,1.2295986413955688,-1.1031028032302856,-0.7158682346343994,-1.039932370185852,-0.1344737559556961,-1.112502932548523,-0.8849970102310181,1.1255031824111938,1.6635574102401731,0.5257234573364258,0.9224621057510376,0.8468115329742432,1.382956624031067,-0.9580594897270204,0.6975939273834229,0.9677550196647644,0.8209947943687439,0.6930192112922668,0.9268508553504944,-1.1463361978530884,0.9468005895614624,1.103405475616455,1.085749864578247,0.1338891983032226,1.5146621465682983,0.7798478007316589,-0.8660014867782593,0.0303427744656801,0.8111569881439209,1.314293384552002,1.003299593925476,1.4999713897705078,1.2472954988479614,1.6009736061096191,0.6652693748474121,0.5895758271217346,1.3572850227355957,-0.4820060133934021,1.7699495553970337,2.634204387664795,0.1860458999872207,-0.2751234173774719,1.2197920083999634,1.369859218597412
test_C6_00238,test_C6,C6,250,late,2,late,0.7144072451596807,0.7190530896186829,0.0083657205104827,0.0062545132823288,0.9853797554969788,0.0146202445030212,0.0785258267694619,0,0.653500497341156,1.2474027872085571,-1.1070998907089231,-0.6949697136878967,-1.0399705171585083,-0.1417421102523803,-1.1114099025726318,-0.8850382566452026,1.1905683279037476,1.6448018550872805,0.5086032748222351,0.895912230014801,0.8004250526428223,1.4373835325241089,-0.965092957019806,0.7330952882766724,1.0780868530273438,0.8300774097442627,0.7374719381332397,0.8882537484169006,-1.1525286436080933,0.982513189315796,1.1958556175231934,1.1229610443115234,0.8196284174919128,1.6337387561798096,0.8957645297050476,-0.8370422124862671,0.0708872526884079,0.8877843618392944,1.3560205698013306,1.0475250482559204,1.565421462059021,1.1644326448440552,1.6096858978271484,0.5031655430793762,0.6185286045074463,1.3642725944519043,-0.975620448589325,1.8589882850646973,2.78823184967041,0.1702124625444412,-0.2873594760894775,1.1678743362426758,1.416345715522766
test_C6_00239,test_C6,C6,251,late,2,late,0.7220554710863463,0.7232587933540344,0.0079961009323596,0.0057549779303371,0.9862490296363832,0.0137509703636169,0.0745940720042724,0,0.7076564431190491,1.2030380964279177,-1.1085208654403689,-0.709743082523346,-1.0400084257125854,-0.133446916937828,-1.104687213897705,-0.8850792646408081,1.3116557598114014,1.8517028093338013,0.6013777852058411,1.0246050357818604,1.0407873392105105,1.5460829734802246,-0.95717453956604,0.7344708442687988,1.151576042175293,0.8332698345184326,0.7365251779556274,0.8810794949531555,-1.142838954925537,1.2583318948745728,1.0721546411514282,1.150330662727356,0.342200219631195,1.5614455938339231,0.9585755467414856,-0.8869142532348633,0.0664676651358604,0.8856486678123474,1.397415280342102,1.0212126970291138,1.5454721450805664,1.2865439653396606,1.650229811668396,0.5468297004699707,0.7442135810852051,1.2921911478042605,-0.7273902297019958,1.8770713806152344,2.724433660507202,0.3408473134040832,-0.2887907326221466,1.121214747428894,1.307678461074829
test_C6_00240,test_C6,C6,252,late,2,late,0.729703697013012,0.7222763299942017,0.0081147477030754,0.0058464887551963,0.9860388040542604,0.0139611959457397,0.0755411179623317,0,0.6793922185897827,1.219160079956055,-1.1042882204055786,-0.69045090675354,-1.0400458574295044,-0.1235352531075477,-1.102019429206848,-0.8851199150085449,1.12516188621521,1.677612066268921,0.5572041869163513,0.9093425273895264,0.8256821632385254,1.3327269554138184,-0.9494771361351012,0.7386458516120911,1.1059949398040771,0.8275641202926636,0.748873770236969,0.9039324522018432,-1.1647661924362185,1.045242428779602,1.0944316387176514,1.2043280601501465,0.5290915369987488,1.5731717348098757,0.9717445969581604,-0.8483157753944397,0.146252766251564,0.9049952030181884,1.363334894180298,1.0408635139465332,1.5771912336349487,1.212829828262329,1.7312973737716677,0.579704761505127,0.6239792704582214,1.242034077644348,-0.7269388437271118,1.7587405443191528,2.7469985485076904,0.2553596794605255,-0.2951274812221527,1.1945579051971436,1.267438292503357
test_C6_00241,test_C6,C6,253,late,2,late,0.7373519229396778,0.7235472798347473,0.0079750288277864,0.0057031032629311,0.9863218069076538,0.0136781930923461,0.0742587453731991,0,0.6313051581382751,1.1889562606811523,-1.100456714630127,-0.7038276195526123,-1.0213176012039185,-0.1388943940401077,-1.0800527334213257,-0.8851602077484131,0.8588159680366516,1.3901400566101074,0.5201289653778076,0.8740320205688477,0.6198710203170776,1.0360342264175415,-0.8844637870788574,0.7362706065177917,0.8911385536193848,0.8208341598510742,0.7523722052574158,0.7924632430076599,-1.1708123683929443,0.8305444717407227,1.1135364770889282,1.2817280292510986,0.3990073502063751,1.608898043632507,0.9425453543663024,-0.8977490067481995,0.2435896396636963,0.9098300337791444,1.2796239852905271,1.043340086936951,1.5651025772094729,1.1116573810577393,1.6224236488342283,0.536031186580658,0.5703201293945312,1.132254719734192,-0.7264900803565979,1.6445939540863037,2.789729595184326,0.1127901822328567,-0.3019423186779022,0.9459359645843506,1.1270384788513184
test_C6_00242,test_C6,C6,254,late,2,late,0.7448714868279991,0.7208490967750549,0.0081452131271362,0.0059909308329224,0.9858638644218444,0.0141361355781555,0.0763467767304908,0,0.6567936539649963,1.177968144416809,-1.0837117433547974,-0.7005836963653564,-1.012082576751709,-0.1151723191142082,-1.06980562210083,-0.8852002024650574,0.8959746956825256,1.4414650201797483,0.5557681322097778,0.7310498356819153,0.6780404448509216,1.064242243766785,-0.8359724879264832,0.7103807330131531,0.8500040769577026,0.8141376376152039,0.7377769947052002,0.8321731686592102,-1.1768109798431396,0.9793369770050048,1.074679613113403,1.2944930791854858,0.1435312330722808,1.535773515701294,0.8123195171356201,-0.8982478976249695,0.2505300641059875,0.8785272240638733,1.3456822633743286,1.0243945121765137,1.55916166305542,1.1174637079238892,1.6285618543624878,0.4520487785339355,0.5537041425704956,1.1892905235290527,0.0201090518385171,1.5204085111618042,2.7011032104492188,0.1753165423870086,-0.3073286712169647,0.7405272722244263,1.1858981847763062
test_C6_00243,test_C6,C6,255,late,2,late,0.752262388677976,0.7240395545959473,0.0079590072855353,0.005663706921041,0.9863772392272948,0.013622760772705,0.074003545835788,0,0.6434016227722168,1.1709673404693604,-1.09144926071167,-0.6877066493034363,-1.0401567220687866,-0.1052946671843528,-1.0720702409744265,-0.8852398991584778,0.8389381170272827,1.5089335441589355,0.505151629447937,0.729587733745575,0.5227740406990051,1.112422227859497,-0.831733763217926,0.7348800301551819,0.9734112024307252,0.8006824851036072,0.7582994103431702,0.7532720565795898,-1.182762622833252,0.9202669858932496,1.1188135147094729,1.3476699590682983,0.6452736258506775,1.611864686012268,0.8553732633590698,-0.8697300553321838,0.3537299335002899,0.9164426326751708,1.2998285293579102,1.0315898656845093,1.5904009342193604,1.0496069192886353,1.592635154724121,0.4794117510318756,0.4064263105392456,1.1128489971160889,-0.7285117506980896,1.4664605855941772,2.8004050254821777,0.2198900431394577,-0.3134347200393677,0.705888569355011,1.117285132408142
test_C6_00244,test_C6,C6,256,late,2,late,0.7595246284896082,0.723435640335083,0.0079812817275524,0.0057322699576616,0.986286461353302,0.0137135386466979,0.0744228312835807,0,0.6283848881721497,1.20593523979187,-1.096843719482422,-0.6965913772583008,-1.0401930809020996,-0.1424466222524643,-1.0730128288269043,-0.8852792978286743,0.8297395706176758,1.4252809286117554,0.4776796698570251,0.6036162972450256,0.5151911377906799,1.060374736785889,-0.7568544149398804,0.7674722075462341,1.0370047092437744,0.8169251084327698,0.7918301224708557,0.7497402429580688,-1.18866765499115,0.8965019583702087,1.0856422185897827,1.3287312984466553,0.8088226914405823,1.701268196105957,0.9367603063583374,-0.908867120742798,0.3704202175140381,0.9719462394714355,1.2543330192565918,1.0378645658493042,1.677101492881775,1.0642808675765991,1.70353364944458,0.4595019817352295,0.3143541812896728,1.094305396080017,-0.2287100553512573,1.3702019453048706,2.893026351928711,0.1412035375833511,-0.3252626955509186,0.550900936126709,1.1551514863967896
test_C6_00245,test_C6,C6,257,late,2,late,0.7666582063470367,0.7244014143943787,0.0078777037560939,0.0056148953735828,0.9865074157714844,0.0134925842285156,0.0734169666811428,0,0.7572664618492126,1.2428913116455078,-1.1520605087280271,-0.734559178352356,-1.0402292013168335,-1.4257832765579224,-1.0665441751480105,-0.8853183388710022,0.9646039605140686,1.7850308418273926,0.6957590579986572,1.2593014240264893,0.9928770661354064,1.2098621129989624,-0.6276965141296387,0.761815071105957,0.8519453406333923,0.6433073282241821,0.7518295645713806,0.963050663471222,-1.1790635585784912,1.6880033016204834,0.902563452720642,1.140621542930603,-0.0077699697576463,1.6269571781158447,1.0822224617004397,-0.9668910503387452,0.4672878682613373,0.91918683052063,1.479368805885315,0.728985607624054,1.0594311952590942,1.293498992919922,1.4370030164718628,0.2526685297489166,1.2456191778182983,1.475414514541626,2.7507121562957764,1.8401356935501096,2.98530387878418,0.3879226446151733,-0.3180541098117828,0.9908607006072998,1.121656894683838
test_C6_00246,test_C6,C6,258,late,2,late,0.7736631222502615,0.7258619666099548,0.0078248959034681,0.0054345438256859,0.9867405295372008,0.013259470462799,0.0723334706913877,0,0.764335036277771,1.188193917274475,-1.1142829656600952,-0.7463556528091431,-1.0402649641036987,-1.1347030401229858,-1.0631966590881348,-0.8753935694694519,1.1022475957870483,1.8972111940383911,0.7108693718910217,1.004887938499451,1.2080527544021606,1.526050090789795,-0.8388293981552124,0.737435519695282,1.1599936485290527,0.6806790828704834,0.7421481013298035,0.7384126782417297,-1.2003403902053833,1.8064643144607544,0.7927727103233337,1.172091007232666,0.0539066158235073,1.3603262901306152,0.954541802406311,-0.9766727089881896,0.1400710940361023,0.8983994126319885,1.4946959018707275,0.6808292269706726,1.1330480575561523,1.1866002082824707,1.4165669679641724,0.3585068583488464,0.9121483564376832,1.805862545967102,-0.7411706447601318,1.8084901571273804,2.66257381439209,0.5462646484375,-0.348268985748291,0.9111649990081788,1.5323482751846311
test_C6_00247,test_C6,C6,259,late,2,late,0.7805393761151413,0.725984513759613,0.0077942558564245,0.005431352648884,0.986774444580078,0.0132255554199218,0.0721833146202259,0,0.7970699071884155,1.242667317390442,-1.109951734542847,-0.7668299078941345,-1.0403004884719849,-1.1260294914245603,-1.0780291557312012,-0.8853955864906311,1.25105082988739,1.8409841060638428,0.7007139921188354,0.9873756766319276,1.246410608291626,1.433129906654358,-0.8205719590187073,0.7482494115829468,1.2667735815048218,0.6868817806243896,0.7575677633285522,0.7351790070533752,-1.2061091661453247,1.7920849323272705,0.8660086393356323,1.16860032081604,0.5730068683624268,1.4352928400039673,0.969401717185974,-0.9959003925323486,0.2310657501220703,0.9211416244506836,1.5342767238616943,0.7255691885948181,1.2305489778518677,1.2543081045150757,1.4387974739074707,0.3725034594535827,0.9675507545471193,1.5779694318771362,-0.4912614524364471,1.699077606201172,2.7297279834747314,0.5035449266433716,-0.3551562130451202,0.7743827700614929,1.3589484691619873
test_C6_00248,test_C6,C6,260,late,2,late,0.7872869679416767,0.7265386581420898,0.0077894032001495,0.0053895809687674,0.9868209958076476,0.0131790041923522,0.0719640451160118,0,0.7470505833625793,1.2480318546295166,-1.102971076965332,-0.7424434423446655,-1.040335774421692,-1.0931198596954346,-1.0758440494537354,-0.8854337334632874,1.1165627241134644,1.8428667783737185,0.6104032397270203,0.7368666529655457,1.0276014804840088,1.2840691804885864,-0.7336928844451904,0.7654033899307251,1.138641119003296,0.7131632566452026,0.7754303812980652,0.6750966310501099,-1.2118335962295532,1.6638526916503906,0.8587517142295837,1.1107988357543943,0.5901060700416565,1.435574293136597,0.6421077847480774,-0.9770403504371644,0.3850317001342773,0.9450745582580566,1.4400230646133425,0.7353373169898987,1.289130926132202,1.1121572256088257,1.3959280252456665,0.2964588105678558,0.6288942694664001,1.5272414684295654,-0.2413578182458877,1.5540682077407837,2.752243995666504,0.5356647968292236,-0.3659330308437347,0.5831000804901123,1.343995213508606
test_C6_00249,test_C6,C6,261,late,2,late,0.7940345597682124,0.727178156375885,0.0077338209375739,0.0053408369421958,0.9869253635406494,0.0130746364593505,0.0714875076221169,0,0.732563853263855,1.282978057861328,-1.1021772623062134,-0.736860454082489,-1.0403707027435305,-1.1028156280517578,-1.091184139251709,-0.8854716420173645,1.1052188873291016,1.803592324256897,0.5865194201469421,0.7663668990135193,1.026767373085022,1.2835016250610352,-0.7870163917541504,0.779009997844696,1.1485475301742554,0.7232558131217957,0.7860201001167297,0.6875309944152832,-1.217514157295227,1.7152689695358276,0.907029151916504,1.029621958732605,0.5511071085929871,1.5088740587234497,0.6664085984230042,-0.9772220253944396,0.3465692400932312,0.9603967666625975,1.4069545269012451,0.7199962139129639,1.364315390586853,1.1973236799240112,1.350563645362854,0.4891214072704315,0.6292766332626343,1.4957060813903809,-0.4922694563865661,1.5891507863998413,2.849994659423828,0.5138614177703857,-0.3735806941986084,0.6449974179267883,1.366291880607605
test_C6_00250,test_C6,C6,262,late,2,late,0.8007821515947479,0.7271155118942261,0.007744173053652,0.0053374515846371,0.9869183897972108,0.0130816102027893,0.0715171102259118,0,0.7157121300697327,1.2778024673461914,-1.0970252752304075,-0.7176287174224854,-1.031345009803772,-1.0199339389801023,-1.0683668851852417,-0.8855092525482178,1.0777074098587036,1.775220513343811,0.547494649887085,0.6326941847801208,0.9644041657447816,1.1762980222702026,-0.7976316809654236,0.7886567115783691,1.1191651821136477,0.7336344122886658,0.7991998791694641,0.6854961514472961,-1.2231513261795044,1.6223424673080444,0.9551455974578856,0.9447094202041626,0.5537083148956299,1.550841212272644,0.447209745645523,-0.9397521018981934,0.423468142747879,0.9757379293441772,1.386184811592102,0.7779573798179626,1.4411028623580933,1.1057684421539309,1.3717437982559204,0.2330934256315231,0.4120175242424011,1.3717288970947266,-0.4922896027565002,1.5968118906021118,2.865808486938477,0.5082820057868958,-0.3827748894691467,0.6466618776321411,1.2794920206069946
test_C6_00251,test_C6,C6,263,late,2,late,0.8075297434212836,0.7276288866996765,0.0077036335133016,0.0053148861043155,0.9869814515113832,0.0130185484886169,0.0712309178135081,0,0.6609099507331848,1.3130347728729248,-1.104498267173767,-0.6661193370819092,-1.0043357610702517,-1.0335495471954346,-1.0363713502883911,-0.8855465650558472,0.9136123657226562,1.7054466009140017,0.5102426409721375,0.4888830184936523,0.8972315788269043,1.0544241666793823,-0.7296996116638184,0.8194662928581238,1.0298657417297363,0.7462639808654785,0.8261815309524536,0.655464768409729,-1.228745698928833,1.6929775476455688,0.991068720817566,0.8998819589614868,0.8628119230270386,1.651342511177063,0.4165176451206207,-0.8838135600090027,0.5626603364944458,1.0206665992736816,1.3055700063705444,0.7898053526878357,1.5129131078720093,1.0570318698883057,1.3580609560012815,0.43634694814682,0.3443721532821655,1.2312418222427368,-0.2409400790929794,1.647062063217163,3.0138163566589355,0.4516634345054626,-0.3890688419342041,0.5786892175674438,1.1692970991134644
test_C6_00252,test_C6,C6,264,late,2,late,0.8142773352478189,0.727565348148346,0.0077294562943279,0.0053150202147662,0.9869555830955504,0.0130444169044494,0.0713455032874411,0,0.692794144153595,1.2766796350479126,-1.0864381790161133,-0.6976618766784668,-1.022490382194519,-0.9637628793716432,-1.042373538017273,-0.8855835795402527,0.9743174910545348,1.6749866008758545,0.5260229706764221,0.4528884291648865,0.8953173160552979,1.0704036951065063,-0.6975364089012146,0.7942103743553162,0.9645506143569946,0.733552098274231,0.8073329925537109,0.570362389087677,-1.2342976331710815,1.5839362144470217,1.0031616687774658,0.8977435231208801,0.1165738031268119,1.5887364149093628,0.4380916953086853,-0.9217113852500916,0.6988953351974487,0.9785327315330504,1.345117449760437,0.7674083709716797,1.4809542894363403,0.8690559267997742,1.2407363653182983,0.2085667848587036,0.0172302015125751,1.082566261291504,-0.4932876527309418,1.4275233745574951,2.8640942573547363,0.5024343132972717,-0.3978175818920135,0.4936342537403106,0.9730340242385864
test_C6_00253,test_C6,C6,265,late,2,late,0.8210249269902141,0.7282912135124207,0.0077080759219825,0.0052599767223,0.987031877040863,0.0129681229591369,0.0709892072976201,0,0.6801881790161133,1.3244421482086182,-1.0969053506851196,-0.7012655735015869,-1.0405080318450928,-1.0193970203399658,-1.0625325441360474,-0.8856202960014343,0.9544085264205932,1.5510075092315674,0.4756256937980652,0.1781440526247024,0.7726296782493591,1.07778000831604,-0.7235283255577087,0.8269439935684204,0.9948974251747132,0.7743679881095886,0.8320603966712952,0.6681835651397705,-1.2398076057434082,1.5221400260925293,0.9969561100006104,0.8670943975448608,0.8494071364402771,1.6330301761627195,0.3191598653793335,-0.9407111406326294,0.8093215823173523,1.0203016996383667,1.30099618434906,0.7557833790779114,1.5075020790100098,0.7032054662704468,1.314758062362671,0.2620449960231781,-0.222093179821968,1.0160033702850342,-0.2409818470478058,1.2213506698608398,2.924023151397705,0.4276399314403534,-0.4063685536384582,0.5136390328407288,0.9158617854118348
test_C6_00254,test_C6,C6,266,late,2,late,0.8277725187326093,0.7279256582260132,0.0077635860070586,0.0052621406503021,0.9869742393493652,0.0130257606506347,0.0712444814349491,0,0.7091728448867798,1.305338740348816,-1.0909546613693235,-0.6800497770309448,-1.0316174030303955,-0.9397067427635192,-1.051923155784607,-0.8856567740440369,1.0506541728973389,1.5288407802581787,0.4773909747600555,0.200407013297081,0.7903472185134888,1.0928044319152832,-0.7353549003601074,0.8362266421318054,1.022339105606079,0.7993167638778687,0.8473253846168518,0.6389208436012268,-1.2452762126922607,1.5050677061080933,1.0731863975524902,0.8580710291862488,0.7504185438156128,1.647881031036377,0.3626922965049743,-0.9039419293403624,0.8189553618431091,1.0432816743850708,1.363994002342224,0.8030607104301453,1.5743036270141602,0.6711881160736084,1.2765815258026123,0.3875173330307007,-0.3658739030361175,0.9659367203712464,-0.7470743060112,1.1868298053741455,2.967806577682495,0.4156834185123443,-0.4141799211502075,0.4633876383304596,0.9091179966926576
test_C6_00255,test_C6,C6,267,late,2,late,0.8345201104750046,0.7278257012367249,0.0077825537882745,0.0052435980178415,0.9869738817214966,0.0130261182785034,0.071239679912959,0,0.6979954838752747,1.2128633260726929,-1.0850549936294556,-0.6708618998527527,-0.9694486260414124,-0.8971325755119324,-0.9915234446525574,-0.8856929540634155,0.8821783661842346,1.3297598361968994,0.5243887305259705,0.1656392067670822,0.8037807941436768,1.035239577293396,-0.6401000618934631,0.7804324626922607,0.9484288096427916,0.7513242959976196,0.7830358147621155,0.5553224682807922,-1.2358198165893557,1.3738919496536257,1.0182117223739624,0.8335303664207458,-0.517392098903656,1.5180102586746216,0.1229040026664733,-0.8859207034111023,0.7243688702583313,0.924113929271698,1.3437741994857788,0.8093314170837402,1.4943411350250244,0.7613205313682556,1.1960484981536863,0.3165819048881531,-0.1777267754077911,1.198078989982605,0.01312624104321,1.245171070098877,2.806041955947876,0.3469602465629577,-0.4099119901657104,0.414352685213089,1.1244748830795288
test_C6_00256,test_C6,C6,268,late,2,late,0.8412677022173995,0.7243006229400635,0.008099609054625,0.0053598517552018,0.9865406155586244,0.0134593844413757,0.0731844319551595,0,0.8038555383682251,0.7294553518295288,-0.8981257677078247,-0.6778783202171326,-0.9254590272903442,-1.1333907842636108,-0.9495928287506104,-0.7802196145057678,0.4704271256923675,0.9879936575889589,0.8058688640594482,1.2247343063354492,0.649191677570343,0.9145742654800416,-0.8392922878265381,0.2567161321640014,0.4984484314918518,0.524549663066864,0.3492157757282257,0.5835383534431458,-1.107805848121643,0.9442301392555236,0.5811153650283813,1.1857366561889648,-6.298670291900635,0.7541016340255737,0.9666008353233336,-0.9232450127601624,0.1607313305139541,0.1516153663396835,1.5592397451400757,0.4870864748954773,0.6399096846580505,1.1354715824127195,0.9584839344024658,0.3895392417907715,1.313273787498474,1.3908867835998535,-2.26790714263916,1.6314735412597656,1.621256709098816,0.502825915813446,-0.3475268483161926,0.9183810353279114,0.702081024646759
test_C6_00257,test_C6,C6,269,late,2,late,0.8480152939597948,0.7272902727127075,0.0078180823475122,0.0053147217258811,0.9868671894073486,0.0131328105926513,0.0717349012953888,0,0.7520970106124878,1.1577788591384888,-1.0620735883712769,-0.6682511568069458,-0.9612188339233398,-0.8097512722015381,-0.9683524966239928,-0.8857645392417908,0.962301790714264,1.3510059118270874,0.531862199306488,0.193389356136322,0.7142109274864197,1.0935999155044556,-0.6503284573554993,0.7256925106048584,1.0892081260681152,0.7210807800292969,0.7381170392036438,0.5427404642105103,-1.2318912744522097,1.26431405544281,0.9804344773292542,0.8625912070274353,6.36604118347168,1.446069598197937,0.2075057625770568,-0.8961184024810791,0.7416355609893799,0.8495372533798218,1.4680466651916504,0.7792917490005493,1.4504436254501345,0.6700958609580994,1.268487572669983,0.2543369829654693,-0.195048987865448,1.15585196018219,-0.2349649667739868,1.2338249683380127,2.6575968265533447,0.4380157589912414,-0.4124245345592499,0.3105808198451996,1.0513625144958496
test_C6_00258,test_C6,C6,270,late,2,late,0.8547628857021901,0.7257544994354248,0.007973775267601,0.0053834482096135,0.986642837524414,0.0133571624755859,0.0727454589108452,0,0.8050616383552551,1.1500200033187866,-1.0571906566619873,-0.6858229637145996,-0.9967137575149536,-0.8565253615379333,-0.9892423748970032,-0.8857999444007874,1.0930267572402954,1.3777687549591064,0.5554032325744629,0.3115849792957306,0.7695228457450867,1.1695598363876345,-0.7422608733177185,0.7152501940727234,1.0553593635559082,0.7255095839500427,0.7275194525718689,0.6660851240158081,-1.252026915550232,1.2467873096466064,0.9882811903953552,0.9066231846809388,0.3170786798000335,1.3861546516418457,0.4396506547927856,-0.969663143157959,0.6325048208236694,0.8314536809921265,1.5645610094070437,0.7731518149375916,1.3972147703170776,0.7052547335624695,1.2548905611038208,0.446132481098175,-0.2595813870429992,1.120410680770874,-0.2354712337255478,1.2518357038497925,2.5975067615509038,0.5188194513320923,-0.4169909954071045,0.5353479981422424,0.974245548248291
test_C6_00259,test_C6,C6,271,late,2,late,0.8615104774445851,0.726554274559021,0.0078767770901322,0.0054035242646932,0.9867196679115297,0.0132803320884704,0.0724147846019261,0,0.7878251075744629,1.21098530292511,-1.0712727308273315,-0.6999287009239197,-1.014427661895752,-0.8978177309036255,-0.9903721809387208,-0.8858350515365601,1.0444939136505127,1.25180983543396,0.5254588723182678,0.1111104115843772,0.7081624269485474,1.0066345930099487,-0.6356400847434998,0.7508846521377563,0.9467691779136658,0.7483492493629456,0.7654389142990112,0.5698295831680298,-1.2720139026641846,1.2682799100875854,0.9905056357383728,0.9214097261428832,1.137008786201477,1.506433367729187,0.1816319078207016,-0.9971652626991272,0.9377351999282836,0.899770975112915,1.4973140954971311,0.7846519947052002,1.4787245988845823,0.5889835357666016,1.1538735628128052,0.2170079350471496,-0.4388226866722107,0.9808249473571776,-0.2359746247529983,1.0317344665527344,2.7775697708129883,0.3819579184055328,-0.4226762354373932,0.1629448235034942,0.8701426386833191
test_C6_00260,test_C6,C6,272,late,2,late,0.8682580691869803,0.723988950252533,0.0080683063715696,0.0055687450803816,0.986362874507904,0.0136371254920959,0.0740356577095494,0,0.8093332052230835,1.1588521003723145,-1.06760573387146,-0.6775965690612793,-0.9883742928504944,-0.8484262228012085,-0.974395513534546,-0.8858699202537537,1.0696935653686523,1.3371021747589111,0.5679861903190613,0.2179933786392212,0.8176813125610352,1.1182315349578855,-0.6749618053436279,0.7375050783157349,0.9992991089820862,0.7276057004928589,0.7607693076133728,0.5972118973731995,-1.2772434949874878,1.3715001344680786,0.9613760709762572,0.9997960925102234,0.4674834012985229,1.4820258617401123,0.3810102045536041,-0.9700660705566406,0.7599326968193054,0.8927469253540039,1.58140766620636,0.7447240948677063,1.4666444063186646,0.6355786919593811,1.17075514793396,0.2886413037776947,-0.353929340839386,1.1356474161148071,-0.2364751994609832,1.1394327878952026,2.761938571929932,0.4840482473373413,-0.4250428378582001,0.2280164361000061,1.047257900238037
test_C6_00261,test_C6,C6,273,late,2,late,0.8750056609293755,0.7256709337234497,0.0079223942011594,0.005462632048875,0.986615002155304,0.013384997844696,0.072895058873528,0,0.831658661365509,1.2072902917861938,-1.0715646743774414,-0.6529842019081116,-1.0146843194961548,-0.907659947872162,-0.9805563688278198,-0.8859045505523682,1.1367762088775637,1.4590768814086914,0.5785325765609741,0.0476388745009899,0.8775950074195862,1.1620426177978516,-0.583601713180542,0.7498735785484314,1.0009726285934448,0.7897571325302124,0.7744379043579102,0.5165375471115112,-1.2824347019195557,1.4534330368041992,0.9853367805480956,0.9792572855949402,0.7542493939399719,1.528498649597168,0.2194476872682571,-0.8979989290237427,0.9987778067588806,0.9156820774078368,1.6070799827575684,0.78237384557724,1.5153175592422483,0.614644467830658,1.2126939296722412,0.3087610602378845,-0.4277064204216003,0.9572970867156982,-0.2369729578495025,1.0371112823486328,2.782961130142212,0.5681836605072021,-0.4319939017295837,-0.0573574863374233,0.8731610774993896
test_C6_00262,test_C6,C6,274,late,2,late,0.8817532527559108,0.724215030670166,0.0080715604126453,0.0055813021026551,0.9863472580909728,0.0136527419090271,0.0741088741380875,0,0.7634970545768738,1.1800071001052856,-1.058280348777771,-0.6573304533958435,-1.0148112773895264,-0.838913083076477,-0.9741910696029664,-0.8859389424324036,0.8789268732070923,1.2857285737991333,0.4989099502563476,-0.1317699551582336,0.5857186913490295,1.0021629333496094,-0.4813129305839538,0.719677209854126,0.8548046946525574,0.7791104912757874,0.757300078868866,0.3973889052867889,-1.287588119506836,1.0622564554214478,0.9437192678451538,1.0268114805221558,0.2542969286441803,1.5136648416519165,0.2838956117630005,-0.9344618320465088,1.1208453178405762,0.8830162882804871,1.44826340675354,0.718172013759613,1.5023677349090576,0.5073707699775696,1.10945725440979,0.1045303791761398,-0.6008965373039246,0.8460756540298462,-0.7495052218437195,0.8484748601913452,2.707275867462158,0.465044766664505,-0.4377098083496094,-0.0563105344772338,0.7382520437240601
test_C6_00263,test_C6,C6,275,late,2,late,0.8885008445824465,0.7245842218399048,0.008012699894607,0.0055953590199351,0.9863919019699096,0.0136080980300903,0.073917538912231,0,0.753994345664978,1.2170333862304688,-1.0617413520812988,-0.6635892391204834,-1.0235694646835327,-0.8627961277961731,-0.9741158485412598,-0.8859730362892151,0.8820855617523193,1.173163652420044,0.4726378619670868,-0.3275572955608368,0.5610934495925903,1.0773930549621582,-0.484439492225647,0.7438214421272278,0.8754191398620605,0.8065277338027954,0.7879951000213623,0.387561023235321,-1.2927039861679075,0.9264822006225586,0.9730271100997924,1.013622760772705,1.0531834363937378,1.6256636381149292,0.264301061630249,-0.9706595540046692,1.2010008096694946,0.9333784580230712,1.4283254146575928,0.7552952170372009,1.5722160339355469,0.4156264960765838,1.2317054271697998,0.0477785170078277,-0.75848788022995,0.8107620477676392,-0.492566704750061,0.7645820379257202,2.8098504543304443,0.3461892604827881,-0.4489711821079254,-0.1026408225297927,0.7504940032958984
test_C6_00264,test_C6,C6,276,late,2,late,0.895248436408982,0.7225261330604553,0.0081955771893262,0.0057807834818959,0.9860236644744872,0.0139763355255126,0.0755869087483163,0,0.7548753023147583,1.220011591911316,-1.0633561611175537,-0.6367876529693604,-0.989259660243988,-0.8362264633178711,-0.956348478794098,-0.8860068917274475,0.8893516659736633,1.1425167322158811,0.4854336977005005,-0.38355153799057,0.6277567148208618,1.0195189714431765,-0.4230885803699493,0.7548389434814453,0.9624276161193848,0.806442379951477,0.8010550737380981,0.3378839790821075,-1.2977827787399292,0.9492860436439514,1.0135418176651,0.9857177138328552,0.7604068517684937,1.69741690158844,0.0271704643964767,-0.8725682497024536,1.4659366607666016,0.953596830368042,1.431402564048767,0.7298908829689026,1.6189926862716677,0.3746324181556701,1.0406084060668943,-0.0513155311346054,-0.8820971846580505,0.6973137855529785,-0.4925853312015533,0.6758913397789001,2.885872840881348,0.2987940609455108,-0.4564687013626098,-0.1730748564004898,0.6523621082305908
test_C6_00265,test_C6,C6,277,late,2,late,0.9019960282355176,0.7235239148139954,0.0081632351502776,0.0056959851644933,0.9861407279968262,0.0138592720031738,0.0750486499950545,0,0.8079790472984314,1.2174986600875854,-1.047346115112305,-0.6406581997871399,-1.0151865482330322,-0.7989662885665894,-0.956446886062622,-0.8860405087471008,1.0173550844192505,1.2604327201843262,0.5492467880249023,-0.483860582113266,0.8124797344207764,1.091652750968933,-0.4528616666793823,0.7254304885864258,0.893943727016449,0.8374695777893066,0.786648690700531,0.3822999894618988,-1.3028249740600586,1.1935639381408691,0.9745742678642272,0.973853349685669,0.1760476678609848,1.6380339860916138,-0.0870896056294441,-0.908728003501892,1.3982371091842651,0.9231380224227904,1.5711864233016968,0.6626330018043518,1.5955933332443235,0.4401838779449463,1.0392848253250122,-0.0679442659020423,-0.9521493315696716,0.7170706391334534,-0.7500273585319519,0.7042202949523926,2.7725274562835693,0.4413676559925079,-0.4692902863025665,-0.2882127463817596,0.6669422388076782
test_C6_00266,test_C6,C6,278,late,2,late,0.9087436200620532,0.7216888070106506,0.0083827227354049,0.0058598183095455,0.9857574701309204,0.0142425298690795,0.076770151610148,0,0.8247159123420715,1.1119520664215088,-1.0415748357772827,-0.6872657537460327,-1.0409269332885742,-0.6475926637649536,-1.0138887166976929,-0.8860739469528198,0.9403928518295288,1.144662618637085,0.5462326407432556,-0.6742563247680664,0.770903468132019,0.9888724088668824,-0.4564487040042877,0.7132660746574402,0.6866335272789001,0.8919071555137634,0.7754072546958923,0.3329900801181793,-1.307830810546875,1.1117618083953855,0.8629528880119324,0.8483165502548218,0.1442089080810547,1.2622759342193604,-0.2500490546226501,-0.9978526830673218,1.6592934131622314,0.894779622554779,1.5964337587356567,0.6822811365127563,1.4816499948501587,0.274189829826355,0.7824468016624451,-0.2250745594501495,-1.0973297357559204,0.5149611234664917,-1.2651091814041138,0.5673989653587341,2.312377452850342,0.4960653781890869,-0.4786801934242248,-0.5374818444252014,0.2583895027637481
test_C6_00267,test_C6,C6,279,late,2,late,0.9154912118885886,0.7138045430183411,0.0093267364427447,0.0063009532168507,0.98437237739563,0.0156276226043701,0.0828621911440451,0,0.8042635917663574,0.3312429785728454,-0.7203784584999084,-0.6436675786972046,-0.8707893490791321,-0.9980286955833436,-0.8837408423423767,-0.6926218271255493,0.0206304304301738,0.4188416004180908,0.7821274399757385,1.193873405456543,0.1486426591873169,0.5295658707618713,-0.6765422224998474,-0.1256548166275024,0.042148470878601,0.351932555437088,0.0330267585813999,0.483030617237091,-1.0279232263565063,0.3262935578823089,0.2411480695009231,1.156277775764465,-12.94981288909912,0.1468965709209442,0.9811574816703796,-0.9625918865203856,0.0029000032227486,-0.3806759417057037,1.508376121520996,0.1687247157096862,0.2136415839195251,1.0006659030914309,0.5692951679229736,0.4763871729373932,1.2847769260406494,1.3950481414794922,-1.5214022397994995,1.482734203338623,0.7283441424369812,0.4713720679283142,-0.3673684298992157,0.9726476669311525,0.427283376455307
test_C6_00268,test_C6,C6,280,late,2,late,0.9222388037151243,0.7212038040161133,0.0084585947915911,0.0060330587439239,0.985508382320404,0.0144916176795959,0.0779049248707605,0,0.7926258444786072,1.1211775541305542,-1.0092297792434692,-0.653473973274231,-1.0325099229812622,-0.6872760653495789,-0.9584935307502748,-0.8769592642784119,0.8791720271110535,1.2400801181793213,0.5588464736938477,-0.63478684425354,0.7586783170700073,1.1133477687835691,-0.4476747214794159,0.6664944291114807,0.7342990040779114,0.8102558255195618,0.7443317770957947,0.3401359617710113,-1.3177353143692017,1.1793982982635498,0.9828044176101683,0.9951986074447632,13.244091987609863,1.5098429918289185,-0.1703974157571792,-0.9804278016090392,1.5634689331054688,0.8505861759185791,1.4773073196411133,0.6912750005722046,1.5195591449737549,0.3371740877628326,0.9030298590660096,-0.2180419117212295,-1.041615605354309,0.6557695865631104,-1.2607513666152954,0.6322581768035889,2.636723518371582,0.5280638337135315,-0.4872234463691711,-0.4617734551429748,0.5731756091117859
test_C6_00269,test_C6,C6,281,late,2,late,0.9289863954575196,0.7178779244422913,0.0089185973629355,0.0062419632449746,0.9848394989967346,0.0151605010032653,0.0808514792107774,0,0.8091856837272644,1.114724040031433,-1.0046569108963013,-0.6731953024864197,-1.032570242881775,-0.7174279093742371,-0.9534229040145874,-0.8861726522445679,0.9110718369483948,1.3199518918991089,0.5919134020805359,-0.6082067489624023,0.8535759449005127,1.10334312915802,-0.4766533672809601,0.6651060581207275,0.7712065577507019,0.7957738637924194,0.7416892051696777,0.33139169216156,-1.3226345777511597,1.2279953956604004,0.9956303238868712,0.9785462617874146,0.4009186625480652,1.5038669109344482,-0.0048854579217731,-0.9981367588043212,1.495767593383789,0.843195378780365,1.570010542869568,0.748174250125885,1.5146827697753906,0.3741787374019623,1.0211396217346191,0.0469491519033908,-0.9978736639022828,0.6269398927688599,-1.5177630186080933,0.6567217111587524,2.6369690895080566,0.6174139380455017,-0.494804322719574,-0.3001623153686523,0.5418457984924316
test_C6_00270,test_C6,C6,282,late,2,late,0.9357339871999144,0.7195775508880615,0.0087119024246931,0.0062352940440177,0.985052764415741,0.014947235584259,0.0799335407843303,0,0.8706594705581665,1.0992982387542725,-0.99127459526062,-0.6661359667778015,-1.0326300859451294,-0.7131979465484619,-0.9476572871208192,-0.8862050771713257,1.059004306793213,1.3438024520874023,0.6383800506591797,-0.6418735384941101,0.9776777029037476,1.1269060373306274,-0.4292670786380768,0.6554295420646667,0.929124653339386,0.7878885269165039,0.7363154292106628,0.3490700125694275,-1.327499270439148,1.3092124462127686,1.0234827995300293,0.94482421875,0.3666203618049621,1.4837502241134644,0.0163067504763603,-0.9807401299476624,1.6638908386230469,0.8317133784294128,1.6508642435073853,0.7074641585350037,1.5008569955825806,0.3639200925827026,0.8777745962142944,-0.2669495046138763,-1.0298173427581787,0.5991486310958862,-0.997351348400116,0.6299735903739929,2.6244800090789795,0.6674262285232544,-0.5036745071411133,-0.4369548261165619,0.5084055066108704
test_C6_00271,test_C6,C6,283,late,2,late,0.9424815789423098,0.7140624523162842,0.0092918891459703,0.0068566584959626,0.9838514924049376,0.0161485075950622,0.0852476388104828,0,0.9073238372802734,1.1239233016967771,-0.9983726739883424,-0.6537507176399231,-1.0159133672714231,-0.7318813800811768,-0.936889111995697,-0.8862372636795044,1.1296141147613523,1.2594777345657349,0.662799060344696,-0.6905655264854431,1.027477145195007,1.2861206531524658,-0.4205713868141174,0.6705378890037537,0.9045819640159608,0.7775344252586365,0.7448671460151672,0.2878447473049164,-1.332329511642456,1.285664677619934,0.996012270450592,0.9222222566604614,0.7396917939186096,1.5778261423110962,-0.1948064714670181,-0.9721805453300476,1.9318987131118772,0.8483421206474304,1.6976889371871948,0.6768617033958435,1.5454691648483276,0.3150286674499511,0.8079324960708618,-0.4090376496315002,-1.1010968685150146,0.3949482142925262,-1.2559351921081543,0.5888596177101135,2.692593812942505,0.584319531917572,-0.5093235373497009,-0.5205784440040588,0.2935831844806671
test_C6_00272,test_C6,C6,284,late,2,late,0.949229170684705,0.7171517014503479,0.0088529027998447,0.0064291418530046,0.9847179055213928,0.0152820944786071,0.0814298320290186,0,0.8804677724838257,1.0817480087280271,-0.9896807670593262,-0.6731984615325928,-1.0327486991882324,-0.6980758905410767,-0.95045006275177,-0.8862692713737488,1.005300760269165,1.1694903373718262,0.6070813536643982,-0.8039325475692749,0.8164313435554504,1.1341923475265503,-0.4246133863925934,0.6626728177070618,0.7339328527450562,0.774447500705719,0.7380972504615784,0.2799320816993713,-1.3371256589889526,1.040831446647644,0.995063543319702,0.936991274356842,0.4384473860263824,1.4848133325576782,-0.4203316867351532,-1.0070983171463013,2.053845167160034,0.8350034952163696,1.655277967453003,0.675216019153595,1.4944730997085571,0.2032422572374344,0.7821784615516663,-0.4314751625061035,-1.2238870859146118,0.4103661179542541,-1.2543692588806152,0.5245791673660278,2.6222240924835205,0.5583667755126953,-0.5134886503219604,-0.438779205083847,0.2931000292301178
test_C6_00273,test_C6,C6,285,late,2,late,0.9559767624271,0.7151066660881042,0.0091582303866744,0.0067203897051513,0.9841214418411256,0.0158785581588745,0.0840622528964635,0,0.9067274332046508,1.1048285961151123,-0.9903656244277954,-0.6887996792793274,-1.0328073501586914,-0.7161662578582764,-0.9461212158203124,-0.8863010406494141,1.077513337135315,1.2702175378799438,0.6381463408470154,-0.6936235427856445,0.9303191900253296,1.1186590194702148,-0.4411263465881347,0.6760634183883667,0.7828646302223206,0.7838125824928284,0.7553151845932007,0.3113045394420624,-1.3418883085250854,1.2353955507278442,1.0173382759094238,0.9148291349411012,0.9284231066703796,1.505676031112671,-0.261214017868042,-1.0071592330932615,2.01936674118042,0.866489052772522,1.69068443775177,0.7181798219680786,1.5157318115234375,0.2765871882438659,0.8379958868026733,-0.3960636556148529,-1.171106457710266,0.337270438671112,-1.2528131008148191,0.5599338412284851,2.650413274765014,0.6532412767410278,-0.522046685218811,-0.1959803402423858,0.2263556122779846
test_C6_00274,test_C6,C6,286,late,2,late,0.9618936363706976,0.7161245346069336,0.0090395426377654,0.0065798489376902,0.9843806028366088,0.0156193971633911,0.0829170220837201,0,0.8931747078895569,1.088485598564148,-0.9951680302619934,-0.6618370413780212,-1.0328656435012815,-0.6929470896720886,-0.9477229714393616,-0.8863325715065002,1.042203664779663,1.2588528394699097,0.6265828013420105,-0.7805287837982178,0.9214389324188232,1.103879451751709,-0.4573394656181335,0.7006657123565674,0.7795965671539307,0.7973921298980713,0.7762485146522522,0.3031233251094818,-1.346617579460144,1.2420971393585205,1.013913869857788,0.9417945146560668,1.1784478425979614,1.530112385749817,-0.3316234648227691,-0.9899743795394896,2.2682554721832275,0.9056208729743958,1.6596300601959229,0.700560450553894,1.5571883916854858,0.5014108419418335,0.8353868722915649,-0.6619065999984741,-1.2470884323120115,0.234358936548233,-1.772009253501892,0.8006439805030823,2.7113265991210938,0.6377732157707214,-0.5269666314125061,-0.2374054789543151,0.1360225677490234
test_C6_00275,test_C6,C6,287,late,2,late,0.9669797925154976,0.7125243544578552,0.0094775129109621,0.0070126373320817,0.9835098385810852,0.0164901614189147,0.0867372160625579,0,0.9386121034622192,1.0720199346542358,-1.0002089738845823,-0.6790573000907898,-1.032923460006714,-0.6590462923049927,-0.942227065563202,-0.8863638639450073,1.1241037845611572,1.36222505569458,0.6707494854927063,-0.821861743927002,1.019202470779419,1.1252676248550415,-0.473251610994339,0.704809844493866,0.9311721920967102,0.7971125841140747,0.7783557772636414,0.3729596436023712,-1.3374669551849363,1.354455590248108,1.0305057764053345,0.9175813794136048,0.7592336535453796,1.5089411735534668,-0.2430134564638137,-1.007279872894287,2.1325576305389404,0.90993332862854,1.7387628555297852,0.7164759039878845,1.556388020515442,0.4104828238487243,0.9192000031471252,-0.382335215806961,-1.334586501121521,0.3263316452503204,-1.7686513662338257,0.7900068163871765,2.717843770980835,0.7573571801185608,-0.5277608633041382,0.4268543422222137,0.2633835971355438
test_C6_00276,test_C6,C6,288,late,2,late,0.9712352308615,0.7172452807426453,0.009000539779663,0.0064162793569266,0.9845832586288452,0.0154167413711547,0.0820028407804121,0,1.1889153718948364,1.0838028192520142,-1.0000100135803225,-0.6477167010307312,-1.0000108480453491,-0.6650985479354858,-0.9184627532958984,-0.8863949775695801,1.7425034046173096,1.7841721773147583,0.8901592493057251,-0.6122165322303772,1.6494174003601074,1.576166749000549,-0.6004572510719299,0.7136011123657227,1.336982488632202,0.8073030114173889,0.7892345786094666,0.5060577988624573,-1.3559775352478027,1.8575431108474727,1.0554120540618896,0.9062904119491576,0.941100776195526,1.5625356435775757,0.5680001974105835,-0.973088264465332,1.733611226081848,0.9291735887527466,1.8502228260040283,0.6869935393333435,1.5966652631759644,0.5214589834213257,0.758397102355957,0.0077158492058515,-1.2508864402770996,0.4641028940677643,-2.54545259475708,0.8844119310379028,2.7689433097839355,1.15446674823761,-0.5350124835968018,2.180292844772339,0.475036084651947
test_C6_00277,test_C6,C6,289,late,2,late,0.9746599514087048,0.7178816199302673,0.0088584870100021,0.0063111060298979,0.984830379486084,0.015169620513916,0.0809121696349148,0,1.361888408660889,0.7669280767440796,-1.0302566289901731,-0.7948246598243713,-0.9919679164886476,-1.8569163084030151,-0.9118565917015076,-0.8864258527755737,1.4864712953567505,1.559565544128418,1.206012487411499,0.3832069337368011,1.6878098249435425,1.6022037267684937,-0.3292688131332397,0.4487531781196594,1.3405414819717407,0.526204526424408,0.5168212652206421,0.5848482251167297,-1.2093478441238403,1.8909848928451536,0.8510008454322815,0.9422248601913452,-4.599902629852295,1.0439249277114868,1.4433698654174805,-1.0073987245559692,0.8016491532325745,0.4945187866687774,1.9172276258468628,0.686968982219696,0.6318490505218506,1.2019885778427124,1.0589778423309326,0.2456220686435699,0.1352679580450058,1.6747957468032837,2.662371635437012,1.5587713718414309,2.2947049140930176,1.3917832374572754,-0.4763389229774475,-0.0303724966943264,1.2095063924789429
test_C6_00278,test_C6,C6,290,late,2,late,0.9772539541571122,0.7199472784996033,0.0086228903383016,0.006051777396351,0.9853253960609436,0.0146746039390563,0.0787017944122258,0,1.335539698600769,0.8365074992179871,-1.0005558729171753,-0.784386157989502,-1.0412802696228027,-1.656646966934204,-0.9596635699272156,-0.8775924444198608,1.4057451486587524,1.4244221448898315,1.065294623374939,-0.0820864737033844,1.4014497995376587,1.3867466449737549,-0.384043425321579,0.4531516134738922,1.2062281370162964,0.517002284526825,0.5396983027458191,0.290260374546051,-1.2829868793487549,1.602077841758728,0.7219859957695007,0.9565721154212952,0.513042688369751,0.976980686187744,0.677307665348053,-0.9989538788795472,1.3191165924072266,0.5313413143157959,1.8967037200927732,0.5612258911132812,0.7904527187347412,0.6031437516212463,0.8688504099845886,-0.0314765572547912,-0.3640620410442352,1.144560694694519,-0.9842846989631652,1.0120867490768433,2.178058385848999,1.225613355636597,-0.5135778784751892,-0.2775619029998779,0.6991223096847534
test_C6_00279,test_C6,C6,291,late,2,late,0.9790172391067218,0.7208319306373596,0.0084721529856324,0.0059394910931587,0.985588312149048,0.0144116878509521,0.0775290294479573,0,1.3868180513381958,0.8277208805084229,-0.9801258444786072,-0.7607004046440125,-1.0331507921218872,-1.5852727890014648,-0.943929135799408,-0.8688197135925293,1.44090473651886,1.5573209524154663,1.1285418272018433,-0.0680711045861244,1.4893710613250732,1.5760202407836914,-0.4502107799053192,0.4231428205966949,1.308651089668274,0.4862145185470581,0.5246934294700623,0.3337948620319366,-1.315150260925293,1.650675654411316,0.669617235660553,0.985112965106964,0.1388625800609588,1.0054965019226074,0.9681495428085328,-0.9905669689178468,1.2414612770080566,0.5068233609199524,1.930550456047058,0.5886862874031067,0.7950440645217896,0.7545695304870605,0.9051470160484314,0.1730234026908874,-0.3758269548416137,1.0931602716445925,-1.2437418699264526,1.059741497039795,2.198128700256348,1.4101800918579102,-0.5206418633460999,0.2199814468622207,0.6572706699371338
test_C6_00280,test_C6,C6,292,late,2,late,0.979949806257534,0.7222868204116821,0.0083625884726643,0.0057595451362431,0.9858778715133668,0.0141221284866333,0.076214185549095,0,1.342703342437744,0.8417280316352844,-0.9842138290405272,-0.7612069249153137,-1.0413362979888916,-1.5055851936340332,-0.9467118978500366,-0.8865172266960144,1.3220199346542358,1.496557593345642,1.1318238973617554,-0.0842807739973068,1.478767991065979,1.4731186628341677,-0.4414677321910858,0.4447935223579407,1.1508978605270386,0.5125570893287659,0.5390974283218384,0.3382541537284851,-1.319873929023743,1.7728434801101685,0.7386813163757324,0.990004301071167,0.7372407913208008,0.9922616481781006,1.0709526538848877,-0.9906830787658693,1.2599865198135376,0.5343742370605469,1.888503909111023,0.6872754096984863,0.8411388993263245,0.804477334022522,0.974816083908081,0.1070441156625747,-0.3402281999588012,0.9218823313713074,-0.9815337657928468,1.1025631427764893,2.168659448623657,1.380076885223389,-0.5271102786064148,0.0949497446417808,0.5066925287246704
test_C6_00281,test_C6,C6,293,late,2,late,0.980882373408346,0.723466694355011,0.0081825861707329,0.0056290854699909,0.9861882328987122,0.0138117671012878,0.0748189025932773,0,1.3706717491149902,0.8199331164360046,-0.9759646654129028,-0.7281091809272766,-1.025160312652588,-1.4836310148239136,-0.9340639710426332,-0.886547327041626,1.329858660697937,1.472075581550598,1.163907170295715,-0.0923595950007438,1.506000280380249,1.516793131828308,-0.4451399743556976,0.4290677607059479,1.1449236869812012,0.5018107295036316,0.5285738110542297,0.3553967475891113,-1.3652552366256714,1.7574492692947388,0.7111679911613464,1.0229923725128174,0.316590279340744,1.0071595907211304,1.1261409521102903,-0.9739649891853333,1.3793798685073853,0.5193521976470947,1.9221476316452024,0.7077057361602783,0.8676295280456543,0.8042544722557068,1.0365551710128784,-0.0307820718735456,-0.2549784779548645,0.8987427353858948,-0.7194142937660217,1.143352746963501,2.1866042613983154,1.3678566217422483,-0.5337410569190979,0.0695775747299194,0.5083330273628235
test_C6_00282,test_C6,C6,294,late,2,late,0.9818149405591582,0.7245869636535645,0.0080953715369105,0.0055157640017569,0.986388862133026,0.0136111378669738,0.0739040634543295,0,1.4092261791229248,0.8502174019813538,-0.9665592908859252,-0.7358078956604004,-1.0413916110992432,-1.430898666381836,-0.9359211325645448,-0.8865771293640137,1.399768948554993,1.5322140455245972,1.191116452217102,-0.2407256364822387,1.576246976852417,1.54629385471344,-0.4487514495849609,0.4284052848815918,1.180370569229126,0.5183489322662354,0.5410120487213135,0.30865278840065,-1.383293390274048,1.728586196899414,0.7929601669311523,0.9873390793800354,0.7118924856185913,1.0631428956985474,1.1254066228866575,-0.974136769771576,1.3883737325668335,0.5432268977165222,1.9448271989822388,0.7375202178955078,0.9369344711303712,0.7326659560203552,0.9878698587417604,0.09628926217556,-0.4144311249256134,0.7866597175598145,-1.5037182569503784,1.0426875352859497,2.221703052520752,1.423569917678833,-0.545678436756134,0.697715699672699,0.4384270310401916
test_C6_00283,test_C6,C6,295,late,2,late,0.9827475077099702,0.726219117641449,0.0079501271247863,0.0053834249265491,0.9866663813591005,0.0133336186408996,0.0726417107704436,0,1.2935041189193726,0.8457956910133362,-0.9628645777702332,-0.7295439839363098,-1.0333720445632937,-1.4129563570022583,-0.9286832809448242,-0.886606752872467,1.1207619905471802,1.388978123664856,1.1018725633621216,-0.3021694719791412,1.315032720565796,1.3531486988067627,-0.3913539946079254,0.4217567145824432,1.037502408027649,0.5199422240257263,0.5356680750846863,0.2880553007125854,-1.3877379894256592,1.5247739553451538,0.7971500158309937,1.0110795497894287,0.3066907823085785,1.0463382005691528,1.0021978616714478,-0.9659477472305298,1.55478036403656,0.5361798405647278,1.838966727256775,0.7166081070899963,0.942075490951538,0.799963653087616,0.8462803959846497,-0.1578061580657959,-0.4449098110198974,0.7196599245071411,-0.715882420539856,1.1328283548355105,2.195105791091919,1.3082051277160645,-0.552222490310669,0.1300017386674881,0.3688962757587433
test_C6_00284,test_C6,C6,296,late,2,late,0.9836800748607823,0.7263782620429993,0.0079625528305768,0.0053143734112381,0.986723005771637,0.013276994228363,0.0723682952894373,0,1.3095614910125732,0.8486343026161194,-0.9455001950263976,-0.7197564840316772,-1.0414462089538574,-1.38769268989563,-0.9388493299484252,-0.8779518008232117,1.1035908460617063,1.2922192811965942,1.107585906982422,-0.3410160839557647,1.2670873403549194,1.4315534830093384,-0.432233601808548,0.3990705907344818,1.0617934465408323,0.5244948863983154,0.5234328508377075,0.3311437964439392,-1.3921526670455933,1.484306573867798,0.8025124669075012,0.9856248497962952,0.1004324108362197,1.0171269178390503,0.8188087344169617,-0.9578140377998352,1.695381999015808,0.5165839195251465,1.85111141204834,0.7449460625648499,0.9255620837211608,0.5963088274002075,1.032631516456604,-0.3118906319141388,-0.7806833386421204,0.730660080909729,-1.764369010925293,1.0365352630615234,2.1794090270996094,1.2611993551254272,-0.5637379884719849,-0.2471844106912613,0.3758794367313385
test_C6_00285,test_C6,C6,297,late,2,late,0.9846126420115944,0.7266040444374084,0.0079294573515653,0.0052647213451564,0.9868059158325196,0.0131940841674804,0.0719865878548467,0,1.3113901615142822,0.8091263175010681,-0.9249107241630554,-0.6966459155082703,-1.0254876613616943,-1.3337186574935913,-0.9157493710517884,-0.8693550825119019,0.9997986555099488,1.224204659461975,1.1096924543380735,-0.2674356698989868,1.1327834129333496,1.320002555847168,-0.3753706216812134,0.342242956161499,1.0822643041610718,0.472596675157547,0.4735408723354339,0.2597742974758148,-1.3965375423431396,1.4161804914474487,0.6907870173454285,0.9632208943367004,-0.8195679187774658,0.9217604994773864,1.034326672554016,-0.941431760787964,1.5034964084625244,0.4311752915382385,1.8525474071502688,0.6951220035552979,0.8631117343902588,0.6081721782684326,1.1354031562805176,-0.2664074301719665,-0.734717845916748,0.8433701992034912,-0.7114253640174866,1.1351805925369265,2.036144495010376,1.2858752012252808,-0.5680944323539734,-0.2942220568656921,0.4622849524021148
test_C6_00286,test_C6,C6,298,late,2,late,0.9855452091624064,0.7262866497039795,0.0079606361687183,0.0052390075288712,0.9868003129959106,0.0131996870040893,0.0720010127662491,0,1.3070892095565796,0.760748028755188,-0.9095606207847596,-0.7134340405464172,-1.0414999723434448,-1.2722865343093872,-0.9305152297019958,-0.8521899580955505,0.9260333776474,1.1228129863739014,1.09377121925354,-0.1054047271609306,1.0169906616210938,1.2392947673797607,-0.4888514876365661,0.3060174584388733,1.060437798500061,0.4581814706325531,0.440825343132019,0.3787272870540619,-1.400892972946167,1.2885777950286863,0.6773549318313599,0.9827386736869812,-0.3163632154464721,0.8087418079376221,0.8575369119644165,-0.9582613706588744,1.3354711532592771,0.3773253560066223,1.822200417518616,0.7784333825111389,0.7988348007202148,0.7163646221160889,1.418143391609192,-0.0775747373700141,-0.6003935933113098,0.9398440718650818,-1.2371501922607422,1.118025302886963,1.9381022453308103,1.2671369314193726,-0.5731062889099121,0.0295878928154706,0.5292803049087524
test_C6_00287,test_C6,C6,299,late,2,late,0.9864777763132186,0.7251976728439331,0.0080681536346673,0.0052395537495613,0.9866923689842224,0.0133076310157775,0.0724745526998055,0,1.306481957435608,0.6695703268051147,-0.876081645488739,-0.6832250356674194,-1.0256481170654297,-1.2019097805023191,-0.9084789752960204,-0.8179450035095215,0.784542977809906,1.018425226211548,1.131624698638916,-0.2434695810079574,0.9111186861991882,1.3160051107406616,-0.286571592092514,0.2195613980293274,0.8843823075294495,0.373503714799881,0.3636546432971954,0.2189446985721588,-1.3919280767440796,1.0990663766860962,0.5477780699729919,0.962821125984192,-1.536870360374451,0.7025730609893799,0.8948845267295837,-0.9254915714263916,1.2944658994674685,0.2492869943380355,1.823723554611206,0.8571606278419495,0.6721242666244507,0.6108054518699646,1.173594951629639,-0.050192691385746,-0.4281153082847595,0.891409695148468,-1.4988999366760254,0.984333872795105,1.788259983062744,1.286080837249756,-0.5729506611824036,-0.2774365246295929,0.3888739347457886
test_C6_00288,test_C6,C6,300,late,2,late,0.9874103434640308,0.7242662310600281,0.0081806629896163,0.0052913469262421,0.986527979373932,0.0134720206260681,0.073212854523889,0,1.1663347482681274,0.5663797855377197,-0.863176703453064,-0.741154134273529,-0.9624248743057252,-1.5501668453216553,-0.8745692372322083,-0.8096343278884888,0.4319030344486236,0.7445456385612488,0.9690277576446532,-0.0570058375597,0.4876908659934997,0.6320585608482361,-0.3887965679168701,0.1588360518217086,0.4812167286872864,0.4521908164024353,0.280913770198822,0.1871435195207595,-1.1710742712020874,0.6615762710571289,0.5283879637718201,0.9036267399787904,-1.3059535026550293,0.6103949546813965,0.5145491361618042,-1.0080245733261108,1.153497576713562,0.0906607508659362,1.7305517196655271,0.3972856998443603,0.4659562706947326,0.5670868158340454,0.6049776077270508,-0.1200693473219871,-0.1404908299446106,1.1267250776290894,-2.0229640007019043,0.9412344098091124,1.5083857774734497,1.0097248554229736,-0.5047271847724915,-0.328846663236618,0.4688615500926971
test_C6_00289,test_C6,C6,301,late,2,late,0.9883429106148428,0.724574089050293,0.0081290192902088,0.0052926461212337,0.9865782856941224,0.0134217143058776,0.0729936324923499,0,1.570569396018982,0.6394554376602173,-0.8506560921669006,-0.6967818737030029,-1.0415793657302856,-1.2039910554885864,-0.9305843114852904,-0.8013788461685181,1.1417768001556396,1.174774408340454,1.3599745035171509,-0.0752022564411163,1.27534019947052,1.3300727605819702,-0.4052260518074035,0.1550173610448837,1.0078718662261963,0.332193911075592,0.3177189230918884,0.2813446521759033,-1.4137855768203735,1.3048317432403564,0.5195267796516418,0.7773143649101257,0.6724745035171509,0.5740008354187012,2.033166646957397,-0.9425352215766908,1.001989245414734,0.1743718385696411,2.0049943923950195,0.5492901802062988,0.6036028861999512,0.661681592464447,1.0376358032226562,0.3435099422931671,-0.3495655059814453,0.877998948097229,-1.228456974029541,1.095317006111145,1.650292992591858,1.593883037567139,-0.5930729508399963,0.0064000240527093,0.3215518295764923
test_C6_00290,test_C6,C6,302,late,2,late,0.9892754777656552,0.7233025431632996,0.0082518085837364,0.0053379782475531,0.9864102005958556,0.0135897994041442,0.0737446502115342,0,1.5184181928634644,0.5600607395172119,-0.8393803238868713,-0.7032501697540283,-1.033745050430298,-1.1276633739471436,-0.9120638370513916,-0.7931780219078064,0.9563759565353394,1.086439847946167,1.332536697387695,-0.0213809069246053,1.0946213006973269,1.156381368637085,-0.361432820558548,0.1252788603305816,0.8762553930282593,0.2836752831935882,0.2872295975685119,0.2614627778530121,-1.4180262088775637,1.2320833206176758,0.4704287946224212,0.7842251658439636,-0.5294819474220276,0.4992102086544037,1.998249173164368,-0.9754699468612672,0.9894068837165833,0.1264511942863464,1.984995484352112,0.4288649260997772,0.5299757719039917,0.7147485017776489,0.8018790483474731,0.4233231544494629,-0.282085120677948,0.8727603554725647,-1.4910322427749634,1.1250852346420288,1.5676100254058838,1.5948675870895386,-0.5970619916915894,-0.0158226769417524,0.2640374898910522
test_C6_00291,test_C6,C6,303,late,2,late,0.9902080449164672,0.7231982350349426,0.0082640452310442,0.0053590042516589,0.9863770604133606,0.0136229395866394,0.0738976682068201,0,1.5457420349121094,0.5314440727233887,-0.8261650204658508,-0.7033416032791138,-1.033797025680542,-1.071784734725952,-0.9100764393806458,-0.7765474915504456,0.949225664138794,0.965195894241333,1.34614360332489,-0.0599218197166919,1.0574142932891846,1.2322345972061155,-0.402107685804367,0.1090480908751487,0.7805522680282593,0.270260602235794,0.2770078480243683,0.2668770551681518,-1.422238826751709,1.1378729343414309,0.4241824448108673,0.7686117887496948,-0.058026298880577,0.4862144291400909,1.9396404027938845,-0.9837705492973328,1.1024773120880127,0.1115235611796379,1.9963775873184204,0.3275063931941986,0.5236307978630066,0.6487261652946472,0.6751430034637451,0.3363527953624725,-0.3071768879890442,0.639321506023407,-1.7529510259628296,1.0775364637374878,1.5260108709335327,1.4855693578720093,-0.6074534058570862,-0.0293982997536659,0.0201518610119819
test_C6_00292,test_C6,C6,304,late,2,late,0.9911406120672792,0.7223459482192993,0.0083380714058876,0.0054260329343378,0.9862359166145324,0.0137640833854675,0.0745374777938102,0,1.407513976097107,0.5422036051750183,-0.8195198774337769,-0.68002849817276,-1.0260398387908936,-1.114374041557312,-0.902093231678009,-0.8023058772087097,0.7190993428230286,0.7272523641586304,1.2054152488708496,-0.3284043371677398,0.7813725471496582,1.0534749031066897,-0.2988253831863403,0.0956043899059295,0.7897877097129822,0.2507323324680328,0.2718624472618103,0.2223120033740997,-1.4264237880706787,1.0461074113845823,0.4567805528640747,0.6228559017181396,0.1149084642529487,0.5086802840232849,1.51191508769989,-0.9190073013305664,1.2285157442092896,0.1064663305878639,1.9246280193328855,0.3693791031837463,0.5225393772125244,0.5252861380577087,0.7012930512428284,0.2535624206066131,-0.5943372845649719,0.7098555564880371,-1.221072793006897,0.947177529335022,1.5916924476623535,1.1748273372650146,-0.6160973310470581,0.3221161663532257,0.0993383303284645
test_C6_00293,test_C6,C6,305,late,2,late,0.9920731792180912,0.7228519320487976,0.0082908337935805,0.0054059028625488,0.9863032698631288,0.0136967301368713,0.074236765524654,0,1.4564789533615112,0.5247841477394104,-0.8303726315498352,-0.689272940158844,-1.0027673244476318,-1.0805472135543823,-0.8867530822753906,-0.8447516560554504,0.7828755378723145,0.8332040905952454,1.2522258758544922,-0.2943897247314453,0.8541796803474426,1.0189608335494995,-0.3521010875701904,0.1139600351452827,0.750861406326294,0.2521138787269592,0.2822881937026977,0.2406630963087082,-1.4305813312530518,1.1376919746398926,0.4001529812812805,0.6441956162452698,0.6276274919509888,0.5191818475723267,1.480967998504639,-0.9678663611412048,1.3384848833084106,0.1303329914808273,1.9361333847045896,0.2706851065158844,0.52755206823349,0.5872877836227417,0.5711421370506287,0.2726163864135742,-0.6228594779968262,0.632944643497467,-1.4845733642578125,1.0208139419555664,1.5983145236968994,1.3257402181625366,-0.6229314804077148,1.1930859088897705,0.0258022602647542
test_C6_00294,test_C6,C6,306,late,2,late,0.9930057463689036,0.7220061421394348,0.0083743799477815,0.0054665990173816,0.9861590266227722,0.0138409733772277,0.0748871343909359,0,1.5388808250427246,0.4728126227855682,-0.8183489441871643,-0.664753794670105,-0.9951622486114502,-0.998056709766388,-0.8806689381599426,-0.8365163207054138,0.8603746891021729,0.9467697739601136,1.3722376823425293,-0.254119724035263,1.0106124877929688,1.1798688173294067,-0.2974785268306732,0.0867356956005096,0.7845648527145386,0.2283582240343094,0.2659686505794525,0.1343385875225067,-1.4347115755081177,1.1712952852249146,0.388182520866394,0.6324695944786072,-0.1185469701886177,0.4743390083312988,1.3466336727142334,-0.8955191969871521,1.374337077140808,0.1068069115281105,1.9888206720352173,0.1679463982582092,0.5176147818565369,0.6765381693840027,0.3822985589504242,0.1216315031051635,-0.513736367225647,0.6186003684997559,-1.2172966003417969,1.159599542617798,1.5553570985794067,1.5241020917892456,-0.6317993402481079,1.0814285278320312,0.010086191818118
test_C6_00295,test_C6,C6,307,late,2,late,0.9939383135197154,0.7220006585121155,0.0083778053522109,0.0054737194441258,0.986148476600647,0.013851523399353,0.0749356718102623,0,1.4831233024597168,0.4672582149505615,-0.8175150752067566,-0.6551547050476074,-1.0108039379119873,-0.977666676044464,-0.8803026676177979,-0.8702008724212646,0.754711389541626,0.9291169047355652,1.3177902698516846,-0.3197722733020782,0.8825895190238953,1.063170313835144,-0.2554897964000702,0.0956373140215873,0.6615877747535706,0.23393614590168,0.2750480771064758,0.1412192583084106,-1.438814997673035,1.1013489961624146,0.381007969379425,0.6543996930122375,0.5812995433807373,0.4809466600418091,1.1659876108169556,-0.879873514175415,1.575550198554993,0.12711963057518,1.948638677597046,0.1402359753847122,0.5133963823318481,0.6492903232574463,0.3339020013809204,0.0389810465276241,-0.5364546775817871,0.4958055913448334,-1.7468098402023315,1.1252162456512451,1.585741400718689,1.5260744094848633,-0.6377775073051453,0.8568596839904785,-0.1169540137052536
test_C6_00296,test_C6,C6,308,late,2,late,0.9948708806705276,0.7212540507316589,0.0084431255236268,0.0055161896161735,0.9860407114028932,0.0139592885971069,0.0754195540051674,0,1.5916882753372192,0.4159418642520904,-0.8092818856239319,-0.6491755843162537,-1.003222107887268,-0.9642608165740968,-0.8718738555908203,-0.8786284923553467,0.8334378004074097,0.8405371308326721,1.4278182983398438,-0.2111951857805252,0.9664550423622132,1.0654484033584597,-0.261557012796402,0.0630694329738617,0.647079586982727,0.2050306648015976,0.2440756410360336,0.1107603535056114,-1.429988980293274,1.0441343784332275,0.347845196723938,0.6875160932540894,-0.4140021204948425,0.4183140695095062,1.3743003606796265,-0.8723361492156982,1.5267935991287231,0.0801404491066932,2.021437883377075,0.0851471275091171,0.4539883136749267,0.684264063835144,0.1646409481763839,0.2141375839710235,-0.3660688698291778,0.4331876933574676,-1.7437840700149536,1.1952500343322754,1.513092041015625,1.4872961044311523,-0.6369132399559021,1.5207911729812622,-0.2131620347499847
test_C6_00297,test_C6,C6,309,late,2,late,0.9958034478213396,0.7216882109642029,0.0084149036556482,0.0054697110317647,0.9861154556274414,0.0138845443725585,0.0750775947632094,0,1.5224045515060425,0.4325533509254455,-0.8132495880126953,-0.6454277634620667,-1.0110541582107544,-0.9774255752563475,-0.869295060634613,-0.8870015740394592,0.7065632939338684,0.7099398970603943,1.3508416414260864,-0.2975222170352936,0.8022648692131042,1.0416501760482788,-0.2319773286581039,0.0707715153694152,0.6387313008308411,0.1915532499551773,0.2466093897819519,0.1178889572620391,-1.4212201833724976,1.0213679075241089,0.2943553328514099,0.6326029300689697,0.3483947813510895,0.4567716419696808,1.3222512006759644,-0.872828483581543,1.5751217603683472,0.0890224650502204,1.960982203483581,0.03523875400424,0.4820846915245056,0.6053365468978882,0.2108425498008728,0.067278154194355,-0.3933066725730896,0.425917387008667,-1.4750114679336548,1.1178609132766724,1.5524389743804932,1.2921912670135498,-0.6366021037101746,0.9006040096282959,-0.200391948223114
test_C6_00298,test_C6,C6,310,late,2,late,0.996736014972152,0.7211099863052368,0.0084760775789618,0.0054926979355514,0.986031174659729,0.0139688253402709,0.0754514013883107,0,1.52579927444458,0.3833366930484772,-0.818474531173706,-0.6294206976890564,-0.9652326703071594,-0.9028251767158508,-0.8575600981712341,-0.8870283961296082,0.6038694977760315,0.7231433391571045,1.3902556896209717,-0.2598775625228882,0.7145993709564209,0.7797741889953613,-0.179056629538536,0.0531485527753829,0.6663151383399963,0.1689299792051315,0.2183919101953506,0.0381348617374897,-1.3996883630752563,0.8971676230430603,0.3270620107650757,0.6913326382637024,-0.3539581000804901,0.3979286551475525,0.9752784967422484,-0.8414971232414246,1.503059983253479,0.0484205819666385,1.9620035886764529,-0.0333097539842128,0.4440461099147796,0.7254300117492676,0.1196438744664192,-0.0468618161976337,-0.1792560070753097,0.7827922701835632,-1.472967505455017,1.1091430187225342,1.5019901990890503,1.3921949863433838,-0.6281609535217285,1.0013680458068848,0.151119127869606
test_C6_00299,test_C6,C6,311,late,2,late,0.9976685821229638,0.7194292545318604,0.0086715379729866,0.0055588106624782,0.9857696294784546,0.0142303705215454,0.0766075373526927,0,1.2098826169967651,0.3339632749557495,-0.7531962990760803,-0.709657609462738,-0.9502376317977904,-1.357957124710083,-0.8473901152610779,-0.7713372111320496,0.1196899116039276,0.4128006398677826,0.9870138764381408,-0.1114476770162582,0.1074388921260833,0.3808299005031585,-0.2569468915462494,-0.0648422315716743,0.1102418228983879,0.3965716958045959,0.0937139689922332,0.1079292297363281,-1.1099514961242676,0.2700880765914917,0.283365249633789,0.7477414608001709,-2.49200177192688,0.1981974989175796,0.2671211361885071,-1.0086060762405396,1.184170842170715,-0.1919298768043518,1.6890108585357666,0.2091883867979049,0.2235111594200134,0.3620269298553467,0.3905786573886871,-0.0198278855532407,-0.332604706287384,0.9366416335105896,-1.4709364175796509,0.786169171333313,0.8879507184028625,0.9999898076057434,-0.5236805081367493,-0.3300186097621918,0.1029224917292594
test_C6_00300,test_C6,C6,312,late,2,late,0.998601149273776,0.720753014087677,0.0085376165807247,0.0054786899127066,0.985983669757843,0.0140163302421569,0.0756514105500787,0,1.596086859703064,0.3308457434177398,-0.809737503528595,-0.6117684245109558,-0.8972963094711304,-0.8713759779930115,-0.8199136853218079,-0.8870815634727478,0.6327255368232727,0.6429049372673035,1.4435703754425049,-0.2426442205905914,0.7131716012954712,0.8419424295425415,-0.1329871118068695,0.0153238084167242,0.6614429354667664,0.1382434368133545,0.1844764947891235,0.0160580463707447,-1.3825136423110962,0.8467563390731812,0.2161400318145752,0.7241333723068237,2.2170681953430176,0.3614521026611328,1.3215272426605225,-0.8268616795539856,1.370136857032776,0.0026190634816884,2.024722099304199,-0.1337572187185287,0.3982940316200256,0.6281490325927734,0.0137299327179789,0.1550657451152801,-0.2811869084835052,0.718272864818573,-1.735600471496582,0.9917805194854736,1.4619144201278689,1.3352230787277222,-0.6270422339439392,0.9708166122436525,0.0634481236338615
test_C6_00301,test_C6,C6,313,late,2,late,0.999067432849182,0.7187787294387817,0.0087485779076814,0.0055718785151839,0.985679566860199,0.014320433139801,0.0770006924837795,0,1.620025873184204,0.3213956654071808,-0.7992796897888184,-0.5975437164306641,-0.8750299215316772,-0.8612506985664368,-0.8101493120193481,-0.8788951635360718,0.6105108261108398,0.6170399785041809,1.455910086631775,-0.2241479307413101,0.6774924397468567,0.8863213658332825,-0.1285013556480407,-0.017973830923438,0.5402410626411438,0.1223139017820358,0.1596627086400985,-0.0130487624555826,-1.4120982885360718,0.790164589881897,0.2046761363744735,0.8023855686187744,-0.0870799869298935,0.3652352392673492,1.1753246784210205,-0.8196141123771667,1.545485496520996,-0.033922366797924,2.0255300998687744,-0.1730387359857559,0.3783718049526214,0.5839849710464478,-0.1351004987955093,0.0335692167282104,-0.2386263608932495,0.6432524919509888,-1.4657611846923828,0.9190657138824464,1.4367835521697998,1.3145911693572998,-0.631220817565918,0.8996744155883789,-0.0253818705677986
test_C6_00302,test_C6,C6,314,late,2,late,0.9995337164245882,0.718859076499939,0.008748116903007,0.0055684209801256,0.9856835007667542,0.0143164992332458,0.0769824019402664,0,1.654982566833496,0.3313681185245514,-0.795208752155304,-0.5905222296714783,-0.8680254220962524,-0.8237499594688416,-0.8046754002571106,-0.8871340751647949,0.6659031510353088,0.5533894896507263,1.4731228351593018,-0.1918139010667801,0.7206342220306396,0.8928460478782654,-0.1594945937395095,-0.0161615218967199,0.5050645470619202,0.1162775307893753,0.1720879077911377,0.0199869908392429,-1.4541507959365845,0.7791069746017456,0.1557429879903793,0.859733521938324,0.5935142636299133,0.3858272433280945,1.0595099925994873,-0.8124127388000488,1.6782760620117188,-0.0084589291363954,2.036384344100952,-0.1694689989089965,0.4089634120464325,0.634201169013977,-0.1486817151308059,-0.0707988962531089,-0.2430260628461837,0.496255874633789,-1.7309820652008057,0.9433146119117736,1.454350829124451,1.209548830986023,-0.6411705017089844,1.2409250736236572,-0.1536904275417328
test_C6_00303,test_C6,C6,315,late,2,late,0.999999999999994,0.7168352007865906,0.0089856358245015,0.0057178414426743,0.9852964282035828,0.0147035717964172,0.0787031779016128,0,1.6079996824264526,0.3696213960647583,-0.7735393047332764,-0.5234958529472351,-0.8459933996200562,-0.8161731362342834,-0.7786582708358765,-0.8626782298088074,0.6118427515029907,0.6458724737167358,1.39970862865448,-0.2099266648292541,0.6156858801841736,0.956453502178192,-0.1429963856935501,-0.0338099300861358,0.4057357609272003,0.0949026569724083,0.1808930486440658,-0.0090911835432052,-1.4707043170928955,0.677781343460083,0.159637376666069,0.7185274958610535,0.2713781297206878,0.4280985891819,1.0120668411254885,-0.7895993590354919,1.7890863418579102,0.0074064275249838,2.007091522216797,-0.2299457788467407,0.4655804336071014,0.7311018705368042,-0.2922187447547912,-0.1778311878442764,-0.1391659080982208,0.4359022676944732,-1.72808575630188,1.057787537574768,1.523014783859253,1.305219650268555,-0.6642010807991028,1.6349791288375854,-0.1782291680574417
